[0.000000] (-) TimerEvent: {}
[0.000740] (px4_msgs) JobQueued: {'identifier': 'px4_msgs', 'dependencies': OrderedDict()}
[0.000920] (ros2_project) JobQueued: {'identifier': 'ros2_project', 'dependencies': OrderedDict({'px4_msgs': '/home/harsh/ros2_project/install/px4_msgs'})}
[0.000965] (px4_msgs) JobStarted: {'identifier': 'px4_msgs'}
[0.009672] (px4_msgs) JobProgress: {'identifier': 'px4_msgs', 'progress': 'cmake'}
[0.010179] (px4_msgs) JobProgress: {'identifier': 'px4_msgs', 'progress': 'build'}
[0.010695] (px4_msgs) Command: {'cmd': ['/usr/bin/cmake', '--build', '/home/harsh/ros2_project/build/px4_msgs', '--', '-j22', '-l22'], 'cwd': '/home/harsh/ros2_project/build/px4_msgs', 'env': OrderedDict({'GJS_DEBUG_TOPICS': 'JS ERROR;JS LOG', 'XDG_ACTIVATION_TOKEN': 'gnome-shell/Terminator/2901-1-harsh_TIME93268', 'LESSOPEN': '| /usr/bin/lesspipe %s', 'USER': 'harsh', 'GZ_CONFIG_PATH': '/opt/ros/jazzy/opt/gz_sim_vendor/share/gz:/opt/ros/jazzy/opt/sdformat_vendor/share/gz:/opt/ros/jazzy/opt/gz_gui_vendor/share/gz:/opt/ros/jazzy/opt/gz_transport_vendor/share/gz:/opt/ros/jazzy/opt/gz_rendering_vendor/share/gz:/opt/ros/jazzy/opt/gz_plugin_vendor/share/gz:/opt/ros/jazzy/opt/gz_fuel_tools_vendor/share/gz:/opt/ros/jazzy/opt/gz_msgs_vendor/share/gz:/opt/ros/jazzy/opt/gz_common_vendor/share/gz', 'XDG_SESSION_TYPE': 'x11', 'SHLVL': '1', 'LD_LIBRARY_PATH': '/home/harsh/ros2_project/install/px4_msgs/lib:/opt/ros/jazzy/opt/gz_sim_vendor/lib:/opt/ros/jazzy/opt/gz_sensors_vendor/lib:/opt/ros/jazzy/opt/gz_physics_vendor/lib:/opt/ros/jazzy/opt/sdformat_vendor/lib:/opt/ros/jazzy/opt/rviz_ogre_vendor/lib:/opt/ros/jazzy/lib/x86_64-linux-gnu:/opt/ros/jazzy/opt/gz_gui_vendor/lib:/opt/ros/jazzy/opt/gz_transport_vendor/lib:/opt/ros/jazzy/opt/gz_rendering_vendor/lib:/opt/ros/jazzy/opt/gz_plugin_vendor/lib:/opt/ros/jazzy/opt/gz_fuel_tools_vendor/lib:/opt/ros/jazzy/opt/gz_msgs_vendor/lib:/opt/ros/jazzy/opt/gz_common_vendor/lib:/opt/ros/jazzy/opt/gz_math_vendor/lib:/opt/ros/jazzy/opt/gz_utils_vendor/lib:/opt/ros/jazzy/opt/gz_tools_vendor/lib:/opt/ros/jazzy/opt/gz_ogre_next_vendor/lib:/opt/ros/jazzy/opt/gz_dartsim_vendor/lib:/opt/ros/jazzy/opt/gz_cmake_vendor/lib:/opt/ros/jazzy/lib', 'HOME': '/home/harsh', 'DESKTOP_SESSION': 'ubuntu', 'GIO_LAUNCHED_DESKTOP_FILE': '/usr/share/applications/terminator.desktop', 'ROS_PYTHON_VERSION': '3', 'GNOME_SHELL_SESSION_MODE': 'ubuntu', 'GTK_MODULES': 'gail:atk-bridge', 'PS1': '(yolo) \\[\\e]0;\\u@\\h: \\w\\a\\]${debian_chroot:+($debian_chroot)}\\[\\033[01;32m\\]\\u@\\h\\[\\033[00m\\]:\\[\\033[01;34m\\]\\w\\[\\033[00m\\]\\$', 'MANAGERPID': '2470', 'SYSTEMD_EXEC_PID': '2901', 'GSM_SKIP_SSH_AGENT_WORKAROUND': 'true', 'DBUS_SESSION_BUS_ADDRESS': 'unix:path=/run/user/1000/bus', 'COLORTERM': 'truecolor', 'TERMINATOR_DBUS_NAME': 'net.tenshu.Terminator23558193cd9818af7fe4d2c2f5bd9d00f', 'GIO_LAUNCHED_DESKTOP_FILE_PID': '4241', 'DEBUGINFOD_URLS': 'https://debuginfod.ubuntu.com', 'COLCON_PREFIX_PATH': '/home/harsh/ros2_project/install', 'ROS_DISTRO': 'jazzy', 'LOGNAME': 'harsh', 'JOURNAL_STREAM': '9:33124', '_': '/usr/bin/colcon', 'ROS_VERSION': '2', 'MEMORY_PRESSURE_WATCH': '/sys/fs/cgroup/user.slice/user-1000.slice/user@1000.service/session.slice/org.gnome.Shell@x11.service/memory.pressure', 'XDG_SESSION_CLASS': 'user', 'USERNAME': 'harsh', 'TERM': 'xterm-256color', 'GNOME_DESKTOP_SESSION_ID': 'this-is-deprecated', 'WINDOWPATH': '2', 'PATH': '/home/harsh/yolo/bin:/opt/ros/jazzy/opt/gz_msgs_vendor/bin:/opt/ros/jazzy/opt/gz_tools_vendor/bin:/opt/ros/jazzy/opt/gz_ogre_next_vendor/bin:/opt/ros/jazzy/bin:/home/harsh/.local/bin:/usr/local/sbin:/usr/local/bin:/usr/sbin:/usr/bin:/sbin:/bin:/usr/games:/usr/local/games:/snap/bin:/snap/bin', 'SESSION_MANAGER': 'local/harsh:@/tmp/.ICE-unix/2806,unix/harsh:/tmp/.ICE-unix/2806', 'INVOCATION_ID': '4e2239703d944941a029883b6660be4d', 'XDG_MENU_PREFIX': 'gnome-', 'XDG_RUNTIME_DIR': '/run/user/1000', 'DISPLAY': ':1', 'TERMINATOR_DBUS_PATH': '/net/tenshu/Terminator2', 'LANG': 'en_US.UTF-8', 'XDG_CURRENT_DESKTOP': 'ubuntu:GNOME', 'VIRTUAL_ENV_PROMPT': '(yolo)', 'XMODIFIERS': '@im=ibus', 'XDG_SESSION_DESKTOP': 'ubuntu', 'XAUTHORITY': '/run/user/1000/gdm/Xauthority', 'LS_COLORS': 'rs=0:di=01;34:ln=01;36:mh=00:pi=40;33:so=01;35:do=01;35:bd=40;33;01:cd=40;33;01:or=40;31;01:mi=00:su=37;41:sg=30;43:ca=00:tw=30;42:ow=34;42:st=37;44:ex=01;32:*.tar=01;31:*.tgz=01;31:*.arc=01;31:*.arj=01;31:*.taz=01;31:*.lha=01;31:*.lz4=01;31:*.lzh=01;31:*.lzma=01;31:*.tlz=01;31:*.txz=01;31:*.tzo=01;31:*.t7z=01;31:*.zip=01;31:*.z=01;31:*.dz=01;31:*.gz=01;31:*.lrz=01;31:*.lz=01;31:*.lzo=01;31:*.xz=01;31:*.zst=01;31:*.tzst=01;31:*.bz2=01;31:*.bz=01;31:*.tbz=01;31:*.tbz2=01;31:*.tz=01;31:*.deb=01;31:*.rpm=01;31:*.jar=01;31:*.war=01;31:*.ear=01;31:*.sar=01;31:*.rar=01;31:*.alz=01;31:*.ace=01;31:*.zoo=01;31:*.cpio=01;31:*.7z=01;31:*.rz=01;31:*.cab=01;31:*.wim=01;31:*.swm=01;31:*.dwm=01;31:*.esd=01;31:*.avif=01;35:*.jpg=01;35:*.jpeg=01;35:*.mjpg=01;35:*.mjpeg=01;35:*.gif=01;35:*.bmp=01;35:*.pbm=01;35:*.pgm=01;35:*.ppm=01;35:*.tga=01;35:*.xbm=01;35:*.xpm=01;35:*.tif=01;35:*.tiff=01;35:*.png=01;35:*.svg=01;35:*.svgz=01;35:*.mng=01;35:*.pcx=01;35:*.mov=01;35:*.mpg=01;35:*.mpeg=01;35:*.m2v=01;35:*.mkv=01;35:*.webm=01;35:*.webp=01;35:*.ogm=01;35:*.mp4=01;35:*.m4v=01;35:*.mp4v=01;35:*.vob=01;35:*.qt=01;35:*.nuv=01;35:*.wmv=01;35:*.asf=01;35:*.rm=01;35:*.rmvb=01;35:*.flc=01;35:*.avi=01;35:*.fli=01;35:*.flv=01;35:*.gl=01;35:*.dl=01;35:*.xcf=01;35:*.xwd=01;35:*.yuv=01;35:*.cgm=01;35:*.emf=01;35:*.ogv=01;35:*.ogx=01;35:*.aac=00;36:*.au=00;36:*.flac=00;36:*.m4a=00;36:*.mid=00;36:*.midi=00;36:*.mka=00;36:*.mp3=00;36:*.mpc=00;36:*.ogg=00;36:*.ra=00;36:*.wav=00;36:*.oga=00;36:*.opus=00;36:*.spx=00;36:*.xspf=00;36:*~=00;90:*#=00;90:*.bak=00;90:*.crdownload=00;90:*.dpkg-dist=00;90:*.dpkg-new=00;90:*.dpkg-old=00;90:*.dpkg-tmp=00;90:*.old=00;90:*.orig=00;90:*.part=00;90:*.rej=00;90:*.rpmnew=00;90:*.rpmorig=00;90:*.rpmsave=00;90:*.swp=00;90:*.tmp=00;90:*.ucf-dist=00;90:*.ucf-new=00;90:*.ucf-old=00;90:', 'SSH_AUTH_SOCK': '/run/user/1000/keyring/ssh', 'AMENT_PREFIX_PATH': '/home/harsh/ros2_project/install/ros2_project:/home/harsh/ros2_project/install/px4_msgs:/opt/ros/jazzy', 'SHELL': '/bin/bash', 'TERMINATOR_UUID': 'urn:uuid:6709cddb-6949-4e25-8283-2b735b801b48', 'QT_ACCESSIBILITY': '1', 'GDMSESSION': 'ubuntu', 'LESSCLOSE': '/usr/bin/lesspipe %s %s', 'GPG_AGENT_INFO': '/run/user/1000/gnupg/S.gpg-agent:0:1', 'GJS_DEBUG_OUTPUT': 'stderr', 'VIRTUAL_ENV': '/home/harsh/yolo', 'ROS_AUTOMATIC_DISCOVERY_RANGE': 'SUBNET', 'QT_IM_MODULE': 'ibus', 'PWD': '/home/harsh/ros2_project/build/px4_msgs', 'LC_ALL': 'en_US.UTF-8', 'XDG_CONFIG_DIRS': '/etc/xdg/xdg-ubuntu:/etc/xdg', 'XDG_DATA_DIRS': '/usr/share/ubuntu:/usr/share/gnome:/usr/local/share/:/usr/share/:/var/lib/snapd/desktop', 'PYTHONPATH': '/home/harsh/ros2_project/install/ros2_project/lib/python3.12/site-packages:/home/harsh/ros2_project/install/px4_msgs/lib/python3.12/site-packages:/opt/ros/jazzy/lib/python3.12/site-packages:$PYTHONPATH:/home/harsh/yolo/lib/python3.12/site-packages', 'COLCON': '1', 'MEMORY_PRESSURE_WRITE': 'c29tZSAyMDAwMDAgMjAwMDAwMAA=', 'VTE_VERSION': '7600', 'CMAKE_PREFIX_PATH': '/home/harsh/ros2_project/install/px4_msgs:/opt/ros/jazzy/opt/gz_sim_vendor:/opt/ros/jazzy/opt/gz_sensors_vendor:/opt/ros/jazzy/opt/gz_physics_vendor:/opt/ros/jazzy/opt/sdformat_vendor:/opt/ros/jazzy/opt/gz_gui_vendor:/opt/ros/jazzy/opt/gz_transport_vendor:/opt/ros/jazzy/opt/gz_rendering_vendor:/opt/ros/jazzy/opt/gz_plugin_vendor:/opt/ros/jazzy/opt/gz_fuel_tools_vendor:/opt/ros/jazzy/opt/gz_msgs_vendor:/opt/ros/jazzy/opt/gz_common_vendor:/opt/ros/jazzy/opt/gz_math_vendor:/opt/ros/jazzy/opt/gz_utils_vendor:/opt/ros/jazzy/opt/gz_tools_vendor:/opt/ros/jazzy/opt/gz_ogre_next_vendor:/opt/ros/jazzy/opt/gz_dartsim_vendor:/opt/ros/jazzy/opt/gz_cmake_vendor:/home/harsh/ros2_project/install/ros2_project:/opt/ros/jazzy'}), 'shell': False}
[0.099747] (-) TimerEvent: {}
[0.200164] (-) TimerEvent: {}
[0.300681] (-) TimerEvent: {}
[0.401281] (-) TimerEvent: {}
[0.501703] (-) TimerEvent: {}
[0.602063] (-) TimerEvent: {}
[0.702395] (-) TimerEvent: {}
[0.802733] (-) TimerEvent: {}
[0.903094] (-) TimerEvent: {}
[0.965278] (px4_msgs) StdoutLine: {'line': b'[  0%] Built target px4_msgs__rosidl_generator_type_description\n'}
[1.003302] (-) TimerEvent: {}
[1.041184] (px4_msgs) StdoutLine: {'line': b'[  0%] Built target ament_cmake_python_copy_px4_msgs\n'}
[1.041743] (px4_msgs) StdoutLine: {'line': b'[  0%] Built target px4_msgs__cpp\n'}
[1.103621] (-) TimerEvent: {}
[1.204255] (-) TimerEvent: {}
[1.234247] (px4_msgs) StdoutLine: {'line': b'[ 29%] Built target px4_msgs__rosidl_generator_c\n'}
[1.304636] (-) TimerEvent: {}
[1.378560] (px4_msgs) StdoutLine: {'line': b'[ 39%] Built target px4_msgs__rosidl_typesupport_introspection_c\n'}
[1.395844] (px4_msgs) StdoutLine: {'line': b'[ 49%] Built target px4_msgs__rosidl_typesupport_c\n'}
[1.404711] (-) TimerEvent: {}
[1.418993] (px4_msgs) StdoutLine: {'line': b'[ 59%] Built target px4_msgs__rosidl_typesupport_cpp\n'}
[1.437204] (px4_msgs) StdoutLine: {'line': b'[ 69%] Built target px4_msgs__rosidl_typesupport_fastrtps_c\n'}
[1.437604] (px4_msgs) StdoutLine: {'line': b'[ 79%] Built target px4_msgs__rosidl_typesupport_introspection_cpp\n'}
[1.460803] (px4_msgs) StdoutLine: {'line': b'[ 89%] Built target px4_msgs__rosidl_typesupport_fastrtps_cpp\n'}
[1.495554] (px4_msgs) StdoutLine: {'line': b'running egg_info\n'}
[1.501644] (px4_msgs) StdoutLine: {'line': b'[ 89%] Built target px4_msgs\n'}
[1.504801] (-) TimerEvent: {}
[1.520112] (px4_msgs) StdoutLine: {'line': b'writing px4_msgs.egg-info/PKG-INFO\n'}
[1.520466] (px4_msgs) StdoutLine: {'line': b'writing dependency_links to px4_msgs.egg-info/dependency_links.txt\n'}
[1.520564] (px4_msgs) StdoutLine: {'line': b'writing top-level names to px4_msgs.egg-info/top_level.txt\n'}
[1.561660] (px4_msgs) StdoutLine: {'line': b'[ 89%] Built target px4_msgs__py\n'}
[1.596612] (px4_msgs) StdoutLine: {'line': b"reading manifest file 'px4_msgs.egg-info/SOURCES.txt'\n"}
[1.601525] (px4_msgs) StdoutLine: {'line': b"writing manifest file 'px4_msgs.egg-info/SOURCES.txt'\n"}
[1.604885] (-) TimerEvent: {}
[1.640270] (px4_msgs) StdoutLine: {'line': b'[ 89%] Built target ament_cmake_python_build_px4_msgs_egg\n'}
[1.705212] (-) TimerEvent: {}
[1.730767] (px4_msgs) StdoutLine: {'line': b'[ 99%] Built target px4_msgs__rosidl_generator_py\n'}
[1.773770] (px4_msgs) StdoutLine: {'line': b'[100%] Built target px4_msgs_s__rosidl_typesupport_fastrtps_c\n'}
[1.774045] (px4_msgs) StdoutLine: {'line': b'[100%] Built target px4_msgs_s__rosidl_typesupport_introspection_c\n'}
[1.774281] (px4_msgs) StdoutLine: {'line': b'[100%] Built target px4_msgs_s__rosidl_typesupport_c\n'}
[1.797649] (px4_msgs) CommandEnded: {'returncode': 0}
[1.798658] (px4_msgs) JobProgress: {'identifier': 'px4_msgs', 'progress': 'install'}
[1.805412] (-) TimerEvent: {}
[1.812178] (px4_msgs) Command: {'cmd': ['/usr/bin/cmake', '--install', '/home/harsh/ros2_project/build/px4_msgs'], 'cwd': '/home/harsh/ros2_project/build/px4_msgs', 'env': OrderedDict({'GJS_DEBUG_TOPICS': 'JS ERROR;JS LOG', 'XDG_ACTIVATION_TOKEN': 'gnome-shell/Terminator/2901-1-harsh_TIME93268', 'LESSOPEN': '| /usr/bin/lesspipe %s', 'USER': 'harsh', 'GZ_CONFIG_PATH': '/opt/ros/jazzy/opt/gz_sim_vendor/share/gz:/opt/ros/jazzy/opt/sdformat_vendor/share/gz:/opt/ros/jazzy/opt/gz_gui_vendor/share/gz:/opt/ros/jazzy/opt/gz_transport_vendor/share/gz:/opt/ros/jazzy/opt/gz_rendering_vendor/share/gz:/opt/ros/jazzy/opt/gz_plugin_vendor/share/gz:/opt/ros/jazzy/opt/gz_fuel_tools_vendor/share/gz:/opt/ros/jazzy/opt/gz_msgs_vendor/share/gz:/opt/ros/jazzy/opt/gz_common_vendor/share/gz', 'XDG_SESSION_TYPE': 'x11', 'SHLVL': '1', 'LD_LIBRARY_PATH': '/home/harsh/ros2_project/install/px4_msgs/lib:/opt/ros/jazzy/opt/gz_sim_vendor/lib:/opt/ros/jazzy/opt/gz_sensors_vendor/lib:/opt/ros/jazzy/opt/gz_physics_vendor/lib:/opt/ros/jazzy/opt/sdformat_vendor/lib:/opt/ros/jazzy/opt/rviz_ogre_vendor/lib:/opt/ros/jazzy/lib/x86_64-linux-gnu:/opt/ros/jazzy/opt/gz_gui_vendor/lib:/opt/ros/jazzy/opt/gz_transport_vendor/lib:/opt/ros/jazzy/opt/gz_rendering_vendor/lib:/opt/ros/jazzy/opt/gz_plugin_vendor/lib:/opt/ros/jazzy/opt/gz_fuel_tools_vendor/lib:/opt/ros/jazzy/opt/gz_msgs_vendor/lib:/opt/ros/jazzy/opt/gz_common_vendor/lib:/opt/ros/jazzy/opt/gz_math_vendor/lib:/opt/ros/jazzy/opt/gz_utils_vendor/lib:/opt/ros/jazzy/opt/gz_tools_vendor/lib:/opt/ros/jazzy/opt/gz_ogre_next_vendor/lib:/opt/ros/jazzy/opt/gz_dartsim_vendor/lib:/opt/ros/jazzy/opt/gz_cmake_vendor/lib:/opt/ros/jazzy/lib', 'HOME': '/home/harsh', 'DESKTOP_SESSION': 'ubuntu', 'GIO_LAUNCHED_DESKTOP_FILE': '/usr/share/applications/terminator.desktop', 'ROS_PYTHON_VERSION': '3', 'GNOME_SHELL_SESSION_MODE': 'ubuntu', 'GTK_MODULES': 'gail:atk-bridge', 'PS1': '(yolo) \\[\\e]0;\\u@\\h: \\w\\a\\]${debian_chroot:+($debian_chroot)}\\[\\033[01;32m\\]\\u@\\h\\[\\033[00m\\]:\\[\\033[01;34m\\]\\w\\[\\033[00m\\]\\$', 'MANAGERPID': '2470', 'SYSTEMD_EXEC_PID': '2901', 'GSM_SKIP_SSH_AGENT_WORKAROUND': 'true', 'DBUS_SESSION_BUS_ADDRESS': 'unix:path=/run/user/1000/bus', 'COLORTERM': 'truecolor', 'TERMINATOR_DBUS_NAME': 'net.tenshu.Terminator23558193cd9818af7fe4d2c2f5bd9d00f', 'GIO_LAUNCHED_DESKTOP_FILE_PID': '4241', 'DEBUGINFOD_URLS': 'https://debuginfod.ubuntu.com', 'COLCON_PREFIX_PATH': '/home/harsh/ros2_project/install', 'ROS_DISTRO': 'jazzy', 'LOGNAME': 'harsh', 'JOURNAL_STREAM': '9:33124', '_': '/usr/bin/colcon', 'ROS_VERSION': '2', 'MEMORY_PRESSURE_WATCH': '/sys/fs/cgroup/user.slice/user-1000.slice/user@1000.service/session.slice/org.gnome.Shell@x11.service/memory.pressure', 'XDG_SESSION_CLASS': 'user', 'USERNAME': 'harsh', 'TERM': 'xterm-256color', 'GNOME_DESKTOP_SESSION_ID': 'this-is-deprecated', 'WINDOWPATH': '2', 'PATH': '/home/harsh/yolo/bin:/opt/ros/jazzy/opt/gz_msgs_vendor/bin:/opt/ros/jazzy/opt/gz_tools_vendor/bin:/opt/ros/jazzy/opt/gz_ogre_next_vendor/bin:/opt/ros/jazzy/bin:/home/harsh/.local/bin:/usr/local/sbin:/usr/local/bin:/usr/sbin:/usr/bin:/sbin:/bin:/usr/games:/usr/local/games:/snap/bin:/snap/bin', 'SESSION_MANAGER': 'local/harsh:@/tmp/.ICE-unix/2806,unix/harsh:/tmp/.ICE-unix/2806', 'INVOCATION_ID': '4e2239703d944941a029883b6660be4d', 'XDG_MENU_PREFIX': 'gnome-', 'XDG_RUNTIME_DIR': '/run/user/1000', 'DISPLAY': ':1', 'TERMINATOR_DBUS_PATH': '/net/tenshu/Terminator2', 'LANG': 'en_US.UTF-8', 'XDG_CURRENT_DESKTOP': 'ubuntu:GNOME', 'VIRTUAL_ENV_PROMPT': '(yolo)', 'XMODIFIERS': '@im=ibus', 'XDG_SESSION_DESKTOP': 'ubuntu', 'XAUTHORITY': '/run/user/1000/gdm/Xauthority', 'LS_COLORS': 'rs=0:di=01;34:ln=01;36:mh=00:pi=40;33:so=01;35:do=01;35:bd=40;33;01:cd=40;33;01:or=40;31;01:mi=00:su=37;41:sg=30;43:ca=00:tw=30;42:ow=34;42:st=37;44:ex=01;32:*.tar=01;31:*.tgz=01;31:*.arc=01;31:*.arj=01;31:*.taz=01;31:*.lha=01;31:*.lz4=01;31:*.lzh=01;31:*.lzma=01;31:*.tlz=01;31:*.txz=01;31:*.tzo=01;31:*.t7z=01;31:*.zip=01;31:*.z=01;31:*.dz=01;31:*.gz=01;31:*.lrz=01;31:*.lz=01;31:*.lzo=01;31:*.xz=01;31:*.zst=01;31:*.tzst=01;31:*.bz2=01;31:*.bz=01;31:*.tbz=01;31:*.tbz2=01;31:*.tz=01;31:*.deb=01;31:*.rpm=01;31:*.jar=01;31:*.war=01;31:*.ear=01;31:*.sar=01;31:*.rar=01;31:*.alz=01;31:*.ace=01;31:*.zoo=01;31:*.cpio=01;31:*.7z=01;31:*.rz=01;31:*.cab=01;31:*.wim=01;31:*.swm=01;31:*.dwm=01;31:*.esd=01;31:*.avif=01;35:*.jpg=01;35:*.jpeg=01;35:*.mjpg=01;35:*.mjpeg=01;35:*.gif=01;35:*.bmp=01;35:*.pbm=01;35:*.pgm=01;35:*.ppm=01;35:*.tga=01;35:*.xbm=01;35:*.xpm=01;35:*.tif=01;35:*.tiff=01;35:*.png=01;35:*.svg=01;35:*.svgz=01;35:*.mng=01;35:*.pcx=01;35:*.mov=01;35:*.mpg=01;35:*.mpeg=01;35:*.m2v=01;35:*.mkv=01;35:*.webm=01;35:*.webp=01;35:*.ogm=01;35:*.mp4=01;35:*.m4v=01;35:*.mp4v=01;35:*.vob=01;35:*.qt=01;35:*.nuv=01;35:*.wmv=01;35:*.asf=01;35:*.rm=01;35:*.rmvb=01;35:*.flc=01;35:*.avi=01;35:*.fli=01;35:*.flv=01;35:*.gl=01;35:*.dl=01;35:*.xcf=01;35:*.xwd=01;35:*.yuv=01;35:*.cgm=01;35:*.emf=01;35:*.ogv=01;35:*.ogx=01;35:*.aac=00;36:*.au=00;36:*.flac=00;36:*.m4a=00;36:*.mid=00;36:*.midi=00;36:*.mka=00;36:*.mp3=00;36:*.mpc=00;36:*.ogg=00;36:*.ra=00;36:*.wav=00;36:*.oga=00;36:*.opus=00;36:*.spx=00;36:*.xspf=00;36:*~=00;90:*#=00;90:*.bak=00;90:*.crdownload=00;90:*.dpkg-dist=00;90:*.dpkg-new=00;90:*.dpkg-old=00;90:*.dpkg-tmp=00;90:*.old=00;90:*.orig=00;90:*.part=00;90:*.rej=00;90:*.rpmnew=00;90:*.rpmorig=00;90:*.rpmsave=00;90:*.swp=00;90:*.tmp=00;90:*.ucf-dist=00;90:*.ucf-new=00;90:*.ucf-old=00;90:', 'SSH_AUTH_SOCK': '/run/user/1000/keyring/ssh', 'AMENT_PREFIX_PATH': '/home/harsh/ros2_project/install/ros2_project:/home/harsh/ros2_project/install/px4_msgs:/opt/ros/jazzy', 'SHELL': '/bin/bash', 'TERMINATOR_UUID': 'urn:uuid:6709cddb-6949-4e25-8283-2b735b801b48', 'QT_ACCESSIBILITY': '1', 'GDMSESSION': 'ubuntu', 'LESSCLOSE': '/usr/bin/lesspipe %s %s', 'GPG_AGENT_INFO': '/run/user/1000/gnupg/S.gpg-agent:0:1', 'GJS_DEBUG_OUTPUT': 'stderr', 'VIRTUAL_ENV': '/home/harsh/yolo', 'ROS_AUTOMATIC_DISCOVERY_RANGE': 'SUBNET', 'QT_IM_MODULE': 'ibus', 'PWD': '/home/harsh/ros2_project/build/px4_msgs', 'LC_ALL': 'en_US.UTF-8', 'XDG_CONFIG_DIRS': '/etc/xdg/xdg-ubuntu:/etc/xdg', 'XDG_DATA_DIRS': '/usr/share/ubuntu:/usr/share/gnome:/usr/local/share/:/usr/share/:/var/lib/snapd/desktop', 'PYTHONPATH': '/home/harsh/ros2_project/install/ros2_project/lib/python3.12/site-packages:/home/harsh/ros2_project/install/px4_msgs/lib/python3.12/site-packages:/opt/ros/jazzy/lib/python3.12/site-packages:$PYTHONPATH:/home/harsh/yolo/lib/python3.12/site-packages', 'COLCON': '1', 'MEMORY_PRESSURE_WRITE': 'c29tZSAyMDAwMDAgMjAwMDAwMAA=', 'VTE_VERSION': '7600', 'CMAKE_PREFIX_PATH': '/home/harsh/ros2_project/install/px4_msgs:/opt/ros/jazzy/opt/gz_sim_vendor:/opt/ros/jazzy/opt/gz_sensors_vendor:/opt/ros/jazzy/opt/gz_physics_vendor:/opt/ros/jazzy/opt/sdformat_vendor:/opt/ros/jazzy/opt/gz_gui_vendor:/opt/ros/jazzy/opt/gz_transport_vendor:/opt/ros/jazzy/opt/gz_rendering_vendor:/opt/ros/jazzy/opt/gz_plugin_vendor:/opt/ros/jazzy/opt/gz_fuel_tools_vendor:/opt/ros/jazzy/opt/gz_msgs_vendor:/opt/ros/jazzy/opt/gz_common_vendor:/opt/ros/jazzy/opt/gz_math_vendor:/opt/ros/jazzy/opt/gz_utils_vendor:/opt/ros/jazzy/opt/gz_tools_vendor:/opt/ros/jazzy/opt/gz_ogre_next_vendor:/opt/ros/jazzy/opt/gz_dartsim_vendor:/opt/ros/jazzy/opt/gz_cmake_vendor:/home/harsh/ros2_project/install/ros2_project:/opt/ros/jazzy'}), 'shell': False}
[1.828585] (px4_msgs) StdoutLine: {'line': b'-- Install configuration: ""\n'}
[1.829013] (px4_msgs) StdoutLine: {'line': b'-- Up-to-date: /home/harsh/ros2_project/install/px4_msgs/share/ament_index/resource_index/rosidl_interfaces/px4_msgs\n'}
[1.829254] (px4_msgs) StdoutLine: {'line': b'-- Up-to-date: /home/harsh/ros2_project/install/px4_msgs/share/px4_msgs/msg/ActionRequest.json\n'}
[1.829347] (px4_msgs) StdoutLine: {'line': b'-- Up-to-date: /home/harsh/ros2_project/install/px4_msgs/share/px4_msgs/msg/ActuatorArmed.json\n'}
[1.829432] (px4_msgs) StdoutLine: {'line': b'-- Up-to-date: /home/harsh/ros2_project/install/px4_msgs/share/px4_msgs/msg/ActuatorControlsStatus.json\n'}
[1.829503] (px4_msgs) StdoutLine: {'line': b'-- Up-to-date: /home/harsh/ros2_project/install/px4_msgs/share/px4_msgs/msg/ActuatorMotors.json\n'}
[1.829586] (px4_msgs) StdoutLine: {'line': b'-- Up-to-date: /home/harsh/ros2_project/install/px4_msgs/share/px4_msgs/msg/ActuatorOutputs.json\n'}
[1.829657] (px4_msgs) StdoutLine: {'line': b'-- Up-to-date: /home/harsh/ros2_project/install/px4_msgs/share/px4_msgs/msg/ActuatorServos.json\n'}
[1.829767] (px4_msgs) StdoutLine: {'line': b'-- Up-to-date: /home/harsh/ros2_project/install/px4_msgs/share/px4_msgs/msg/ActuatorServosTrim.json\n'}
[1.829863] (px4_msgs) StdoutLine: {'line': b'-- Up-to-date: /home/harsh/ros2_project/install/px4_msgs/share/px4_msgs/msg/ActuatorTest.json\n'}
[1.830007] (px4_msgs) StdoutLine: {'line': b'-- Up-to-date: /home/harsh/ros2_project/install/px4_msgs/share/px4_msgs/msg/AdcReport.json\n'}
[1.830410] (px4_msgs) StdoutLine: {'line': b'-- Up-to-date: /home/harsh/ros2_project/install/px4_msgs/share/px4_msgs/msg/Airspeed.json\n'}
[1.830590] (px4_msgs) StdoutLine: {'line': b'-- Up-to-date: /home/harsh/ros2_project/install/px4_msgs/share/px4_msgs/msg/AirspeedValidated.json\n'}
[1.830683] (px4_msgs) StdoutLine: {'line': b'-- Up-to-date: /home/harsh/ros2_project/install/px4_msgs/share/px4_msgs/msg/AirspeedWind.json\n'}
[1.830846] (px4_msgs) StdoutLine: {'line': b'-- Up-to-date: /home/harsh/ros2_project/install/px4_msgs/share/px4_msgs/msg/ArmingCheckReply.json\n'}
[1.830931] (px4_msgs) StdoutLine: {'line': b'-- Up-to-date: /home/harsh/ros2_project/install/px4_msgs/share/px4_msgs/msg/ArmingCheckRequest.json\n'}
[1.831627] (px4_msgs) StdoutLine: {'line': b'-- Up-to-date: /home/harsh/ros2_project/install/px4_msgs/share/px4_msgs/msg/AutotuneAttitudeControlStatus.json\n'}
[1.831764] (px4_msgs) StdoutLine: {'line': b'-- Up-to-date: /home/harsh/ros2_project/install/px4_msgs/share/px4_msgs/msg/BatteryStatus.json\n'}
[1.831867] (px4_msgs) StdoutLine: {'line': b'-- Up-to-date: /home/harsh/ros2_project/install/px4_msgs/share/px4_msgs/msg/Buffer128.json\n'}
[1.832378] (px4_msgs) StdoutLine: {'line': b'-- Up-to-date: /home/harsh/ros2_project/install/px4_msgs/share/px4_msgs/msg/ButtonEvent.json\n'}
[1.832519] (px4_msgs) StdoutLine: {'line': b'-- Up-to-date: /home/harsh/ros2_project/install/px4_msgs/share/px4_msgs/msg/CameraCapture.json\n'}
[1.832622] (px4_msgs) StdoutLine: {'line': b'-- Up-to-date: /home/harsh/ros2_project/install/px4_msgs/share/px4_msgs/msg/CameraStatus.json\n'}
[1.832998] (px4_msgs) StdoutLine: {'line': b'-- Up-to-date: /home/harsh/ros2_project/install/px4_msgs/share/px4_msgs/msg/CameraTrigger.json\n'}
[1.833221] (px4_msgs) StdoutLine: {'line': b'-- Up-to-date: /home/harsh/ros2_project/install/px4_msgs/share/px4_msgs/msg/CanInterfaceStatus.json\n'}
[1.833331] (px4_msgs) StdoutLine: {'line': b'-- Up-to-date: /home/harsh/ros2_project/install/px4_msgs/share/px4_msgs/msg/CellularStatus.json\n'}
[1.833427] (px4_msgs) StdoutLine: {'line': b'-- Up-to-date: /home/harsh/ros2_project/install/px4_msgs/share/px4_msgs/msg/CollisionConstraints.json\n'}
[1.833518] (px4_msgs) StdoutLine: {'line': b'-- Up-to-date: /home/harsh/ros2_project/install/px4_msgs/share/px4_msgs/msg/CollisionReport.json\n'}
[1.833605] (px4_msgs) StdoutLine: {'line': b'-- Up-to-date: /home/harsh/ros2_project/install/px4_msgs/share/px4_msgs/msg/ConfigOverrides.json\n'}
[1.833695] (px4_msgs) StdoutLine: {'line': b'-- Up-to-date: /home/harsh/ros2_project/install/px4_msgs/share/px4_msgs/msg/ControlAllocatorStatus.json\n'}
[1.833783] (px4_msgs) StdoutLine: {'line': b'-- Up-to-date: /home/harsh/ros2_project/install/px4_msgs/share/px4_msgs/msg/Cpuload.json\n'}
[1.833872] (px4_msgs) StdoutLine: {'line': b'-- Up-to-date: /home/harsh/ros2_project/install/px4_msgs/share/px4_msgs/msg/DatamanRequest.json\n'}
[1.834172] (px4_msgs) StdoutLine: {'line': b'-- Up-to-date: /home/harsh/ros2_project/install/px4_msgs/share/px4_msgs/msg/DatamanResponse.json\n'}
[1.834257] (px4_msgs) StdoutLine: {'line': b'-- Up-to-date: /home/harsh/ros2_project/install/px4_msgs/share/px4_msgs/msg/DebugArray.json\n'}
[1.834336] (px4_msgs) StdoutLine: {'line': b'-- Up-to-date: /home/harsh/ros2_project/install/px4_msgs/share/px4_msgs/msg/DebugKeyValue.json\n'}
[1.834413] (px4_msgs) StdoutLine: {'line': b'-- Up-to-date: /home/harsh/ros2_project/install/px4_msgs/share/px4_msgs/msg/DebugValue.json\n'}
[1.834489] (px4_msgs) StdoutLine: {'line': b'-- Up-to-date: /home/harsh/ros2_project/install/px4_msgs/share/px4_msgs/msg/DebugVect.json\n'}
[1.834564] (px4_msgs) StdoutLine: {'line': b'-- Up-to-date: /home/harsh/ros2_project/install/px4_msgs/share/px4_msgs/msg/DifferentialDriveSetpoint.json\n'}
[1.834639] (px4_msgs) StdoutLine: {'line': b'-- Up-to-date: /home/harsh/ros2_project/install/px4_msgs/share/px4_msgs/msg/DifferentialPressure.json\n'}
[1.834717] (px4_msgs) StdoutLine: {'line': b'-- Up-to-date: /home/harsh/ros2_project/install/px4_msgs/share/px4_msgs/msg/DistanceSensor.json\n'}
[1.834801] (px4_msgs) StdoutLine: {'line': b'-- Up-to-date: /home/harsh/ros2_project/install/px4_msgs/share/px4_msgs/msg/Ekf2Timestamps.json\n'}
[1.834890] (px4_msgs) StdoutLine: {'line': b'-- Up-to-date: /home/harsh/ros2_project/install/px4_msgs/share/px4_msgs/msg/EscReport.json\n'}
[1.834975] (px4_msgs) StdoutLine: {'line': b'-- Up-to-date: /home/harsh/ros2_project/install/px4_msgs/share/px4_msgs/msg/EscStatus.json\n'}
[1.835079] (px4_msgs) StdoutLine: {'line': b'-- Up-to-date: /home/harsh/ros2_project/install/px4_msgs/share/px4_msgs/msg/EstimatorAidSource1d.json\n'}
[1.835171] (px4_msgs) StdoutLine: {'line': b'-- Up-to-date: /home/harsh/ros2_project/install/px4_msgs/share/px4_msgs/msg/EstimatorAidSource2d.json\n'}
[1.835292] (px4_msgs) StdoutLine: {'line': b'-- Up-to-date: /home/harsh/ros2_project/install/px4_msgs/share/px4_msgs/msg/EstimatorAidSource3d.json\n'}
[1.835381] (px4_msgs) StdoutLine: {'line': b'-- Up-to-date: /home/harsh/ros2_project/install/px4_msgs/share/px4_msgs/msg/EstimatorBias.json\n'}
[1.835468] (px4_msgs) StdoutLine: {'line': b'-- Up-to-date: /home/harsh/ros2_project/install/px4_msgs/share/px4_msgs/msg/EstimatorBias3d.json\n'}
[1.835552] (px4_msgs) StdoutLine: {'line': b'-- Up-to-date: /home/harsh/ros2_project/install/px4_msgs/share/px4_msgs/msg/EstimatorEventFlags.json\n'}
[1.835633] (px4_msgs) StdoutLine: {'line': b'-- Up-to-date: /home/harsh/ros2_project/install/px4_msgs/share/px4_msgs/msg/EstimatorGpsStatus.json\n'}
[1.835715] (px4_msgs) StdoutLine: {'line': b'-- Up-to-date: /home/harsh/ros2_project/install/px4_msgs/share/px4_msgs/msg/EstimatorInnovations.json\n'}
[1.835814] (px4_msgs) StdoutLine: {'line': b'-- Up-to-date: /home/harsh/ros2_project/install/px4_msgs/share/px4_msgs/msg/EstimatorSelectorStatus.json\n'}
[1.835910] (px4_msgs) StdoutLine: {'line': b'-- Up-to-date: /home/harsh/ros2_project/install/px4_msgs/share/px4_msgs/msg/EstimatorSensorBias.json\n'}
[1.836118] (px4_msgs) StdoutLine: {'line': b'-- Up-to-date: /home/harsh/ros2_project/install/px4_msgs/share/px4_msgs/msg/EstimatorStates.json\n'}
[1.836205] (px4_msgs) StdoutLine: {'line': b'-- Up-to-date: /home/harsh/ros2_project/install/px4_msgs/share/px4_msgs/msg/EstimatorStatus.json\n'}
[1.836282] (px4_msgs) StdoutLine: {'line': b'-- Up-to-date: /home/harsh/ros2_project/install/px4_msgs/share/px4_msgs/msg/EstimatorStatusFlags.json\n'}
[1.836359] (px4_msgs) StdoutLine: {'line': b'-- Up-to-date: /home/harsh/ros2_project/install/px4_msgs/share/px4_msgs/msg/Event.json\n'}
[1.836431] (px4_msgs) StdoutLine: {'line': b'-- Up-to-date: /home/harsh/ros2_project/install/px4_msgs/share/px4_msgs/msg/FailsafeFlags.json\n'}
[1.836506] (px4_msgs) StdoutLine: {'line': b'-- Up-to-date: /home/harsh/ros2_project/install/px4_msgs/share/px4_msgs/msg/FailureDetectorStatus.json\n'}
[1.836581] (px4_msgs) StdoutLine: {'line': b'-- Up-to-date: /home/harsh/ros2_project/install/px4_msgs/share/px4_msgs/msg/FigureEightStatus.json\n'}
[1.836657] (px4_msgs) StdoutLine: {'line': b'-- Up-to-date: /home/harsh/ros2_project/install/px4_msgs/share/px4_msgs/msg/FlightPhaseEstimation.json\n'}
[1.836732] (px4_msgs) StdoutLine: {'line': b'-- Up-to-date: /home/harsh/ros2_project/install/px4_msgs/share/px4_msgs/msg/FollowTarget.json\n'}
[1.836814] (px4_msgs) StdoutLine: {'line': b'-- Up-to-date: /home/harsh/ros2_project/install/px4_msgs/share/px4_msgs/msg/FollowTargetEstimator.json\n'}
[1.836893] (px4_msgs) StdoutLine: {'line': b'-- Up-to-date: /home/harsh/ros2_project/install/px4_msgs/share/px4_msgs/msg/FollowTargetStatus.json\n'}
[1.836970] (px4_msgs) StdoutLine: {'line': b'-- Up-to-date: /home/harsh/ros2_project/install/px4_msgs/share/px4_msgs/msg/GeneratorStatus.json\n'}
[1.837061] (px4_msgs) StdoutLine: {'line': b'-- Up-to-date: /home/harsh/ros2_project/install/px4_msgs/share/px4_msgs/msg/GeofenceResult.json\n'}
[1.837144] (px4_msgs) StdoutLine: {'line': b'-- Up-to-date: /home/harsh/ros2_project/install/px4_msgs/share/px4_msgs/msg/GeofenceStatus.json\n'}
[1.837223] (px4_msgs) StdoutLine: {'line': b'-- Up-to-date: /home/harsh/ros2_project/install/px4_msgs/share/px4_msgs/msg/GimbalControls.json\n'}
[1.837306] (px4_msgs) StdoutLine: {'line': b'-- Up-to-date: /home/harsh/ros2_project/install/px4_msgs/share/px4_msgs/msg/GimbalDeviceAttitudeStatus.json\n'}
[1.837386] (px4_msgs) StdoutLine: {'line': b'-- Up-to-date: /home/harsh/ros2_project/install/px4_msgs/share/px4_msgs/msg/GimbalDeviceInformation.json\n'}
[1.837467] (px4_msgs) StdoutLine: {'line': b'-- Up-to-date: /home/harsh/ros2_project/install/px4_msgs/share/px4_msgs/msg/GimbalDeviceSetAttitude.json\n'}
[1.837547] (px4_msgs) StdoutLine: {'line': b'-- Up-to-date: /home/harsh/ros2_project/install/px4_msgs/share/px4_msgs/msg/GimbalManagerInformation.json\n'}
[1.837624] (px4_msgs) StdoutLine: {'line': b'-- Up-to-date: /home/harsh/ros2_project/install/px4_msgs/share/px4_msgs/msg/GimbalManagerSetAttitude.json\n'}
[1.838201] (px4_msgs) StdoutLine: {'line': b'-- Up-to-date: /home/harsh/ros2_project/install/px4_msgs/share/px4_msgs/msg/GimbalManagerSetManualControl.json\n'}
[1.838671] (px4_msgs) StdoutLine: {'line': b'-- Up-to-date: /home/harsh/ros2_project/install/px4_msgs/share/px4_msgs/msg/GimbalManagerStatus.json\n'}
[1.838777] (px4_msgs) StdoutLine: {'line': b'-- Up-to-date: /home/harsh/ros2_project/install/px4_msgs/share/px4_msgs/msg/GotoSetpoint.json\n'}
[1.838871] (px4_msgs) StdoutLine: {'line': b'-- Up-to-date: /home/harsh/ros2_project/install/px4_msgs/share/px4_msgs/msg/GpioConfig.json\n'}
[1.838961] (px4_msgs) StdoutLine: {'line': b'-- Up-to-date: /home/harsh/ros2_project/install/px4_msgs/share/px4_msgs/msg/GpioIn.json\n'}
[1.839069] (px4_msgs) StdoutLine: {'line': b'-- Up-to-date: /home/harsh/ros2_project/install/px4_msgs/share/px4_msgs/msg/GpioOut.json\n'}
[1.839179] (px4_msgs) StdoutLine: {'line': b'-- Up-to-date: /home/harsh/ros2_project/install/px4_msgs/share/px4_msgs/msg/GpioRequest.json\n'}
[1.839276] (px4_msgs) StdoutLine: {'line': b'-- Up-to-date: /home/harsh/ros2_project/install/px4_msgs/share/px4_msgs/msg/GpsDump.json\n'}
[1.839358] (px4_msgs) StdoutLine: {'line': b'-- Up-to-date: /home/harsh/ros2_project/install/px4_msgs/share/px4_msgs/msg/GpsInjectData.json\n'}
[1.839439] (px4_msgs) StdoutLine: {'line': b'-- Up-to-date: /home/harsh/ros2_project/install/px4_msgs/share/px4_msgs/msg/Gripper.json\n'}
[1.839527] (px4_msgs) StdoutLine: {'line': b'-- Up-to-date: /home/harsh/ros2_project/install/px4_msgs/share/px4_msgs/msg/HealthReport.json\n'}
[1.839608] (px4_msgs) StdoutLine: {'line': b'-- Up-to-date: /home/harsh/ros2_project/install/px4_msgs/share/px4_msgs/msg/HeaterStatus.json\n'}
[1.839693] (px4_msgs) StdoutLine: {'line': b'-- Up-to-date: /home/harsh/ros2_project/install/px4_msgs/share/px4_msgs/msg/HomePosition.json\n'}
[1.839788] (px4_msgs) StdoutLine: {'line': b'-- Up-to-date: /home/harsh/ros2_project/install/px4_msgs/share/px4_msgs/msg/HoverThrustEstimate.json\n'}
[1.839886] (px4_msgs) StdoutLine: {'line': b'-- Up-to-date: /home/harsh/ros2_project/install/px4_msgs/share/px4_msgs/msg/InputRc.json\n'}
[1.839974] (px4_msgs) StdoutLine: {'line': b'-- Up-to-date: /home/harsh/ros2_project/install/px4_msgs/share/px4_msgs/msg/InternalCombustionEngineStatus.json\n'}
[1.840072] (px4_msgs) StdoutLine: {'line': b'-- Up-to-date: /home/harsh/ros2_project/install/px4_msgs/share/px4_msgs/msg/IridiumsbdStatus.json\n'}
[1.840150] (px4_msgs) StdoutLine: {'line': b'-- Up-to-date: /home/harsh/ros2_project/install/px4_msgs/share/px4_msgs/msg/IrlockReport.json\n'}
[1.840227] (px4_msgs) StdoutLine: {'line': b'-- Up-to-date: /home/harsh/ros2_project/install/px4_msgs/share/px4_msgs/msg/LandingGear.json\n'}
[1.840482] (px4_msgs) StdoutLine: {'line': b'-- Up-to-date: /home/harsh/ros2_project/install/px4_msgs/share/px4_msgs/msg/LandingGearWheel.json\n'}
[1.840598] (px4_msgs) StdoutLine: {'line': b'-- Up-to-date: /home/harsh/ros2_project/install/px4_msgs/share/px4_msgs/msg/LandingTargetInnovations.json\n'}
[1.840685] (px4_msgs) StdoutLine: {'line': b'-- Up-to-date: /home/harsh/ros2_project/install/px4_msgs/share/px4_msgs/msg/LandingTargetPose.json\n'}
[1.840769] (px4_msgs) StdoutLine: {'line': b'-- Up-to-date: /home/harsh/ros2_project/install/px4_msgs/share/px4_msgs/msg/LaunchDetectionStatus.json\n'}
[1.840852] (px4_msgs) StdoutLine: {'line': b'-- Up-to-date: /home/harsh/ros2_project/install/px4_msgs/share/px4_msgs/msg/LedControl.json\n'}
[1.840933] (px4_msgs) StdoutLine: {'line': b'-- Up-to-date: /home/harsh/ros2_project/install/px4_msgs/share/px4_msgs/msg/LogMessage.json\n'}
[1.841283] (px4_msgs) StdoutLine: {'line': b'-- Up-to-date: /home/harsh/ros2_project/install/px4_msgs/share/px4_msgs/msg/LoggerStatus.json\n'}
[1.841446] (px4_msgs) StdoutLine: {'line': b'-- Up-to-date: /home/harsh/ros2_project/install/px4_msgs/share/px4_msgs/msg/MagWorkerData.json\n'}
[1.841539] (px4_msgs) StdoutLine: {'line': b'-- Up-to-date: /home/harsh/ros2_project/install/px4_msgs/share/px4_msgs/msg/MagnetometerBiasEstimate.json\n'}
[1.841667] (px4_msgs) StdoutLine: {'line': b'-- Up-to-date: /home/harsh/ros2_project/install/px4_msgs/share/px4_msgs/msg/ManualControlSetpoint.json\n'}
[1.841753] (px4_msgs) StdoutLine: {'line': b'-- Up-to-date: /home/harsh/ros2_project/install/px4_msgs/share/px4_msgs/msg/ManualControlSwitches.json\n'}
[1.842067] (px4_msgs) StdoutLine: {'line': b'-- Up-to-date: /home/harsh/ros2_project/install/px4_msgs/share/px4_msgs/msg/MavlinkLog.json\n'}
[1.842276] (px4_msgs) StdoutLine: {'line': b'-- Up-to-date: /home/harsh/ros2_project/install/px4_msgs/share/px4_msgs/msg/MavlinkTunnel.json\n'}
[1.842429] (px4_msgs) StdoutLine: {'line': b'-- Up-to-date: /home/harsh/ros2_project/install/px4_msgs/share/px4_msgs/msg/MessageFormatRequest.json\n'}
[1.842539] (px4_msgs) StdoutLine: {'line': b'-- Up-to-date: /home/harsh/ros2_project/install/px4_msgs/share/px4_msgs/msg/MessageFormatResponse.json\n'}
[1.842628] (px4_msgs) StdoutLine: {'line': b'-- Up-to-date: /home/harsh/ros2_project/install/px4_msgs/share/px4_msgs/msg/Mission.json\n'}
[1.842721] (px4_msgs) StdoutLine: {'line': b'-- Up-to-date: /home/harsh/ros2_project/install/px4_msgs/share/px4_msgs/msg/MissionResult.json\n'}
[1.842801] (px4_msgs) StdoutLine: {'line': b'-- Up-to-date: /home/harsh/ros2_project/install/px4_msgs/share/px4_msgs/msg/ModeCompleted.json\n'}
[1.842900] (px4_msgs) StdoutLine: {'line': b'-- Up-to-date: /home/harsh/ros2_project/install/px4_msgs/share/px4_msgs/msg/MountOrientation.json\n'}
[1.843001] (px4_msgs) StdoutLine: {'line': b'-- Up-to-date: /home/harsh/ros2_project/install/px4_msgs/share/px4_msgs/msg/NavigatorMissionItem.json\n'}
[1.843112] (px4_msgs) StdoutLine: {'line': b'-- Up-to-date: /home/harsh/ros2_project/install/px4_msgs/share/px4_msgs/msg/NormalizedUnsignedSetpoint.json\n'}
[1.843202] (px4_msgs) StdoutLine: {'line': b'-- Up-to-date: /home/harsh/ros2_project/install/px4_msgs/share/px4_msgs/msg/NpfgStatus.json\n'}
[1.843299] (px4_msgs) StdoutLine: {'line': b'-- Up-to-date: /home/harsh/ros2_project/install/px4_msgs/share/px4_msgs/msg/ObstacleDistance.json\n'}
[1.843395] (px4_msgs) StdoutLine: {'line': b'-- Up-to-date: /home/harsh/ros2_project/install/px4_msgs/share/px4_msgs/msg/OffboardControlMode.json\n'}
[1.843624] (px4_msgs) StdoutLine: {'line': b'-- Up-to-date: /home/harsh/ros2_project/install/px4_msgs/share/px4_msgs/msg/OnboardComputerStatus.json\n'}
[1.843742] (px4_msgs) StdoutLine: {'line': b'-- Up-to-date: /home/harsh/ros2_project/install/px4_msgs/share/px4_msgs/msg/OrbTest.json\n'}
[1.843853] (px4_msgs) StdoutLine: {'line': b'-- Up-to-date: /home/harsh/ros2_project/install/px4_msgs/share/px4_msgs/msg/OrbTestLarge.json\n'}
[1.843948] (px4_msgs) StdoutLine: {'line': b'-- Up-to-date: /home/harsh/ros2_project/install/px4_msgs/share/px4_msgs/msg/OrbTestMedium.json\n'}
[1.844077] (px4_msgs) StdoutLine: {'line': b'-- Up-to-date: /home/harsh/ros2_project/install/px4_msgs/share/px4_msgs/msg/OrbitStatus.json\n'}
[1.844472] (px4_msgs) StdoutLine: {'line': b'-- Up-to-date: /home/harsh/ros2_project/install/px4_msgs/share/px4_msgs/msg/ParameterResetRequest.json\n'}
[1.844571] (px4_msgs) StdoutLine: {'line': b'-- Up-to-date: /home/harsh/ros2_project/install/px4_msgs/share/px4_msgs/msg/ParameterSetUsedRequest.json\n'}
[1.844651] (px4_msgs) StdoutLine: {'line': b'-- Up-to-date: /home/harsh/ros2_project/install/px4_msgs/share/px4_msgs/msg/ParameterSetValueRequest.json\n'}
[1.844742] (px4_msgs) StdoutLine: {'line': b'-- Up-to-date: /home/harsh/ros2_project/install/px4_msgs/share/px4_msgs/msg/ParameterSetValueResponse.json\n'}
[1.844834] (px4_msgs) StdoutLine: {'line': b'-- Up-to-date: /home/harsh/ros2_project/install/px4_msgs/share/px4_msgs/msg/ParameterUpdate.json\n'}
[1.844945] (px4_msgs) StdoutLine: {'line': b'-- Up-to-date: /home/harsh/ros2_project/install/px4_msgs/share/px4_msgs/msg/Ping.json\n'}
[1.845045] (px4_msgs) StdoutLine: {'line': b'-- Up-to-date: /home/harsh/ros2_project/install/px4_msgs/share/px4_msgs/msg/PositionControllerLandingStatus.json\n'}
[1.845126] (px4_msgs) StdoutLine: {'line': b'-- Up-to-date: /home/harsh/ros2_project/install/px4_msgs/share/px4_msgs/msg/PositionControllerStatus.json\n'}
[1.845266] (px4_msgs) StdoutLine: {'line': b'-- Up-to-date: /home/harsh/ros2_project/install/px4_msgs/share/px4_msgs/msg/PositionSetpoint.json\n'}
[1.845346] (px4_msgs) StdoutLine: {'line': b'-- Up-to-date: /home/harsh/ros2_project/install/px4_msgs/share/px4_msgs/msg/PositionSetpointTriplet.json\n'}
[1.845422] (px4_msgs) StdoutLine: {'line': b'-- Up-to-date: /home/harsh/ros2_project/install/px4_msgs/share/px4_msgs/msg/PowerButtonState.json\n'}
[1.845494] (px4_msgs) StdoutLine: {'line': b'-- Up-to-date: /home/harsh/ros2_project/install/px4_msgs/share/px4_msgs/msg/PowerMonitor.json\n'}
[1.845571] (px4_msgs) StdoutLine: {'line': b'-- Up-to-date: /home/harsh/ros2_project/install/px4_msgs/share/px4_msgs/msg/PpsCapture.json\n'}
[1.845650] (px4_msgs) StdoutLine: {'line': b'-- Up-to-date: /home/harsh/ros2_project/install/px4_msgs/share/px4_msgs/msg/PwmInput.json\n'}
[1.845727] (px4_msgs) StdoutLine: {'line': b'-- Up-to-date: /home/harsh/ros2_project/install/px4_msgs/share/px4_msgs/msg/Px4ioStatus.json\n'}
[1.845809] (px4_msgs) StdoutLine: {'line': b'-- Up-to-date: /home/harsh/ros2_project/install/px4_msgs/share/px4_msgs/msg/QshellReq.json\n'}
[1.845889] (px4_msgs) StdoutLine: {'line': b'-- Up-to-date: /home/harsh/ros2_project/install/px4_msgs/share/px4_msgs/msg/QshellRetval.json\n'}
[1.845968] (px4_msgs) StdoutLine: {'line': b'-- Up-to-date: /home/harsh/ros2_project/install/px4_msgs/share/px4_msgs/msg/RadioStatus.json\n'}
[1.846074] (px4_msgs) StdoutLine: {'line': b'-- Up-to-date: /home/harsh/ros2_project/install/px4_msgs/share/px4_msgs/msg/RateCtrlStatus.json\n'}
[1.846184] (px4_msgs) StdoutLine: {'line': b'-- Up-to-date: /home/harsh/ros2_project/install/px4_msgs/share/px4_msgs/msg/RcChannels.json\n'}
[1.846292] (px4_msgs) StdoutLine: {'line': b'-- Up-to-date: /home/harsh/ros2_project/install/px4_msgs/share/px4_msgs/msg/RcParameterMap.json\n'}
[1.846397] (px4_msgs) StdoutLine: {'line': b'-- Up-to-date: /home/harsh/ros2_project/install/px4_msgs/share/px4_msgs/msg/RegisterExtComponentReply.json\n'}
[1.846495] (px4_msgs) StdoutLine: {'line': b'-- Up-to-date: /home/harsh/ros2_project/install/px4_msgs/share/px4_msgs/msg/RegisterExtComponentRequest.json\n'}
[1.846598] (px4_msgs) StdoutLine: {'line': b'-- Up-to-date: /home/harsh/ros2_project/install/px4_msgs/share/px4_msgs/msg/Rpm.json\n'}
[1.846696] (px4_msgs) StdoutLine: {'line': b'-- Up-to-date: /home/harsh/ros2_project/install/px4_msgs/share/px4_msgs/msg/RtlStatus.json\n'}
[1.846802] (px4_msgs) StdoutLine: {'line': b'-- Up-to-date: /home/harsh/ros2_project/install/px4_msgs/share/px4_msgs/msg/RtlTimeEstimate.json\n'}
[1.846906] (px4_msgs) StdoutLine: {'line': b'-- Up-to-date: /home/harsh/ros2_project/install/px4_msgs/share/px4_msgs/msg/SatelliteInfo.json\n'}
[1.847035] (px4_msgs) StdoutLine: {'line': b'-- Up-to-date: /home/harsh/ros2_project/install/px4_msgs/share/px4_msgs/msg/SensorAccel.json\n'}
[1.847177] (px4_msgs) StdoutLine: {'line': b'-- Up-to-date: /home/harsh/ros2_project/install/px4_msgs/share/px4_msgs/msg/SensorAccelFifo.json\n'}
[1.847260] (px4_msgs) StdoutLine: {'line': b'-- Up-to-date: /home/harsh/ros2_project/install/px4_msgs/share/px4_msgs/msg/SensorAirflow.json\n'}
[1.847341] (px4_msgs) StdoutLine: {'line': b'-- Up-to-date: /home/harsh/ros2_project/install/px4_msgs/share/px4_msgs/msg/SensorBaro.json\n'}
[1.847421] (px4_msgs) StdoutLine: {'line': b'-- Up-to-date: /home/harsh/ros2_project/install/px4_msgs/share/px4_msgs/msg/SensorCombined.json\n'}
[1.847535] (px4_msgs) StdoutLine: {'line': b'-- Up-to-date: /home/harsh/ros2_project/install/px4_msgs/share/px4_msgs/msg/SensorCorrection.json\n'}
[1.847645] (px4_msgs) StdoutLine: {'line': b'-- Up-to-date: /home/harsh/ros2_project/install/px4_msgs/share/px4_msgs/msg/SensorGnssRelative.json\n'}
[1.847754] (px4_msgs) StdoutLine: {'line': b'-- Up-to-date: /home/harsh/ros2_project/install/px4_msgs/share/px4_msgs/msg/SensorGps.json\n'}
[1.847840] (px4_msgs) StdoutLine: {'line': b'-- Up-to-date: /home/harsh/ros2_project/install/px4_msgs/share/px4_msgs/msg/SensorGyro.json\n'}
[1.848006] (px4_msgs) StdoutLine: {'line': b'-- Up-to-date: /home/harsh/ros2_project/install/px4_msgs/share/px4_msgs/msg/SensorGyroFft.json\n'}
[1.848128] (px4_msgs) StdoutLine: {'line': b'-- Up-to-date: /home/harsh/ros2_project/install/px4_msgs/share/px4_msgs/msg/SensorGyroFifo.json\n'}
[1.848213] (px4_msgs) StdoutLine: {'line': b'-- Up-to-date: /home/harsh/ros2_project/install/px4_msgs/share/px4_msgs/msg/SensorHygrometer.json\n'}
[1.848297] (px4_msgs) StdoutLine: {'line': b'-- Up-to-date: /home/harsh/ros2_project/install/px4_msgs/share/px4_msgs/msg/SensorMag.json\n'}
[1.848377] (px4_msgs) StdoutLine: {'line': b'-- Up-to-date: /home/harsh/ros2_project/install/px4_msgs/share/px4_msgs/msg/SensorOpticalFlow.json\n'}
[1.848457] (px4_msgs) StdoutLine: {'line': b'-- Up-to-date: /home/harsh/ros2_project/install/px4_msgs/share/px4_msgs/msg/SensorPreflightMag.json\n'}
[1.848548] (px4_msgs) StdoutLine: {'line': b'-- Up-to-date: /home/harsh/ros2_project/install/px4_msgs/share/px4_msgs/msg/SensorSelection.json\n'}
[1.848640] (px4_msgs) StdoutLine: {'line': b'-- Up-to-date: /home/harsh/ros2_project/install/px4_msgs/share/px4_msgs/msg/SensorUwb.json\n'}
[1.848726] (px4_msgs) StdoutLine: {'line': b'-- Up-to-date: /home/harsh/ros2_project/install/px4_msgs/share/px4_msgs/msg/SensorsStatus.json\n'}
[1.848822] (px4_msgs) StdoutLine: {'line': b'-- Up-to-date: /home/harsh/ros2_project/install/px4_msgs/share/px4_msgs/msg/SensorsStatusImu.json\n'}
[1.848904] (px4_msgs) StdoutLine: {'line': b'-- Up-to-date: /home/harsh/ros2_project/install/px4_msgs/share/px4_msgs/msg/SystemPower.json\n'}
[1.849003] (px4_msgs) StdoutLine: {'line': b'-- Up-to-date: /home/harsh/ros2_project/install/px4_msgs/share/px4_msgs/msg/TakeoffStatus.json\n'}
[1.849137] (px4_msgs) StdoutLine: {'line': b'-- Up-to-date: /home/harsh/ros2_project/install/px4_msgs/share/px4_msgs/msg/TaskStackInfo.json\n'}
[1.849225] (px4_msgs) StdoutLine: {'line': b'-- Up-to-date: /home/harsh/ros2_project/install/px4_msgs/share/px4_msgs/msg/TecsStatus.json\n'}
[1.849317] (px4_msgs) StdoutLine: {'line': b'-- Up-to-date: /home/harsh/ros2_project/install/px4_msgs/share/px4_msgs/msg/TelemetryStatus.json\n'}
[1.849403] (px4_msgs) StdoutLine: {'line': b'-- Up-to-date: /home/harsh/ros2_project/install/px4_msgs/share/px4_msgs/msg/TiltrotorExtraControls.json\n'}
[1.849487] (px4_msgs) StdoutLine: {'line': b'-- Up-to-date: /home/harsh/ros2_project/install/px4_msgs/share/px4_msgs/msg/TimesyncStatus.json\n'}
[1.849573] (px4_msgs) StdoutLine: {'line': b'-- Up-to-date: /home/harsh/ros2_project/install/px4_msgs/share/px4_msgs/msg/TrajectoryBezier.json\n'}
[1.849668] (px4_msgs) StdoutLine: {'line': b'-- Up-to-date: /home/harsh/ros2_project/install/px4_msgs/share/px4_msgs/msg/TrajectorySetpoint.json\n'}
[1.849754] (px4_msgs) StdoutLine: {'line': b'-- Up-to-date: /home/harsh/ros2_project/install/px4_msgs/share/px4_msgs/msg/TrajectoryWaypoint.json\n'}
[1.849844] (px4_msgs) StdoutLine: {'line': b'-- Up-to-date: /home/harsh/ros2_project/install/px4_msgs/share/px4_msgs/msg/TransponderReport.json\n'}
[1.849929] (px4_msgs) StdoutLine: {'line': b'-- Up-to-date: /home/harsh/ros2_project/install/px4_msgs/share/px4_msgs/msg/TuneControl.json\n'}
[1.850085] (px4_msgs) StdoutLine: {'line': b'-- Up-to-date: /home/harsh/ros2_project/install/px4_msgs/share/px4_msgs/msg/UavcanParameterRequest.json\n'}
[1.850168] (px4_msgs) StdoutLine: {'line': b'-- Up-to-date: /home/harsh/ros2_project/install/px4_msgs/share/px4_msgs/msg/UavcanParameterValue.json\n'}
[1.850258] (px4_msgs) StdoutLine: {'line': b'-- Up-to-date: /home/harsh/ros2_project/install/px4_msgs/share/px4_msgs/msg/UlogStream.json\n'}
[1.850364] (px4_msgs) StdoutLine: {'line': b'-- Up-to-date: /home/harsh/ros2_project/install/px4_msgs/share/px4_msgs/msg/UlogStreamAck.json\n'}
[1.850472] (px4_msgs) StdoutLine: {'line': b'-- Up-to-date: /home/harsh/ros2_project/install/px4_msgs/share/px4_msgs/msg/UnregisterExtComponent.json\n'}
[1.850557] (px4_msgs) StdoutLine: {'line': b'-- Up-to-date: /home/harsh/ros2_project/install/px4_msgs/share/px4_msgs/msg/VehicleAcceleration.json\n'}
[1.850639] (px4_msgs) StdoutLine: {'line': b'-- Up-to-date: /home/harsh/ros2_project/install/px4_msgs/share/px4_msgs/msg/VehicleAirData.json\n'}
[1.850713] (px4_msgs) StdoutLine: {'line': b'-- Up-to-date: /home/harsh/ros2_project/install/px4_msgs/share/px4_msgs/msg/VehicleAngularAccelerationSetpoint.json\n'}
[1.850788] (px4_msgs) StdoutLine: {'line': b'-- Up-to-date: /home/harsh/ros2_project/install/px4_msgs/share/px4_msgs/msg/VehicleAngularVelocity.json\n'}
[1.850921] (px4_msgs) StdoutLine: {'line': b'-- Up-to-date: /home/harsh/ros2_project/install/px4_msgs/share/px4_msgs/msg/VehicleAttitude.json\n'}
[1.851009] (px4_msgs) StdoutLine: {'line': b'-- Up-to-date: /home/harsh/ros2_project/install/px4_msgs/share/px4_msgs/msg/VehicleAttitudeSetpoint.json\n'}
[1.851089] (px4_msgs) StdoutLine: {'line': b'-- Up-to-date: /home/harsh/ros2_project/install/px4_msgs/share/px4_msgs/msg/VehicleCommand.json\n'}
[1.851161] (px4_msgs) StdoutLine: {'line': b'-- Up-to-date: /home/harsh/ros2_project/install/px4_msgs/share/px4_msgs/msg/VehicleCommandAck.json\n'}
[1.851231] (px4_msgs) StdoutLine: {'line': b'-- Up-to-date: /home/harsh/ros2_project/install/px4_msgs/share/px4_msgs/msg/VehicleConstraints.json\n'}
[1.851305] (px4_msgs) StdoutLine: {'line': b'-- Up-to-date: /home/harsh/ros2_project/install/px4_msgs/share/px4_msgs/msg/VehicleControlMode.json\n'}
[1.851378] (px4_msgs) StdoutLine: {'line': b'-- Up-to-date: /home/harsh/ros2_project/install/px4_msgs/share/px4_msgs/msg/VehicleGlobalPosition.json\n'}
[1.851452] (px4_msgs) StdoutLine: {'line': b'-- Up-to-date: /home/harsh/ros2_project/install/px4_msgs/share/px4_msgs/msg/VehicleImu.json\n'}
[1.851527] (px4_msgs) StdoutLine: {'line': b'-- Up-to-date: /home/harsh/ros2_project/install/px4_msgs/share/px4_msgs/msg/VehicleImuStatus.json\n'}
[1.851604] (px4_msgs) StdoutLine: {'line': b'-- Up-to-date: /home/harsh/ros2_project/install/px4_msgs/share/px4_msgs/msg/VehicleLandDetected.json\n'}
[1.851681] (px4_msgs) StdoutLine: {'line': b'-- Up-to-date: /home/harsh/ros2_project/install/px4_msgs/share/px4_msgs/msg/VehicleLocalPosition.json\n'}
[1.851759] (px4_msgs) StdoutLine: {'line': b'-- Up-to-date: /home/harsh/ros2_project/install/px4_msgs/share/px4_msgs/msg/VehicleLocalPositionSetpoint.json\n'}
[1.851839] (px4_msgs) StdoutLine: {'line': b'-- Up-to-date: /home/harsh/ros2_project/install/px4_msgs/share/px4_msgs/msg/VehicleMagnetometer.json\n'}
[1.851918] (px4_msgs) StdoutLine: {'line': b'-- Up-to-date: /home/harsh/ros2_project/install/px4_msgs/share/px4_msgs/msg/VehicleOdometry.json\n'}
[1.852004] (px4_msgs) StdoutLine: {'line': b'-- Up-to-date: /home/harsh/ros2_project/install/px4_msgs/share/px4_msgs/msg/VehicleOpticalFlow.json\n'}
[1.852085] (px4_msgs) StdoutLine: {'line': b'-- Up-to-date: /home/harsh/ros2_project/install/px4_msgs/share/px4_msgs/msg/VehicleOpticalFlowVel.json\n'}
[1.852162] (px4_msgs) StdoutLine: {'line': b'-- Up-to-date: /home/harsh/ros2_project/install/px4_msgs/share/px4_msgs/msg/VehicleRatesSetpoint.json\n'}
[1.852235] (px4_msgs) StdoutLine: {'line': b'-- Up-to-date: /home/harsh/ros2_project/install/px4_msgs/share/px4_msgs/msg/VehicleRoi.json\n'}
[1.852305] (px4_msgs) StdoutLine: {'line': b'-- Up-to-date: /home/harsh/ros2_project/install/px4_msgs/share/px4_msgs/msg/VehicleStatus.json\n'}
[1.852407] (px4_msgs) StdoutLine: {'line': b'-- Up-to-date: /home/harsh/ros2_project/install/px4_msgs/share/px4_msgs/msg/VehicleThrustSetpoint.json\n'}
[1.852481] (px4_msgs) StdoutLine: {'line': b'-- Up-to-date: /home/harsh/ros2_project/install/px4_msgs/share/px4_msgs/msg/VehicleTorqueSetpoint.json\n'}
[1.852549] (px4_msgs) StdoutLine: {'line': b'-- Up-to-date: /home/harsh/ros2_project/install/px4_msgs/share/px4_msgs/msg/VehicleTrajectoryBezier.json\n'}
[1.852613] (px4_msgs) StdoutLine: {'line': b'-- Up-to-date: /home/harsh/ros2_project/install/px4_msgs/share/px4_msgs/msg/VehicleTrajectoryWaypoint.json\n'}
[1.852678] (px4_msgs) StdoutLine: {'line': b'-- Up-to-date: /home/harsh/ros2_project/install/px4_msgs/share/px4_msgs/msg/VelocityLimits.json\n'}
[1.852800] (px4_msgs) StdoutLine: {'line': b'-- Up-to-date: /home/harsh/ros2_project/install/px4_msgs/share/px4_msgs/msg/VtolVehicleStatus.json\n'}
[1.852864] (px4_msgs) StdoutLine: {'line': b'-- Up-to-date: /home/harsh/ros2_project/install/px4_msgs/share/px4_msgs/msg/WheelEncoders.json\n'}
[1.852929] (px4_msgs) StdoutLine: {'line': b'-- Up-to-date: /home/harsh/ros2_project/install/px4_msgs/share/px4_msgs/msg/Wind.json\n'}
[1.853004] (px4_msgs) StdoutLine: {'line': b'-- Up-to-date: /home/harsh/ros2_project/install/px4_msgs/share/px4_msgs/msg/YawEstimatorStatus.json\n'}
[1.853073] (px4_msgs) StdoutLine: {'line': b'-- Up-to-date: /home/harsh/ros2_project/install/px4_msgs/share/px4_msgs/srv/VehicleCommand.json\n'}
[1.853135] (px4_msgs) StdoutLine: {'line': b'-- Up-to-date: /home/harsh/ros2_project/install/px4_msgs/include/px4_msgs/px4_msgs\n'}
[1.853201] (px4_msgs) StdoutLine: {'line': b'-- Up-to-date: /home/harsh/ros2_project/install/px4_msgs/include/px4_msgs/px4_msgs/msg\n'}
[1.853263] (px4_msgs) StdoutLine: {'line': b'-- Up-to-date: /home/harsh/ros2_project/install/px4_msgs/include/px4_msgs/px4_msgs/msg/manual_control_switches.h\n'}
[1.853328] (px4_msgs) StdoutLine: {'line': b'-- Up-to-date: /home/harsh/ros2_project/install/px4_msgs/include/px4_msgs/px4_msgs/msg/debug_value.h\n'}
[1.853394] (px4_msgs) StdoutLine: {'line': b'-- Up-to-date: /home/harsh/ros2_project/install/px4_msgs/include/px4_msgs/px4_msgs/msg/gimbal_device_attitude_status.h\n'}
[1.853461] (px4_msgs) StdoutLine: {'line': b'-- Up-to-date: /home/harsh/ros2_project/install/px4_msgs/include/px4_msgs/px4_msgs/msg/system_power.h\n'}
[1.853528] (px4_msgs) StdoutLine: {'line': b'-- Up-to-date: /home/harsh/ros2_project/install/px4_msgs/include/px4_msgs/px4_msgs/msg/qshell_retval.h\n'}
[1.853592] (px4_msgs) StdoutLine: {'line': b'-- Up-to-date: /home/harsh/ros2_project/install/px4_msgs/include/px4_msgs/px4_msgs/msg/sensor_accel.h\n'}
[1.853656] (px4_msgs) StdoutLine: {'line': b'-- Up-to-date: /home/harsh/ros2_project/install/px4_msgs/include/px4_msgs/px4_msgs/msg/cpuload.h\n'}
[1.853722] (px4_msgs) StdoutLine: {'line': b'-- Up-to-date: /home/harsh/ros2_project/install/px4_msgs/include/px4_msgs/px4_msgs/msg/estimator_aid_source3d.h\n'}
[1.853788] (px4_msgs) StdoutLine: {'line': b'-- Up-to-date: /home/harsh/ros2_project/install/px4_msgs/include/px4_msgs/px4_msgs/msg/estimator_gps_status.h\n'}
[1.853852] (px4_msgs) StdoutLine: {'line': b'-- Up-to-date: /home/harsh/ros2_project/install/px4_msgs/include/px4_msgs/px4_msgs/msg/wheel_encoders.h\n'}
[1.853913] (px4_msgs) StdoutLine: {'line': b'-- Up-to-date: /home/harsh/ros2_project/install/px4_msgs/include/px4_msgs/px4_msgs/msg/landing_gear_wheel.h\n'}
[1.853996] (px4_msgs) StdoutLine: {'line': b'-- Up-to-date: /home/harsh/ros2_project/install/px4_msgs/include/px4_msgs/px4_msgs/msg/estimator_aid_source1d.h\n'}
[1.854387] (px4_msgs) StdoutLine: {'line': b'-- Up-to-date: /home/harsh/ros2_project/install/px4_msgs/include/px4_msgs/px4_msgs/msg/mag_worker_data.h\n'}
[1.854530] (px4_msgs) StdoutLine: {'line': b'-- Up-to-date: /home/harsh/ros2_project/install/px4_msgs/include/px4_msgs/px4_msgs/msg/adc_report.h\n'}
[1.854651] (px4_msgs) StdoutLine: {'line': b'-- Up-to-date: /home/harsh/ros2_project/install/px4_msgs/include/px4_msgs/px4_msgs/msg/orb_test.h\n'}
[1.854762] (px4_msgs) StdoutLine: {'line': b'-- Up-to-date: /home/harsh/ros2_project/install/px4_msgs/include/px4_msgs/px4_msgs/msg/launch_detection_status.h\n'}
[1.854870] (px4_msgs) StdoutLine: {'line': b'-- Up-to-date: /home/harsh/ros2_project/install/px4_msgs/include/px4_msgs/px4_msgs/msg/landing_gear.h\n'}
[1.854977] (px4_msgs) StdoutLine: {'line': b'-- Up-to-date: /home/harsh/ros2_project/install/px4_msgs/include/px4_msgs/px4_msgs/msg/vehicle_constraints.h\n'}
[1.855427] (px4_msgs) StdoutLine: {'line': b'-- Up-to-date: /home/harsh/ros2_project/install/px4_msgs/include/px4_msgs/px4_msgs/msg/sensor_combined.h\n'}
[1.855557] (px4_msgs) StdoutLine: {'line': b'-- Up-to-date: /home/harsh/ros2_project/install/px4_msgs/include/px4_msgs/px4_msgs/msg/debug_array.h\n'}
[1.855682] (px4_msgs) StdoutLine: {'line': b'-- Up-to-date: /home/harsh/ros2_project/install/px4_msgs/include/px4_msgs/px4_msgs/msg/ulog_stream_ack.h\n'}
[1.855834] (px4_msgs) StdoutLine: {'line': b'-- Up-to-date: /home/harsh/ros2_project/install/px4_msgs/include/px4_msgs/px4_msgs/msg/gps_dump.h\n'}
[1.855945] (px4_msgs) StdoutLine: {'line': b'-- Up-to-date: /home/harsh/ros2_project/install/px4_msgs/include/px4_msgs/px4_msgs/msg/gpio_request.h\n'}
[1.856087] (px4_msgs) StdoutLine: {'line': b'-- Up-to-date: /home/harsh/ros2_project/install/px4_msgs/include/px4_msgs/px4_msgs/msg/vehicle_command_ack.h\n'}
[1.856198] (px4_msgs) StdoutLine: {'line': b'-- Up-to-date: /home/harsh/ros2_project/install/px4_msgs/include/px4_msgs/px4_msgs/msg/debug_key_value.h\n'}
[1.856299] (px4_msgs) StdoutLine: {'line': b'-- Up-to-date: /home/harsh/ros2_project/install/px4_msgs/include/px4_msgs/px4_msgs/msg/estimator_bias.h\n'}
[1.856404] (px4_msgs) StdoutLine: {'line': b'-- Up-to-date: /home/harsh/ros2_project/install/px4_msgs/include/px4_msgs/px4_msgs/msg/mission.h\n'}
[1.856509] (px4_msgs) StdoutLine: {'line': b'-- Up-to-date: /home/harsh/ros2_project/install/px4_msgs/include/px4_msgs/px4_msgs/msg/estimator_aid_source2d.h\n'}
[1.856615] (px4_msgs) StdoutLine: {'line': b'-- Up-to-date: /home/harsh/ros2_project/install/px4_msgs/include/px4_msgs/px4_msgs/msg/airspeed.h\n'}
[1.856718] (px4_msgs) StdoutLine: {'line': b'-- Up-to-date: /home/harsh/ros2_project/install/px4_msgs/include/px4_msgs/px4_msgs/msg/vehicle_torque_setpoint.h\n'}
[1.856821] (px4_msgs) StdoutLine: {'line': b'-- Up-to-date: /home/harsh/ros2_project/install/px4_msgs/include/px4_msgs/px4_msgs/msg/actuator_controls_status.h\n'}
[1.856926] (px4_msgs) StdoutLine: {'line': b'-- Up-to-date: /home/harsh/ros2_project/install/px4_msgs/include/px4_msgs/px4_msgs/msg/logger_status.h\n'}
[1.857106] (px4_msgs) StdoutLine: {'line': b'-- Up-to-date: /home/harsh/ros2_project/install/px4_msgs/include/px4_msgs/px4_msgs/msg/actuator_test.h\n'}
[1.857254] (px4_msgs) StdoutLine: {'line': b'-- Up-to-date: /home/harsh/ros2_project/install/px4_msgs/include/px4_msgs/px4_msgs/msg/px4io_status.h\n'}
[1.857360] (px4_msgs) StdoutLine: {'line': b'-- Up-to-date: /home/harsh/ros2_project/install/px4_msgs/include/px4_msgs/px4_msgs/msg/npfg_status.h\n'}
[1.857464] (px4_msgs) StdoutLine: {'line': b'-- Up-to-date: /home/harsh/ros2_project/install/px4_msgs/include/px4_msgs/px4_msgs/msg/message_format_request.h\n'}
[1.857568] (px4_msgs) StdoutLine: {'line': b'-- Up-to-date: /home/harsh/ros2_project/install/px4_msgs/include/px4_msgs/px4_msgs/msg/button_event.h\n'}
[1.857671] (px4_msgs) StdoutLine: {'line': b'-- Up-to-date: /home/harsh/ros2_project/install/px4_msgs/include/px4_msgs/px4_msgs/msg/tiltrotor_extra_controls.h\n'}
[1.857774] (px4_msgs) StdoutLine: {'line': b'-- Up-to-date: /home/harsh/ros2_project/install/px4_msgs/include/px4_msgs/px4_msgs/msg/ekf2_timestamps.h\n'}
[1.857877] (px4_msgs) StdoutLine: {'line': b'-- Up-to-date: /home/harsh/ros2_project/install/px4_msgs/include/px4_msgs/px4_msgs/msg/position_controller_landing_status.h\n'}
[1.857986] (px4_msgs) StdoutLine: {'line': b'-- Up-to-date: /home/harsh/ros2_project/install/px4_msgs/include/px4_msgs/px4_msgs/msg/estimator_states.h\n'}
[1.858180] (px4_msgs) StdoutLine: {'line': b'-- Up-to-date: /home/harsh/ros2_project/install/px4_msgs/include/px4_msgs/px4_msgs/msg/collision_report.h\n'}
[1.858281] (px4_msgs) StdoutLine: {'line': b'-- Up-to-date: /home/harsh/ros2_project/install/px4_msgs/include/px4_msgs/px4_msgs/msg/camera_capture.h\n'}
[1.858382] (px4_msgs) StdoutLine: {'line': b'-- Up-to-date: /home/harsh/ros2_project/install/px4_msgs/include/px4_msgs/px4_msgs/msg/sensor_mag.h\n'}
[1.858483] (px4_msgs) StdoutLine: {'line': b'-- Up-to-date: /home/harsh/ros2_project/install/px4_msgs/include/px4_msgs/px4_msgs/msg/sensor_gps.h\n'}
[1.858579] (px4_msgs) StdoutLine: {'line': b'-- Up-to-date: /home/harsh/ros2_project/install/px4_msgs/include/px4_msgs/px4_msgs/msg/gpio_config.h\n'}
[1.858675] (px4_msgs) StdoutLine: {'line': b'-- Up-to-date: /home/harsh/ros2_project/install/px4_msgs/include/px4_msgs/px4_msgs/msg/telemetry_status.h\n'}
[1.858809] (px4_msgs) StdoutLine: {'line': b'-- Up-to-date: /home/harsh/ros2_project/install/px4_msgs/include/px4_msgs/px4_msgs/msg/gimbal_manager_set_manual_control.h\n'}
[1.858909] (px4_msgs) StdoutLine: {'line': b'-- Up-to-date: /home/harsh/ros2_project/install/px4_msgs/include/px4_msgs/px4_msgs/msg/esc_report.h\n'}
[1.859040] (px4_msgs) StdoutLine: {'line': b'-- Up-to-date: /home/harsh/ros2_project/install/px4_msgs/include/px4_msgs/px4_msgs/msg/mount_orientation.h\n'}
[1.859174] (px4_msgs) StdoutLine: {'line': b'-- Up-to-date: /home/harsh/ros2_project/install/px4_msgs/include/px4_msgs/px4_msgs/msg/failsafe_flags.h\n'}
[1.859274] (px4_msgs) StdoutLine: {'line': b'-- Up-to-date: /home/harsh/ros2_project/install/px4_msgs/include/px4_msgs/px4_msgs/msg/arming_check_reply.h\n'}
[1.859371] (px4_msgs) StdoutLine: {'line': b'-- Up-to-date: /home/harsh/ros2_project/install/px4_msgs/include/px4_msgs/px4_msgs/msg/geofence_result.h\n'}
[1.859467] (px4_msgs) StdoutLine: {'line': b'-- Up-to-date: /home/harsh/ros2_project/install/px4_msgs/include/px4_msgs/px4_msgs/msg/vehicle_global_position.h\n'}
[1.859564] (px4_msgs) StdoutLine: {'line': b'-- Up-to-date: /home/harsh/ros2_project/install/px4_msgs/include/px4_msgs/px4_msgs/msg/config_overrides.h\n'}
[1.859661] (px4_msgs) StdoutLine: {'line': b'-- Up-to-date: /home/harsh/ros2_project/install/px4_msgs/include/px4_msgs/px4_msgs/msg/action_request.h\n'}
[1.859758] (px4_msgs) StdoutLine: {'line': b'-- Up-to-date: /home/harsh/ros2_project/install/px4_msgs/include/px4_msgs/px4_msgs/msg/orbit_status.h\n'}
[1.859854] (px4_msgs) StdoutLine: {'line': b'-- Up-to-date: /home/harsh/ros2_project/install/px4_msgs/include/px4_msgs/px4_msgs/msg/sensor_gyro.h\n'}
[1.859952] (px4_msgs) StdoutLine: {'line': b'-- Up-to-date: /home/harsh/ros2_project/install/px4_msgs/include/px4_msgs/px4_msgs/msg/vehicle_attitude_setpoint.h\n'}
[1.860157] (px4_msgs) StdoutLine: {'line': b'-- Up-to-date: /home/harsh/ros2_project/install/px4_msgs/include/px4_msgs/px4_msgs/msg/pps_capture.h\n'}
[1.860273] (px4_msgs) StdoutLine: {'line': b'-- Up-to-date: /home/harsh/ros2_project/install/px4_msgs/include/px4_msgs/px4_msgs/msg/vehicle_imu_status.h\n'}
[1.860367] (px4_msgs) StdoutLine: {'line': b'-- Up-to-date: /home/harsh/ros2_project/install/px4_msgs/include/px4_msgs/px4_msgs/msg/estimator_status.h\n'}
[1.860464] (px4_msgs) StdoutLine: {'line': b'-- Up-to-date: /home/harsh/ros2_project/install/px4_msgs/include/px4_msgs/px4_msgs/msg/airspeed_validated.h\n'}
[1.860561] (px4_msgs) StdoutLine: {'line': b'-- Up-to-date: /home/harsh/ros2_project/install/px4_msgs/include/px4_msgs/px4_msgs/msg/cellular_status.h\n'}
[1.860658] (px4_msgs) StdoutLine: {'line': b'-- Up-to-date: /home/harsh/ros2_project/install/px4_msgs/include/px4_msgs/px4_msgs/msg/unregister_ext_component.h\n'}
[1.860754] (px4_msgs) StdoutLine: {'line': b'-- Up-to-date: /home/harsh/ros2_project/install/px4_msgs/include/px4_msgs/px4_msgs/msg/sensor_correction.h\n'}
[1.860852] (px4_msgs) StdoutLine: {'line': b'-- Up-to-date: /home/harsh/ros2_project/install/px4_msgs/include/px4_msgs/px4_msgs/msg/gpio_out.h\n'}
[1.860947] (px4_msgs) StdoutLine: {'line': b'-- Up-to-date: /home/harsh/ros2_project/install/px4_msgs/include/px4_msgs/px4_msgs/msg/ulog_stream.h\n'}
[1.861059] (px4_msgs) StdoutLine: {'line': b'-- Up-to-date: /home/harsh/ros2_project/install/px4_msgs/include/px4_msgs/px4_msgs/msg/autotune_attitude_control_status.h\n'}
[1.861159] (px4_msgs) StdoutLine: {'line': b'-- Up-to-date: /home/harsh/ros2_project/install/px4_msgs/include/px4_msgs/px4_msgs/msg/mavlink_log.h\n'}
[1.861256] (px4_msgs) StdoutLine: {'line': b'-- Up-to-date: /home/harsh/ros2_project/install/px4_msgs/include/px4_msgs/px4_msgs/msg/gpio_in.h\n'}
[1.861352] (px4_msgs) StdoutLine: {'line': b'-- Up-to-date: /home/harsh/ros2_project/install/px4_msgs/include/px4_msgs/px4_msgs/msg/message_format_response.h\n'}
[1.861447] (px4_msgs) StdoutLine: {'line': b'-- Up-to-date: /home/harsh/ros2_project/install/px4_msgs/include/px4_msgs/px4_msgs/msg/parameter_update.h\n'}
[1.861582] (px4_msgs) StdoutLine: {'line': b'-- Up-to-date: /home/harsh/ros2_project/install/px4_msgs/include/px4_msgs/px4_msgs/msg/obstacle_distance.h\n'}
[1.861675] (px4_msgs) StdoutLine: {'line': b'-- Up-to-date: /home/harsh/ros2_project/install/px4_msgs/include/px4_msgs/px4_msgs/msg/gimbal_manager_set_attitude.h\n'}
[1.861768] (px4_msgs) StdoutLine: {'line': b'-- Up-to-date: /home/harsh/ros2_project/install/px4_msgs/include/px4_msgs/px4_msgs/msg/manual_control_setpoint.h\n'}
[1.861860] (px4_msgs) StdoutLine: {'line': b'-- Up-to-date: /home/harsh/ros2_project/install/px4_msgs/include/px4_msgs/px4_msgs/msg/input_rc.h\n'}
[1.861952] (px4_msgs) StdoutLine: {'line': b'-- Up-to-date: /home/harsh/ros2_project/install/px4_msgs/include/px4_msgs/px4_msgs/msg/vehicle_roi.h\n'}
[1.862209] (px4_msgs) StdoutLine: {'line': b'-- Up-to-date: /home/harsh/ros2_project/install/px4_msgs/include/px4_msgs/px4_msgs/msg/estimator_status_flags.h\n'}
[1.862325] (px4_msgs) StdoutLine: {'line': b'-- Up-to-date: /home/harsh/ros2_project/install/px4_msgs/include/px4_msgs/px4_msgs/msg/gimbal_device_set_attitude.h\n'}
[1.862421] (px4_msgs) StdoutLine: {'line': b'-- Up-to-date: /home/harsh/ros2_project/install/px4_msgs/include/px4_msgs/px4_msgs/msg/gimbal_controls.h\n'}
[1.862515] (px4_msgs) StdoutLine: {'line': b'-- Up-to-date: /home/harsh/ros2_project/install/px4_msgs/include/px4_msgs/px4_msgs/msg/vtol_vehicle_status.h\n'}
[1.862607] (px4_msgs) StdoutLine: {'line': b'-- Up-to-date: /home/harsh/ros2_project/install/px4_msgs/include/px4_msgs/px4_msgs/msg/vehicle_local_position.h\n'}
[1.862700] (px4_msgs) StdoutLine: {'line': b'-- Up-to-date: /home/harsh/ros2_project/install/px4_msgs/include/px4_msgs/px4_msgs/msg/vehicle_angular_acceleration_setpoint.h\n'}
[1.862792] (px4_msgs) StdoutLine: {'line': b'-- Up-to-date: /home/harsh/ros2_project/install/px4_msgs/include/px4_msgs/px4_msgs/msg/vehicle_thrust_setpoint.h\n'}
[1.862883] (px4_msgs) StdoutLine: {'line': b'-- Up-to-date: /home/harsh/ros2_project/install/px4_msgs/include/px4_msgs/px4_msgs/msg/trajectory_waypoint.h\n'}
[1.862973] (px4_msgs) StdoutLine: {'line': b'-- Up-to-date: /home/harsh/ros2_project/install/px4_msgs/include/px4_msgs/px4_msgs/msg/transponder_report.h\n'}
[1.863171] (px4_msgs) StdoutLine: {'line': b'-- Up-to-date: /home/harsh/ros2_project/install/px4_msgs/include/px4_msgs/px4_msgs/msg/tune_control.h\n'}
[1.863261] (px4_msgs) StdoutLine: {'line': b'-- Up-to-date: /home/harsh/ros2_project/install/px4_msgs/include/px4_msgs/px4_msgs/msg/actuator_servos.h\n'}
[1.863353] (px4_msgs) StdoutLine: {'line': b'-- Up-to-date: /home/harsh/ros2_project/install/px4_msgs/include/px4_msgs/px4_msgs/msg/takeoff_status.h\n'}
[1.863445] (px4_msgs) StdoutLine: {'line': b'-- Up-to-date: /home/harsh/ros2_project/install/px4_msgs/include/px4_msgs/px4_msgs/msg/trajectory_bezier.h\n'}
[1.863538] (px4_msgs) StdoutLine: {'line': b'-- Up-to-date: /home/harsh/ros2_project/install/px4_msgs/include/px4_msgs/px4_msgs/msg/vehicle_status.h\n'}
[1.863629] (px4_msgs) StdoutLine: {'line': b'-- Up-to-date: /home/harsh/ros2_project/install/px4_msgs/include/px4_msgs/px4_msgs/msg/vehicle_optical_flow_vel.h\n'}
[1.863720] (px4_msgs) StdoutLine: {'line': b'-- Up-to-date: /home/harsh/ros2_project/install/px4_msgs/include/px4_msgs/px4_msgs/msg/follow_target_status.h\n'}
[1.863806] (px4_msgs) StdoutLine: {'line': b'-- Up-to-date: /home/harsh/ros2_project/install/px4_msgs/include/px4_msgs/px4_msgs/msg/generator_status.h\n'}
[1.863949] (px4_msgs) StdoutLine: {'line': b'-- Up-to-date: /home/harsh/ros2_project/install/px4_msgs/include/px4_msgs/px4_msgs/msg/vehicle_odometry.h\n'}
[1.864111] (px4_msgs) StdoutLine: {'line': b'-- Up-to-date: /home/harsh/ros2_project/install/px4_msgs/include/px4_msgs/px4_msgs/msg/failure_detector_status.h\n'}
[1.864207] (px4_msgs) StdoutLine: {'line': b'-- Up-to-date: /home/harsh/ros2_project/install/px4_msgs/include/px4_msgs/px4_msgs/msg/gps_inject_data.h\n'}
[1.864289] (px4_msgs) StdoutLine: {'line': b'-- Up-to-date: /home/harsh/ros2_project/install/px4_msgs/include/px4_msgs/px4_msgs/msg/vehicle_command.h\n'}
[1.864391] (px4_msgs) StdoutLine: {'line': b'-- Up-to-date: /home/harsh/ros2_project/install/px4_msgs/include/px4_msgs/px4_msgs/msg/rc_channels.h\n'}
[1.864478] (px4_msgs) StdoutLine: {'line': b'-- Up-to-date: /home/harsh/ros2_project/install/px4_msgs/include/px4_msgs/px4_msgs/msg/follow_target_estimator.h\n'}
[1.864566] (px4_msgs) StdoutLine: {'line': b'-- Up-to-date: /home/harsh/ros2_project/install/px4_msgs/include/px4_msgs/px4_msgs/msg/offboard_control_mode.h\n'}
[1.864653] (px4_msgs) StdoutLine: {'line': b'-- Up-to-date: /home/harsh/ros2_project/install/px4_msgs/include/px4_msgs/px4_msgs/msg/qshell_req.h\n'}
[1.864740] (px4_msgs) StdoutLine: {'line': b'-- Up-to-date: /home/harsh/ros2_project/install/px4_msgs/include/px4_msgs/px4_msgs/msg/landing_target_innovations.h\n'}
[1.864828] (px4_msgs) StdoutLine: {'line': b'-- Up-to-date: /home/harsh/ros2_project/install/px4_msgs/include/px4_msgs/px4_msgs/msg/actuator_outputs.h\n'}
[1.864915] (px4_msgs) StdoutLine: {'line': b'-- Up-to-date: /home/harsh/ros2_project/install/px4_msgs/include/px4_msgs/px4_msgs/msg/yaw_estimator_status.h\n'}
[1.865128] (px4_msgs) StdoutLine: {'line': b'-- Up-to-date: /home/harsh/ros2_project/install/px4_msgs/include/px4_msgs/px4_msgs/msg/sensor_baro.h\n'}
[1.865284] (px4_msgs) StdoutLine: {'line': b'-- Up-to-date: /home/harsh/ros2_project/install/px4_msgs/include/px4_msgs/px4_msgs/msg/parameter_set_value_request.h\n'}
[1.865373] (px4_msgs) StdoutLine: {'line': b'-- Up-to-date: /home/harsh/ros2_project/install/px4_msgs/include/px4_msgs/px4_msgs/msg/magnetometer_bias_estimate.h\n'}
[1.865453] (px4_msgs) StdoutLine: {'line': b'-- Up-to-date: /home/harsh/ros2_project/install/px4_msgs/include/px4_msgs/px4_msgs/msg/vehicle_air_data.h\n'}
[1.865527] (px4_msgs) StdoutLine: {'line': b'-- Up-to-date: /home/harsh/ros2_project/install/px4_msgs/include/px4_msgs/px4_msgs/msg/goto_setpoint.h\n'}
[1.865600] (px4_msgs) StdoutLine: {'line': b'-- Up-to-date: /home/harsh/ros2_project/install/px4_msgs/include/px4_msgs/px4_msgs/msg/sensor_gyro_fifo.h\n'}
[1.865673] (px4_msgs) StdoutLine: {'line': b'-- Up-to-date: /home/harsh/ros2_project/install/px4_msgs/include/px4_msgs/px4_msgs/msg/power_monitor.h\n'}
[1.865744] (px4_msgs) StdoutLine: {'line': b'-- Up-to-date: /home/harsh/ros2_project/install/px4_msgs/include/px4_msgs/px4_msgs/msg/position_controller_status.h\n'}
[1.865815] (px4_msgs) StdoutLine: {'line': b'-- Up-to-date: /home/harsh/ros2_project/install/px4_msgs/include/px4_msgs/px4_msgs/msg/geofence_status.h\n'}
[1.865887] (px4_msgs) StdoutLine: {'line': b'-- Up-to-date: /home/harsh/ros2_project/install/px4_msgs/include/px4_msgs/px4_msgs/msg/task_stack_info.h\n'}
[1.865956] (px4_msgs) StdoutLine: {'line': b'-- Up-to-date: /home/harsh/ros2_project/install/px4_msgs/include/px4_msgs/px4_msgs/msg/vehicle_angular_velocity.h\n'}
[1.866037] (px4_msgs) StdoutLine: {'line': b'-- Up-to-date: /home/harsh/ros2_project/install/px4_msgs/include/px4_msgs/px4_msgs/msg/mission_result.h\n'}
[1.866109] (px4_msgs) StdoutLine: {'line': b'-- Up-to-date: /home/harsh/ros2_project/install/px4_msgs/include/px4_msgs/px4_msgs/msg/actuator_motors.h\n'}
[1.866178] (px4_msgs) StdoutLine: {'line': b'-- Up-to-date: /home/harsh/ros2_project/install/px4_msgs/include/px4_msgs/px4_msgs/msg/esc_status.h\n'}
[1.866248] (px4_msgs) StdoutLine: {'line': b'-- Up-to-date: /home/harsh/ros2_project/install/px4_msgs/include/px4_msgs/px4_msgs/msg/irlock_report.h\n'}
[1.866316] (px4_msgs) StdoutLine: {'line': b'-- Up-to-date: /home/harsh/ros2_project/install/px4_msgs/include/px4_msgs/px4_msgs/msg/orb_test_large.h\n'}
[1.866384] (px4_msgs) StdoutLine: {'line': b'-- Up-to-date: /home/harsh/ros2_project/install/px4_msgs/include/px4_msgs/px4_msgs/msg/follow_target.h\n'}
[1.866453] (px4_msgs) StdoutLine: {'line': b'-- Up-to-date: /home/harsh/ros2_project/install/px4_msgs/include/px4_msgs/px4_msgs/msg/parameter_set_used_request.h\n'}
[1.866523] (px4_msgs) StdoutLine: {'line': b'-- Up-to-date: /home/harsh/ros2_project/install/px4_msgs/include/px4_msgs/px4_msgs/msg/led_control.h\n'}
[1.866617] (px4_msgs) StdoutLine: {'line': b'-- Up-to-date: /home/harsh/ros2_project/install/px4_msgs/include/px4_msgs/px4_msgs/msg/heater_status.h\n'}
[1.866687] (px4_msgs) StdoutLine: {'line': b'-- Up-to-date: /home/harsh/ros2_project/install/px4_msgs/include/px4_msgs/px4_msgs/msg/sensor_gyro_fft.h\n'}
[1.866759] (px4_msgs) StdoutLine: {'line': b'-- Up-to-date: /home/harsh/ros2_project/install/px4_msgs/include/px4_msgs/px4_msgs/msg/vehicle_local_position_setpoint.h\n'}
[1.866830] (px4_msgs) StdoutLine: {'line': b'-- Up-to-date: /home/harsh/ros2_project/install/px4_msgs/include/px4_msgs/px4_msgs/msg/sensor_selection.h\n'}
[1.866898] (px4_msgs) StdoutLine: {'line': b'-- Up-to-date: /home/harsh/ros2_project/install/px4_msgs/include/px4_msgs/px4_msgs/msg/sensor_optical_flow.h\n'}
[1.867041] (px4_msgs) StdoutLine: {'line': b'-- Up-to-date: /home/harsh/ros2_project/install/px4_msgs/include/px4_msgs/px4_msgs/msg/position_setpoint.h\n'}
[1.867121] (px4_msgs) StdoutLine: {'line': b'-- Up-to-date: /home/harsh/ros2_project/install/px4_msgs/include/px4_msgs/px4_msgs/msg/mode_completed.h\n'}
[1.867193] (px4_msgs) StdoutLine: {'line': b'-- Up-to-date: /home/harsh/ros2_project/install/px4_msgs/include/px4_msgs/px4_msgs/msg/uavcan_parameter_value.h\n'}
[1.867263] (px4_msgs) StdoutLine: {'line': b'-- Up-to-date: /home/harsh/ros2_project/install/px4_msgs/include/px4_msgs/px4_msgs/msg/arming_check_request.h\n'}
[1.867334] (px4_msgs) StdoutLine: {'line': b'-- Up-to-date: /home/harsh/ros2_project/install/px4_msgs/include/px4_msgs/px4_msgs/msg/estimator_selector_status.h\n'}
[1.867432] (px4_msgs) StdoutLine: {'line': b'-- Up-to-date: /home/harsh/ros2_project/install/px4_msgs/include/px4_msgs/px4_msgs/msg/rpm.h\n'}
[1.867505] (px4_msgs) StdoutLine: {'line': b'-- Up-to-date: /home/harsh/ros2_project/install/px4_msgs/include/px4_msgs/px4_msgs/msg/vehicle_optical_flow.h\n'}
[1.867576] (px4_msgs) StdoutLine: {'line': b'-- Up-to-date: /home/harsh/ros2_project/install/px4_msgs/include/px4_msgs/px4_msgs/msg/rc_parameter_map.h\n'}
[1.867646] (px4_msgs) StdoutLine: {'line': b'-- Up-to-date: /home/harsh/ros2_project/install/px4_msgs/include/px4_msgs/px4_msgs/msg/airspeed_wind.h\n'}
[1.867715] (px4_msgs) StdoutLine: {'line': b'-- Up-to-date: /home/harsh/ros2_project/install/px4_msgs/include/px4_msgs/px4_msgs/msg/power_button_state.h\n'}
[1.867786] (px4_msgs) StdoutLine: {'line': b'-- Up-to-date: /home/harsh/ros2_project/install/px4_msgs/include/px4_msgs/px4_msgs/msg/vehicle_trajectory_waypoint.h\n'}
[1.867854] (px4_msgs) StdoutLine: {'line': b'-- Up-to-date: /home/harsh/ros2_project/install/px4_msgs/include/px4_msgs/px4_msgs/msg/sensors_status_imu.h\n'}
[1.867923] (px4_msgs) StdoutLine: {'line': b'-- Up-to-date: /home/harsh/ros2_project/install/px4_msgs/include/px4_msgs/px4_msgs/msg/wind.h\n'}
[1.868011] (px4_msgs) StdoutLine: {'line': b'-- Up-to-date: /home/harsh/ros2_project/install/px4_msgs/include/px4_msgs/px4_msgs/msg/position_setpoint_triplet.h\n'}
[1.868085] (px4_msgs) StdoutLine: {'line': b'-- Up-to-date: /home/harsh/ros2_project/install/px4_msgs/include/px4_msgs/px4_msgs/msg/pwm_input.h\n'}
[1.868153] (px4_msgs) StdoutLine: {'line': b'-- Up-to-date: /home/harsh/ros2_project/install/px4_msgs/include/px4_msgs/px4_msgs/msg/sensor_preflight_mag.h\n'}
[1.868221] (px4_msgs) StdoutLine: {'line': b'-- Up-to-date: /home/harsh/ros2_project/install/px4_msgs/include/px4_msgs/px4_msgs/msg/rosidl_generator_c__visibility_control.h\n'}
[1.868291] (px4_msgs) StdoutLine: {'line': b'-- Up-to-date: /home/harsh/ros2_project/install/px4_msgs/include/px4_msgs/px4_msgs/msg/actuator_servos_trim.h\n'}
[1.868360] (px4_msgs) StdoutLine: {'line': b'-- Up-to-date: /home/harsh/ros2_project/install/px4_msgs/include/px4_msgs/px4_msgs/msg/debug_vect.h\n'}
[1.868428] (px4_msgs) StdoutLine: {'line': b'-- Up-to-date: /home/harsh/ros2_project/install/px4_msgs/include/px4_msgs/px4_msgs/msg/vehicle_control_mode.h\n'}
[1.868496] (px4_msgs) StdoutLine: {'line': b'-- Up-to-date: /home/harsh/ros2_project/install/px4_msgs/include/px4_msgs/px4_msgs/msg/can_interface_status.h\n'}
[1.868564] (px4_msgs) StdoutLine: {'line': b'-- Up-to-date: /home/harsh/ros2_project/install/px4_msgs/include/px4_msgs/px4_msgs/msg/sensor_airflow.h\n'}
[1.868649] (px4_msgs) StdoutLine: {'line': b'-- Up-to-date: /home/harsh/ros2_project/install/px4_msgs/include/px4_msgs/px4_msgs/msg/collision_constraints.h\n'}
[1.868719] (px4_msgs) StdoutLine: {'line': b'-- Up-to-date: /home/harsh/ros2_project/install/px4_msgs/include/px4_msgs/px4_msgs/msg/navigator_mission_item.h\n'}
[1.868787] (px4_msgs) StdoutLine: {'line': b'-- Up-to-date: /home/harsh/ros2_project/install/px4_msgs/include/px4_msgs/px4_msgs/msg/radio_status.h\n'}
[1.868858] (px4_msgs) StdoutLine: {'line': b'-- Up-to-date: /home/harsh/ros2_project/install/px4_msgs/include/px4_msgs/px4_msgs/msg/health_report.h\n'}
[1.868927] (px4_msgs) StdoutLine: {'line': b'-- Up-to-date: /home/harsh/ros2_project/install/px4_msgs/include/px4_msgs/px4_msgs/msg/satellite_info.h\n'}
[1.869001] (px4_msgs) StdoutLine: {'line': b'-- Up-to-date: /home/harsh/ros2_project/install/px4_msgs/include/px4_msgs/px4_msgs/msg/register_ext_component_reply.h\n'}
[1.869152] (px4_msgs) StdoutLine: {'line': b'-- Up-to-date: /home/harsh/ros2_project/install/px4_msgs/include/px4_msgs/px4_msgs/msg/normalized_unsigned_setpoint.h\n'}
[1.869225] (px4_msgs) StdoutLine: {'line': b'-- Up-to-date: /home/harsh/ros2_project/install/px4_msgs/include/px4_msgs/px4_msgs/msg/sensors_status.h\n'}
[1.869294] (px4_msgs) StdoutLine: {'line': b'-- Up-to-date: /home/harsh/ros2_project/install/px4_msgs/include/px4_msgs/px4_msgs/msg/camera_status.h\n'}
[1.869363] (px4_msgs) StdoutLine: {'line': b'-- Up-to-date: /home/harsh/ros2_project/install/px4_msgs/include/px4_msgs/px4_msgs/msg/estimator_innovations.h\n'}
[1.869430] (px4_msgs) StdoutLine: {'line': b'-- Up-to-date: /home/harsh/ros2_project/install/px4_msgs/include/px4_msgs/px4_msgs/msg/rate_ctrl_status.h\n'}
[1.869500] (px4_msgs) StdoutLine: {'line': b'-- Up-to-date: /home/harsh/ros2_project/install/px4_msgs/include/px4_msgs/px4_msgs/msg/dataman_request.h\n'}
[1.869566] (px4_msgs) StdoutLine: {'line': b'-- Up-to-date: /home/harsh/ros2_project/install/px4_msgs/include/px4_msgs/px4_msgs/msg/vehicle_magnetometer.h\n'}
[1.869649] (px4_msgs) StdoutLine: {'line': b'-- Up-to-date: /home/harsh/ros2_project/install/px4_msgs/include/px4_msgs/px4_msgs/msg/event.h\n'}
[1.869723] (px4_msgs) StdoutLine: {'line': b'-- Up-to-date: /home/harsh/ros2_project/install/px4_msgs/include/px4_msgs/px4_msgs/msg/home_position.h\n'}
[1.869793] (px4_msgs) StdoutLine: {'line': b'-- Up-to-date: /home/harsh/ros2_project/install/px4_msgs/include/px4_msgs/px4_msgs/msg/actuator_armed.h\n'}
[1.869861] (px4_msgs) StdoutLine: {'line': b'-- Up-to-date: /home/harsh/ros2_project/install/px4_msgs/include/px4_msgs/px4_msgs/msg/vehicle_land_detected.h\n'}
[1.869930] (px4_msgs) StdoutLine: {'line': b'-- Up-to-date: /home/harsh/ros2_project/install/px4_msgs/include/px4_msgs/px4_msgs/msg/gimbal_device_information.h\n'}
[1.870003] (px4_msgs) StdoutLine: {'line': b'-- Up-to-date: /home/harsh/ros2_project/install/px4_msgs/include/px4_msgs/px4_msgs/msg/vehicle_trajectory_bezier.h\n'}
[1.870076] (px4_msgs) StdoutLine: {'line': b'-- Up-to-date: /home/harsh/ros2_project/install/px4_msgs/include/px4_msgs/px4_msgs/msg/sensor_gnss_relative.h\n'}
[1.870136] (px4_msgs) StdoutLine: {'line': b'-- Up-to-date: /home/harsh/ros2_project/install/px4_msgs/include/px4_msgs/px4_msgs/msg/buffer128.h\n'}
[1.870193] (px4_msgs) StdoutLine: {'line': b'-- Up-to-date: /home/harsh/ros2_project/install/px4_msgs/include/px4_msgs/px4_msgs/msg/ping.h\n'}
[1.870330] (px4_msgs) StdoutLine: {'line': b'-- Up-to-date: /home/harsh/ros2_project/install/px4_msgs/include/px4_msgs/px4_msgs/msg/figure_eight_status.h\n'}
[1.870387] (px4_msgs) StdoutLine: {'line': b'-- Up-to-date: /home/harsh/ros2_project/install/px4_msgs/include/px4_msgs/px4_msgs/msg/gimbal_manager_status.h\n'}
[1.870442] (px4_msgs) StdoutLine: {'line': b'-- Up-to-date: /home/harsh/ros2_project/install/px4_msgs/include/px4_msgs/px4_msgs/msg/control_allocator_status.h\n'}
[1.870500] (px4_msgs) StdoutLine: {'line': b'-- Up-to-date: /home/harsh/ros2_project/install/px4_msgs/include/px4_msgs/px4_msgs/msg/iridiumsbd_status.h\n'}
[1.870559] (px4_msgs) StdoutLine: {'line': b'-- Up-to-date: /home/harsh/ros2_project/install/px4_msgs/include/px4_msgs/px4_msgs/msg/battery_status.h\n'}
[1.870617] (px4_msgs) StdoutLine: {'line': b'-- Up-to-date: /home/harsh/ros2_project/install/px4_msgs/include/px4_msgs/px4_msgs/msg/gripper.h\n'}
[1.870674] (px4_msgs) StdoutLine: {'line': b'-- Up-to-date: /home/harsh/ros2_project/install/px4_msgs/include/px4_msgs/px4_msgs/msg/estimator_bias3d.h\n'}
[1.870732] (px4_msgs) StdoutLine: {'line': b'-- Up-to-date: /home/harsh/ros2_project/install/px4_msgs/include/px4_msgs/px4_msgs/msg/sensor_hygrometer.h\n'}
[1.870790] (px4_msgs) StdoutLine: {'line': b'-- Up-to-date: /home/harsh/ros2_project/install/px4_msgs/include/px4_msgs/px4_msgs/msg/parameter_set_value_response.h\n'}
[1.870849] (px4_msgs) StdoutLine: {'line': b'-- Up-to-date: /home/harsh/ros2_project/install/px4_msgs/include/px4_msgs/px4_msgs/msg/sensor_uwb.h\n'}
[1.870906] (px4_msgs) StdoutLine: {'line': b'-- Up-to-date: /home/harsh/ros2_project/install/px4_msgs/include/px4_msgs/px4_msgs/msg/estimator_event_flags.h\n'}
[1.870964] (px4_msgs) StdoutLine: {'line': b'-- Up-to-date: /home/harsh/ros2_project/install/px4_msgs/include/px4_msgs/px4_msgs/msg/mavlink_tunnel.h\n'}
[1.871030] (px4_msgs) StdoutLine: {'line': b'-- Up-to-date: /home/harsh/ros2_project/install/px4_msgs/include/px4_msgs/px4_msgs/msg/orb_test_medium.h\n'}
[1.871089] (px4_msgs) StdoutLine: {'line': b'-- Up-to-date: /home/harsh/ros2_project/install/px4_msgs/include/px4_msgs/px4_msgs/msg/differential_drive_setpoint.h\n'}
[1.871147] (px4_msgs) StdoutLine: {'line': b'-- Up-to-date: /home/harsh/ros2_project/install/px4_msgs/include/px4_msgs/px4_msgs/msg/timesync_status.h\n'}
[1.871204] (px4_msgs) StdoutLine: {'line': b'-- Up-to-date: /home/harsh/ros2_project/install/px4_msgs/include/px4_msgs/px4_msgs/msg/register_ext_component_request.h\n'}
[1.871260] (px4_msgs) StdoutLine: {'line': b'-- Up-to-date: /home/harsh/ros2_project/install/px4_msgs/include/px4_msgs/px4_msgs/msg/vehicle_acceleration.h\n'}
[1.871317] (px4_msgs) StdoutLine: {'line': b'-- Up-to-date: /home/harsh/ros2_project/install/px4_msgs/include/px4_msgs/px4_msgs/msg/distance_sensor.h\n'}
[1.871375] (px4_msgs) StdoutLine: {'line': b'-- Up-to-date: /home/harsh/ros2_project/install/px4_msgs/include/px4_msgs/px4_msgs/msg/differential_pressure.h\n'}
[1.871433] (px4_msgs) StdoutLine: {'line': b'-- Up-to-date: /home/harsh/ros2_project/install/px4_msgs/include/px4_msgs/px4_msgs/msg/onboard_computer_status.h\n'}
[1.871491] (px4_msgs) StdoutLine: {'line': b'-- Up-to-date: /home/harsh/ros2_project/install/px4_msgs/include/px4_msgs/px4_msgs/msg/rtl_time_estimate.h\n'}
[1.871547] (px4_msgs) StdoutLine: {'line': b'-- Up-to-date: /home/harsh/ros2_project/install/px4_msgs/include/px4_msgs/px4_msgs/msg/sensor_accel_fifo.h\n'}
[1.871605] (px4_msgs) StdoutLine: {'line': b'-- Up-to-date: /home/harsh/ros2_project/install/px4_msgs/include/px4_msgs/px4_msgs/msg/dataman_response.h\n'}
[1.871665] (px4_msgs) StdoutLine: {'line': b'-- Up-to-date: /home/harsh/ros2_project/install/px4_msgs/include/px4_msgs/px4_msgs/msg/rtl_status.h\n'}
[1.871726] (px4_msgs) StdoutLine: {'line': b'-- Up-to-date: /home/harsh/ros2_project/install/px4_msgs/include/px4_msgs/px4_msgs/msg/trajectory_setpoint.h\n'}
[1.871788] (px4_msgs) StdoutLine: {'line': b'-- Up-to-date: /home/harsh/ros2_project/install/px4_msgs/include/px4_msgs/px4_msgs/msg/parameter_reset_request.h\n'}
[1.871864] (px4_msgs) StdoutLine: {'line': b'-- Up-to-date: /home/harsh/ros2_project/install/px4_msgs/include/px4_msgs/px4_msgs/msg/internal_combustion_engine_status.h\n'}
[1.871926] (px4_msgs) StdoutLine: {'line': b'-- Up-to-date: /home/harsh/ros2_project/install/px4_msgs/include/px4_msgs/px4_msgs/msg/tecs_status.h\n'}
[1.871989] (px4_msgs) StdoutLine: {'line': b'-- Up-to-date: /home/harsh/ros2_project/install/px4_msgs/include/px4_msgs/px4_msgs/msg/landing_target_pose.h\n'}
[1.872054] (px4_msgs) StdoutLine: {'line': b'-- Up-to-date: /home/harsh/ros2_project/install/px4_msgs/include/px4_msgs/px4_msgs/msg/velocity_limits.h\n'}
[1.872191] (px4_msgs) StdoutLine: {'line': b'-- Up-to-date: /home/harsh/ros2_project/install/px4_msgs/include/px4_msgs/px4_msgs/msg/flight_phase_estimation.h\n'}
[1.872261] (px4_msgs) StdoutLine: {'line': b'-- Up-to-date: /home/harsh/ros2_project/install/px4_msgs/include/px4_msgs/px4_msgs/msg/vehicle_rates_setpoint.h\n'}
[1.872320] (px4_msgs) StdoutLine: {'line': b'-- Up-to-date: /home/harsh/ros2_project/install/px4_msgs/include/px4_msgs/px4_msgs/msg/uavcan_parameter_request.h\n'}
[1.872377] (px4_msgs) StdoutLine: {'line': b'-- Up-to-date: /home/harsh/ros2_project/install/px4_msgs/include/px4_msgs/px4_msgs/msg/log_message.h\n'}
[1.872436] (px4_msgs) StdoutLine: {'line': b'-- Up-to-date: /home/harsh/ros2_project/install/px4_msgs/include/px4_msgs/px4_msgs/msg/hover_thrust_estimate.h\n'}
[1.872493] (px4_msgs) StdoutLine: {'line': b'-- Up-to-date: /home/harsh/ros2_project/install/px4_msgs/include/px4_msgs/px4_msgs/msg/gimbal_manager_information.h\n'}
[1.872550] (px4_msgs) StdoutLine: {'line': b'-- Up-to-date: /home/harsh/ros2_project/install/px4_msgs/include/px4_msgs/px4_msgs/msg/vehicle_imu.h\n'}
[1.872645] (px4_msgs) StdoutLine: {'line': b'-- Up-to-date: /home/harsh/ros2_project/install/px4_msgs/include/px4_msgs/px4_msgs/msg/estimator_sensor_bias.h\n'}
[1.872699] (px4_msgs) StdoutLine: {'line': b'-- Up-to-date: /home/harsh/ros2_project/install/px4_msgs/include/px4_msgs/px4_msgs/msg/camera_trigger.h\n'}
[1.872751] (px4_msgs) StdoutLine: {'line': b'-- Up-to-date: /home/harsh/ros2_project/install/px4_msgs/include/px4_msgs/px4_msgs/msg/vehicle_attitude.h\n'}
[1.872806] (px4_msgs) StdoutLine: {'line': b'-- Up-to-date: /home/harsh/ros2_project/install/px4_msgs/include/px4_msgs/px4_msgs/msg/detail\n'}
[1.872861] (px4_msgs) StdoutLine: {'line': b'-- Up-to-date: /home/harsh/ros2_project/install/px4_msgs/include/px4_msgs/px4_msgs/msg/detail/unregister_ext_component__struct.h\n'}
[1.872919] (px4_msgs) StdoutLine: {'line': b'-- Up-to-date: /home/harsh/ros2_project/install/px4_msgs/include/px4_msgs/px4_msgs/msg/detail/geofence_status__functions.h\n'}
[1.872975] (px4_msgs) StdoutLine: {'line': b'-- Up-to-date: /home/harsh/ros2_project/install/px4_msgs/include/px4_msgs/px4_msgs/msg/detail/satellite_info__type_support.h\n'}
[1.873041] (px4_msgs) StdoutLine: {'line': b'-- Up-to-date: /home/harsh/ros2_project/install/px4_msgs/include/px4_msgs/px4_msgs/msg/detail/action_request__description.c\n'}
[1.873098] (px4_msgs) StdoutLine: {'line': b'-- Installing: /home/harsh/ros2_project/install/px4_msgs/include/px4_msgs/px4_msgs/msg/detail/vehicle_magnetometer__type_support.c\n'}
[1.873153] (px4_msgs) StdoutLine: {'line': b'-- Installing: /home/harsh/ros2_project/install/px4_msgs/include/px4_msgs/px4_msgs/msg/detail/dataman_response__type_support.c\n'}
[1.873209] (px4_msgs) StdoutLine: {'line': b'-- Installing: /home/harsh/ros2_project/install/px4_msgs/include/px4_msgs/px4_msgs/msg/detail/sensor_gyro_fifo__type_support.c\n'}
[1.873266] (px4_msgs) StdoutLine: {'line': b'-- Up-to-date: /home/harsh/ros2_project/install/px4_msgs/include/px4_msgs/px4_msgs/msg/detail/sensor_accel_fifo__functions.h\n'}
[1.873321] (px4_msgs) StdoutLine: {'line': b'-- Up-to-date: /home/harsh/ros2_project/install/px4_msgs/include/px4_msgs/px4_msgs/msg/detail/log_message__functions.h\n'}
[1.873377] (px4_msgs) StdoutLine: {'line': b'-- Up-to-date: /home/harsh/ros2_project/install/px4_msgs/include/px4_msgs/px4_msgs/msg/detail/cpuload__description.c\n'}
[1.873432] (px4_msgs) StdoutLine: {'line': b'-- Up-to-date: /home/harsh/ros2_project/install/px4_msgs/include/px4_msgs/px4_msgs/msg/detail/estimator_states__functions.c\n'}
[1.873487] (px4_msgs) StdoutLine: {'line': b'-- Up-to-date: /home/harsh/ros2_project/install/px4_msgs/include/px4_msgs/px4_msgs/msg/detail/camera_capture__type_support.h\n'}
[1.873540] (px4_msgs) StdoutLine: {'line': b'-- Up-to-date: /home/harsh/ros2_project/install/px4_msgs/include/px4_msgs/px4_msgs/msg/detail/vehicle_air_data__type_support.h\n'}
[1.873596] (px4_msgs) StdoutLine: {'line': b'-- Up-to-date: /home/harsh/ros2_project/install/px4_msgs/include/px4_msgs/px4_msgs/msg/detail/gps_dump__type_support.h\n'}
[1.873725] (px4_msgs) StdoutLine: {'line': b'-- Up-to-date: /home/harsh/ros2_project/install/px4_msgs/include/px4_msgs/px4_msgs/msg/detail/gimbal_device_attitude_status__functions.h\n'}
[1.873787] (px4_msgs) StdoutLine: {'line': b'-- Up-to-date: /home/harsh/ros2_project/install/px4_msgs/include/px4_msgs/px4_msgs/msg/detail/failsafe_flags__functions.c\n'}
[1.873847] (px4_msgs) StdoutLine: {'line': b'-- Up-to-date: /home/harsh/ros2_project/install/px4_msgs/include/px4_msgs/px4_msgs/msg/detail/rc_channels__functions.h\n'}
[1.873907] (px4_msgs) StdoutLine: {'line': b'-- Up-to-date: /home/harsh/ros2_project/install/px4_msgs/include/px4_msgs/px4_msgs/msg/detail/trajectory_bezier__description.c\n'}
[1.873969] (px4_msgs) StdoutLine: {'line': b'-- Up-to-date: /home/harsh/ros2_project/install/px4_msgs/include/px4_msgs/px4_msgs/msg/detail/debug_array__description.c\n'}
[1.874036] (px4_msgs) StdoutLine: {'line': b'-- Up-to-date: /home/harsh/ros2_project/install/px4_msgs/include/px4_msgs/px4_msgs/msg/detail/geofence_status__functions.c\n'}
[1.874095] (px4_msgs) StdoutLine: {'line': b'-- Up-to-date: /home/harsh/ros2_project/install/px4_msgs/include/px4_msgs/px4_msgs/msg/detail/parameter_set_used_request__description.c\n'}
[1.874151] (px4_msgs) StdoutLine: {'line': b'-- Up-to-date: /home/harsh/ros2_project/install/px4_msgs/include/px4_msgs/px4_msgs/msg/detail/button_event__description.c\n'}
[1.874209] (px4_msgs) StdoutLine: {'line': b'-- Up-to-date: /home/harsh/ros2_project/install/px4_msgs/include/px4_msgs/px4_msgs/msg/detail/estimator_status__description.c\n'}
[1.874267] (px4_msgs) StdoutLine: {'line': b'-- Up-to-date: /home/harsh/ros2_project/install/px4_msgs/include/px4_msgs/px4_msgs/msg/detail/button_event__type_support.h\n'}
[1.874326] (px4_msgs) StdoutLine: {'line': b'-- Up-to-date: /home/harsh/ros2_project/install/px4_msgs/include/px4_msgs/px4_msgs/msg/detail/sensor_accel_fifo__struct.h\n'}
[1.874384] (px4_msgs) StdoutLine: {'line': b'-- Up-to-date: /home/harsh/ros2_project/install/px4_msgs/include/px4_msgs/px4_msgs/msg/detail/launch_detection_status__description.c\n'}
[1.874439] (px4_msgs) StdoutLine: {'line': b'-- Up-to-date: /home/harsh/ros2_project/install/px4_msgs/include/px4_msgs/px4_msgs/msg/detail/battery_status__type_support.h\n'}
[1.874495] (px4_msgs) StdoutLine: {'line': b'-- Up-to-date: /home/harsh/ros2_project/install/px4_msgs/include/px4_msgs/px4_msgs/msg/detail/velocity_limits__functions.c\n'}
[1.874552] (px4_msgs) StdoutLine: {'line': b'-- Up-to-date: /home/harsh/ros2_project/install/px4_msgs/include/px4_msgs/px4_msgs/msg/detail/tecs_status__type_support.h\n'}
[1.874608] (px4_msgs) StdoutLine: {'line': b'-- Up-to-date: /home/harsh/ros2_project/install/px4_msgs/include/px4_msgs/px4_msgs/msg/detail/gimbal_manager_set_attitude__functions.c\n'}
[1.874733] (px4_msgs) StdoutLine: {'line': b'-- Installing: /home/harsh/ros2_project/install/px4_msgs/include/px4_msgs/px4_msgs/msg/detail/sensor_accel__type_support.c\n'}
[1.874795] (px4_msgs) StdoutLine: {'line': b'-- Up-to-date: /home/harsh/ros2_project/install/px4_msgs/include/px4_msgs/px4_msgs/msg/detail/gpio_out__type_support.h\n'}
[1.874852] (px4_msgs) StdoutLine: {'line': b'-- Up-to-date: /home/harsh/ros2_project/install/px4_msgs/include/px4_msgs/px4_msgs/msg/detail/timesync_status__struct.h\n'}
[1.874908] (px4_msgs) StdoutLine: {'line': b'-- Up-to-date: /home/harsh/ros2_project/install/px4_msgs/include/px4_msgs/px4_msgs/msg/detail/vehicle_roi__functions.h\n'}
[1.874965] (px4_msgs) StdoutLine: {'line': b'-- Up-to-date: /home/harsh/ros2_project/install/px4_msgs/include/px4_msgs/px4_msgs/msg/detail/airspeed_validated__struct.h\n'}
[1.875029] (px4_msgs) StdoutLine: {'line': b'-- Up-to-date: /home/harsh/ros2_project/install/px4_msgs/include/px4_msgs/px4_msgs/msg/detail/sensor_mag__struct.h\n'}
[1.875086] (px4_msgs) StdoutLine: {'line': b'-- Up-to-date: /home/harsh/ros2_project/install/px4_msgs/include/px4_msgs/px4_msgs/msg/detail/vehicle_status__struct.h\n'}
[1.875177] (px4_msgs) StdoutLine: {'line': b'-- Installing: /home/harsh/ros2_project/install/px4_msgs/include/px4_msgs/px4_msgs/msg/detail/goto_setpoint__type_support.c\n'}
[1.875249] (px4_msgs) StdoutLine: {'line': b'-- Up-to-date: /home/harsh/ros2_project/install/px4_msgs/include/px4_msgs/px4_msgs/msg/detail/vehicle_acceleration__type_support.h\n'}
[1.875325] (px4_msgs) StdoutLine: {'line': b'-- Up-to-date: /home/harsh/ros2_project/install/px4_msgs/include/px4_msgs/px4_msgs/msg/detail/position_setpoint_triplet__struct.h\n'}
[1.875410] (px4_msgs) StdoutLine: {'line': b'-- Installing: /home/harsh/ros2_project/install/px4_msgs/include/px4_msgs/px4_msgs/msg/detail/power_monitor__type_support.c\n'}
[1.875487] (px4_msgs) StdoutLine: {'line': b'-- Up-to-date: /home/harsh/ros2_project/install/px4_msgs/include/px4_msgs/px4_msgs/msg/detail/follow_target__functions.c\n'}
[1.875548] (px4_msgs) StdoutLine: {'line': b'-- Up-to-date: /home/harsh/ros2_project/install/px4_msgs/include/px4_msgs/px4_msgs/msg/detail/estimator_status__struct.h\n'}
[1.875607] (px4_msgs) StdoutLine: {'line': b'-- Up-to-date: /home/harsh/ros2_project/install/px4_msgs/include/px4_msgs/px4_msgs/msg/detail/estimator_bias3d__struct.h\n'}
[1.875671] (px4_msgs) StdoutLine: {'line': b'-- Up-to-date: /home/harsh/ros2_project/install/px4_msgs/include/px4_msgs/px4_msgs/msg/detail/position_controller_status__functions.h\n'}
[1.875731] (px4_msgs) StdoutLine: {'line': b'-- Up-to-date: /home/harsh/ros2_project/install/px4_msgs/include/px4_msgs/px4_msgs/msg/detail/vehicle_trajectory_waypoint__functions.h\n'}
[1.875790] (px4_msgs) StdoutLine: {'line': b'-- Up-to-date: /home/harsh/ros2_project/install/px4_msgs/include/px4_msgs/px4_msgs/msg/detail/manual_control_switches__type_support.h\n'}
[1.875854] (px4_msgs) StdoutLine: {'line': b'-- Up-to-date: /home/harsh/ros2_project/install/px4_msgs/include/px4_msgs/px4_msgs/msg/detail/debug_key_value__struct.h\n'}
[1.875952] (px4_msgs) StdoutLine: {'line': b'-- Up-to-date: /home/harsh/ros2_project/install/px4_msgs/include/px4_msgs/px4_msgs/msg/detail/wind__description.c\n'}
[1.876027] (px4_msgs) StdoutLine: {'line': b'-- Up-to-date: /home/harsh/ros2_project/install/px4_msgs/include/px4_msgs/px4_msgs/msg/detail/tune_control__struct.h\n'}
[1.876094] (px4_msgs) StdoutLine: {'line': b'-- Up-to-date: /home/harsh/ros2_project/install/px4_msgs/include/px4_msgs/px4_msgs/msg/detail/px4io_status__description.c\n'}
[1.876152] (px4_msgs) StdoutLine: {'line': b'-- Up-to-date: /home/harsh/ros2_project/install/px4_msgs/include/px4_msgs/px4_msgs/msg/detail/vehicle_torque_setpoint__functions.h\n'}
[1.876209] (px4_msgs) StdoutLine: {'line': b'-- Up-to-date: /home/harsh/ros2_project/install/px4_msgs/include/px4_msgs/px4_msgs/msg/detail/landing_gear_wheel__functions.c\n'}
[1.876275] (px4_msgs) StdoutLine: {'line': b'-- Installing: /home/harsh/ros2_project/install/px4_msgs/include/px4_msgs/px4_msgs/msg/detail/sensor_mag__type_support.c\n'}
[1.876332] (px4_msgs) StdoutLine: {'line': b'-- Installing: /home/harsh/ros2_project/install/px4_msgs/include/px4_msgs/px4_msgs/msg/detail/mode_completed__type_support.c\n'}
[1.876396] (px4_msgs) StdoutLine: {'line': b'-- Up-to-date: /home/harsh/ros2_project/install/px4_msgs/include/px4_msgs/px4_msgs/msg/detail/estimator_bias__description.c\n'}
[1.876460] (px4_msgs) StdoutLine: {'line': b'-- Up-to-date: /home/harsh/ros2_project/install/px4_msgs/include/px4_msgs/px4_msgs/msg/detail/mavlink_log__struct.h\n'}
[1.876515] (px4_msgs) StdoutLine: {'line': b'-- Up-to-date: /home/harsh/ros2_project/install/px4_msgs/include/px4_msgs/px4_msgs/msg/detail/gpio_config__struct.h\n'}
[1.876574] (px4_msgs) StdoutLine: {'line': b'-- Installing: /home/harsh/ros2_project/install/px4_msgs/include/px4_msgs/px4_msgs/msg/detail/sensors_status_imu__type_support.c\n'}
[1.876632] (px4_msgs) StdoutLine: {'line': b'-- Up-to-date: /home/harsh/ros2_project/install/px4_msgs/include/px4_msgs/px4_msgs/msg/detail/vehicle_angular_velocity__functions.c\n'}
[1.876689] (px4_msgs) StdoutLine: {'line': b'-- Up-to-date: /home/harsh/ros2_project/install/px4_msgs/include/px4_msgs/px4_msgs/msg/detail/pwm_input__description.c\n'}
[1.876781] (px4_msgs) StdoutLine: {'line': b'-- Up-to-date: /home/harsh/ros2_project/install/px4_msgs/include/px4_msgs/px4_msgs/msg/detail/airspeed__functions.h\n'}
[1.876835] (px4_msgs) StdoutLine: {'line': b'-- Up-to-date: /home/harsh/ros2_project/install/px4_msgs/include/px4_msgs/px4_msgs/msg/detail/estimator_event_flags__description.c\n'}
[1.876898] (px4_msgs) StdoutLine: {'line': b'-- Up-to-date: /home/harsh/ros2_project/install/px4_msgs/include/px4_msgs/px4_msgs/msg/detail/message_format_request__functions.c\n'}
[1.876950] (px4_msgs) StdoutLine: {'line': b'-- Installing: /home/harsh/ros2_project/install/px4_msgs/include/px4_msgs/px4_msgs/msg/detail/wind__type_support.c\n'}
[1.877192] (px4_msgs) StdoutLine: {'line': b'-- Up-to-date: /home/harsh/ros2_project/install/px4_msgs/include/px4_msgs/px4_msgs/msg/detail/sensor_preflight_mag__functions.h\n'}
[1.877323] (px4_msgs) StdoutLine: {'line': b'-- Up-to-date: /home/harsh/ros2_project/install/px4_msgs/include/px4_msgs/px4_msgs/msg/detail/sensor_gnss_relative__type_support.h\n'}
[1.877411] (px4_msgs) StdoutLine: {'line': b'-- Up-to-date: /home/harsh/ros2_project/install/px4_msgs/include/px4_msgs/px4_msgs/msg/detail/rtl_time_estimate__struct.h\n'}
[1.877499] (px4_msgs) StdoutLine: {'line': b'-- Installing: /home/harsh/ros2_project/install/px4_msgs/include/px4_msgs/px4_msgs/msg/detail/uavcan_parameter_value__type_support.c\n'}
[1.877575] (px4_msgs) StdoutLine: {'line': b'-- Up-to-date: /home/harsh/ros2_project/install/px4_msgs/include/px4_msgs/px4_msgs/msg/detail/gimbal_manager_status__functions.h\n'}
[1.877655] (px4_msgs) StdoutLine: {'line': b'-- Up-to-date: /home/harsh/ros2_project/install/px4_msgs/include/px4_msgs/px4_msgs/msg/detail/orb_test_medium__functions.c\n'}
[1.877738] (px4_msgs) StdoutLine: {'line': b'-- Up-to-date: /home/harsh/ros2_project/install/px4_msgs/include/px4_msgs/px4_msgs/msg/detail/debug_vect__type_support.h\n'}
[1.877810] (px4_msgs) StdoutLine: {'line': b'-- Up-to-date: /home/harsh/ros2_project/install/px4_msgs/include/px4_msgs/px4_msgs/msg/detail/autotune_attitude_control_status__description.c\n'}
[1.877883] (px4_msgs) StdoutLine: {'line': b'-- Up-to-date: /home/harsh/ros2_project/install/px4_msgs/include/px4_msgs/px4_msgs/msg/detail/obstacle_distance__description.c\n'}
[1.877954] (px4_msgs) StdoutLine: {'line': b'-- Up-to-date: /home/harsh/ros2_project/install/px4_msgs/include/px4_msgs/px4_msgs/msg/detail/airspeed_wind__type_support.h\n'}
[1.878086] (px4_msgs) StdoutLine: {'line': b'-- Up-to-date: /home/harsh/ros2_project/install/px4_msgs/include/px4_msgs/px4_msgs/msg/detail/rate_ctrl_status__functions.h\n'}
[1.878163] (px4_msgs) StdoutLine: {'line': b'-- Up-to-date: /home/harsh/ros2_project/install/px4_msgs/include/px4_msgs/px4_msgs/msg/detail/tune_control__type_support.h\n'}
[1.878241] (px4_msgs) StdoutLine: {'line': b'-- Up-to-date: /home/harsh/ros2_project/install/px4_msgs/include/px4_msgs/px4_msgs/msg/detail/battery_status__functions.c\n'}
[1.878314] (px4_msgs) StdoutLine: {'line': b'-- Up-to-date: /home/harsh/ros2_project/install/px4_msgs/include/px4_msgs/px4_msgs/msg/detail/collision_report__description.c\n'}
[1.878445] (px4_msgs) StdoutLine: {'line': b'-- Installing: /home/harsh/ros2_project/install/px4_msgs/include/px4_msgs/px4_msgs/msg/detail/sensor_gps__type_support.c\n'}
[1.878622] (px4_msgs) StdoutLine: {'line': b'-- Installing: /home/harsh/ros2_project/install/px4_msgs/include/px4_msgs/px4_msgs/msg/detail/vehicle_constraints__type_support.c\n'}
[1.878851] (px4_msgs) StdoutLine: {'line': b'-- Up-to-date: /home/harsh/ros2_project/install/px4_msgs/include/px4_msgs/px4_msgs/msg/detail/gripper__functions.h\n'}
[1.878966] (px4_msgs) StdoutLine: {'line': b'-- Up-to-date: /home/harsh/ros2_project/install/px4_msgs/include/px4_msgs/px4_msgs/msg/detail/buffer128__functions.c\n'}
[1.879212] (px4_msgs) StdoutLine: {'line': b'-- Installing: /home/harsh/ros2_project/install/px4_msgs/include/px4_msgs/px4_msgs/msg/detail/launch_detection_status__type_support.c\n'}
[1.879325] (px4_msgs) StdoutLine: {'line': b'-- Up-to-date: /home/harsh/ros2_project/install/px4_msgs/include/px4_msgs/px4_msgs/msg/detail/airspeed__description.c\n'}
[1.879408] (px4_msgs) StdoutLine: {'line': b'-- Up-to-date: /home/harsh/ros2_project/install/px4_msgs/include/px4_msgs/px4_msgs/msg/detail/uavcan_parameter_value__description.c\n'}
[1.879488] (px4_msgs) StdoutLine: {'line': b'-- Up-to-date: /home/harsh/ros2_project/install/px4_msgs/include/px4_msgs/px4_msgs/msg/detail/orb_test__functions.c\n'}
[1.879565] (px4_msgs) StdoutLine: {'line': b'-- Up-to-date: /home/harsh/ros2_project/install/px4_msgs/include/px4_msgs/px4_msgs/msg/detail/rc_channels__type_support.h\n'}
[1.879656] (px4_msgs) StdoutLine: {'line': b'-- Up-to-date: /home/harsh/ros2_project/install/px4_msgs/include/px4_msgs/px4_msgs/msg/detail/obstacle_distance__functions.h\n'}
[1.879749] (px4_msgs) StdoutLine: {'line': b'-- Up-to-date: /home/harsh/ros2_project/install/px4_msgs/include/px4_msgs/px4_msgs/msg/detail/vehicle_imu__type_support.h\n'}
[1.879841] (px4_msgs) StdoutLine: {'line': b'-- Installing: /home/harsh/ros2_project/install/px4_msgs/include/px4_msgs/px4_msgs/msg/detail/manual_control_setpoint__type_support.c\n'}
[1.879913] (px4_msgs) StdoutLine: {'line': b'-- Up-to-date: /home/harsh/ros2_project/install/px4_msgs/include/px4_msgs/px4_msgs/msg/detail/message_format_request__description.c\n'}
[1.880057] (px4_msgs) StdoutLine: {'line': b'-- Up-to-date: /home/harsh/ros2_project/install/px4_msgs/include/px4_msgs/px4_msgs/msg/detail/mission_result__functions.h\n'}
[1.880148] (px4_msgs) StdoutLine: {'line': b'-- Up-to-date: /home/harsh/ros2_project/install/px4_msgs/include/px4_msgs/px4_msgs/msg/detail/message_format_response__struct.h\n'}
[1.880227] (px4_msgs) StdoutLine: {'line': b'-- Up-to-date: /home/harsh/ros2_project/install/px4_msgs/include/px4_msgs/px4_msgs/msg/detail/yaw_estimator_status__functions.c\n'}
[1.880302] (px4_msgs) StdoutLine: {'line': b'-- Installing: /home/harsh/ros2_project/install/px4_msgs/include/px4_msgs/px4_msgs/msg/detail/estimator_bias3d__type_support.c\n'}
[1.880484] (px4_msgs) StdoutLine: {'line': b'-- Installing: /home/harsh/ros2_project/install/px4_msgs/include/px4_msgs/px4_msgs/msg/detail/pwm_input__type_support.c\n'}
[1.880583] (px4_msgs) StdoutLine: {'line': b'-- Up-to-date: /home/harsh/ros2_project/install/px4_msgs/include/px4_msgs/px4_msgs/msg/detail/launch_detection_status__functions.c\n'}
[1.880665] (px4_msgs) StdoutLine: {'line': b'-- Up-to-date: /home/harsh/ros2_project/install/px4_msgs/include/px4_msgs/px4_msgs/msg/detail/vehicle_rates_setpoint__functions.h\n'}
[1.880739] (px4_msgs) StdoutLine: {'line': b'-- Up-to-date: /home/harsh/ros2_project/install/px4_msgs/include/px4_msgs/px4_msgs/msg/detail/led_control__struct.h\n'}
[1.880813] (px4_msgs) StdoutLine: {'line': b'-- Up-to-date: /home/harsh/ros2_project/install/px4_msgs/include/px4_msgs/px4_msgs/msg/detail/sensor_optical_flow__functions.h\n'}
[1.880886] (px4_msgs) StdoutLine: {'line': b'-- Up-to-date: /home/harsh/ros2_project/install/px4_msgs/include/px4_msgs/px4_msgs/msg/detail/battery_status__struct.h\n'}
[1.880957] (px4_msgs) StdoutLine: {'line': b'-- Up-to-date: /home/harsh/ros2_project/install/px4_msgs/include/px4_msgs/px4_msgs/msg/detail/vehicle_torque_setpoint__description.c\n'}
[1.881043] (px4_msgs) StdoutLine: {'line': b'-- Up-to-date: /home/harsh/ros2_project/install/px4_msgs/include/px4_msgs/px4_msgs/msg/detail/vehicle_trajectory_waypoint__functions.c\n'}
[1.881126] (px4_msgs) StdoutLine: {'line': b'-- Up-to-date: /home/harsh/ros2_project/install/px4_msgs/include/px4_msgs/px4_msgs/msg/detail/estimator_sensor_bias__functions.h\n'}
[1.881202] (px4_msgs) StdoutLine: {'line': b'-- Installing: /home/harsh/ros2_project/install/px4_msgs/include/px4_msgs/px4_msgs/msg/detail/irlock_report__type_support.c\n'}
[1.881304] (px4_msgs) StdoutLine: {'line': b'-- Up-to-date: /home/harsh/ros2_project/install/px4_msgs/include/px4_msgs/px4_msgs/msg/detail/vehicle_attitude_setpoint__description.c\n'}
[1.881395] (px4_msgs) StdoutLine: {'line': b'-- Installing: /home/harsh/ros2_project/install/px4_msgs/include/px4_msgs/px4_msgs/msg/detail/actuator_servos_trim__type_support.c\n'}
[1.881474] (px4_msgs) StdoutLine: {'line': b'-- Up-to-date: /home/harsh/ros2_project/install/px4_msgs/include/px4_msgs/px4_msgs/msg/detail/arming_check_request__functions.h\n'}
[1.881554] (px4_msgs) StdoutLine: {'line': b'-- Up-to-date: /home/harsh/ros2_project/install/px4_msgs/include/px4_msgs/px4_msgs/msg/detail/geofence_result__functions.c\n'}
[1.881633] (px4_msgs) StdoutLine: {'line': b'-- Up-to-date: /home/harsh/ros2_project/install/px4_msgs/include/px4_msgs/px4_msgs/msg/detail/sensor_baro__description.c\n'}
[1.881704] (px4_msgs) StdoutLine: {'line': b'-- Up-to-date: /home/harsh/ros2_project/install/px4_msgs/include/px4_msgs/px4_msgs/msg/detail/gimbal_manager_set_attitude__description.c\n'}
[1.881779] (px4_msgs) StdoutLine: {'line': b'-- Up-to-date: /home/harsh/ros2_project/install/px4_msgs/include/px4_msgs/px4_msgs/msg/detail/sensor_accel__type_support.h\n'}
[1.881849] (px4_msgs) StdoutLine: {'line': b'-- Up-to-date: /home/harsh/ros2_project/install/px4_msgs/include/px4_msgs/px4_msgs/msg/detail/vehicle_magnetometer__type_support.h\n'}
[1.881917] (px4_msgs) StdoutLine: {'line': b'-- Installing: /home/harsh/ros2_project/install/px4_msgs/include/px4_msgs/px4_msgs/msg/detail/generator_status__type_support.c\n'}
[1.882009] (px4_msgs) StdoutLine: {'line': b'-- Up-to-date: /home/harsh/ros2_project/install/px4_msgs/include/px4_msgs/px4_msgs/msg/detail/log_message__type_support.h\n'}
[1.882085] (px4_msgs) StdoutLine: {'line': b'-- Up-to-date: /home/harsh/ros2_project/install/px4_msgs/include/px4_msgs/px4_msgs/msg/detail/sensor_optical_flow__type_support.h\n'}
[1.882153] (px4_msgs) StdoutLine: {'line': b'-- Up-to-date: /home/harsh/ros2_project/install/px4_msgs/include/px4_msgs/px4_msgs/msg/detail/gpio_config__description.c\n'}
[1.882224] (px4_msgs) StdoutLine: {'line': b'-- Installing: /home/harsh/ros2_project/install/px4_msgs/include/px4_msgs/px4_msgs/msg/detail/can_interface_status__type_support.c\n'}
[1.882294] (px4_msgs) StdoutLine: {'line': b'-- Up-to-date: /home/harsh/ros2_project/install/px4_msgs/include/px4_msgs/px4_msgs/msg/detail/failsafe_flags__type_support.h\n'}
[1.882362] (px4_msgs) StdoutLine: {'line': b'-- Up-to-date: /home/harsh/ros2_project/install/px4_msgs/include/px4_msgs/px4_msgs/msg/detail/dataman_request__functions.h\n'}
[1.882432] (px4_msgs) StdoutLine: {'line': b'-- Up-to-date: /home/harsh/ros2_project/install/px4_msgs/include/px4_msgs/px4_msgs/msg/detail/sensors_status_imu__type_support.h\n'}
[1.882501] (px4_msgs) StdoutLine: {'line': b'-- Up-to-date: /home/harsh/ros2_project/install/px4_msgs/include/px4_msgs/px4_msgs/msg/detail/actuator_servos_trim__functions.h\n'}
[1.882574] (px4_msgs) StdoutLine: {'line': b'-- Installing: /home/harsh/ros2_project/install/px4_msgs/include/px4_msgs/px4_msgs/msg/detail/gps_inject_data__type_support.c\n'}
[1.882645] (px4_msgs) StdoutLine: {'line': b'-- Up-to-date: /home/harsh/ros2_project/install/px4_msgs/include/px4_msgs/px4_msgs/msg/detail/px4io_status__struct.h\n'}
[1.882716] (px4_msgs) StdoutLine: {'line': b'-- Up-to-date: /home/harsh/ros2_project/install/px4_msgs/include/px4_msgs/px4_msgs/msg/detail/trajectory_setpoint__description.c\n'}
[1.882794] (px4_msgs) StdoutLine: {'line': b'-- Up-to-date: /home/harsh/ros2_project/install/px4_msgs/include/px4_msgs/px4_msgs/msg/detail/home_position__description.c\n'}
[1.882864] (px4_msgs) StdoutLine: {'line': b'-- Installing: /home/harsh/ros2_project/install/px4_msgs/include/px4_msgs/px4_msgs/msg/detail/buffer128__type_support.c\n'}
[1.882958] (px4_msgs) StdoutLine: {'line': b'-- Up-to-date: /home/harsh/ros2_project/install/px4_msgs/include/px4_msgs/px4_msgs/msg/detail/sensor_preflight_mag__type_support.h\n'}
[1.883050] (px4_msgs) StdoutLine: {'line': b'-- Up-to-date: /home/harsh/ros2_project/install/px4_msgs/include/px4_msgs/px4_msgs/msg/detail/event__struct.h\n'}
[1.883125] (px4_msgs) StdoutLine: {'line': b'-- Up-to-date: /home/harsh/ros2_project/install/px4_msgs/include/px4_msgs/px4_msgs/msg/detail/vehicle_air_data__struct.h\n'}
[1.883286] (px4_msgs) StdoutLine: {'line': b'-- Up-to-date: /home/harsh/ros2_project/install/px4_msgs/include/px4_msgs/px4_msgs/msg/detail/sensor_uwb__functions.h\n'}
[1.883360] (px4_msgs) StdoutLine: {'line': b'-- Up-to-date: /home/harsh/ros2_project/install/px4_msgs/include/px4_msgs/px4_msgs/msg/detail/adc_report__struct.h\n'}
[1.883434] (px4_msgs) StdoutLine: {'line': b'-- Up-to-date: /home/harsh/ros2_project/install/px4_msgs/include/px4_msgs/px4_msgs/msg/detail/vehicle_optical_flow__struct.h\n'}
[1.883509] (px4_msgs) StdoutLine: {'line': b'-- Up-to-date: /home/harsh/ros2_project/install/px4_msgs/include/px4_msgs/px4_msgs/msg/detail/mag_worker_data__functions.h\n'}
[1.883581] (px4_msgs) StdoutLine: {'line': b'-- Up-to-date: /home/harsh/ros2_project/install/px4_msgs/include/px4_msgs/px4_msgs/msg/detail/rc_channels__struct.h\n'}
[1.883651] (px4_msgs) StdoutLine: {'line': b'-- Installing: /home/harsh/ros2_project/install/px4_msgs/include/px4_msgs/px4_msgs/msg/detail/vehicle_odometry__type_support.c\n'}
[1.883722] (px4_msgs) StdoutLine: {'line': b'-- Up-to-date: /home/harsh/ros2_project/install/px4_msgs/include/px4_msgs/px4_msgs/msg/detail/transponder_report__type_support.h\n'}
[1.883792] (px4_msgs) StdoutLine: {'line': b'-- Up-to-date: /home/harsh/ros2_project/install/px4_msgs/include/px4_msgs/px4_msgs/msg/detail/position_setpoint__functions.h\n'}
[1.883862] (px4_msgs) StdoutLine: {'line': b'-- Installing: /home/harsh/ros2_project/install/px4_msgs/include/px4_msgs/px4_msgs/msg/detail/gimbal_controls__type_support.c\n'}
[1.883997] (px4_msgs) StdoutLine: {'line': b'-- Up-to-date: /home/harsh/ros2_project/install/px4_msgs/include/px4_msgs/px4_msgs/msg/detail/rtl_time_estimate__type_support.h\n'}
[1.884080] (px4_msgs) StdoutLine: {'line': b'-- Installing: /home/harsh/ros2_project/install/px4_msgs/include/px4_msgs/px4_msgs/msg/detail/cellular_status__type_support.c\n'}
[1.884152] (px4_msgs) StdoutLine: {'line': b'-- Up-to-date: /home/harsh/ros2_project/install/px4_msgs/include/px4_msgs/px4_msgs/msg/detail/normalized_unsigned_setpoint__functions.h\n'}
[1.884224] (px4_msgs) StdoutLine: {'line': b'-- Up-to-date: /home/harsh/ros2_project/install/px4_msgs/include/px4_msgs/px4_msgs/msg/detail/landing_gear__functions.c\n'}
[1.884295] (px4_msgs) StdoutLine: {'line': b'-- Up-to-date: /home/harsh/ros2_project/install/px4_msgs/include/px4_msgs/px4_msgs/msg/detail/pps_capture__functions.h\n'}
[1.884365] (px4_msgs) StdoutLine: {'line': b'-- Installing: /home/harsh/ros2_project/install/px4_msgs/include/px4_msgs/px4_msgs/msg/detail/system_power__type_support.c\n'}
[1.884432] (px4_msgs) StdoutLine: {'line': b'-- Installing: /home/harsh/ros2_project/install/px4_msgs/include/px4_msgs/px4_msgs/msg/detail/vtol_vehicle_status__type_support.c\n'}
[1.884501] (px4_msgs) StdoutLine: {'line': b'-- Up-to-date: /home/harsh/ros2_project/install/px4_msgs/include/px4_msgs/px4_msgs/msg/detail/offboard_control_mode__functions.h\n'}
[1.884572] (px4_msgs) StdoutLine: {'line': b'-- Up-to-date: /home/harsh/ros2_project/install/px4_msgs/include/px4_msgs/px4_msgs/msg/detail/qshell_retval__functions.c\n'}
[1.884644] (px4_msgs) StdoutLine: {'line': b'-- Up-to-date: /home/harsh/ros2_project/install/px4_msgs/include/px4_msgs/px4_msgs/msg/detail/sensor_hygrometer__type_support.h\n'}
[1.884715] (px4_msgs) StdoutLine: {'line': b'-- Installing: /home/harsh/ros2_project/install/px4_msgs/include/px4_msgs/px4_msgs/msg/detail/gimbal_manager_information__type_support.c\n'}
[1.884784] (px4_msgs) StdoutLine: {'line': b'-- Up-to-date: /home/harsh/ros2_project/install/px4_msgs/include/px4_msgs/px4_msgs/msg/detail/rtl_status__functions.h\n'}
[1.884855] (px4_msgs) StdoutLine: {'line': b'-- Up-to-date: /home/harsh/ros2_project/install/px4_msgs/include/px4_msgs/px4_msgs/msg/detail/landing_gear__type_support.h\n'}
[1.884924] (px4_msgs) StdoutLine: {'line': b'-- Up-to-date: /home/harsh/ros2_project/install/px4_msgs/include/px4_msgs/px4_msgs/msg/detail/failure_detector_status__functions.c\n'}
[1.884997] (px4_msgs) StdoutLine: {'line': b'-- Up-to-date: /home/harsh/ros2_project/install/px4_msgs/include/px4_msgs/px4_msgs/msg/detail/message_format_request__functions.h\n'}
[1.885152] (px4_msgs) StdoutLine: {'line': b'-- Installing: /home/harsh/ros2_project/install/px4_msgs/include/px4_msgs/px4_msgs/msg/detail/sensor_accel_fifo__type_support.c\n'}
[1.885225] (px4_msgs) StdoutLine: {'line': b'-- Up-to-date: /home/harsh/ros2_project/install/px4_msgs/include/px4_msgs/px4_msgs/msg/detail/geofence_result__functions.h\n'}
[1.885298] (px4_msgs) StdoutLine: {'line': b'-- Up-to-date: /home/harsh/ros2_project/install/px4_msgs/include/px4_msgs/px4_msgs/msg/detail/orb_test_large__struct.h\n'}
[1.885370] (px4_msgs) StdoutLine: {'line': b'-- Up-to-date: /home/harsh/ros2_project/install/px4_msgs/include/px4_msgs/px4_msgs/msg/detail/ekf2_timestamps__description.c\n'}
[1.885442] (px4_msgs) StdoutLine: {'line': b'-- Up-to-date: /home/harsh/ros2_project/install/px4_msgs/include/px4_msgs/px4_msgs/msg/detail/logger_status__description.c\n'}
[1.885511] (px4_msgs) StdoutLine: {'line': b'-- Up-to-date: /home/harsh/ros2_project/install/px4_msgs/include/px4_msgs/px4_msgs/msg/detail/gimbal_device_set_attitude__struct.h\n'}
[1.885616] (px4_msgs) StdoutLine: {'line': b'-- Up-to-date: /home/harsh/ros2_project/install/px4_msgs/include/px4_msgs/px4_msgs/msg/detail/estimator_innovations__type_support.h\n'}
[1.885686] (px4_msgs) StdoutLine: {'line': b'-- Up-to-date: /home/harsh/ros2_project/install/px4_msgs/include/px4_msgs/px4_msgs/msg/detail/launch_detection_status__type_support.h\n'}
[1.885756] (px4_msgs) StdoutLine: {'line': b'-- Up-to-date: /home/harsh/ros2_project/install/px4_msgs/include/px4_msgs/px4_msgs/msg/detail/parameter_set_used_request__functions.c\n'}
[1.885826] (px4_msgs) StdoutLine: {'line': b'-- Up-to-date: /home/harsh/ros2_project/install/px4_msgs/include/px4_msgs/px4_msgs/msg/detail/follow_target__struct.h\n'}
[1.885894] (px4_msgs) StdoutLine: {'line': b'-- Up-to-date: /home/harsh/ros2_project/install/px4_msgs/include/px4_msgs/px4_msgs/msg/detail/vehicle_imu_status__functions.h\n'}
[1.885963] (px4_msgs) StdoutLine: {'line': b'-- Up-to-date: /home/harsh/ros2_project/install/px4_msgs/include/px4_msgs/px4_msgs/msg/detail/vehicle_air_data__functions.c\n'}
[1.886044] (px4_msgs) StdoutLine: {'line': b'-- Up-to-date: /home/harsh/ros2_project/install/px4_msgs/include/px4_msgs/px4_msgs/msg/detail/trajectory_setpoint__functions.c\n'}
[1.886128] (px4_msgs) StdoutLine: {'line': b'-- Installing: /home/harsh/ros2_project/install/px4_msgs/include/px4_msgs/px4_msgs/msg/detail/uavcan_parameter_request__type_support.c\n'}
[1.886203] (px4_msgs) StdoutLine: {'line': b'-- Up-to-date: /home/harsh/ros2_project/install/px4_msgs/include/px4_msgs/px4_msgs/msg/detail/tiltrotor_extra_controls__functions.c\n'}
[1.886277] (px4_msgs) StdoutLine: {'line': b'-- Installing: /home/harsh/ros2_project/install/px4_msgs/include/px4_msgs/px4_msgs/msg/detail/register_ext_component_reply__type_support.c\n'}
[1.886347] (px4_msgs) StdoutLine: {'line': b'-- Up-to-date: /home/harsh/ros2_project/install/px4_msgs/include/px4_msgs/px4_msgs/msg/detail/qshell_req__functions.h\n'}
[1.886418] (px4_msgs) StdoutLine: {'line': b'-- Up-to-date: /home/harsh/ros2_project/install/px4_msgs/include/px4_msgs/px4_msgs/msg/detail/hover_thrust_estimate__description.c\n'}
[1.886487] (px4_msgs) StdoutLine: {'line': b'-- Up-to-date: /home/harsh/ros2_project/install/px4_msgs/include/px4_msgs/px4_msgs/msg/detail/gimbal_controls__description.c\n'}
[1.886557] (px4_msgs) StdoutLine: {'line': b'-- Up-to-date: /home/harsh/ros2_project/install/px4_msgs/include/px4_msgs/px4_msgs/msg/detail/dataman_response__description.c\n'}
[1.886626] (px4_msgs) StdoutLine: {'line': b'-- Up-to-date: /home/harsh/ros2_project/install/px4_msgs/include/px4_msgs/px4_msgs/msg/detail/can_interface_status__functions.h\n'}
[1.886696] (px4_msgs) StdoutLine: {'line': b'-- Installing: /home/harsh/ros2_project/install/px4_msgs/include/px4_msgs/px4_msgs/msg/detail/vehicle_acceleration__type_support.c\n'}
[1.886764] (px4_msgs) StdoutLine: {'line': b'-- Up-to-date: /home/harsh/ros2_project/install/px4_msgs/include/px4_msgs/px4_msgs/msg/detail/vehicle_angular_acceleration_setpoint__type_support.h\n'}
[1.886870] (px4_msgs) StdoutLine: {'line': b'-- Up-to-date: /home/harsh/ros2_project/install/px4_msgs/include/px4_msgs/px4_msgs/msg/detail/landing_gear_wheel__type_support.h\n'}
[1.886935] (px4_msgs) StdoutLine: {'line': b'-- Up-to-date: /home/harsh/ros2_project/install/px4_msgs/include/px4_msgs/px4_msgs/msg/detail/estimator_aid_source2d__functions.c\n'}
[1.887012] (px4_msgs) StdoutLine: {'line': b'-- Up-to-date: /home/harsh/ros2_project/install/px4_msgs/include/px4_msgs/px4_msgs/msg/detail/vehicle_global_position__description.c\n'}
[1.887083] (px4_msgs) StdoutLine: {'line': b'-- Installing: /home/harsh/ros2_project/install/px4_msgs/include/px4_msgs/px4_msgs/msg/detail/orb_test_medium__type_support.c\n'}
[1.887154] (px4_msgs) StdoutLine: {'line': b'-- Up-to-date: /home/harsh/ros2_project/install/px4_msgs/include/px4_msgs/px4_msgs/msg/detail/vehicle_constraints__type_support.h\n'}
[1.887224] (px4_msgs) StdoutLine: {'line': b'-- Installing: /home/harsh/ros2_project/install/px4_msgs/include/px4_msgs/px4_msgs/msg/detail/position_setpoint__type_support.c\n'}
[1.887296] (px4_msgs) StdoutLine: {'line': b'-- Up-to-date: /home/harsh/ros2_project/install/px4_msgs/include/px4_msgs/px4_msgs/msg/detail/vehicle_angular_velocity__struct.h\n'}
[1.887363] (px4_msgs) StdoutLine: {'line': b'-- Up-to-date: /home/harsh/ros2_project/install/px4_msgs/include/px4_msgs/px4_msgs/msg/detail/onboard_computer_status__functions.h\n'}
[1.887432] (px4_msgs) StdoutLine: {'line': b'-- Up-to-date: /home/harsh/ros2_project/install/px4_msgs/include/px4_msgs/px4_msgs/msg/detail/manual_control_setpoint__struct.h\n'}
[1.887501] (px4_msgs) StdoutLine: {'line': b'-- Up-to-date: /home/harsh/ros2_project/install/px4_msgs/include/px4_msgs/px4_msgs/msg/detail/landing_gear_wheel__description.c\n'}
[1.887568] (px4_msgs) StdoutLine: {'line': b'-- Up-to-date: /home/harsh/ros2_project/install/px4_msgs/include/px4_msgs/px4_msgs/msg/detail/power_button_state__struct.h\n'}
[1.887636] (px4_msgs) StdoutLine: {'line': b'-- Up-to-date: /home/harsh/ros2_project/install/px4_msgs/include/px4_msgs/px4_msgs/msg/detail/qshell_retval__description.c\n'}
[1.887707] (px4_msgs) StdoutLine: {'line': b'-- Up-to-date: /home/harsh/ros2_project/install/px4_msgs/include/px4_msgs/px4_msgs/msg/detail/dataman_response__type_support.h\n'}
[1.887776] (px4_msgs) StdoutLine: {'line': b'-- Up-to-date: /home/harsh/ros2_project/install/px4_msgs/include/px4_msgs/px4_msgs/msg/detail/sensor_uwb__functions.c\n'}
[1.887844] (px4_msgs) StdoutLine: {'line': b'-- Up-to-date: /home/harsh/ros2_project/install/px4_msgs/include/px4_msgs/px4_msgs/msg/detail/sensor_airflow__type_support.h\n'}
[1.888071] (px4_msgs) StdoutLine: {'line': b'-- Up-to-date: /home/harsh/ros2_project/install/px4_msgs/include/px4_msgs/px4_msgs/msg/detail/unregister_ext_component__functions.h\n'}
[1.888144] (px4_msgs) StdoutLine: {'line': b'-- Up-to-date: /home/harsh/ros2_project/install/px4_msgs/include/px4_msgs/px4_msgs/msg/detail/figure_eight_status__type_support.h\n'}
[1.888210] (px4_msgs) StdoutLine: {'line': b'-- Installing: /home/harsh/ros2_project/install/px4_msgs/include/px4_msgs/px4_msgs/msg/detail/vehicle_optical_flow__type_support.c\n'}
[1.888277] (px4_msgs) StdoutLine: {'line': b'-- Installing: /home/harsh/ros2_project/install/px4_msgs/include/px4_msgs/px4_msgs/msg/detail/ulog_stream_ack__type_support.c\n'}
[1.888347] (px4_msgs) StdoutLine: {'line': b'-- Up-to-date: /home/harsh/ros2_project/install/px4_msgs/include/px4_msgs/px4_msgs/msg/detail/vehicle_acceleration__functions.c\n'}
[1.888417] (px4_msgs) StdoutLine: {'line': b'-- Up-to-date: /home/harsh/ros2_project/install/px4_msgs/include/px4_msgs/px4_msgs/msg/detail/system_power__type_support.h\n'}
[1.888483] (px4_msgs) StdoutLine: {'line': b'-- Up-to-date: /home/harsh/ros2_project/install/px4_msgs/include/px4_msgs/px4_msgs/msg/detail/orb_test_large__functions.h\n'}
[1.888560] (px4_msgs) StdoutLine: {'line': b'-- Up-to-date: /home/harsh/ros2_project/install/px4_msgs/include/px4_msgs/px4_msgs/msg/detail/debug_array__type_support.h\n'}
[1.888758] (px4_msgs) StdoutLine: {'line': b'-- Up-to-date: /home/harsh/ros2_project/install/px4_msgs/include/px4_msgs/px4_msgs/msg/detail/navigator_mission_item__description.c\n'}
[1.888911] (px4_msgs) StdoutLine: {'line': b'-- Installing: /home/harsh/ros2_project/install/px4_msgs/include/px4_msgs/px4_msgs/msg/detail/trajectory_setpoint__type_support.c\n'}
[1.889028] (px4_msgs) StdoutLine: {'line': b'-- Installing: /home/harsh/ros2_project/install/px4_msgs/include/px4_msgs/px4_msgs/msg/detail/rpm__type_support.c\n'}
[1.889113] (px4_msgs) StdoutLine: {'line': b'-- Up-to-date: /home/harsh/ros2_project/install/px4_msgs/include/px4_msgs/px4_msgs/msg/detail/mavlink_tunnel__description.c\n'}
[1.889189] (px4_msgs) StdoutLine: {'line': b'-- Installing: /home/harsh/ros2_project/install/px4_msgs/include/px4_msgs/px4_msgs/msg/detail/position_setpoint_triplet__type_support.c\n'}
[1.889264] (px4_msgs) StdoutLine: {'line': b'-- Up-to-date: /home/harsh/ros2_project/install/px4_msgs/include/px4_msgs/px4_msgs/msg/detail/vehicle_angular_acceleration_setpoint__struct.h\n'}
[1.889338] (px4_msgs) StdoutLine: {'line': b'-- Up-to-date: /home/harsh/ros2_project/install/px4_msgs/include/px4_msgs/px4_msgs/msg/detail/arming_check_reply__description.c\n'}
[1.889410] (px4_msgs) StdoutLine: {'line': b'-- Up-to-date: /home/harsh/ros2_project/install/px4_msgs/include/px4_msgs/px4_msgs/msg/detail/gpio_in__description.c\n'}
[1.889482] (px4_msgs) StdoutLine: {'line': b'-- Installing: /home/harsh/ros2_project/install/px4_msgs/include/px4_msgs/px4_msgs/msg/detail/debug_value__type_support.c\n'}
[1.889554] (px4_msgs) StdoutLine: {'line': b'-- Up-to-date: /home/harsh/ros2_project/install/px4_msgs/include/px4_msgs/px4_msgs/msg/detail/ulog_stream__functions.h\n'}
[1.889626] (px4_msgs) StdoutLine: {'line': b'-- Up-to-date: /home/harsh/ros2_project/install/px4_msgs/include/px4_msgs/px4_msgs/msg/detail/gimbal_manager_set_attitude__struct.h\n'}
[1.889696] (px4_msgs) StdoutLine: {'line': b'-- Up-to-date: /home/harsh/ros2_project/install/px4_msgs/include/px4_msgs/px4_msgs/msg/detail/can_interface_status__struct.h\n'}
[1.889764] (px4_msgs) StdoutLine: {'line': b'-- Up-to-date: /home/harsh/ros2_project/install/px4_msgs/include/px4_msgs/px4_msgs/msg/detail/radio_status__struct.h\n'}
[1.889834] (px4_msgs) StdoutLine: {'line': b'-- Up-to-date: /home/harsh/ros2_project/install/px4_msgs/include/px4_msgs/px4_msgs/msg/detail/actuator_controls_status__description.c\n'}
[1.889904] (px4_msgs) StdoutLine: {'line': b'-- Up-to-date: /home/harsh/ros2_project/install/px4_msgs/include/px4_msgs/px4_msgs/msg/detail/mode_completed__description.c\n'}
[1.889972] (px4_msgs) StdoutLine: {'line': b'-- Up-to-date: /home/harsh/ros2_project/install/px4_msgs/include/px4_msgs/px4_msgs/msg/detail/differential_drive_setpoint__struct.h\n'}
[1.890071] (px4_msgs) StdoutLine: {'line': b'-- Up-to-date: /home/harsh/ros2_project/install/px4_msgs/include/px4_msgs/px4_msgs/msg/detail/geofence_result__type_support.h\n'}
[1.890144] (px4_msgs) StdoutLine: {'line': b'-- Up-to-date: /home/harsh/ros2_project/install/px4_msgs/include/px4_msgs/px4_msgs/msg/detail/estimator_event_flags__functions.h\n'}
[1.890215] (px4_msgs) StdoutLine: {'line': b'-- Up-to-date: /home/harsh/ros2_project/install/px4_msgs/include/px4_msgs/px4_msgs/msg/detail/gpio_out__description.c\n'}
[1.890288] (px4_msgs) StdoutLine: {'line': b'-- Up-to-date: /home/harsh/ros2_project/install/px4_msgs/include/px4_msgs/px4_msgs/msg/detail/unregister_ext_component__type_support.h\n'}
[1.890358] (px4_msgs) StdoutLine: {'line': b'-- Up-to-date: /home/harsh/ros2_project/install/px4_msgs/include/px4_msgs/px4_msgs/msg/detail/estimator_selector_status__functions.c\n'}
[1.890429] (px4_msgs) StdoutLine: {'line': b'-- Up-to-date: /home/harsh/ros2_project/install/px4_msgs/include/px4_msgs/px4_msgs/msg/detail/vehicle_local_position_setpoint__struct.h\n'}
[1.890500] (px4_msgs) StdoutLine: {'line': b'-- Up-to-date: /home/harsh/ros2_project/install/px4_msgs/include/px4_msgs/px4_msgs/msg/detail/position_controller_landing_status__type_support.h\n'}
[1.890632] (px4_msgs) StdoutLine: {'line': b'-- Up-to-date: /home/harsh/ros2_project/install/px4_msgs/include/px4_msgs/px4_msgs/msg/detail/navigator_mission_item__functions.c\n'}
[1.890833] (px4_msgs) StdoutLine: {'line': b'-- Up-to-date: /home/harsh/ros2_project/install/px4_msgs/include/px4_msgs/px4_msgs/msg/detail/actuator_servos_trim__type_support.h\n'}
[1.890911] (px4_msgs) StdoutLine: {'line': b'-- Up-to-date: /home/harsh/ros2_project/install/px4_msgs/include/px4_msgs/px4_msgs/msg/detail/cellular_status__functions.h\n'}
[1.890994] (px4_msgs) StdoutLine: {'line': b'-- Up-to-date: /home/harsh/ros2_project/install/px4_msgs/include/px4_msgs/px4_msgs/msg/detail/hover_thrust_estimate__functions.h\n'}
[1.891079] (px4_msgs) StdoutLine: {'line': b'-- Up-to-date: /home/harsh/ros2_project/install/px4_msgs/include/px4_msgs/px4_msgs/msg/detail/gps_dump__struct.h\n'}
[1.891153] (px4_msgs) StdoutLine: {'line': b'-- Up-to-date: /home/harsh/ros2_project/install/px4_msgs/include/px4_msgs/px4_msgs/msg/detail/heater_status__description.c\n'}
[1.891333] (px4_msgs) StdoutLine: {'line': b'-- Up-to-date: /home/harsh/ros2_project/install/px4_msgs/include/px4_msgs/px4_msgs/msg/detail/orb_test__type_support.h\n'}
[1.891409] (px4_msgs) StdoutLine: {'line': b'-- Installing: /home/harsh/ros2_project/install/px4_msgs/include/px4_msgs/px4_msgs/msg/detail/estimator_status__type_support.c\n'}
[1.891481] (px4_msgs) StdoutLine: {'line': b'-- Up-to-date: /home/harsh/ros2_project/install/px4_msgs/include/px4_msgs/px4_msgs/msg/detail/wheel_encoders__functions.h\n'}
[1.891551] (px4_msgs) StdoutLine: {'line': b'-- Up-to-date: /home/harsh/ros2_project/install/px4_msgs/include/px4_msgs/px4_msgs/msg/detail/vehicle_local_position_setpoint__functions.h\n'}
[1.891625] (px4_msgs) StdoutLine: {'line': b'-- Up-to-date: /home/harsh/ros2_project/install/px4_msgs/include/px4_msgs/px4_msgs/msg/detail/pps_capture__functions.c\n'}
[1.891697] (px4_msgs) StdoutLine: {'line': b'-- Up-to-date: /home/harsh/ros2_project/install/px4_msgs/include/px4_msgs/px4_msgs/msg/detail/gimbal_device_information__functions.h\n'}
[1.891768] (px4_msgs) StdoutLine: {'line': b'-- Up-to-date: /home/harsh/ros2_project/install/px4_msgs/include/px4_msgs/px4_msgs/msg/detail/vehicle_optical_flow_vel__type_support.h\n'}
[1.891839] (px4_msgs) StdoutLine: {'line': b'-- Installing: /home/harsh/ros2_project/install/px4_msgs/include/px4_msgs/px4_msgs/msg/detail/airspeed_validated__type_support.c\n'}
[1.891909] (px4_msgs) StdoutLine: {'line': b'-- Up-to-date: /home/harsh/ros2_project/install/px4_msgs/include/px4_msgs/px4_msgs/msg/detail/parameter_update__functions.c\n'}
[1.892010] (px4_msgs) StdoutLine: {'line': b'-- Up-to-date: /home/harsh/ros2_project/install/px4_msgs/include/px4_msgs/px4_msgs/msg/detail/actuator_controls_status__functions.c\n'}
[1.892093] (px4_msgs) StdoutLine: {'line': b'-- Up-to-date: /home/harsh/ros2_project/install/px4_msgs/include/px4_msgs/px4_msgs/msg/detail/landing_gear_wheel__functions.h\n'}
[1.892165] (px4_msgs) StdoutLine: {'line': b'-- Up-to-date: /home/harsh/ros2_project/install/px4_msgs/include/px4_msgs/px4_msgs/msg/detail/magnetometer_bias_estimate__type_support.h\n'}
[1.892238] (px4_msgs) StdoutLine: {'line': b'-- Up-to-date: /home/harsh/ros2_project/install/px4_msgs/include/px4_msgs/px4_msgs/msg/detail/vehicle_optical_flow_vel__functions.h\n'}
[1.892308] (px4_msgs) StdoutLine: {'line': b'-- Up-to-date: /home/harsh/ros2_project/install/px4_msgs/include/px4_msgs/px4_msgs/msg/detail/generator_status__struct.h\n'}
[1.892378] (px4_msgs) StdoutLine: {'line': b'-- Up-to-date: /home/harsh/ros2_project/install/px4_msgs/include/px4_msgs/px4_msgs/msg/detail/differential_pressure__type_support.h\n'}
[1.892447] (px4_msgs) StdoutLine: {'line': b'-- Up-to-date: /home/harsh/ros2_project/install/px4_msgs/include/px4_msgs/px4_msgs/msg/detail/debug_key_value__type_support.h\n'}
[1.892518] (px4_msgs) StdoutLine: {'line': b'-- Up-to-date: /home/harsh/ros2_project/install/px4_msgs/include/px4_msgs/px4_msgs/msg/detail/follow_target__description.c\n'}
[1.892638] (px4_msgs) StdoutLine: {'line': b'-- Installing: /home/harsh/ros2_project/install/px4_msgs/include/px4_msgs/px4_msgs/msg/detail/geofence_result__type_support.c\n'}
[1.892712] (px4_msgs) StdoutLine: {'line': b'-- Up-to-date: /home/harsh/ros2_project/install/px4_msgs/include/px4_msgs/px4_msgs/msg/detail/sensors_status_imu__functions.c\n'}
[1.892781] (px4_msgs) StdoutLine: {'line': b'-- Up-to-date: /home/harsh/ros2_project/install/px4_msgs/include/px4_msgs/px4_msgs/msg/detail/timesync_status__functions.c\n'}
[1.892852] (px4_msgs) StdoutLine: {'line': b'-- Up-to-date: /home/harsh/ros2_project/install/px4_msgs/include/px4_msgs/px4_msgs/msg/detail/sensors_status_imu__struct.h\n'}
[1.892924] (px4_msgs) StdoutLine: {'line': b'-- Up-to-date: /home/harsh/ros2_project/install/px4_msgs/include/px4_msgs/px4_msgs/msg/detail/vehicle_thrust_setpoint__functions.h\n'}
[1.893011] (px4_msgs) StdoutLine: {'line': b'-- Up-to-date: /home/harsh/ros2_project/install/px4_msgs/include/px4_msgs/px4_msgs/msg/detail/vehicle_land_detected__functions.h\n'}
[1.893088] (px4_msgs) StdoutLine: {'line': b'-- Up-to-date: /home/harsh/ros2_project/install/px4_msgs/include/px4_msgs/px4_msgs/msg/detail/telemetry_status__description.c\n'}
[1.893161] (px4_msgs) StdoutLine: {'line': b'-- Up-to-date: /home/harsh/ros2_project/install/px4_msgs/include/px4_msgs/px4_msgs/msg/detail/failsafe_flags__struct.h\n'}
[1.893230] (px4_msgs) StdoutLine: {'line': b'-- Up-to-date: /home/harsh/ros2_project/install/px4_msgs/include/px4_msgs/px4_msgs/msg/detail/sensor_preflight_mag__struct.h\n'}
[1.893301] (px4_msgs) StdoutLine: {'line': b'-- Up-to-date: /home/harsh/ros2_project/install/px4_msgs/include/px4_msgs/px4_msgs/msg/detail/gripper__description.c\n'}
[1.893661] (px4_msgs) StdoutLine: {'line': b'-- Up-to-date: /home/harsh/ros2_project/install/px4_msgs/include/px4_msgs/px4_msgs/msg/detail/transponder_report__description.c\n'}
[1.893749] (px4_msgs) StdoutLine: {'line': b'-- Installing: /home/harsh/ros2_project/install/px4_msgs/include/px4_msgs/px4_msgs/msg/detail/rtl_status__type_support.c\n'}
[1.893817] (px4_msgs) StdoutLine: {'line': b'-- Up-to-date: /home/harsh/ros2_project/install/px4_msgs/include/px4_msgs/px4_msgs/msg/detail/button_event__struct.h\n'}
[1.893926] (px4_msgs) StdoutLine: {'line': b'-- Up-to-date: /home/harsh/ros2_project/install/px4_msgs/include/px4_msgs/px4_msgs/msg/detail/ulog_stream_ack__functions.h\n'}
[1.893992] (px4_msgs) StdoutLine: {'line': b'-- Installing: /home/harsh/ros2_project/install/px4_msgs/include/px4_msgs/px4_msgs/msg/detail/geofence_status__type_support.c\n'}
[1.894103] (px4_msgs) StdoutLine: {'line': b'-- Installing: /home/harsh/ros2_project/install/px4_msgs/include/px4_msgs/px4_msgs/msg/detail/tiltrotor_extra_controls__type_support.c\n'}
[1.894165] (px4_msgs) StdoutLine: {'line': b'-- Up-to-date: /home/harsh/ros2_project/install/px4_msgs/include/px4_msgs/px4_msgs/msg/detail/sensor_airflow__functions.c\n'}
[1.894225] (px4_msgs) StdoutLine: {'line': b'-- Up-to-date: /home/harsh/ros2_project/install/px4_msgs/include/px4_msgs/px4_msgs/msg/detail/sensors_status__functions.c\n'}
[1.894283] (px4_msgs) StdoutLine: {'line': b'-- Installing: /home/harsh/ros2_project/install/px4_msgs/include/px4_msgs/px4_msgs/msg/detail/sensor_airflow__type_support.c\n'}
[1.894344] (px4_msgs) StdoutLine: {'line': b'-- Up-to-date: /home/harsh/ros2_project/install/px4_msgs/include/px4_msgs/px4_msgs/msg/detail/iridiumsbd_status__type_support.h\n'}
[1.894403] (px4_msgs) StdoutLine: {'line': b'-- Up-to-date: /home/harsh/ros2_project/install/px4_msgs/include/px4_msgs/px4_msgs/msg/detail/normalized_unsigned_setpoint__description.c\n'}
[1.894463] (px4_msgs) StdoutLine: {'line': b'-- Installing: /home/harsh/ros2_project/install/px4_msgs/include/px4_msgs/px4_msgs/msg/detail/message_format_response__type_support.c\n'}
[1.894522] (px4_msgs) StdoutLine: {'line': b'-- Up-to-date: /home/harsh/ros2_project/install/px4_msgs/include/px4_msgs/px4_msgs/msg/detail/mission_result__description.c\n'}
[1.894578] (px4_msgs) StdoutLine: {'line': b'-- Up-to-date: /home/harsh/ros2_project/install/px4_msgs/include/px4_msgs/px4_msgs/msg/detail/sensors_status__type_support.h\n'}
[1.894671] (px4_msgs) StdoutLine: {'line': b'-- Up-to-date: /home/harsh/ros2_project/install/px4_msgs/include/px4_msgs/px4_msgs/msg/detail/actuator_test__functions.h\n'}
[1.894729] (px4_msgs) StdoutLine: {'line': b'-- Up-to-date: /home/harsh/ros2_project/install/px4_msgs/include/px4_msgs/px4_msgs/msg/detail/manual_control_setpoint__functions.h\n'}
[1.894788] (px4_msgs) StdoutLine: {'line': b'-- Up-to-date: /home/harsh/ros2_project/install/px4_msgs/include/px4_msgs/px4_msgs/msg/detail/rate_ctrl_status__description.c\n'}
[1.894845] (px4_msgs) StdoutLine: {'line': b'-- Installing: /home/harsh/ros2_project/install/px4_msgs/include/px4_msgs/px4_msgs/msg/detail/battery_status__type_support.c\n'}
[1.894902] (px4_msgs) StdoutLine: {'line': b'-- Installing: /home/harsh/ros2_project/install/px4_msgs/include/px4_msgs/px4_msgs/msg/detail/sensor_correction__type_support.c\n'}
[1.894959] (px4_msgs) StdoutLine: {'line': b'-- Up-to-date: /home/harsh/ros2_project/install/px4_msgs/include/px4_msgs/px4_msgs/msg/detail/esc_status__struct.h\n'}
[1.895021] (px4_msgs) StdoutLine: {'line': b'-- Up-to-date: /home/harsh/ros2_project/install/px4_msgs/include/px4_msgs/px4_msgs/msg/detail/velocity_limits__description.c\n'}
[1.895082] (px4_msgs) StdoutLine: {'line': b'-- Up-to-date: /home/harsh/ros2_project/install/px4_msgs/include/px4_msgs/px4_msgs/msg/detail/vehicle_status__functions.c\n'}
[1.895140] (px4_msgs) StdoutLine: {'line': b'-- Up-to-date: /home/harsh/ros2_project/install/px4_msgs/include/px4_msgs/px4_msgs/msg/detail/failsafe_flags__description.c\n'}
[1.895198] (px4_msgs) StdoutLine: {'line': b'-- Installing: /home/harsh/ros2_project/install/px4_msgs/include/px4_msgs/px4_msgs/msg/detail/home_position__type_support.c\n'}
[1.895253] (px4_msgs) StdoutLine: {'line': b'-- Up-to-date: /home/harsh/ros2_project/install/px4_msgs/include/px4_msgs/px4_msgs/msg/detail/logger_status__functions.c\n'}
[1.895308] (px4_msgs) StdoutLine: {'line': b'-- Up-to-date: /home/harsh/ros2_project/install/px4_msgs/include/px4_msgs/px4_msgs/msg/detail/orb_test__functions.h\n'}
[1.895365] (px4_msgs) StdoutLine: {'line': b'-- Up-to-date: /home/harsh/ros2_project/install/px4_msgs/include/px4_msgs/px4_msgs/msg/detail/transponder_report__functions.c\n'}
[1.895422] (px4_msgs) StdoutLine: {'line': b'-- Up-to-date: /home/harsh/ros2_project/install/px4_msgs/include/px4_msgs/px4_msgs/msg/detail/sensors_status__description.c\n'}
[1.895475] (px4_msgs) StdoutLine: {'line': b'-- Up-to-date: /home/harsh/ros2_project/install/px4_msgs/include/px4_msgs/px4_msgs/msg/detail/gpio_request__functions.c\n'}
[1.895530] (px4_msgs) StdoutLine: {'line': b'-- Up-to-date: /home/harsh/ros2_project/install/px4_msgs/include/px4_msgs/px4_msgs/msg/detail/uavcan_parameter_request__description.c\n'}
[1.895585] (px4_msgs) StdoutLine: {'line': b'-- Up-to-date: /home/harsh/ros2_project/install/px4_msgs/include/px4_msgs/px4_msgs/msg/detail/estimator_innovations__functions.c\n'}
[1.895638] (px4_msgs) StdoutLine: {'line': b'-- Up-to-date: /home/harsh/ros2_project/install/px4_msgs/include/px4_msgs/px4_msgs/msg/detail/estimator_bias3d__type_support.h\n'}
[1.895694] (px4_msgs) StdoutLine: {'line': b'-- Up-to-date: /home/harsh/ros2_project/install/px4_msgs/include/px4_msgs/px4_msgs/msg/detail/position_controller_landing_status__struct.h\n'}
[1.895758] (px4_msgs) StdoutLine: {'line': b'-- Installing: /home/harsh/ros2_project/install/px4_msgs/include/px4_msgs/px4_msgs/msg/detail/vehicle_optical_flow_vel__type_support.c\n'}
[1.895818] (px4_msgs) StdoutLine: {'line': b'-- Up-to-date: /home/harsh/ros2_project/install/px4_msgs/include/px4_msgs/px4_msgs/msg/detail/gps_inject_data__type_support.h\n'}
[1.895876] (px4_msgs) StdoutLine: {'line': b'-- Up-to-date: /home/harsh/ros2_project/install/px4_msgs/include/px4_msgs/px4_msgs/msg/detail/position_controller_status__description.c\n'}
[1.895931] (px4_msgs) StdoutLine: {'line': b'-- Up-to-date: /home/harsh/ros2_project/install/px4_msgs/include/px4_msgs/px4_msgs/msg/detail/follow_target_estimator__functions.c\n'}
[1.895997] (px4_msgs) StdoutLine: {'line': b'-- Up-to-date: /home/harsh/ros2_project/install/px4_msgs/include/px4_msgs/px4_msgs/msg/detail/satellite_info__functions.c\n'}
[1.896305] (px4_msgs) StdoutLine: {'line': b'-- Up-to-date: /home/harsh/ros2_project/install/px4_msgs/include/px4_msgs/px4_msgs/msg/detail/debug_vect__functions.c\n'}
[1.896384] (px4_msgs) StdoutLine: {'line': b'-- Up-to-date: /home/harsh/ros2_project/install/px4_msgs/include/px4_msgs/px4_msgs/msg/detail/landing_target_innovations__struct.h\n'}
[1.896447] (px4_msgs) StdoutLine: {'line': b'-- Up-to-date: /home/harsh/ros2_project/install/px4_msgs/include/px4_msgs/px4_msgs/msg/detail/follow_target_estimator__functions.h\n'}
[1.896512] (px4_msgs) StdoutLine: {'line': b'-- Up-to-date: /home/harsh/ros2_project/install/px4_msgs/include/px4_msgs/px4_msgs/msg/detail/actuator_motors__description.c\n'}
[1.896573] (px4_msgs) StdoutLine: {'line': b'-- Up-to-date: /home/harsh/ros2_project/install/px4_msgs/include/px4_msgs/px4_msgs/msg/detail/mission_result__type_support.h\n'}
[1.896630] (px4_msgs) StdoutLine: {'line': b'-- Up-to-date: /home/harsh/ros2_project/install/px4_msgs/include/px4_msgs/px4_msgs/msg/detail/follow_target__type_support.h\n'}
[1.896687] (px4_msgs) StdoutLine: {'line': b'-- Up-to-date: /home/harsh/ros2_project/install/px4_msgs/include/px4_msgs/px4_msgs/msg/detail/rate_ctrl_status__functions.c\n'}
[1.896743] (px4_msgs) StdoutLine: {'line': b'-- Up-to-date: /home/harsh/ros2_project/install/px4_msgs/include/px4_msgs/px4_msgs/msg/detail/uavcan_parameter_value__type_support.h\n'}
[1.896801] (px4_msgs) StdoutLine: {'line': b'-- Up-to-date: /home/harsh/ros2_project/install/px4_msgs/include/px4_msgs/px4_msgs/msg/detail/differential_pressure__struct.h\n'}
[1.896859] (px4_msgs) StdoutLine: {'line': b'-- Up-to-date: /home/harsh/ros2_project/install/px4_msgs/include/px4_msgs/px4_msgs/msg/detail/vehicle_trajectory_bezier__functions.c\n'}
[1.896916] (px4_msgs) StdoutLine: {'line': b'-- Up-to-date: /home/harsh/ros2_project/install/px4_msgs/include/px4_msgs/px4_msgs/msg/detail/vehicle_attitude_setpoint__functions.h\n'}
[1.896973] (px4_msgs) StdoutLine: {'line': b'-- Up-to-date: /home/harsh/ros2_project/install/px4_msgs/include/px4_msgs/px4_msgs/msg/detail/vehicle_global_position__functions.c\n'}
[1.897048] (px4_msgs) StdoutLine: {'line': b'-- Up-to-date: /home/harsh/ros2_project/install/px4_msgs/include/px4_msgs/px4_msgs/msg/detail/gimbal_manager_set_manual_control__functions.c\n'}
[1.897108] (px4_msgs) StdoutLine: {'line': b'-- Up-to-date: /home/harsh/ros2_project/install/px4_msgs/include/px4_msgs/px4_msgs/msg/detail/battery_status__functions.h\n'}
[1.897165] (px4_msgs) StdoutLine: {'line': b'-- Up-to-date: /home/harsh/ros2_project/install/px4_msgs/include/px4_msgs/px4_msgs/msg/detail/airspeed__functions.c\n'}
[1.897221] (px4_msgs) StdoutLine: {'line': b'-- Up-to-date: /home/harsh/ros2_project/install/px4_msgs/include/px4_msgs/px4_msgs/msg/detail/heater_status__functions.h\n'}
[1.897277] (px4_msgs) StdoutLine: {'line': b'-- Up-to-date: /home/harsh/ros2_project/install/px4_msgs/include/px4_msgs/px4_msgs/msg/detail/sensor_gnss_relative__functions.c\n'}
[1.897333] (px4_msgs) StdoutLine: {'line': b'-- Up-to-date: /home/harsh/ros2_project/install/px4_msgs/include/px4_msgs/px4_msgs/msg/detail/flight_phase_estimation__description.c\n'}
[1.897389] (px4_msgs) StdoutLine: {'line': b'-- Installing: /home/harsh/ros2_project/install/px4_msgs/include/px4_msgs/px4_msgs/msg/detail/tune_control__type_support.c\n'}
[1.897445] (px4_msgs) StdoutLine: {'line': b'-- Installing: /home/harsh/ros2_project/install/px4_msgs/include/px4_msgs/px4_msgs/msg/detail/gimbal_manager_set_attitude__type_support.c\n'}
[1.897501] (px4_msgs) StdoutLine: {'line': b'-- Up-to-date: /home/harsh/ros2_project/install/px4_msgs/include/px4_msgs/px4_msgs/msg/detail/airspeed_wind__functions.h\n'}
[1.897558] (px4_msgs) StdoutLine: {'line': b'-- Up-to-date: /home/harsh/ros2_project/install/px4_msgs/include/px4_msgs/px4_msgs/msg/detail/rc_parameter_map__struct.h\n'}
[1.897615] (px4_msgs) StdoutLine: {'line': b'-- Up-to-date: /home/harsh/ros2_project/install/px4_msgs/include/px4_msgs/px4_msgs/msg/detail/vehicle_command__functions.c\n'}
[1.897702] (px4_msgs) StdoutLine: {'line': b'-- Installing: /home/harsh/ros2_project/install/px4_msgs/include/px4_msgs/px4_msgs/msg/detail/mavlink_log__type_support.c\n'}
[1.897764] (px4_msgs) StdoutLine: {'line': b'-- Up-to-date: /home/harsh/ros2_project/install/px4_msgs/include/px4_msgs/px4_msgs/msg/detail/ekf2_timestamps__type_support.h\n'}
[1.897822] (px4_msgs) StdoutLine: {'line': b'-- Up-to-date: /home/harsh/ros2_project/install/px4_msgs/include/px4_msgs/px4_msgs/msg/detail/collision_report__functions.c\n'}
[1.897965] (px4_msgs) StdoutLine: {'line': b'-- Installing: /home/harsh/ros2_project/install/px4_msgs/include/px4_msgs/px4_msgs/msg/detail/estimator_innovations__type_support.c\n'}
[1.898043] (px4_msgs) StdoutLine: {'line': b'-- Up-to-date: /home/harsh/ros2_project/install/px4_msgs/include/px4_msgs/px4_msgs/msg/detail/power_button_state__functions.c\n'}
[1.898104] (px4_msgs) StdoutLine: {'line': b'-- Installing: /home/harsh/ros2_project/install/px4_msgs/include/px4_msgs/px4_msgs/msg/detail/collision_report__type_support.c\n'}
[1.898161] (px4_msgs) StdoutLine: {'line': b'-- Up-to-date: /home/harsh/ros2_project/install/px4_msgs/include/px4_msgs/px4_msgs/msg/detail/rpm__type_support.h\n'}
[1.898218] (px4_msgs) StdoutLine: {'line': b'-- Up-to-date: /home/harsh/ros2_project/install/px4_msgs/include/px4_msgs/px4_msgs/msg/detail/velocity_limits__type_support.h\n'}
[1.898273] (px4_msgs) StdoutLine: {'line': b'-- Up-to-date: /home/harsh/ros2_project/install/px4_msgs/include/px4_msgs/px4_msgs/msg/detail/trajectory_waypoint__description.c\n'}
[1.898329] (px4_msgs) StdoutLine: {'line': b'-- Up-to-date: /home/harsh/ros2_project/install/px4_msgs/include/px4_msgs/px4_msgs/msg/detail/normalized_unsigned_setpoint__struct.h\n'}
[1.898384] (px4_msgs) StdoutLine: {'line': b'-- Up-to-date: /home/harsh/ros2_project/install/px4_msgs/include/px4_msgs/px4_msgs/msg/detail/position_setpoint__type_support.h\n'}
[1.898441] (px4_msgs) StdoutLine: {'line': b'-- Up-to-date: /home/harsh/ros2_project/install/px4_msgs/include/px4_msgs/px4_msgs/msg/detail/mission_result__functions.c\n'}
[1.898498] (px4_msgs) StdoutLine: {'line': b'-- Up-to-date: /home/harsh/ros2_project/install/px4_msgs/include/px4_msgs/px4_msgs/msg/detail/collision_report__functions.h\n'}
[1.898552] (px4_msgs) StdoutLine: {'line': b'-- Up-to-date: /home/harsh/ros2_project/install/px4_msgs/include/px4_msgs/px4_msgs/msg/detail/sensor_gps__description.c\n'}
[1.898609] (px4_msgs) StdoutLine: {'line': b'-- Up-to-date: /home/harsh/ros2_project/install/px4_msgs/include/px4_msgs/px4_msgs/msg/detail/parameter_update__struct.h\n'}
[1.898664] (px4_msgs) StdoutLine: {'line': b'-- Up-to-date: /home/harsh/ros2_project/install/px4_msgs/include/px4_msgs/px4_msgs/msg/detail/vehicle_imu__description.c\n'}
[1.898721] (px4_msgs) StdoutLine: {'line': b'-- Up-to-date: /home/harsh/ros2_project/install/px4_msgs/include/px4_msgs/px4_msgs/msg/detail/vehicle_magnetometer__functions.c\n'}
[1.898777] (px4_msgs) StdoutLine: {'line': b'-- Up-to-date: /home/harsh/ros2_project/install/px4_msgs/include/px4_msgs/px4_msgs/msg/detail/differential_pressure__functions.h\n'}
[1.898834] (px4_msgs) StdoutLine: {'line': b'-- Up-to-date: /home/harsh/ros2_project/install/px4_msgs/include/px4_msgs/px4_msgs/msg/detail/estimator_event_flags__type_support.h\n'}
[1.898892] (px4_msgs) StdoutLine: {'line': b'-- Up-to-date: /home/harsh/ros2_project/install/px4_msgs/include/px4_msgs/px4_msgs/msg/detail/timesync_status__type_support.h\n'}
[1.898949] (px4_msgs) StdoutLine: {'line': b'-- Up-to-date: /home/harsh/ros2_project/install/px4_msgs/include/px4_msgs/px4_msgs/msg/detail/power_monitor__functions.h\n'}
[1.899014] (px4_msgs) StdoutLine: {'line': b'-- Up-to-date: /home/harsh/ros2_project/install/px4_msgs/include/px4_msgs/px4_msgs/msg/detail/camera_trigger__functions.c\n'}
[1.899073] (px4_msgs) StdoutLine: {'line': b'-- Up-to-date: /home/harsh/ros2_project/install/px4_msgs/include/px4_msgs/px4_msgs/msg/detail/estimator_aid_source2d__type_support.h\n'}
[1.899133] (px4_msgs) StdoutLine: {'line': b'-- Up-to-date: /home/harsh/ros2_project/install/px4_msgs/include/px4_msgs/px4_msgs/msg/detail/health_report__description.c\n'}
[1.899187] (px4_msgs) StdoutLine: {'line': b'-- Up-to-date: /home/harsh/ros2_project/install/px4_msgs/include/px4_msgs/px4_msgs/msg/detail/orb_test_large__functions.c\n'}
[1.899243] (px4_msgs) StdoutLine: {'line': b'-- Up-to-date: /home/harsh/ros2_project/install/px4_msgs/include/px4_msgs/px4_msgs/msg/detail/config_overrides__type_support.h\n'}
[1.899300] (px4_msgs) StdoutLine: {'line': b'-- Up-to-date: /home/harsh/ros2_project/install/px4_msgs/include/px4_msgs/px4_msgs/msg/detail/airspeed_validated__functions.c\n'}
[1.899355] (px4_msgs) StdoutLine: {'line': b'-- Up-to-date: /home/harsh/ros2_project/install/px4_msgs/include/px4_msgs/px4_msgs/msg/detail/magnetometer_bias_estimate__description.c\n'}
[1.899413] (px4_msgs) StdoutLine: {'line': b'-- Up-to-date: /home/harsh/ros2_project/install/px4_msgs/include/px4_msgs/px4_msgs/msg/detail/power_button_state__type_support.h\n'}
[1.899469] (px4_msgs) StdoutLine: {'line': b'-- Installing: /home/harsh/ros2_project/install/px4_msgs/include/px4_msgs/px4_msgs/msg/detail/landing_target_pose__type_support.c\n'}
[1.899525] (px4_msgs) StdoutLine: {'line': b'-- Installing: /home/harsh/ros2_project/install/px4_msgs/include/px4_msgs/px4_msgs/msg/detail/trajectory_bezier__type_support.c\n'}
[1.899580] (px4_msgs) StdoutLine: {'line': b'-- Up-to-date: /home/harsh/ros2_project/install/px4_msgs/include/px4_msgs/px4_msgs/msg/detail/iridiumsbd_status__struct.h\n'}
[1.899636] (px4_msgs) StdoutLine: {'line': b'-- Installing: /home/harsh/ros2_project/install/px4_msgs/include/px4_msgs/px4_msgs/msg/detail/message_format_request__type_support.c\n'}
[1.899693] (px4_msgs) StdoutLine: {'line': b'-- Up-to-date: /home/harsh/ros2_project/install/px4_msgs/include/px4_msgs/px4_msgs/msg/detail/debug_value__functions.h\n'}
[1.899748] (px4_msgs) StdoutLine: {'line': b'-- Up-to-date: /home/harsh/ros2_project/install/px4_msgs/include/px4_msgs/px4_msgs/msg/detail/ping__description.c\n'}
[1.899803] (px4_msgs) StdoutLine: {'line': b'-- Up-to-date: /home/harsh/ros2_project/install/px4_msgs/include/px4_msgs/px4_msgs/msg/detail/collision_report__struct.h\n'}
[1.899858] (px4_msgs) StdoutLine: {'line': b'-- Up-to-date: /home/harsh/ros2_project/install/px4_msgs/include/px4_msgs/px4_msgs/msg/detail/estimator_aid_source1d__struct.h\n'}
[1.899918] (px4_msgs) StdoutLine: {'line': b'-- Up-to-date: /home/harsh/ros2_project/install/px4_msgs/include/px4_msgs/px4_msgs/msg/detail/figure_eight_status__functions.c\n'}
[1.899972] (px4_msgs) StdoutLine: {'line': b'-- Up-to-date: /home/harsh/ros2_project/install/px4_msgs/include/px4_msgs/px4_msgs/msg/detail/sensor_gyro_fifo__functions.h\n'}
[1.900033] (px4_msgs) StdoutLine: {'line': b'-- Up-to-date: /home/harsh/ros2_project/install/px4_msgs/include/px4_msgs/px4_msgs/msg/detail/distance_sensor__struct.h\n'}
[1.900088] (px4_msgs) StdoutLine: {'line': b'-- Installing: /home/harsh/ros2_project/install/px4_msgs/include/px4_msgs/px4_msgs/msg/detail/rate_ctrl_status__type_support.c\n'}
[1.900143] (px4_msgs) StdoutLine: {'line': b'-- Up-to-date: /home/harsh/ros2_project/install/px4_msgs/include/px4_msgs/px4_msgs/msg/detail/register_ext_component_request__type_support.h\n'}
[1.900201] (px4_msgs) StdoutLine: {'line': b'-- Up-to-date: /home/harsh/ros2_project/install/px4_msgs/include/px4_msgs/px4_msgs/msg/detail/esc_report__functions.c\n'}
[1.900255] (px4_msgs) StdoutLine: {'line': b'-- Up-to-date: /home/harsh/ros2_project/install/px4_msgs/include/px4_msgs/px4_msgs/msg/detail/sensor_correction__description.c\n'}
[1.900310] (px4_msgs) StdoutLine: {'line': b'-- Up-to-date: /home/harsh/ros2_project/install/px4_msgs/include/px4_msgs/px4_msgs/msg/detail/heater_status__type_support.h\n'}
[1.900365] (px4_msgs) StdoutLine: {'line': b'-- Up-to-date: /home/harsh/ros2_project/install/px4_msgs/include/px4_msgs/px4_msgs/msg/detail/arming_check_reply__type_support.h\n'}
[1.900420] (px4_msgs) StdoutLine: {'line': b'-- Up-to-date: /home/harsh/ros2_project/install/px4_msgs/include/px4_msgs/px4_msgs/msg/detail/vehicle_thrust_setpoint__struct.h\n'}
[1.900474] (px4_msgs) StdoutLine: {'line': b'-- Up-to-date: /home/harsh/ros2_project/install/px4_msgs/include/px4_msgs/px4_msgs/msg/detail/tune_control__description.c\n'}
[1.900530] (px4_msgs) StdoutLine: {'line': b'-- Up-to-date: /home/harsh/ros2_project/install/px4_msgs/include/px4_msgs/px4_msgs/msg/detail/sensor_combined__functions.h\n'}
[1.900586] (px4_msgs) StdoutLine: {'line': b'-- Up-to-date: /home/harsh/ros2_project/install/px4_msgs/include/px4_msgs/px4_msgs/msg/detail/sensor_gps__type_support.h\n'}
[1.900641] (px4_msgs) StdoutLine: {'line': b'-- Up-to-date: /home/harsh/ros2_project/install/px4_msgs/include/px4_msgs/px4_msgs/msg/detail/vehicle_constraints__functions.c\n'}
[1.900696] (px4_msgs) StdoutLine: {'line': b'-- Up-to-date: /home/harsh/ros2_project/install/px4_msgs/include/px4_msgs/px4_msgs/msg/detail/collision_constraints__description.c\n'}
[1.900751] (px4_msgs) StdoutLine: {'line': b'-- Up-to-date: /home/harsh/ros2_project/install/px4_msgs/include/px4_msgs/px4_msgs/msg/detail/sensor_selection__description.c\n'}
[1.900807] (px4_msgs) StdoutLine: {'line': b'-- Up-to-date: /home/harsh/ros2_project/install/px4_msgs/include/px4_msgs/px4_msgs/msg/detail/differential_pressure__functions.c\n'}
[1.900861] (px4_msgs) StdoutLine: {'line': b'-- Up-to-date: /home/harsh/ros2_project/install/px4_msgs/include/px4_msgs/px4_msgs/msg/detail/estimator_bias__type_support.h\n'}
[1.900916] (px4_msgs) StdoutLine: {'line': b'-- Up-to-date: /home/harsh/ros2_project/install/px4_msgs/include/px4_msgs/px4_msgs/msg/detail/sensor_accel_fifo__functions.c\n'}
[1.900971] (px4_msgs) StdoutLine: {'line': b'-- Installing: /home/harsh/ros2_project/install/px4_msgs/include/px4_msgs/px4_msgs/msg/detail/gripper__type_support.c\n'}
[1.901033] (px4_msgs) StdoutLine: {'line': b'-- Up-to-date: /home/harsh/ros2_project/install/px4_msgs/include/px4_msgs/px4_msgs/msg/detail/sensors_status__struct.h\n'}
[1.901089] (px4_msgs) StdoutLine: {'line': b'-- Up-to-date: /home/harsh/ros2_project/install/px4_msgs/include/px4_msgs/px4_msgs/msg/detail/sensor_gps__struct.h\n'}
[1.901146] (px4_msgs) StdoutLine: {'line': b'-- Up-to-date: /home/harsh/ros2_project/install/px4_msgs/include/px4_msgs/px4_msgs/msg/detail/trajectory_waypoint__functions.h\n'}
[1.901201] (px4_msgs) StdoutLine: {'line': b'-- Up-to-date: /home/harsh/ros2_project/install/px4_msgs/include/px4_msgs/px4_msgs/msg/detail/pwm_input__functions.h\n'}
[1.901254] (px4_msgs) StdoutLine: {'line': b'-- Installing: /home/harsh/ros2_project/install/px4_msgs/include/px4_msgs/px4_msgs/msg/detail/log_message__type_support.c\n'}
[1.901308] (px4_msgs) StdoutLine: {'line': b'-- Up-to-date: /home/harsh/ros2_project/install/px4_msgs/include/px4_msgs/px4_msgs/msg/detail/message_format_response__type_support.h\n'}
[1.901364] (px4_msgs) StdoutLine: {'line': b'-- Up-to-date: /home/harsh/ros2_project/install/px4_msgs/include/px4_msgs/px4_msgs/msg/detail/parameter_reset_request__functions.c\n'}
[1.901690] (px4_msgs) StdoutLine: {'line': b'-- Up-to-date: /home/harsh/ros2_project/install/px4_msgs/include/px4_msgs/px4_msgs/msg/detail/vehicle_roi__functions.c\n'}
[1.901815] (px4_msgs) StdoutLine: {'line': b'-- Up-to-date: /home/harsh/ros2_project/install/px4_msgs/include/px4_msgs/px4_msgs/msg/detail/landing_target_innovations__description.c\n'}
[1.901885] (px4_msgs) StdoutLine: {'line': b'-- Up-to-date: /home/harsh/ros2_project/install/px4_msgs/include/px4_msgs/px4_msgs/msg/detail/power_button_state__functions.h\n'}
[1.901947] (px4_msgs) StdoutLine: {'line': b'-- Installing: /home/harsh/ros2_project/install/px4_msgs/include/px4_msgs/px4_msgs/msg/detail/mag_worker_data__type_support.c\n'}
[1.902247] (px4_msgs) StdoutLine: {'line': b'-- Up-to-date: /home/harsh/ros2_project/install/px4_msgs/include/px4_msgs/px4_msgs/msg/detail/dataman_request__type_support.h\n'}
[1.902492] (px4_msgs) StdoutLine: {'line': b'-- Up-to-date: /home/harsh/ros2_project/install/px4_msgs/include/px4_msgs/px4_msgs/msg/detail/mount_orientation__struct.h\n'}
[1.902632] (px4_msgs) StdoutLine: {'line': b'-- Up-to-date: /home/harsh/ros2_project/install/px4_msgs/include/px4_msgs/px4_msgs/msg/detail/gimbal_device_information__struct.h\n'}
[1.902713] (px4_msgs) StdoutLine: {'line': b'-- Up-to-date: /home/harsh/ros2_project/install/px4_msgs/include/px4_msgs/px4_msgs/msg/detail/vehicle_odometry__type_support.h\n'}
[1.902817] (px4_msgs) StdoutLine: {'line': b'-- Up-to-date: /home/harsh/ros2_project/install/px4_msgs/include/px4_msgs/px4_msgs/msg/detail/failsafe_flags__functions.h\n'}
[1.902921] (px4_msgs) StdoutLine: {'line': b'-- Installing: /home/harsh/ros2_project/install/px4_msgs/include/px4_msgs/px4_msgs/msg/detail/sensor_preflight_mag__type_support.c\n'}
[1.903138] (px4_msgs) StdoutLine: {'line': b'-- Up-to-date: /home/harsh/ros2_project/install/px4_msgs/include/px4_msgs/px4_msgs/msg/detail/offboard_control_mode__type_support.h\n'}
[1.903298] (px4_msgs) StdoutLine: {'line': b'-- Up-to-date: /home/harsh/ros2_project/install/px4_msgs/include/px4_msgs/px4_msgs/msg/detail/distance_sensor__description.c\n'}
[1.903373] (px4_msgs) StdoutLine: {'line': b'-- Up-to-date: /home/harsh/ros2_project/install/px4_msgs/include/px4_msgs/px4_msgs/msg/detail/esc_report__description.c\n'}
[1.903448] (px4_msgs) StdoutLine: {'line': b'-- Up-to-date: /home/harsh/ros2_project/install/px4_msgs/include/px4_msgs/px4_msgs/msg/detail/follow_target_estimator__description.c\n'}
[1.903522] (px4_msgs) StdoutLine: {'line': b'-- Up-to-date: /home/harsh/ros2_project/install/px4_msgs/include/px4_msgs/px4_msgs/msg/detail/power_monitor__description.c\n'}
[1.903595] (px4_msgs) StdoutLine: {'line': b'-- Up-to-date: /home/harsh/ros2_project/install/px4_msgs/include/px4_msgs/px4_msgs/msg/detail/vehicle_optical_flow_vel__description.c\n'}
[1.903668] (px4_msgs) StdoutLine: {'line': b'-- Up-to-date: /home/harsh/ros2_project/install/px4_msgs/include/px4_msgs/px4_msgs/msg/detail/estimator_status_flags__functions.c\n'}
[1.903743] (px4_msgs) StdoutLine: {'line': b'-- Up-to-date: /home/harsh/ros2_project/install/px4_msgs/include/px4_msgs/px4_msgs/msg/detail/gimbal_device_attitude_status__struct.h\n'}
[1.903817] (px4_msgs) StdoutLine: {'line': b'-- Up-to-date: /home/harsh/ros2_project/install/px4_msgs/include/px4_msgs/px4_msgs/msg/detail/sensor_baro__type_support.h\n'}
[1.903889] (px4_msgs) StdoutLine: {'line': b'-- Installing: /home/harsh/ros2_project/install/px4_msgs/include/px4_msgs/px4_msgs/msg/detail/sensor_hygrometer__type_support.c\n'}
[1.903962] (px4_msgs) StdoutLine: {'line': b'-- Up-to-date: /home/harsh/ros2_project/install/px4_msgs/include/px4_msgs/px4_msgs/msg/detail/rc_channels__functions.c\n'}
[1.904053] (px4_msgs) StdoutLine: {'line': b'-- Installing: /home/harsh/ros2_project/install/px4_msgs/include/px4_msgs/px4_msgs/msg/detail/actuator_servos__type_support.c\n'}
[1.904126] (px4_msgs) StdoutLine: {'line': b'-- Up-to-date: /home/harsh/ros2_project/install/px4_msgs/include/px4_msgs/px4_msgs/msg/detail/manual_control_setpoint__type_support.h\n'}
[1.904198] (px4_msgs) StdoutLine: {'line': b'-- Up-to-date: /home/harsh/ros2_project/install/px4_msgs/include/px4_msgs/px4_msgs/msg/detail/vehicle_land_detected__functions.c\n'}
[1.904270] (px4_msgs) StdoutLine: {'line': b'-- Up-to-date: /home/harsh/ros2_project/install/px4_msgs/include/px4_msgs/px4_msgs/msg/detail/input_rc__struct.h\n'}
[1.904340] (px4_msgs) StdoutLine: {'line': b'-- Up-to-date: /home/harsh/ros2_project/install/px4_msgs/include/px4_msgs/px4_msgs/msg/detail/sensor_baro__struct.h\n'}
[1.904410] (px4_msgs) StdoutLine: {'line': b'-- Up-to-date: /home/harsh/ros2_project/install/px4_msgs/include/px4_msgs/px4_msgs/msg/detail/orbit_status__functions.h\n'}
[1.904481] (px4_msgs) StdoutLine: {'line': b'-- Up-to-date: /home/harsh/ros2_project/install/px4_msgs/include/px4_msgs/px4_msgs/msg/detail/vehicle_trajectory_waypoint__description.c\n'}
[1.904552] (px4_msgs) StdoutLine: {'line': b'-- Up-to-date: /home/harsh/ros2_project/install/px4_msgs/include/px4_msgs/px4_msgs/msg/detail/follow_target_estimator__type_support.h\n'}
[1.904645] (px4_msgs) StdoutLine: {'line': b'-- Up-to-date: /home/harsh/ros2_project/install/px4_msgs/include/px4_msgs/px4_msgs/msg/detail/mag_worker_data__description.c\n'}
[1.904765] (px4_msgs) StdoutLine: {'line': b'-- Up-to-date: /home/harsh/ros2_project/install/px4_msgs/include/px4_msgs/px4_msgs/msg/detail/trajectory_bezier__functions.h\n'}
[1.904835] (px4_msgs) StdoutLine: {'line': b'-- Up-to-date: /home/harsh/ros2_project/install/px4_msgs/include/px4_msgs/px4_msgs/msg/detail/vtol_vehicle_status__functions.h\n'}
[1.904901] (px4_msgs) StdoutLine: {'line': b'-- Up-to-date: /home/harsh/ros2_project/install/px4_msgs/include/px4_msgs/px4_msgs/msg/detail/px4io_status__functions.h\n'}
[1.904965] (px4_msgs) StdoutLine: {'line': b'-- Up-to-date: /home/harsh/ros2_project/install/px4_msgs/include/px4_msgs/px4_msgs/msg/detail/sensor_uwb__type_support.h\n'}
[1.905054] (px4_msgs) StdoutLine: {'line': b'-- Up-to-date: /home/harsh/ros2_project/install/px4_msgs/include/px4_msgs/px4_msgs/msg/detail/ekf2_timestamps__functions.c\n'}
[1.905122] (px4_msgs) StdoutLine: {'line': b'-- Up-to-date: /home/harsh/ros2_project/install/px4_msgs/include/px4_msgs/px4_msgs/msg/detail/sensor_gyro_fifo__description.c\n'}
[1.905193] (px4_msgs) StdoutLine: {'line': b'-- Up-to-date: /home/harsh/ros2_project/install/px4_msgs/include/px4_msgs/px4_msgs/msg/detail/vehicle_global_position__struct.h\n'}
[1.905264] (px4_msgs) StdoutLine: {'line': b'-- Installing: /home/harsh/ros2_project/install/px4_msgs/include/px4_msgs/px4_msgs/msg/detail/distance_sensor__type_support.c\n'}
[1.905355] (px4_msgs) StdoutLine: {'line': b'-- Installing: /home/harsh/ros2_project/install/px4_msgs/include/px4_msgs/px4_msgs/msg/detail/estimator_states__type_support.c\n'}
[1.905421] (-) TimerEvent: {}
[1.905539] (px4_msgs) StdoutLine: {'line': b'-- Up-to-date: /home/harsh/ros2_project/install/px4_msgs/include/px4_msgs/px4_msgs/msg/detail/estimator_gps_status__struct.h\n'}
[1.905628] (px4_msgs) StdoutLine: {'line': b'-- Installing: /home/harsh/ros2_project/install/px4_msgs/include/px4_msgs/px4_msgs/msg/detail/led_control__type_support.c\n'}
[1.905703] (px4_msgs) StdoutLine: {'line': b'-- Up-to-date: /home/harsh/ros2_project/install/px4_msgs/include/px4_msgs/px4_msgs/msg/detail/parameter_set_value_response__functions.c\n'}
[1.905777] (px4_msgs) StdoutLine: {'line': b'-- Up-to-date: /home/harsh/ros2_project/install/px4_msgs/include/px4_msgs/px4_msgs/msg/detail/gimbal_manager_information__functions.h\n'}
[1.905847] (px4_msgs) StdoutLine: {'line': b'-- Up-to-date: /home/harsh/ros2_project/install/px4_msgs/include/px4_msgs/px4_msgs/msg/detail/ping__struct.h\n'}
[1.905917] (px4_msgs) StdoutLine: {'line': b'-- Up-to-date: /home/harsh/ros2_project/install/px4_msgs/include/px4_msgs/px4_msgs/msg/detail/ulog_stream__struct.h\n'}
[1.906001] (px4_msgs) StdoutLine: {'line': b'-- Up-to-date: /home/harsh/ros2_project/install/px4_msgs/include/px4_msgs/px4_msgs/msg/detail/sensor_combined__description.c\n'}
[1.906100] (px4_msgs) StdoutLine: {'line': b'-- Up-to-date: /home/harsh/ros2_project/install/px4_msgs/include/px4_msgs/px4_msgs/msg/detail/timesync_status__functions.h\n'}
[1.906174] (px4_msgs) StdoutLine: {'line': b'-- Up-to-date: /home/harsh/ros2_project/install/px4_msgs/include/px4_msgs/px4_msgs/msg/detail/sensor_hygrometer__struct.h\n'}
[1.906246] (px4_msgs) StdoutLine: {'line': b'-- Up-to-date: /home/harsh/ros2_project/install/px4_msgs/include/px4_msgs/px4_msgs/msg/detail/rate_ctrl_status__struct.h\n'}
[1.906312] (px4_msgs) StdoutLine: {'line': b'-- Up-to-date: /home/harsh/ros2_project/install/px4_msgs/include/px4_msgs/px4_msgs/msg/detail/estimator_selector_status__type_support.h\n'}
[1.906382] (px4_msgs) StdoutLine: {'line': b'-- Up-to-date: /home/harsh/ros2_project/install/px4_msgs/include/px4_msgs/px4_msgs/msg/detail/can_interface_status__description.c\n'}
[1.906453] (px4_msgs) StdoutLine: {'line': b'-- Up-to-date: /home/harsh/ros2_project/install/px4_msgs/include/px4_msgs/px4_msgs/msg/detail/estimator_sensor_bias__struct.h\n'}
[1.906522] (px4_msgs) StdoutLine: {'line': b'-- Up-to-date: /home/harsh/ros2_project/install/px4_msgs/include/px4_msgs/px4_msgs/msg/detail/sensor_combined__type_support.h\n'}
[1.906667] (px4_msgs) StdoutLine: {'line': b'-- Up-to-date: /home/harsh/ros2_project/install/px4_msgs/include/px4_msgs/px4_msgs/msg/detail/rc_parameter_map__functions.h\n'}
[1.906739] (px4_msgs) StdoutLine: {'line': b'-- Up-to-date: /home/harsh/ros2_project/install/px4_msgs/include/px4_msgs/px4_msgs/msg/detail/sensor_hygrometer__description.c\n'}
[1.906810] (px4_msgs) StdoutLine: {'line': b'-- Up-to-date: /home/harsh/ros2_project/install/px4_msgs/include/px4_msgs/px4_msgs/msg/detail/manual_control_switches__struct.h\n'}
[1.906878] (px4_msgs) StdoutLine: {'line': b'-- Up-to-date: /home/harsh/ros2_project/install/px4_msgs/include/px4_msgs/px4_msgs/msg/detail/control_allocator_status__struct.h\n'}
[1.906948] (px4_msgs) StdoutLine: {'line': b'-- Installing: /home/harsh/ros2_project/install/px4_msgs/include/px4_msgs/px4_msgs/msg/detail/heater_status__type_support.c\n'}
[1.907094] (px4_msgs) StdoutLine: {'line': b'-- Up-to-date: /home/harsh/ros2_project/install/px4_msgs/include/px4_msgs/px4_msgs/msg/detail/unregister_ext_component__description.c\n'}
[1.907173] (px4_msgs) StdoutLine: {'line': b'-- Up-to-date: /home/harsh/ros2_project/install/px4_msgs/include/px4_msgs/px4_msgs/msg/detail/actuator_motors__type_support.h\n'}
[1.907330] (px4_msgs) StdoutLine: {'line': b'-- Up-to-date: /home/harsh/ros2_project/install/px4_msgs/include/px4_msgs/px4_msgs/msg/detail/landing_gear__struct.h\n'}
[1.907408] (px4_msgs) StdoutLine: {'line': b'-- Up-to-date: /home/harsh/ros2_project/install/px4_msgs/include/px4_msgs/px4_msgs/msg/detail/rtl_status__description.c\n'}
[1.907480] (px4_msgs) StdoutLine: {'line': b'-- Up-to-date: /home/harsh/ros2_project/install/px4_msgs/include/px4_msgs/px4_msgs/msg/detail/parameter_reset_request__functions.h\n'}
[1.907553] (px4_msgs) StdoutLine: {'line': b'-- Up-to-date: /home/harsh/ros2_project/install/px4_msgs/include/px4_msgs/px4_msgs/msg/detail/distance_sensor__functions.c\n'}
[1.907625] (px4_msgs) StdoutLine: {'line': b'-- Up-to-date: /home/harsh/ros2_project/install/px4_msgs/include/px4_msgs/px4_msgs/msg/detail/orb_test_medium__type_support.h\n'}
[1.907694] (px4_msgs) StdoutLine: {'line': b'-- Up-to-date: /home/harsh/ros2_project/install/px4_msgs/include/px4_msgs/px4_msgs/msg/detail/estimator_innovations__functions.h\n'}
[1.907763] (px4_msgs) StdoutLine: {'line': b'-- Up-to-date: /home/harsh/ros2_project/install/px4_msgs/include/px4_msgs/px4_msgs/msg/detail/geofence_result__description.c\n'}
[1.907833] (px4_msgs) StdoutLine: {'line': b'-- Up-to-date: /home/harsh/ros2_project/install/px4_msgs/include/px4_msgs/px4_msgs/msg/detail/gimbal_manager_set_manual_control__type_support.h\n'}
[1.907906] (px4_msgs) StdoutLine: {'line': b'-- Up-to-date: /home/harsh/ros2_project/install/px4_msgs/include/px4_msgs/px4_msgs/msg/detail/vehicle_land_detected__type_support.h\n'}
[1.907976] (px4_msgs) StdoutLine: {'line': b'-- Up-to-date: /home/harsh/ros2_project/install/px4_msgs/include/px4_msgs/px4_msgs/msg/detail/debug_array__functions.c\n'}
[1.908295] (px4_msgs) StdoutLine: {'line': b'-- Up-to-date: /home/harsh/ros2_project/install/px4_msgs/include/px4_msgs/px4_msgs/msg/detail/vehicle_status__type_support.h\n'}
[1.908376] (px4_msgs) StdoutLine: {'line': b'-- Up-to-date: /home/harsh/ros2_project/install/px4_msgs/include/px4_msgs/px4_msgs/msg/detail/position_setpoint_triplet__functions.h\n'}
[1.908453] (px4_msgs) StdoutLine: {'line': b'-- Up-to-date: /home/harsh/ros2_project/install/px4_msgs/include/px4_msgs/px4_msgs/msg/detail/rpm__description.c\n'}
[1.908530] (px4_msgs) StdoutLine: {'line': b'-- Up-to-date: /home/harsh/ros2_project/install/px4_msgs/include/px4_msgs/px4_msgs/msg/detail/estimator_status__functions.c\n'}
[1.908602] (px4_msgs) StdoutLine: {'line': b'-- Up-to-date: /home/harsh/ros2_project/install/px4_msgs/include/px4_msgs/px4_msgs/msg/detail/estimator_gps_status__functions.h\n'}
[1.908676] (px4_msgs) StdoutLine: {'line': b'-- Up-to-date: /home/harsh/ros2_project/install/px4_msgs/include/px4_msgs/px4_msgs/msg/detail/led_control__functions.c\n'}
[1.908767] (px4_msgs) StdoutLine: {'line': b'-- Up-to-date: /home/harsh/ros2_project/install/px4_msgs/include/px4_msgs/px4_msgs/msg/detail/actuator_armed__description.c\n'}
[1.908841] (px4_msgs) StdoutLine: {'line': b'-- Up-to-date: /home/harsh/ros2_project/install/px4_msgs/include/px4_msgs/px4_msgs/msg/detail/vehicle_land_detected__struct.h\n'}
[1.908913] (px4_msgs) StdoutLine: {'line': b'-- Installing: /home/harsh/ros2_project/install/px4_msgs/include/px4_msgs/px4_msgs/msg/detail/qshell_retval__type_support.c\n'}
[1.908994] (px4_msgs) StdoutLine: {'line': b'-- Up-to-date: /home/harsh/ros2_project/install/px4_msgs/include/px4_msgs/px4_msgs/msg/detail/vehicle_trajectory_bezier__type_support.h\n'}
[1.909083] (px4_msgs) StdoutLine: {'line': b'-- Up-to-date: /home/harsh/ros2_project/install/px4_msgs/include/px4_msgs/px4_msgs/msg/detail/gimbal_manager_set_manual_control__struct.h\n'}
[1.909155] (px4_msgs) StdoutLine: {'line': b'-- Installing: /home/harsh/ros2_project/install/px4_msgs/include/px4_msgs/px4_msgs/msg/detail/gimbal_device_information__type_support.c\n'}
[1.909228] (px4_msgs) StdoutLine: {'line': b'-- Up-to-date: /home/harsh/ros2_project/install/px4_msgs/include/px4_msgs/px4_msgs/msg/detail/gpio_request__functions.h\n'}
[1.909301] (px4_msgs) StdoutLine: {'line': b'-- Installing: /home/harsh/ros2_project/install/px4_msgs/include/px4_msgs/px4_msgs/msg/detail/unregister_ext_component__type_support.c\n'}
[1.909375] (px4_msgs) StdoutLine: {'line': b'-- Installing: /home/harsh/ros2_project/install/px4_msgs/include/px4_msgs/px4_msgs/msg/detail/control_allocator_status__type_support.c\n'}
[1.909451] (px4_msgs) StdoutLine: {'line': b'-- Installing: /home/harsh/ros2_project/install/px4_msgs/include/px4_msgs/px4_msgs/msg/detail/rtl_time_estimate__type_support.c\n'}
[1.909528] (px4_msgs) StdoutLine: {'line': b'-- Up-to-date: /home/harsh/ros2_project/install/px4_msgs/include/px4_msgs/px4_msgs/msg/detail/vehicle_odometry__functions.h\n'}
[1.909599] (px4_msgs) StdoutLine: {'line': b'-- Up-to-date: /home/harsh/ros2_project/install/px4_msgs/include/px4_msgs/px4_msgs/msg/detail/vtol_vehicle_status__functions.c\n'}
[1.909674] (px4_msgs) StdoutLine: {'line': b'-- Up-to-date: /home/harsh/ros2_project/install/px4_msgs/include/px4_msgs/px4_msgs/msg/detail/airspeed_wind__functions.c\n'}
[1.909746] (px4_msgs) StdoutLine: {'line': b'-- Up-to-date: /home/harsh/ros2_project/install/px4_msgs/include/px4_msgs/px4_msgs/msg/detail/gps_inject_data__functions.c\n'}
[1.909817] (px4_msgs) StdoutLine: {'line': b'-- Installing: /home/harsh/ros2_project/install/px4_msgs/include/px4_msgs/px4_msgs/msg/detail/magnetometer_bias_estimate__type_support.c\n'}
[1.909966] (px4_msgs) StdoutLine: {'line': b'-- Up-to-date: /home/harsh/ros2_project/install/px4_msgs/include/px4_msgs/px4_msgs/msg/detail/estimator_status__functions.h\n'}
[1.910159] (px4_msgs) StdoutLine: {'line': b'-- Up-to-date: /home/harsh/ros2_project/install/px4_msgs/include/px4_msgs/px4_msgs/msg/detail/wheel_encoders__struct.h\n'}
[1.910238] (px4_msgs) StdoutLine: {'line': b'-- Installing: /home/harsh/ros2_project/install/px4_msgs/include/px4_msgs/px4_msgs/msg/detail/mission__type_support.c\n'}
[1.910315] (px4_msgs) StdoutLine: {'line': b'-- Up-to-date: /home/harsh/ros2_project/install/px4_msgs/include/px4_msgs/px4_msgs/msg/detail/rc_channels__description.c\n'}
[1.910389] (px4_msgs) StdoutLine: {'line': b'-- Installing: /home/harsh/ros2_project/install/px4_msgs/include/px4_msgs/px4_msgs/msg/detail/trajectory_waypoint__type_support.c\n'}
[1.910460] (px4_msgs) StdoutLine: {'line': b'-- Up-to-date: /home/harsh/ros2_project/install/px4_msgs/include/px4_msgs/px4_msgs/msg/detail/hover_thrust_estimate__type_support.h\n'}
[1.910524] (px4_msgs) StdoutLine: {'line': b'-- Up-to-date: /home/harsh/ros2_project/install/px4_msgs/include/px4_msgs/px4_msgs/msg/detail/vehicle_command__functions.h\n'}
[1.910590] (px4_msgs) StdoutLine: {'line': b'-- Installing: /home/harsh/ros2_project/install/px4_msgs/include/px4_msgs/px4_msgs/msg/detail/estimator_aid_source2d__type_support.c\n'}
[1.910674] (px4_msgs) StdoutLine: {'line': b'-- Up-to-date: /home/harsh/ros2_project/install/px4_msgs/include/px4_msgs/px4_msgs/msg/detail/tune_control__functions.c\n'}
[1.910739] (px4_msgs) StdoutLine: {'line': b'-- Up-to-date: /home/harsh/ros2_project/install/px4_msgs/include/px4_msgs/px4_msgs/msg/detail/cpuload__type_support.h\n'}
[1.910808] (px4_msgs) StdoutLine: {'line': b'-- Up-to-date: /home/harsh/ros2_project/install/px4_msgs/include/px4_msgs/px4_msgs/msg/detail/yaw_estimator_status__functions.h\n'}
[1.910874] (px4_msgs) StdoutLine: {'line': b'-- Up-to-date: /home/harsh/ros2_project/install/px4_msgs/include/px4_msgs/px4_msgs/msg/detail/vehicle_rates_setpoint__description.c\n'}
[1.911106] (px4_msgs) StdoutLine: {'line': b'-- Up-to-date: /home/harsh/ros2_project/install/px4_msgs/include/px4_msgs/px4_msgs/msg/detail/npfg_status__type_support.h\n'}
[1.911177] (px4_msgs) StdoutLine: {'line': b'-- Up-to-date: /home/harsh/ros2_project/install/px4_msgs/include/px4_msgs/px4_msgs/msg/detail/estimator_sensor_bias__type_support.h\n'}
[1.911242] (px4_msgs) StdoutLine: {'line': b'-- Up-to-date: /home/harsh/ros2_project/install/px4_msgs/include/px4_msgs/px4_msgs/msg/detail/dataman_request__functions.c\n'}
[1.911308] (px4_msgs) StdoutLine: {'line': b'-- Up-to-date: /home/harsh/ros2_project/install/px4_msgs/include/px4_msgs/px4_msgs/msg/detail/vehicle_optical_flow__type_support.h\n'}
[1.911373] (px4_msgs) StdoutLine: {'line': b'-- Up-to-date: /home/harsh/ros2_project/install/px4_msgs/include/px4_msgs/px4_msgs/msg/detail/arming_check_request__functions.c\n'}
[1.911438] (px4_msgs) StdoutLine: {'line': b'-- Up-to-date: /home/harsh/ros2_project/install/px4_msgs/include/px4_msgs/px4_msgs/msg/detail/estimator_sensor_bias__description.c\n'}
[1.911500] (px4_msgs) StdoutLine: {'line': b'-- Up-to-date: /home/harsh/ros2_project/install/px4_msgs/include/px4_msgs/px4_msgs/msg/detail/actuator_motors__functions.h\n'}
[1.911564] (px4_msgs) StdoutLine: {'line': b'-- Up-to-date: /home/harsh/ros2_project/install/px4_msgs/include/px4_msgs/px4_msgs/msg/detail/cellular_status__description.c\n'}
[1.911629] (px4_msgs) StdoutLine: {'line': b'-- Up-to-date: /home/harsh/ros2_project/install/px4_msgs/include/px4_msgs/px4_msgs/msg/detail/takeoff_status__functions.h\n'}
[1.911691] (px4_msgs) StdoutLine: {'line': b'-- Installing: /home/harsh/ros2_project/install/px4_msgs/include/px4_msgs/px4_msgs/msg/detail/button_event__type_support.c\n'}
[1.911753] (px4_msgs) StdoutLine: {'line': b'-- Up-to-date: /home/harsh/ros2_project/install/px4_msgs/include/px4_msgs/px4_msgs/msg/detail/unregister_ext_component__functions.c\n'}
[1.911818] (px4_msgs) StdoutLine: {'line': b'-- Up-to-date: /home/harsh/ros2_project/install/px4_msgs/include/px4_msgs/px4_msgs/msg/detail/logger_status__struct.h\n'}
[1.911882] (px4_msgs) StdoutLine: {'line': b'-- Up-to-date: /home/harsh/ros2_project/install/px4_msgs/include/px4_msgs/px4_msgs/msg/detail/health_report__functions.h\n'}
[1.911944] (px4_msgs) StdoutLine: {'line': b'-- Up-to-date: /home/harsh/ros2_project/install/px4_msgs/include/px4_msgs/px4_msgs/msg/detail/sensors_status_imu__functions.h\n'}
[1.912030] (px4_msgs) StdoutLine: {'line': b'-- Up-to-date: /home/harsh/ros2_project/install/px4_msgs/include/px4_msgs/px4_msgs/msg/detail/esc_status__description.c\n'}
[1.912097] (px4_msgs) StdoutLine: {'line': b'-- Up-to-date: /home/harsh/ros2_project/install/px4_msgs/include/px4_msgs/px4_msgs/msg/detail/debug_value__description.c\n'}
[1.912159] (px4_msgs) StdoutLine: {'line': b'-- Up-to-date: /home/harsh/ros2_project/install/px4_msgs/include/px4_msgs/px4_msgs/msg/detail/estimator_aid_source1d__functions.h\n'}
[1.912222] (px4_msgs) StdoutLine: {'line': b'-- Up-to-date: /home/harsh/ros2_project/install/px4_msgs/include/px4_msgs/px4_msgs/msg/detail/vehicle_acceleration__struct.h\n'}
[1.912305] (px4_msgs) StdoutLine: {'line': b'-- Installing: /home/harsh/ros2_project/install/px4_msgs/include/px4_msgs/px4_msgs/msg/detail/vehicle_rates_setpoint__type_support.c\n'}
[1.912373] (px4_msgs) StdoutLine: {'line': b'-- Up-to-date: /home/harsh/ros2_project/install/px4_msgs/include/px4_msgs/px4_msgs/msg/detail/ekf2_timestamps__struct.h\n'}
[1.912443] (px4_msgs) StdoutLine: {'line': b'-- Up-to-date: /home/harsh/ros2_project/install/px4_msgs/include/px4_msgs/px4_msgs/msg/detail/obstacle_distance__type_support.h\n'}
[1.912507] (px4_msgs) StdoutLine: {'line': b'-- Up-to-date: /home/harsh/ros2_project/install/px4_msgs/include/px4_msgs/px4_msgs/msg/detail/config_overrides__functions.h\n'}
[1.912570] (px4_msgs) StdoutLine: {'line': b'-- Up-to-date: /home/harsh/ros2_project/install/px4_msgs/include/px4_msgs/px4_msgs/msg/detail/goto_setpoint__functions.c\n'}
[1.912633] (px4_msgs) StdoutLine: {'line': b'-- Installing: /home/harsh/ros2_project/install/px4_msgs/include/px4_msgs/px4_msgs/msg/detail/gimbal_device_set_attitude__type_support.c\n'}
[1.912697] (px4_msgs) StdoutLine: {'line': b'-- Up-to-date: /home/harsh/ros2_project/install/px4_msgs/include/px4_msgs/px4_msgs/msg/detail/sensor_accel__description.c\n'}
[1.912762] (px4_msgs) StdoutLine: {'line': b'-- Installing: /home/harsh/ros2_project/install/px4_msgs/include/px4_msgs/px4_msgs/msg/detail/adc_report__type_support.c\n'}
[1.912824] (px4_msgs) StdoutLine: {'line': b'-- Up-to-date: /home/harsh/ros2_project/install/px4_msgs/include/px4_msgs/px4_msgs/msg/detail/sensor_gyro_fft__description.c\n'}
[1.912887] (px4_msgs) StdoutLine: {'line': b'-- Up-to-date: /home/harsh/ros2_project/install/px4_msgs/include/px4_msgs/px4_msgs/msg/detail/iridiumsbd_status__functions.c\n'}
[1.912948] (px4_msgs) StdoutLine: {'line': b'-- Installing: /home/harsh/ros2_project/install/px4_msgs/include/px4_msgs/px4_msgs/msg/detail/mount_orientation__type_support.c\n'}
[1.913030] (px4_msgs) StdoutLine: {'line': b'-- Up-to-date: /home/harsh/ros2_project/install/px4_msgs/include/px4_msgs/px4_msgs/msg/detail/estimator_innovations__description.c\n'}
[1.913098] (px4_msgs) StdoutLine: {'line': b'-- Up-to-date: /home/harsh/ros2_project/install/px4_msgs/include/px4_msgs/px4_msgs/msg/detail/vehicle_attitude_setpoint__struct.h\n'}
[1.913163] (px4_msgs) StdoutLine: {'line': b'-- Up-to-date: /home/harsh/ros2_project/install/px4_msgs/include/px4_msgs/px4_msgs/msg/detail/vtol_vehicle_status__description.c\n'}
[1.913318] (px4_msgs) StdoutLine: {'line': b'-- Up-to-date: /home/harsh/ros2_project/install/px4_msgs/include/px4_msgs/px4_msgs/msg/detail/gpio_in__struct.h\n'}
[1.913391] (px4_msgs) StdoutLine: {'line': b'-- Up-to-date: /home/harsh/ros2_project/install/px4_msgs/include/px4_msgs/px4_msgs/msg/detail/config_overrides__struct.h\n'}
[1.913455] (px4_msgs) StdoutLine: {'line': b'-- Up-to-date: /home/harsh/ros2_project/install/px4_msgs/include/px4_msgs/px4_msgs/msg/detail/goto_setpoint__type_support.h\n'}
[1.913519] (px4_msgs) StdoutLine: {'line': b'-- Up-to-date: /home/harsh/ros2_project/install/px4_msgs/include/px4_msgs/px4_msgs/msg/detail/esc_report__functions.h\n'}
[1.913585] (px4_msgs) StdoutLine: {'line': b'-- Up-to-date: /home/harsh/ros2_project/install/px4_msgs/include/px4_msgs/px4_msgs/msg/detail/gripper__functions.c\n'}
[1.913648] (px4_msgs) StdoutLine: {'line': b'-- Up-to-date: /home/harsh/ros2_project/install/px4_msgs/include/px4_msgs/px4_msgs/msg/detail/navigator_mission_item__struct.h\n'}
[1.913711] (px4_msgs) StdoutLine: {'line': b'-- Up-to-date: /home/harsh/ros2_project/install/px4_msgs/include/px4_msgs/px4_msgs/msg/detail/gpio_in__functions.c\n'}
[1.913775] (px4_msgs) StdoutLine: {'line': b'-- Up-to-date: /home/harsh/ros2_project/install/px4_msgs/include/px4_msgs/px4_msgs/msg/detail/estimator_aid_source2d__struct.h\n'}
[1.913840] (px4_msgs) StdoutLine: {'line': b'-- Up-to-date: /home/harsh/ros2_project/install/px4_msgs/include/px4_msgs/px4_msgs/msg/detail/esc_report__type_support.h\n'}
[1.913904] (px4_msgs) StdoutLine: {'line': b'-- Up-to-date: /home/harsh/ros2_project/install/px4_msgs/include/px4_msgs/px4_msgs/msg/detail/debug_array__functions.h\n'}
[1.913967] (px4_msgs) StdoutLine: {'line': b'-- Up-to-date: /home/harsh/ros2_project/install/px4_msgs/include/px4_msgs/px4_msgs/msg/detail/qshell_retval__struct.h\n'}
[1.914050] (px4_msgs) StdoutLine: {'line': b'-- Up-to-date: /home/harsh/ros2_project/install/px4_msgs/include/px4_msgs/px4_msgs/msg/detail/magnetometer_bias_estimate__struct.h\n'}
[1.914281] (px4_msgs) StdoutLine: {'line': b'-- Up-to-date: /home/harsh/ros2_project/install/px4_msgs/include/px4_msgs/px4_msgs/msg/detail/gimbal_device_information__description.c\n'}
[1.914350] (px4_msgs) StdoutLine: {'line': b'-- Up-to-date: /home/harsh/ros2_project/install/px4_msgs/include/px4_msgs/px4_msgs/msg/detail/irlock_report__struct.h\n'}
[1.914418] (px4_msgs) StdoutLine: {'line': b'-- Up-to-date: /home/harsh/ros2_project/install/px4_msgs/include/px4_msgs/px4_msgs/msg/detail/generator_status__functions.h\n'}
[1.914493] (px4_msgs) StdoutLine: {'line': b'-- Up-to-date: /home/harsh/ros2_project/install/px4_msgs/include/px4_msgs/px4_msgs/msg/detail/satellite_info__functions.h\n'}
[1.914565] (px4_msgs) StdoutLine: {'line': b'-- Installing: /home/harsh/ros2_project/install/px4_msgs/include/px4_msgs/px4_msgs/msg/detail/vehicle_control_mode__type_support.c\n'}
[1.914736] (px4_msgs) StdoutLine: {'line': b'-- Up-to-date: /home/harsh/ros2_project/install/px4_msgs/include/px4_msgs/px4_msgs/msg/detail/onboard_computer_status__functions.c\n'}
[1.914801] (px4_msgs) StdoutLine: {'line': b'-- Up-to-date: /home/harsh/ros2_project/install/px4_msgs/include/px4_msgs/px4_msgs/msg/detail/can_interface_status__type_support.h\n'}
[1.914870] (px4_msgs) StdoutLine: {'line': b'-- Up-to-date: /home/harsh/ros2_project/install/px4_msgs/include/px4_msgs/px4_msgs/msg/detail/vehicle_constraints__functions.h\n'}
[1.914931] (px4_msgs) StdoutLine: {'line': b'-- Up-to-date: /home/harsh/ros2_project/install/px4_msgs/include/px4_msgs/px4_msgs/msg/detail/failure_detector_status__description.c\n'}
[1.915007] (px4_msgs) StdoutLine: {'line': b'-- Up-to-date: /home/harsh/ros2_project/install/px4_msgs/include/px4_msgs/px4_msgs/msg/detail/landing_gear__functions.h\n'}
[1.915075] (px4_msgs) StdoutLine: {'line': b'-- Up-to-date: /home/harsh/ros2_project/install/px4_msgs/include/px4_msgs/px4_msgs/msg/detail/autotune_attitude_control_status__functions.h\n'}
[1.915136] (px4_msgs) StdoutLine: {'line': b'-- Up-to-date: /home/harsh/ros2_project/install/px4_msgs/include/px4_msgs/px4_msgs/msg/detail/battery_status__description.c\n'}
[1.915194] (px4_msgs) StdoutLine: {'line': b'-- Up-to-date: /home/harsh/ros2_project/install/px4_msgs/include/px4_msgs/px4_msgs/msg/detail/landing_target_innovations__functions.c\n'}
[1.915255] (px4_msgs) StdoutLine: {'line': b'-- Installing: /home/harsh/ros2_project/install/px4_msgs/include/px4_msgs/px4_msgs/msg/detail/sensor_uwb__type_support.c\n'}
[1.915315] (px4_msgs) StdoutLine: {'line': b'-- Installing: /home/harsh/ros2_project/install/px4_msgs/include/px4_msgs/px4_msgs/msg/detail/landing_target_innovations__type_support.c\n'}
[1.915374] (px4_msgs) StdoutLine: {'line': b'-- Up-to-date: /home/harsh/ros2_project/install/px4_msgs/include/px4_msgs/px4_msgs/msg/detail/vehicle_acceleration__description.c\n'}
[1.915432] (px4_msgs) StdoutLine: {'line': b'-- Installing: /home/harsh/ros2_project/install/px4_msgs/include/px4_msgs/px4_msgs/msg/detail/config_overrides__type_support.c\n'}
[1.915492] (px4_msgs) StdoutLine: {'line': b'-- Up-to-date: /home/harsh/ros2_project/install/px4_msgs/include/px4_msgs/px4_msgs/msg/detail/vehicle_thrust_setpoint__description.c\n'}
[1.915548] (px4_msgs) StdoutLine: {'line': b'-- Installing: /home/harsh/ros2_project/install/px4_msgs/include/px4_msgs/px4_msgs/msg/detail/vehicle_thrust_setpoint__type_support.c\n'}
[1.915607] (px4_msgs) StdoutLine: {'line': b'-- Up-to-date: /home/harsh/ros2_project/install/px4_msgs/include/px4_msgs/px4_msgs/msg/detail/gpio_config__type_support.h\n'}
[1.915666] (px4_msgs) StdoutLine: {'line': b'-- Up-to-date: /home/harsh/ros2_project/install/px4_msgs/include/px4_msgs/px4_msgs/msg/detail/sensor_accel_fifo__description.c\n'}
[1.915887] (px4_msgs) StdoutLine: {'line': b'-- Up-to-date: /home/harsh/ros2_project/install/px4_msgs/include/px4_msgs/px4_msgs/msg/detail/follow_target_status__type_support.h\n'}
[1.915955] (px4_msgs) StdoutLine: {'line': b'-- Installing: /home/harsh/ros2_project/install/px4_msgs/include/px4_msgs/px4_msgs/msg/detail/parameter_reset_request__type_support.c\n'}
[1.916465] (px4_msgs) StdoutLine: {'line': b'-- Up-to-date: /home/harsh/ros2_project/install/px4_msgs/include/px4_msgs/px4_msgs/msg/detail/vehicle_magnetometer__functions.h\n'}
[1.916556] (px4_msgs) StdoutLine: {'line': b'-- Up-to-date: /home/harsh/ros2_project/install/px4_msgs/include/px4_msgs/px4_msgs/msg/detail/esc_status__functions.c\n'}
[1.916635] (px4_msgs) StdoutLine: {'line': b'-- Up-to-date: /home/harsh/ros2_project/install/px4_msgs/include/px4_msgs/px4_msgs/msg/detail/camera_capture__description.c\n'}
[1.916700] (px4_msgs) StdoutLine: {'line': b'-- Up-to-date: /home/harsh/ros2_project/install/px4_msgs/include/px4_msgs/px4_msgs/msg/detail/landing_target_innovations__functions.h\n'}
[1.916765] (px4_msgs) StdoutLine: {'line': b'-- Up-to-date: /home/harsh/ros2_project/install/px4_msgs/include/px4_msgs/px4_msgs/msg/detail/internal_combustion_engine_status__description.c\n'}
[1.916835] (px4_msgs) StdoutLine: {'line': b'-- Up-to-date: /home/harsh/ros2_project/install/px4_msgs/include/px4_msgs/px4_msgs/msg/detail/ulog_stream_ack__struct.h\n'}
[1.917139] (px4_msgs) StdoutLine: {'line': b'-- Up-to-date: /home/harsh/ros2_project/install/px4_msgs/include/px4_msgs/px4_msgs/msg/detail/sensor_gnss_relative__functions.h\n'}
[1.917208] (px4_msgs) StdoutLine: {'line': b'-- Up-to-date: /home/harsh/ros2_project/install/px4_msgs/include/px4_msgs/px4_msgs/msg/detail/estimator_selector_status__functions.h\n'}
[1.917276] (px4_msgs) StdoutLine: {'line': b'-- Up-to-date: /home/harsh/ros2_project/install/px4_msgs/include/px4_msgs/px4_msgs/msg/detail/takeoff_status__type_support.h\n'}
[1.917339] (px4_msgs) StdoutLine: {'line': b'-- Installing: /home/harsh/ros2_project/install/px4_msgs/include/px4_msgs/px4_msgs/msg/detail/landing_gear__type_support.c\n'}
[1.917398] (px4_msgs) StdoutLine: {'line': b'-- Up-to-date: /home/harsh/ros2_project/install/px4_msgs/include/px4_msgs/px4_msgs/msg/detail/trajectory_bezier__functions.c\n'}
[1.917470] (px4_msgs) StdoutLine: {'line': b'-- Up-to-date: /home/harsh/ros2_project/install/px4_msgs/include/px4_msgs/px4_msgs/msg/detail/home_position__functions.c\n'}
[1.917613] (px4_msgs) StdoutLine: {'line': b'-- Installing: /home/harsh/ros2_project/install/px4_msgs/include/px4_msgs/px4_msgs/msg/detail/mavlink_tunnel__type_support.c\n'}
[1.917673] (px4_msgs) StdoutLine: {'line': b'-- Up-to-date: /home/harsh/ros2_project/install/px4_msgs/include/px4_msgs/px4_msgs/msg/detail/gpio_config__functions.c\n'}
[1.917734] (px4_msgs) StdoutLine: {'line': b'-- Up-to-date: /home/harsh/ros2_project/install/px4_msgs/include/px4_msgs/px4_msgs/msg/detail/mode_completed__type_support.h\n'}
[1.917804] (px4_msgs) StdoutLine: {'line': b'-- Up-to-date: /home/harsh/ros2_project/install/px4_msgs/include/px4_msgs/px4_msgs/msg/detail/rtl_time_estimate__functions.c\n'}
[1.917864] (px4_msgs) StdoutLine: {'line': b'-- Up-to-date: /home/harsh/ros2_project/install/px4_msgs/include/px4_msgs/px4_msgs/msg/detail/estimator_event_flags__struct.h\n'}
[1.917928] (px4_msgs) StdoutLine: {'line': b'-- Up-to-date: /home/harsh/ros2_project/install/px4_msgs/include/px4_msgs/px4_msgs/msg/detail/figure_eight_status__description.c\n'}
[1.917999] (px4_msgs) StdoutLine: {'line': b'-- Up-to-date: /home/harsh/ros2_project/install/px4_msgs/include/px4_msgs/px4_msgs/msg/detail/parameter_set_value_response__functions.h\n'}
[1.918066] (px4_msgs) StdoutLine: {'line': b'-- Up-to-date: /home/harsh/ros2_project/install/px4_msgs/include/px4_msgs/px4_msgs/msg/detail/cpuload__struct.h\n'}
[1.918130] (px4_msgs) StdoutLine: {'line': b'-- Up-to-date: /home/harsh/ros2_project/install/px4_msgs/include/px4_msgs/px4_msgs/msg/detail/tiltrotor_extra_controls__struct.h\n'}
[1.918193] (px4_msgs) StdoutLine: {'line': b'-- Installing: /home/harsh/ros2_project/install/px4_msgs/include/px4_msgs/px4_msgs/msg/detail/orbit_status__type_support.c\n'}
[1.918255] (px4_msgs) StdoutLine: {'line': b'-- Up-to-date: /home/harsh/ros2_project/install/px4_msgs/include/px4_msgs/px4_msgs/msg/detail/event__functions.c\n'}
[1.918395] (px4_msgs) StdoutLine: {'line': b'-- Up-to-date: /home/harsh/ros2_project/install/px4_msgs/include/px4_msgs/px4_msgs/msg/detail/vehicle_constraints__struct.h\n'}
[1.918452] (px4_msgs) StdoutLine: {'line': b'-- Up-to-date: /home/harsh/ros2_project/install/px4_msgs/include/px4_msgs/px4_msgs/msg/detail/yaw_estimator_status__struct.h\n'}
[1.918510] (px4_msgs) StdoutLine: {'line': b'-- Up-to-date: /home/harsh/ros2_project/install/px4_msgs/include/px4_msgs/px4_msgs/msg/detail/esc_status__type_support.h\n'}
[1.918570] (px4_msgs) StdoutLine: {'line': b'-- Up-to-date: /home/harsh/ros2_project/install/px4_msgs/include/px4_msgs/px4_msgs/msg/detail/position_setpoint__struct.h\n'}
[1.918630] (px4_msgs) StdoutLine: {'line': b'-- Up-to-date: /home/harsh/ros2_project/install/px4_msgs/include/px4_msgs/px4_msgs/msg/detail/transponder_report__struct.h\n'}
[1.918689] (px4_msgs) StdoutLine: {'line': b'-- Up-to-date: /home/harsh/ros2_project/install/px4_msgs/include/px4_msgs/px4_msgs/msg/detail/adc_report__functions.h\n'}
[1.918751] (px4_msgs) StdoutLine: {'line': b'-- Up-to-date: /home/harsh/ros2_project/install/px4_msgs/include/px4_msgs/px4_msgs/msg/detail/gimbal_device_attitude_status__functions.c\n'}
[1.919065] (px4_msgs) StdoutLine: {'line': b'-- Up-to-date: /home/harsh/ros2_project/install/px4_msgs/include/px4_msgs/px4_msgs/msg/detail/dataman_response__functions.c\n'}
[1.919168] (px4_msgs) StdoutLine: {'line': b'-- Up-to-date: /home/harsh/ros2_project/install/px4_msgs/include/px4_msgs/px4_msgs/msg/detail/manual_control_switches__functions.c\n'}
[1.919229] (px4_msgs) StdoutLine: {'line': b'-- Installing: /home/harsh/ros2_project/install/px4_msgs/include/px4_msgs/px4_msgs/msg/detail/px4io_status__type_support.c\n'}
[1.919289] (px4_msgs) StdoutLine: {'line': b'-- Up-to-date: /home/harsh/ros2_project/install/px4_msgs/include/px4_msgs/px4_msgs/msg/detail/register_ext_component_request__functions.h\n'}
[1.919350] (px4_msgs) StdoutLine: {'line': b'-- Up-to-date: /home/harsh/ros2_project/install/px4_msgs/include/px4_msgs/px4_msgs/msg/detail/yaw_estimator_status__type_support.h\n'}
[1.919411] (px4_msgs) StdoutLine: {'line': b'-- Installing: /home/harsh/ros2_project/install/px4_msgs/include/px4_msgs/px4_msgs/msg/detail/timesync_status__type_support.c\n'}
[1.919469] (px4_msgs) StdoutLine: {'line': b'-- Up-to-date: /home/harsh/ros2_project/install/px4_msgs/include/px4_msgs/px4_msgs/msg/detail/register_ext_component_reply__type_support.h\n'}
[1.919527] (px4_msgs) StdoutLine: {'line': b'-- Up-to-date: /home/harsh/ros2_project/install/px4_msgs/include/px4_msgs/px4_msgs/msg/detail/adc_report__type_support.h\n'}
[1.919584] (px4_msgs) StdoutLine: {'line': b'-- Installing: /home/harsh/ros2_project/install/px4_msgs/include/px4_msgs/px4_msgs/msg/detail/logger_status__type_support.c\n'}
[1.919642] (px4_msgs) StdoutLine: {'line': b'-- Up-to-date: /home/harsh/ros2_project/install/px4_msgs/include/px4_msgs/px4_msgs/msg/detail/gps_dump__functions.c\n'}
[1.919702] (px4_msgs) StdoutLine: {'line': b'-- Up-to-date: /home/harsh/ros2_project/install/px4_msgs/include/px4_msgs/px4_msgs/msg/detail/input_rc__functions.h\n'}
[1.919761] (px4_msgs) StdoutLine: {'line': b'-- Up-to-date: /home/harsh/ros2_project/install/px4_msgs/include/px4_msgs/px4_msgs/msg/detail/arming_check_reply__functions.c\n'}
[1.919837] (px4_msgs) StdoutLine: {'line': b'-- Up-to-date: /home/harsh/ros2_project/install/px4_msgs/include/px4_msgs/px4_msgs/msg/detail/vehicle_optical_flow_vel__struct.h\n'}
[1.919897] (px4_msgs) StdoutLine: {'line': b'-- Up-to-date: /home/harsh/ros2_project/install/px4_msgs/include/px4_msgs/px4_msgs/msg/detail/parameter_set_used_request__functions.h\n'}
[1.919955] (px4_msgs) StdoutLine: {'line': b'-- Up-to-date: /home/harsh/ros2_project/install/px4_msgs/include/px4_msgs/px4_msgs/msg/detail/system_power__functions.h\n'}
[1.920030] (px4_msgs) StdoutLine: {'line': b'-- Up-to-date: /home/harsh/ros2_project/install/px4_msgs/include/px4_msgs/px4_msgs/msg/detail/mavlink_log__type_support.h\n'}
[1.920162] (px4_msgs) StdoutLine: {'line': b'-- Installing: /home/harsh/ros2_project/install/px4_msgs/include/px4_msgs/px4_msgs/msg/detail/vehicle_command_ack__type_support.c\n'}
[1.920222] (px4_msgs) StdoutLine: {'line': b'-- Up-to-date: /home/harsh/ros2_project/install/px4_msgs/include/px4_msgs/px4_msgs/msg/detail/irlock_report__functions.h\n'}
[1.920281] (px4_msgs) StdoutLine: {'line': b'-- Up-to-date: /home/harsh/ros2_project/install/px4_msgs/include/px4_msgs/px4_msgs/msg/detail/vehicle_roi__type_support.h\n'}
[1.920342] (px4_msgs) StdoutLine: {'line': b'-- Up-to-date: /home/harsh/ros2_project/install/px4_msgs/include/px4_msgs/px4_msgs/msg/detail/dataman_request__struct.h\n'}
[1.920402] (px4_msgs) StdoutLine: {'line': b'-- Installing: /home/harsh/ros2_project/install/px4_msgs/include/px4_msgs/px4_msgs/msg/detail/airspeed__type_support.c\n'}
[1.920464] (px4_msgs) StdoutLine: {'line': b'-- Installing: /home/harsh/ros2_project/install/px4_msgs/include/px4_msgs/px4_msgs/msg/detail/arming_check_reply__type_support.c\n'}
[1.920525] (px4_msgs) StdoutLine: {'line': b'-- Up-to-date: /home/harsh/ros2_project/install/px4_msgs/include/px4_msgs/px4_msgs/msg/detail/npfg_status__description.c\n'}
[1.920584] (px4_msgs) StdoutLine: {'line': b'-- Up-to-date: /home/harsh/ros2_project/install/px4_msgs/include/px4_msgs/px4_msgs/msg/detail/autotune_attitude_control_status__type_support.h\n'}
[1.920641] (px4_msgs) StdoutLine: {'line': b'-- Up-to-date: /home/harsh/ros2_project/install/px4_msgs/include/px4_msgs/px4_msgs/msg/detail/parameter_reset_request__struct.h\n'}
[1.920699] (px4_msgs) StdoutLine: {'line': b'-- Up-to-date: /home/harsh/ros2_project/install/px4_msgs/include/px4_msgs/px4_msgs/msg/detail/estimator_aid_source2d__functions.h\n'}
[1.920757] (px4_msgs) StdoutLine: {'line': b'-- Up-to-date: /home/harsh/ros2_project/install/px4_msgs/include/px4_msgs/px4_msgs/msg/detail/generator_status__description.c\n'}
[1.920815] (px4_msgs) StdoutLine: {'line': b'-- Up-to-date: /home/harsh/ros2_project/install/px4_msgs/include/px4_msgs/px4_msgs/msg/detail/arming_check_reply__struct.h\n'}
[1.920872] (px4_msgs) StdoutLine: {'line': b'-- Up-to-date: /home/harsh/ros2_project/install/px4_msgs/include/px4_msgs/px4_msgs/msg/detail/actuator_armed__type_support.h\n'}
[1.920927] (px4_msgs) StdoutLine: {'line': b'-- Installing: /home/harsh/ros2_project/install/px4_msgs/include/px4_msgs/px4_msgs/msg/detail/flight_phase_estimation__type_support.c\n'}
[1.920993] (px4_msgs) StdoutLine: {'line': b'-- Up-to-date: /home/harsh/ros2_project/install/px4_msgs/include/px4_msgs/px4_msgs/msg/detail/parameter_set_used_request__struct.h\n'}
[1.921059] (px4_msgs) StdoutLine: {'line': b'-- Up-to-date: /home/harsh/ros2_project/install/px4_msgs/include/px4_msgs/px4_msgs/msg/detail/vehicle_imu__functions.c\n'}
[1.921117] (px4_msgs) StdoutLine: {'line': b'-- Up-to-date: /home/harsh/ros2_project/install/px4_msgs/include/px4_msgs/px4_msgs/msg/detail/debug_vect__description.c\n'}
[1.921256] (px4_msgs) StdoutLine: {'line': b'-- Up-to-date: /home/harsh/ros2_project/install/px4_msgs/include/px4_msgs/px4_msgs/msg/detail/offboard_control_mode__description.c\n'}
[1.921316] (px4_msgs) StdoutLine: {'line': b'-- Up-to-date: /home/harsh/ros2_project/install/px4_msgs/include/px4_msgs/px4_msgs/msg/detail/pps_capture__type_support.h\n'}
[1.921375] (px4_msgs) StdoutLine: {'line': b'-- Up-to-date: /home/harsh/ros2_project/install/px4_msgs/include/px4_msgs/px4_msgs/msg/detail/gimbal_device_set_attitude__description.c\n'}
[1.921431] (px4_msgs) StdoutLine: {'line': b'-- Up-to-date: /home/harsh/ros2_project/install/px4_msgs/include/px4_msgs/px4_msgs/msg/detail/vehicle_optical_flow__functions.c\n'}
[1.921491] (px4_msgs) StdoutLine: {'line': b'-- Up-to-date: /home/harsh/ros2_project/install/px4_msgs/include/px4_msgs/px4_msgs/msg/detail/gimbal_manager_information__functions.c\n'}
[1.921549] (px4_msgs) StdoutLine: {'line': b'-- Up-to-date: /home/harsh/ros2_project/install/px4_msgs/include/px4_msgs/px4_msgs/msg/detail/vehicle_status__description.c\n'}
[1.921610] (px4_msgs) StdoutLine: {'line': b'-- Up-to-date: /home/harsh/ros2_project/install/px4_msgs/include/px4_msgs/px4_msgs/msg/detail/sensor_combined__functions.c\n'}
[1.921824] (px4_msgs) StdoutLine: {'line': b'-- Up-to-date: /home/harsh/ros2_project/install/px4_msgs/include/px4_msgs/px4_msgs/msg/detail/ulog_stream__type_support.h\n'}
[1.921883] (px4_msgs) StdoutLine: {'line': b'-- Up-to-date: /home/harsh/ros2_project/install/px4_msgs/include/px4_msgs/px4_msgs/msg/detail/dataman_response__struct.h\n'}
[1.921945] (px4_msgs) StdoutLine: {'line': b'-- Up-to-date: /home/harsh/ros2_project/install/px4_msgs/include/px4_msgs/px4_msgs/msg/detail/trajectory_setpoint__struct.h\n'}
[1.922023] (px4_msgs) StdoutLine: {'line': b'-- Up-to-date: /home/harsh/ros2_project/install/px4_msgs/include/px4_msgs/px4_msgs/msg/detail/health_report__functions.c\n'}
[1.922087] (px4_msgs) StdoutLine: {'line': b'-- Up-to-date: /home/harsh/ros2_project/install/px4_msgs/include/px4_msgs/px4_msgs/msg/detail/gpio_in__type_support.h\n'}
[1.922148] (px4_msgs) StdoutLine: {'line': b'-- Up-to-date: /home/harsh/ros2_project/install/px4_msgs/include/px4_msgs/px4_msgs/msg/detail/parameter_reset_request__description.c\n'}
[1.922207] (px4_msgs) StdoutLine: {'line': b'-- Up-to-date: /home/harsh/ros2_project/install/px4_msgs/include/px4_msgs/px4_msgs/msg/detail/can_interface_status__functions.c\n'}
[1.922266] (px4_msgs) StdoutLine: {'line': b'-- Installing: /home/harsh/ros2_project/install/px4_msgs/include/px4_msgs/px4_msgs/msg/detail/gimbal_manager_status__type_support.c\n'}
[1.922331] (px4_msgs) StdoutLine: {'line': b'-- Up-to-date: /home/harsh/ros2_project/install/px4_msgs/include/px4_msgs/px4_msgs/msg/detail/power_monitor__functions.c\n'}
[1.922392] (px4_msgs) StdoutLine: {'line': b'-- Installing: /home/harsh/ros2_project/install/px4_msgs/include/px4_msgs/px4_msgs/msg/detail/gimbal_manager_set_manual_control__type_support.c\n'}
[1.922452] (px4_msgs) StdoutLine: {'line': b'-- Installing: /home/harsh/ros2_project/install/px4_msgs/include/px4_msgs/px4_msgs/msg/detail/arming_check_request__type_support.c\n'}
[1.922511] (px4_msgs) StdoutLine: {'line': b'-- Up-to-date: /home/harsh/ros2_project/install/px4_msgs/include/px4_msgs/px4_msgs/msg/detail/camera_status__description.c\n'}
[1.922569] (px4_msgs) StdoutLine: {'line': b'-- Up-to-date: /home/harsh/ros2_project/install/px4_msgs/include/px4_msgs/px4_msgs/msg/detail/vehicle_attitude_setpoint__type_support.h\n'}
[1.922627] (px4_msgs) StdoutLine: {'line': b'-- Installing: /home/harsh/ros2_project/install/px4_msgs/include/px4_msgs/px4_msgs/msg/detail/orb_test__type_support.c\n'}
[1.922685] (px4_msgs) StdoutLine: {'line': b'-- Up-to-date: /home/harsh/ros2_project/install/px4_msgs/include/px4_msgs/px4_msgs/msg/detail/actuator_test__type_support.h\n'}
[1.922745] (px4_msgs) StdoutLine: {'line': b'-- Up-to-date: /home/harsh/ros2_project/install/px4_msgs/include/px4_msgs/px4_msgs/msg/detail/sensor_airflow__struct.h\n'}
[1.922807] (px4_msgs) StdoutLine: {'line': b'-- Up-to-date: /home/harsh/ros2_project/install/px4_msgs/include/px4_msgs/px4_msgs/msg/detail/gpio_out__functions.c\n'}
[1.922865] (px4_msgs) StdoutLine: {'line': b'-- Up-to-date: /home/harsh/ros2_project/install/px4_msgs/include/px4_msgs/px4_msgs/msg/detail/vehicle_attitude__description.c\n'}
[1.922925] (px4_msgs) StdoutLine: {'line': b'-- Up-to-date: /home/harsh/ros2_project/install/px4_msgs/include/px4_msgs/px4_msgs/msg/detail/sensor_uwb__description.c\n'}
[1.922994] (px4_msgs) StdoutLine: {'line': b'-- Installing: /home/harsh/ros2_project/install/px4_msgs/include/px4_msgs/px4_msgs/msg/detail/vehicle_attitude__type_support.c\n'}
[1.923068] (px4_msgs) StdoutLine: {'line': b'-- Up-to-date: /home/harsh/ros2_project/install/px4_msgs/include/px4_msgs/px4_msgs/msg/detail/gpio_in__functions.h\n'}
[1.923127] (px4_msgs) StdoutLine: {'line': b'-- Up-to-date: /home/harsh/ros2_project/install/px4_msgs/include/px4_msgs/px4_msgs/msg/detail/sensor_gyro__functions.c\n'}
[1.923184] (px4_msgs) StdoutLine: {'line': b'-- Up-to-date: /home/harsh/ros2_project/install/px4_msgs/include/px4_msgs/px4_msgs/msg/detail/health_report__struct.h\n'}
[1.923326] (px4_msgs) StdoutLine: {'line': b'-- Up-to-date: /home/harsh/ros2_project/install/px4_msgs/include/px4_msgs/px4_msgs/msg/detail/magnetometer_bias_estimate__functions.h\n'}
[1.923385] (px4_msgs) StdoutLine: {'line': b'-- Up-to-date: /home/harsh/ros2_project/install/px4_msgs/include/px4_msgs/px4_msgs/msg/detail/sensor_selection__struct.h\n'}
[1.923445] (px4_msgs) StdoutLine: {'line': b'-- Up-to-date: /home/harsh/ros2_project/install/px4_msgs/include/px4_msgs/px4_msgs/msg/detail/failure_detector_status__struct.h\n'}
[1.925112] (px4_msgs) StdoutLine: {'line': b'-- Installing: /home/harsh/ros2_project/install/px4_msgs/include/px4_msgs/px4_msgs/msg/detail/vehicle_command__type_support.c\n'}
[1.925589] (px4_msgs) StdoutLine: {'line': b'-- Up-to-date: /home/harsh/ros2_project/install/px4_msgs/include/px4_msgs/px4_msgs/msg/detail/obstacle_distance__struct.h\n'}
[1.925693] (px4_msgs) StdoutLine: {'line': b'-- Installing: /home/harsh/ros2_project/install/px4_msgs/include/px4_msgs/px4_msgs/msg/detail/gps_dump__type_support.c\n'}
[1.925779] (px4_msgs) StdoutLine: {'line': b'-- Up-to-date: /home/harsh/ros2_project/install/px4_msgs/include/px4_msgs/px4_msgs/msg/detail/npfg_status__functions.c\n'}
[1.925872] (px4_msgs) StdoutLine: {'line': b'-- Installing: /home/harsh/ros2_project/install/px4_msgs/include/px4_msgs/px4_msgs/msg/detail/health_report__type_support.c\n'}
[1.925951] (px4_msgs) StdoutLine: {'line': b'-- Up-to-date: /home/harsh/ros2_project/install/px4_msgs/include/px4_msgs/px4_msgs/msg/detail/sensor_gyro__description.c\n'}
[1.926115] (px4_msgs) StdoutLine: {'line': b'-- Installing: /home/harsh/ros2_project/install/px4_msgs/include/px4_msgs/px4_msgs/msg/detail/task_stack_info__type_support.c\n'}
[1.926301] (px4_msgs) StdoutLine: {'line': b'-- Up-to-date: /home/harsh/ros2_project/install/px4_msgs/include/px4_msgs/px4_msgs/msg/detail/airspeed__type_support.h\n'}
[1.926407] (px4_msgs) StdoutLine: {'line': b'-- Up-to-date: /home/harsh/ros2_project/install/px4_msgs/include/px4_msgs/px4_msgs/msg/detail/ulog_stream_ack__functions.c\n'}
[1.926500] (px4_msgs) StdoutLine: {'line': b'-- Up-to-date: /home/harsh/ros2_project/install/px4_msgs/include/px4_msgs/px4_msgs/msg/detail/navigator_mission_item__type_support.h\n'}
[1.926589] (px4_msgs) StdoutLine: {'line': b'-- Up-to-date: /home/harsh/ros2_project/install/px4_msgs/include/px4_msgs/px4_msgs/msg/detail/vehicle_optical_flow_vel__functions.c\n'}
[1.926679] (px4_msgs) StdoutLine: {'line': b'-- Up-to-date: /home/harsh/ros2_project/install/px4_msgs/include/px4_msgs/px4_msgs/msg/detail/gimbal_manager_status__functions.c\n'}
[1.926767] (px4_msgs) StdoutLine: {'line': b'-- Up-to-date: /home/harsh/ros2_project/install/px4_msgs/include/px4_msgs/px4_msgs/msg/detail/actuator_motors__struct.h\n'}
[1.926856] (px4_msgs) StdoutLine: {'line': b'-- Installing: /home/harsh/ros2_project/install/px4_msgs/include/px4_msgs/px4_msgs/msg/detail/differential_pressure__type_support.c\n'}
[1.926943] (px4_msgs) StdoutLine: {'line': b'-- Installing: /home/harsh/ros2_project/install/px4_msgs/include/px4_msgs/px4_msgs/msg/detail/parameter_set_value_request__type_support.c\n'}
[1.927078] (px4_msgs) StdoutLine: {'line': b'-- Up-to-date: /home/harsh/ros2_project/install/px4_msgs/include/px4_msgs/px4_msgs/msg/detail/sensor_preflight_mag__description.c\n'}
[1.927158] (px4_msgs) StdoutLine: {'line': b'-- Up-to-date: /home/harsh/ros2_project/install/px4_msgs/include/px4_msgs/px4_msgs/msg/detail/follow_target__functions.h\n'}
[1.927237] (px4_msgs) StdoutLine: {'line': b'-- Up-to-date: /home/harsh/ros2_project/install/px4_msgs/include/px4_msgs/px4_msgs/msg/detail/differential_drive_setpoint__functions.h\n'}
[1.927312] (px4_msgs) StdoutLine: {'line': b'-- Installing: /home/harsh/ros2_project/install/px4_msgs/include/px4_msgs/px4_msgs/msg/detail/estimator_gps_status__type_support.c\n'}
[1.927403] (px4_msgs) StdoutLine: {'line': b'-- Up-to-date: /home/harsh/ros2_project/install/px4_msgs/include/px4_msgs/px4_msgs/msg/detail/qshell_req__description.c\n'}
[1.927492] (px4_msgs) StdoutLine: {'line': b'-- Up-to-date: /home/harsh/ros2_project/install/px4_msgs/include/px4_msgs/px4_msgs/msg/detail/uavcan_parameter_request__functions.h\n'}
[1.927652] (px4_msgs) StdoutLine: {'line': b'-- Installing: /home/harsh/ros2_project/install/px4_msgs/include/px4_msgs/px4_msgs/msg/detail/navigator_mission_item__type_support.c\n'}
[1.927742] (px4_msgs) StdoutLine: {'line': b'-- Up-to-date: /home/harsh/ros2_project/install/px4_msgs/include/px4_msgs/px4_msgs/msg/detail/vehicle_command_ack__type_support.h\n'}
[1.927831] (px4_msgs) StdoutLine: {'line': b'-- Installing: /home/harsh/ros2_project/install/px4_msgs/include/px4_msgs/px4_msgs/msg/detail/sensor_gyro__type_support.c\n'}
[1.927924] (px4_msgs) StdoutLine: {'line': b'-- Up-to-date: /home/harsh/ros2_project/install/px4_msgs/include/px4_msgs/px4_msgs/msg/detail/position_controller_landing_status__functions.c\n'}
[1.928350] (px4_msgs) StdoutLine: {'line': b'-- Up-to-date: /home/harsh/ros2_project/install/px4_msgs/include/px4_msgs/px4_msgs/msg/detail/vehicle_control_mode__description.c\n'}
[1.928692] (px4_msgs) StdoutLine: {'line': b'-- Installing: /home/harsh/ros2_project/install/px4_msgs/include/px4_msgs/px4_msgs/msg/detail/cpuload__type_support.c\n'}
[1.928791] (px4_msgs) StdoutLine: {'line': b'-- Up-to-date: /home/harsh/ros2_project/install/px4_msgs/include/px4_msgs/px4_msgs/msg/detail/sensor_combined__struct.h\n'}
[1.928862] (px4_msgs) StdoutLine: {'line': b'-- Installing: /home/harsh/ros2_project/install/px4_msgs/include/px4_msgs/px4_msgs/msg/detail/actuator_motors__type_support.c\n'}
[1.928929] (px4_msgs) StdoutLine: {'line': b'-- Up-to-date: /home/harsh/ros2_project/install/px4_msgs/include/px4_msgs/px4_msgs/msg/detail/gpio_out__functions.h\n'}
[1.929026] (px4_msgs) StdoutLine: {'line': b'-- Up-to-date: /home/harsh/ros2_project/install/px4_msgs/include/px4_msgs/px4_msgs/msg/detail/actuator_servos__struct.h\n'}
[1.929095] (px4_msgs) StdoutLine: {'line': b'-- Up-to-date: /home/harsh/ros2_project/install/px4_msgs/include/px4_msgs/px4_msgs/msg/detail/rate_ctrl_status__type_support.h\n'}
[1.929317] (px4_msgs) StdoutLine: {'line': b'-- Up-to-date: /home/harsh/ros2_project/install/px4_msgs/include/px4_msgs/px4_msgs/msg/detail/actuator_servos__functions.h\n'}
[1.929411] (px4_msgs) StdoutLine: {'line': b'-- Up-to-date: /home/harsh/ros2_project/install/px4_msgs/include/px4_msgs/px4_msgs/msg/detail/landing_gear_wheel__struct.h\n'}
[1.929495] (px4_msgs) StdoutLine: {'line': b'-- Installing: /home/harsh/ros2_project/install/px4_msgs/include/px4_msgs/px4_msgs/msg/detail/vehicle_attitude_setpoint__type_support.c\n'}
[1.929574] (px4_msgs) StdoutLine: {'line': b'-- Up-to-date: /home/harsh/ros2_project/install/px4_msgs/include/px4_msgs/px4_msgs/msg/detail/sensor_gyro__functions.h\n'}
[1.929654] (px4_msgs) StdoutLine: {'line': b'-- Installing: /home/harsh/ros2_project/install/px4_msgs/include/px4_msgs/px4_msgs/msg/detail/sensor_optical_flow__type_support.c\n'}
[1.929867] (px4_msgs) StdoutLine: {'line': b'-- Up-to-date: /home/harsh/ros2_project/install/px4_msgs/include/px4_msgs/px4_msgs/msg/detail/ulog_stream__description.c\n'}
[1.929951] (px4_msgs) StdoutLine: {'line': b'-- Up-to-date: /home/harsh/ros2_project/install/px4_msgs/include/px4_msgs/px4_msgs/msg/detail/actuator_controls_status__type_support.h\n'}
[1.930031] (px4_msgs) StdoutLine: {'line': b'-- Installing: /home/harsh/ros2_project/install/px4_msgs/include/px4_msgs/px4_msgs/msg/detail/ekf2_timestamps__type_support.c\n'}
[1.930098] (px4_msgs) StdoutLine: {'line': b'-- Up-to-date: /home/harsh/ros2_project/install/px4_msgs/include/px4_msgs/px4_msgs/msg/detail/sensor_correction__functions.h\n'}
[1.930160] (px4_msgs) StdoutLine: {'line': b'-- Installing: /home/harsh/ros2_project/install/px4_msgs/include/px4_msgs/px4_msgs/msg/detail/vehicle_imu_status__type_support.c\n'}
[1.930234] (px4_msgs) StdoutLine: {'line': b'-- Up-to-date: /home/harsh/ros2_project/install/px4_msgs/include/px4_msgs/px4_msgs/msg/detail/sensor_accel__functions.c\n'}
[1.930300] (px4_msgs) StdoutLine: {'line': b'-- Up-to-date: /home/harsh/ros2_project/install/px4_msgs/include/px4_msgs/px4_msgs/msg/detail/rpm__struct.h\n'}
[1.930375] (px4_msgs) StdoutLine: {'line': b'-- Up-to-date: /home/harsh/ros2_project/install/px4_msgs/include/px4_msgs/px4_msgs/msg/detail/mavlink_tunnel__type_support.h\n'}
[1.930438] (px4_msgs) StdoutLine: {'line': b'-- Up-to-date: /home/harsh/ros2_project/install/px4_msgs/include/px4_msgs/px4_msgs/msg/detail/offboard_control_mode__functions.c\n'}
[1.930521] (px4_msgs) StdoutLine: {'line': b'-- Up-to-date: /home/harsh/ros2_project/install/px4_msgs/include/px4_msgs/px4_msgs/msg/detail/gimbal_device_set_attitude__type_support.h\n'}
[1.930605] (px4_msgs) StdoutLine: {'line': b'-- Up-to-date: /home/harsh/ros2_project/install/px4_msgs/include/px4_msgs/px4_msgs/msg/detail/register_ext_component_reply__struct.h\n'}
[1.930679] (px4_msgs) StdoutLine: {'line': b'-- Up-to-date: /home/harsh/ros2_project/install/px4_msgs/include/px4_msgs/px4_msgs/msg/detail/camera_trigger__struct.h\n'}
[1.930741] (px4_msgs) StdoutLine: {'line': b'-- Up-to-date: /home/harsh/ros2_project/install/px4_msgs/include/px4_msgs/px4_msgs/msg/detail/gimbal_device_attitude_status__type_support.h\n'}
[1.930803] (px4_msgs) StdoutLine: {'line': b'-- Up-to-date: /home/harsh/ros2_project/install/px4_msgs/include/px4_msgs/px4_msgs/msg/detail/sensor_gps__functions.c\n'}
[1.930862] (px4_msgs) StdoutLine: {'line': b'-- Installing: /home/harsh/ros2_project/install/px4_msgs/include/px4_msgs/px4_msgs/msg/detail/satellite_info__type_support.c\n'}
[1.930924] (px4_msgs) StdoutLine: {'line': b'-- Up-to-date: /home/harsh/ros2_project/install/px4_msgs/include/px4_msgs/px4_msgs/msg/detail/trajectory_waypoint__type_support.h\n'}
[1.931003] (px4_msgs) StdoutLine: {'line': b'-- Up-to-date: /home/harsh/ros2_project/install/px4_msgs/include/px4_msgs/px4_msgs/msg/detail/register_ext_component_reply__description.c\n'}
[1.931069] (px4_msgs) StdoutLine: {'line': b'-- Up-to-date: /home/harsh/ros2_project/install/px4_msgs/include/px4_msgs/px4_msgs/msg/detail/vehicle_command_ack__functions.h\n'}
[1.931130] (px4_msgs) StdoutLine: {'line': b'-- Up-to-date: /home/harsh/ros2_project/install/px4_msgs/include/px4_msgs/px4_msgs/msg/detail/parameter_set_value_request__description.c\n'}
[1.931200] (px4_msgs) StdoutLine: {'line': b'-- Up-to-date: /home/harsh/ros2_project/install/px4_msgs/include/px4_msgs/px4_msgs/msg/detail/parameter_set_value_request__functions.c\n'}
[1.931281] (px4_msgs) StdoutLine: {'line': b'-- Up-to-date: /home/harsh/ros2_project/install/px4_msgs/include/px4_msgs/px4_msgs/msg/detail/vehicle_control_mode__struct.h\n'}
[1.931352] (px4_msgs) StdoutLine: {'line': b'-- Up-to-date: /home/harsh/ros2_project/install/px4_msgs/include/px4_msgs/px4_msgs/msg/detail/camera_capture__functions.c\n'}
[1.931414] (px4_msgs) StdoutLine: {'line': b'-- Up-to-date: /home/harsh/ros2_project/install/px4_msgs/include/px4_msgs/px4_msgs/msg/detail/tiltrotor_extra_controls__description.c\n'}
[1.931477] (px4_msgs) StdoutLine: {'line': b'-- Up-to-date: /home/harsh/ros2_project/install/px4_msgs/include/px4_msgs/px4_msgs/msg/detail/vehicle_odometry__functions.c\n'}
[1.931543] (px4_msgs) StdoutLine: {'line': b'-- Up-to-date: /home/harsh/ros2_project/install/px4_msgs/include/px4_msgs/px4_msgs/msg/detail/position_controller_landing_status__description.c\n'}
[1.931603] (px4_msgs) StdoutLine: {'line': b'-- Up-to-date: /home/harsh/ros2_project/install/px4_msgs/include/px4_msgs/px4_msgs/msg/detail/flight_phase_estimation__struct.h\n'}
[1.931676] (px4_msgs) StdoutLine: {'line': b'-- Up-to-date: /home/harsh/ros2_project/install/px4_msgs/include/px4_msgs/px4_msgs/msg/detail/pwm_input__functions.c\n'}
[1.931835] (px4_msgs) StdoutLine: {'line': b'-- Up-to-date: /home/harsh/ros2_project/install/px4_msgs/include/px4_msgs/px4_msgs/msg/detail/camera_status__functions.c\n'}
[1.931896] (px4_msgs) StdoutLine: {'line': b'-- Up-to-date: /home/harsh/ros2_project/install/px4_msgs/include/px4_msgs/px4_msgs/msg/detail/estimator_states__description.c\n'}
[1.931952] (px4_msgs) StdoutLine: {'line': b'-- Up-to-date: /home/harsh/ros2_project/install/px4_msgs/include/px4_msgs/px4_msgs/msg/detail/vehicle_magnetometer__struct.h\n'}
[1.932209] (px4_msgs) StdoutLine: {'line': b'-- Up-to-date: /home/harsh/ros2_project/install/px4_msgs/include/px4_msgs/px4_msgs/msg/detail/parameter_set_value_response__type_support.h\n'}
[1.932279] (px4_msgs) StdoutLine: {'line': b'-- Up-to-date: /home/harsh/ros2_project/install/px4_msgs/include/px4_msgs/px4_msgs/msg/detail/vehicle_command__struct.h\n'}
[1.932355] (px4_msgs) StdoutLine: {'line': b'-- Installing: /home/harsh/ros2_project/install/px4_msgs/include/px4_msgs/px4_msgs/msg/detail/vehicle_imu__type_support.c\n'}
[1.932413] (px4_msgs) StdoutLine: {'line': b'-- Up-to-date: /home/harsh/ros2_project/install/px4_msgs/include/px4_msgs/px4_msgs/msg/detail/home_position__functions.h\n'}
[1.932470] (px4_msgs) StdoutLine: {'line': b'-- Up-to-date: /home/harsh/ros2_project/install/px4_msgs/include/px4_msgs/px4_msgs/msg/detail/vehicle_attitude_setpoint__functions.c\n'}
[1.932532] (px4_msgs) StdoutLine: {'line': b'-- Up-to-date: /home/harsh/ros2_project/install/px4_msgs/include/px4_msgs/px4_msgs/msg/detail/gps_inject_data__struct.h\n'}
[1.932587] (px4_msgs) StdoutLine: {'line': b'-- Up-to-date: /home/harsh/ros2_project/install/px4_msgs/include/px4_msgs/px4_msgs/msg/detail/debug_key_value__description.c\n'}
[1.932643] (px4_msgs) StdoutLine: {'line': b'-- Up-to-date: /home/harsh/ros2_project/install/px4_msgs/include/px4_msgs/px4_msgs/msg/detail/vehicle_trajectory_bezier__description.c\n'}
[1.932697] (px4_msgs) StdoutLine: {'line': b'-- Up-to-date: /home/harsh/ros2_project/install/px4_msgs/include/px4_msgs/px4_msgs/msg/detail/actuator_armed__functions.c\n'}
[1.932761] (px4_msgs) StdoutLine: {'line': b'-- Up-to-date: /home/harsh/ros2_project/install/px4_msgs/include/px4_msgs/px4_msgs/msg/detail/npfg_status__functions.h\n'}
[1.932825] (px4_msgs) StdoutLine: {'line': b'-- Installing: /home/harsh/ros2_project/install/px4_msgs/include/px4_msgs/px4_msgs/msg/detail/vehicle_trajectory_bezier__type_support.c\n'}
[1.932891] (px4_msgs) StdoutLine: {'line': b'-- Up-to-date: /home/harsh/ros2_project/install/px4_msgs/include/px4_msgs/px4_msgs/msg/detail/actuator_outputs__type_support.h\n'}
[1.932972] (px4_msgs) StdoutLine: {'line': b'-- Up-to-date: /home/harsh/ros2_project/install/px4_msgs/include/px4_msgs/px4_msgs/msg/detail/actuator_servos__description.c\n'}
[1.933066] (px4_msgs) StdoutLine: {'line': b'-- Installing: /home/harsh/ros2_project/install/px4_msgs/include/px4_msgs/px4_msgs/msg/detail/manual_control_switches__type_support.c\n'}
[1.933133] (px4_msgs) StdoutLine: {'line': b'-- Up-to-date: /home/harsh/ros2_project/install/px4_msgs/include/px4_msgs/px4_msgs/msg/detail/orb_test_medium__description.c\n'}
[1.933188] (px4_msgs) StdoutLine: {'line': b'-- Installing: /home/harsh/ros2_project/install/px4_msgs/include/px4_msgs/px4_msgs/msg/detail/position_controller_landing_status__type_support.c\n'}
[1.933244] (px4_msgs) StdoutLine: {'line': b'-- Up-to-date: /home/harsh/ros2_project/install/px4_msgs/include/px4_msgs/px4_msgs/msg/detail/satellite_info__struct.h\n'}
[1.933340] (px4_msgs) StdoutLine: {'line': b'-- Up-to-date: /home/harsh/ros2_project/install/px4_msgs/include/px4_msgs/px4_msgs/msg/detail/estimator_states__struct.h\n'}
[1.933415] (px4_msgs) StdoutLine: {'line': b'-- Up-to-date: /home/harsh/ros2_project/install/px4_msgs/include/px4_msgs/px4_msgs/msg/detail/log_message__functions.c\n'}
[1.933475] (px4_msgs) StdoutLine: {'line': b'-- Up-to-date: /home/harsh/ros2_project/install/px4_msgs/include/px4_msgs/px4_msgs/msg/detail/estimator_gps_status__type_support.h\n'}
[1.933532] (px4_msgs) StdoutLine: {'line': b'-- Up-to-date: /home/harsh/ros2_project/install/px4_msgs/include/px4_msgs/px4_msgs/msg/detail/mavlink_tunnel__functions.h\n'}
[1.933599] (px4_msgs) StdoutLine: {'line': b'-- Up-to-date: /home/harsh/ros2_project/install/px4_msgs/include/px4_msgs/px4_msgs/msg/detail/estimator_aid_source2d__description.c\n'}
[1.933658] (px4_msgs) StdoutLine: {'line': b'-- Up-to-date: /home/harsh/ros2_project/install/px4_msgs/include/px4_msgs/px4_msgs/msg/detail/vehicle_status__functions.h\n'}
[1.933717] (px4_msgs) StdoutLine: {'line': b'-- Up-to-date: /home/harsh/ros2_project/install/px4_msgs/include/px4_msgs/px4_msgs/msg/detail/actuator_servos_trim__description.c\n'}
[1.933855] (px4_msgs) StdoutLine: {'line': b'-- Up-to-date: /home/harsh/ros2_project/install/px4_msgs/include/px4_msgs/px4_msgs/msg/detail/failure_detector_status__type_support.h\n'}
[1.933919] (px4_msgs) StdoutLine: {'line': b'-- Up-to-date: /home/harsh/ros2_project/install/px4_msgs/include/px4_msgs/px4_msgs/msg/detail/vehicle_command_ack__functions.c\n'}
[1.933988] (px4_msgs) StdoutLine: {'line': b'-- Up-to-date: /home/harsh/ros2_project/install/px4_msgs/include/px4_msgs/px4_msgs/msg/detail/vehicle_trajectory_bezier__struct.h\n'}
[1.948842] (px4_msgs) StdoutLine: {'line': b'-- Installing: /home/harsh/ros2_project/install/px4_msgs/include/px4_msgs/px4_msgs/msg/detail/wheel_encoders__type_support.c\n'}
[1.949160] (px4_msgs) StdoutLine: {'line': b'-- Up-to-date: /home/harsh/ros2_project/install/px4_msgs/include/px4_msgs/px4_msgs/msg/detail/task_stack_info__type_support.h\n'}
[1.949305] (px4_msgs) StdoutLine: {'line': b'-- Up-to-date: /home/harsh/ros2_project/install/px4_msgs/include/px4_msgs/px4_msgs/msg/detail/input_rc__functions.c\n'}
[1.949400] (px4_msgs) StdoutLine: {'line': b'-- Installing: /home/harsh/ros2_project/install/px4_msgs/include/px4_msgs/px4_msgs/msg/detail/vehicle_local_position__type_support.c\n'}
[1.949549] (px4_msgs) StdoutLine: {'line': b'-- Up-to-date: /home/harsh/ros2_project/install/px4_msgs/include/px4_msgs/px4_msgs/msg/detail/launch_detection_status__struct.h\n'}
[1.949671] (px4_msgs) StdoutLine: {'line': b'-- Up-to-date: /home/harsh/ros2_project/install/px4_msgs/include/px4_msgs/px4_msgs/msg/detail/sensor_uwb__struct.h\n'}
[1.949801] (px4_msgs) StdoutLine: {'line': b'-- Up-to-date: /home/harsh/ros2_project/install/px4_msgs/include/px4_msgs/px4_msgs/msg/detail/vehicle_attitude__struct.h\n'}
[1.949904] (px4_msgs) StdoutLine: {'line': b'-- Up-to-date: /home/harsh/ros2_project/install/px4_msgs/include/px4_msgs/px4_msgs/msg/detail/vehicle_angular_acceleration_setpoint__functions.c\n'}
[1.949998] (px4_msgs) StdoutLine: {'line': b'-- Up-to-date: /home/harsh/ros2_project/install/px4_msgs/include/px4_msgs/px4_msgs/msg/detail/vehicle_angular_velocity__description.c\n'}
[1.950118] (px4_msgs) StdoutLine: {'line': b'-- Installing: /home/harsh/ros2_project/install/px4_msgs/include/px4_msgs/px4_msgs/msg/detail/npfg_status__type_support.c\n'}
[1.950213] (px4_msgs) StdoutLine: {'line': b'-- Installing: /home/harsh/ros2_project/install/px4_msgs/include/px4_msgs/px4_msgs/msg/detail/vehicle_status__type_support.c\n'}
[1.950318] (px4_msgs) StdoutLine: {'line': b'-- Up-to-date: /home/harsh/ros2_project/install/px4_msgs/include/px4_msgs/px4_msgs/msg/detail/debug_value__functions.c\n'}
[1.950414] (px4_msgs) StdoutLine: {'line': b'-- Up-to-date: /home/harsh/ros2_project/install/px4_msgs/include/px4_msgs/px4_msgs/msg/detail/qshell_req__struct.h\n'}
[1.950501] (px4_msgs) StdoutLine: {'line': b'-- Up-to-date: /home/harsh/ros2_project/install/px4_msgs/include/px4_msgs/px4_msgs/msg/detail/rpm__functions.h\n'}
[1.950583] (px4_msgs) StdoutLine: {'line': b'-- Up-to-date: /home/harsh/ros2_project/install/px4_msgs/include/px4_msgs/px4_msgs/msg/detail/vehicle_trajectory_bezier__functions.h\n'}
[1.950677] (px4_msgs) StdoutLine: {'line': b'-- Up-to-date: /home/harsh/ros2_project/install/px4_msgs/include/px4_msgs/px4_msgs/msg/detail/control_allocator_status__description.c\n'}
[1.950770] (px4_msgs) StdoutLine: {'line': b'-- Installing: /home/harsh/ros2_project/install/px4_msgs/include/px4_msgs/px4_msgs/msg/detail/parameter_set_used_request__type_support.c\n'}
[1.950856] (px4_msgs) StdoutLine: {'line': b'-- Installing: /home/harsh/ros2_project/install/px4_msgs/include/px4_msgs/px4_msgs/msg/detail/takeoff_status__type_support.c\n'}
[1.950939] (px4_msgs) StdoutLine: {'line': b'-- Up-to-date: /home/harsh/ros2_project/install/px4_msgs/include/px4_msgs/px4_msgs/msg/detail/estimator_aid_source1d__functions.c\n'}
[1.951059] (px4_msgs) StdoutLine: {'line': b'-- Up-to-date: /home/harsh/ros2_project/install/px4_msgs/include/px4_msgs/px4_msgs/msg/detail/register_ext_component_request__functions.c\n'}
[1.951471] (px4_msgs) StdoutLine: {'line': b'-- Installing: /home/harsh/ros2_project/install/px4_msgs/include/px4_msgs/px4_msgs/msg/detail/vehicle_torque_setpoint__type_support.c\n'}
[1.951674] (px4_msgs) StdoutLine: {'line': b'-- Up-to-date: /home/harsh/ros2_project/install/px4_msgs/include/px4_msgs/px4_msgs/msg/detail/vehicle_angular_acceleration_setpoint__functions.h\n'}
[1.951831] (px4_msgs) StdoutLine: {'line': b'-- Up-to-date: /home/harsh/ros2_project/install/px4_msgs/include/px4_msgs/px4_msgs/msg/detail/tecs_status__struct.h\n'}
[1.951988] (px4_msgs) StdoutLine: {'line': b'-- Up-to-date: /home/harsh/ros2_project/install/px4_msgs/include/px4_msgs/px4_msgs/msg/detail/vehicle_magnetometer__description.c\n'}
[1.952204] (px4_msgs) StdoutLine: {'line': b'-- Up-to-date: /home/harsh/ros2_project/install/px4_msgs/include/px4_msgs/px4_msgs/msg/detail/system_power__functions.c\n'}
[1.952330] (px4_msgs) StdoutLine: {'line': b'-- Up-to-date: /home/harsh/ros2_project/install/px4_msgs/include/px4_msgs/px4_msgs/msg/detail/wind__type_support.h\n'}
[1.952461] (px4_msgs) StdoutLine: {'line': b'-- Up-to-date: /home/harsh/ros2_project/install/px4_msgs/include/px4_msgs/px4_msgs/msg/detail/estimator_gps_status__functions.c\n'}
[1.952586] (px4_msgs) StdoutLine: {'line': b'-- Up-to-date: /home/harsh/ros2_project/install/px4_msgs/include/px4_msgs/px4_msgs/msg/detail/sensor_mag__functions.h\n'}
[1.952762] (px4_msgs) StdoutLine: {'line': b'-- Up-to-date: /home/harsh/ros2_project/install/px4_msgs/include/px4_msgs/px4_msgs/msg/detail/radio_status__functions.c\n'}
[1.952858] (px4_msgs) StdoutLine: {'line': b'-- Up-to-date: /home/harsh/ros2_project/install/px4_msgs/include/px4_msgs/px4_msgs/msg/detail/vehicle_imu_status__functions.c\n'}
[1.953268] (px4_msgs) StdoutLine: {'line': b'-- Up-to-date: /home/harsh/ros2_project/install/px4_msgs/include/px4_msgs/px4_msgs/msg/detail/system_power__description.c\n'}
[1.953353] (px4_msgs) StdoutLine: {'line': b'-- Installing: /home/harsh/ros2_project/install/px4_msgs/include/px4_msgs/px4_msgs/msg/detail/register_ext_component_request__type_support.c\n'}
[1.953417] (px4_msgs) StdoutLine: {'line': b'-- Installing: /home/harsh/ros2_project/install/px4_msgs/include/px4_msgs/px4_msgs/msg/detail/rc_parameter_map__type_support.c\n'}
[1.953480] (px4_msgs) StdoutLine: {'line': b'-- Up-to-date: /home/harsh/ros2_project/install/px4_msgs/include/px4_msgs/px4_msgs/msg/detail/parameter_set_value_response__struct.h\n'}
[1.953588] (px4_msgs) StdoutLine: {'line': b'-- Up-to-date: /home/harsh/ros2_project/install/px4_msgs/include/px4_msgs/px4_msgs/msg/detail/orbit_status__struct.h\n'}
[1.953666] (px4_msgs) StdoutLine: {'line': b'-- Up-to-date: /home/harsh/ros2_project/install/px4_msgs/include/px4_msgs/px4_msgs/msg/detail/power_button_state__description.c\n'}
[1.953754] (px4_msgs) StdoutLine: {'line': b'-- Installing: /home/harsh/ros2_project/install/px4_msgs/include/px4_msgs/px4_msgs/msg/detail/orb_test_large__type_support.c\n'}
[1.953828] (px4_msgs) StdoutLine: {'line': b'-- Up-to-date: /home/harsh/ros2_project/install/px4_msgs/include/px4_msgs/px4_msgs/msg/detail/register_ext_component_reply__functions.c\n'}
[1.953905] (px4_msgs) StdoutLine: {'line': b'-- Up-to-date: /home/harsh/ros2_project/install/px4_msgs/include/px4_msgs/px4_msgs/msg/detail/tiltrotor_extra_controls__type_support.h\n'}
[1.953988] (px4_msgs) StdoutLine: {'line': b'-- Up-to-date: /home/harsh/ros2_project/install/px4_msgs/include/px4_msgs/px4_msgs/msg/detail/rc_parameter_map__functions.c\n'}
[1.954070] (px4_msgs) StdoutLine: {'line': b'-- Up-to-date: /home/harsh/ros2_project/install/px4_msgs/include/px4_msgs/px4_msgs/msg/detail/estimator_aid_source3d__description.c\n'}
[1.954309] (px4_msgs) StdoutLine: {'line': b'-- Up-to-date: /home/harsh/ros2_project/install/px4_msgs/include/px4_msgs/px4_msgs/msg/detail/mission_result__struct.h\n'}
[1.954606] (px4_msgs) StdoutLine: {'line': b'-- Up-to-date: /home/harsh/ros2_project/install/px4_msgs/include/px4_msgs/px4_msgs/msg/detail/vehicle_angular_velocity__functions.h\n'}
[1.954686] (px4_msgs) StdoutLine: {'line': b'-- Up-to-date: /home/harsh/ros2_project/install/px4_msgs/include/px4_msgs/px4_msgs/msg/detail/navigator_mission_item__functions.h\n'}
[1.954753] (px4_msgs) StdoutLine: {'line': b'-- Up-to-date: /home/harsh/ros2_project/install/px4_msgs/include/px4_msgs/px4_msgs/msg/detail/mission__struct.h\n'}
[1.954816] (px4_msgs) StdoutLine: {'line': b'-- Installing: /home/harsh/ros2_project/install/px4_msgs/include/px4_msgs/px4_msgs/msg/detail/position_controller_status__type_support.c\n'}
[1.954892] (px4_msgs) StdoutLine: {'line': b'-- Up-to-date: /home/harsh/ros2_project/install/px4_msgs/include/px4_msgs/px4_msgs/msg/detail/estimator_bias3d__functions.c\n'}
[1.954952] (px4_msgs) StdoutLine: {'line': b'-- Up-to-date: /home/harsh/ros2_project/install/px4_msgs/include/px4_msgs/px4_msgs/msg/detail/vehicle_trajectory_waypoint__type_support.h\n'}
[1.955036] (px4_msgs) StdoutLine: {'line': b'-- Installing: /home/harsh/ros2_project/install/px4_msgs/include/px4_msgs/px4_msgs/msg/detail/autotune_attitude_control_status__type_support.c\n'}
[1.955098] (px4_msgs) StdoutLine: {'line': b'-- Installing: /home/harsh/ros2_project/install/px4_msgs/include/px4_msgs/px4_msgs/msg/detail/estimator_aid_source3d__type_support.c\n'}
[1.955157] (px4_msgs) StdoutLine: {'line': b'-- Up-to-date: /home/harsh/ros2_project/install/px4_msgs/include/px4_msgs/px4_msgs/msg/detail/task_stack_info__functions.c\n'}
[1.955217] (px4_msgs) StdoutLine: {'line': b'-- Up-to-date: /home/harsh/ros2_project/install/px4_msgs/include/px4_msgs/px4_msgs/msg/detail/sensor_gyro_fft__struct.h\n'}
[1.955289] (px4_msgs) StdoutLine: {'line': b'-- Up-to-date: /home/harsh/ros2_project/install/px4_msgs/include/px4_msgs/px4_msgs/msg/detail/vehicle_roi__struct.h\n'}
[1.955352] (px4_msgs) StdoutLine: {'line': b'-- Up-to-date: /home/harsh/ros2_project/install/px4_msgs/include/px4_msgs/px4_msgs/msg/detail/vehicle_local_position_setpoint__type_support.h\n'}
[1.955426] (px4_msgs) StdoutLine: {'line': b'-- Up-to-date: /home/harsh/ros2_project/install/px4_msgs/include/px4_msgs/px4_msgs/msg/detail/register_ext_component_request__description.c\n'}
[1.955484] (px4_msgs) StdoutLine: {'line': b'-- Up-to-date: /home/harsh/ros2_project/install/px4_msgs/include/px4_msgs/px4_msgs/msg/detail/takeoff_status__struct.h\n'}
[1.955543] (px4_msgs) StdoutLine: {'line': b'-- Up-to-date: /home/harsh/ros2_project/install/px4_msgs/include/px4_msgs/px4_msgs/msg/detail/vehicle_local_position__type_support.h\n'}
[1.955612] (px4_msgs) StdoutLine: {'line': b'-- Up-to-date: /home/harsh/ros2_project/install/px4_msgs/include/px4_msgs/px4_msgs/msg/detail/distance_sensor__type_support.h\n'}
[1.955673] (px4_msgs) StdoutLine: {'line': b'-- Up-to-date: /home/harsh/ros2_project/install/px4_msgs/include/px4_msgs/px4_msgs/msg/detail/orb_test_large__type_support.h\n'}
[1.955730] (px4_msgs) StdoutLine: {'line': b'-- Installing: /home/harsh/ros2_project/install/px4_msgs/include/px4_msgs/px4_msgs/msg/detail/collision_constraints__type_support.c\n'}
[1.955787] (px4_msgs) StdoutLine: {'line': b'-- Up-to-date: /home/harsh/ros2_project/install/px4_msgs/include/px4_msgs/px4_msgs/msg/detail/onboard_computer_status__struct.h\n'}
[1.955849] (px4_msgs) StdoutLine: {'line': b'-- Up-to-date: /home/harsh/ros2_project/install/px4_msgs/include/px4_msgs/px4_msgs/msg/detail/tecs_status__description.c\n'}
[1.955910] (px4_msgs) StdoutLine: {'line': b'-- Installing: /home/harsh/ros2_project/install/px4_msgs/include/px4_msgs/px4_msgs/msg/detail/gpio_request__type_support.c\n'}
[1.955986] (px4_msgs) StdoutLine: {'line': b'-- Up-to-date: /home/harsh/ros2_project/install/px4_msgs/include/px4_msgs/px4_msgs/msg/detail/normalized_unsigned_setpoint__functions.c\n'}
[1.956101] (px4_msgs) StdoutLine: {'line': b'-- Up-to-date: /home/harsh/ros2_project/install/px4_msgs/include/px4_msgs/px4_msgs/msg/detail/trajectory_bezier__type_support.h\n'}
[1.956168] (px4_msgs) StdoutLine: {'line': b'-- Up-to-date: /home/harsh/ros2_project/install/px4_msgs/include/px4_msgs/px4_msgs/msg/detail/arming_check_reply__functions.h\n'}
[1.956268] (px4_msgs) StdoutLine: {'line': b'-- Up-to-date: /home/harsh/ros2_project/install/px4_msgs/include/px4_msgs/px4_msgs/msg/detail/distance_sensor__functions.h\n'}
[1.956361] (px4_msgs) StdoutLine: {'line': b'-- Up-to-date: /home/harsh/ros2_project/install/px4_msgs/include/px4_msgs/px4_msgs/msg/detail/gimbal_manager_information__struct.h\n'}
[1.956420] (px4_msgs) StdoutLine: {'line': b'-- Installing: /home/harsh/ros2_project/install/px4_msgs/include/px4_msgs/px4_msgs/msg/detail/onboard_computer_status__type_support.c\n'}
[1.956476] (px4_msgs) StdoutLine: {'line': b'-- Up-to-date: /home/harsh/ros2_project/install/px4_msgs/include/px4_msgs/px4_msgs/msg/detail/npfg_status__struct.h\n'}
[1.956538] (px4_msgs) StdoutLine: {'line': b'-- Up-to-date: /home/harsh/ros2_project/install/px4_msgs/include/px4_msgs/px4_msgs/msg/detail/vtol_vehicle_status__struct.h\n'}
[1.956596] (px4_msgs) StdoutLine: {'line': b'-- Up-to-date: /home/harsh/ros2_project/install/px4_msgs/include/px4_msgs/px4_msgs/msg/detail/vehicle_rates_setpoint__struct.h\n'}
[1.956655] (px4_msgs) StdoutLine: {'line': b'-- Up-to-date: /home/harsh/ros2_project/install/px4_msgs/include/px4_msgs/px4_msgs/msg/detail/actuator_outputs__functions.c\n'}
[1.956712] (px4_msgs) StdoutLine: {'line': b'-- Installing: /home/harsh/ros2_project/install/px4_msgs/include/px4_msgs/px4_msgs/msg/detail/estimator_sensor_bias__type_support.c\n'}
[1.956773] (px4_msgs) StdoutLine: {'line': b'-- Up-to-date: /home/harsh/ros2_project/install/px4_msgs/include/px4_msgs/px4_msgs/msg/detail/gimbal_manager_set_manual_control__functions.h\n'}
[1.956831] (px4_msgs) StdoutLine: {'line': b'-- Up-to-date: /home/harsh/ros2_project/install/px4_msgs/include/px4_msgs/px4_msgs/msg/detail/vehicle_command_ack__struct.h\n'}
[1.956889] (px4_msgs) StdoutLine: {'line': b'-- Up-to-date: /home/harsh/ros2_project/install/px4_msgs/include/px4_msgs/px4_msgs/msg/detail/estimator_status__type_support.h\n'}
[1.956946] (px4_msgs) StdoutLine: {'line': b'-- Installing: /home/harsh/ros2_project/install/px4_msgs/include/px4_msgs/px4_msgs/msg/detail/debug_vect__type_support.c\n'}
[1.957013] (px4_msgs) StdoutLine: {'line': b'-- Installing: /home/harsh/ros2_project/install/px4_msgs/include/px4_msgs/px4_msgs/msg/detail/action_request__type_support.c\n'}
[1.957077] (px4_msgs) StdoutLine: {'line': b'-- Up-to-date: /home/harsh/ros2_project/install/px4_msgs/include/px4_msgs/px4_msgs/msg/detail/airspeed_wind__struct.h\n'}
[1.957135] (px4_msgs) StdoutLine: {'line': b'-- Up-to-date: /home/harsh/ros2_project/install/px4_msgs/include/px4_msgs/px4_msgs/msg/detail/sensor_airflow__functions.h\n'}
[1.957191] (px4_msgs) StdoutLine: {'line': b'-- Up-to-date: /home/harsh/ros2_project/install/px4_msgs/include/px4_msgs/px4_msgs/msg/detail/log_message__description.c\n'}
[1.957247] (px4_msgs) StdoutLine: {'line': b'-- Up-to-date: /home/harsh/ros2_project/install/px4_msgs/include/px4_msgs/px4_msgs/msg/detail/arming_check_request__struct.h\n'}
[1.957306] (px4_msgs) StdoutLine: {'line': b'-- Up-to-date: /home/harsh/ros2_project/install/px4_msgs/include/px4_msgs/px4_msgs/msg/detail/mode_completed__struct.h\n'}
[1.957360] (px4_msgs) StdoutLine: {'line': b'-- Up-to-date: /home/harsh/ros2_project/install/px4_msgs/include/px4_msgs/px4_msgs/msg/detail/actuator_outputs__functions.h\n'}
[1.957417] (px4_msgs) StdoutLine: {'line': b'-- Installing: /home/harsh/ros2_project/install/px4_msgs/include/px4_msgs/px4_msgs/msg/detail/estimator_bias__type_support.c\n'}
[1.957474] (px4_msgs) StdoutLine: {'line': b'-- Up-to-date: /home/harsh/ros2_project/install/px4_msgs/include/px4_msgs/px4_msgs/msg/detail/vehicle_trajectory_waypoint__struct.h\n'}
[1.957537] (px4_msgs) StdoutLine: {'line': b'-- Up-to-date: /home/harsh/ros2_project/install/px4_msgs/include/px4_msgs/px4_msgs/msg/detail/uavcan_parameter_request__type_support.h\n'}
[1.957601] (px4_msgs) StdoutLine: {'line': b'-- Up-to-date: /home/harsh/ros2_project/install/px4_msgs/include/px4_msgs/px4_msgs/msg/detail/estimator_aid_source3d__struct.h\n'}
[1.957658] (px4_msgs) StdoutLine: {'line': b'-- Up-to-date: /home/harsh/ros2_project/install/px4_msgs/include/px4_msgs/px4_msgs/msg/detail/vehicle_local_position__description.c\n'}
[1.957764] (px4_msgs) StdoutLine: {'line': b'-- Up-to-date: /home/harsh/ros2_project/install/px4_msgs/include/px4_msgs/px4_msgs/msg/detail/vehicle_control_mode__type_support.h\n'}
[1.957828] (px4_msgs) StdoutLine: {'line': b'-- Installing: /home/harsh/ros2_project/install/px4_msgs/include/px4_msgs/px4_msgs/msg/detail/sensor_gnss_relative__type_support.c\n'}
[1.957887] (px4_msgs) StdoutLine: {'line': b'-- Up-to-date: /home/harsh/ros2_project/install/px4_msgs/include/px4_msgs/px4_msgs/msg/detail/airspeed_validated__type_support.h\n'}
[1.957945] (px4_msgs) StdoutLine: {'line': b'-- Up-to-date: /home/harsh/ros2_project/install/px4_msgs/include/px4_msgs/px4_msgs/msg/detail/landing_target_pose__type_support.h\n'}
[1.958133] (px4_msgs) StdoutLine: {'line': b'-- Up-to-date: /home/harsh/ros2_project/install/px4_msgs/include/px4_msgs/px4_msgs/msg/detail/actuator_controls_status__struct.h\n'}
[1.958199] (px4_msgs) StdoutLine: {'line': b'-- Up-to-date: /home/harsh/ros2_project/install/px4_msgs/include/px4_msgs/px4_msgs/msg/detail/button_event__functions.c\n'}
[1.958255] (px4_msgs) StdoutLine: {'line': b'-- Up-to-date: /home/harsh/ros2_project/install/px4_msgs/include/px4_msgs/px4_msgs/msg/detail/action_request__struct.h\n'}
[1.958314] (px4_msgs) StdoutLine: {'line': b'-- Up-to-date: /home/harsh/ros2_project/install/px4_msgs/include/px4_msgs/px4_msgs/msg/detail/gimbal_device_set_attitude__functions.h\n'}
[1.958373] (px4_msgs) StdoutLine: {'line': b'-- Installing: /home/harsh/ros2_project/install/px4_msgs/include/px4_msgs/px4_msgs/msg/detail/parameter_set_value_response__type_support.c\n'}
[1.958434] (px4_msgs) StdoutLine: {'line': b'-- Up-to-date: /home/harsh/ros2_project/install/px4_msgs/include/px4_msgs/px4_msgs/msg/detail/collision_report__type_support.h\n'}
[1.958492] (px4_msgs) StdoutLine: {'line': b'-- Up-to-date: /home/harsh/ros2_project/install/px4_msgs/include/px4_msgs/px4_msgs/msg/detail/camera_status__type_support.h\n'}
[1.958547] (px4_msgs) StdoutLine: {'line': b'-- Up-to-date: /home/harsh/ros2_project/install/px4_msgs/include/px4_msgs/px4_msgs/msg/detail/control_allocator_status__type_support.h\n'}
[1.958604] (px4_msgs) StdoutLine: {'line': b'-- Up-to-date: /home/harsh/ros2_project/install/px4_msgs/include/px4_msgs/px4_msgs/msg/detail/irlock_report__description.c\n'}
[1.958662] (px4_msgs) StdoutLine: {'line': b'-- Up-to-date: /home/harsh/ros2_project/install/px4_msgs/include/px4_msgs/px4_msgs/msg/detail/home_position__struct.h\n'}
[1.958717] (px4_msgs) StdoutLine: {'line': b'-- Up-to-date: /home/harsh/ros2_project/install/px4_msgs/include/px4_msgs/px4_msgs/msg/detail/ekf2_timestamps__functions.h\n'}
[1.958774] (px4_msgs) StdoutLine: {'line': b'-- Up-to-date: /home/harsh/ros2_project/install/px4_msgs/include/px4_msgs/px4_msgs/msg/detail/position_controller_status__type_support.h\n'}
[1.958831] (px4_msgs) StdoutLine: {'line': b'-- Up-to-date: /home/harsh/ros2_project/install/px4_msgs/include/px4_msgs/px4_msgs/msg/detail/ping__functions.c\n'}
[1.958890] (px4_msgs) StdoutLine: {'line': b'-- Up-to-date: /home/harsh/ros2_project/install/px4_msgs/include/px4_msgs/px4_msgs/msg/detail/estimator_aid_source1d__type_support.h\n'}
[1.958950] (px4_msgs) StdoutLine: {'line': b'-- Up-to-date: /home/harsh/ros2_project/install/px4_msgs/include/px4_msgs/px4_msgs/msg/detail/estimator_selector_status__description.c\n'}
[1.959033] (px4_msgs) StdoutLine: {'line': b'-- Up-to-date: /home/harsh/ros2_project/install/px4_msgs/include/px4_msgs/px4_msgs/msg/detail/dataman_response__functions.h\n'}
[1.959097] (px4_msgs) StdoutLine: {'line': b'-- Up-to-date: /home/harsh/ros2_project/install/px4_msgs/include/px4_msgs/px4_msgs/msg/detail/estimator_aid_source3d__functions.h\n'}
[1.959159] (px4_msgs) StdoutLine: {'line': b'-- Installing: /home/harsh/ros2_project/install/px4_msgs/include/px4_msgs/px4_msgs/msg/detail/sensor_baro__type_support.c\n'}
[1.959220] (px4_msgs) StdoutLine: {'line': b'-- Up-to-date: /home/harsh/ros2_project/install/px4_msgs/include/px4_msgs/px4_msgs/msg/detail/wind__functions.c\n'}
[1.959317] (px4_msgs) StdoutLine: {'line': b'-- Installing: /home/harsh/ros2_project/install/px4_msgs/include/px4_msgs/px4_msgs/msg/detail/internal_combustion_engine_status__type_support.c\n'}
[1.959372] (px4_msgs) StdoutLine: {'line': b'-- Up-to-date: /home/harsh/ros2_project/install/px4_msgs/include/px4_msgs/px4_msgs/msg/detail/actuator_armed__struct.h\n'}
[1.959433] (px4_msgs) StdoutLine: {'line': b'-- Up-to-date: /home/harsh/ros2_project/install/px4_msgs/include/px4_msgs/px4_msgs/msg/detail/radio_status__functions.h\n'}
[1.959493] (px4_msgs) StdoutLine: {'line': b'-- Installing: /home/harsh/ros2_project/install/px4_msgs/include/px4_msgs/px4_msgs/msg/detail/rc_channels__type_support.c\n'}
[1.959554] (px4_msgs) StdoutLine: {'line': b'-- Up-to-date: /home/harsh/ros2_project/install/px4_msgs/include/px4_msgs/px4_msgs/msg/detail/cellular_status__type_support.h\n'}
[1.959614] (px4_msgs) StdoutLine: {'line': b'-- Up-to-date: /home/harsh/ros2_project/install/px4_msgs/include/px4_msgs/px4_msgs/msg/detail/collision_constraints__struct.h\n'}
[1.959673] (px4_msgs) StdoutLine: {'line': b'-- Up-to-date: /home/harsh/ros2_project/install/px4_msgs/include/px4_msgs/px4_msgs/msg/detail/figure_eight_status__struct.h\n'}
[1.959731] (px4_msgs) StdoutLine: {'line': b'-- Up-to-date: /home/harsh/ros2_project/install/px4_msgs/include/px4_msgs/px4_msgs/msg/detail/collision_constraints__functions.c\n'}
[1.959791] (px4_msgs) StdoutLine: {'line': b'-- Up-to-date: /home/harsh/ros2_project/install/px4_msgs/include/px4_msgs/px4_msgs/msg/detail/qshell_retval__type_support.h\n'}
[1.959849] (px4_msgs) StdoutLine: {'line': b'-- Up-to-date: /home/harsh/ros2_project/install/px4_msgs/include/px4_msgs/px4_msgs/msg/detail/vehicle_local_position_setpoint__functions.c\n'}
[1.959908] (px4_msgs) StdoutLine: {'line': b'-- Up-to-date: /home/harsh/ros2_project/install/px4_msgs/include/px4_msgs/px4_msgs/msg/detail/estimator_status_flags__description.c\n'}
[1.959965] (px4_msgs) StdoutLine: {'line': b'-- Up-to-date: /home/harsh/ros2_project/install/px4_msgs/include/px4_msgs/px4_msgs/msg/detail/debug_vect__functions.h\n'}
[1.960034] (px4_msgs) StdoutLine: {'line': b'-- Up-to-date: /home/harsh/ros2_project/install/px4_msgs/include/px4_msgs/px4_msgs/msg/detail/camera_status__functions.h\n'}
[1.960094] (px4_msgs) StdoutLine: {'line': b'-- Up-to-date: /home/harsh/ros2_project/install/px4_msgs/include/px4_msgs/px4_msgs/msg/detail/gimbal_manager_status__description.c\n'}
[1.960152] (px4_msgs) StdoutLine: {'line': b'-- Up-to-date: /home/harsh/ros2_project/install/px4_msgs/include/px4_msgs/px4_msgs/msg/detail/control_allocator_status__functions.h\n'}
[1.960208] (px4_msgs) StdoutLine: {'line': b'-- Up-to-date: /home/harsh/ros2_project/install/px4_msgs/include/px4_msgs/px4_msgs/msg/detail/vehicle_angular_velocity__type_support.h\n'}
[1.960266] (px4_msgs) StdoutLine: {'line': b'-- Up-to-date: /home/harsh/ros2_project/install/px4_msgs/include/px4_msgs/px4_msgs/msg/detail/iridiumsbd_status__functions.h\n'}
[1.960325] (px4_msgs) StdoutLine: {'line': b'-- Up-to-date: /home/harsh/ros2_project/install/px4_msgs/include/px4_msgs/px4_msgs/msg/detail/follow_target_status__functions.c\n'}
[1.960391] (px4_msgs) StdoutLine: {'line': b'-- Up-to-date: /home/harsh/ros2_project/install/px4_msgs/include/px4_msgs/px4_msgs/msg/detail/mission__functions.c\n'}
[1.960449] (px4_msgs) StdoutLine: {'line': b'-- Up-to-date: /home/harsh/ros2_project/install/px4_msgs/include/px4_msgs/px4_msgs/msg/detail/mount_orientation__functions.h\n'}
[1.960507] (px4_msgs) StdoutLine: {'line': b'-- Up-to-date: /home/harsh/ros2_project/install/px4_msgs/include/px4_msgs/px4_msgs/msg/detail/camera_status__struct.h\n'}
[1.960564] (px4_msgs) StdoutLine: {'line': b'-- Up-to-date: /home/harsh/ros2_project/install/px4_msgs/include/px4_msgs/px4_msgs/msg/detail/internal_combustion_engine_status__functions.h\n'}
[1.960620] (px4_msgs) StdoutLine: {'line': b'-- Up-to-date: /home/harsh/ros2_project/install/px4_msgs/include/px4_msgs/px4_msgs/msg/detail/debug_key_value__functions.h\n'}
[1.960680] (px4_msgs) StdoutLine: {'line': b'-- Up-to-date: /home/harsh/ros2_project/install/px4_msgs/include/px4_msgs/px4_msgs/msg/detail/rc_parameter_map__description.c\n'}
[1.960736] (px4_msgs) StdoutLine: {'line': b'-- Up-to-date: /home/harsh/ros2_project/install/px4_msgs/include/px4_msgs/px4_msgs/msg/detail/power_monitor__type_support.h\n'}
[1.960793] (px4_msgs) StdoutLine: {'line': b'-- Up-to-date: /home/harsh/ros2_project/install/px4_msgs/include/px4_msgs/px4_msgs/msg/detail/sensor_optical_flow__struct.h\n'}
[1.960851] (px4_msgs) StdoutLine: {'line': b'-- Up-to-date: /home/harsh/ros2_project/install/px4_msgs/include/px4_msgs/px4_msgs/msg/detail/debug_array__struct.h\n'}
[1.960907] (px4_msgs) StdoutLine: {'line': b'-- Up-to-date: /home/harsh/ros2_project/install/px4_msgs/include/px4_msgs/px4_msgs/msg/detail/button_event__functions.h\n'}
[1.960964] (px4_msgs) StdoutLine: {'line': b'-- Up-to-date: /home/harsh/ros2_project/install/px4_msgs/include/px4_msgs/px4_msgs/msg/detail/sensor_selection__type_support.h\n'}
[1.961033] (px4_msgs) StdoutLine: {'line': b'-- Up-to-date: /home/harsh/ros2_project/install/px4_msgs/include/px4_msgs/px4_msgs/msg/detail/ulog_stream_ack__type_support.h\n'}
[1.961090] (px4_msgs) StdoutLine: {'line': b'-- Up-to-date: /home/harsh/ros2_project/install/px4_msgs/include/px4_msgs/px4_msgs/msg/detail/sensor_preflight_mag__functions.c\n'}
[1.961147] (px4_msgs) StdoutLine: {'line': b'-- Up-to-date: /home/harsh/ros2_project/install/px4_msgs/include/px4_msgs/px4_msgs/msg/detail/vehicle_rates_setpoint__type_support.h\n'}
[1.961204] (px4_msgs) StdoutLine: {'line': b'-- Up-to-date: /home/harsh/ros2_project/install/px4_msgs/include/px4_msgs/px4_msgs/msg/detail/input_rc__type_support.h\n'}
[1.961259] (px4_msgs) StdoutLine: {'line': b'-- Up-to-date: /home/harsh/ros2_project/install/px4_msgs/include/px4_msgs/px4_msgs/msg/detail/cellular_status__functions.c\n'}
[1.961313] (px4_msgs) StdoutLine: {'line': b'-- Up-to-date: /home/harsh/ros2_project/install/px4_msgs/include/px4_msgs/px4_msgs/msg/detail/vehicle_imu_status__type_support.h\n'}
[1.961369] (px4_msgs) StdoutLine: {'line': b'-- Up-to-date: /home/harsh/ros2_project/install/px4_msgs/include/px4_msgs/px4_msgs/msg/detail/orb_test_large__description.c\n'}
[1.961425] (px4_msgs) StdoutLine: {'line': b'-- Up-to-date: /home/harsh/ros2_project/install/px4_msgs/include/px4_msgs/px4_msgs/msg/detail/parameter_set_value_request__functions.h\n'}
[1.961481] (px4_msgs) StdoutLine: {'line': b'-- Up-to-date: /home/harsh/ros2_project/install/px4_msgs/include/px4_msgs/px4_msgs/msg/detail/manual_control_switches__description.c\n'}
[1.961539] (px4_msgs) StdoutLine: {'line': b'-- Up-to-date: /home/harsh/ros2_project/install/px4_msgs/include/px4_msgs/px4_msgs/msg/detail/camera_trigger__functions.h\n'}
[1.961594] (px4_msgs) StdoutLine: {'line': b'-- Up-to-date: /home/harsh/ros2_project/install/px4_msgs/include/px4_msgs/px4_msgs/msg/detail/follow_target_estimator__struct.h\n'}
[1.961650] (px4_msgs) StdoutLine: {'line': b'-- Up-to-date: /home/harsh/ros2_project/install/px4_msgs/include/px4_msgs/px4_msgs/msg/detail/mode_completed__functions.c\n'}
[1.961708] (px4_msgs) StdoutLine: {'line': b'-- Up-to-date: /home/harsh/ros2_project/install/px4_msgs/include/px4_msgs/px4_msgs/msg/detail/vehicle_local_position_setpoint__description.c\n'}
[1.961765] (px4_msgs) StdoutLine: {'line': b'-- Up-to-date: /home/harsh/ros2_project/install/px4_msgs/include/px4_msgs/px4_msgs/msg/detail/radio_status__description.c\n'}
[1.961819] (px4_msgs) StdoutLine: {'line': b'-- Installing: /home/harsh/ros2_project/install/px4_msgs/include/px4_msgs/px4_msgs/msg/detail/differential_drive_setpoint__type_support.c\n'}
[1.961874] (px4_msgs) StdoutLine: {'line': b'-- Up-to-date: /home/harsh/ros2_project/install/px4_msgs/include/px4_msgs/px4_msgs/msg/detail/vehicle_thrust_setpoint__type_support.h\n'}
[1.961929] (px4_msgs) StdoutLine: {'line': b'-- Up-to-date: /home/harsh/ros2_project/install/px4_msgs/include/px4_msgs/px4_msgs/msg/detail/satellite_info__description.c\n'}
[1.961990] (px4_msgs) StdoutLine: {'line': b'-- Up-to-date: /home/harsh/ros2_project/install/px4_msgs/include/px4_msgs/px4_msgs/msg/detail/estimator_states__functions.h\n'}
[1.962125] (px4_msgs) StdoutLine: {'line': b'-- Up-to-date: /home/harsh/ros2_project/install/px4_msgs/include/px4_msgs/px4_msgs/msg/detail/sensor_gyro_fifo__struct.h\n'}
[1.962188] (px4_msgs) StdoutLine: {'line': b'-- Up-to-date: /home/harsh/ros2_project/install/px4_msgs/include/px4_msgs/px4_msgs/msg/detail/uavcan_parameter_request__functions.c\n'}
[1.962248] (px4_msgs) StdoutLine: {'line': b'-- Up-to-date: /home/harsh/ros2_project/install/px4_msgs/include/px4_msgs/px4_msgs/msg/detail/sensor_airflow__description.c\n'}
[1.962306] (px4_msgs) StdoutLine: {'line': b'-- Installing: /home/harsh/ros2_project/install/px4_msgs/include/px4_msgs/px4_msgs/msg/detail/transponder_report__type_support.c\n'}
[1.962442] (px4_msgs) StdoutLine: {'line': b'-- Up-to-date: /home/harsh/ros2_project/install/px4_msgs/include/px4_msgs/px4_msgs/msg/detail/flight_phase_estimation__functions.c\n'}
[1.962503] (px4_msgs) StdoutLine: {'line': b'-- Up-to-date: /home/harsh/ros2_project/install/px4_msgs/include/px4_msgs/px4_msgs/msg/detail/wheel_encoders__description.c\n'}
[1.962560] (px4_msgs) StdoutLine: {'line': b'-- Up-to-date: /home/harsh/ros2_project/install/px4_msgs/include/px4_msgs/px4_msgs/msg/detail/parameter_update__description.c\n'}
[1.962618] (px4_msgs) StdoutLine: {'line': b'-- Up-to-date: /home/harsh/ros2_project/install/px4_msgs/include/px4_msgs/px4_msgs/msg/detail/arming_check_request__type_support.h\n'}
[1.962675] (px4_msgs) StdoutLine: {'line': b'-- Up-to-date: /home/harsh/ros2_project/install/px4_msgs/include/px4_msgs/px4_msgs/msg/detail/tecs_status__functions.h\n'}
[1.962732] (px4_msgs) StdoutLine: {'line': b'-- Up-to-date: /home/harsh/ros2_project/install/px4_msgs/include/px4_msgs/px4_msgs/msg/detail/position_setpoint_triplet__functions.c\n'}
[1.962788] (px4_msgs) StdoutLine: {'line': b'-- Up-to-date: /home/harsh/ros2_project/install/px4_msgs/include/px4_msgs/px4_msgs/msg/detail/differential_pressure__description.c\n'}
[1.962845] (px4_msgs) StdoutLine: {'line': b'-- Up-to-date: /home/harsh/ros2_project/install/px4_msgs/include/px4_msgs/px4_msgs/msg/detail/vehicle_local_position__struct.h\n'}
[1.962902] (px4_msgs) StdoutLine: {'line': b'-- Up-to-date: /home/harsh/ros2_project/install/px4_msgs/include/px4_msgs/px4_msgs/msg/detail/sensor_baro__functions.h\n'}
[1.962957] (px4_msgs) StdoutLine: {'line': b'-- Up-to-date: /home/harsh/ros2_project/install/px4_msgs/include/px4_msgs/px4_msgs/msg/detail/log_message__struct.h\n'}
[1.963110] (px4_msgs) StdoutLine: {'line': b'-- Up-to-date: /home/harsh/ros2_project/install/px4_msgs/include/px4_msgs/px4_msgs/msg/detail/debug_vect__struct.h\n'}
[1.963173] (px4_msgs) StdoutLine: {'line': b'-- Up-to-date: /home/harsh/ros2_project/install/px4_msgs/include/px4_msgs/px4_msgs/msg/detail/buffer128__functions.h\n'}
[1.963230] (px4_msgs) StdoutLine: {'line': b'-- Up-to-date: /home/harsh/ros2_project/install/px4_msgs/include/px4_msgs/px4_msgs/msg/detail/estimator_status_flags__type_support.h\n'}
[1.963286] (px4_msgs) StdoutLine: {'line': b'-- Up-to-date: /home/harsh/ros2_project/install/px4_msgs/include/px4_msgs/px4_msgs/msg/detail/gimbal_manager_information__type_support.h\n'}
[1.963344] (px4_msgs) StdoutLine: {'line': b'-- Up-to-date: /home/harsh/ros2_project/install/px4_msgs/include/px4_msgs/px4_msgs/msg/detail/vehicle_roi__description.c\n'}
[1.963401] (px4_msgs) StdoutLine: {'line': b'-- Up-to-date: /home/harsh/ros2_project/install/px4_msgs/include/px4_msgs/px4_msgs/msg/detail/timesync_status__description.c\n'}
[1.963458] (px4_msgs) StdoutLine: {'line': b'-- Up-to-date: /home/harsh/ros2_project/install/px4_msgs/include/px4_msgs/px4_msgs/msg/detail/sensor_optical_flow__functions.c\n'}
[1.963516] (px4_msgs) StdoutLine: {'line': b'-- Up-to-date: /home/harsh/ros2_project/install/px4_msgs/include/px4_msgs/px4_msgs/msg/detail/follow_target_status__description.c\n'}
[1.963575] (px4_msgs) StdoutLine: {'line': b'-- Up-to-date: /home/harsh/ros2_project/install/px4_msgs/include/px4_msgs/px4_msgs/msg/detail/radio_status__type_support.h\n'}
[1.963637] (px4_msgs) StdoutLine: {'line': b'-- Up-to-date: /home/harsh/ros2_project/install/px4_msgs/include/px4_msgs/px4_msgs/msg/detail/tecs_status__functions.c\n'}
[1.963695] (px4_msgs) StdoutLine: {'line': b'-- Up-to-date: /home/harsh/ros2_project/install/px4_msgs/include/px4_msgs/px4_msgs/msg/detail/gimbal_manager_status__struct.h\n'}
[1.963752] (px4_msgs) StdoutLine: {'line': b'-- Up-to-date: /home/harsh/ros2_project/install/px4_msgs/include/px4_msgs/px4_msgs/msg/detail/rtl_status__functions.c\n'}
[1.963811] (px4_msgs) StdoutLine: {'line': b'-- Up-to-date: /home/harsh/ros2_project/install/px4_msgs/include/px4_msgs/px4_msgs/msg/detail/flight_phase_estimation__type_support.h\n'}
[1.963868] (px4_msgs) StdoutLine: {'line': b'-- Up-to-date: /home/harsh/ros2_project/install/px4_msgs/include/px4_msgs/px4_msgs/msg/detail/vtol_vehicle_status__type_support.h\n'}
[1.963923] (px4_msgs) StdoutLine: {'line': b'-- Up-to-date: /home/harsh/ros2_project/install/px4_msgs/include/px4_msgs/px4_msgs/msg/detail/telemetry_status__functions.h\n'}
[1.963987] (px4_msgs) StdoutLine: {'line': b'-- Up-to-date: /home/harsh/ros2_project/install/px4_msgs/include/px4_msgs/px4_msgs/msg/detail/manual_control_setpoint__description.c\n'}
[1.964052] (px4_msgs) StdoutLine: {'line': b'-- Up-to-date: /home/harsh/ros2_project/install/px4_msgs/include/px4_msgs/px4_msgs/msg/detail/action_request__type_support.h\n'}
[1.964111] (px4_msgs) StdoutLine: {'line': b'-- Up-to-date: /home/harsh/ros2_project/install/px4_msgs/include/px4_msgs/px4_msgs/msg/detail/config_overrides__description.c\n'}
[1.964169] (px4_msgs) StdoutLine: {'line': b'-- Up-to-date: /home/harsh/ros2_project/install/px4_msgs/include/px4_msgs/px4_msgs/msg/detail/figure_eight_status__functions.h\n'}
[1.964227] (px4_msgs) StdoutLine: {'line': b'-- Up-to-date: /home/harsh/ros2_project/install/px4_msgs/include/px4_msgs/px4_msgs/msg/detail/velocity_limits__functions.h\n'}
[1.964284] (px4_msgs) StdoutLine: {'line': b'-- Up-to-date: /home/harsh/ros2_project/install/px4_msgs/include/px4_msgs/px4_msgs/msg/detail/actuator_servos_trim__struct.h\n'}
[1.964339] (px4_msgs) StdoutLine: {'line': b'-- Up-to-date: /home/harsh/ros2_project/install/px4_msgs/include/px4_msgs/px4_msgs/msg/detail/sensor_gyro_fifo__functions.c\n'}
[1.964399] (px4_msgs) StdoutLine: {'line': b'-- Installing: /home/harsh/ros2_project/install/px4_msgs/include/px4_msgs/px4_msgs/msg/detail/landing_gear_wheel__type_support.c\n'}
[1.964457] (px4_msgs) StdoutLine: {'line': b'-- Up-to-date: /home/harsh/ros2_project/install/px4_msgs/include/px4_msgs/px4_msgs/msg/detail/gimbal_controls__struct.h\n'}
[1.964514] (px4_msgs) StdoutLine: {'line': b'-- Up-to-date: /home/harsh/ros2_project/install/px4_msgs/include/px4_msgs/px4_msgs/msg/detail/gps_inject_data__functions.h\n'}
[1.964571] (px4_msgs) StdoutLine: {'line': b'-- Up-to-date: /home/harsh/ros2_project/install/px4_msgs/include/px4_msgs/px4_msgs/msg/detail/position_controller_status__struct.h\n'}
[1.964632] (px4_msgs) StdoutLine: {'line': b'-- Installing: /home/harsh/ros2_project/install/px4_msgs/include/px4_msgs/px4_msgs/msg/detail/sensors_status__type_support.c\n'}
[1.964692] (px4_msgs) StdoutLine: {'line': b'-- Up-to-date: /home/harsh/ros2_project/install/px4_msgs/include/px4_msgs/px4_msgs/msg/detail/gpio_out__struct.h\n'}
[1.964750] (px4_msgs) StdoutLine: {'line': b'-- Up-to-date: /home/harsh/ros2_project/install/px4_msgs/include/px4_msgs/px4_msgs/msg/detail/config_overrides__functions.c\n'}
[1.964807] (px4_msgs) StdoutLine: {'line': b'-- Up-to-date: /home/harsh/ros2_project/install/px4_msgs/include/px4_msgs/px4_msgs/msg/detail/vehicle_imu_status__description.c\n'}
[1.964865] (px4_msgs) StdoutLine: {'line': b'-- Up-to-date: /home/harsh/ros2_project/install/px4_msgs/include/px4_msgs/px4_msgs/msg/detail/landing_target_pose__functions.c\n'}
[1.964924] (px4_msgs) StdoutLine: {'line': b'-- Up-to-date: /home/harsh/ros2_project/install/px4_msgs/include/px4_msgs/px4_msgs/msg/detail/sensor_accel_fifo__type_support.h\n'}
[1.964997] (px4_msgs) StdoutLine: {'line': b'-- Up-to-date: /home/harsh/ros2_project/install/px4_msgs/include/px4_msgs/px4_msgs/msg/detail/gimbal_manager_set_attitude__type_support.h\n'}
[1.965068] (px4_msgs) StdoutLine: {'line': b'-- Up-to-date: /home/harsh/ros2_project/install/px4_msgs/include/px4_msgs/px4_msgs/msg/detail/logger_status__functions.h\n'}
[1.965124] (px4_msgs) StdoutLine: {'line': b'-- Up-to-date: /home/harsh/ros2_project/install/px4_msgs/include/px4_msgs/px4_msgs/msg/detail/telemetry_status__struct.h\n'}
[1.965180] (px4_msgs) StdoutLine: {'line': b'-- Up-to-date: /home/harsh/ros2_project/install/px4_msgs/include/px4_msgs/px4_msgs/msg/detail/actuator_outputs__description.c\n'}
[1.965238] (px4_msgs) StdoutLine: {'line': b'-- Up-to-date: /home/harsh/ros2_project/install/px4_msgs/include/px4_msgs/px4_msgs/msg/detail/wheel_encoders__type_support.h\n'}
[1.965294] (px4_msgs) StdoutLine: {'line': b'-- Up-to-date: /home/harsh/ros2_project/install/px4_msgs/include/px4_msgs/px4_msgs/msg/detail/event__description.c\n'}
[1.965349] (px4_msgs) StdoutLine: {'line': b'-- Up-to-date: /home/harsh/ros2_project/install/px4_msgs/include/px4_msgs/px4_msgs/msg/detail/px4io_status__type_support.h\n'}
[1.965403] (px4_msgs) StdoutLine: {'line': b'-- Up-to-date: /home/harsh/ros2_project/install/px4_msgs/include/px4_msgs/px4_msgs/msg/detail/sensor_gyro__struct.h\n'}
[1.965460] (px4_msgs) StdoutLine: {'line': b'-- Up-to-date: /home/harsh/ros2_project/install/px4_msgs/include/px4_msgs/px4_msgs/msg/detail/geofence_result__struct.h\n'}
[1.965547] (px4_msgs) StdoutLine: {'line': b'-- Up-to-date: /home/harsh/ros2_project/install/px4_msgs/include/px4_msgs/px4_msgs/msg/detail/vehicle_rates_setpoint__functions.c\n'}
[1.965608] (px4_msgs) StdoutLine: {'line': b'-- Up-to-date: /home/harsh/ros2_project/install/px4_msgs/include/px4_msgs/px4_msgs/msg/detail/message_format_response__description.c\n'}
[1.965665] (px4_msgs) StdoutLine: {'line': b'-- Up-to-date: /home/harsh/ros2_project/install/px4_msgs/include/px4_msgs/px4_msgs/msg/detail/mavlink_log__description.c\n'}
[1.965721] (px4_msgs) StdoutLine: {'line': b'-- Installing: /home/harsh/ros2_project/install/px4_msgs/include/px4_msgs/px4_msgs/msg/detail/telemetry_status__type_support.c\n'}
[1.965778] (px4_msgs) StdoutLine: {'line': b'-- Up-to-date: /home/harsh/ros2_project/install/px4_msgs/include/px4_msgs/px4_msgs/msg/detail/estimator_aid_source1d__description.c\n'}
[1.965833] (px4_msgs) StdoutLine: {'line': b'-- Up-to-date: /home/harsh/ros2_project/install/px4_msgs/include/px4_msgs/px4_msgs/msg/detail/gpio_request__struct.h\n'}
[1.965889] (px4_msgs) StdoutLine: {'line': b'-- Up-to-date: /home/harsh/ros2_project/install/px4_msgs/include/px4_msgs/px4_msgs/msg/detail/mag_worker_data__functions.c\n'}
[1.965946] (px4_msgs) StdoutLine: {'line': b'-- Up-to-date: /home/harsh/ros2_project/install/px4_msgs/include/px4_msgs/px4_msgs/msg/detail/vehicle_torque_setpoint__functions.c\n'}
[1.966013] (px4_msgs) StdoutLine: {'line': b'-- Up-to-date: /home/harsh/ros2_project/install/px4_msgs/include/px4_msgs/px4_msgs/msg/detail/sensors_status__functions.h\n'}
[1.966073] (px4_msgs) StdoutLine: {'line': b'-- Up-to-date: /home/harsh/ros2_project/install/px4_msgs/include/px4_msgs/px4_msgs/msg/detail/ping__functions.h\n'}
[1.966128] (px4_msgs) StdoutLine: {'line': b'-- Up-to-date: /home/harsh/ros2_project/install/px4_msgs/include/px4_msgs/px4_msgs/msg/detail/actuator_servos_trim__functions.c\n'}
[1.966184] (px4_msgs) StdoutLine: {'line': b'-- Up-to-date: /home/harsh/ros2_project/install/px4_msgs/include/px4_msgs/px4_msgs/msg/detail/position_setpoint__functions.c\n'}
[1.966240] (px4_msgs) StdoutLine: {'line': b'-- Up-to-date: /home/harsh/ros2_project/install/px4_msgs/include/px4_msgs/px4_msgs/msg/detail/estimator_innovations__struct.h\n'}
[1.966295] (px4_msgs) StdoutLine: {'line': b'-- Up-to-date: /home/harsh/ros2_project/install/px4_msgs/include/px4_msgs/px4_msgs/msg/detail/sensor_accel__functions.h\n'}
[1.966421] (px4_msgs) StdoutLine: {'line': b'-- Up-to-date: /home/harsh/ros2_project/install/px4_msgs/include/px4_msgs/px4_msgs/msg/detail/telemetry_status__functions.c\n'}
[1.966479] (px4_msgs) StdoutLine: {'line': b'-- Up-to-date: /home/harsh/ros2_project/install/px4_msgs/include/px4_msgs/px4_msgs/msg/detail/vehicle_attitude__functions.h\n'}
[1.966533] (px4_msgs) StdoutLine: {'line': b'-- Up-to-date: /home/harsh/ros2_project/install/px4_msgs/include/px4_msgs/px4_msgs/msg/detail/mission__description.c\n'}
[1.966592] (px4_msgs) StdoutLine: {'line': b'-- Up-to-date: /home/harsh/ros2_project/install/px4_msgs/include/px4_msgs/px4_msgs/msg/detail/gimbal_device_attitude_status__description.c\n'}
[1.966650] (px4_msgs) StdoutLine: {'line': b'-- Up-to-date: /home/harsh/ros2_project/install/px4_msgs/include/px4_msgs/px4_msgs/msg/detail/mag_worker_data__type_support.h\n'}
[1.966706] (px4_msgs) StdoutLine: {'line': b'-- Up-to-date: /home/harsh/ros2_project/install/px4_msgs/include/px4_msgs/px4_msgs/msg/detail/estimator_bias__functions.h\n'}
[1.966764] (px4_msgs) StdoutLine: {'line': b'-- Installing: /home/harsh/ros2_project/install/px4_msgs/include/px4_msgs/px4_msgs/msg/detail/mission_result__type_support.c\n'}
[1.966820] (px4_msgs) StdoutLine: {'line': b'-- Up-to-date: /home/harsh/ros2_project/install/px4_msgs/include/px4_msgs/px4_msgs/msg/detail/led_control__type_support.h\n'}
[1.966876] (px4_msgs) StdoutLine: {'line': b'-- Up-to-date: /home/harsh/ros2_project/install/px4_msgs/include/px4_msgs/px4_msgs/msg/detail/telemetry_status__type_support.h\n'}
[1.966934] (px4_msgs) StdoutLine: {'line': b'-- Up-to-date: /home/harsh/ros2_project/install/px4_msgs/include/px4_msgs/px4_msgs/msg/detail/adc_report__functions.c\n'}
[1.967011] (px4_msgs) StdoutLine: {'line': b'-- Installing: /home/harsh/ros2_project/install/px4_msgs/include/px4_msgs/px4_msgs/msg/detail/airspeed_wind__type_support.c\n'}
[1.967073] (px4_msgs) StdoutLine: {'line': b'-- Up-to-date: /home/harsh/ros2_project/install/px4_msgs/include/px4_msgs/px4_msgs/msg/detail/wheel_encoders__functions.c\n'}
[1.967129] (px4_msgs) StdoutLine: {'line': b'-- Up-to-date: /home/harsh/ros2_project/install/px4_msgs/include/px4_msgs/px4_msgs/msg/detail/landing_target_pose__struct.h\n'}
[1.967185] (px4_msgs) StdoutLine: {'line': b'-- Up-to-date: /home/harsh/ros2_project/install/px4_msgs/include/px4_msgs/px4_msgs/msg/detail/estimator_bias__functions.c\n'}
[1.967242] (px4_msgs) StdoutLine: {'line': b'-- Up-to-date: /home/harsh/ros2_project/install/px4_msgs/include/px4_msgs/px4_msgs/msg/detail/home_position__type_support.h\n'}
[1.967299] (px4_msgs) StdoutLine: {'line': b'-- Up-to-date: /home/harsh/ros2_project/install/px4_msgs/include/px4_msgs/px4_msgs/msg/detail/camera_capture__struct.h\n'}
[1.967354] (px4_msgs) StdoutLine: {'line': b'-- Up-to-date: /home/harsh/ros2_project/install/px4_msgs/include/px4_msgs/px4_msgs/msg/detail/rc_parameter_map__type_support.h\n'}
[1.967413] (px4_msgs) StdoutLine: {'line': b'-- Up-to-date: /home/harsh/ros2_project/install/px4_msgs/include/px4_msgs/px4_msgs/msg/detail/rtl_time_estimate__functions.h\n'}
[1.967470] (px4_msgs) StdoutLine: {'line': b'-- Up-to-date: /home/harsh/ros2_project/install/px4_msgs/include/px4_msgs/px4_msgs/msg/detail/vehicle_command__description.c\n'}
[1.967527] (px4_msgs) StdoutLine: {'line': b'-- Installing: /home/harsh/ros2_project/install/px4_msgs/include/px4_msgs/px4_msgs/msg/detail/gimbal_device_attitude_status__type_support.c\n'}
[1.967583] (px4_msgs) StdoutLine: {'line': b'-- Up-to-date: /home/harsh/ros2_project/install/px4_msgs/include/px4_msgs/px4_msgs/msg/detail/wind__struct.h\n'}
[1.967639] (px4_msgs) StdoutLine: {'line': b'-- Up-to-date: /home/harsh/ros2_project/install/px4_msgs/include/px4_msgs/px4_msgs/msg/detail/estimator_bias3d__description.c\n'}
[1.967696] (px4_msgs) StdoutLine: {'line': b'-- Up-to-date: /home/harsh/ros2_project/install/px4_msgs/include/px4_msgs/px4_msgs/msg/detail/gpio_request__type_support.h\n'}
[1.967753] (px4_msgs) StdoutLine: {'line': b'-- Up-to-date: /home/harsh/ros2_project/install/px4_msgs/include/px4_msgs/px4_msgs/msg/detail/actuator_armed__functions.h\n'}
[1.967810] (px4_msgs) StdoutLine: {'line': b'-- Installing: /home/harsh/ros2_project/install/px4_msgs/include/px4_msgs/px4_msgs/msg/detail/camera_capture__type_support.c\n'}
[1.967871] (px4_msgs) StdoutLine: {'line': b'-- Up-to-date: /home/harsh/ros2_project/install/px4_msgs/include/px4_msgs/px4_msgs/msg/detail/pps_capture__struct.h\n'}
[1.967927] (px4_msgs) StdoutLine: {'line': b'-- Up-to-date: /home/harsh/ros2_project/install/px4_msgs/include/px4_msgs/px4_msgs/msg/detail/estimator_aid_source3d__type_support.h\n'}
[1.967990] (px4_msgs) StdoutLine: {'line': b'-- Installing: /home/harsh/ros2_project/install/px4_msgs/include/px4_msgs/px4_msgs/msg/detail/estimator_selector_status__type_support.c\n'}
[1.968052] (px4_msgs) StdoutLine: {'line': b'-- Up-to-date: /home/harsh/ros2_project/install/px4_msgs/include/px4_msgs/px4_msgs/msg/detail/wind__functions.h\n'}
[1.968110] (px4_msgs) StdoutLine: {'line': b'-- Up-to-date: /home/harsh/ros2_project/install/px4_msgs/include/px4_msgs/px4_msgs/msg/detail/irlock_report__type_support.h\n'}
[1.968169] (px4_msgs) StdoutLine: {'line': b'-- Up-to-date: /home/harsh/ros2_project/install/px4_msgs/include/px4_msgs/px4_msgs/msg/detail/sensor_correction__type_support.h\n'}
[1.968227] (px4_msgs) StdoutLine: {'line': b'-- Installing: /home/harsh/ros2_project/install/px4_msgs/include/px4_msgs/px4_msgs/msg/detail/vehicle_roi__type_support.c\n'}
[1.968283] (px4_msgs) StdoutLine: {'line': b'-- Up-to-date: /home/harsh/ros2_project/install/px4_msgs/include/px4_msgs/px4_msgs/msg/detail/actuator_servos__functions.c\n'}
[1.968346] (px4_msgs) StdoutLine: {'line': b'-- Up-to-date: /home/harsh/ros2_project/install/px4_msgs/include/px4_msgs/px4_msgs/msg/detail/takeoff_status__description.c\n'}
[1.968403] (px4_msgs) StdoutLine: {'line': b'-- Up-to-date: /home/harsh/ros2_project/install/px4_msgs/include/px4_msgs/px4_msgs/msg/detail/airspeed_validated__functions.h\n'}
[1.968461] (px4_msgs) StdoutLine: {'line': b'-- Up-to-date: /home/harsh/ros2_project/install/px4_msgs/include/px4_msgs/px4_msgs/msg/detail/buffer128__type_support.h\n'}
[1.968518] (px4_msgs) StdoutLine: {'line': b'-- Installing: /home/harsh/ros2_project/install/px4_msgs/include/px4_msgs/px4_msgs/msg/detail/follow_target__type_support.c\n'}
[1.968573] (px4_msgs) StdoutLine: {'line': b'-- Installing: /home/harsh/ros2_project/install/px4_msgs/include/px4_msgs/px4_msgs/msg/detail/vehicle_trajectory_waypoint__type_support.c\n'}
[1.968630] (px4_msgs) StdoutLine: {'line': b'-- Up-to-date: /home/harsh/ros2_project/install/px4_msgs/include/px4_msgs/px4_msgs/msg/detail/sensor_mag__description.c\n'}
[1.968687] (px4_msgs) StdoutLine: {'line': b'-- Up-to-date: /home/harsh/ros2_project/install/px4_msgs/include/px4_msgs/px4_msgs/msg/detail/led_control__functions.h\n'}
[1.968743] (px4_msgs) StdoutLine: {'line': b'-- Up-to-date: /home/harsh/ros2_project/install/px4_msgs/include/px4_msgs/px4_msgs/msg/detail/geofence_status__struct.h\n'}
[1.968800] (px4_msgs) StdoutLine: {'line': b'-- Installing: /home/harsh/ros2_project/install/px4_msgs/include/px4_msgs/px4_msgs/msg/detail/yaw_estimator_status__type_support.c\n'}
[1.968861] (px4_msgs) StdoutLine: {'line': b'-- Up-to-date: /home/harsh/ros2_project/install/px4_msgs/include/px4_msgs/px4_msgs/msg/detail/vehicle_thrust_setpoint__functions.c\n'}
[1.968919] (px4_msgs) StdoutLine: {'line': b'-- Up-to-date: /home/harsh/ros2_project/install/px4_msgs/include/px4_msgs/px4_msgs/msg/detail/health_report__type_support.h\n'}
[1.968985] (px4_msgs) StdoutLine: {'line': b'-- Installing: /home/harsh/ros2_project/install/px4_msgs/include/px4_msgs/px4_msgs/msg/detail/camera_trigger__type_support.c\n'}
[1.969048] (px4_msgs) StdoutLine: {'line': b'-- Installing: /home/harsh/ros2_project/install/px4_msgs/include/px4_msgs/px4_msgs/msg/detail/ulog_stream__type_support.c\n'}
[1.969105] (px4_msgs) StdoutLine: {'line': b'-- Up-to-date: /home/harsh/ros2_project/install/px4_msgs/include/px4_msgs/px4_msgs/msg/detail/input_rc__description.c\n'}
[1.969217] (px4_msgs) StdoutLine: {'line': b'-- Up-to-date: /home/harsh/ros2_project/install/px4_msgs/include/px4_msgs/px4_msgs/msg/detail/sensor_mag__type_support.h\n'}
[1.969279] (px4_msgs) StdoutLine: {'line': b'-- Up-to-date: /home/harsh/ros2_project/install/px4_msgs/include/px4_msgs/px4_msgs/msg/detail/qshell_req__functions.c\n'}
[1.969331] (px4_msgs) StdoutLine: {'line': b'-- Up-to-date: /home/harsh/ros2_project/install/px4_msgs/include/px4_msgs/px4_msgs/msg/detail/irlock_report__functions.c\n'}
[1.969386] (px4_msgs) StdoutLine: {'line': b'-- Up-to-date: /home/harsh/ros2_project/install/px4_msgs/include/px4_msgs/px4_msgs/msg/detail/vehicle_constraints__description.c\n'}
[1.969440] (px4_msgs) StdoutLine: {'line': b'-- Up-to-date: /home/harsh/ros2_project/install/px4_msgs/include/px4_msgs/px4_msgs/msg/detail/vehicle_command_ack__description.c\n'}
[1.969499] (px4_msgs) StdoutLine: {'line': b'-- Up-to-date: /home/harsh/ros2_project/install/px4_msgs/include/px4_msgs/px4_msgs/msg/detail/obstacle_distance__functions.c\n'}
[1.969556] (px4_msgs) StdoutLine: {'line': b'-- Up-to-date: /home/harsh/ros2_project/install/px4_msgs/include/px4_msgs/px4_msgs/msg/detail/mavlink_log__functions.h\n'}
[1.969613] (px4_msgs) StdoutLine: {'line': b'-- Installing: /home/harsh/ros2_project/install/px4_msgs/include/px4_msgs/px4_msgs/msg/detail/pps_capture__type_support.c\n'}
[1.969670] (px4_msgs) StdoutLine: {'line': b'-- Up-to-date: /home/harsh/ros2_project/install/px4_msgs/include/px4_msgs/px4_msgs/msg/detail/autotune_attitude_control_status__struct.h\n'}
[1.969724] (px4_msgs) StdoutLine: {'line': b'-- Up-to-date: /home/harsh/ros2_project/install/px4_msgs/include/px4_msgs/px4_msgs/msg/detail/trajectory_bezier__struct.h\n'}
[1.969834] (px4_msgs) StdoutLine: {'line': b'-- Up-to-date: /home/harsh/ros2_project/install/px4_msgs/include/px4_msgs/px4_msgs/msg/detail/sensor_hygrometer__functions.c\n'}
[1.969891] (px4_msgs) StdoutLine: {'line': b'-- Up-to-date: /home/harsh/ros2_project/install/px4_msgs/include/px4_msgs/px4_msgs/msg/detail/power_monitor__struct.h\n'}
[1.969945] (px4_msgs) StdoutLine: {'line': b'-- Up-to-date: /home/harsh/ros2_project/install/px4_msgs/include/px4_msgs/px4_msgs/msg/detail/ulog_stream_ack__description.c\n'}
[1.970011] (px4_msgs) StdoutLine: {'line': b'-- Up-to-date: /home/harsh/ros2_project/install/px4_msgs/include/px4_msgs/px4_msgs/msg/detail/vehicle_attitude__type_support.h\n'}
[1.970075] (px4_msgs) StdoutLine: {'line': b'-- Up-to-date: /home/harsh/ros2_project/install/px4_msgs/include/px4_msgs/px4_msgs/msg/detail/airspeed_wind__description.c\n'}
[1.970132] (px4_msgs) StdoutLine: {'line': b'-- Up-to-date: /home/harsh/ros2_project/install/px4_msgs/include/px4_msgs/px4_msgs/msg/detail/buffer128__description.c\n'}
[1.970189] (px4_msgs) StdoutLine: {'line': b'-- Installing: /home/harsh/ros2_project/install/px4_msgs/include/px4_msgs/px4_msgs/msg/detail/follow_target_estimator__type_support.c\n'}
[1.970247] (px4_msgs) StdoutLine: {'line': b'-- Up-to-date: /home/harsh/ros2_project/install/px4_msgs/include/px4_msgs/px4_msgs/msg/detail/orbit_status__functions.c\n'}
[1.970305] (px4_msgs) StdoutLine: {'line': b'-- Installing: /home/harsh/ros2_project/install/px4_msgs/include/px4_msgs/px4_msgs/msg/detail/sensor_selection__type_support.c\n'}
[1.970409] (px4_msgs) StdoutLine: {'line': b'-- Up-to-date: /home/harsh/ros2_project/install/px4_msgs/include/px4_msgs/px4_msgs/msg/detail/camera_trigger__type_support.h\n'}
[1.970480] (px4_msgs) StdoutLine: {'line': b'-- Up-to-date: /home/harsh/ros2_project/install/px4_msgs/include/px4_msgs/px4_msgs/msg/detail/geofence_status__description.c\n'}
[1.970536] (px4_msgs) StdoutLine: {'line': b'-- Up-to-date: /home/harsh/ros2_project/install/px4_msgs/include/px4_msgs/px4_msgs/msg/detail/system_power__struct.h\n'}
[1.970595] (px4_msgs) StdoutLine: {'line': b'-- Up-to-date: /home/harsh/ros2_project/install/px4_msgs/include/px4_msgs/px4_msgs/msg/detail/trajectory_waypoint__functions.c\n'}
[1.970654] (px4_msgs) StdoutLine: {'line': b'-- Up-to-date: /home/harsh/ros2_project/install/px4_msgs/include/px4_msgs/px4_msgs/msg/detail/gimbal_controls__functions.c\n'}
[1.970711] (px4_msgs) StdoutLine: {'line': b'-- Up-to-date: /home/harsh/ros2_project/install/px4_msgs/include/px4_msgs/px4_msgs/msg/detail/goto_setpoint__functions.h\n'}
[1.970788] (px4_msgs) StdoutLine: {'line': b'-- Up-to-date: /home/harsh/ros2_project/install/px4_msgs/include/px4_msgs/px4_msgs/msg/detail/esc_report__struct.h\n'}
[1.970848] (px4_msgs) StdoutLine: {'line': b'-- Up-to-date: /home/harsh/ros2_project/install/px4_msgs/include/px4_msgs/px4_msgs/msg/detail/failure_detector_status__functions.h\n'}
[1.970908] (px4_msgs) StdoutLine: {'line': b'-- Up-to-date: /home/harsh/ros2_project/install/px4_msgs/include/px4_msgs/px4_msgs/msg/detail/rtl_time_estimate__description.c\n'}
[1.970965] (px4_msgs) StdoutLine: {'line': b'-- Installing: /home/harsh/ros2_project/install/px4_msgs/include/px4_msgs/px4_msgs/msg/detail/sensor_gyro_fft__type_support.c\n'}
[1.971033] (px4_msgs) StdoutLine: {'line': b'-- Installing: /home/harsh/ros2_project/install/px4_msgs/include/px4_msgs/px4_msgs/msg/detail/vehicle_global_position__type_support.c\n'}
[1.971092] (px4_msgs) StdoutLine: {'line': b'-- Up-to-date: /home/harsh/ros2_project/install/px4_msgs/include/px4_msgs/px4_msgs/msg/detail/mavlink_tunnel__functions.c\n'}
[1.971156] (px4_msgs) StdoutLine: {'line': b'-- Up-to-date: /home/harsh/ros2_project/install/px4_msgs/include/px4_msgs/px4_msgs/msg/detail/task_stack_info__functions.h\n'}
[1.971213] (px4_msgs) StdoutLine: {'line': b'-- Up-to-date: /home/harsh/ros2_project/install/px4_msgs/include/px4_msgs/px4_msgs/msg/detail/parameter_update__type_support.h\n'}
[1.971271] (px4_msgs) StdoutLine: {'line': b'-- Up-to-date: /home/harsh/ros2_project/install/px4_msgs/include/px4_msgs/px4_msgs/msg/detail/message_format_response__functions.c\n'}
[1.971331] (px4_msgs) StdoutLine: {'line': b'-- Up-to-date: /home/harsh/ros2_project/install/px4_msgs/include/px4_msgs/px4_msgs/msg/detail/qshell_req__type_support.h\n'}
[1.971390] (px4_msgs) StdoutLine: {'line': b'-- Up-to-date: /home/harsh/ros2_project/install/px4_msgs/include/px4_msgs/px4_msgs/msg/detail/estimator_bias__struct.h\n'}
[1.971449] (px4_msgs) StdoutLine: {'line': b'-- Up-to-date: /home/harsh/ros2_project/install/px4_msgs/include/px4_msgs/px4_msgs/msg/detail/vehicle_air_data__description.c\n'}
[1.971508] (px4_msgs) StdoutLine: {'line': b'-- Installing: /home/harsh/ros2_project/install/px4_msgs/include/px4_msgs/px4_msgs/msg/detail/power_button_state__type_support.c\n'}
[1.971564] (px4_msgs) StdoutLine: {'line': b'-- Installing: /home/harsh/ros2_project/install/px4_msgs/include/px4_msgs/px4_msgs/msg/detail/parameter_update__type_support.c\n'}
[1.971621] (px4_msgs) StdoutLine: {'line': b'-- Up-to-date: /home/harsh/ros2_project/install/px4_msgs/include/px4_msgs/px4_msgs/msg/detail/actuator_outputs__struct.h\n'}
[1.971679] (px4_msgs) StdoutLine: {'line': b'-- Up-to-date: /home/harsh/ros2_project/install/px4_msgs/include/px4_msgs/px4_msgs/msg/detail/sensor_gyro_fifo__type_support.h\n'}
[1.971736] (px4_msgs) StdoutLine: {'line': b'-- Up-to-date: /home/harsh/ros2_project/install/px4_msgs/include/px4_msgs/px4_msgs/msg/detail/uavcan_parameter_request__struct.h\n'}
[1.971793] (px4_msgs) StdoutLine: {'line': b'-- Up-to-date: /home/harsh/ros2_project/install/px4_msgs/include/px4_msgs/px4_msgs/msg/detail/normalized_unsigned_setpoint__type_support.h\n'}
[1.971850] (px4_msgs) StdoutLine: {'line': b'-- Up-to-date: /home/harsh/ros2_project/install/px4_msgs/include/px4_msgs/px4_msgs/msg/detail/esc_status__functions.h\n'}
[1.971906] (px4_msgs) StdoutLine: {'line': b'-- Up-to-date: /home/harsh/ros2_project/install/px4_msgs/include/px4_msgs/px4_msgs/msg/detail/trajectory_setpoint__functions.h\n'}
[1.971962] (px4_msgs) StdoutLine: {'line': b'-- Installing: /home/harsh/ros2_project/install/px4_msgs/include/px4_msgs/px4_msgs/msg/detail/estimator_event_flags__type_support.c\n'}
[1.972028] (px4_msgs) StdoutLine: {'line': b'-- Up-to-date: /home/harsh/ros2_project/install/px4_msgs/include/px4_msgs/px4_msgs/msg/detail/parameter_reset_request__type_support.h\n'}
[1.972086] (px4_msgs) StdoutLine: {'line': b'-- Up-to-date: /home/harsh/ros2_project/install/px4_msgs/include/px4_msgs/px4_msgs/msg/detail/estimator_event_flags__functions.c\n'}
[1.972185] (px4_msgs) StdoutLine: {'line': b'-- Up-to-date: /home/harsh/ros2_project/install/px4_msgs/include/px4_msgs/px4_msgs/msg/detail/rtl_status__struct.h\n'}
[1.972256] (px4_msgs) StdoutLine: {'line': b'-- Up-to-date: /home/harsh/ros2_project/install/px4_msgs/include/px4_msgs/px4_msgs/msg/detail/position_setpoint_triplet__type_support.h\n'}
[1.972335] (px4_msgs) StdoutLine: {'line': b'-- Up-to-date: /home/harsh/ros2_project/install/px4_msgs/include/px4_msgs/px4_msgs/msg/detail/register_ext_component_request__struct.h\n'}
[1.972417] (px4_msgs) StdoutLine: {'line': b'-- Up-to-date: /home/harsh/ros2_project/install/px4_msgs/include/px4_msgs/px4_msgs/msg/detail/generator_status__type_support.h\n'}
[1.972519] (px4_msgs) StdoutLine: {'line': b'-- Installing: /home/harsh/ros2_project/install/px4_msgs/include/px4_msgs/px4_msgs/msg/detail/estimator_aid_source1d__type_support.c\n'}
[1.972574] (px4_msgs) StdoutLine: {'line': b'-- Up-to-date: /home/harsh/ros2_project/install/px4_msgs/include/px4_msgs/px4_msgs/msg/detail/position_setpoint_triplet__description.c\n'}
[1.972627] (px4_msgs) StdoutLine: {'line': b'-- Up-to-date: /home/harsh/ros2_project/install/px4_msgs/include/px4_msgs/px4_msgs/msg/detail/sensor_gps__functions.h\n'}
[1.972682] (px4_msgs) StdoutLine: {'line': b'-- Up-to-date: /home/harsh/ros2_project/install/px4_msgs/include/px4_msgs/px4_msgs/msg/detail/follow_target_status__functions.h\n'}
[1.972740] (px4_msgs) StdoutLine: {'line': b'-- Installing: /home/harsh/ros2_project/install/px4_msgs/include/px4_msgs/px4_msgs/msg/detail/offboard_control_mode__type_support.c\n'}
[1.972798] (px4_msgs) StdoutLine: {'line': b'-- Up-to-date: /home/harsh/ros2_project/install/px4_msgs/include/px4_msgs/px4_msgs/msg/detail/estimator_status_flags__struct.h\n'}
[1.972855] (px4_msgs) StdoutLine: {'line': b'-- Installing: /home/harsh/ros2_project/install/px4_msgs/include/px4_msgs/px4_msgs/msg/detail/gpio_in__type_support.c\n'}
[1.972914] (px4_msgs) StdoutLine: {'line': b'-- Up-to-date: /home/harsh/ros2_project/install/px4_msgs/include/px4_msgs/px4_msgs/msg/detail/vehicle_imu_status__struct.h\n'}
[1.972976] (px4_msgs) StdoutLine: {'line': b'-- Installing: /home/harsh/ros2_project/install/px4_msgs/include/px4_msgs/px4_msgs/msg/detail/event__type_support.c\n'}
[1.973081] (px4_msgs) StdoutLine: {'line': b'-- Up-to-date: /home/harsh/ros2_project/install/px4_msgs/include/px4_msgs/px4_msgs/msg/detail/landing_gear__description.c\n'}
[1.973141] (px4_msgs) StdoutLine: {'line': b'-- Up-to-date: /home/harsh/ros2_project/install/px4_msgs/include/px4_msgs/px4_msgs/msg/detail/internal_combustion_engine_status__functions.c\n'}
[1.973197] (px4_msgs) StdoutLine: {'line': b'-- Up-to-date: /home/harsh/ros2_project/install/px4_msgs/include/px4_msgs/px4_msgs/msg/detail/sensor_hygrometer__functions.h\n'}
[1.973257] (px4_msgs) StdoutLine: {'line': b'-- Installing: /home/harsh/ros2_project/install/px4_msgs/include/px4_msgs/px4_msgs/msg/detail/vehicle_land_detected__type_support.c\n'}
[1.973315] (px4_msgs) StdoutLine: {'line': b'-- Up-to-date: /home/harsh/ros2_project/install/px4_msgs/include/px4_msgs/px4_msgs/msg/detail/uavcan_parameter_value__functions.h\n'}
[1.973373] (px4_msgs) StdoutLine: {'line': b'-- Up-to-date: /home/harsh/ros2_project/install/px4_msgs/include/px4_msgs/px4_msgs/msg/detail/internal_combustion_engine_status__struct.h\n'}
[1.973432] (px4_msgs) StdoutLine: {'line': b'-- Up-to-date: /home/harsh/ros2_project/install/px4_msgs/include/px4_msgs/px4_msgs/msg/detail/vehicle_local_position__functions.h\n'}
[1.973488] (px4_msgs) StdoutLine: {'line': b'-- Up-to-date: /home/harsh/ros2_project/install/px4_msgs/include/px4_msgs/px4_msgs/msg/detail/task_stack_info__description.c\n'}
[1.973545] (px4_msgs) StdoutLine: {'line': b'-- Up-to-date: /home/harsh/ros2_project/install/px4_msgs/include/px4_msgs/px4_msgs/msg/detail/buffer128__struct.h\n'}
[1.973603] (px4_msgs) StdoutLine: {'line': b'-- Up-to-date: /home/harsh/ros2_project/install/px4_msgs/include/px4_msgs/px4_msgs/msg/detail/task_stack_info__struct.h\n'}
[1.973660] (px4_msgs) StdoutLine: {'line': b'-- Up-to-date: /home/harsh/ros2_project/install/px4_msgs/include/px4_msgs/px4_msgs/msg/detail/rtl_status__type_support.h\n'}
[1.973745] (px4_msgs) StdoutLine: {'line': b'-- Up-to-date: /home/harsh/ros2_project/install/px4_msgs/include/px4_msgs/px4_msgs/msg/detail/estimator_states__type_support.h\n'}
[1.973801] (px4_msgs) StdoutLine: {'line': b'-- Up-to-date: /home/harsh/ros2_project/install/px4_msgs/include/px4_msgs/px4_msgs/msg/detail/gimbal_manager_status__type_support.h\n'}
[1.973858] (px4_msgs) StdoutLine: {'line': b'-- Up-to-date: /home/harsh/ros2_project/install/px4_msgs/include/px4_msgs/px4_msgs/msg/detail/pwm_input__struct.h\n'}
[1.973914] (px4_msgs) StdoutLine: {'line': b'-- Up-to-date: /home/harsh/ros2_project/install/px4_msgs/include/px4_msgs/px4_msgs/msg/detail/vehicle_optical_flow__description.c\n'}
[1.973972] (px4_msgs) StdoutLine: {'line': b'-- Up-to-date: /home/harsh/ros2_project/install/px4_msgs/include/px4_msgs/px4_msgs/msg/detail/estimator_aid_source3d__functions.c\n'}
[1.974047] (px4_msgs) StdoutLine: {'line': b'-- Up-to-date: /home/harsh/ros2_project/install/px4_msgs/include/px4_msgs/px4_msgs/msg/detail/vehicle_control_mode__functions.c\n'}
[1.974104] (px4_msgs) StdoutLine: {'line': b'-- Installing: /home/harsh/ros2_project/install/px4_msgs/include/px4_msgs/px4_msgs/msg/detail/sensor_combined__type_support.c\n'}
[1.974160] (px4_msgs) StdoutLine: {'line': b'-- Up-to-date: /home/harsh/ros2_project/install/px4_msgs/include/px4_msgs/px4_msgs/msg/detail/gimbal_manager_set_attitude__functions.h\n'}
[1.974216] (px4_msgs) StdoutLine: {'line': b'-- Up-to-date: /home/harsh/ros2_project/install/px4_msgs/include/px4_msgs/px4_msgs/msg/detail/mode_completed__functions.h\n'}
[1.974271] (px4_msgs) StdoutLine: {'line': b'-- Installing: /home/harsh/ros2_project/install/px4_msgs/include/px4_msgs/px4_msgs/msg/detail/failsafe_flags__type_support.c\n'}
[1.974337] (px4_msgs) StdoutLine: {'line': b'-- Installing: /home/harsh/ros2_project/install/px4_msgs/include/px4_msgs/px4_msgs/msg/detail/camera_status__type_support.c\n'}
[1.974403] (px4_msgs) StdoutLine: {'line': b'-- Up-to-date: /home/harsh/ros2_project/install/px4_msgs/include/px4_msgs/px4_msgs/msg/detail/ping__type_support.h\n'}
[1.974505] (px4_msgs) StdoutLine: {'line': b'-- Up-to-date: /home/harsh/ros2_project/install/px4_msgs/include/px4_msgs/px4_msgs/msg/detail/register_ext_component_reply__functions.h\n'}
[1.974568] (px4_msgs) StdoutLine: {'line': b'-- Up-to-date: /home/harsh/ros2_project/install/px4_msgs/include/px4_msgs/px4_msgs/msg/detail/sensor_selection__functions.h\n'}
[1.974632] (px4_msgs) StdoutLine: {'line': b'-- Up-to-date: /home/harsh/ros2_project/install/px4_msgs/include/px4_msgs/px4_msgs/msg/detail/differential_drive_setpoint__functions.c\n'}
[1.974695] (px4_msgs) StdoutLine: {'line': b'-- Installing: /home/harsh/ros2_project/install/px4_msgs/include/px4_msgs/px4_msgs/msg/detail/actuator_controls_status__type_support.c\n'}
[1.974760] (px4_msgs) StdoutLine: {'line': b'-- Up-to-date: /home/harsh/ros2_project/install/px4_msgs/include/px4_msgs/px4_msgs/msg/detail/onboard_computer_status__type_support.h\n'}
[1.974820] (px4_msgs) StdoutLine: {'line': b'-- Installing: /home/harsh/ros2_project/install/px4_msgs/include/px4_msgs/px4_msgs/msg/detail/vehicle_local_position_setpoint__type_support.c\n'}
[1.974877] (px4_msgs) StdoutLine: {'line': b'-- Up-to-date: /home/harsh/ros2_project/install/px4_msgs/include/px4_msgs/px4_msgs/msg/detail/hover_thrust_estimate__struct.h\n'}
[1.974936] (px4_msgs) StdoutLine: {'line': b'-- Installing: /home/harsh/ros2_project/install/px4_msgs/include/px4_msgs/px4_msgs/msg/detail/tecs_status__type_support.c\n'}
[1.975007] (px4_msgs) StdoutLine: {'line': b'-- Up-to-date: /home/harsh/ros2_project/install/px4_msgs/include/px4_msgs/px4_msgs/msg/detail/sensor_gnss_relative__description.c\n'}
[1.975068] (px4_msgs) StdoutLine: {'line': b'-- Up-to-date: /home/harsh/ros2_project/install/px4_msgs/include/px4_msgs/px4_msgs/msg/detail/sensor_optical_flow__description.c\n'}
[1.975125] (px4_msgs) StdoutLine: {'line': b'-- Up-to-date: /home/harsh/ros2_project/install/px4_msgs/include/px4_msgs/px4_msgs/msg/detail/vehicle_angular_acceleration_setpoint__description.c\n'}
[1.975219] (px4_msgs) StdoutLine: {'line': b'-- Up-to-date: /home/harsh/ros2_project/install/px4_msgs/include/px4_msgs/px4_msgs/msg/detail/vehicle_acceleration__functions.h\n'}
[1.975278] (px4_msgs) StdoutLine: {'line': b'-- Up-to-date: /home/harsh/ros2_project/install/px4_msgs/include/px4_msgs/px4_msgs/msg/detail/orbit_status__type_support.h\n'}
[1.975351] (px4_msgs) StdoutLine: {'line': b'-- Up-to-date: /home/harsh/ros2_project/install/px4_msgs/include/px4_msgs/px4_msgs/msg/detail/mission__type_support.h\n'}
[1.975412] (px4_msgs) StdoutLine: {'line': b'-- Up-to-date: /home/harsh/ros2_project/install/px4_msgs/include/px4_msgs/px4_msgs/msg/detail/px4io_status__functions.c\n'}
[1.975468] (px4_msgs) StdoutLine: {'line': b'-- Up-to-date: /home/harsh/ros2_project/install/px4_msgs/include/px4_msgs/px4_msgs/msg/detail/airspeed_validated__description.c\n'}
[1.975527] (px4_msgs) StdoutLine: {'line': b'-- Up-to-date: /home/harsh/ros2_project/install/px4_msgs/include/px4_msgs/px4_msgs/msg/detail/takeoff_status__functions.c\n'}
[1.975584] (px4_msgs) StdoutLine: {'line': b'-- Up-to-date: /home/harsh/ros2_project/install/px4_msgs/include/px4_msgs/px4_msgs/msg/detail/gimbal_device_information__type_support.h\n'}
[1.975640] (px4_msgs) StdoutLine: {'line': b'-- Up-to-date: /home/harsh/ros2_project/install/px4_msgs/include/px4_msgs/px4_msgs/msg/detail/actuator_servos__type_support.h\n'}
[1.975697] (px4_msgs) StdoutLine: {'line': b'-- Up-to-date: /home/harsh/ros2_project/install/px4_msgs/include/px4_msgs/px4_msgs/msg/detail/parameter_set_value_request__type_support.h\n'}
[1.975754] (px4_msgs) StdoutLine: {'line': b'-- Installing: /home/harsh/ros2_project/install/px4_msgs/include/px4_msgs/px4_msgs/msg/detail/velocity_limits__type_support.c\n'}
[1.975809] (px4_msgs) StdoutLine: {'line': b'-- Up-to-date: /home/harsh/ros2_project/install/px4_msgs/include/px4_msgs/px4_msgs/msg/detail/orb_test_medium__struct.h\n'}
[1.975866] (px4_msgs) StdoutLine: {'line': b'-- Up-to-date: /home/harsh/ros2_project/install/px4_msgs/include/px4_msgs/px4_msgs/msg/detail/cellular_status__struct.h\n'}
[1.975922] (px4_msgs) StdoutLine: {'line': b'-- Up-to-date: /home/harsh/ros2_project/install/px4_msgs/include/px4_msgs/px4_msgs/msg/detail/camera_trigger__description.c\n'}
[1.975977] (px4_msgs) StdoutLine: {'line': b'-- Up-to-date: /home/harsh/ros2_project/install/px4_msgs/include/px4_msgs/px4_msgs/msg/detail/vehicle_torque_setpoint__struct.h\n'}
[1.976048] (px4_msgs) StdoutLine: {'line': b'-- Up-to-date: /home/harsh/ros2_project/install/px4_msgs/include/px4_msgs/px4_msgs/msg/detail/position_controller_status__functions.c\n'}
[1.976105] (px4_msgs) StdoutLine: {'line': b'-- Installing: /home/harsh/ros2_project/install/px4_msgs/include/px4_msgs/px4_msgs/msg/detail/vehicle_angular_velocity__type_support.c\n'}
[1.976162] (px4_msgs) StdoutLine: {'line': b'-- Installing: /home/harsh/ros2_project/install/px4_msgs/include/px4_msgs/px4_msgs/msg/detail/debug_key_value__type_support.c\n'}
[1.976218] (px4_msgs) StdoutLine: {'line': b'-- Up-to-date: /home/harsh/ros2_project/install/px4_msgs/include/px4_msgs/px4_msgs/msg/detail/collision_constraints__functions.h\n'}
[1.976273] (px4_msgs) StdoutLine: {'line': b'-- Up-to-date: /home/harsh/ros2_project/install/px4_msgs/include/px4_msgs/px4_msgs/msg/detail/mavlink_log__functions.c\n'}
[1.976330] (px4_msgs) StdoutLine: {'line': b'-- Up-to-date: /home/harsh/ros2_project/install/px4_msgs/include/px4_msgs/px4_msgs/msg/detail/parameter_set_value_request__struct.h\n'}
[1.976384] (px4_msgs) StdoutLine: {'line': b'-- Up-to-date: /home/harsh/ros2_project/install/px4_msgs/include/px4_msgs/px4_msgs/msg/detail/vehicle_torque_setpoint__type_support.h\n'}
[1.976460] (px4_msgs) StdoutLine: {'line': b'-- Up-to-date: /home/harsh/ros2_project/install/px4_msgs/include/px4_msgs/px4_msgs/msg/detail/sensor_gyro_fft__functions.h\n'}
[1.976521] (px4_msgs) StdoutLine: {'line': b'-- Up-to-date: /home/harsh/ros2_project/install/px4_msgs/include/px4_msgs/px4_msgs/msg/detail/actuator_test__functions.c\n'}
[1.976638] (px4_msgs) StdoutLine: {'line': b'-- Up-to-date: /home/harsh/ros2_project/install/px4_msgs/include/px4_msgs/px4_msgs/msg/detail/gpio_config__functions.h\n'}
[1.976693] (px4_msgs) StdoutLine: {'line': b'-- Up-to-date: /home/harsh/ros2_project/install/px4_msgs/include/px4_msgs/px4_msgs/msg/detail/airspeed__struct.h\n'}
[1.976746] (px4_msgs) StdoutLine: {'line': b'-- Up-to-date: /home/harsh/ros2_project/install/px4_msgs/include/px4_msgs/px4_msgs/msg/detail/logger_status__type_support.h\n'}
[1.976800] (px4_msgs) StdoutLine: {'line': b'-- Up-to-date: /home/harsh/ros2_project/install/px4_msgs/include/px4_msgs/px4_msgs/msg/detail/uavcan_parameter_value__functions.c\n'}
[1.976874] (px4_msgs) StdoutLine: {'line': b'-- Up-to-date: /home/harsh/ros2_project/install/px4_msgs/include/px4_msgs/px4_msgs/msg/detail/actuator_test__description.c\n'}
[1.976929] (px4_msgs) StdoutLine: {'line': b'-- Up-to-date: /home/harsh/ros2_project/install/px4_msgs/include/px4_msgs/px4_msgs/msg/detail/gimbal_controls__type_support.h\n'}
[1.976991] (px4_msgs) StdoutLine: {'line': b'-- Installing: /home/harsh/ros2_project/install/px4_msgs/include/px4_msgs/px4_msgs/msg/detail/gpio_config__type_support.c\n'}
[1.977051] (px4_msgs) StdoutLine: {'line': b'-- Up-to-date: /home/harsh/ros2_project/install/px4_msgs/include/px4_msgs/px4_msgs/msg/detail/debug_value__struct.h\n'}
[1.977108] (px4_msgs) StdoutLine: {'line': b'-- Up-to-date: /home/harsh/ros2_project/install/px4_msgs/include/px4_msgs/px4_msgs/msg/detail/autotune_attitude_control_status__functions.c\n'}
[1.977166] (px4_msgs) StdoutLine: {'line': b'-- Up-to-date: /home/harsh/ros2_project/install/px4_msgs/include/px4_msgs/px4_msgs/msg/detail/camera_capture__functions.h\n'}
[1.977222] (px4_msgs) StdoutLine: {'line': b'-- Up-to-date: /home/harsh/ros2_project/install/px4_msgs/include/px4_msgs/px4_msgs/msg/detail/vehicle_local_position__functions.c\n'}
[1.977278] (px4_msgs) StdoutLine: {'line': b'-- Up-to-date: /home/harsh/ros2_project/install/px4_msgs/include/px4_msgs/px4_msgs/msg/detail/vehicle_air_data__functions.h\n'}
[1.977335] (px4_msgs) StdoutLine: {'line': b'-- Up-to-date: /home/harsh/ros2_project/install/px4_msgs/include/px4_msgs/px4_msgs/msg/detail/vehicle_global_position__functions.h\n'}
[1.977392] (px4_msgs) StdoutLine: {'line': b'-- Up-to-date: /home/harsh/ros2_project/install/px4_msgs/include/px4_msgs/px4_msgs/msg/detail/gps_inject_data__description.c\n'}
[1.977450] (px4_msgs) StdoutLine: {'line': b'-- Up-to-date: /home/harsh/ros2_project/install/px4_msgs/include/px4_msgs/px4_msgs/msg/detail/estimator_bias3d__functions.h\n'}
[1.977507] (px4_msgs) StdoutLine: {'line': b'-- Up-to-date: /home/harsh/ros2_project/install/px4_msgs/include/px4_msgs/px4_msgs/msg/detail/landing_target_pose__description.c\n'}
[1.977564] (px4_msgs) StdoutLine: {'line': b'-- Up-to-date: /home/harsh/ros2_project/install/px4_msgs/include/px4_msgs/px4_msgs/msg/detail/pwm_input__type_support.h\n'}
[1.977620] (px4_msgs) StdoutLine: {'line': b'-- Up-to-date: /home/harsh/ros2_project/install/px4_msgs/include/px4_msgs/px4_msgs/msg/detail/vehicle_global_position__type_support.h\n'}
[1.977679] (px4_msgs) StdoutLine: {'line': b'-- Installing: /home/harsh/ros2_project/install/px4_msgs/include/px4_msgs/px4_msgs/msg/detail/debug_array__type_support.c\n'}
[1.977744] (px4_msgs) StdoutLine: {'line': b'-- Up-to-date: /home/harsh/ros2_project/install/px4_msgs/include/px4_msgs/px4_msgs/msg/detail/actuator_motors__functions.c\n'}
[1.977803] (px4_msgs) StdoutLine: {'line': b'-- Up-to-date: /home/harsh/ros2_project/install/px4_msgs/include/px4_msgs/px4_msgs/msg/detail/manual_control_setpoint__functions.c\n'}
[1.977859] (px4_msgs) StdoutLine: {'line': b'-- Up-to-date: /home/harsh/ros2_project/install/px4_msgs/include/px4_msgs/px4_msgs/msg/detail/differential_drive_setpoint__type_support.h\n'}
[1.977916] (px4_msgs) StdoutLine: {'line': b'-- Up-to-date: /home/harsh/ros2_project/install/px4_msgs/include/px4_msgs/px4_msgs/msg/detail/transponder_report__functions.h\n'}
[1.977975] (px4_msgs) StdoutLine: {'line': b'-- Installing: /home/harsh/ros2_project/install/px4_msgs/include/px4_msgs/px4_msgs/msg/detail/input_rc__type_support.c\n'}
[1.978047] (px4_msgs) StdoutLine: {'line': b'-- Installing: /home/harsh/ros2_project/install/px4_msgs/include/px4_msgs/px4_msgs/msg/detail/radio_status__type_support.c\n'}
[1.978105] (px4_msgs) StdoutLine: {'line': b'-- Up-to-date: /home/harsh/ros2_project/install/px4_msgs/include/px4_msgs/px4_msgs/msg/detail/collision_constraints__type_support.h\n'}
[1.978162] (px4_msgs) StdoutLine: {'line': b'-- Up-to-date: /home/harsh/ros2_project/install/px4_msgs/include/px4_msgs/px4_msgs/msg/detail/orb_test__struct.h\n'}
[1.978219] (px4_msgs) StdoutLine: {'line': b'-- Installing: /home/harsh/ros2_project/install/px4_msgs/include/px4_msgs/px4_msgs/msg/detail/figure_eight_status__type_support.c\n'}
[1.978277] (px4_msgs) StdoutLine: {'line': b'-- Up-to-date: /home/harsh/ros2_project/install/px4_msgs/include/px4_msgs/px4_msgs/msg/detail/yaw_estimator_status__description.c\n'}
[1.978335] (px4_msgs) StdoutLine: {'line': b'-- Up-to-date: /home/harsh/ros2_project/install/px4_msgs/include/px4_msgs/px4_msgs/msg/detail/pps_capture__description.c\n'}
[1.978390] (px4_msgs) StdoutLine: {'line': b'-- Up-to-date: /home/harsh/ros2_project/install/px4_msgs/include/px4_msgs/px4_msgs/msg/detail/parameter_set_used_request__type_support.h\n'}
[1.978472] (px4_msgs) StdoutLine: {'line': b'-- Up-to-date: /home/harsh/ros2_project/install/px4_msgs/include/px4_msgs/px4_msgs/msg/detail/gimbal_device_information__functions.c\n'}
[1.978530] (px4_msgs) StdoutLine: {'line': b'-- Up-to-date: /home/harsh/ros2_project/install/px4_msgs/include/px4_msgs/px4_msgs/msg/detail/follow_target_status__struct.h\n'}
[1.978589] (px4_msgs) StdoutLine: {'line': b'-- Up-to-date: /home/harsh/ros2_project/install/px4_msgs/include/px4_msgs/px4_msgs/msg/detail/estimator_gps_status__description.c\n'}
[1.978710] (px4_msgs) StdoutLine: {'line': b'-- Up-to-date: /home/harsh/ros2_project/install/px4_msgs/include/px4_msgs/px4_msgs/msg/detail/trajectory_setpoint__type_support.h\n'}
[1.978772] (px4_msgs) StdoutLine: {'line': b'-- Up-to-date: /home/harsh/ros2_project/install/px4_msgs/include/px4_msgs/px4_msgs/msg/detail/rpm__functions.c\n'}
[1.978829] (px4_msgs) StdoutLine: {'line': b'-- Up-to-date: /home/harsh/ros2_project/install/px4_msgs/include/px4_msgs/px4_msgs/msg/detail/generator_status__functions.c\n'}
[1.978887] (px4_msgs) StdoutLine: {'line': b'-- Up-to-date: /home/harsh/ros2_project/install/px4_msgs/include/px4_msgs/px4_msgs/msg/detail/vehicle_optical_flow__functions.h\n'}
[1.978944] (px4_msgs) StdoutLine: {'line': b'-- Up-to-date: /home/harsh/ros2_project/install/px4_msgs/include/px4_msgs/px4_msgs/msg/detail/heater_status__struct.h\n'}
[1.979012] (px4_msgs) StdoutLine: {'line': b'-- Up-to-date: /home/harsh/ros2_project/install/px4_msgs/include/px4_msgs/px4_msgs/msg/detail/action_request__functions.c\n'}
[1.979073] (px4_msgs) StdoutLine: {'line': b'-- Up-to-date: /home/harsh/ros2_project/install/px4_msgs/include/px4_msgs/px4_msgs/msg/detail/geofence_status__type_support.h\n'}
[1.979131] (px4_msgs) StdoutLine: {'line': b'-- Installing: /home/harsh/ros2_project/install/px4_msgs/include/px4_msgs/px4_msgs/msg/detail/follow_target_status__type_support.c\n'}
[1.979188] (px4_msgs) StdoutLine: {'line': b'-- Up-to-date: /home/harsh/ros2_project/install/px4_msgs/include/px4_msgs/px4_msgs/msg/detail/debug_key_value__functions.c\n'}
[1.979244] (px4_msgs) StdoutLine: {'line': b'-- Installing: /home/harsh/ros2_project/install/px4_msgs/include/px4_msgs/px4_msgs/msg/detail/vehicle_air_data__type_support.c\n'}
[1.979301] (px4_msgs) StdoutLine: {'line': b'-- Installing: /home/harsh/ros2_project/install/px4_msgs/include/px4_msgs/px4_msgs/msg/detail/hover_thrust_estimate__type_support.c\n'}
[1.979360] (px4_msgs) StdoutLine: {'line': b'-- Up-to-date: /home/harsh/ros2_project/install/px4_msgs/include/px4_msgs/px4_msgs/msg/detail/cpuload__functions.c\n'}
[1.979471] (px4_msgs) StdoutLine: {'line': b'-- Up-to-date: /home/harsh/ros2_project/install/px4_msgs/include/px4_msgs/px4_msgs/msg/detail/message_format_request__struct.h\n'}
[1.979577] (px4_msgs) StdoutLine: {'line': b'-- Up-to-date: /home/harsh/ros2_project/install/px4_msgs/include/px4_msgs/px4_msgs/msg/detail/led_control__description.c\n'}
[1.979632] (px4_msgs) StdoutLine: {'line': b'-- Up-to-date: /home/harsh/ros2_project/install/px4_msgs/include/px4_msgs/px4_msgs/msg/detail/sensor_selection__functions.c\n'}
[1.979690] (px4_msgs) StdoutLine: {'line': b'-- Up-to-date: /home/harsh/ros2_project/install/px4_msgs/include/px4_msgs/px4_msgs/msg/detail/position_controller_landing_status__functions.h\n'}
[1.979750] (px4_msgs) StdoutLine: {'line': b'-- Up-to-date: /home/harsh/ros2_project/install/px4_msgs/include/px4_msgs/px4_msgs/msg/detail/event__type_support.h\n'}
[1.979810] (px4_msgs) StdoutLine: {'line': b'-- Installing: /home/harsh/ros2_project/install/px4_msgs/include/px4_msgs/px4_msgs/msg/detail/esc_report__type_support.c\n'}
[1.979869] (px4_msgs) StdoutLine: {'line': b'-- Up-to-date: /home/harsh/ros2_project/install/px4_msgs/include/px4_msgs/px4_msgs/msg/detail/position_setpoint__description.c\n'}
[1.979926] (px4_msgs) StdoutLine: {'line': b'-- Up-to-date: /home/harsh/ros2_project/install/px4_msgs/include/px4_msgs/px4_msgs/msg/detail/gimbal_device_set_attitude__functions.c\n'}
[1.979990] (px4_msgs) StdoutLine: {'line': b'-- Up-to-date: /home/harsh/ros2_project/install/px4_msgs/include/px4_msgs/px4_msgs/msg/detail/arming_check_request__description.c\n'}
[1.980054] (px4_msgs) StdoutLine: {'line': b'-- Up-to-date: /home/harsh/ros2_project/install/px4_msgs/include/px4_msgs/px4_msgs/msg/detail/sensor_gyro__type_support.h\n'}
[1.980111] (px4_msgs) StdoutLine: {'line': b'-- Up-to-date: /home/harsh/ros2_project/install/px4_msgs/include/px4_msgs/px4_msgs/msg/detail/vehicle_control_mode__functions.h\n'}
[1.980168] (px4_msgs) StdoutLine: {'line': b'-- Up-to-date: /home/harsh/ros2_project/install/px4_msgs/include/px4_msgs/px4_msgs/msg/detail/sensor_gnss_relative__struct.h\n'}
[1.980225] (px4_msgs) StdoutLine: {'line': b'-- Up-to-date: /home/harsh/ros2_project/install/px4_msgs/include/px4_msgs/px4_msgs/msg/detail/launch_detection_status__functions.h\n'}
[1.980283] (px4_msgs) StdoutLine: {'line': b'-- Up-to-date: /home/harsh/ros2_project/install/px4_msgs/include/px4_msgs/px4_msgs/msg/detail/sensor_accel__struct.h\n'}
[1.980342] (px4_msgs) StdoutLine: {'line': b'-- Up-to-date: /home/harsh/ros2_project/install/px4_msgs/include/px4_msgs/px4_msgs/msg/detail/parameter_update__functions.h\n'}
[1.980398] (px4_msgs) StdoutLine: {'line': b'-- Installing: /home/harsh/ros2_project/install/px4_msgs/include/px4_msgs/px4_msgs/msg/detail/failure_detector_status__type_support.c\n'}
[1.980456] (px4_msgs) StdoutLine: {'line': b'-- Installing: /home/harsh/ros2_project/install/px4_msgs/include/px4_msgs/px4_msgs/msg/detail/actuator_outputs__type_support.c\n'}
[1.980540] (px4_msgs) StdoutLine: {'line': b'-- Up-to-date: /home/harsh/ros2_project/install/px4_msgs/include/px4_msgs/px4_msgs/msg/detail/gpio_request__description.c\n'}
[1.980605] (px4_msgs) StdoutLine: {'line': b'-- Up-to-date: /home/harsh/ros2_project/install/px4_msgs/include/px4_msgs/px4_msgs/msg/detail/mount_orientation__type_support.h\n'}
[1.980663] (px4_msgs) StdoutLine: {'line': b'-- Up-to-date: /home/harsh/ros2_project/install/px4_msgs/include/px4_msgs/px4_msgs/msg/detail/differential_drive_setpoint__description.c\n'}
[1.980722] (px4_msgs) StdoutLine: {'line': b'-- Up-to-date: /home/harsh/ros2_project/install/px4_msgs/include/px4_msgs/px4_msgs/msg/detail/vehicle_land_detected__description.c\n'}
[1.980780] (px4_msgs) StdoutLine: {'line': b'-- Up-to-date: /home/harsh/ros2_project/install/px4_msgs/include/px4_msgs/px4_msgs/msg/detail/actuator_test__struct.h\n'}
[1.980838] (px4_msgs) StdoutLine: {'line': b'-- Up-to-date: /home/harsh/ros2_project/install/px4_msgs/include/px4_msgs/px4_msgs/msg/detail/estimator_selector_status__struct.h\n'}
[1.980895] (px4_msgs) StdoutLine: {'line': b'-- Up-to-date: /home/harsh/ros2_project/install/px4_msgs/include/px4_msgs/px4_msgs/msg/detail/debug_value__type_support.h\n'}
[1.981000] (px4_msgs) StdoutLine: {'line': b'-- Up-to-date: /home/harsh/ros2_project/install/px4_msgs/include/px4_msgs/px4_msgs/msg/detail/estimator_sensor_bias__functions.c\n'}
[1.981059] (px4_msgs) StdoutLine: {'line': b'-- Up-to-date: /home/harsh/ros2_project/install/px4_msgs/include/px4_msgs/px4_msgs/msg/detail/mission__functions.h\n'}
[1.981116] (px4_msgs) StdoutLine: {'line': b'-- Installing: /home/harsh/ros2_project/install/px4_msgs/include/px4_msgs/px4_msgs/msg/detail/actuator_test__type_support.c\n'}
[1.981173] (px4_msgs) StdoutLine: {'line': b'-- Up-to-date: /home/harsh/ros2_project/install/px4_msgs/include/px4_msgs/px4_msgs/msg/detail/sensor_correction__functions.c\n'}
[1.981232] (px4_msgs) StdoutLine: {'line': b'-- Up-to-date: /home/harsh/ros2_project/install/px4_msgs/include/px4_msgs/px4_msgs/msg/detail/onboard_computer_status__description.c\n'}
[1.981293] (px4_msgs) StdoutLine: {'line': b'-- Up-to-date: /home/harsh/ros2_project/install/px4_msgs/include/px4_msgs/px4_msgs/msg/detail/orb_test__description.c\n'}
[1.981349] (px4_msgs) StdoutLine: {'line': b'-- Up-to-date: /home/harsh/ros2_project/install/px4_msgs/include/px4_msgs/px4_msgs/msg/detail/dataman_request__description.c\n'}
[1.981406] (px4_msgs) StdoutLine: {'line': b'-- Up-to-date: /home/harsh/ros2_project/install/px4_msgs/include/px4_msgs/px4_msgs/msg/detail/velocity_limits__struct.h\n'}
[1.981464] (px4_msgs) StdoutLine: {'line': b'-- Up-to-date: /home/harsh/ros2_project/install/px4_msgs/include/px4_msgs/px4_msgs/msg/detail/estimator_status_flags__functions.h\n'}
[1.981518] (px4_msgs) StdoutLine: {'line': b'-- Up-to-date: /home/harsh/ros2_project/install/px4_msgs/include/px4_msgs/px4_msgs/msg/detail/hover_thrust_estimate__functions.c\n'}
[1.981575] (px4_msgs) StdoutLine: {'line': b'-- Installing: /home/harsh/ros2_project/install/px4_msgs/include/px4_msgs/px4_msgs/msg/detail/iridiumsbd_status__type_support.c\n'}
[1.981634] (px4_msgs) StdoutLine: {'line': b'-- Up-to-date: /home/harsh/ros2_project/install/px4_msgs/include/px4_msgs/px4_msgs/msg/detail/gimbal_manager_set_manual_control__description.c\n'}
[1.981693] (px4_msgs) StdoutLine: {'line': b'-- Up-to-date: /home/harsh/ros2_project/install/px4_msgs/include/px4_msgs/px4_msgs/msg/detail/mount_orientation__functions.c\n'}
[1.981749] (px4_msgs) StdoutLine: {'line': b'-- Up-to-date: /home/harsh/ros2_project/install/px4_msgs/include/px4_msgs/px4_msgs/msg/detail/gimbal_controls__functions.h\n'}
[1.981806] (px4_msgs) StdoutLine: {'line': b'-- Up-to-date: /home/harsh/ros2_project/install/px4_msgs/include/px4_msgs/px4_msgs/msg/detail/trajectory_waypoint__struct.h\n'}
[1.981862] (px4_msgs) StdoutLine: {'line': b'-- Up-to-date: /home/harsh/ros2_project/install/px4_msgs/include/px4_msgs/px4_msgs/msg/detail/control_allocator_status__functions.c\n'}
[1.981918] (px4_msgs) StdoutLine: {'line': b'-- Installing: /home/harsh/ros2_project/install/px4_msgs/include/px4_msgs/px4_msgs/msg/detail/normalized_unsigned_setpoint__type_support.c\n'}
[1.981975] (px4_msgs) StdoutLine: {'line': b'-- Up-to-date: /home/harsh/ros2_project/install/px4_msgs/include/px4_msgs/px4_msgs/msg/detail/orbit_status__description.c\n'}
[1.982041] (px4_msgs) StdoutLine: {'line': b'-- Up-to-date: /home/harsh/ros2_project/install/px4_msgs/include/px4_msgs/px4_msgs/msg/detail/goto_setpoint__struct.h\n'}
[1.982097] (px4_msgs) StdoutLine: {'line': b'-- Up-to-date: /home/harsh/ros2_project/install/px4_msgs/include/px4_msgs/px4_msgs/msg/detail/orb_test_medium__functions.h\n'}
[1.982152] (px4_msgs) StdoutLine: {'line': b'-- Up-to-date: /home/harsh/ros2_project/install/px4_msgs/include/px4_msgs/px4_msgs/msg/detail/message_format_request__type_support.h\n'}
[1.982208] (px4_msgs) StdoutLine: {'line': b'-- Up-to-date: /home/harsh/ros2_project/install/px4_msgs/include/px4_msgs/px4_msgs/msg/detail/event__functions.h\n'}
[1.982264] (px4_msgs) StdoutLine: {'line': b'-- Up-to-date: /home/harsh/ros2_project/install/px4_msgs/include/px4_msgs/px4_msgs/msg/detail/mount_orientation__description.c\n'}
[1.982320] (px4_msgs) StdoutLine: {'line': b'-- Up-to-date: /home/harsh/ros2_project/install/px4_msgs/include/px4_msgs/px4_msgs/msg/detail/landing_target_innovations__type_support.h\n'}
[1.982430] (px4_msgs) StdoutLine: {'line': b'-- Installing: /home/harsh/ros2_project/install/px4_msgs/include/px4_msgs/px4_msgs/msg/detail/vehicle_angular_acceleration_setpoint__type_support.c\n'}
[1.982513] (px4_msgs) StdoutLine: {'line': b'-- Up-to-date: /home/harsh/ros2_project/install/px4_msgs/include/px4_msgs/px4_msgs/msg/detail/action_request__functions.h\n'}
[1.982568] (px4_msgs) StdoutLine: {'line': b'-- Installing: /home/harsh/ros2_project/install/px4_msgs/include/px4_msgs/px4_msgs/msg/detail/qshell_req__type_support.c\n'}
[1.982622] (px4_msgs) StdoutLine: {'line': b'-- Up-to-date: /home/harsh/ros2_project/install/px4_msgs/include/px4_msgs/px4_msgs/msg/detail/sensor_correction__struct.h\n'}
[1.982676] (px4_msgs) StdoutLine: {'line': b'-- Up-to-date: /home/harsh/ros2_project/install/px4_msgs/include/px4_msgs/px4_msgs/msg/detail/magnetometer_bias_estimate__functions.c\n'}
[1.982735] (px4_msgs) StdoutLine: {'line': b'-- Up-to-date: /home/harsh/ros2_project/install/px4_msgs/include/px4_msgs/px4_msgs/msg/detail/qshell_retval__functions.h\n'}
[1.982792] (px4_msgs) StdoutLine: {'line': b'-- Installing: /home/harsh/ros2_project/install/px4_msgs/include/px4_msgs/px4_msgs/msg/detail/esc_status__type_support.c\n'}
[1.982848] (px4_msgs) StdoutLine: {'line': b'-- Up-to-date: /home/harsh/ros2_project/install/px4_msgs/include/px4_msgs/px4_msgs/msg/detail/sensor_gyro_fft__functions.c\n'}
[1.982905] (px4_msgs) StdoutLine: {'line': b'-- Up-to-date: /home/harsh/ros2_project/install/px4_msgs/include/px4_msgs/px4_msgs/msg/detail/vehicle_imu__struct.h\n'}
[1.982964] (px4_msgs) StdoutLine: {'line': b'-- Up-to-date: /home/harsh/ros2_project/install/px4_msgs/include/px4_msgs/px4_msgs/msg/detail/message_format_response__functions.h\n'}
[1.983034] (px4_msgs) StdoutLine: {'line': b'-- Up-to-date: /home/harsh/ros2_project/install/px4_msgs/include/px4_msgs/px4_msgs/msg/detail/actuator_controls_status__functions.h\n'}
[1.983096] (px4_msgs) StdoutLine: {'line': b'-- Up-to-date: /home/harsh/ros2_project/install/px4_msgs/include/px4_msgs/px4_msgs/msg/detail/vehicle_odometry__description.c\n'}
[1.983154] (px4_msgs) StdoutLine: {'line': b'-- Up-to-date: /home/harsh/ros2_project/install/px4_msgs/include/px4_msgs/px4_msgs/msg/detail/uavcan_parameter_value__struct.h\n'}
[1.983210] (px4_msgs) StdoutLine: {'line': b'-- Installing: /home/harsh/ros2_project/install/px4_msgs/include/px4_msgs/px4_msgs/msg/detail/actuator_armed__type_support.c\n'}
[1.983267] (px4_msgs) StdoutLine: {'line': b'-- Up-to-date: /home/harsh/ros2_project/install/px4_msgs/include/px4_msgs/px4_msgs/msg/detail/offboard_control_mode__struct.h\n'}
[1.983324] (px4_msgs) StdoutLine: {'line': b'-- Up-to-date: /home/harsh/ros2_project/install/px4_msgs/include/px4_msgs/px4_msgs/msg/detail/goto_setpoint__description.c\n'}
[1.983381] (px4_msgs) StdoutLine: {'line': b'-- Up-to-date: /home/harsh/ros2_project/install/px4_msgs/include/px4_msgs/px4_msgs/msg/detail/manual_control_switches__functions.h\n'}
[1.983437] (px4_msgs) StdoutLine: {'line': b'-- Installing: /home/harsh/ros2_project/install/px4_msgs/include/px4_msgs/px4_msgs/msg/detail/dataman_request__type_support.c\n'}
[1.983493] (px4_msgs) StdoutLine: {'line': b'-- Up-to-date: /home/harsh/ros2_project/install/px4_msgs/include/px4_msgs/px4_msgs/msg/detail/vehicle_imu__functions.h\n'}
[1.983551] (px4_msgs) StdoutLine: {'line': b'-- Installing: /home/harsh/ros2_project/install/px4_msgs/include/px4_msgs/px4_msgs/msg/detail/obstacle_distance__type_support.c\n'}
[1.983609] (px4_msgs) StdoutLine: {'line': b'-- Up-to-date: /home/harsh/ros2_project/install/px4_msgs/include/px4_msgs/px4_msgs/msg/detail/sensors_status_imu__description.c\n'}
[1.983665] (px4_msgs) StdoutLine: {'line': b'-- Up-to-date: /home/harsh/ros2_project/install/px4_msgs/include/px4_msgs/px4_msgs/msg/detail/mavlink_tunnel__struct.h\n'}
[1.983721] (px4_msgs) StdoutLine: {'line': b'-- Up-to-date: /home/harsh/ros2_project/install/px4_msgs/include/px4_msgs/px4_msgs/msg/detail/vehicle_odometry__struct.h\n'}
[1.983799] (px4_msgs) StdoutLine: {'line': b'-- Up-to-date: /home/harsh/ros2_project/install/px4_msgs/include/px4_msgs/px4_msgs/msg/detail/vehicle_command__type_support.h\n'}
[1.983857] (px4_msgs) StdoutLine: {'line': b'-- Up-to-date: /home/harsh/ros2_project/install/px4_msgs/include/px4_msgs/px4_msgs/msg/detail/gripper__type_support.h\n'}
[1.983915] (px4_msgs) StdoutLine: {'line': b'-- Up-to-date: /home/harsh/ros2_project/install/px4_msgs/include/px4_msgs/px4_msgs/msg/detail/flight_phase_estimation__functions.h\n'}
[1.983971] (px4_msgs) StdoutLine: {'line': b'-- Up-to-date: /home/harsh/ros2_project/install/px4_msgs/include/px4_msgs/px4_msgs/msg/detail/parameter_set_value_response__description.c\n'}
[1.984035] (px4_msgs) StdoutLine: {'line': b'-- Up-to-date: /home/harsh/ros2_project/install/px4_msgs/include/px4_msgs/px4_msgs/msg/detail/tiltrotor_extra_controls__functions.h\n'}
[1.984093] (px4_msgs) StdoutLine: {'line': b'-- Up-to-date: /home/harsh/ros2_project/install/px4_msgs/include/px4_msgs/px4_msgs/msg/detail/tune_control__functions.h\n'}
[1.984150] (px4_msgs) StdoutLine: {'line': b'-- Up-to-date: /home/harsh/ros2_project/install/px4_msgs/include/px4_msgs/px4_msgs/msg/detail/sensor_mag__functions.c\n'}
[1.984206] (px4_msgs) StdoutLine: {'line': b'-- Installing: /home/harsh/ros2_project/install/px4_msgs/include/px4_msgs/px4_msgs/msg/detail/ping__type_support.c\n'}
[1.984312] (px4_msgs) StdoutLine: {'line': b'-- Up-to-date: /home/harsh/ros2_project/install/px4_msgs/include/px4_msgs/px4_msgs/msg/detail/vehicle_attitude__functions.c\n'}
[1.984370] (px4_msgs) StdoutLine: {'line': b'-- Up-to-date: /home/harsh/ros2_project/install/px4_msgs/include/px4_msgs/px4_msgs/msg/detail/sensor_gyro_fft__type_support.h\n'}
[1.984430] (px4_msgs) StdoutLine: {'line': b'-- Up-to-date: /home/harsh/ros2_project/install/px4_msgs/include/px4_msgs/px4_msgs/msg/detail/landing_target_pose__functions.h\n'}
[1.984503] (px4_msgs) StdoutLine: {'line': b'-- Up-to-date: /home/harsh/ros2_project/install/px4_msgs/include/px4_msgs/px4_msgs/msg/detail/adc_report__description.c\n'}
[1.984560] (px4_msgs) StdoutLine: {'line': b'-- Up-to-date: /home/harsh/ros2_project/install/px4_msgs/include/px4_msgs/px4_msgs/msg/detail/gps_dump__description.c\n'}
[1.984620] (px4_msgs) StdoutLine: {'line': b'-- Up-to-date: /home/harsh/ros2_project/install/px4_msgs/include/px4_msgs/px4_msgs/msg/detail/gps_dump__functions.h\n'}
[1.984680] (px4_msgs) StdoutLine: {'line': b'-- Up-to-date: /home/harsh/ros2_project/install/px4_msgs/include/px4_msgs/px4_msgs/msg/detail/mag_worker_data__struct.h\n'}
[1.984738] (px4_msgs) StdoutLine: {'line': b'-- Up-to-date: /home/harsh/ros2_project/install/px4_msgs/include/px4_msgs/px4_msgs/msg/detail/heater_status__functions.c\n'}
[1.984798] (px4_msgs) StdoutLine: {'line': b'-- Up-to-date: /home/harsh/ros2_project/install/px4_msgs/include/px4_msgs/px4_msgs/msg/detail/iridiumsbd_status__description.c\n'}
[1.984853] (px4_msgs) StdoutLine: {'line': b'-- Up-to-date: /home/harsh/ros2_project/install/px4_msgs/include/px4_msgs/px4_msgs/msg/detail/gimbal_manager_information__description.c\n'}
[1.984910] (px4_msgs) StdoutLine: {'line': b'-- Up-to-date: /home/harsh/ros2_project/install/px4_msgs/include/px4_msgs/px4_msgs/msg/detail/ulog_stream__functions.c\n'}
[1.984968] (px4_msgs) StdoutLine: {'line': b'-- Installing: /home/harsh/ros2_project/install/px4_msgs/include/px4_msgs/px4_msgs/msg/detail/estimator_status_flags__type_support.c\n'}
[1.985038] (px4_msgs) StdoutLine: {'line': b'-- Installing: /home/harsh/ros2_project/install/px4_msgs/include/px4_msgs/px4_msgs/msg/detail/gpio_out__type_support.c\n'}
[1.985098] (px4_msgs) StdoutLine: {'line': b'-- Up-to-date: /home/harsh/ros2_project/install/px4_msgs/include/px4_msgs/px4_msgs/msg/detail/gripper__struct.h\n'}
[1.985160] (px4_msgs) StdoutLine: {'line': b'-- Up-to-date: /home/harsh/ros2_project/install/px4_msgs/include/px4_msgs/px4_msgs/msg/detail/cpuload__functions.h\n'}
[1.985220] (px4_msgs) StdoutLine: {'line': b'-- Up-to-date: /home/harsh/ros2_project/install/px4_msgs/include/px4_msgs/px4_msgs/msg/detail/internal_combustion_engine_status__type_support.h\n'}
[1.985314] (px4_msgs) StdoutLine: {'line': b'-- Up-to-date: /home/harsh/ros2_project/install/px4_msgs/include/px4_msgs/px4_msgs/msg/detail/sensor_baro__functions.c\n'}
[1.985378] (px4_msgs) StdoutLine: {'line': b'-- Up-to-date: /home/harsh/ros2_project/install/px4_msgs/include/px4_msgs/px4_msgs/srv\n'}
[1.985438] (px4_msgs) StdoutLine: {'line': b'-- Up-to-date: /home/harsh/ros2_project/install/px4_msgs/include/px4_msgs/px4_msgs/srv/vehicle_command.h\n'}
[1.985499] (px4_msgs) StdoutLine: {'line': b'-- Up-to-date: /home/harsh/ros2_project/install/px4_msgs/include/px4_msgs/px4_msgs/srv/detail\n'}
[1.985563] (px4_msgs) StdoutLine: {'line': b'-- Up-to-date: /home/harsh/ros2_project/install/px4_msgs/include/px4_msgs/px4_msgs/srv/detail/vehicle_command__functions.c\n'}
[1.985622] (px4_msgs) StdoutLine: {'line': b'-- Up-to-date: /home/harsh/ros2_project/install/px4_msgs/include/px4_msgs/px4_msgs/srv/detail/vehicle_command__functions.h\n'}
[1.985680] (px4_msgs) StdoutLine: {'line': b'-- Installing: /home/harsh/ros2_project/install/px4_msgs/include/px4_msgs/px4_msgs/srv/detail/vehicle_command__type_support.c\n'}
[1.985736] (px4_msgs) StdoutLine: {'line': b'-- Up-to-date: /home/harsh/ros2_project/install/px4_msgs/include/px4_msgs/px4_msgs/srv/detail/vehicle_command__struct.h\n'}
[1.985793] (px4_msgs) StdoutLine: {'line': b'-- Up-to-date: /home/harsh/ros2_project/install/px4_msgs/include/px4_msgs/px4_msgs/srv/detail/vehicle_command__description.c\n'}
[1.985851] (px4_msgs) StdoutLine: {'line': b'-- Up-to-date: /home/harsh/ros2_project/install/px4_msgs/include/px4_msgs/px4_msgs/srv/detail/vehicle_command__type_support.h\n'}
[1.985906] (px4_msgs) StdoutLine: {'line': b'-- Up-to-date: /home/harsh/ros2_project/install/px4_msgs/share/px4_msgs/environment/library_path.sh\n'}
[1.985965] (px4_msgs) StdoutLine: {'line': b'-- Up-to-date: /home/harsh/ros2_project/install/px4_msgs/share/px4_msgs/environment/library_path.dsv\n'}
[1.986031] (px4_msgs) StdoutLine: {'line': b'-- Up-to-date: /home/harsh/ros2_project/install/px4_msgs/lib/libpx4_msgs__rosidl_generator_c.so\n'}
[1.986089] (px4_msgs) StdoutLine: {'line': b'-- Up-to-date: /home/harsh/ros2_project/install/px4_msgs/include/px4_msgs/px4_msgs\n'}
[1.986147] (px4_msgs) StdoutLine: {'line': b'-- Up-to-date: /home/harsh/ros2_project/install/px4_msgs/include/px4_msgs/px4_msgs/msg\n'}
[1.986201] (px4_msgs) StdoutLine: {'line': b'-- Up-to-date: /home/harsh/ros2_project/install/px4_msgs/include/px4_msgs/px4_msgs/msg/rosidl_typesupport_fastrtps_c__visibility_control.h\n'}
[1.986274] (px4_msgs) StdoutLine: {'line': b'-- Up-to-date: /home/harsh/ros2_project/install/px4_msgs/include/px4_msgs/px4_msgs/msg/detail\n'}
[1.986336] (px4_msgs) StdoutLine: {'line': b'-- Up-to-date: /home/harsh/ros2_project/install/px4_msgs/include/px4_msgs/px4_msgs/msg/detail/airspeed_wind__rosidl_typesupport_fastrtps_c.h\n'}
[1.986393] (px4_msgs) StdoutLine: {'line': b'-- Up-to-date: /home/harsh/ros2_project/install/px4_msgs/include/px4_msgs/px4_msgs/msg/detail/power_monitor__rosidl_typesupport_fastrtps_c.h\n'}
[1.986450] (px4_msgs) StdoutLine: {'line': b'-- Up-to-date: /home/harsh/ros2_project/install/px4_msgs/include/px4_msgs/px4_msgs/msg/detail/can_interface_status__rosidl_typesupport_fastrtps_c.h\n'}
[1.986509] (px4_msgs) StdoutLine: {'line': b'-- Up-to-date: /home/harsh/ros2_project/install/px4_msgs/include/px4_msgs/px4_msgs/msg/detail/debug_value__rosidl_typesupport_fastrtps_c.h\n'}
[1.986567] (px4_msgs) StdoutLine: {'line': b'-- Up-to-date: /home/harsh/ros2_project/install/px4_msgs/include/px4_msgs/px4_msgs/msg/detail/geofence_status__rosidl_typesupport_fastrtps_c.h\n'}
[1.986678] (px4_msgs) StdoutLine: {'line': b'-- Up-to-date: /home/harsh/ros2_project/install/px4_msgs/include/px4_msgs/px4_msgs/msg/detail/vehicle_acceleration__rosidl_typesupport_fastrtps_c.h\n'}
[1.986740] (px4_msgs) StdoutLine: {'line': b'-- Up-to-date: /home/harsh/ros2_project/install/px4_msgs/include/px4_msgs/px4_msgs/msg/detail/esc_report__rosidl_typesupport_fastrtps_c.h\n'}
[1.986802] (px4_msgs) StdoutLine: {'line': b'-- Up-to-date: /home/harsh/ros2_project/install/px4_msgs/include/px4_msgs/px4_msgs/msg/detail/rc_parameter_map__rosidl_typesupport_fastrtps_c.h\n'}
[1.986861] (px4_msgs) StdoutLine: {'line': b'-- Up-to-date: /home/harsh/ros2_project/install/px4_msgs/include/px4_msgs/px4_msgs/msg/detail/register_ext_component_reply__rosidl_typesupport_fastrtps_c.h\n'}
[1.986919] (px4_msgs) StdoutLine: {'line': b'-- Up-to-date: /home/harsh/ros2_project/install/px4_msgs/include/px4_msgs/px4_msgs/msg/detail/estimator_aid_source3d__rosidl_typesupport_fastrtps_c.h\n'}
[1.986976] (px4_msgs) StdoutLine: {'line': b'-- Up-to-date: /home/harsh/ros2_project/install/px4_msgs/include/px4_msgs/px4_msgs/msg/detail/gpio_request__rosidl_typesupport_fastrtps_c.h\n'}
[1.987047] (px4_msgs) StdoutLine: {'line': b'-- Up-to-date: /home/harsh/ros2_project/install/px4_msgs/include/px4_msgs/px4_msgs/msg/detail/cpuload__rosidl_typesupport_fastrtps_c.h\n'}
[1.987104] (px4_msgs) StdoutLine: {'line': b'-- Up-to-date: /home/harsh/ros2_project/install/px4_msgs/include/px4_msgs/px4_msgs/msg/detail/differential_drive_setpoint__rosidl_typesupport_fastrtps_c.h\n'}
[1.987158] (px4_msgs) StdoutLine: {'line': b'-- Up-to-date: /home/harsh/ros2_project/install/px4_msgs/include/px4_msgs/px4_msgs/msg/detail/actuator_motors__rosidl_typesupport_fastrtps_c.h\n'}
[1.987214] (px4_msgs) StdoutLine: {'line': b'-- Up-to-date: /home/harsh/ros2_project/install/px4_msgs/include/px4_msgs/px4_msgs/msg/detail/trajectory_waypoint__rosidl_typesupport_fastrtps_c.h\n'}
[1.987269] (px4_msgs) StdoutLine: {'line': b'-- Up-to-date: /home/harsh/ros2_project/install/px4_msgs/include/px4_msgs/px4_msgs/msg/detail/launch_detection_status__rosidl_typesupport_fastrtps_c.h\n'}
[1.987325] (px4_msgs) StdoutLine: {'line': b'-- Up-to-date: /home/harsh/ros2_project/install/px4_msgs/include/px4_msgs/px4_msgs/msg/detail/dataman_response__rosidl_typesupport_fastrtps_c.h\n'}
[1.987380] (px4_msgs) StdoutLine: {'line': b'-- Up-to-date: /home/harsh/ros2_project/install/px4_msgs/include/px4_msgs/px4_msgs/msg/detail/vehicle_control_mode__rosidl_typesupport_fastrtps_c.h\n'}
[1.987436] (px4_msgs) StdoutLine: {'line': b'-- Up-to-date: /home/harsh/ros2_project/install/px4_msgs/include/px4_msgs/px4_msgs/msg/detail/estimator_selector_status__rosidl_typesupport_fastrtps_c.h\n'}
[1.987490] (px4_msgs) StdoutLine: {'line': b'-- Up-to-date: /home/harsh/ros2_project/install/px4_msgs/include/px4_msgs/px4_msgs/msg/detail/log_message__rosidl_typesupport_fastrtps_c.h\n'}
[1.987545] (px4_msgs) StdoutLine: {'line': b'-- Up-to-date: /home/harsh/ros2_project/install/px4_msgs/include/px4_msgs/px4_msgs/msg/detail/collision_report__rosidl_typesupport_fastrtps_c.h\n'}
[1.987601] (px4_msgs) StdoutLine: {'line': b'-- Up-to-date: /home/harsh/ros2_project/install/px4_msgs/include/px4_msgs/px4_msgs/msg/detail/sensor_gyro__rosidl_typesupport_fastrtps_c.h\n'}
[1.987656] (px4_msgs) StdoutLine: {'line': b'-- Up-to-date: /home/harsh/ros2_project/install/px4_msgs/include/px4_msgs/px4_msgs/msg/detail/vehicle_command_ack__rosidl_typesupport_fastrtps_c.h\n'}
[1.987712] (px4_msgs) StdoutLine: {'line': b'-- Up-to-date: /home/harsh/ros2_project/install/px4_msgs/include/px4_msgs/px4_msgs/msg/detail/onboard_computer_status__rosidl_typesupport_fastrtps_c.h\n'}
[1.987767] (px4_msgs) StdoutLine: {'line': b'-- Up-to-date: /home/harsh/ros2_project/install/px4_msgs/include/px4_msgs/px4_msgs/msg/detail/telemetry_status__rosidl_typesupport_fastrtps_c.h\n'}
[1.987833] (px4_msgs) StdoutLine: {'line': b'-- Up-to-date: /home/harsh/ros2_project/install/px4_msgs/include/px4_msgs/px4_msgs/msg/detail/vtol_vehicle_status__rosidl_typesupport_fastrtps_c.h\n'}
[1.987952] (px4_msgs) StdoutLine: {'line': b'-- Up-to-date: /home/harsh/ros2_project/install/px4_msgs/include/px4_msgs/px4_msgs/msg/detail/estimator_bias__rosidl_typesupport_fastrtps_c.h\n'}
[1.988016] (px4_msgs) StdoutLine: {'line': b'-- Up-to-date: /home/harsh/ros2_project/install/px4_msgs/include/px4_msgs/px4_msgs/msg/detail/parameter_set_value_request__rosidl_typesupport_fastrtps_c.h\n'}
[1.988078] (px4_msgs) StdoutLine: {'line': b'-- Up-to-date: /home/harsh/ros2_project/install/px4_msgs/include/px4_msgs/px4_msgs/msg/detail/trajectory_setpoint__rosidl_typesupport_fastrtps_c.h\n'}
[1.988136] (px4_msgs) StdoutLine: {'line': b'-- Up-to-date: /home/harsh/ros2_project/install/px4_msgs/include/px4_msgs/px4_msgs/msg/detail/trajectory_bezier__rosidl_typesupport_fastrtps_c.h\n'}
[1.988191] (px4_msgs) StdoutLine: {'line': b'-- Up-to-date: /home/harsh/ros2_project/install/px4_msgs/include/px4_msgs/px4_msgs/msg/detail/failsafe_flags__rosidl_typesupport_fastrtps_c.h\n'}
[1.988246] (px4_msgs) StdoutLine: {'line': b'-- Up-to-date: /home/harsh/ros2_project/install/px4_msgs/include/px4_msgs/px4_msgs/msg/detail/battery_status__rosidl_typesupport_fastrtps_c.h\n'}
[1.988301] (px4_msgs) StdoutLine: {'line': b'-- Up-to-date: /home/harsh/ros2_project/install/px4_msgs/include/px4_msgs/px4_msgs/msg/detail/estimator_aid_source1d__rosidl_typesupport_fastrtps_c.h\n'}
[1.988388] (px4_msgs) StdoutLine: {'line': b'-- Up-to-date: /home/harsh/ros2_project/install/px4_msgs/include/px4_msgs/px4_msgs/msg/detail/mission_result__rosidl_typesupport_fastrtps_c.h\n'}
[1.988446] (px4_msgs) StdoutLine: {'line': b'-- Up-to-date: /home/harsh/ros2_project/install/px4_msgs/include/px4_msgs/px4_msgs/msg/detail/rpm__rosidl_typesupport_fastrtps_c.h\n'}
[1.988505] (px4_msgs) StdoutLine: {'line': b'-- Up-to-date: /home/harsh/ros2_project/install/px4_msgs/include/px4_msgs/px4_msgs/msg/detail/figure_eight_status__rosidl_typesupport_fastrtps_c.h\n'}
[1.988562] (px4_msgs) StdoutLine: {'line': b'-- Up-to-date: /home/harsh/ros2_project/install/px4_msgs/include/px4_msgs/px4_msgs/msg/detail/gps_inject_data__rosidl_typesupport_fastrtps_c.h\n'}
[1.988620] (px4_msgs) StdoutLine: {'line': b'-- Up-to-date: /home/harsh/ros2_project/install/px4_msgs/include/px4_msgs/px4_msgs/msg/detail/px4io_status__rosidl_typesupport_fastrtps_c.h\n'}
[1.988675] (px4_msgs) StdoutLine: {'line': b'-- Up-to-date: /home/harsh/ros2_project/install/px4_msgs/include/px4_msgs/px4_msgs/msg/detail/sensor_optical_flow__rosidl_typesupport_fastrtps_c.h\n'}
[1.988729] (px4_msgs) StdoutLine: {'line': b'-- Up-to-date: /home/harsh/ros2_project/install/px4_msgs/include/px4_msgs/px4_msgs/msg/detail/internal_combustion_engine_status__rosidl_typesupport_fastrtps_c.h\n'}
[1.988784] (px4_msgs) StdoutLine: {'line': b'-- Up-to-date: /home/harsh/ros2_project/install/px4_msgs/include/px4_msgs/px4_msgs/msg/detail/gimbal_manager_set_manual_control__rosidl_typesupport_fastrtps_c.h\n'}
[1.988840] (px4_msgs) StdoutLine: {'line': b'-- Up-to-date: /home/harsh/ros2_project/install/px4_msgs/include/px4_msgs/px4_msgs/msg/detail/actuator_controls_status__rosidl_typesupport_fastrtps_c.h\n'}
[1.988900] (px4_msgs) StdoutLine: {'line': b'-- Up-to-date: /home/harsh/ros2_project/install/px4_msgs/include/px4_msgs/px4_msgs/msg/detail/follow_target__rosidl_typesupport_fastrtps_c.h\n'}
[1.988956] (px4_msgs) StdoutLine: {'line': b'-- Up-to-date: /home/harsh/ros2_project/install/px4_msgs/include/px4_msgs/px4_msgs/msg/detail/gimbal_device_set_attitude__rosidl_typesupport_fastrtps_c.h\n'}
[1.989037] (px4_msgs) StdoutLine: {'line': b'-- Up-to-date: /home/harsh/ros2_project/install/px4_msgs/include/px4_msgs/px4_msgs/msg/detail/satellite_info__rosidl_typesupport_fastrtps_c.h\n'}
[1.989094] (px4_msgs) StdoutLine: {'line': b'-- Up-to-date: /home/harsh/ros2_project/install/px4_msgs/include/px4_msgs/px4_msgs/msg/detail/takeoff_status__rosidl_typesupport_fastrtps_c.h\n'}
[1.989150] (px4_msgs) StdoutLine: {'line': b'-- Up-to-date: /home/harsh/ros2_project/install/px4_msgs/include/px4_msgs/px4_msgs/msg/detail/sensor_accel_fifo__rosidl_typesupport_fastrtps_c.h\n'}
[1.989209] (px4_msgs) StdoutLine: {'line': b'-- Up-to-date: /home/harsh/ros2_project/install/px4_msgs/include/px4_msgs/px4_msgs/msg/detail/vehicle_rates_setpoint__rosidl_typesupport_fastrtps_c.h\n'}
[1.989268] (px4_msgs) StdoutLine: {'line': b'-- Up-to-date: /home/harsh/ros2_project/install/px4_msgs/include/px4_msgs/px4_msgs/msg/detail/npfg_status__rosidl_typesupport_fastrtps_c.h\n'}
[1.989374] (px4_msgs) StdoutLine: {'line': b'-- Up-to-date: /home/harsh/ros2_project/install/px4_msgs/include/px4_msgs/px4_msgs/msg/detail/home_position__rosidl_typesupport_fastrtps_c.h\n'}
[1.989433] (px4_msgs) StdoutLine: {'line': b'-- Up-to-date: /home/harsh/ros2_project/install/px4_msgs/include/px4_msgs/px4_msgs/msg/detail/position_controller_landing_status__rosidl_typesupport_fastrtps_c.h\n'}
[1.989490] (px4_msgs) StdoutLine: {'line': b'-- Up-to-date: /home/harsh/ros2_project/install/px4_msgs/include/px4_msgs/px4_msgs/msg/detail/mavlink_tunnel__rosidl_typesupport_fastrtps_c.h\n'}
[1.989548] (px4_msgs) StdoutLine: {'line': b'-- Up-to-date: /home/harsh/ros2_project/install/px4_msgs/include/px4_msgs/px4_msgs/msg/detail/wind__rosidl_typesupport_fastrtps_c.h\n'}
[1.989630] (px4_msgs) StdoutLine: {'line': b'-- Up-to-date: /home/harsh/ros2_project/install/px4_msgs/include/px4_msgs/px4_msgs/msg/detail/arming_check_request__rosidl_typesupport_fastrtps_c.h\n'}
[1.989686] (px4_msgs) StdoutLine: {'line': b'-- Up-to-date: /home/harsh/ros2_project/install/px4_msgs/include/px4_msgs/px4_msgs/msg/detail/debug_array__rosidl_typesupport_fastrtps_c.h\n'}
[1.989738] (px4_msgs) StdoutLine: {'line': b'-- Up-to-date: /home/harsh/ros2_project/install/px4_msgs/include/px4_msgs/px4_msgs/msg/detail/sensor_accel__rosidl_typesupport_fastrtps_c.h\n'}
[1.989791] (px4_msgs) StdoutLine: {'line': b'-- Up-to-date: /home/harsh/ros2_project/install/px4_msgs/include/px4_msgs/px4_msgs/msg/detail/gripper__rosidl_typesupport_fastrtps_c.h\n'}
[1.989842] (px4_msgs) StdoutLine: {'line': b'-- Up-to-date: /home/harsh/ros2_project/install/px4_msgs/include/px4_msgs/px4_msgs/msg/detail/debug_vect__rosidl_typesupport_fastrtps_c.h\n'}
[1.989894] (px4_msgs) StdoutLine: {'line': b'-- Up-to-date: /home/harsh/ros2_project/install/px4_msgs/include/px4_msgs/px4_msgs/msg/detail/task_stack_info__rosidl_typesupport_fastrtps_c.h\n'}
[1.989946] (px4_msgs) StdoutLine: {'line': b'-- Up-to-date: /home/harsh/ros2_project/install/px4_msgs/include/px4_msgs/px4_msgs/msg/detail/estimator_gps_status__rosidl_typesupport_fastrtps_c.h\n'}
[1.990011] (px4_msgs) StdoutLine: {'line': b'-- Up-to-date: /home/harsh/ros2_project/install/px4_msgs/include/px4_msgs/px4_msgs/msg/detail/sensor_gps__rosidl_typesupport_fastrtps_c.h\n'}
[1.990069] (px4_msgs) StdoutLine: {'line': b'-- Up-to-date: /home/harsh/ros2_project/install/px4_msgs/include/px4_msgs/px4_msgs/msg/detail/estimator_status_flags__rosidl_typesupport_fastrtps_c.h\n'}
[1.990121] (px4_msgs) StdoutLine: {'line': b'-- Up-to-date: /home/harsh/ros2_project/install/px4_msgs/include/px4_msgs/px4_msgs/msg/detail/sensor_gyro_fifo__rosidl_typesupport_fastrtps_c.h\n'}
[1.990173] (px4_msgs) StdoutLine: {'line': b'-- Up-to-date: /home/harsh/ros2_project/install/px4_msgs/include/px4_msgs/px4_msgs/msg/detail/velocity_limits__rosidl_typesupport_fastrtps_c.h\n'}
[1.990224] (px4_msgs) StdoutLine: {'line': b'-- Up-to-date: /home/harsh/ros2_project/install/px4_msgs/include/px4_msgs/px4_msgs/msg/detail/tiltrotor_extra_controls__rosidl_typesupport_fastrtps_c.h\n'}
[1.990281] (px4_msgs) StdoutLine: {'line': b'-- Up-to-date: /home/harsh/ros2_project/install/px4_msgs/include/px4_msgs/px4_msgs/msg/detail/tecs_status__rosidl_typesupport_fastrtps_c.h\n'}
[1.990337] (px4_msgs) StdoutLine: {'line': b'-- Up-to-date: /home/harsh/ros2_project/install/px4_msgs/include/px4_msgs/px4_msgs/msg/detail/vehicle_imu__rosidl_typesupport_fastrtps_c.h\n'}
[1.990393] (px4_msgs) StdoutLine: {'line': b'-- Up-to-date: /home/harsh/ros2_project/install/px4_msgs/include/px4_msgs/px4_msgs/msg/detail/actuator_test__rosidl_typesupport_fastrtps_c.h\n'}
[1.990449] (px4_msgs) StdoutLine: {'line': b'-- Up-to-date: /home/harsh/ros2_project/install/px4_msgs/include/px4_msgs/px4_msgs/msg/detail/rc_channels__rosidl_typesupport_fastrtps_c.h\n'}
[1.990505] (px4_msgs) StdoutLine: {'line': b'-- Up-to-date: /home/harsh/ros2_project/install/px4_msgs/include/px4_msgs/px4_msgs/msg/detail/airspeed_validated__rosidl_typesupport_fastrtps_c.h\n'}
[1.990563] (px4_msgs) StdoutLine: {'line': b'-- Up-to-date: /home/harsh/ros2_project/install/px4_msgs/include/px4_msgs/px4_msgs/msg/detail/geofence_result__rosidl_typesupport_fastrtps_c.h\n'}
[1.990634] (px4_msgs) StdoutLine: {'line': b'-- Up-to-date: /home/harsh/ros2_project/install/px4_msgs/include/px4_msgs/px4_msgs/msg/detail/vehicle_local_position_setpoint__rosidl_typesupport_fastrtps_c.h\n'}
[1.990689] (px4_msgs) StdoutLine: {'line': b'-- Up-to-date: /home/harsh/ros2_project/install/px4_msgs/include/px4_msgs/px4_msgs/msg/detail/vehicle_trajectory_bezier__rosidl_typesupport_fastrtps_c.h\n'}
[1.990745] (px4_msgs) StdoutLine: {'line': b'-- Up-to-date: /home/harsh/ros2_project/install/px4_msgs/include/px4_msgs/px4_msgs/msg/detail/landing_target_innovations__rosidl_typesupport_fastrtps_c.h\n'}
[1.990802] (px4_msgs) StdoutLine: {'line': b'-- Up-to-date: /home/harsh/ros2_project/install/px4_msgs/include/px4_msgs/px4_msgs/msg/detail/hover_thrust_estimate__rosidl_typesupport_fastrtps_c.h\n'}
[1.990859] (px4_msgs) StdoutLine: {'line': b'-- Up-to-date: /home/harsh/ros2_project/install/px4_msgs/include/px4_msgs/px4_msgs/msg/detail/gimbal_manager_information__rosidl_typesupport_fastrtps_c.h\n'}
[1.990914] (px4_msgs) StdoutLine: {'line': b'-- Up-to-date: /home/harsh/ros2_project/install/px4_msgs/include/px4_msgs/px4_msgs/msg/detail/mode_completed__rosidl_typesupport_fastrtps_c.h\n'}
[1.990969] (px4_msgs) StdoutLine: {'line': b'-- Up-to-date: /home/harsh/ros2_project/install/px4_msgs/include/px4_msgs/px4_msgs/msg/detail/led_control__rosidl_typesupport_fastrtps_c.h\n'}
[1.991033] (px4_msgs) StdoutLine: {'line': b'-- Up-to-date: /home/harsh/ros2_project/install/px4_msgs/include/px4_msgs/px4_msgs/msg/detail/mount_orientation__rosidl_typesupport_fastrtps_c.h\n'}
[1.991114] (px4_msgs) StdoutLine: {'line': b'-- Up-to-date: /home/harsh/ros2_project/install/px4_msgs/include/px4_msgs/px4_msgs/msg/detail/vehicle_optical_flow_vel__rosidl_typesupport_fastrtps_c.h\n'}
[1.991173] (px4_msgs) StdoutLine: {'line': b'-- Up-to-date: /home/harsh/ros2_project/install/px4_msgs/include/px4_msgs/px4_msgs/msg/detail/estimator_status__rosidl_typesupport_fastrtps_c.h\n'}
[1.991230] (px4_msgs) StdoutLine: {'line': b'-- Up-to-date: /home/harsh/ros2_project/install/px4_msgs/include/px4_msgs/px4_msgs/msg/detail/cellular_status__rosidl_typesupport_fastrtps_c.h\n'}
[1.991287] (px4_msgs) StdoutLine: {'line': b'-- Up-to-date: /home/harsh/ros2_project/install/px4_msgs/include/px4_msgs/px4_msgs/msg/detail/vehicle_attitude__rosidl_typesupport_fastrtps_c.h\n'}
[1.991343] (px4_msgs) StdoutLine: {'line': b'-- Up-to-date: /home/harsh/ros2_project/install/px4_msgs/include/px4_msgs/px4_msgs/msg/detail/position_setpoint_triplet__rosidl_typesupport_fastrtps_c.h\n'}
[1.991401] (px4_msgs) StdoutLine: {'line': b'-- Up-to-date: /home/harsh/ros2_project/install/px4_msgs/include/px4_msgs/px4_msgs/msg/detail/wheel_encoders__rosidl_typesupport_fastrtps_c.h\n'}
[1.991458] (px4_msgs) StdoutLine: {'line': b'-- Up-to-date: /home/harsh/ros2_project/install/px4_msgs/include/px4_msgs/px4_msgs/msg/detail/buffer128__rosidl_typesupport_fastrtps_c.h\n'}
[1.991517] (px4_msgs) StdoutLine: {'line': b'-- Up-to-date: /home/harsh/ros2_project/install/px4_msgs/include/px4_msgs/px4_msgs/msg/detail/landing_target_pose__rosidl_typesupport_fastrtps_c.h\n'}
[1.991574] (px4_msgs) StdoutLine: {'line': b'-- Up-to-date: /home/harsh/ros2_project/install/px4_msgs/include/px4_msgs/px4_msgs/msg/detail/gpio_in__rosidl_typesupport_fastrtps_c.h\n'}
[1.991634] (px4_msgs) StdoutLine: {'line': b'-- Up-to-date: /home/harsh/ros2_project/install/px4_msgs/include/px4_msgs/px4_msgs/msg/detail/normalized_unsigned_setpoint__rosidl_typesupport_fastrtps_c.h\n'}
[1.991712] (px4_msgs) StdoutLine: {'line': b'-- Up-to-date: /home/harsh/ros2_project/install/px4_msgs/include/px4_msgs/px4_msgs/msg/detail/parameter_reset_request__rosidl_typesupport_fastrtps_c.h\n'}
[1.991771] (px4_msgs) StdoutLine: {'line': b'-- Up-to-date: /home/harsh/ros2_project/install/px4_msgs/include/px4_msgs/px4_msgs/msg/detail/vehicle_global_position__rosidl_typesupport_fastrtps_c.h\n'}
[1.991880] (px4_msgs) StdoutLine: {'line': b'-- Up-to-date: /home/harsh/ros2_project/install/px4_msgs/include/px4_msgs/px4_msgs/msg/detail/sensor_correction__rosidl_typesupport_fastrtps_c.h\n'}
[1.991939] (px4_msgs) StdoutLine: {'line': b'-- Up-to-date: /home/harsh/ros2_project/install/px4_msgs/include/px4_msgs/px4_msgs/msg/detail/control_allocator_status__rosidl_typesupport_fastrtps_c.h\n'}
[1.992008] (px4_msgs) StdoutLine: {'line': b'-- Up-to-date: /home/harsh/ros2_project/install/px4_msgs/include/px4_msgs/px4_msgs/msg/detail/estimator_innovations__rosidl_typesupport_fastrtps_c.h\n'}
[1.992071] (px4_msgs) StdoutLine: {'line': b'-- Up-to-date: /home/harsh/ros2_project/install/px4_msgs/include/px4_msgs/px4_msgs/msg/detail/vehicle_imu_status__rosidl_typesupport_fastrtps_c.h\n'}
[1.992128] (px4_msgs) StdoutLine: {'line': b'-- Up-to-date: /home/harsh/ros2_project/install/px4_msgs/include/px4_msgs/px4_msgs/msg/detail/mission__rosidl_typesupport_fastrtps_c.h\n'}
[1.992185] (px4_msgs) StdoutLine: {'line': b'-- Up-to-date: /home/harsh/ros2_project/install/px4_msgs/include/px4_msgs/px4_msgs/msg/detail/sensor_mag__rosidl_typesupport_fastrtps_c.h\n'}
[1.992243] (px4_msgs) StdoutLine: {'line': b'-- Up-to-date: /home/harsh/ros2_project/install/px4_msgs/include/px4_msgs/px4_msgs/msg/detail/vehicle_air_data__rosidl_typesupport_fastrtps_c.h\n'}
[1.992299] (px4_msgs) StdoutLine: {'line': b'-- Up-to-date: /home/harsh/ros2_project/install/px4_msgs/include/px4_msgs/px4_msgs/msg/detail/vehicle_attitude_setpoint__rosidl_typesupport_fastrtps_c.h\n'}
[1.992357] (px4_msgs) StdoutLine: {'line': b'-- Up-to-date: /home/harsh/ros2_project/install/px4_msgs/include/px4_msgs/px4_msgs/msg/detail/manual_control_switches__rosidl_typesupport_fastrtps_c.h\n'}
[1.992413] (px4_msgs) StdoutLine: {'line': b'-- Up-to-date: /home/harsh/ros2_project/install/px4_msgs/include/px4_msgs/px4_msgs/msg/detail/gpio_out__rosidl_typesupport_fastrtps_c.h\n'}
[1.992470] (px4_msgs) StdoutLine: {'line': b'-- Up-to-date: /home/harsh/ros2_project/install/px4_msgs/include/px4_msgs/px4_msgs/msg/detail/sensor_uwb__rosidl_typesupport_fastrtps_c.h\n'}
[1.992527] (px4_msgs) StdoutLine: {'line': b'-- Up-to-date: /home/harsh/ros2_project/install/px4_msgs/include/px4_msgs/px4_msgs/msg/detail/actuator_armed__rosidl_typesupport_fastrtps_c.h\n'}
[1.992582] (px4_msgs) StdoutLine: {'line': b'-- Up-to-date: /home/harsh/ros2_project/install/px4_msgs/include/px4_msgs/px4_msgs/msg/detail/system_power__rosidl_typesupport_fastrtps_c.h\n'}
[1.992638] (px4_msgs) StdoutLine: {'line': b'-- Up-to-date: /home/harsh/ros2_project/install/px4_msgs/include/px4_msgs/px4_msgs/msg/detail/estimator_bias3d__rosidl_typesupport_fastrtps_c.h\n'}
[1.992693] (px4_msgs) StdoutLine: {'line': b'-- Up-to-date: /home/harsh/ros2_project/install/px4_msgs/include/px4_msgs/px4_msgs/msg/detail/vehicle_roi__rosidl_typesupport_fastrtps_c.h\n'}
[1.992750] (px4_msgs) StdoutLine: {'line': b'-- Up-to-date: /home/harsh/ros2_project/install/px4_msgs/include/px4_msgs/px4_msgs/msg/detail/parameter_set_value_response__rosidl_typesupport_fastrtps_c.h\n'}
[1.992806] (px4_msgs) StdoutLine: {'line': b'-- Up-to-date: /home/harsh/ros2_project/install/px4_msgs/include/px4_msgs/px4_msgs/msg/detail/tune_control__rosidl_typesupport_fastrtps_c.h\n'}
[1.992859] (px4_msgs) StdoutLine: {'line': b'-- Up-to-date: /home/harsh/ros2_project/install/px4_msgs/include/px4_msgs/px4_msgs/msg/detail/iridiumsbd_status__rosidl_typesupport_fastrtps_c.h\n'}
[1.992916] (px4_msgs) StdoutLine: {'line': b'-- Up-to-date: /home/harsh/ros2_project/install/px4_msgs/include/px4_msgs/px4_msgs/msg/detail/vehicle_land_detected__rosidl_typesupport_fastrtps_c.h\n'}
[1.992970] (px4_msgs) StdoutLine: {'line': b'-- Up-to-date: /home/harsh/ros2_project/install/px4_msgs/include/px4_msgs/px4_msgs/msg/detail/autotune_attitude_control_status__rosidl_typesupport_fastrtps_c.h\n'}
[1.993035] (px4_msgs) StdoutLine: {'line': b'-- Up-to-date: /home/harsh/ros2_project/install/px4_msgs/include/px4_msgs/px4_msgs/msg/detail/vehicle_angular_velocity__rosidl_typesupport_fastrtps_c.h\n'}
[1.993095] (px4_msgs) StdoutLine: {'line': b'-- Up-to-date: /home/harsh/ros2_project/install/px4_msgs/include/px4_msgs/px4_msgs/msg/detail/pwm_input__rosidl_typesupport_fastrtps_c.h\n'}
[1.993187] (px4_msgs) StdoutLine: {'line': b'-- Up-to-date: /home/harsh/ros2_project/install/px4_msgs/include/px4_msgs/px4_msgs/msg/detail/yaw_estimator_status__rosidl_typesupport_fastrtps_c.h\n'}
[1.993248] (px4_msgs) StdoutLine: {'line': b'-- Up-to-date: /home/harsh/ros2_project/install/px4_msgs/include/px4_msgs/px4_msgs/msg/detail/gpio_config__rosidl_typesupport_fastrtps_c.h\n'}
[1.993307] (px4_msgs) StdoutLine: {'line': b'-- Up-to-date: /home/harsh/ros2_project/install/px4_msgs/include/px4_msgs/px4_msgs/msg/detail/transponder_report__rosidl_typesupport_fastrtps_c.h\n'}
[1.993367] (px4_msgs) StdoutLine: {'line': b'-- Up-to-date: /home/harsh/ros2_project/install/px4_msgs/include/px4_msgs/px4_msgs/msg/detail/failure_detector_status__rosidl_typesupport_fastrtps_c.h\n'}
[1.993499] (px4_msgs) StdoutLine: {'line': b'-- Up-to-date: /home/harsh/ros2_project/install/px4_msgs/include/px4_msgs/px4_msgs/msg/detail/sensor_baro__rosidl_typesupport_fastrtps_c.h\n'}
[1.993559] (px4_msgs) StdoutLine: {'line': b'-- Up-to-date: /home/harsh/ros2_project/install/px4_msgs/include/px4_msgs/px4_msgs/msg/detail/message_format_request__rosidl_typesupport_fastrtps_c.h\n'}
[1.993619] (px4_msgs) StdoutLine: {'line': b'-- Up-to-date: /home/harsh/ros2_project/install/px4_msgs/include/px4_msgs/px4_msgs/msg/detail/estimator_aid_source2d__rosidl_typesupport_fastrtps_c.h\n'}
[1.993676] (px4_msgs) StdoutLine: {'line': b'-- Up-to-date: /home/harsh/ros2_project/install/px4_msgs/include/px4_msgs/px4_msgs/msg/detail/vehicle_odometry__rosidl_typesupport_fastrtps_c.h\n'}
[1.993733] (px4_msgs) StdoutLine: {'line': b'-- Up-to-date: /home/harsh/ros2_project/install/px4_msgs/include/px4_msgs/px4_msgs/msg/detail/sensor_airflow__rosidl_typesupport_fastrtps_c.h\n'}
[1.993788] (px4_msgs) StdoutLine: {'line': b'-- Up-to-date: /home/harsh/ros2_project/install/px4_msgs/include/px4_msgs/px4_msgs/msg/detail/sensor_gyro_fft__rosidl_typesupport_fastrtps_c.h\n'}
[1.993845] (px4_msgs) StdoutLine: {'line': b'-- Up-to-date: /home/harsh/ros2_project/install/px4_msgs/include/px4_msgs/px4_msgs/msg/detail/gimbal_device_attitude_status__rosidl_typesupport_fastrtps_c.h\n'}
[1.993904] (px4_msgs) StdoutLine: {'line': b'-- Up-to-date: /home/harsh/ros2_project/install/px4_msgs/include/px4_msgs/px4_msgs/msg/detail/camera_capture__rosidl_typesupport_fastrtps_c.h\n'}
[1.993961] (px4_msgs) StdoutLine: {'line': b'-- Up-to-date: /home/harsh/ros2_project/install/px4_msgs/include/px4_msgs/px4_msgs/msg/detail/gimbal_device_information__rosidl_typesupport_fastrtps_c.h\n'}
[1.994027] (px4_msgs) StdoutLine: {'line': b'-- Up-to-date: /home/harsh/ros2_project/install/px4_msgs/include/px4_msgs/px4_msgs/msg/detail/landing_gear__rosidl_typesupport_fastrtps_c.h\n'}
[1.994087] (px4_msgs) StdoutLine: {'line': b'-- Up-to-date: /home/harsh/ros2_project/install/px4_msgs/include/px4_msgs/px4_msgs/msg/detail/position_setpoint__rosidl_typesupport_fastrtps_c.h\n'}
[1.994145] (px4_msgs) StdoutLine: {'line': b'-- Up-to-date: /home/harsh/ros2_project/install/px4_msgs/include/px4_msgs/px4_msgs/msg/detail/radio_status__rosidl_typesupport_fastrtps_c.h\n'}
[1.994202] (px4_msgs) StdoutLine: {'line': b'-- Up-to-date: /home/harsh/ros2_project/install/px4_msgs/include/px4_msgs/px4_msgs/msg/detail/vehicle_angular_acceleration_setpoint__rosidl_typesupport_fastrtps_c.h\n'}
[1.994260] (px4_msgs) StdoutLine: {'line': b'-- Up-to-date: /home/harsh/ros2_project/install/px4_msgs/include/px4_msgs/px4_msgs/msg/detail/logger_status__rosidl_typesupport_fastrtps_c.h\n'}
[1.994317] (px4_msgs) StdoutLine: {'line': b'-- Up-to-date: /home/harsh/ros2_project/install/px4_msgs/include/px4_msgs/px4_msgs/msg/detail/config_overrides__rosidl_typesupport_fastrtps_c.h\n'}
[1.994448] (px4_msgs) StdoutLine: {'line': b'-- Up-to-date: /home/harsh/ros2_project/install/px4_msgs/include/px4_msgs/px4_msgs/msg/detail/sensor_selection__rosidl_typesupport_fastrtps_c.h\n'}
[1.994510] (px4_msgs) StdoutLine: {'line': b'-- Up-to-date: /home/harsh/ros2_project/install/px4_msgs/include/px4_msgs/px4_msgs/msg/detail/uavcan_parameter_request__rosidl_typesupport_fastrtps_c.h\n'}
[1.994645] (px4_msgs) StdoutLine: {'line': b'-- Up-to-date: /home/harsh/ros2_project/install/px4_msgs/include/px4_msgs/px4_msgs/msg/detail/sensor_preflight_mag__rosidl_typesupport_fastrtps_c.h\n'}
[1.994704] (px4_msgs) StdoutLine: {'line': b'-- Up-to-date: /home/harsh/ros2_project/install/px4_msgs/include/px4_msgs/px4_msgs/msg/detail/message_format_response__rosidl_typesupport_fastrtps_c.h\n'}
[1.994764] (px4_msgs) StdoutLine: {'line': b'-- Up-to-date: /home/harsh/ros2_project/install/px4_msgs/include/px4_msgs/px4_msgs/msg/detail/gimbal_manager_set_attitude__rosidl_typesupport_fastrtps_c.h\n'}
[1.994833] (px4_msgs) StdoutLine: {'line': b'-- Up-to-date: /home/harsh/ros2_project/install/px4_msgs/include/px4_msgs/px4_msgs/msg/detail/button_event__rosidl_typesupport_fastrtps_c.h\n'}
[1.994900] (px4_msgs) StdoutLine: {'line': b'-- Up-to-date: /home/harsh/ros2_project/install/px4_msgs/include/px4_msgs/px4_msgs/msg/detail/offboard_control_mode__rosidl_typesupport_fastrtps_c.h\n'}
[1.994964] (px4_msgs) StdoutLine: {'line': b'-- Up-to-date: /home/harsh/ros2_project/install/px4_msgs/include/px4_msgs/px4_msgs/msg/detail/flight_phase_estimation__rosidl_typesupport_fastrtps_c.h\n'}
[1.995036] (px4_msgs) StdoutLine: {'line': b'-- Up-to-date: /home/harsh/ros2_project/install/px4_msgs/include/px4_msgs/px4_msgs/msg/detail/action_request__rosidl_typesupport_fastrtps_c.h\n'}
[1.995096] (px4_msgs) StdoutLine: {'line': b'-- Up-to-date: /home/harsh/ros2_project/install/px4_msgs/include/px4_msgs/px4_msgs/msg/detail/vehicle_constraints__rosidl_typesupport_fastrtps_c.h\n'}
[1.995153] (px4_msgs) StdoutLine: {'line': b'-- Up-to-date: /home/harsh/ros2_project/install/px4_msgs/include/px4_msgs/px4_msgs/msg/detail/ekf2_timestamps__rosidl_typesupport_fastrtps_c.h\n'}
[1.995209] (px4_msgs) StdoutLine: {'line': b'-- Up-to-date: /home/harsh/ros2_project/install/px4_msgs/include/px4_msgs/px4_msgs/msg/detail/adc_report__rosidl_typesupport_fastrtps_c.h\n'}
[1.995265] (px4_msgs) StdoutLine: {'line': b'-- Up-to-date: /home/harsh/ros2_project/install/px4_msgs/include/px4_msgs/px4_msgs/msg/detail/orbit_status__rosidl_typesupport_fastrtps_c.h\n'}
[1.995399] (px4_msgs) StdoutLine: {'line': b'-- Up-to-date: /home/harsh/ros2_project/install/px4_msgs/include/px4_msgs/px4_msgs/msg/detail/rtl_time_estimate__rosidl_typesupport_fastrtps_c.h\n'}
[1.995464] (px4_msgs) StdoutLine: {'line': b'-- Up-to-date: /home/harsh/ros2_project/install/px4_msgs/include/px4_msgs/px4_msgs/msg/detail/orb_test_medium__rosidl_typesupport_fastrtps_c.h\n'}
[1.995524] (px4_msgs) StdoutLine: {'line': b'-- Up-to-date: /home/harsh/ros2_project/install/px4_msgs/include/px4_msgs/px4_msgs/msg/detail/pps_capture__rosidl_typesupport_fastrtps_c.h\n'}
[1.995582] (px4_msgs) StdoutLine: {'line': b'-- Up-to-date: /home/harsh/ros2_project/install/px4_msgs/include/px4_msgs/px4_msgs/msg/detail/sensor_combined__rosidl_typesupport_fastrtps_c.h\n'}
[1.995638] (px4_msgs) StdoutLine: {'line': b'-- Up-to-date: /home/harsh/ros2_project/install/px4_msgs/include/px4_msgs/px4_msgs/msg/detail/manual_control_setpoint__rosidl_typesupport_fastrtps_c.h\n'}
[1.995697] (px4_msgs) StdoutLine: {'line': b'-- Up-to-date: /home/harsh/ros2_project/install/px4_msgs/include/px4_msgs/px4_msgs/msg/detail/vehicle_status__rosidl_typesupport_fastrtps_c.h\n'}
[1.995753] (px4_msgs) StdoutLine: {'line': b'-- Up-to-date: /home/harsh/ros2_project/install/px4_msgs/include/px4_msgs/px4_msgs/msg/detail/timesync_status__rosidl_typesupport_fastrtps_c.h\n'}
[1.995811] (px4_msgs) StdoutLine: {'line': b'-- Up-to-date: /home/harsh/ros2_project/install/px4_msgs/include/px4_msgs/px4_msgs/msg/detail/sensors_status__rosidl_typesupport_fastrtps_c.h\n'}
[1.995869] (px4_msgs) StdoutLine: {'line': b'-- Up-to-date: /home/harsh/ros2_project/install/px4_msgs/include/px4_msgs/px4_msgs/msg/detail/qshell_retval__rosidl_typesupport_fastrtps_c.h\n'}
[1.995927] (px4_msgs) StdoutLine: {'line': b'-- Up-to-date: /home/harsh/ros2_project/install/px4_msgs/include/px4_msgs/px4_msgs/msg/detail/esc_status__rosidl_typesupport_fastrtps_c.h\n'}
[1.996074] (px4_msgs) StdoutLine: {'line': b'-- Up-to-date: /home/harsh/ros2_project/install/px4_msgs/include/px4_msgs/px4_msgs/msg/detail/mavlink_log__rosidl_typesupport_fastrtps_c.h\n'}
[1.996136] (px4_msgs) StdoutLine: {'line': b'-- Up-to-date: /home/harsh/ros2_project/install/px4_msgs/include/px4_msgs/px4_msgs/msg/detail/ulog_stream_ack__rosidl_typesupport_fastrtps_c.h\n'}
[1.996196] (px4_msgs) StdoutLine: {'line': b'-- Up-to-date: /home/harsh/ros2_project/install/px4_msgs/include/px4_msgs/px4_msgs/msg/detail/camera_trigger__rosidl_typesupport_fastrtps_c.h\n'}
[1.996253] (px4_msgs) StdoutLine: {'line': b'-- Up-to-date: /home/harsh/ros2_project/install/px4_msgs/include/px4_msgs/px4_msgs/msg/detail/health_report__rosidl_typesupport_fastrtps_c.h\n'}
[1.996380] (px4_msgs) StdoutLine: {'line': b'-- Up-to-date: /home/harsh/ros2_project/install/px4_msgs/include/px4_msgs/px4_msgs/msg/detail/gimbal_controls__rosidl_typesupport_fastrtps_c.h\n'}
[1.996443] (px4_msgs) StdoutLine: {'line': b'-- Up-to-date: /home/harsh/ros2_project/install/px4_msgs/include/px4_msgs/px4_msgs/msg/detail/vehicle_torque_setpoint__rosidl_typesupport_fastrtps_c.h\n'}
[1.996502] (px4_msgs) StdoutLine: {'line': b'-- Up-to-date: /home/harsh/ros2_project/install/px4_msgs/include/px4_msgs/px4_msgs/msg/detail/ulog_stream__rosidl_typesupport_fastrtps_c.h\n'}
[1.996563] (px4_msgs) StdoutLine: {'line': b'-- Up-to-date: /home/harsh/ros2_project/install/px4_msgs/include/px4_msgs/px4_msgs/msg/detail/vehicle_optical_flow__rosidl_typesupport_fastrtps_c.h\n'}
[1.996622] (px4_msgs) StdoutLine: {'line': b'-- Up-to-date: /home/harsh/ros2_project/install/px4_msgs/include/px4_msgs/px4_msgs/msg/detail/follow_target_status__rosidl_typesupport_fastrtps_c.h\n'}
[1.996683] (px4_msgs) StdoutLine: {'line': b'-- Up-to-date: /home/harsh/ros2_project/install/px4_msgs/include/px4_msgs/px4_msgs/msg/detail/event__rosidl_typesupport_fastrtps_c.h\n'}
[1.996742] (px4_msgs) StdoutLine: {'line': b'-- Up-to-date: /home/harsh/ros2_project/install/px4_msgs/include/px4_msgs/px4_msgs/msg/detail/orb_test__rosidl_typesupport_fastrtps_c.h\n'}
[1.996799] (px4_msgs) StdoutLine: {'line': b'-- Up-to-date: /home/harsh/ros2_project/install/px4_msgs/include/px4_msgs/px4_msgs/msg/detail/rtl_status__rosidl_typesupport_fastrtps_c.h\n'}
[1.996856] (px4_msgs) StdoutLine: {'line': b'-- Up-to-date: /home/harsh/ros2_project/install/px4_msgs/include/px4_msgs/px4_msgs/msg/detail/landing_gear_wheel__rosidl_typesupport_fastrtps_c.h\n'}
[1.996914] (px4_msgs) StdoutLine: {'line': b'-- Up-to-date: /home/harsh/ros2_project/install/px4_msgs/include/px4_msgs/px4_msgs/msg/detail/unregister_ext_component__rosidl_typesupport_fastrtps_c.h\n'}
[1.996972] (px4_msgs) StdoutLine: {'line': b'-- Up-to-date: /home/harsh/ros2_project/install/px4_msgs/include/px4_msgs/px4_msgs/msg/detail/sensors_status_imu__rosidl_typesupport_fastrtps_c.h\n'}
[1.997043] (px4_msgs) StdoutLine: {'line': b'-- Up-to-date: /home/harsh/ros2_project/install/px4_msgs/include/px4_msgs/px4_msgs/msg/detail/input_rc__rosidl_typesupport_fastrtps_c.h\n'}
[1.997103] (px4_msgs) StdoutLine: {'line': b'-- Up-to-date: /home/harsh/ros2_project/install/px4_msgs/include/px4_msgs/px4_msgs/msg/detail/generator_status__rosidl_typesupport_fastrtps_c.h\n'}
[1.997162] (px4_msgs) StdoutLine: {'line': b'-- Up-to-date: /home/harsh/ros2_project/install/px4_msgs/include/px4_msgs/px4_msgs/msg/detail/qshell_req__rosidl_typesupport_fastrtps_c.h\n'}
[1.997223] (px4_msgs) StdoutLine: {'line': b'-- Up-to-date: /home/harsh/ros2_project/install/px4_msgs/include/px4_msgs/px4_msgs/msg/detail/dataman_request__rosidl_typesupport_fastrtps_c.h\n'}
[1.997431] (px4_msgs) StdoutLine: {'line': b'-- Up-to-date: /home/harsh/ros2_project/install/px4_msgs/include/px4_msgs/px4_msgs/msg/detail/sensor_hygrometer__rosidl_typesupport_fastrtps_c.h\n'}
[1.997494] (px4_msgs) StdoutLine: {'line': b'-- Up-to-date: /home/harsh/ros2_project/install/px4_msgs/include/px4_msgs/px4_msgs/msg/detail/vehicle_local_position__rosidl_typesupport_fastrtps_c.h\n'}
[1.997629] (px4_msgs) StdoutLine: {'line': b'-- Up-to-date: /home/harsh/ros2_project/install/px4_msgs/include/px4_msgs/px4_msgs/msg/detail/goto_setpoint__rosidl_typesupport_fastrtps_c.h\n'}
[1.997691] (px4_msgs) StdoutLine: {'line': b'-- Up-to-date: /home/harsh/ros2_project/install/px4_msgs/include/px4_msgs/px4_msgs/msg/detail/actuator_outputs__rosidl_typesupport_fastrtps_c.h\n'}
[1.997754] (px4_msgs) StdoutLine: {'line': b'-- Up-to-date: /home/harsh/ros2_project/install/px4_msgs/include/px4_msgs/px4_msgs/msg/detail/navigator_mission_item__rosidl_typesupport_fastrtps_c.h\n'}
[1.997814] (px4_msgs) StdoutLine: {'line': b'-- Up-to-date: /home/harsh/ros2_project/install/px4_msgs/include/px4_msgs/px4_msgs/msg/detail/position_controller_status__rosidl_typesupport_fastrtps_c.h\n'}
[1.997881] (px4_msgs) StdoutLine: {'line': b'-- Up-to-date: /home/harsh/ros2_project/install/px4_msgs/include/px4_msgs/px4_msgs/msg/detail/power_button_state__rosidl_typesupport_fastrtps_c.h\n'}
[1.997943] (px4_msgs) StdoutLine: {'line': b'-- Up-to-date: /home/harsh/ros2_project/install/px4_msgs/include/px4_msgs/px4_msgs/msg/detail/differential_pressure__rosidl_typesupport_fastrtps_c.h\n'}
[1.998014] (px4_msgs) StdoutLine: {'line': b'-- Up-to-date: /home/harsh/ros2_project/install/px4_msgs/include/px4_msgs/px4_msgs/msg/detail/camera_status__rosidl_typesupport_fastrtps_c.h\n'}
[1.998078] (px4_msgs) StdoutLine: {'line': b'-- Up-to-date: /home/harsh/ros2_project/install/px4_msgs/include/px4_msgs/px4_msgs/msg/detail/estimator_sensor_bias__rosidl_typesupport_fastrtps_c.h\n'}
[1.998138] (px4_msgs) StdoutLine: {'line': b'-- Up-to-date: /home/harsh/ros2_project/install/px4_msgs/include/px4_msgs/px4_msgs/msg/detail/heater_status__rosidl_typesupport_fastrtps_c.h\n'}
[1.998197] (px4_msgs) StdoutLine: {'line': b'-- Up-to-date: /home/harsh/ros2_project/install/px4_msgs/include/px4_msgs/px4_msgs/msg/detail/rate_ctrl_status__rosidl_typesupport_fastrtps_c.h\n'}
[1.998335] (px4_msgs) StdoutLine: {'line': b'-- Up-to-date: /home/harsh/ros2_project/install/px4_msgs/include/px4_msgs/px4_msgs/msg/detail/orb_test_large__rosidl_typesupport_fastrtps_c.h\n'}
[1.998406] (px4_msgs) StdoutLine: {'line': b'-- Up-to-date: /home/harsh/ros2_project/install/px4_msgs/include/px4_msgs/px4_msgs/msg/detail/arming_check_reply__rosidl_typesupport_fastrtps_c.h\n'}
[1.998468] (px4_msgs) StdoutLine: {'line': b'-- Up-to-date: /home/harsh/ros2_project/install/px4_msgs/include/px4_msgs/px4_msgs/msg/detail/follow_target_estimator__rosidl_typesupport_fastrtps_c.h\n'}
[1.998530] (px4_msgs) StdoutLine: {'line': b'-- Up-to-date: /home/harsh/ros2_project/install/px4_msgs/include/px4_msgs/px4_msgs/msg/detail/collision_constraints__rosidl_typesupport_fastrtps_c.h\n'}
[1.998591] (px4_msgs) StdoutLine: {'line': b'-- Up-to-date: /home/harsh/ros2_project/install/px4_msgs/include/px4_msgs/px4_msgs/msg/detail/mag_worker_data__rosidl_typesupport_fastrtps_c.h\n'}
[1.998651] (px4_msgs) StdoutLine: {'line': b'-- Up-to-date: /home/harsh/ros2_project/install/px4_msgs/include/px4_msgs/px4_msgs/msg/detail/distance_sensor__rosidl_typesupport_fastrtps_c.h\n'}
[1.998717] (px4_msgs) StdoutLine: {'line': b'-- Up-to-date: /home/harsh/ros2_project/install/px4_msgs/include/px4_msgs/px4_msgs/msg/detail/vehicle_thrust_setpoint__rosidl_typesupport_fastrtps_c.h\n'}
[1.998782] (px4_msgs) StdoutLine: {'line': b'-- Up-to-date: /home/harsh/ros2_project/install/px4_msgs/include/px4_msgs/px4_msgs/msg/detail/obstacle_distance__rosidl_typesupport_fastrtps_c.h\n'}
[1.998841] (px4_msgs) StdoutLine: {'line': b'-- Up-to-date: /home/harsh/ros2_project/install/px4_msgs/include/px4_msgs/px4_msgs/msg/detail/gimbal_manager_status__rosidl_typesupport_fastrtps_c.h\n'}
[1.998902] (px4_msgs) StdoutLine: {'line': b'-- Up-to-date: /home/harsh/ros2_project/install/px4_msgs/include/px4_msgs/px4_msgs/msg/detail/debug_key_value__rosidl_typesupport_fastrtps_c.h\n'}
[1.998961] (px4_msgs) StdoutLine: {'line': b'-- Up-to-date: /home/harsh/ros2_project/install/px4_msgs/include/px4_msgs/px4_msgs/msg/detail/magnetometer_bias_estimate__rosidl_typesupport_fastrtps_c.h\n'}
[1.999201] (px4_msgs) StdoutLine: {'line': b'-- Up-to-date: /home/harsh/ros2_project/install/px4_msgs/include/px4_msgs/px4_msgs/msg/detail/ping__rosidl_typesupport_fastrtps_c.h\n'}
[1.999270] (px4_msgs) StdoutLine: {'line': b'-- Up-to-date: /home/harsh/ros2_project/install/px4_msgs/include/px4_msgs/px4_msgs/msg/detail/irlock_report__rosidl_typesupport_fastrtps_c.h\n'}
[1.999339] (px4_msgs) StdoutLine: {'line': b'-- Up-to-date: /home/harsh/ros2_project/install/px4_msgs/include/px4_msgs/px4_msgs/msg/detail/uavcan_parameter_value__rosidl_typesupport_fastrtps_c.h\n'}
[1.999404] (px4_msgs) StdoutLine: {'line': b'-- Up-to-date: /home/harsh/ros2_project/install/px4_msgs/include/px4_msgs/px4_msgs/msg/detail/register_ext_component_request__rosidl_typesupport_fastrtps_c.h\n'}
[1.999474] (px4_msgs) StdoutLine: {'line': b'-- Up-to-date: /home/harsh/ros2_project/install/px4_msgs/include/px4_msgs/px4_msgs/msg/detail/actuator_servos_trim__rosidl_typesupport_fastrtps_c.h\n'}
[1.999720] (px4_msgs) StdoutLine: {'line': b'-- Up-to-date: /home/harsh/ros2_project/install/px4_msgs/include/px4_msgs/px4_msgs/msg/detail/parameter_set_used_request__rosidl_typesupport_fastrtps_c.h\n'}
[1.999785] (px4_msgs) StdoutLine: {'line': b'-- Up-to-date: /home/harsh/ros2_project/install/px4_msgs/include/px4_msgs/px4_msgs/msg/detail/sensor_gnss_relative__rosidl_typesupport_fastrtps_c.h\n'}
[1.999858] (px4_msgs) StdoutLine: {'line': b'-- Up-to-date: /home/harsh/ros2_project/install/px4_msgs/include/px4_msgs/px4_msgs/msg/detail/airspeed__rosidl_typesupport_fastrtps_c.h\n'}
[1.999962] (px4_msgs) StdoutLine: {'line': b'-- Up-to-date: /home/harsh/ros2_project/install/px4_msgs/include/px4_msgs/px4_msgs/msg/detail/parameter_update__rosidl_typesupport_fastrtps_c.h\n'}
[2.000109] (px4_msgs) StdoutLine: {'line': b'-- Up-to-date: /home/harsh/ros2_project/install/px4_msgs/include/px4_msgs/px4_msgs/msg/detail/vehicle_magnetometer__rosidl_typesupport_fastrtps_c.h\n'}
[2.000171] (px4_msgs) StdoutLine: {'line': b'-- Up-to-date: /home/harsh/ros2_project/install/px4_msgs/include/px4_msgs/px4_msgs/msg/detail/vehicle_command__rosidl_typesupport_fastrtps_c.h\n'}
[2.000229] (px4_msgs) StdoutLine: {'line': b'-- Up-to-date: /home/harsh/ros2_project/install/px4_msgs/include/px4_msgs/px4_msgs/msg/detail/gps_dump__rosidl_typesupport_fastrtps_c.h\n'}
[2.000287] (px4_msgs) StdoutLine: {'line': b'-- Up-to-date: /home/harsh/ros2_project/install/px4_msgs/include/px4_msgs/px4_msgs/msg/detail/estimator_states__rosidl_typesupport_fastrtps_c.h\n'}
[2.000345] (px4_msgs) StdoutLine: {'line': b'-- Up-to-date: /home/harsh/ros2_project/install/px4_msgs/include/px4_msgs/px4_msgs/msg/detail/estimator_event_flags__rosidl_typesupport_fastrtps_c.h\n'}
[2.000404] (px4_msgs) StdoutLine: {'line': b'-- Up-to-date: /home/harsh/ros2_project/install/px4_msgs/include/px4_msgs/px4_msgs/msg/detail/vehicle_trajectory_waypoint__rosidl_typesupport_fastrtps_c.h\n'}
[2.000562] (px4_msgs) StdoutLine: {'line': b'-- Up-to-date: /home/harsh/ros2_project/install/px4_msgs/include/px4_msgs/px4_msgs/msg/detail/actuator_servos__rosidl_typesupport_fastrtps_c.h\n'}
[2.000630] (px4_msgs) StdoutLine: {'line': b'-- Up-to-date: /home/harsh/ros2_project/install/px4_msgs/include/px4_msgs/px4_msgs/srv\n'}
[2.000685] (px4_msgs) StdoutLine: {'line': b'-- Up-to-date: /home/harsh/ros2_project/install/px4_msgs/include/px4_msgs/px4_msgs/srv/detail\n'}
[2.000751] (px4_msgs) StdoutLine: {'line': b'-- Up-to-date: /home/harsh/ros2_project/install/px4_msgs/include/px4_msgs/px4_msgs/srv/detail/vehicle_command__rosidl_typesupport_fastrtps_c.h\n'}
[2.000813] (px4_msgs) StdoutLine: {'line': b'-- Up-to-date: /home/harsh/ros2_project/install/px4_msgs/lib/libpx4_msgs__rosidl_typesupport_fastrtps_c.so\n'}
[2.000873] (px4_msgs) StdoutLine: {'line': b'-- Up-to-date: /home/harsh/ros2_project/install/px4_msgs/include/px4_msgs/px4_msgs\n'}
[2.000932] (px4_msgs) StdoutLine: {'line': b'-- Up-to-date: /home/harsh/ros2_project/install/px4_msgs/include/px4_msgs/px4_msgs/msg\n'}
[2.001016] (px4_msgs) StdoutLine: {'line': b'-- Up-to-date: /home/harsh/ros2_project/install/px4_msgs/include/px4_msgs/px4_msgs/msg/figure_eight_status.hpp\n'}
[2.001115] (px4_msgs) StdoutLine: {'line': b'-- Up-to-date: /home/harsh/ros2_project/install/px4_msgs/include/px4_msgs/px4_msgs/msg/sensor_gyro.hpp\n'}
[2.001172] (px4_msgs) StdoutLine: {'line': b'-- Up-to-date: /home/harsh/ros2_project/install/px4_msgs/include/px4_msgs/px4_msgs/msg/actuator_armed.hpp\n'}
[2.001229] (px4_msgs) StdoutLine: {'line': b'-- Up-to-date: /home/harsh/ros2_project/install/px4_msgs/include/px4_msgs/px4_msgs/msg/pps_capture.hpp\n'}
[2.001294] (px4_msgs) StdoutLine: {'line': b'-- Up-to-date: /home/harsh/ros2_project/install/px4_msgs/include/px4_msgs/px4_msgs/msg/estimator_aid_source3d.hpp\n'}
[2.001419] (px4_msgs) StdoutLine: {'line': b'-- Up-to-date: /home/harsh/ros2_project/install/px4_msgs/include/px4_msgs/px4_msgs/msg/sensors_status.hpp\n'}
[2.001506] (px4_msgs) StdoutLine: {'line': b'-- Up-to-date: /home/harsh/ros2_project/install/px4_msgs/include/px4_msgs/px4_msgs/msg/vehicle_attitude_setpoint.hpp\n'}
[2.001632] (px4_msgs) StdoutLine: {'line': b'-- Up-to-date: /home/harsh/ros2_project/install/px4_msgs/include/px4_msgs/px4_msgs/msg/trajectory_bezier.hpp\n'}
[2.001697] (px4_msgs) StdoutLine: {'line': b'-- Up-to-date: /home/harsh/ros2_project/install/px4_msgs/include/px4_msgs/px4_msgs/msg/onboard_computer_status.hpp\n'}
[2.001793] (px4_msgs) StdoutLine: {'line': b'-- Up-to-date: /home/harsh/ros2_project/install/px4_msgs/include/px4_msgs/px4_msgs/msg/estimator_event_flags.hpp\n'}
[2.001853] (px4_msgs) StdoutLine: {'line': b'-- Up-to-date: /home/harsh/ros2_project/install/px4_msgs/include/px4_msgs/px4_msgs/msg/gimbal_device_information.hpp\n'}
[2.001914] (px4_msgs) StdoutLine: {'line': b'-- Up-to-date: /home/harsh/ros2_project/install/px4_msgs/include/px4_msgs/px4_msgs/msg/timesync_status.hpp\n'}
[2.001994] (px4_msgs) StdoutLine: {'line': b'-- Up-to-date: /home/harsh/ros2_project/install/px4_msgs/include/px4_msgs/px4_msgs/msg/mag_worker_data.hpp\n'}
[2.002060] (px4_msgs) StdoutLine: {'line': b'-- Up-to-date: /home/harsh/ros2_project/install/px4_msgs/include/px4_msgs/px4_msgs/msg/tecs_status.hpp\n'}
[2.002126] (px4_msgs) StdoutLine: {'line': b'-- Up-to-date: /home/harsh/ros2_project/install/px4_msgs/include/px4_msgs/px4_msgs/msg/qshell_req.hpp\n'}
[2.002198] (px4_msgs) StdoutLine: {'line': b'-- Up-to-date: /home/harsh/ros2_project/install/px4_msgs/include/px4_msgs/px4_msgs/msg/parameter_set_value_response.hpp\n'}
[2.002272] (px4_msgs) StdoutLine: {'line': b'-- Up-to-date: /home/harsh/ros2_project/install/px4_msgs/include/px4_msgs/px4_msgs/msg/vehicle_control_mode.hpp\n'}
[2.002380] (px4_msgs) StdoutLine: {'line': b'-- Up-to-date: /home/harsh/ros2_project/install/px4_msgs/include/px4_msgs/px4_msgs/msg/goto_setpoint.hpp\n'}
[2.002457] (px4_msgs) StdoutLine: {'line': b'-- Up-to-date: /home/harsh/ros2_project/install/px4_msgs/include/px4_msgs/px4_msgs/msg/estimator_status.hpp\n'}
[2.002543] (px4_msgs) StdoutLine: {'line': b'-- Up-to-date: /home/harsh/ros2_project/install/px4_msgs/include/px4_msgs/px4_msgs/msg/vehicle_torque_setpoint.hpp\n'}
[2.002617] (px4_msgs) StdoutLine: {'line': b'-- Up-to-date: /home/harsh/ros2_project/install/px4_msgs/include/px4_msgs/px4_msgs/msg/vehicle_thrust_setpoint.hpp\n'}
[2.002672] (px4_msgs) StdoutLine: {'line': b'-- Up-to-date: /home/harsh/ros2_project/install/px4_msgs/include/px4_msgs/px4_msgs/msg/mavlink_tunnel.hpp\n'}
[2.002744] (px4_msgs) StdoutLine: {'line': b'-- Up-to-date: /home/harsh/ros2_project/install/px4_msgs/include/px4_msgs/px4_msgs/msg/camera_status.hpp\n'}
[2.002804] (px4_msgs) StdoutLine: {'line': b'-- Up-to-date: /home/harsh/ros2_project/install/px4_msgs/include/px4_msgs/px4_msgs/msg/vehicle_status.hpp\n'}
[2.002874] (px4_msgs) StdoutLine: {'line': b'-- Up-to-date: /home/harsh/ros2_project/install/px4_msgs/include/px4_msgs/px4_msgs/msg/px4io_status.hpp\n'}
[2.002938] (px4_msgs) StdoutLine: {'line': b'-- Up-to-date: /home/harsh/ros2_project/install/px4_msgs/include/px4_msgs/px4_msgs/msg/esc_status.hpp\n'}
[2.003097] (px4_msgs) StdoutLine: {'line': b'-- Up-to-date: /home/harsh/ros2_project/install/px4_msgs/include/px4_msgs/px4_msgs/msg/vehicle_local_position_setpoint.hpp\n'}
[2.003184] (px4_msgs) StdoutLine: {'line': b'-- Up-to-date: /home/harsh/ros2_project/install/px4_msgs/include/px4_msgs/px4_msgs/msg/adc_report.hpp\n'}
[2.003334] (px4_msgs) StdoutLine: {'line': b'-- Up-to-date: /home/harsh/ros2_project/install/px4_msgs/include/px4_msgs/px4_msgs/msg/gpio_config.hpp\n'}
[2.003400] (px4_msgs) StdoutLine: {'line': b'-- Up-to-date: /home/harsh/ros2_project/install/px4_msgs/include/px4_msgs/px4_msgs/msg/unregister_ext_component.hpp\n'}
[2.003494] (px4_msgs) StdoutLine: {'line': b'-- Up-to-date: /home/harsh/ros2_project/install/px4_msgs/include/px4_msgs/px4_msgs/msg/rpm.hpp\n'}
[2.003569] (px4_msgs) StdoutLine: {'line': b'-- Up-to-date: /home/harsh/ros2_project/install/px4_msgs/include/px4_msgs/px4_msgs/msg/sensor_combined.hpp\n'}
[2.003631] (px4_msgs) StdoutLine: {'line': b'-- Up-to-date: /home/harsh/ros2_project/install/px4_msgs/include/px4_msgs/px4_msgs/msg/sensor_selection.hpp\n'}
[2.003686] (px4_msgs) StdoutLine: {'line': b'-- Up-to-date: /home/harsh/ros2_project/install/px4_msgs/include/px4_msgs/px4_msgs/msg/system_power.hpp\n'}
[2.003745] (px4_msgs) StdoutLine: {'line': b'-- Up-to-date: /home/harsh/ros2_project/install/px4_msgs/include/px4_msgs/px4_msgs/msg/debug_vect.hpp\n'}
[2.003809] (px4_msgs) StdoutLine: {'line': b'-- Up-to-date: /home/harsh/ros2_project/install/px4_msgs/include/px4_msgs/px4_msgs/msg/vehicle_angular_velocity.hpp\n'}
[2.003990] (px4_msgs) StdoutLine: {'line': b'-- Up-to-date: /home/harsh/ros2_project/install/px4_msgs/include/px4_msgs/px4_msgs/msg/uavcan_parameter_value.hpp\n'}
[2.004101] (px4_msgs) StdoutLine: {'line': b'-- Up-to-date: /home/harsh/ros2_project/install/px4_msgs/include/px4_msgs/px4_msgs/msg/estimator_gps_status.hpp\n'}
[2.004185] (px4_msgs) StdoutLine: {'line': b'-- Up-to-date: /home/harsh/ros2_project/install/px4_msgs/include/px4_msgs/px4_msgs/msg/position_setpoint.hpp\n'}
[2.004252] (px4_msgs) StdoutLine: {'line': b'-- Up-to-date: /home/harsh/ros2_project/install/px4_msgs/include/px4_msgs/px4_msgs/msg/actuator_motors.hpp\n'}
[2.004320] (px4_msgs) StdoutLine: {'line': b'-- Up-to-date: /home/harsh/ros2_project/install/px4_msgs/include/px4_msgs/px4_msgs/msg/cellular_status.hpp\n'}
[2.004386] (px4_msgs) StdoutLine: {'line': b'-- Up-to-date: /home/harsh/ros2_project/install/px4_msgs/include/px4_msgs/px4_msgs/msg/power_monitor.hpp\n'}
[2.004457] (px4_msgs) StdoutLine: {'line': b'-- Up-to-date: /home/harsh/ros2_project/install/px4_msgs/include/px4_msgs/px4_msgs/msg/offboard_control_mode.hpp\n'}
[2.004528] (px4_msgs) StdoutLine: {'line': b'-- Up-to-date: /home/harsh/ros2_project/install/px4_msgs/include/px4_msgs/px4_msgs/msg/estimator_sensor_bias.hpp\n'}
[2.004597] (px4_msgs) StdoutLine: {'line': b'-- Up-to-date: /home/harsh/ros2_project/install/px4_msgs/include/px4_msgs/px4_msgs/msg/gps_inject_data.hpp\n'}
[2.004666] (px4_msgs) StdoutLine: {'line': b'-- Up-to-date: /home/harsh/ros2_project/install/px4_msgs/include/px4_msgs/px4_msgs/msg/vehicle_trajectory_waypoint.hpp\n'}
[2.004739] (px4_msgs) StdoutLine: {'line': b'-- Up-to-date: /home/harsh/ros2_project/install/px4_msgs/include/px4_msgs/px4_msgs/msg/vehicle_imu.hpp\n'}
[2.004807] (px4_msgs) StdoutLine: {'line': b'-- Up-to-date: /home/harsh/ros2_project/install/px4_msgs/include/px4_msgs/px4_msgs/msg/parameter_update.hpp\n'}
[2.004875] (px4_msgs) StdoutLine: {'line': b'-- Up-to-date: /home/harsh/ros2_project/install/px4_msgs/include/px4_msgs/px4_msgs/msg/vehicle_local_position.hpp\n'}
[2.004944] (px4_msgs) StdoutLine: {'line': b'-- Up-to-date: /home/harsh/ros2_project/install/px4_msgs/include/px4_msgs/px4_msgs/msg/task_stack_info.hpp\n'}
[2.005028] (px4_msgs) StdoutLine: {'line': b'-- Up-to-date: /home/harsh/ros2_project/install/px4_msgs/include/px4_msgs/px4_msgs/msg/vehicle_constraints.hpp\n'}
[2.005105] (px4_msgs) StdoutLine: {'line': b'-- Up-to-date: /home/harsh/ros2_project/install/px4_msgs/include/px4_msgs/px4_msgs/msg/vehicle_angular_acceleration_setpoint.hpp\n'}
[2.005225] (px4_msgs) StdoutLine: {'line': b'-- Up-to-date: /home/harsh/ros2_project/install/px4_msgs/include/px4_msgs/px4_msgs/msg/actuator_controls_status.hpp\n'}
[2.005291] (px4_msgs) StdoutLine: {'line': b'-- Up-to-date: /home/harsh/ros2_project/install/px4_msgs/include/px4_msgs/px4_msgs/msg/vehicle_command.hpp\n'}
[2.005361] (px4_msgs) StdoutLine: {'line': b'-- Up-to-date: /home/harsh/ros2_project/install/px4_msgs/include/px4_msgs/px4_msgs/msg/velocity_limits.hpp\n'}
[2.005576] (-) TimerEvent: {}
[2.005755] (px4_msgs) StdoutLine: {'line': b'-- Up-to-date: /home/harsh/ros2_project/install/px4_msgs/include/px4_msgs/px4_msgs/msg/sensor_baro.hpp\n'}
[2.005857] (px4_msgs) StdoutLine: {'line': b'-- Up-to-date: /home/harsh/ros2_project/install/px4_msgs/include/px4_msgs/px4_msgs/msg/estimator_status_flags.hpp\n'}
[2.005934] (px4_msgs) StdoutLine: {'line': b'-- Up-to-date: /home/harsh/ros2_project/install/px4_msgs/include/px4_msgs/px4_msgs/msg/trajectory_setpoint.hpp\n'}
[2.006071] (px4_msgs) StdoutLine: {'line': b'-- Up-to-date: /home/harsh/ros2_project/install/px4_msgs/include/px4_msgs/px4_msgs/msg/sensor_accel.hpp\n'}
[2.006146] (px4_msgs) StdoutLine: {'line': b'-- Up-to-date: /home/harsh/ros2_project/install/px4_msgs/include/px4_msgs/px4_msgs/msg/health_report.hpp\n'}
[2.006221] (px4_msgs) StdoutLine: {'line': b'-- Up-to-date: /home/harsh/ros2_project/install/px4_msgs/include/px4_msgs/px4_msgs/msg/sensor_correction.hpp\n'}
[2.006291] (px4_msgs) StdoutLine: {'line': b'-- Up-to-date: /home/harsh/ros2_project/install/px4_msgs/include/px4_msgs/px4_msgs/msg/flight_phase_estimation.hpp\n'}
[2.006366] (px4_msgs) StdoutLine: {'line': b'-- Up-to-date: /home/harsh/ros2_project/install/px4_msgs/include/px4_msgs/px4_msgs/msg/mission.hpp\n'}
[2.006480] (px4_msgs) StdoutLine: {'line': b'-- Up-to-date: /home/harsh/ros2_project/install/px4_msgs/include/px4_msgs/px4_msgs/msg/log_message.hpp\n'}
[2.006553] (px4_msgs) StdoutLine: {'line': b'-- Up-to-date: /home/harsh/ros2_project/install/px4_msgs/include/px4_msgs/px4_msgs/msg/wind.hpp\n'}
[2.006627] (px4_msgs) StdoutLine: {'line': b'-- Up-to-date: /home/harsh/ros2_project/install/px4_msgs/include/px4_msgs/px4_msgs/msg/geofence_status.hpp\n'}
[2.006696] (px4_msgs) StdoutLine: {'line': b'-- Up-to-date: /home/harsh/ros2_project/install/px4_msgs/include/px4_msgs/px4_msgs/msg/sensor_gyro_fft.hpp\n'}
[2.006763] (px4_msgs) StdoutLine: {'line': b'-- Up-to-date: /home/harsh/ros2_project/install/px4_msgs/include/px4_msgs/px4_msgs/msg/vehicle_optical_flow_vel.hpp\n'}
[2.006830] (px4_msgs) StdoutLine: {'line': b'-- Up-to-date: /home/harsh/ros2_project/install/px4_msgs/include/px4_msgs/px4_msgs/msg/gimbal_manager_set_manual_control.hpp\n'}
[2.006895] (px4_msgs) StdoutLine: {'line': b'-- Up-to-date: /home/harsh/ros2_project/install/px4_msgs/include/px4_msgs/px4_msgs/msg/rtl_status.hpp\n'}
[2.006963] (px4_msgs) StdoutLine: {'line': b'-- Up-to-date: /home/harsh/ros2_project/install/px4_msgs/include/px4_msgs/px4_msgs/msg/vehicle_rates_setpoint.hpp\n'}
[2.007051] (px4_msgs) StdoutLine: {'line': b'-- Up-to-date: /home/harsh/ros2_project/install/px4_msgs/include/px4_msgs/px4_msgs/msg/ping.hpp\n'}
[2.007122] (px4_msgs) StdoutLine: {'line': b'-- Up-to-date: /home/harsh/ros2_project/install/px4_msgs/include/px4_msgs/px4_msgs/msg/landing_gear_wheel.hpp\n'}
[2.007192] (px4_msgs) StdoutLine: {'line': b'-- Up-to-date: /home/harsh/ros2_project/install/px4_msgs/include/px4_msgs/px4_msgs/msg/autotune_attitude_control_status.hpp\n'}
[2.007260] (px4_msgs) StdoutLine: {'line': b'-- Up-to-date: /home/harsh/ros2_project/install/px4_msgs/include/px4_msgs/px4_msgs/msg/position_controller_landing_status.hpp\n'}
[2.007327] (px4_msgs) StdoutLine: {'line': b'-- Up-to-date: /home/harsh/ros2_project/install/px4_msgs/include/px4_msgs/px4_msgs/msg/vehicle_land_detected.hpp\n'}
[2.007392] (px4_msgs) StdoutLine: {'line': b'-- Up-to-date: /home/harsh/ros2_project/install/px4_msgs/include/px4_msgs/px4_msgs/msg/actuator_test.hpp\n'}
[2.007463] (px4_msgs) StdoutLine: {'line': b'-- Up-to-date: /home/harsh/ros2_project/install/px4_msgs/include/px4_msgs/px4_msgs/msg/orb_test.hpp\n'}
[2.007596] (px4_msgs) StdoutLine: {'line': b'-- Up-to-date: /home/harsh/ros2_project/install/px4_msgs/include/px4_msgs/px4_msgs/msg/airspeed_wind.hpp\n'}
[2.007665] (px4_msgs) StdoutLine: {'line': b'-- Up-to-date: /home/harsh/ros2_project/install/px4_msgs/include/px4_msgs/px4_msgs/msg/actuator_outputs.hpp\n'}
[2.007733] (px4_msgs) StdoutLine: {'line': b'-- Up-to-date: /home/harsh/ros2_project/install/px4_msgs/include/px4_msgs/px4_msgs/msg/differential_pressure.hpp\n'}
[2.007798] (px4_msgs) StdoutLine: {'line': b'-- Up-to-date: /home/harsh/ros2_project/install/px4_msgs/include/px4_msgs/px4_msgs/msg/differential_drive_setpoint.hpp\n'}
[2.007864] (px4_msgs) StdoutLine: {'line': b'-- Up-to-date: /home/harsh/ros2_project/install/px4_msgs/include/px4_msgs/px4_msgs/msg/position_controller_status.hpp\n'}
[2.007935] (px4_msgs) StdoutLine: {'line': b'-- Up-to-date: /home/harsh/ros2_project/install/px4_msgs/include/px4_msgs/px4_msgs/msg/failsafe_flags.hpp\n'}
[2.008102] (px4_msgs) StdoutLine: {'line': b'-- Up-to-date: /home/harsh/ros2_project/install/px4_msgs/include/px4_msgs/px4_msgs/msg/heater_status.hpp\n'}
[2.008178] (px4_msgs) StdoutLine: {'line': b'-- Up-to-date: /home/harsh/ros2_project/install/px4_msgs/include/px4_msgs/px4_msgs/msg/sensor_optical_flow.hpp\n'}
[2.008243] (px4_msgs) StdoutLine: {'line': b'-- Up-to-date: /home/harsh/ros2_project/install/px4_msgs/include/px4_msgs/px4_msgs/msg/estimator_bias3d.hpp\n'}
[2.008310] (px4_msgs) StdoutLine: {'line': b'-- Up-to-date: /home/harsh/ros2_project/install/px4_msgs/include/px4_msgs/px4_msgs/msg/battery_status.hpp\n'}
[2.008380] (px4_msgs) StdoutLine: {'line': b'-- Up-to-date: /home/harsh/ros2_project/install/px4_msgs/include/px4_msgs/px4_msgs/msg/rate_ctrl_status.hpp\n'}
[2.008447] (px4_msgs) StdoutLine: {'line': b'-- Up-to-date: /home/harsh/ros2_project/install/px4_msgs/include/px4_msgs/px4_msgs/msg/sensor_gnss_relative.hpp\n'}
[2.008520] (px4_msgs) StdoutLine: {'line': b'-- Up-to-date: /home/harsh/ros2_project/install/px4_msgs/include/px4_msgs/px4_msgs/msg/sensor_hygrometer.hpp\n'}
[2.008586] (px4_msgs) StdoutLine: {'line': b'-- Up-to-date: /home/harsh/ros2_project/install/px4_msgs/include/px4_msgs/px4_msgs/msg/actuator_servos_trim.hpp\n'}
[2.008741] (px4_msgs) StdoutLine: {'line': b'-- Up-to-date: /home/harsh/ros2_project/install/px4_msgs/include/px4_msgs/px4_msgs/msg/gimbal_device_attitude_status.hpp\n'}
[2.008812] (px4_msgs) StdoutLine: {'line': b'-- Up-to-date: /home/harsh/ros2_project/install/px4_msgs/include/px4_msgs/px4_msgs/msg/estimator_aid_source1d.hpp\n'}
[2.008885] (px4_msgs) StdoutLine: {'line': b'-- Up-to-date: /home/harsh/ros2_project/install/px4_msgs/include/px4_msgs/px4_msgs/msg/action_request.hpp\n'}
[2.008956] (px4_msgs) StdoutLine: {'line': b'-- Up-to-date: /home/harsh/ros2_project/install/px4_msgs/include/px4_msgs/px4_msgs/msg/vehicle_global_position.hpp\n'}
[2.009052] (px4_msgs) StdoutLine: {'line': b'-- Up-to-date: /home/harsh/ros2_project/install/px4_msgs/include/px4_msgs/px4_msgs/msg/gimbal_controls.hpp\n'}
[2.009208] (px4_msgs) StdoutLine: {'line': b'-- Up-to-date: /home/harsh/ros2_project/install/px4_msgs/include/px4_msgs/px4_msgs/msg/navigator_mission_item.hpp\n'}
[2.009285] (px4_msgs) StdoutLine: {'line': b'-- Up-to-date: /home/harsh/ros2_project/install/px4_msgs/include/px4_msgs/px4_msgs/msg/launch_detection_status.hpp\n'}
[2.009354] (px4_msgs) StdoutLine: {'line': b'-- Up-to-date: /home/harsh/ros2_project/install/px4_msgs/include/px4_msgs/px4_msgs/msg/mount_orientation.hpp\n'}
[2.009423] (px4_msgs) StdoutLine: {'line': b'-- Up-to-date: /home/harsh/ros2_project/install/px4_msgs/include/px4_msgs/px4_msgs/msg/gimbal_manager_set_attitude.hpp\n'}
[2.009497] (px4_msgs) StdoutLine: {'line': b'-- Up-to-date: /home/harsh/ros2_project/install/px4_msgs/include/px4_msgs/px4_msgs/msg/vtol_vehicle_status.hpp\n'}
[2.009571] (px4_msgs) StdoutLine: {'line': b'-- Up-to-date: /home/harsh/ros2_project/install/px4_msgs/include/px4_msgs/px4_msgs/msg/gimbal_manager_information.hpp\n'}
[2.009794] (px4_msgs) StdoutLine: {'line': b'-- Up-to-date: /home/harsh/ros2_project/install/px4_msgs/include/px4_msgs/px4_msgs/msg/logger_status.hpp\n'}
[2.009857] (px4_msgs) StdoutLine: {'line': b'-- Up-to-date: /home/harsh/ros2_project/install/px4_msgs/include/px4_msgs/px4_msgs/msg/internal_combustion_engine_status.hpp\n'}
[2.009928] (px4_msgs) StdoutLine: {'line': b'-- Up-to-date: /home/harsh/ros2_project/install/px4_msgs/include/px4_msgs/px4_msgs/msg/takeoff_status.hpp\n'}
[2.010017] (px4_msgs) StdoutLine: {'line': b'-- Up-to-date: /home/harsh/ros2_project/install/px4_msgs/include/px4_msgs/px4_msgs/msg/vehicle_imu_status.hpp\n'}
[2.010088] (px4_msgs) StdoutLine: {'line': b'-- Up-to-date: /home/harsh/ros2_project/install/px4_msgs/include/px4_msgs/px4_msgs/msg/home_position.hpp\n'}
[2.010160] (px4_msgs) StdoutLine: {'line': b'-- Up-to-date: /home/harsh/ros2_project/install/px4_msgs/include/px4_msgs/px4_msgs/msg/follow_target.hpp\n'}
[2.010223] (px4_msgs) StdoutLine: {'line': b'-- Up-to-date: /home/harsh/ros2_project/install/px4_msgs/include/px4_msgs/px4_msgs/msg/pwm_input.hpp\n'}
[2.010286] (px4_msgs) StdoutLine: {'line': b'-- Up-to-date: /home/harsh/ros2_project/install/px4_msgs/include/px4_msgs/px4_msgs/msg/telemetry_status.hpp\n'}
[2.010356] (px4_msgs) StdoutLine: {'line': b'-- Up-to-date: /home/harsh/ros2_project/install/px4_msgs/include/px4_msgs/px4_msgs/msg/ulog_stream.hpp\n'}
[2.010421] (px4_msgs) StdoutLine: {'line': b'-- Up-to-date: /home/harsh/ros2_project/install/px4_msgs/include/px4_msgs/px4_msgs/msg/camera_trigger.hpp\n'}
[2.010483] (px4_msgs) StdoutLine: {'line': b'-- Up-to-date: /home/harsh/ros2_project/install/px4_msgs/include/px4_msgs/px4_msgs/msg/normalized_unsigned_setpoint.hpp\n'}
[2.010547] (px4_msgs) StdoutLine: {'line': b'-- Up-to-date: /home/harsh/ros2_project/install/px4_msgs/include/px4_msgs/px4_msgs/msg/sensor_airflow.hpp\n'}
[2.010606] (px4_msgs) StdoutLine: {'line': b'-- Up-to-date: /home/harsh/ros2_project/install/px4_msgs/include/px4_msgs/px4_msgs/msg/geofence_result.hpp\n'}
[2.010662] (px4_msgs) StdoutLine: {'line': b'-- Up-to-date: /home/harsh/ros2_project/install/px4_msgs/include/px4_msgs/px4_msgs/msg/buffer128.hpp\n'}
[2.010719] (px4_msgs) StdoutLine: {'line': b'-- Up-to-date: /home/harsh/ros2_project/install/px4_msgs/include/px4_msgs/px4_msgs/msg/config_overrides.hpp\n'}
[2.010782] (px4_msgs) StdoutLine: {'line': b'-- Up-to-date: /home/harsh/ros2_project/install/px4_msgs/include/px4_msgs/px4_msgs/msg/parameter_set_value_request.hpp\n'}
[2.010839] (px4_msgs) StdoutLine: {'line': b'-- Up-to-date: /home/harsh/ros2_project/install/px4_msgs/include/px4_msgs/px4_msgs/msg/wheel_encoders.hpp\n'}
[2.010901] (px4_msgs) StdoutLine: {'line': b'-- Up-to-date: /home/harsh/ros2_project/install/px4_msgs/include/px4_msgs/px4_msgs/msg/gps_dump.hpp\n'}
[2.011313] (px4_msgs) StdoutLine: {'line': b'-- Up-to-date: /home/harsh/ros2_project/install/px4_msgs/include/px4_msgs/px4_msgs/msg/led_control.hpp\n'}
[2.011468] (px4_msgs) StdoutLine: {'line': b'-- Up-to-date: /home/harsh/ros2_project/install/px4_msgs/include/px4_msgs/px4_msgs/msg/sensor_accel_fifo.hpp\n'}
[2.011767] (px4_msgs) StdoutLine: {'line': b'-- Up-to-date: /home/harsh/ros2_project/install/px4_msgs/include/px4_msgs/px4_msgs/msg/vehicle_acceleration.hpp\n'}
[2.011863] (px4_msgs) StdoutLine: {'line': b'-- Up-to-date: /home/harsh/ros2_project/install/px4_msgs/include/px4_msgs/px4_msgs/msg/vehicle_optical_flow.hpp\n'}
[2.011926] (px4_msgs) StdoutLine: {'line': b'-- Up-to-date: /home/harsh/ros2_project/install/px4_msgs/include/px4_msgs/px4_msgs/msg/rc_channels.hpp\n'}
[2.012072] (px4_msgs) StdoutLine: {'line': b'-- Up-to-date: /home/harsh/ros2_project/install/px4_msgs/include/px4_msgs/px4_msgs/msg/dataman_response.hpp\n'}
[2.012142] (px4_msgs) StdoutLine: {'line': b'-- Up-to-date: /home/harsh/ros2_project/install/px4_msgs/include/px4_msgs/px4_msgs/msg/estimator_states.hpp\n'}
[2.012201] (px4_msgs) StdoutLine: {'line': b'-- Up-to-date: /home/harsh/ros2_project/install/px4_msgs/include/px4_msgs/px4_msgs/msg/landing_target_pose.hpp\n'}
[2.012495] (px4_msgs) StdoutLine: {'line': b'-- Up-to-date: /home/harsh/ros2_project/install/px4_msgs/include/px4_msgs/px4_msgs/msg/orbit_status.hpp\n'}
[2.013126] (px4_msgs) StdoutLine: {'line': b'-- Up-to-date: /home/harsh/ros2_project/install/px4_msgs/include/px4_msgs/px4_msgs/msg/npfg_status.hpp\n'}
[2.013384] (px4_msgs) StdoutLine: {'line': b'-- Up-to-date: /home/harsh/ros2_project/install/px4_msgs/include/px4_msgs/px4_msgs/msg/vehicle_magnetometer.hpp\n'}
[2.013541] (px4_msgs) StdoutLine: {'line': b'-- Up-to-date: /home/harsh/ros2_project/install/px4_msgs/include/px4_msgs/px4_msgs/msg/uavcan_parameter_request.hpp\n'}
[2.013665] (px4_msgs) StdoutLine: {'line': b'-- Up-to-date: /home/harsh/ros2_project/install/px4_msgs/include/px4_msgs/px4_msgs/msg/mavlink_log.hpp\n'}
[2.013793] (px4_msgs) StdoutLine: {'line': b'-- Up-to-date: /home/harsh/ros2_project/install/px4_msgs/include/px4_msgs/px4_msgs/msg/satellite_info.hpp\n'}
[2.013903] (px4_msgs) StdoutLine: {'line': b'-- Up-to-date: /home/harsh/ros2_project/install/px4_msgs/include/px4_msgs/px4_msgs/msg/transponder_report.hpp\n'}
[2.014052] (px4_msgs) StdoutLine: {'line': b'-- Up-to-date: /home/harsh/ros2_project/install/px4_msgs/include/px4_msgs/px4_msgs/msg/event.hpp\n'}
[2.014177] (px4_msgs) StdoutLine: {'line': b'-- Up-to-date: /home/harsh/ros2_project/install/px4_msgs/include/px4_msgs/px4_msgs/msg/input_rc.hpp\n'}
[2.014287] (px4_msgs) StdoutLine: {'line': b'-- Up-to-date: /home/harsh/ros2_project/install/px4_msgs/include/px4_msgs/px4_msgs/msg/rtl_time_estimate.hpp\n'}
[2.014391] (px4_msgs) StdoutLine: {'line': b'-- Up-to-date: /home/harsh/ros2_project/install/px4_msgs/include/px4_msgs/px4_msgs/msg/vehicle_roi.hpp\n'}
[2.014503] (px4_msgs) StdoutLine: {'line': b'-- Up-to-date: /home/harsh/ros2_project/install/px4_msgs/include/px4_msgs/px4_msgs/msg/sensor_gyro_fifo.hpp\n'}
[2.014622] (px4_msgs) StdoutLine: {'line': b'-- Up-to-date: /home/harsh/ros2_project/install/px4_msgs/include/px4_msgs/px4_msgs/msg/power_button_state.hpp\n'}
[2.014727] (px4_msgs) StdoutLine: {'line': b'-- Up-to-date: /home/harsh/ros2_project/install/px4_msgs/include/px4_msgs/px4_msgs/msg/debug_value.hpp\n'}
[2.015021] (px4_msgs) StdoutLine: {'line': b'-- Up-to-date: /home/harsh/ros2_project/install/px4_msgs/include/px4_msgs/px4_msgs/msg/debug_array.hpp\n'}
[2.015503] (px4_msgs) StdoutLine: {'line': b'-- Up-to-date: /home/harsh/ros2_project/install/px4_msgs/include/px4_msgs/px4_msgs/msg/follow_target_estimator.hpp\n'}
[2.015731] (px4_msgs) StdoutLine: {'line': b'-- Up-to-date: /home/harsh/ros2_project/install/px4_msgs/include/px4_msgs/px4_msgs/msg/distance_sensor.hpp\n'}
[2.016001] (px4_msgs) StdoutLine: {'line': b'-- Up-to-date: /home/harsh/ros2_project/install/px4_msgs/include/px4_msgs/px4_msgs/msg/can_interface_status.hpp\n'}
[2.016089] (px4_msgs) StdoutLine: {'line': b'-- Up-to-date: /home/harsh/ros2_project/install/px4_msgs/include/px4_msgs/px4_msgs/msg/cpuload.hpp\n'}
[2.016152] (px4_msgs) StdoutLine: {'line': b'-- Up-to-date: /home/harsh/ros2_project/install/px4_msgs/include/px4_msgs/px4_msgs/msg/sensor_gps.hpp\n'}
[2.016210] (px4_msgs) StdoutLine: {'line': b'-- Up-to-date: /home/harsh/ros2_project/install/px4_msgs/include/px4_msgs/px4_msgs/msg/mission_result.hpp\n'}
[2.016271] (px4_msgs) StdoutLine: {'line': b'-- Up-to-date: /home/harsh/ros2_project/install/px4_msgs/include/px4_msgs/px4_msgs/msg/generator_status.hpp\n'}
[2.016326] (px4_msgs) StdoutLine: {'line': b'-- Up-to-date: /home/harsh/ros2_project/install/px4_msgs/include/px4_msgs/px4_msgs/msg/sensor_uwb.hpp\n'}
[2.016379] (px4_msgs) StdoutLine: {'line': b'-- Up-to-date: /home/harsh/ros2_project/install/px4_msgs/include/px4_msgs/px4_msgs/msg/actuator_servos.hpp\n'}
[2.016432] (px4_msgs) StdoutLine: {'line': b'-- Up-to-date: /home/harsh/ros2_project/install/px4_msgs/include/px4_msgs/px4_msgs/msg/arming_check_request.hpp\n'}
[2.016485] (px4_msgs) StdoutLine: {'line': b'-- Up-to-date: /home/harsh/ros2_project/install/px4_msgs/include/px4_msgs/px4_msgs/msg/register_ext_component_request.hpp\n'}
[2.016538] (px4_msgs) StdoutLine: {'line': b'-- Up-to-date: /home/harsh/ros2_project/install/px4_msgs/include/px4_msgs/px4_msgs/msg/trajectory_waypoint.hpp\n'}
[2.016613] (px4_msgs) StdoutLine: {'line': b'-- Up-to-date: /home/harsh/ros2_project/install/px4_msgs/include/px4_msgs/px4_msgs/msg/airspeed.hpp\n'}
[2.016668] (px4_msgs) StdoutLine: {'line': b'-- Up-to-date: /home/harsh/ros2_project/install/px4_msgs/include/px4_msgs/px4_msgs/msg/estimator_selector_status.hpp\n'}
[2.016720] (px4_msgs) StdoutLine: {'line': b'-- Up-to-date: /home/harsh/ros2_project/install/px4_msgs/include/px4_msgs/px4_msgs/msg/sensor_mag.hpp\n'}
[2.016771] (px4_msgs) StdoutLine: {'line': b'-- Up-to-date: /home/harsh/ros2_project/install/px4_msgs/include/px4_msgs/px4_msgs/msg/tune_control.hpp\n'}
[2.016823] (px4_msgs) StdoutLine: {'line': b'-- Up-to-date: /home/harsh/ros2_project/install/px4_msgs/include/px4_msgs/px4_msgs/msg/gripper.hpp\n'}
[2.016872] (px4_msgs) StdoutLine: {'line': b'-- Up-to-date: /home/harsh/ros2_project/install/px4_msgs/include/px4_msgs/px4_msgs/msg/radio_status.hpp\n'}
[2.016922] (px4_msgs) StdoutLine: {'line': b'-- Up-to-date: /home/harsh/ros2_project/install/px4_msgs/include/px4_msgs/px4_msgs/msg/rc_parameter_map.hpp\n'}
[2.016976] (px4_msgs) StdoutLine: {'line': b'-- Up-to-date: /home/harsh/ros2_project/install/px4_msgs/include/px4_msgs/px4_msgs/msg/follow_target_status.hpp\n'}
[2.017043] (px4_msgs) StdoutLine: {'line': b'-- Up-to-date: /home/harsh/ros2_project/install/px4_msgs/include/px4_msgs/px4_msgs/msg/collision_constraints.hpp\n'}
[2.017094] (px4_msgs) StdoutLine: {'line': b'-- Up-to-date: /home/harsh/ros2_project/install/px4_msgs/include/px4_msgs/px4_msgs/msg/ulog_stream_ack.hpp\n'}
[2.017146] (px4_msgs) StdoutLine: {'line': b'-- Up-to-date: /home/harsh/ros2_project/install/px4_msgs/include/px4_msgs/px4_msgs/msg/airspeed_validated.hpp\n'}
[2.017203] (px4_msgs) StdoutLine: {'line': b'-- Up-to-date: /home/harsh/ros2_project/install/px4_msgs/include/px4_msgs/px4_msgs/msg/parameter_set_used_request.hpp\n'}
[2.017263] (px4_msgs) StdoutLine: {'line': b'-- Up-to-date: /home/harsh/ros2_project/install/px4_msgs/include/px4_msgs/px4_msgs/msg/tiltrotor_extra_controls.hpp\n'}
[2.017318] (px4_msgs) StdoutLine: {'line': b'-- Up-to-date: /home/harsh/ros2_project/install/px4_msgs/include/px4_msgs/px4_msgs/msg/magnetometer_bias_estimate.hpp\n'}
[2.017370] (px4_msgs) StdoutLine: {'line': b'-- Up-to-date: /home/harsh/ros2_project/install/px4_msgs/include/px4_msgs/px4_msgs/msg/vehicle_trajectory_bezier.hpp\n'}
[2.017422] (px4_msgs) StdoutLine: {'line': b'-- Up-to-date: /home/harsh/ros2_project/install/px4_msgs/include/px4_msgs/px4_msgs/msg/yaw_estimator_status.hpp\n'}
[2.017474] (px4_msgs) StdoutLine: {'line': b'-- Up-to-date: /home/harsh/ros2_project/install/px4_msgs/include/px4_msgs/px4_msgs/msg/vehicle_command_ack.hpp\n'}
[2.017525] (px4_msgs) StdoutLine: {'line': b'-- Up-to-date: /home/harsh/ros2_project/install/px4_msgs/include/px4_msgs/px4_msgs/msg/failure_detector_status.hpp\n'}
[2.017577] (px4_msgs) StdoutLine: {'line': b'-- Up-to-date: /home/harsh/ros2_project/install/px4_msgs/include/px4_msgs/px4_msgs/msg/dataman_request.hpp\n'}
[2.017626] (px4_msgs) StdoutLine: {'line': b'-- Up-to-date: /home/harsh/ros2_project/install/px4_msgs/include/px4_msgs/px4_msgs/msg/gpio_in.hpp\n'}
[2.017677] (px4_msgs) StdoutLine: {'line': b'-- Up-to-date: /home/harsh/ros2_project/install/px4_msgs/include/px4_msgs/px4_msgs/msg/landing_target_innovations.hpp\n'}
[2.017727] (px4_msgs) StdoutLine: {'line': b'-- Up-to-date: /home/harsh/ros2_project/install/px4_msgs/include/px4_msgs/px4_msgs/msg/message_format_response.hpp\n'}
[2.017778] (px4_msgs) StdoutLine: {'line': b'-- Up-to-date: /home/harsh/ros2_project/install/px4_msgs/include/px4_msgs/px4_msgs/msg/landing_gear.hpp\n'}
[2.017828] (px4_msgs) StdoutLine: {'line': b'-- Up-to-date: /home/harsh/ros2_project/install/px4_msgs/include/px4_msgs/px4_msgs/msg/manual_control_setpoint.hpp\n'}
[2.017879] (px4_msgs) StdoutLine: {'line': b'-- Up-to-date: /home/harsh/ros2_project/install/px4_msgs/include/px4_msgs/px4_msgs/msg/orb_test_large.hpp\n'}
[2.017931] (px4_msgs) StdoutLine: {'line': b'-- Up-to-date: /home/harsh/ros2_project/install/px4_msgs/include/px4_msgs/px4_msgs/msg/orb_test_medium.hpp\n'}
[2.017989] (px4_msgs) StdoutLine: {'line': b'-- Up-to-date: /home/harsh/ros2_project/install/px4_msgs/include/px4_msgs/px4_msgs/msg/hover_thrust_estimate.hpp\n'}
[2.018047] (px4_msgs) StdoutLine: {'line': b'-- Up-to-date: /home/harsh/ros2_project/install/px4_msgs/include/px4_msgs/px4_msgs/msg/manual_control_switches.hpp\n'}
[2.018098] (px4_msgs) StdoutLine: {'line': b'-- Up-to-date: /home/harsh/ros2_project/install/px4_msgs/include/px4_msgs/px4_msgs/msg/irlock_report.hpp\n'}
[2.018149] (px4_msgs) StdoutLine: {'line': b'-- Up-to-date: /home/harsh/ros2_project/install/px4_msgs/include/px4_msgs/px4_msgs/msg/esc_report.hpp\n'}
[2.018200] (px4_msgs) StdoutLine: {'line': b'-- Up-to-date: /home/harsh/ros2_project/install/px4_msgs/include/px4_msgs/px4_msgs/msg/mode_completed.hpp\n'}
[2.018251] (px4_msgs) StdoutLine: {'line': b'-- Up-to-date: /home/harsh/ros2_project/install/px4_msgs/include/px4_msgs/px4_msgs/msg/vehicle_attitude.hpp\n'}
[2.018303] (px4_msgs) StdoutLine: {'line': b'-- Up-to-date: /home/harsh/ros2_project/install/px4_msgs/include/px4_msgs/px4_msgs/msg/rosidl_generator_cpp__visibility_control.hpp\n'}
[2.018354] (px4_msgs) StdoutLine: {'line': b'-- Up-to-date: /home/harsh/ros2_project/install/px4_msgs/include/px4_msgs/px4_msgs/msg/debug_key_value.hpp\n'}
[2.018406] (px4_msgs) StdoutLine: {'line': b'-- Up-to-date: /home/harsh/ros2_project/install/px4_msgs/include/px4_msgs/px4_msgs/msg/collision_report.hpp\n'}
[2.018458] (px4_msgs) StdoutLine: {'line': b'-- Up-to-date: /home/harsh/ros2_project/install/px4_msgs/include/px4_msgs/px4_msgs/msg/estimator_bias.hpp\n'}
[2.018508] (px4_msgs) StdoutLine: {'line': b'-- Up-to-date: /home/harsh/ros2_project/install/px4_msgs/include/px4_msgs/px4_msgs/msg/gpio_request.hpp\n'}
[2.018559] (px4_msgs) StdoutLine: {'line': b'-- Up-to-date: /home/harsh/ros2_project/install/px4_msgs/include/px4_msgs/px4_msgs/msg/arming_check_reply.hpp\n'}
[2.018610] (px4_msgs) StdoutLine: {'line': b'-- Up-to-date: /home/harsh/ros2_project/install/px4_msgs/include/px4_msgs/px4_msgs/msg/ekf2_timestamps.hpp\n'}
[2.018661] (px4_msgs) StdoutLine: {'line': b'-- Up-to-date: /home/harsh/ros2_project/install/px4_msgs/include/px4_msgs/px4_msgs/msg/sensors_status_imu.hpp\n'}
[2.018711] (px4_msgs) StdoutLine: {'line': b'-- Up-to-date: /home/harsh/ros2_project/install/px4_msgs/include/px4_msgs/px4_msgs/msg/qshell_retval.hpp\n'}
[2.018763] (px4_msgs) StdoutLine: {'line': b'-- Up-to-date: /home/harsh/ros2_project/install/px4_msgs/include/px4_msgs/px4_msgs/msg/sensor_preflight_mag.hpp\n'}
[2.018816] (px4_msgs) StdoutLine: {'line': b'-- Up-to-date: /home/harsh/ros2_project/install/px4_msgs/include/px4_msgs/px4_msgs/msg/gimbal_manager_status.hpp\n'}
[2.018866] (px4_msgs) StdoutLine: {'line': b'-- Up-to-date: /home/harsh/ros2_project/install/px4_msgs/include/px4_msgs/px4_msgs/msg/message_format_request.hpp\n'}
[2.018915] (px4_msgs) StdoutLine: {'line': b'-- Up-to-date: /home/harsh/ros2_project/install/px4_msgs/include/px4_msgs/px4_msgs/msg/iridiumsbd_status.hpp\n'}
[2.018968] (px4_msgs) StdoutLine: {'line': b'-- Up-to-date: /home/harsh/ros2_project/install/px4_msgs/include/px4_msgs/px4_msgs/msg/gpio_out.hpp\n'}
[2.019027] (px4_msgs) StdoutLine: {'line': b'-- Up-to-date: /home/harsh/ros2_project/install/px4_msgs/include/px4_msgs/px4_msgs/msg/gimbal_device_set_attitude.hpp\n'}
[2.019079] (px4_msgs) StdoutLine: {'line': b'-- Up-to-date: /home/harsh/ros2_project/install/px4_msgs/include/px4_msgs/px4_msgs/msg/position_setpoint_triplet.hpp\n'}
[2.019130] (px4_msgs) StdoutLine: {'line': b'-- Up-to-date: /home/harsh/ros2_project/install/px4_msgs/include/px4_msgs/px4_msgs/msg/estimator_aid_source2d.hpp\n'}
[2.019189] (px4_msgs) StdoutLine: {'line': b'-- Up-to-date: /home/harsh/ros2_project/install/px4_msgs/include/px4_msgs/px4_msgs/msg/obstacle_distance.hpp\n'}
[2.019241] (px4_msgs) StdoutLine: {'line': b'-- Up-to-date: /home/harsh/ros2_project/install/px4_msgs/include/px4_msgs/px4_msgs/msg/register_ext_component_reply.hpp\n'}
[2.019294] (px4_msgs) StdoutLine: {'line': b'-- Up-to-date: /home/harsh/ros2_project/install/px4_msgs/include/px4_msgs/px4_msgs/msg/camera_capture.hpp\n'}
[2.019346] (px4_msgs) StdoutLine: {'line': b'-- Up-to-date: /home/harsh/ros2_project/install/px4_msgs/include/px4_msgs/px4_msgs/msg/control_allocator_status.hpp\n'}
[2.019398] (px4_msgs) StdoutLine: {'line': b'-- Up-to-date: /home/harsh/ros2_project/install/px4_msgs/include/px4_msgs/px4_msgs/msg/parameter_reset_request.hpp\n'}
[2.019450] (px4_msgs) StdoutLine: {'line': b'-- Up-to-date: /home/harsh/ros2_project/install/px4_msgs/include/px4_msgs/px4_msgs/msg/button_event.hpp\n'}
[2.019500] (px4_msgs) StdoutLine: {'line': b'-- Up-to-date: /home/harsh/ros2_project/install/px4_msgs/include/px4_msgs/px4_msgs/msg/estimator_innovations.hpp\n'}
[2.019550] (px4_msgs) StdoutLine: {'line': b'-- Up-to-date: /home/harsh/ros2_project/install/px4_msgs/include/px4_msgs/px4_msgs/msg/vehicle_odometry.hpp\n'}
[2.019600] (px4_msgs) StdoutLine: {'line': b'-- Up-to-date: /home/harsh/ros2_project/install/px4_msgs/include/px4_msgs/px4_msgs/msg/detail\n'}
[2.019652] (px4_msgs) StdoutLine: {'line': b'-- Up-to-date: /home/harsh/ros2_project/install/px4_msgs/include/px4_msgs/px4_msgs/msg/detail/task_stack_info__traits.hpp\n'}
[2.019704] (px4_msgs) StdoutLine: {'line': b'-- Up-to-date: /home/harsh/ros2_project/install/px4_msgs/include/px4_msgs/px4_msgs/msg/detail/estimator_event_flags__type_support.hpp\n'}
[2.019756] (px4_msgs) StdoutLine: {'line': b'-- Up-to-date: /home/harsh/ros2_project/install/px4_msgs/include/px4_msgs/px4_msgs/msg/detail/estimator_aid_source1d__builder.hpp\n'}
[2.019807] (px4_msgs) StdoutLine: {'line': b'-- Up-to-date: /home/harsh/ros2_project/install/px4_msgs/include/px4_msgs/px4_msgs/msg/detail/vehicle_angular_velocity__traits.hpp\n'}
[2.019860] (px4_msgs) StdoutLine: {'line': b'-- Up-to-date: /home/harsh/ros2_project/install/px4_msgs/include/px4_msgs/px4_msgs/msg/detail/trajectory_bezier__type_support.hpp\n'}
[2.019912] (px4_msgs) StdoutLine: {'line': b'-- Up-to-date: /home/harsh/ros2_project/install/px4_msgs/include/px4_msgs/px4_msgs/msg/detail/gimbal_controls__type_support.hpp\n'}
[2.019962] (px4_msgs) StdoutLine: {'line': b'-- Up-to-date: /home/harsh/ros2_project/install/px4_msgs/include/px4_msgs/px4_msgs/msg/detail/actuator_motors__traits.hpp\n'}
[2.020020] (px4_msgs) StdoutLine: {'line': b'-- Up-to-date: /home/harsh/ros2_project/install/px4_msgs/include/px4_msgs/px4_msgs/msg/detail/collision_constraints__builder.hpp\n'}
[2.020072] (px4_msgs) StdoutLine: {'line': b'-- Up-to-date: /home/harsh/ros2_project/install/px4_msgs/include/px4_msgs/px4_msgs/msg/detail/navigator_mission_item__traits.hpp\n'}
[2.020123] (px4_msgs) StdoutLine: {'line': b'-- Up-to-date: /home/harsh/ros2_project/install/px4_msgs/include/px4_msgs/px4_msgs/msg/detail/gpio_config__traits.hpp\n'}
[2.020174] (px4_msgs) StdoutLine: {'line': b'-- Up-to-date: /home/harsh/ros2_project/install/px4_msgs/include/px4_msgs/px4_msgs/msg/detail/rc_parameter_map__struct.hpp\n'}
[2.020226] (px4_msgs) StdoutLine: {'line': b'-- Up-to-date: /home/harsh/ros2_project/install/px4_msgs/include/px4_msgs/px4_msgs/msg/detail/gimbal_device_information__struct.hpp\n'}
[2.020278] (px4_msgs) StdoutLine: {'line': b'-- Up-to-date: /home/harsh/ros2_project/install/px4_msgs/include/px4_msgs/px4_msgs/msg/detail/airspeed_validated__builder.hpp\n'}
[2.020330] (px4_msgs) StdoutLine: {'line': b'-- Up-to-date: /home/harsh/ros2_project/install/px4_msgs/include/px4_msgs/px4_msgs/msg/detail/pps_capture__type_support.hpp\n'}
[2.020381] (px4_msgs) StdoutLine: {'line': b'-- Up-to-date: /home/harsh/ros2_project/install/px4_msgs/include/px4_msgs/px4_msgs/msg/detail/dataman_response__builder.hpp\n'}
[2.020433] (px4_msgs) StdoutLine: {'line': b'-- Up-to-date: /home/harsh/ros2_project/install/px4_msgs/include/px4_msgs/px4_msgs/msg/detail/parameter_reset_request__type_support.hpp\n'}
[2.020486] (px4_msgs) StdoutLine: {'line': b'-- Up-to-date: /home/harsh/ros2_project/install/px4_msgs/include/px4_msgs/px4_msgs/msg/detail/uavcan_parameter_request__struct.hpp\n'}
[2.020539] (px4_msgs) StdoutLine: {'line': b'-- Up-to-date: /home/harsh/ros2_project/install/px4_msgs/include/px4_msgs/px4_msgs/msg/detail/position_controller_landing_status__struct.hpp\n'}
[2.020592] (px4_msgs) StdoutLine: {'line': b'-- Up-to-date: /home/harsh/ros2_project/install/px4_msgs/include/px4_msgs/px4_msgs/msg/detail/button_event__type_support.hpp\n'}
[2.020647] (px4_msgs) StdoutLine: {'line': b'-- Up-to-date: /home/harsh/ros2_project/install/px4_msgs/include/px4_msgs/px4_msgs/msg/detail/estimator_bias3d__struct.hpp\n'}
[2.020701] (px4_msgs) StdoutLine: {'line': b'-- Up-to-date: /home/harsh/ros2_project/install/px4_msgs/include/px4_msgs/px4_msgs/msg/detail/parameter_set_value_request__type_support.hpp\n'}
[2.020753] (px4_msgs) StdoutLine: {'line': b'-- Up-to-date: /home/harsh/ros2_project/install/px4_msgs/include/px4_msgs/px4_msgs/msg/detail/sensor_gnss_relative__traits.hpp\n'}
[2.020806] (px4_msgs) StdoutLine: {'line': b'-- Up-to-date: /home/harsh/ros2_project/install/px4_msgs/include/px4_msgs/px4_msgs/msg/detail/vehicle_land_detected__traits.hpp\n'}
[2.020856] (px4_msgs) StdoutLine: {'line': b'-- Up-to-date: /home/harsh/ros2_project/install/px4_msgs/include/px4_msgs/px4_msgs/msg/detail/vehicle_constraints__type_support.hpp\n'}
[2.020914] (px4_msgs) StdoutLine: {'line': b'-- Up-to-date: /home/harsh/ros2_project/install/px4_msgs/include/px4_msgs/px4_msgs/msg/detail/vehicle_odometry__type_support.hpp\n'}
[2.020971] (px4_msgs) StdoutLine: {'line': b'-- Up-to-date: /home/harsh/ros2_project/install/px4_msgs/include/px4_msgs/px4_msgs/msg/detail/vehicle_trajectory_waypoint__builder.hpp\n'}
[2.021033] (px4_msgs) StdoutLine: {'line': b'-- Up-to-date: /home/harsh/ros2_project/install/px4_msgs/include/px4_msgs/px4_msgs/msg/detail/actuator_controls_status__builder.hpp\n'}
[2.021090] (px4_msgs) StdoutLine: {'line': b'-- Up-to-date: /home/harsh/ros2_project/install/px4_msgs/include/px4_msgs/px4_msgs/msg/detail/mavlink_log__traits.hpp\n'}
[2.021145] (px4_msgs) StdoutLine: {'line': b'-- Up-to-date: /home/harsh/ros2_project/install/px4_msgs/include/px4_msgs/px4_msgs/msg/detail/wheel_encoders__traits.hpp\n'}
[2.021198] (px4_msgs) StdoutLine: {'line': b'-- Up-to-date: /home/harsh/ros2_project/install/px4_msgs/include/px4_msgs/px4_msgs/msg/detail/battery_status__traits.hpp\n'}
[2.021252] (px4_msgs) StdoutLine: {'line': b'-- Up-to-date: /home/harsh/ros2_project/install/px4_msgs/include/px4_msgs/px4_msgs/msg/detail/timesync_status__builder.hpp\n'}
[2.021303] (px4_msgs) StdoutLine: {'line': b'-- Up-to-date: /home/harsh/ros2_project/install/px4_msgs/include/px4_msgs/px4_msgs/msg/detail/estimator_sensor_bias__builder.hpp\n'}
[2.021353] (px4_msgs) StdoutLine: {'line': b'-- Up-to-date: /home/harsh/ros2_project/install/px4_msgs/include/px4_msgs/px4_msgs/msg/detail/trajectory_waypoint__builder.hpp\n'}
[2.021404] (px4_msgs) StdoutLine: {'line': b'-- Up-to-date: /home/harsh/ros2_project/install/px4_msgs/include/px4_msgs/px4_msgs/msg/detail/logger_status__traits.hpp\n'}
[2.021455] (px4_msgs) StdoutLine: {'line': b'-- Up-to-date: /home/harsh/ros2_project/install/px4_msgs/include/px4_msgs/px4_msgs/msg/detail/health_report__struct.hpp\n'}
[2.021504] (px4_msgs) StdoutLine: {'line': b'-- Up-to-date: /home/harsh/ros2_project/install/px4_msgs/include/px4_msgs/px4_msgs/msg/detail/esc_status__struct.hpp\n'}
[2.021555] (px4_msgs) StdoutLine: {'line': b'-- Up-to-date: /home/harsh/ros2_project/install/px4_msgs/include/px4_msgs/px4_msgs/msg/detail/qshell_retval__type_support.hpp\n'}
[2.021607] (px4_msgs) StdoutLine: {'line': b'-- Up-to-date: /home/harsh/ros2_project/install/px4_msgs/include/px4_msgs/px4_msgs/msg/detail/vehicle_optical_flow__traits.hpp\n'}
[2.021657] (px4_msgs) StdoutLine: {'line': b'-- Up-to-date: /home/harsh/ros2_project/install/px4_msgs/include/px4_msgs/px4_msgs/msg/detail/obstacle_distance__traits.hpp\n'}
[2.021707] (px4_msgs) StdoutLine: {'line': b'-- Up-to-date: /home/harsh/ros2_project/install/px4_msgs/include/px4_msgs/px4_msgs/msg/detail/vehicle_roi__type_support.hpp\n'}
[2.021758] (px4_msgs) StdoutLine: {'line': b'-- Up-to-date: /home/harsh/ros2_project/install/px4_msgs/include/px4_msgs/px4_msgs/msg/detail/normalized_unsigned_setpoint__traits.hpp\n'}
[2.021811] (px4_msgs) StdoutLine: {'line': b'-- Up-to-date: /home/harsh/ros2_project/install/px4_msgs/include/px4_msgs/px4_msgs/msg/detail/estimator_aid_source3d__type_support.hpp\n'}
[2.021864] (px4_msgs) StdoutLine: {'line': b'-- Up-to-date: /home/harsh/ros2_project/install/px4_msgs/include/px4_msgs/px4_msgs/msg/detail/vehicle_odometry__struct.hpp\n'}
[2.021915] (px4_msgs) StdoutLine: {'line': b'-- Up-to-date: /home/harsh/ros2_project/install/px4_msgs/include/px4_msgs/px4_msgs/msg/detail/rate_ctrl_status__struct.hpp\n'}
[2.021965] (px4_msgs) StdoutLine: {'line': b'-- Up-to-date: /home/harsh/ros2_project/install/px4_msgs/include/px4_msgs/px4_msgs/msg/detail/gimbal_device_information__builder.hpp\n'}
[2.022106] (px4_msgs) StdoutLine: {'line': b'-- Up-to-date: /home/harsh/ros2_project/install/px4_msgs/include/px4_msgs/px4_msgs/msg/detail/vehicle_thrust_setpoint__struct.hpp\n'}
[2.022182] (px4_msgs) StdoutLine: {'line': b'-- Up-to-date: /home/harsh/ros2_project/install/px4_msgs/include/px4_msgs/px4_msgs/msg/detail/airspeed_validated__traits.hpp\n'}
[2.022241] (px4_msgs) StdoutLine: {'line': b'-- Up-to-date: /home/harsh/ros2_project/install/px4_msgs/include/px4_msgs/px4_msgs/msg/detail/register_ext_component_reply__traits.hpp\n'}
[2.022299] (px4_msgs) StdoutLine: {'line': b'-- Up-to-date: /home/harsh/ros2_project/install/px4_msgs/include/px4_msgs/px4_msgs/msg/detail/dataman_response__traits.hpp\n'}
[2.022364] (px4_msgs) StdoutLine: {'line': b'-- Up-to-date: /home/harsh/ros2_project/install/px4_msgs/include/px4_msgs/px4_msgs/msg/detail/estimator_event_flags__traits.hpp\n'}
[2.022418] (px4_msgs) StdoutLine: {'line': b'-- Up-to-date: /home/harsh/ros2_project/install/px4_msgs/include/px4_msgs/px4_msgs/msg/detail/sensor_correction__traits.hpp\n'}
[2.022470] (px4_msgs) StdoutLine: {'line': b'-- Up-to-date: /home/harsh/ros2_project/install/px4_msgs/include/px4_msgs/px4_msgs/msg/detail/takeoff_status__type_support.hpp\n'}
[2.022521] (px4_msgs) StdoutLine: {'line': b'-- Up-to-date: /home/harsh/ros2_project/install/px4_msgs/include/px4_msgs/px4_msgs/msg/detail/rc_parameter_map__traits.hpp\n'}
[2.022576] (px4_msgs) StdoutLine: {'line': b'-- Up-to-date: /home/harsh/ros2_project/install/px4_msgs/include/px4_msgs/px4_msgs/msg/detail/vehicle_local_position__builder.hpp\n'}
[2.022628] (px4_msgs) StdoutLine: {'line': b'-- Up-to-date: /home/harsh/ros2_project/install/px4_msgs/include/px4_msgs/px4_msgs/msg/detail/actuator_motors__type_support.hpp\n'}
[2.022682] (px4_msgs) StdoutLine: {'line': b'-- Up-to-date: /home/harsh/ros2_project/install/px4_msgs/include/px4_msgs/px4_msgs/msg/detail/mag_worker_data__type_support.hpp\n'}
[2.022735] (px4_msgs) StdoutLine: {'line': b'-- Up-to-date: /home/harsh/ros2_project/install/px4_msgs/include/px4_msgs/px4_msgs/msg/detail/camera_capture__type_support.hpp\n'}
[2.022795] (px4_msgs) StdoutLine: {'line': b'-- Up-to-date: /home/harsh/ros2_project/install/px4_msgs/include/px4_msgs/px4_msgs/msg/detail/orb_test_medium__builder.hpp\n'}
[2.022849] (px4_msgs) StdoutLine: {'line': b'-- Up-to-date: /home/harsh/ros2_project/install/px4_msgs/include/px4_msgs/px4_msgs/msg/detail/vehicle_magnetometer__struct.hpp\n'}
[2.022900] (px4_msgs) StdoutLine: {'line': b'-- Up-to-date: /home/harsh/ros2_project/install/px4_msgs/include/px4_msgs/px4_msgs/msg/detail/estimator_sensor_bias__type_support.hpp\n'}
[2.022952] (px4_msgs) StdoutLine: {'line': b'-- Up-to-date: /home/harsh/ros2_project/install/px4_msgs/include/px4_msgs/px4_msgs/msg/detail/npfg_status__traits.hpp\n'}
[2.023014] (px4_msgs) StdoutLine: {'line': b'-- Up-to-date: /home/harsh/ros2_project/install/px4_msgs/include/px4_msgs/px4_msgs/msg/detail/vehicle_local_position__type_support.hpp\n'}
[2.023068] (px4_msgs) StdoutLine: {'line': b'-- Up-to-date: /home/harsh/ros2_project/install/px4_msgs/include/px4_msgs/px4_msgs/msg/detail/log_message__type_support.hpp\n'}
[2.023120] (px4_msgs) StdoutLine: {'line': b'-- Up-to-date: /home/harsh/ros2_project/install/px4_msgs/include/px4_msgs/px4_msgs/msg/detail/orbit_status__builder.hpp\n'}
[2.023176] (px4_msgs) StdoutLine: {'line': b'-- Up-to-date: /home/harsh/ros2_project/install/px4_msgs/include/px4_msgs/px4_msgs/msg/detail/rtl_time_estimate__builder.hpp\n'}
[2.023228] (px4_msgs) StdoutLine: {'line': b'-- Up-to-date: /home/harsh/ros2_project/install/px4_msgs/include/px4_msgs/px4_msgs/msg/detail/dataman_response__struct.hpp\n'}
[2.023279] (px4_msgs) StdoutLine: {'line': b'-- Up-to-date: /home/harsh/ros2_project/install/px4_msgs/include/px4_msgs/px4_msgs/msg/detail/sensor_gyro__builder.hpp\n'}
[2.023331] (px4_msgs) StdoutLine: {'line': b'-- Up-to-date: /home/harsh/ros2_project/install/px4_msgs/include/px4_msgs/px4_msgs/msg/detail/camera_trigger__traits.hpp\n'}
[2.023383] (px4_msgs) StdoutLine: {'line': b'-- Up-to-date: /home/harsh/ros2_project/install/px4_msgs/include/px4_msgs/px4_msgs/msg/detail/gripper__builder.hpp\n'}
[2.023436] (px4_msgs) StdoutLine: {'line': b'-- Up-to-date: /home/harsh/ros2_project/install/px4_msgs/include/px4_msgs/px4_msgs/msg/detail/vehicle_attitude__type_support.hpp\n'}
[2.023487] (px4_msgs) StdoutLine: {'line': b'-- Up-to-date: /home/harsh/ros2_project/install/px4_msgs/include/px4_msgs/px4_msgs/msg/detail/control_allocator_status__traits.hpp\n'}
[2.023538] (px4_msgs) StdoutLine: {'line': b'-- Up-to-date: /home/harsh/ros2_project/install/px4_msgs/include/px4_msgs/px4_msgs/msg/detail/esc_report__builder.hpp\n'}
[2.023589] (px4_msgs) StdoutLine: {'line': b'-- Up-to-date: /home/harsh/ros2_project/install/px4_msgs/include/px4_msgs/px4_msgs/msg/detail/differential_pressure__builder.hpp\n'}
[2.023640] (px4_msgs) StdoutLine: {'line': b'-- Up-to-date: /home/harsh/ros2_project/install/px4_msgs/include/px4_msgs/px4_msgs/msg/detail/mission_result__struct.hpp\n'}
[2.023694] (px4_msgs) StdoutLine: {'line': b'-- Up-to-date: /home/harsh/ros2_project/install/px4_msgs/include/px4_msgs/px4_msgs/msg/detail/event__type_support.hpp\n'}
[2.023745] (px4_msgs) StdoutLine: {'line': b'-- Up-to-date: /home/harsh/ros2_project/install/px4_msgs/include/px4_msgs/px4_msgs/msg/detail/gimbal_manager_information__traits.hpp\n'}
[2.023795] (px4_msgs) StdoutLine: {'line': b'-- Up-to-date: /home/harsh/ros2_project/install/px4_msgs/include/px4_msgs/px4_msgs/msg/detail/uavcan_parameter_request__type_support.hpp\n'}
[2.023847] (px4_msgs) StdoutLine: {'line': b'-- Up-to-date: /home/harsh/ros2_project/install/px4_msgs/include/px4_msgs/px4_msgs/msg/detail/parameter_set_value_response__traits.hpp\n'}
[2.023899] (px4_msgs) StdoutLine: {'line': b'-- Up-to-date: /home/harsh/ros2_project/install/px4_msgs/include/px4_msgs/px4_msgs/msg/detail/mode_completed__builder.hpp\n'}
[2.023951] (px4_msgs) StdoutLine: {'line': b'-- Up-to-date: /home/harsh/ros2_project/install/px4_msgs/include/px4_msgs/px4_msgs/msg/detail/sensor_accel__struct.hpp\n'}
[2.024010] (px4_msgs) StdoutLine: {'line': b'-- Up-to-date: /home/harsh/ros2_project/install/px4_msgs/include/px4_msgs/px4_msgs/msg/detail/mission__traits.hpp\n'}
[2.024062] (px4_msgs) StdoutLine: {'line': b'-- Up-to-date: /home/harsh/ros2_project/install/px4_msgs/include/px4_msgs/px4_msgs/msg/detail/camera_trigger__type_support.hpp\n'}
[2.024114] (px4_msgs) StdoutLine: {'line': b'-- Up-to-date: /home/harsh/ros2_project/install/px4_msgs/include/px4_msgs/px4_msgs/msg/detail/heater_status__builder.hpp\n'}
[2.024165] (px4_msgs) StdoutLine: {'line': b'-- Up-to-date: /home/harsh/ros2_project/install/px4_msgs/include/px4_msgs/px4_msgs/msg/detail/ping__builder.hpp\n'}
[2.024219] (px4_msgs) StdoutLine: {'line': b'-- Up-to-date: /home/harsh/ros2_project/install/px4_msgs/include/px4_msgs/px4_msgs/msg/detail/yaw_estimator_status__traits.hpp\n'}
[2.024273] (px4_msgs) StdoutLine: {'line': b'-- Up-to-date: /home/harsh/ros2_project/install/px4_msgs/include/px4_msgs/px4_msgs/msg/detail/rc_channels__struct.hpp\n'}
[2.024329] (px4_msgs) StdoutLine: {'line': b'-- Up-to-date: /home/harsh/ros2_project/install/px4_msgs/include/px4_msgs/px4_msgs/msg/detail/landing_gear_wheel__builder.hpp\n'}
[2.024384] (px4_msgs) StdoutLine: {'line': b'-- Up-to-date: /home/harsh/ros2_project/install/px4_msgs/include/px4_msgs/px4_msgs/msg/detail/register_ext_component_request__struct.hpp\n'}
[2.024439] (px4_msgs) StdoutLine: {'line': b'-- Up-to-date: /home/harsh/ros2_project/install/px4_msgs/include/px4_msgs/px4_msgs/msg/detail/register_ext_component_request__type_support.hpp\n'}
[2.024496] (px4_msgs) StdoutLine: {'line': b'-- Up-to-date: /home/harsh/ros2_project/install/px4_msgs/include/px4_msgs/px4_msgs/msg/detail/vehicle_attitude__struct.hpp\n'}
[2.024549] (px4_msgs) StdoutLine: {'line': b'-- Up-to-date: /home/harsh/ros2_project/install/px4_msgs/include/px4_msgs/px4_msgs/msg/detail/vehicle_local_position_setpoint__struct.hpp\n'}
[2.024602] (px4_msgs) StdoutLine: {'line': b'-- Up-to-date: /home/harsh/ros2_project/install/px4_msgs/include/px4_msgs/px4_msgs/msg/detail/actuator_servos__struct.hpp\n'}
[2.024653] (px4_msgs) StdoutLine: {'line': b'-- Up-to-date: /home/harsh/ros2_project/install/px4_msgs/include/px4_msgs/px4_msgs/msg/detail/heater_status__traits.hpp\n'}
[2.024705] (px4_msgs) StdoutLine: {'line': b'-- Up-to-date: /home/harsh/ros2_project/install/px4_msgs/include/px4_msgs/px4_msgs/msg/detail/log_message__traits.hpp\n'}
[2.024757] (px4_msgs) StdoutLine: {'line': b'-- Up-to-date: /home/harsh/ros2_project/install/px4_msgs/include/px4_msgs/px4_msgs/msg/detail/trajectory_bezier__builder.hpp\n'}
[2.024809] (px4_msgs) StdoutLine: {'line': b'-- Up-to-date: /home/harsh/ros2_project/install/px4_msgs/include/px4_msgs/px4_msgs/msg/detail/parameter_set_used_request__type_support.hpp\n'}
[2.024860] (px4_msgs) StdoutLine: {'line': b'-- Up-to-date: /home/harsh/ros2_project/install/px4_msgs/include/px4_msgs/px4_msgs/msg/detail/gimbal_manager_information__struct.hpp\n'}
[2.024912] (px4_msgs) StdoutLine: {'line': b'-- Up-to-date: /home/harsh/ros2_project/install/px4_msgs/include/px4_msgs/px4_msgs/msg/detail/follow_target_status__struct.hpp\n'}
[2.024963] (px4_msgs) StdoutLine: {'line': b'-- Up-to-date: /home/harsh/ros2_project/install/px4_msgs/include/px4_msgs/px4_msgs/msg/detail/sensor_gyro__traits.hpp\n'}
[2.025024] (px4_msgs) StdoutLine: {'line': b'-- Up-to-date: /home/harsh/ros2_project/install/px4_msgs/include/px4_msgs/px4_msgs/msg/detail/gps_inject_data__type_support.hpp\n'}
[2.025076] (px4_msgs) StdoutLine: {'line': b'-- Up-to-date: /home/harsh/ros2_project/install/px4_msgs/include/px4_msgs/px4_msgs/msg/detail/landing_target_innovations__builder.hpp\n'}
[2.025128] (px4_msgs) StdoutLine: {'line': b'-- Up-to-date: /home/harsh/ros2_project/install/px4_msgs/include/px4_msgs/px4_msgs/msg/detail/landing_target_pose__struct.hpp\n'}
[2.025179] (px4_msgs) StdoutLine: {'line': b'-- Up-to-date: /home/harsh/ros2_project/install/px4_msgs/include/px4_msgs/px4_msgs/msg/detail/vehicle_command_ack__traits.hpp\n'}
[2.025232] (px4_msgs) StdoutLine: {'line': b'-- Up-to-date: /home/harsh/ros2_project/install/px4_msgs/include/px4_msgs/px4_msgs/msg/detail/estimator_bias__builder.hpp\n'}
[2.025285] (px4_msgs) StdoutLine: {'line': b'-- Up-to-date: /home/harsh/ros2_project/install/px4_msgs/include/px4_msgs/px4_msgs/msg/detail/generator_status__traits.hpp\n'}
[2.025336] (px4_msgs) StdoutLine: {'line': b'-- Up-to-date: /home/harsh/ros2_project/install/px4_msgs/include/px4_msgs/px4_msgs/msg/detail/camera_capture__struct.hpp\n'}
[2.025388] (px4_msgs) StdoutLine: {'line': b'-- Up-to-date: /home/harsh/ros2_project/install/px4_msgs/include/px4_msgs/px4_msgs/msg/detail/cellular_status__traits.hpp\n'}
[2.025440] (px4_msgs) StdoutLine: {'line': b'-- Up-to-date: /home/harsh/ros2_project/install/px4_msgs/include/px4_msgs/px4_msgs/msg/detail/collision_report__struct.hpp\n'}
[2.025490] (px4_msgs) StdoutLine: {'line': b'-- Up-to-date: /home/harsh/ros2_project/install/px4_msgs/include/px4_msgs/px4_msgs/msg/detail/manual_control_switches__traits.hpp\n'}
[2.025543] (px4_msgs) StdoutLine: {'line': b'-- Up-to-date: /home/harsh/ros2_project/install/px4_msgs/include/px4_msgs/px4_msgs/msg/detail/collision_constraints__struct.hpp\n'}
[2.025617] (px4_msgs) StdoutLine: {'line': b'-- Up-to-date: /home/harsh/ros2_project/install/px4_msgs/include/px4_msgs/px4_msgs/msg/detail/rtl_status__builder.hpp\n'}
[2.025694] (px4_msgs) StdoutLine: {'line': b'-- Up-to-date: /home/harsh/ros2_project/install/px4_msgs/include/px4_msgs/px4_msgs/msg/detail/vehicle_attitude_setpoint__traits.hpp\n'}
[2.025766] (px4_msgs) StdoutLine: {'line': b'-- Up-to-date: /home/harsh/ros2_project/install/px4_msgs/include/px4_msgs/px4_msgs/msg/detail/goto_setpoint__type_support.hpp\n'}
[2.025839] (px4_msgs) StdoutLine: {'line': b'-- Up-to-date: /home/harsh/ros2_project/install/px4_msgs/include/px4_msgs/px4_msgs/msg/detail/mavlink_tunnel__builder.hpp\n'}
[2.025910] (px4_msgs) StdoutLine: {'line': b'-- Up-to-date: /home/harsh/ros2_project/install/px4_msgs/include/px4_msgs/px4_msgs/msg/detail/offboard_control_mode__builder.hpp\n'}
[2.025992] (px4_msgs) StdoutLine: {'line': b'-- Up-to-date: /home/harsh/ros2_project/install/px4_msgs/include/px4_msgs/px4_msgs/msg/detail/tune_control__struct.hpp\n'}
[2.026070] (px4_msgs) StdoutLine: {'line': b'-- Up-to-date: /home/harsh/ros2_project/install/px4_msgs/include/px4_msgs/px4_msgs/msg/detail/vehicle_control_mode__type_support.hpp\n'}
[2.026143] (px4_msgs) StdoutLine: {'line': b'-- Up-to-date: /home/harsh/ros2_project/install/px4_msgs/include/px4_msgs/px4_msgs/msg/detail/sensor_gyro_fifo__traits.hpp\n'}
[2.026215] (px4_msgs) StdoutLine: {'line': b'-- Up-to-date: /home/harsh/ros2_project/install/px4_msgs/include/px4_msgs/px4_msgs/msg/detail/navigator_mission_item__builder.hpp\n'}
[2.026286] (px4_msgs) StdoutLine: {'line': b'-- Up-to-date: /home/harsh/ros2_project/install/px4_msgs/include/px4_msgs/px4_msgs/msg/detail/actuator_test__traits.hpp\n'}
[2.026360] (px4_msgs) StdoutLine: {'line': b'-- Up-to-date: /home/harsh/ros2_project/install/px4_msgs/include/px4_msgs/px4_msgs/msg/detail/home_position__builder.hpp\n'}
[2.026432] (px4_msgs) StdoutLine: {'line': b'-- Up-to-date: /home/harsh/ros2_project/install/px4_msgs/include/px4_msgs/px4_msgs/msg/detail/debug_vect__struct.hpp\n'}
[2.026497] (px4_msgs) StdoutLine: {'line': b'-- Up-to-date: /home/harsh/ros2_project/install/px4_msgs/include/px4_msgs/px4_msgs/msg/detail/estimator_aid_source1d__traits.hpp\n'}
[2.026552] (px4_msgs) StdoutLine: {'line': b'-- Up-to-date: /home/harsh/ros2_project/install/px4_msgs/include/px4_msgs/px4_msgs/msg/detail/vehicle_acceleration__traits.hpp\n'}
[2.026602] (px4_msgs) StdoutLine: {'line': b'-- Up-to-date: /home/harsh/ros2_project/install/px4_msgs/include/px4_msgs/px4_msgs/msg/detail/normalized_unsigned_setpoint__struct.hpp\n'}
[2.026653] (px4_msgs) StdoutLine: {'line': b'-- Up-to-date: /home/harsh/ros2_project/install/px4_msgs/include/px4_msgs/px4_msgs/msg/detail/actuator_servos__builder.hpp\n'}
[2.026703] (px4_msgs) StdoutLine: {'line': b'-- Up-to-date: /home/harsh/ros2_project/install/px4_msgs/include/px4_msgs/px4_msgs/msg/detail/radio_status__type_support.hpp\n'}
[2.026754] (px4_msgs) StdoutLine: {'line': b'-- Up-to-date: /home/harsh/ros2_project/install/px4_msgs/include/px4_msgs/px4_msgs/msg/detail/vehicle_thrust_setpoint__builder.hpp\n'}
[2.026806] (px4_msgs) StdoutLine: {'line': b'-- Up-to-date: /home/harsh/ros2_project/install/px4_msgs/include/px4_msgs/px4_msgs/msg/detail/dataman_request__builder.hpp\n'}
[2.026856] (px4_msgs) StdoutLine: {'line': b'-- Up-to-date: /home/harsh/ros2_project/install/px4_msgs/include/px4_msgs/px4_msgs/msg/detail/sensor_combined__builder.hpp\n'}
[2.026908] (px4_msgs) StdoutLine: {'line': b'-- Up-to-date: /home/harsh/ros2_project/install/px4_msgs/include/px4_msgs/px4_msgs/msg/detail/dataman_request__type_support.hpp\n'}
[2.026959] (px4_msgs) StdoutLine: {'line': b'-- Up-to-date: /home/harsh/ros2_project/install/px4_msgs/include/px4_msgs/px4_msgs/msg/detail/vehicle_trajectory_bezier__struct.hpp\n'}
[2.027020] (px4_msgs) StdoutLine: {'line': b'-- Up-to-date: /home/harsh/ros2_project/install/px4_msgs/include/px4_msgs/px4_msgs/msg/detail/wind__builder.hpp\n'}
[2.027070] (px4_msgs) StdoutLine: {'line': b'-- Up-to-date: /home/harsh/ros2_project/install/px4_msgs/include/px4_msgs/px4_msgs/msg/detail/task_stack_info__type_support.hpp\n'}
[2.027126] (px4_msgs) StdoutLine: {'line': b'-- Up-to-date: /home/harsh/ros2_project/install/px4_msgs/include/px4_msgs/px4_msgs/msg/detail/dataman_request__struct.hpp\n'}
[2.027176] (px4_msgs) StdoutLine: {'line': b'-- Up-to-date: /home/harsh/ros2_project/install/px4_msgs/include/px4_msgs/px4_msgs/msg/detail/vehicle_angular_velocity__struct.hpp\n'}
[2.027227] (px4_msgs) StdoutLine: {'line': b'-- Up-to-date: /home/harsh/ros2_project/install/px4_msgs/include/px4_msgs/px4_msgs/msg/detail/px4io_status__type_support.hpp\n'}
[2.027279] (px4_msgs) StdoutLine: {'line': b'-- Up-to-date: /home/harsh/ros2_project/install/px4_msgs/include/px4_msgs/px4_msgs/msg/detail/power_monitor__traits.hpp\n'}
[2.027330] (px4_msgs) StdoutLine: {'line': b'-- Up-to-date: /home/harsh/ros2_project/install/px4_msgs/include/px4_msgs/px4_msgs/msg/detail/gpio_out__struct.hpp\n'}
[2.027381] (px4_msgs) StdoutLine: {'line': b'-- Up-to-date: /home/harsh/ros2_project/install/px4_msgs/include/px4_msgs/px4_msgs/msg/detail/normalized_unsigned_setpoint__type_support.hpp\n'}
[2.027443] (px4_msgs) StdoutLine: {'line': b'-- Up-to-date: /home/harsh/ros2_project/install/px4_msgs/include/px4_msgs/px4_msgs/msg/detail/estimator_states__builder.hpp\n'}
[2.027497] (px4_msgs) StdoutLine: {'line': b'-- Up-to-date: /home/harsh/ros2_project/install/px4_msgs/include/px4_msgs/px4_msgs/msg/detail/tiltrotor_extra_controls__type_support.hpp\n'}
[2.027549] (px4_msgs) StdoutLine: {'line': b'-- Up-to-date: /home/harsh/ros2_project/install/px4_msgs/include/px4_msgs/px4_msgs/msg/detail/camera_status__type_support.hpp\n'}
[2.027601] (px4_msgs) StdoutLine: {'line': b'-- Up-to-date: /home/harsh/ros2_project/install/px4_msgs/include/px4_msgs/px4_msgs/msg/detail/estimator_status__builder.hpp\n'}
[2.027651] (px4_msgs) StdoutLine: {'line': b'-- Up-to-date: /home/harsh/ros2_project/install/px4_msgs/include/px4_msgs/px4_msgs/msg/detail/estimator_status_flags__struct.hpp\n'}
[2.027701] (px4_msgs) StdoutLine: {'line': b'-- Up-to-date: /home/harsh/ros2_project/install/px4_msgs/include/px4_msgs/px4_msgs/msg/detail/input_rc__struct.hpp\n'}
[2.027753] (px4_msgs) StdoutLine: {'line': b'-- Up-to-date: /home/harsh/ros2_project/install/px4_msgs/include/px4_msgs/px4_msgs/msg/detail/rate_ctrl_status__traits.hpp\n'}
[2.027804] (px4_msgs) StdoutLine: {'line': b'-- Up-to-date: /home/harsh/ros2_project/install/px4_msgs/include/px4_msgs/px4_msgs/msg/detail/orbit_status__struct.hpp\n'}
[2.027854] (px4_msgs) StdoutLine: {'line': b'-- Up-to-date: /home/harsh/ros2_project/install/px4_msgs/include/px4_msgs/px4_msgs/msg/detail/camera_status__struct.hpp\n'}
[2.027905] (px4_msgs) StdoutLine: {'line': b'-- Up-to-date: /home/harsh/ros2_project/install/px4_msgs/include/px4_msgs/px4_msgs/msg/detail/airspeed_validated__type_support.hpp\n'}
[2.027954] (px4_msgs) StdoutLine: {'line': b'-- Up-to-date: /home/harsh/ros2_project/install/px4_msgs/include/px4_msgs/px4_msgs/msg/detail/unregister_ext_component__traits.hpp\n'}
[2.028015] (px4_msgs) StdoutLine: {'line': b'-- Up-to-date: /home/harsh/ros2_project/install/px4_msgs/include/px4_msgs/px4_msgs/msg/detail/vehicle_thrust_setpoint__type_support.hpp\n'}
[2.028071] (px4_msgs) StdoutLine: {'line': b'-- Up-to-date: /home/harsh/ros2_project/install/px4_msgs/include/px4_msgs/px4_msgs/msg/detail/sensor_optical_flow__builder.hpp\n'}
[2.028124] (px4_msgs) StdoutLine: {'line': b'-- Up-to-date: /home/harsh/ros2_project/install/px4_msgs/include/px4_msgs/px4_msgs/msg/detail/rc_channels__traits.hpp\n'}
[2.028175] (px4_msgs) StdoutLine: {'line': b'-- Up-to-date: /home/harsh/ros2_project/install/px4_msgs/include/px4_msgs/px4_msgs/msg/detail/goto_setpoint__struct.hpp\n'}
[2.028233] (px4_msgs) StdoutLine: {'line': b'-- Up-to-date: /home/harsh/ros2_project/install/px4_msgs/include/px4_msgs/px4_msgs/msg/detail/vehicle_imu_status__traits.hpp\n'}
[2.028285] (px4_msgs) StdoutLine: {'line': b'-- Up-to-date: /home/harsh/ros2_project/install/px4_msgs/include/px4_msgs/px4_msgs/msg/detail/position_controller_landing_status__traits.hpp\n'}
[2.028337] (px4_msgs) StdoutLine: {'line': b'-- Up-to-date: /home/harsh/ros2_project/install/px4_msgs/include/px4_msgs/px4_msgs/msg/detail/failure_detector_status__type_support.hpp\n'}
[2.028394] (px4_msgs) StdoutLine: {'line': b'-- Up-to-date: /home/harsh/ros2_project/install/px4_msgs/include/px4_msgs/px4_msgs/msg/detail/vehicle_trajectory_bezier__traits.hpp\n'}
[2.028446] (px4_msgs) StdoutLine: {'line': b'-- Up-to-date: /home/harsh/ros2_project/install/px4_msgs/include/px4_msgs/px4_msgs/msg/detail/telemetry_status__type_support.hpp\n'}
[2.028497] (px4_msgs) StdoutLine: {'line': b'-- Up-to-date: /home/harsh/ros2_project/install/px4_msgs/include/px4_msgs/px4_msgs/msg/detail/vehicle_land_detected__builder.hpp\n'}
[2.028547] (px4_msgs) StdoutLine: {'line': b'-- Up-to-date: /home/harsh/ros2_project/install/px4_msgs/include/px4_msgs/px4_msgs/msg/detail/iridiumsbd_status__type_support.hpp\n'}
[2.028596] (px4_msgs) StdoutLine: {'line': b'-- Up-to-date: /home/harsh/ros2_project/install/px4_msgs/include/px4_msgs/px4_msgs/msg/detail/iridiumsbd_status__traits.hpp\n'}
[2.028648] (px4_msgs) StdoutLine: {'line': b'-- Up-to-date: /home/harsh/ros2_project/install/px4_msgs/include/px4_msgs/px4_msgs/msg/detail/vtol_vehicle_status__struct.hpp\n'}
[2.028699] (px4_msgs) StdoutLine: {'line': b'-- Up-to-date: /home/harsh/ros2_project/install/px4_msgs/include/px4_msgs/px4_msgs/msg/detail/gimbal_manager_set_manual_control__builder.hpp\n'}
[2.028750] (px4_msgs) StdoutLine: {'line': b'-- Up-to-date: /home/harsh/ros2_project/install/px4_msgs/include/px4_msgs/px4_msgs/msg/detail/gpio_request__builder.hpp\n'}
[2.028802] (px4_msgs) StdoutLine: {'line': b'-- Up-to-date: /home/harsh/ros2_project/install/px4_msgs/include/px4_msgs/px4_msgs/msg/detail/vehicle_local_position__traits.hpp\n'}
[2.028859] (px4_msgs) StdoutLine: {'line': b'-- Up-to-date: /home/harsh/ros2_project/install/px4_msgs/include/px4_msgs/px4_msgs/msg/detail/sensor_uwb__struct.hpp\n'}
[2.028921] (px4_msgs) StdoutLine: {'line': b'-- Up-to-date: /home/harsh/ros2_project/install/px4_msgs/include/px4_msgs/px4_msgs/msg/detail/adc_report__struct.hpp\n'}
[2.028994] (px4_msgs) StdoutLine: {'line': b'-- Up-to-date: /home/harsh/ros2_project/install/px4_msgs/include/px4_msgs/px4_msgs/msg/detail/differential_pressure__struct.hpp\n'}
[2.029055] (px4_msgs) StdoutLine: {'line': b'-- Up-to-date: /home/harsh/ros2_project/install/px4_msgs/include/px4_msgs/px4_msgs/msg/detail/landing_target_innovations__struct.hpp\n'}
[2.029109] (px4_msgs) StdoutLine: {'line': b'-- Up-to-date: /home/harsh/ros2_project/install/px4_msgs/include/px4_msgs/px4_msgs/msg/detail/sensor_mag__traits.hpp\n'}
[2.029161] (px4_msgs) StdoutLine: {'line': b'-- Up-to-date: /home/harsh/ros2_project/install/px4_msgs/include/px4_msgs/px4_msgs/msg/detail/position_controller_status__builder.hpp\n'}
[2.029213] (px4_msgs) StdoutLine: {'line': b'-- Up-to-date: /home/harsh/ros2_project/install/px4_msgs/include/px4_msgs/px4_msgs/msg/detail/vehicle_imu_status__struct.hpp\n'}
[2.029265] (px4_msgs) StdoutLine: {'line': b'-- Up-to-date: /home/harsh/ros2_project/install/px4_msgs/include/px4_msgs/px4_msgs/msg/detail/camera_trigger__builder.hpp\n'}
[2.029316] (px4_msgs) StdoutLine: {'line': b'-- Up-to-date: /home/harsh/ros2_project/install/px4_msgs/include/px4_msgs/px4_msgs/msg/detail/vehicle_local_position_setpoint__type_support.hpp\n'}
[2.029367] (px4_msgs) StdoutLine: {'line': b'-- Up-to-date: /home/harsh/ros2_project/install/px4_msgs/include/px4_msgs/px4_msgs/msg/detail/vehicle_air_data__type_support.hpp\n'}
[2.029419] (px4_msgs) StdoutLine: {'line': b'-- Up-to-date: /home/harsh/ros2_project/install/px4_msgs/include/px4_msgs/px4_msgs/msg/detail/vehicle_angular_acceleration_setpoint__struct.hpp\n'}
[2.029470] (px4_msgs) StdoutLine: {'line': b'-- Up-to-date: /home/harsh/ros2_project/install/px4_msgs/include/px4_msgs/px4_msgs/msg/detail/control_allocator_status__struct.hpp\n'}
[2.029521] (px4_msgs) StdoutLine: {'line': b'-- Up-to-date: /home/harsh/ros2_project/install/px4_msgs/include/px4_msgs/px4_msgs/msg/detail/differential_pressure__type_support.hpp\n'}
[2.029571] (px4_msgs) StdoutLine: {'line': b'-- Up-to-date: /home/harsh/ros2_project/install/px4_msgs/include/px4_msgs/px4_msgs/msg/detail/pwm_input__type_support.hpp\n'}
[2.029625] (px4_msgs) StdoutLine: {'line': b'-- Up-to-date: /home/harsh/ros2_project/install/px4_msgs/include/px4_msgs/px4_msgs/msg/detail/led_control__traits.hpp\n'}
[2.029677] (px4_msgs) StdoutLine: {'line': b'-- Up-to-date: /home/harsh/ros2_project/install/px4_msgs/include/px4_msgs/px4_msgs/msg/detail/battery_status__struct.hpp\n'}
[2.029728] (px4_msgs) StdoutLine: {'line': b'-- Up-to-date: /home/harsh/ros2_project/install/px4_msgs/include/px4_msgs/px4_msgs/msg/detail/rpm__struct.hpp\n'}
[2.029778] (px4_msgs) StdoutLine: {'line': b'-- Up-to-date: /home/harsh/ros2_project/install/px4_msgs/include/px4_msgs/px4_msgs/msg/detail/vehicle_imu__traits.hpp\n'}
[2.029830] (px4_msgs) StdoutLine: {'line': b'-- Up-to-date: /home/harsh/ros2_project/install/px4_msgs/include/px4_msgs/px4_msgs/msg/detail/velocity_limits__builder.hpp\n'}
[2.029881] (px4_msgs) StdoutLine: {'line': b'-- Up-to-date: /home/harsh/ros2_project/install/px4_msgs/include/px4_msgs/px4_msgs/msg/detail/yaw_estimator_status__type_support.hpp\n'}
[2.029935] (px4_msgs) StdoutLine: {'line': b'-- Up-to-date: /home/harsh/ros2_project/install/px4_msgs/include/px4_msgs/px4_msgs/msg/detail/generator_status__struct.hpp\n'}
[2.029991] (px4_msgs) StdoutLine: {'line': b'-- Up-to-date: /home/harsh/ros2_project/install/px4_msgs/include/px4_msgs/px4_msgs/msg/detail/gimbal_manager_status__traits.hpp\n'}
[2.030047] (px4_msgs) StdoutLine: {'line': b'-- Up-to-date: /home/harsh/ros2_project/install/px4_msgs/include/px4_msgs/px4_msgs/msg/detail/debug_key_value__type_support.hpp\n'}
[2.030098] (px4_msgs) StdoutLine: {'line': b'-- Up-to-date: /home/harsh/ros2_project/install/px4_msgs/include/px4_msgs/px4_msgs/msg/detail/follow_target_status__builder.hpp\n'}
[2.030148] (px4_msgs) StdoutLine: {'line': b'-- Up-to-date: /home/harsh/ros2_project/install/px4_msgs/include/px4_msgs/px4_msgs/msg/detail/sensors_status_imu__type_support.hpp\n'}
[2.030198] (px4_msgs) StdoutLine: {'line': b'-- Up-to-date: /home/harsh/ros2_project/install/px4_msgs/include/px4_msgs/px4_msgs/msg/detail/mavlink_tunnel__struct.hpp\n'}
[2.030249] (px4_msgs) StdoutLine: {'line': b'-- Up-to-date: /home/harsh/ros2_project/install/px4_msgs/include/px4_msgs/px4_msgs/msg/detail/sensor_gyro__struct.hpp\n'}
[2.030301] (px4_msgs) StdoutLine: {'line': b'-- Up-to-date: /home/harsh/ros2_project/install/px4_msgs/include/px4_msgs/px4_msgs/msg/detail/mavlink_tunnel__type_support.hpp\n'}
[2.030351] (px4_msgs) StdoutLine: {'line': b'-- Up-to-date: /home/harsh/ros2_project/install/px4_msgs/include/px4_msgs/px4_msgs/msg/detail/tune_control__builder.hpp\n'}
[2.030403] (px4_msgs) StdoutLine: {'line': b'-- Up-to-date: /home/harsh/ros2_project/install/px4_msgs/include/px4_msgs/px4_msgs/msg/detail/satellite_info__struct.hpp\n'}
[2.030455] (px4_msgs) StdoutLine: {'line': b'-- Up-to-date: /home/harsh/ros2_project/install/px4_msgs/include/px4_msgs/px4_msgs/msg/detail/dataman_response__type_support.hpp\n'}
[2.030511] (px4_msgs) StdoutLine: {'line': b'-- Up-to-date: /home/harsh/ros2_project/install/px4_msgs/include/px4_msgs/px4_msgs/msg/detail/esc_status__type_support.hpp\n'}
[2.030565] (px4_msgs) StdoutLine: {'line': b'-- Up-to-date: /home/harsh/ros2_project/install/px4_msgs/include/px4_msgs/px4_msgs/msg/detail/gps_dump__traits.hpp\n'}
[2.030616] (px4_msgs) StdoutLine: {'line': b'-- Up-to-date: /home/harsh/ros2_project/install/px4_msgs/include/px4_msgs/px4_msgs/msg/detail/distance_sensor__struct.hpp\n'}
[2.030669] (px4_msgs) StdoutLine: {'line': b'-- Up-to-date: /home/harsh/ros2_project/install/px4_msgs/include/px4_msgs/px4_msgs/msg/detail/message_format_request__struct.hpp\n'}
[2.030720] (px4_msgs) StdoutLine: {'line': b'-- Up-to-date: /home/harsh/ros2_project/install/px4_msgs/include/px4_msgs/px4_msgs/msg/detail/failsafe_flags__builder.hpp\n'}
[2.030772] (px4_msgs) StdoutLine: {'line': b'-- Up-to-date: /home/harsh/ros2_project/install/px4_msgs/include/px4_msgs/px4_msgs/msg/detail/geofence_status__traits.hpp\n'}
[2.030824] (px4_msgs) StdoutLine: {'line': b'-- Up-to-date: /home/harsh/ros2_project/install/px4_msgs/include/px4_msgs/px4_msgs/msg/detail/cellular_status__struct.hpp\n'}
[2.030877] (px4_msgs) StdoutLine: {'line': b'-- Up-to-date: /home/harsh/ros2_project/install/px4_msgs/include/px4_msgs/px4_msgs/msg/detail/gpio_config__type_support.hpp\n'}
[2.030928] (px4_msgs) StdoutLine: {'line': b'-- Up-to-date: /home/harsh/ros2_project/install/px4_msgs/include/px4_msgs/px4_msgs/msg/detail/iridiumsbd_status__struct.hpp\n'}
[2.030985] (px4_msgs) StdoutLine: {'line': b'-- Up-to-date: /home/harsh/ros2_project/install/px4_msgs/include/px4_msgs/px4_msgs/msg/detail/sensors_status__type_support.hpp\n'}
[2.031042] (px4_msgs) StdoutLine: {'line': b'-- Up-to-date: /home/harsh/ros2_project/install/px4_msgs/include/px4_msgs/px4_msgs/msg/detail/landing_gear_wheel__type_support.hpp\n'}
[2.031092] (px4_msgs) StdoutLine: {'line': b'-- Up-to-date: /home/harsh/ros2_project/install/px4_msgs/include/px4_msgs/px4_msgs/msg/detail/logger_status__type_support.hpp\n'}
[2.031145] (px4_msgs) StdoutLine: {'line': b'-- Up-to-date: /home/harsh/ros2_project/install/px4_msgs/include/px4_msgs/px4_msgs/msg/detail/vehicle_status__builder.hpp\n'}
[2.031196] (px4_msgs) StdoutLine: {'line': b'-- Up-to-date: /home/harsh/ros2_project/install/px4_msgs/include/px4_msgs/px4_msgs/msg/detail/ping__type_support.hpp\n'}
[2.031245] (px4_msgs) StdoutLine: {'line': b'-- Up-to-date: /home/harsh/ros2_project/install/px4_msgs/include/px4_msgs/px4_msgs/msg/detail/arming_check_request__struct.hpp\n'}
[2.031297] (px4_msgs) StdoutLine: {'line': b'-- Up-to-date: /home/harsh/ros2_project/install/px4_msgs/include/px4_msgs/px4_msgs/msg/detail/wind__type_support.hpp\n'}
[2.031348] (px4_msgs) StdoutLine: {'line': b'-- Up-to-date: /home/harsh/ros2_project/install/px4_msgs/include/px4_msgs/px4_msgs/msg/detail/vehicle_magnetometer__traits.hpp\n'}
[2.031399] (px4_msgs) StdoutLine: {'line': b'-- Up-to-date: /home/harsh/ros2_project/install/px4_msgs/include/px4_msgs/px4_msgs/msg/detail/trajectory_bezier__struct.hpp\n'}
[2.031449] (px4_msgs) StdoutLine: {'line': b'-- Up-to-date: /home/harsh/ros2_project/install/px4_msgs/include/px4_msgs/px4_msgs/msg/detail/mission_result__builder.hpp\n'}
[2.031499] (px4_msgs) StdoutLine: {'line': b'-- Up-to-date: /home/harsh/ros2_project/install/px4_msgs/include/px4_msgs/px4_msgs/msg/detail/orb_test_medium__type_support.hpp\n'}
[2.031550] (px4_msgs) StdoutLine: {'line': b'-- Up-to-date: /home/harsh/ros2_project/install/px4_msgs/include/px4_msgs/px4_msgs/msg/detail/navigator_mission_item__struct.hpp\n'}
[2.031602] (px4_msgs) StdoutLine: {'line': b'-- Up-to-date: /home/harsh/ros2_project/install/px4_msgs/include/px4_msgs/px4_msgs/msg/detail/sensor_uwb__traits.hpp\n'}
[2.031656] (px4_msgs) StdoutLine: {'line': b'-- Up-to-date: /home/harsh/ros2_project/install/px4_msgs/include/px4_msgs/px4_msgs/msg/detail/actuator_motors__builder.hpp\n'}
[2.031707] (px4_msgs) StdoutLine: {'line': b'-- Up-to-date: /home/harsh/ros2_project/install/px4_msgs/include/px4_msgs/px4_msgs/msg/detail/gps_dump__struct.hpp\n'}
[2.031756] (px4_msgs) StdoutLine: {'line': b'-- Up-to-date: /home/harsh/ros2_project/install/px4_msgs/include/px4_msgs/px4_msgs/msg/detail/sensor_optical_flow__type_support.hpp\n'}
[2.031805] (px4_msgs) StdoutLine: {'line': b'-- Up-to-date: /home/harsh/ros2_project/install/px4_msgs/include/px4_msgs/px4_msgs/msg/detail/led_control__type_support.hpp\n'}
[2.031857] (px4_msgs) StdoutLine: {'line': b'-- Up-to-date: /home/harsh/ros2_project/install/px4_msgs/include/px4_msgs/px4_msgs/msg/detail/gimbal_device_set_attitude__type_support.hpp\n'}
[2.031907] (px4_msgs) StdoutLine: {'line': b'-- Up-to-date: /home/harsh/ros2_project/install/px4_msgs/include/px4_msgs/px4_msgs/msg/detail/vehicle_trajectory_waypoint__struct.hpp\n'}
[2.031958] (px4_msgs) StdoutLine: {'line': b'-- Up-to-date: /home/harsh/ros2_project/install/px4_msgs/include/px4_msgs/px4_msgs/msg/detail/gimbal_device_attitude_status__builder.hpp\n'}
[2.032016] (px4_msgs) StdoutLine: {'line': b'-- Up-to-date: /home/harsh/ros2_project/install/px4_msgs/include/px4_msgs/px4_msgs/msg/detail/estimator_aid_source3d__struct.hpp\n'}
[2.032071] (px4_msgs) StdoutLine: {'line': b'-- Up-to-date: /home/harsh/ros2_project/install/px4_msgs/include/px4_msgs/px4_msgs/msg/detail/npfg_status__type_support.hpp\n'}
[2.032122] (px4_msgs) StdoutLine: {'line': b'-- Up-to-date: /home/harsh/ros2_project/install/px4_msgs/include/px4_msgs/px4_msgs/msg/detail/estimator_status__traits.hpp\n'}
[2.032173] (px4_msgs) StdoutLine: {'line': b'-- Up-to-date: /home/harsh/ros2_project/install/px4_msgs/include/px4_msgs/px4_msgs/msg/detail/estimator_gps_status__type_support.hpp\n'}
[2.032227] (px4_msgs) StdoutLine: {'line': b'-- Up-to-date: /home/harsh/ros2_project/install/px4_msgs/include/px4_msgs/px4_msgs/msg/detail/log_message__builder.hpp\n'}
[2.032278] (px4_msgs) StdoutLine: {'line': b'-- Up-to-date: /home/harsh/ros2_project/install/px4_msgs/include/px4_msgs/px4_msgs/msg/detail/logger_status__struct.hpp\n'}
[2.032328] (px4_msgs) StdoutLine: {'line': b'-- Up-to-date: /home/harsh/ros2_project/install/px4_msgs/include/px4_msgs/px4_msgs/msg/detail/gpio_in__struct.hpp\n'}
[2.032379] (px4_msgs) StdoutLine: {'line': b'-- Up-to-date: /home/harsh/ros2_project/install/px4_msgs/include/px4_msgs/px4_msgs/msg/detail/heater_status__type_support.hpp\n'}
[2.032431] (px4_msgs) StdoutLine: {'line': b'-- Up-to-date: /home/harsh/ros2_project/install/px4_msgs/include/px4_msgs/px4_msgs/msg/detail/trajectory_bezier__traits.hpp\n'}
[2.032482] (px4_msgs) StdoutLine: {'line': b'-- Up-to-date: /home/harsh/ros2_project/install/px4_msgs/include/px4_msgs/px4_msgs/msg/detail/magnetometer_bias_estimate__struct.hpp\n'}
[2.032532] (px4_msgs) StdoutLine: {'line': b'-- Up-to-date: /home/harsh/ros2_project/install/px4_msgs/include/px4_msgs/px4_msgs/msg/detail/radio_status__builder.hpp\n'}
[2.032583] (px4_msgs) StdoutLine: {'line': b'-- Up-to-date: /home/harsh/ros2_project/install/px4_msgs/include/px4_msgs/px4_msgs/msg/detail/vehicle_status__type_support.hpp\n'}
[2.032633] (px4_msgs) StdoutLine: {'line': b'-- Up-to-date: /home/harsh/ros2_project/install/px4_msgs/include/px4_msgs/px4_msgs/msg/detail/debug_value__traits.hpp\n'}
[2.032682] (px4_msgs) StdoutLine: {'line': b'-- Up-to-date: /home/harsh/ros2_project/install/px4_msgs/include/px4_msgs/px4_msgs/msg/detail/landing_target_pose__type_support.hpp\n'}
[2.032733] (px4_msgs) StdoutLine: {'line': b'-- Up-to-date: /home/harsh/ros2_project/install/px4_msgs/include/px4_msgs/px4_msgs/msg/detail/estimator_aid_source2d__type_support.hpp\n'}
[2.032785] (px4_msgs) StdoutLine: {'line': b'-- Up-to-date: /home/harsh/ros2_project/install/px4_msgs/include/px4_msgs/px4_msgs/msg/detail/led_control__struct.hpp\n'}
[2.032835] (px4_msgs) StdoutLine: {'line': b'-- Up-to-date: /home/harsh/ros2_project/install/px4_msgs/include/px4_msgs/px4_msgs/msg/detail/config_overrides__type_support.hpp\n'}
[2.032885] (px4_msgs) StdoutLine: {'line': b'-- Up-to-date: /home/harsh/ros2_project/install/px4_msgs/include/px4_msgs/px4_msgs/msg/detail/led_control__builder.hpp\n'}
[2.032936] (px4_msgs) StdoutLine: {'line': b'-- Up-to-date: /home/harsh/ros2_project/install/px4_msgs/include/px4_msgs/px4_msgs/msg/detail/vehicle_global_position__traits.hpp\n'}
[2.032994] (px4_msgs) StdoutLine: {'line': b'-- Up-to-date: /home/harsh/ros2_project/install/px4_msgs/include/px4_msgs/px4_msgs/msg/detail/differential_drive_setpoint__builder.hpp\n'}
[2.033050] (px4_msgs) StdoutLine: {'line': b'-- Up-to-date: /home/harsh/ros2_project/install/px4_msgs/include/px4_msgs/px4_msgs/msg/detail/sensor_baro__traits.hpp\n'}
[2.033100] (px4_msgs) StdoutLine: {'line': b'-- Up-to-date: /home/harsh/ros2_project/install/px4_msgs/include/px4_msgs/px4_msgs/msg/detail/sensor_airflow__traits.hpp\n'}
[2.033153] (px4_msgs) StdoutLine: {'line': b'-- Up-to-date: /home/harsh/ros2_project/install/px4_msgs/include/px4_msgs/px4_msgs/msg/detail/distance_sensor__builder.hpp\n'}
[2.033204] (px4_msgs) StdoutLine: {'line': b'-- Up-to-date: /home/harsh/ros2_project/install/px4_msgs/include/px4_msgs/px4_msgs/msg/detail/takeoff_status__builder.hpp\n'}
[2.033253] (px4_msgs) StdoutLine: {'line': b'-- Up-to-date: /home/harsh/ros2_project/install/px4_msgs/include/px4_msgs/px4_msgs/msg/detail/actuator_armed__struct.hpp\n'}
[2.033316] (px4_msgs) StdoutLine: {'line': b'-- Up-to-date: /home/harsh/ros2_project/install/px4_msgs/include/px4_msgs/px4_msgs/msg/detail/vehicle_trajectory_bezier__builder.hpp\n'}
[2.033367] (px4_msgs) StdoutLine: {'line': b'-- Up-to-date: /home/harsh/ros2_project/install/px4_msgs/include/px4_msgs/px4_msgs/msg/detail/camera_trigger__struct.hpp\n'}
[2.033420] (px4_msgs) StdoutLine: {'line': b'-- Up-to-date: /home/harsh/ros2_project/install/px4_msgs/include/px4_msgs/px4_msgs/msg/detail/estimator_bias__struct.hpp\n'}
[2.033472] (px4_msgs) StdoutLine: {'line': b'-- Up-to-date: /home/harsh/ros2_project/install/px4_msgs/include/px4_msgs/px4_msgs/msg/detail/magnetometer_bias_estimate__type_support.hpp\n'}
[2.033523] (px4_msgs) StdoutLine: {'line': b'-- Up-to-date: /home/harsh/ros2_project/install/px4_msgs/include/px4_msgs/px4_msgs/msg/detail/estimator_event_flags__builder.hpp\n'}
[2.033573] (px4_msgs) StdoutLine: {'line': b'-- Up-to-date: /home/harsh/ros2_project/install/px4_msgs/include/px4_msgs/px4_msgs/msg/detail/heater_status__struct.hpp\n'}
[2.033623] (px4_msgs) StdoutLine: {'line': b'-- Up-to-date: /home/harsh/ros2_project/install/px4_msgs/include/px4_msgs/px4_msgs/msg/detail/uavcan_parameter_value__traits.hpp\n'}
[2.033675] (px4_msgs) StdoutLine: {'line': b'-- Up-to-date: /home/harsh/ros2_project/install/px4_msgs/include/px4_msgs/px4_msgs/msg/detail/gpio_in__builder.hpp\n'}
[2.033730] (px4_msgs) StdoutLine: {'line': b'-- Up-to-date: /home/harsh/ros2_project/install/px4_msgs/include/px4_msgs/px4_msgs/msg/detail/estimator_aid_source2d__struct.hpp\n'}
[2.033781] (px4_msgs) StdoutLine: {'line': b'-- Up-to-date: /home/harsh/ros2_project/install/px4_msgs/include/px4_msgs/px4_msgs/msg/detail/estimator_aid_source1d__struct.hpp\n'}
[2.033837] (px4_msgs) StdoutLine: {'line': b'-- Up-to-date: /home/harsh/ros2_project/install/px4_msgs/include/px4_msgs/px4_msgs/msg/detail/geofence_status__struct.hpp\n'}
[2.033902] (px4_msgs) StdoutLine: {'line': b'-- Up-to-date: /home/harsh/ros2_project/install/px4_msgs/include/px4_msgs/px4_msgs/msg/detail/figure_eight_status__traits.hpp\n'}
[2.033961] (px4_msgs) StdoutLine: {'line': b'-- Up-to-date: /home/harsh/ros2_project/install/px4_msgs/include/px4_msgs/px4_msgs/msg/detail/debug_vect__builder.hpp\n'}
[2.034023] (px4_msgs) StdoutLine: {'line': b'-- Up-to-date: /home/harsh/ros2_project/install/px4_msgs/include/px4_msgs/px4_msgs/msg/detail/parameter_update__traits.hpp\n'}
[2.034077] (px4_msgs) StdoutLine: {'line': b'-- Up-to-date: /home/harsh/ros2_project/install/px4_msgs/include/px4_msgs/px4_msgs/msg/detail/mode_completed__traits.hpp\n'}
[2.034127] (px4_msgs) StdoutLine: {'line': b'-- Up-to-date: /home/harsh/ros2_project/install/px4_msgs/include/px4_msgs/px4_msgs/msg/detail/vehicle_command_ack__type_support.hpp\n'}
[2.034179] (px4_msgs) StdoutLine: {'line': b'-- Up-to-date: /home/harsh/ros2_project/install/px4_msgs/include/px4_msgs/px4_msgs/msg/detail/collision_report__traits.hpp\n'}
[2.034231] (px4_msgs) StdoutLine: {'line': b'-- Up-to-date: /home/harsh/ros2_project/install/px4_msgs/include/px4_msgs/px4_msgs/msg/detail/actuator_controls_status__traits.hpp\n'}
[2.034283] (px4_msgs) StdoutLine: {'line': b'-- Up-to-date: /home/harsh/ros2_project/install/px4_msgs/include/px4_msgs/px4_msgs/msg/detail/gpio_out__traits.hpp\n'}
[2.034335] (px4_msgs) StdoutLine: {'line': b'-- Up-to-date: /home/harsh/ros2_project/install/px4_msgs/include/px4_msgs/px4_msgs/msg/detail/mount_orientation__type_support.hpp\n'}
[2.034388] (px4_msgs) StdoutLine: {'line': b'-- Up-to-date: /home/harsh/ros2_project/install/px4_msgs/include/px4_msgs/px4_msgs/msg/detail/gps_inject_data__struct.hpp\n'}
[2.034440] (px4_msgs) StdoutLine: {'line': b'-- Up-to-date: /home/harsh/ros2_project/install/px4_msgs/include/px4_msgs/px4_msgs/msg/detail/estimator_event_flags__struct.hpp\n'}
[2.034492] (px4_msgs) StdoutLine: {'line': b'-- Up-to-date: /home/harsh/ros2_project/install/px4_msgs/include/px4_msgs/px4_msgs/msg/detail/log_message__struct.hpp\n'}
[2.034549] (px4_msgs) StdoutLine: {'line': b'-- Up-to-date: /home/harsh/ros2_project/install/px4_msgs/include/px4_msgs/px4_msgs/msg/detail/control_allocator_status__builder.hpp\n'}
[2.034600] (px4_msgs) StdoutLine: {'line': b'-- Up-to-date: /home/harsh/ros2_project/install/px4_msgs/include/px4_msgs/px4_msgs/msg/detail/vehicle_optical_flow_vel__struct.hpp\n'}
[2.034653] (px4_msgs) StdoutLine: {'line': b'-- Up-to-date: /home/harsh/ros2_project/install/px4_msgs/include/px4_msgs/px4_msgs/msg/detail/geofence_status__type_support.hpp\n'}
[2.034702] (px4_msgs) StdoutLine: {'line': b'-- Up-to-date: /home/harsh/ros2_project/install/px4_msgs/include/px4_msgs/px4_msgs/msg/detail/figure_eight_status__builder.hpp\n'}
[2.034754] (px4_msgs) StdoutLine: {'line': b'-- Up-to-date: /home/harsh/ros2_project/install/px4_msgs/include/px4_msgs/px4_msgs/msg/detail/qshell_retval__struct.hpp\n'}
[2.034803] (px4_msgs) StdoutLine: {'line': b'-- Up-to-date: /home/harsh/ros2_project/install/px4_msgs/include/px4_msgs/px4_msgs/msg/detail/gps_dump__builder.hpp\n'}
[2.034854] (px4_msgs) StdoutLine: {'line': b'-- Up-to-date: /home/harsh/ros2_project/install/px4_msgs/include/px4_msgs/px4_msgs/msg/detail/onboard_computer_status__struct.hpp\n'}
[2.034903] (px4_msgs) StdoutLine: {'line': b'-- Up-to-date: /home/harsh/ros2_project/install/px4_msgs/include/px4_msgs/px4_msgs/msg/detail/vehicle_rates_setpoint__builder.hpp\n'}
[2.034954] (px4_msgs) StdoutLine: {'line': b'-- Up-to-date: /home/harsh/ros2_project/install/px4_msgs/include/px4_msgs/px4_msgs/msg/detail/tiltrotor_extra_controls__builder.hpp\n'}
[2.035012] (px4_msgs) StdoutLine: {'line': b'-- Up-to-date: /home/harsh/ros2_project/install/px4_msgs/include/px4_msgs/px4_msgs/msg/detail/actuator_outputs__type_support.hpp\n'}
[2.035071] (px4_msgs) StdoutLine: {'line': b'-- Up-to-date: /home/harsh/ros2_project/install/px4_msgs/include/px4_msgs/px4_msgs/msg/detail/vehicle_rates_setpoint__traits.hpp\n'}
[2.035124] (px4_msgs) StdoutLine: {'line': b'-- Up-to-date: /home/harsh/ros2_project/install/px4_msgs/include/px4_msgs/px4_msgs/msg/detail/qshell_retval__builder.hpp\n'}
[2.035176] (px4_msgs) StdoutLine: {'line': b'-- Up-to-date: /home/harsh/ros2_project/install/px4_msgs/include/px4_msgs/px4_msgs/msg/detail/trajectory_setpoint__type_support.hpp\n'}
[2.035226] (px4_msgs) StdoutLine: {'line': b'-- Up-to-date: /home/harsh/ros2_project/install/px4_msgs/include/px4_msgs/px4_msgs/msg/detail/px4io_status__traits.hpp\n'}
[2.035278] (px4_msgs) StdoutLine: {'line': b'-- Up-to-date: /home/harsh/ros2_project/install/px4_msgs/include/px4_msgs/px4_msgs/msg/detail/actuator_outputs__traits.hpp\n'}
[2.035328] (px4_msgs) StdoutLine: {'line': b'-- Up-to-date: /home/harsh/ros2_project/install/px4_msgs/include/px4_msgs/px4_msgs/msg/detail/mag_worker_data__builder.hpp\n'}
[2.035379] (px4_msgs) StdoutLine: {'line': b'-- Up-to-date: /home/harsh/ros2_project/install/px4_msgs/include/px4_msgs/px4_msgs/msg/detail/gimbal_manager_information__builder.hpp\n'}
[2.035434] (px4_msgs) StdoutLine: {'line': b'-- Up-to-date: /home/harsh/ros2_project/install/px4_msgs/include/px4_msgs/px4_msgs/msg/detail/register_ext_component_reply__type_support.hpp\n'}
[2.035485] (px4_msgs) StdoutLine: {'line': b'-- Up-to-date: /home/harsh/ros2_project/install/px4_msgs/include/px4_msgs/px4_msgs/msg/detail/estimator_gps_status__traits.hpp\n'}
[2.035536] (px4_msgs) StdoutLine: {'line': b'-- Up-to-date: /home/harsh/ros2_project/install/px4_msgs/include/px4_msgs/px4_msgs/msg/detail/orbit_status__type_support.hpp\n'}
[2.035586] (px4_msgs) StdoutLine: {'line': b'-- Up-to-date: /home/harsh/ros2_project/install/px4_msgs/include/px4_msgs/px4_msgs/msg/detail/buffer128__struct.hpp\n'}
[2.035636] (px4_msgs) StdoutLine: {'line': b'-- Up-to-date: /home/harsh/ros2_project/install/px4_msgs/include/px4_msgs/px4_msgs/msg/detail/estimator_states__struct.hpp\n'}
[2.035686] (px4_msgs) StdoutLine: {'line': b'-- Up-to-date: /home/harsh/ros2_project/install/px4_msgs/include/px4_msgs/px4_msgs/msg/detail/gpio_config__builder.hpp\n'}
[2.035737] (px4_msgs) StdoutLine: {'line': b'-- Up-to-date: /home/harsh/ros2_project/install/px4_msgs/include/px4_msgs/px4_msgs/msg/detail/vehicle_torque_setpoint__type_support.hpp\n'}
[2.035794] (px4_msgs) StdoutLine: {'line': b'-- Up-to-date: /home/harsh/ros2_project/install/px4_msgs/include/px4_msgs/px4_msgs/msg/detail/ulog_stream__type_support.hpp\n'}
[2.035845] (px4_msgs) StdoutLine: {'line': b'-- Up-to-date: /home/harsh/ros2_project/install/px4_msgs/include/px4_msgs/px4_msgs/msg/detail/vehicle_rates_setpoint__type_support.hpp\n'}
[2.035894] (px4_msgs) StdoutLine: {'line': b'-- Up-to-date: /home/harsh/ros2_project/install/px4_msgs/include/px4_msgs/px4_msgs/msg/detail/action_request__struct.hpp\n'}
[2.035946] (px4_msgs) StdoutLine: {'line': b'-- Up-to-date: /home/harsh/ros2_project/install/px4_msgs/include/px4_msgs/px4_msgs/msg/detail/vehicle_angular_acceleration_setpoint__traits.hpp\n'}
[2.036006] (px4_msgs) StdoutLine: {'line': b'-- Up-to-date: /home/harsh/ros2_project/install/px4_msgs/include/px4_msgs/px4_msgs/msg/detail/tecs_status__builder.hpp\n'}
[2.036059] (px4_msgs) StdoutLine: {'line': b'-- Up-to-date: /home/harsh/ros2_project/install/px4_msgs/include/px4_msgs/px4_msgs/msg/detail/vehicle_magnetometer__type_support.hpp\n'}
[2.036112] (px4_msgs) StdoutLine: {'line': b'-- Up-to-date: /home/harsh/ros2_project/install/px4_msgs/include/px4_msgs/px4_msgs/msg/detail/follow_target__struct.hpp\n'}
[2.036163] (px4_msgs) StdoutLine: {'line': b'-- Up-to-date: /home/harsh/ros2_project/install/px4_msgs/include/px4_msgs/px4_msgs/msg/detail/power_button_state__traits.hpp\n'}
[2.036214] (px4_msgs) StdoutLine: {'line': b'-- Up-to-date: /home/harsh/ros2_project/install/px4_msgs/include/px4_msgs/px4_msgs/msg/detail/vehicle_optical_flow_vel__builder.hpp\n'}
[2.036265] (px4_msgs) StdoutLine: {'line': b'-- Up-to-date: /home/harsh/ros2_project/install/px4_msgs/include/px4_msgs/px4_msgs/msg/detail/onboard_computer_status__traits.hpp\n'}
[2.036315] (px4_msgs) StdoutLine: {'line': b'-- Up-to-date: /home/harsh/ros2_project/install/px4_msgs/include/px4_msgs/px4_msgs/msg/detail/offboard_control_mode__traits.hpp\n'}
[2.036366] (px4_msgs) StdoutLine: {'line': b'-- Up-to-date: /home/harsh/ros2_project/install/px4_msgs/include/px4_msgs/px4_msgs/msg/detail/orb_test__struct.hpp\n'}
[2.036418] (px4_msgs) StdoutLine: {'line': b'-- Up-to-date: /home/harsh/ros2_project/install/px4_msgs/include/px4_msgs/px4_msgs/msg/detail/follow_target__type_support.hpp\n'}
[2.036468] (px4_msgs) StdoutLine: {'line': b'-- Up-to-date: /home/harsh/ros2_project/install/px4_msgs/include/px4_msgs/px4_msgs/msg/detail/sensor_airflow__struct.hpp\n'}
[2.036519] (px4_msgs) StdoutLine: {'line': b'-- Up-to-date: /home/harsh/ros2_project/install/px4_msgs/include/px4_msgs/px4_msgs/msg/detail/health_report__traits.hpp\n'}
[2.036570] (px4_msgs) StdoutLine: {'line': b'-- Up-to-date: /home/harsh/ros2_project/install/px4_msgs/include/px4_msgs/px4_msgs/msg/detail/takeoff_status__struct.hpp\n'}
[2.036623] (px4_msgs) StdoutLine: {'line': b'-- Up-to-date: /home/harsh/ros2_project/install/px4_msgs/include/px4_msgs/px4_msgs/msg/detail/rate_ctrl_status__builder.hpp\n'}
[2.036674] (px4_msgs) StdoutLine: {'line': b'-- Up-to-date: /home/harsh/ros2_project/install/px4_msgs/include/px4_msgs/px4_msgs/msg/detail/sensor_combined__type_support.hpp\n'}
[2.036729] (px4_msgs) StdoutLine: {'line': b'-- Up-to-date: /home/harsh/ros2_project/install/px4_msgs/include/px4_msgs/px4_msgs/msg/detail/rate_ctrl_status__type_support.hpp\n'}
[2.036780] (px4_msgs) StdoutLine: {'line': b'-- Up-to-date: /home/harsh/ros2_project/install/px4_msgs/include/px4_msgs/px4_msgs/msg/detail/estimator_gps_status__struct.hpp\n'}
[2.036832] (px4_msgs) StdoutLine: {'line': b'-- Up-to-date: /home/harsh/ros2_project/install/px4_msgs/include/px4_msgs/px4_msgs/msg/detail/trajectory_waypoint__type_support.hpp\n'}
[2.036882] (px4_msgs) StdoutLine: {'line': b'-- Up-to-date: /home/harsh/ros2_project/install/px4_msgs/include/px4_msgs/px4_msgs/msg/detail/health_report__builder.hpp\n'}
[2.036933] (px4_msgs) StdoutLine: {'line': b'-- Up-to-date: /home/harsh/ros2_project/install/px4_msgs/include/px4_msgs/px4_msgs/msg/detail/wind__traits.hpp\n'}
[2.036997] (px4_msgs) StdoutLine: {'line': b'-- Up-to-date: /home/harsh/ros2_project/install/px4_msgs/include/px4_msgs/px4_msgs/msg/detail/gimbal_device_information__traits.hpp\n'}
[2.037054] (px4_msgs) StdoutLine: {'line': b'-- Up-to-date: /home/harsh/ros2_project/install/px4_msgs/include/px4_msgs/px4_msgs/msg/detail/cpuload__builder.hpp\n'}
[2.037105] (px4_msgs) StdoutLine: {'line': b'-- Up-to-date: /home/harsh/ros2_project/install/px4_msgs/include/px4_msgs/px4_msgs/msg/detail/message_format_request__type_support.hpp\n'}
[2.037157] (px4_msgs) StdoutLine: {'line': b'-- Up-to-date: /home/harsh/ros2_project/install/px4_msgs/include/px4_msgs/px4_msgs/msg/detail/estimator_aid_source1d__type_support.hpp\n'}
[2.037208] (px4_msgs) StdoutLine: {'line': b'-- Up-to-date: /home/harsh/ros2_project/install/px4_msgs/include/px4_msgs/px4_msgs/msg/detail/parameter_update__struct.hpp\n'}
[2.037259] (px4_msgs) StdoutLine: {'line': b'-- Up-to-date: /home/harsh/ros2_project/install/px4_msgs/include/px4_msgs/px4_msgs/msg/detail/vehicle_status__traits.hpp\n'}
[2.037308] (px4_msgs) StdoutLine: {'line': b'-- Up-to-date: /home/harsh/ros2_project/install/px4_msgs/include/px4_msgs/px4_msgs/msg/detail/cpuload__struct.hpp\n'}
[2.037361] (px4_msgs) StdoutLine: {'line': b'-- Up-to-date: /home/harsh/ros2_project/install/px4_msgs/include/px4_msgs/px4_msgs/msg/detail/differential_drive_setpoint__struct.hpp\n'}
[2.037412] (px4_msgs) StdoutLine: {'line': b'-- Up-to-date: /home/harsh/ros2_project/install/px4_msgs/include/px4_msgs/px4_msgs/msg/detail/parameter_reset_request__traits.hpp\n'}
[2.037463] (px4_msgs) StdoutLine: {'line': b'-- Up-to-date: /home/harsh/ros2_project/install/px4_msgs/include/px4_msgs/px4_msgs/msg/detail/trajectory_waypoint__struct.hpp\n'}
[2.037513] (px4_msgs) StdoutLine: {'line': b'-- Up-to-date: /home/harsh/ros2_project/install/px4_msgs/include/px4_msgs/px4_msgs/msg/detail/can_interface_status__builder.hpp\n'}
[2.037566] (px4_msgs) StdoutLine: {'line': b'-- Up-to-date: /home/harsh/ros2_project/install/px4_msgs/include/px4_msgs/px4_msgs/msg/detail/telemetry_status__traits.hpp\n'}
[2.037618] (px4_msgs) StdoutLine: {'line': b'-- Up-to-date: /home/harsh/ros2_project/install/px4_msgs/include/px4_msgs/px4_msgs/msg/detail/estimator_selector_status__traits.hpp\n'}
[2.037669] (px4_msgs) StdoutLine: {'line': b'-- Up-to-date: /home/harsh/ros2_project/install/px4_msgs/include/px4_msgs/px4_msgs/msg/detail/sensor_optical_flow__struct.hpp\n'}
[2.037722] (px4_msgs) StdoutLine: {'line': b'-- Up-to-date: /home/harsh/ros2_project/install/px4_msgs/include/px4_msgs/px4_msgs/msg/detail/gimbal_manager_status__builder.hpp\n'}
[2.037774] (px4_msgs) StdoutLine: {'line': b'-- Up-to-date: /home/harsh/ros2_project/install/px4_msgs/include/px4_msgs/px4_msgs/msg/detail/mount_orientation__struct.hpp\n'}
[2.037823] (px4_msgs) StdoutLine: {'line': b'-- Up-to-date: /home/harsh/ros2_project/install/px4_msgs/include/px4_msgs/px4_msgs/msg/detail/vehicle_rates_setpoint__struct.hpp\n'}
[2.037873] (px4_msgs) StdoutLine: {'line': b'-- Up-to-date: /home/harsh/ros2_project/install/px4_msgs/include/px4_msgs/px4_msgs/msg/detail/unregister_ext_component__struct.hpp\n'}
[2.037925] (px4_msgs) StdoutLine: {'line': b'-- Up-to-date: /home/harsh/ros2_project/install/px4_msgs/include/px4_msgs/px4_msgs/msg/detail/geofence_status__builder.hpp\n'}
[2.037975] (px4_msgs) StdoutLine: {'line': b'-- Up-to-date: /home/harsh/ros2_project/install/px4_msgs/include/px4_msgs/px4_msgs/msg/detail/hover_thrust_estimate__traits.hpp\n'}
[2.038038] (px4_msgs) StdoutLine: {'line': b'-- Up-to-date: /home/harsh/ros2_project/install/px4_msgs/include/px4_msgs/px4_msgs/msg/detail/estimator_selector_status__type_support.hpp\n'}
[2.038089] (px4_msgs) StdoutLine: {'line': b'-- Up-to-date: /home/harsh/ros2_project/install/px4_msgs/include/px4_msgs/px4_msgs/msg/detail/mission_result__traits.hpp\n'}
[2.038140] (px4_msgs) StdoutLine: {'line': b'-- Up-to-date: /home/harsh/ros2_project/install/px4_msgs/include/px4_msgs/px4_msgs/msg/detail/gimbal_manager_set_attitude__struct.hpp\n'}
[2.038195] (px4_msgs) StdoutLine: {'line': b'-- Up-to-date: /home/harsh/ros2_project/install/px4_msgs/include/px4_msgs/px4_msgs/msg/detail/config_overrides__struct.hpp\n'}
[2.038246] (px4_msgs) StdoutLine: {'line': b'-- Up-to-date: /home/harsh/ros2_project/install/px4_msgs/include/px4_msgs/px4_msgs/msg/detail/gimbal_manager_set_attitude__type_support.hpp\n'}
[2.038298] (px4_msgs) StdoutLine: {'line': b'-- Up-to-date: /home/harsh/ros2_project/install/px4_msgs/include/px4_msgs/px4_msgs/msg/detail/npfg_status__struct.hpp\n'}
[2.038348] (px4_msgs) StdoutLine: {'line': b'-- Up-to-date: /home/harsh/ros2_project/install/px4_msgs/include/px4_msgs/px4_msgs/msg/detail/mission__type_support.hpp\n'}
[2.038399] (px4_msgs) StdoutLine: {'line': b'-- Up-to-date: /home/harsh/ros2_project/install/px4_msgs/include/px4_msgs/px4_msgs/msg/detail/sensor_gps__type_support.hpp\n'}
[2.038453] (px4_msgs) StdoutLine: {'line': b'-- Up-to-date: /home/harsh/ros2_project/install/px4_msgs/include/px4_msgs/px4_msgs/msg/detail/vehicle_acceleration__type_support.hpp\n'}
[2.038505] (px4_msgs) StdoutLine: {'line': b'-- Up-to-date: /home/harsh/ros2_project/install/px4_msgs/include/px4_msgs/px4_msgs/msg/detail/tiltrotor_extra_controls__traits.hpp\n'}
[2.038558] (px4_msgs) StdoutLine: {'line': b'-- Up-to-date: /home/harsh/ros2_project/install/px4_msgs/include/px4_msgs/px4_msgs/msg/detail/internal_combustion_engine_status__struct.hpp\n'}
[2.038610] (px4_msgs) StdoutLine: {'line': b'-- Up-to-date: /home/harsh/ros2_project/install/px4_msgs/include/px4_msgs/px4_msgs/msg/detail/logger_status__builder.hpp\n'}
[2.038661] (px4_msgs) StdoutLine: {'line': b'-- Up-to-date: /home/harsh/ros2_project/install/px4_msgs/include/px4_msgs/px4_msgs/msg/detail/qshell_req__type_support.hpp\n'}
[2.038712] (px4_msgs) StdoutLine: {'line': b'-- Up-to-date: /home/harsh/ros2_project/install/px4_msgs/include/px4_msgs/px4_msgs/msg/detail/gimbal_manager_status__type_support.hpp\n'}
[2.038762] (px4_msgs) StdoutLine: {'line': b'-- Up-to-date: /home/harsh/ros2_project/install/px4_msgs/include/px4_msgs/px4_msgs/msg/detail/orb_test_medium__struct.hpp\n'}
[2.038815] (px4_msgs) StdoutLine: {'line': b'-- Up-to-date: /home/harsh/ros2_project/install/px4_msgs/include/px4_msgs/px4_msgs/msg/detail/transponder_report__struct.hpp\n'}
[2.038866] (px4_msgs) StdoutLine: {'line': b'-- Up-to-date: /home/harsh/ros2_project/install/px4_msgs/include/px4_msgs/px4_msgs/msg/detail/esc_report__traits.hpp\n'}
[2.038916] (px4_msgs) StdoutLine: {'line': b'-- Up-to-date: /home/harsh/ros2_project/install/px4_msgs/include/px4_msgs/px4_msgs/msg/detail/task_stack_info__builder.hpp\n'}
[2.038966] (px4_msgs) StdoutLine: {'line': b'-- Up-to-date: /home/harsh/ros2_project/install/px4_msgs/include/px4_msgs/px4_msgs/msg/detail/gimbal_device_attitude_status__traits.hpp\n'}
[2.039025] (px4_msgs) StdoutLine: {'line': b'-- Up-to-date: /home/harsh/ros2_project/install/px4_msgs/include/px4_msgs/px4_msgs/msg/detail/offboard_control_mode__type_support.hpp\n'}
[2.039079] (px4_msgs) StdoutLine: {'line': b'-- Up-to-date: /home/harsh/ros2_project/install/px4_msgs/include/px4_msgs/px4_msgs/msg/detail/vehicle_land_detected__type_support.hpp\n'}
[2.039132] (px4_msgs) StdoutLine: {'line': b'-- Up-to-date: /home/harsh/ros2_project/install/px4_msgs/include/px4_msgs/px4_msgs/msg/detail/vehicle_global_position__builder.hpp\n'}
[2.039184] (px4_msgs) StdoutLine: {'line': b'-- Up-to-date: /home/harsh/ros2_project/install/px4_msgs/include/px4_msgs/px4_msgs/msg/detail/sensors_status_imu__traits.hpp\n'}
[2.039236] (px4_msgs) StdoutLine: {'line': b'-- Up-to-date: /home/harsh/ros2_project/install/px4_msgs/include/px4_msgs/px4_msgs/msg/detail/irlock_report__traits.hpp\n'}
[2.039285] (px4_msgs) StdoutLine: {'line': b'-- Up-to-date: /home/harsh/ros2_project/install/px4_msgs/include/px4_msgs/px4_msgs/msg/detail/follow_target_estimator__traits.hpp\n'}
[2.039335] (px4_msgs) StdoutLine: {'line': b'-- Up-to-date: /home/harsh/ros2_project/install/px4_msgs/include/px4_msgs/px4_msgs/msg/detail/internal_combustion_engine_status__traits.hpp\n'}
[2.039388] (px4_msgs) StdoutLine: {'line': b'-- Up-to-date: /home/harsh/ros2_project/install/px4_msgs/include/px4_msgs/px4_msgs/msg/detail/sensor_preflight_mag__builder.hpp\n'}
[2.039440] (px4_msgs) StdoutLine: {'line': b'-- Up-to-date: /home/harsh/ros2_project/install/px4_msgs/include/px4_msgs/px4_msgs/msg/detail/launch_detection_status__type_support.hpp\n'}
[2.039490] (px4_msgs) StdoutLine: {'line': b'-- Up-to-date: /home/harsh/ros2_project/install/px4_msgs/include/px4_msgs/px4_msgs/msg/detail/position_setpoint__traits.hpp\n'}
[2.039541] (px4_msgs) StdoutLine: {'line': b'-- Up-to-date: /home/harsh/ros2_project/install/px4_msgs/include/px4_msgs/px4_msgs/msg/detail/landing_gear__traits.hpp\n'}
[2.039591] (px4_msgs) StdoutLine: {'line': b'-- Up-to-date: /home/harsh/ros2_project/install/px4_msgs/include/px4_msgs/px4_msgs/msg/detail/vehicle_torque_setpoint__traits.hpp\n'}
[2.039642] (px4_msgs) StdoutLine: {'line': b'-- Up-to-date: /home/harsh/ros2_project/install/px4_msgs/include/px4_msgs/px4_msgs/msg/detail/sensor_selection__struct.hpp\n'}
[2.039692] (px4_msgs) StdoutLine: {'line': b'-- Up-to-date: /home/harsh/ros2_project/install/px4_msgs/include/px4_msgs/px4_msgs/msg/detail/gps_inject_data__builder.hpp\n'}
[2.039742] (px4_msgs) StdoutLine: {'line': b'-- Up-to-date: /home/harsh/ros2_project/install/px4_msgs/include/px4_msgs/px4_msgs/msg/detail/sensor_correction__builder.hpp\n'}
[2.039794] (px4_msgs) StdoutLine: {'line': b'-- Up-to-date: /home/harsh/ros2_project/install/px4_msgs/include/px4_msgs/px4_msgs/msg/detail/sensor_gps__traits.hpp\n'}
[2.039845] (px4_msgs) StdoutLine: {'line': b'-- Up-to-date: /home/harsh/ros2_project/install/px4_msgs/include/px4_msgs/px4_msgs/msg/detail/telemetry_status__builder.hpp\n'}
[2.039894] (px4_msgs) StdoutLine: {'line': b'-- Up-to-date: /home/harsh/ros2_project/install/px4_msgs/include/px4_msgs/px4_msgs/msg/detail/timesync_status__struct.hpp\n'}
[2.039945] (px4_msgs) StdoutLine: {'line': b'-- Up-to-date: /home/harsh/ros2_project/install/px4_msgs/include/px4_msgs/px4_msgs/msg/detail/ulog_stream_ack__builder.hpp\n'}
[2.040004] (px4_msgs) StdoutLine: {'line': b'-- Up-to-date: /home/harsh/ros2_project/install/px4_msgs/include/px4_msgs/px4_msgs/msg/detail/gpio_request__traits.hpp\n'}
[2.040056] (px4_msgs) StdoutLine: {'line': b'-- Up-to-date: /home/harsh/ros2_project/install/px4_msgs/include/px4_msgs/px4_msgs/msg/detail/position_controller_status__traits.hpp\n'}
[2.040112] (px4_msgs) StdoutLine: {'line': b'-- Up-to-date: /home/harsh/ros2_project/install/px4_msgs/include/px4_msgs/px4_msgs/msg/detail/geofence_result__builder.hpp\n'}
[2.040169] (px4_msgs) StdoutLine: {'line': b'-- Up-to-date: /home/harsh/ros2_project/install/px4_msgs/include/px4_msgs/px4_msgs/msg/detail/vehicle_command__type_support.hpp\n'}
[2.040224] (px4_msgs) StdoutLine: {'line': b'-- Up-to-date: /home/harsh/ros2_project/install/px4_msgs/include/px4_msgs/px4_msgs/msg/detail/actuator_outputs__builder.hpp\n'}
[2.040278] (px4_msgs) StdoutLine: {'line': b'-- Up-to-date: /home/harsh/ros2_project/install/px4_msgs/include/px4_msgs/px4_msgs/msg/detail/power_button_state__builder.hpp\n'}
[2.040330] (px4_msgs) StdoutLine: {'line': b'-- Up-to-date: /home/harsh/ros2_project/install/px4_msgs/include/px4_msgs/px4_msgs/msg/detail/tiltrotor_extra_controls__struct.hpp\n'}
[2.040382] (px4_msgs) StdoutLine: {'line': b'-- Up-to-date: /home/harsh/ros2_project/install/px4_msgs/include/px4_msgs/px4_msgs/msg/detail/estimator_aid_source3d__traits.hpp\n'}
[2.040437] (px4_msgs) StdoutLine: {'line': b'-- Up-to-date: /home/harsh/ros2_project/install/px4_msgs/include/px4_msgs/px4_msgs/msg/detail/takeoff_status__traits.hpp\n'}
[2.040490] (px4_msgs) StdoutLine: {'line': b'-- Up-to-date: /home/harsh/ros2_project/install/px4_msgs/include/px4_msgs/px4_msgs/msg/detail/yaw_estimator_status__struct.hpp\n'}
[2.040542] (px4_msgs) StdoutLine: {'line': b'-- Up-to-date: /home/harsh/ros2_project/install/px4_msgs/include/px4_msgs/px4_msgs/msg/detail/vehicle_odometry__builder.hpp\n'}
[2.040594] (px4_msgs) StdoutLine: {'line': b'-- Up-to-date: /home/harsh/ros2_project/install/px4_msgs/include/px4_msgs/px4_msgs/msg/detail/ulog_stream_ack__traits.hpp\n'}
[2.040649] (px4_msgs) StdoutLine: {'line': b'-- Up-to-date: /home/harsh/ros2_project/install/px4_msgs/include/px4_msgs/px4_msgs/msg/detail/rpm__type_support.hpp\n'}
[2.040702] (px4_msgs) StdoutLine: {'line': b'-- Up-to-date: /home/harsh/ros2_project/install/px4_msgs/include/px4_msgs/px4_msgs/msg/detail/gripper__traits.hpp\n'}
[2.040754] (px4_msgs) StdoutLine: {'line': b'-- Up-to-date: /home/harsh/ros2_project/install/px4_msgs/include/px4_msgs/px4_msgs/msg/detail/estimator_selector_status__struct.hpp\n'}
[2.040806] (px4_msgs) StdoutLine: {'line': b'-- Up-to-date: /home/harsh/ros2_project/install/px4_msgs/include/px4_msgs/px4_msgs/msg/detail/estimator_innovations__builder.hpp\n'}
[2.040856] (px4_msgs) StdoutLine: {'line': b'-- Up-to-date: /home/harsh/ros2_project/install/px4_msgs/include/px4_msgs/px4_msgs/msg/detail/power_monitor__builder.hpp\n'}
[2.040908] (px4_msgs) StdoutLine: {'line': b'-- Up-to-date: /home/harsh/ros2_project/install/px4_msgs/include/px4_msgs/px4_msgs/msg/detail/camera_capture__builder.hpp\n'}
[2.040957] (px4_msgs) StdoutLine: {'line': b'-- Up-to-date: /home/harsh/ros2_project/install/px4_msgs/include/px4_msgs/px4_msgs/msg/detail/vehicle_trajectory_bezier__type_support.hpp\n'}
[2.041017] (px4_msgs) StdoutLine: {'line': b'-- Up-to-date: /home/harsh/ros2_project/install/px4_msgs/include/px4_msgs/px4_msgs/msg/detail/sensor_combined__traits.hpp\n'}
[2.041072] (px4_msgs) StdoutLine: {'line': b'-- Up-to-date: /home/harsh/ros2_project/install/px4_msgs/include/px4_msgs/px4_msgs/msg/detail/tecs_status__type_support.hpp\n'}
[2.041124] (px4_msgs) StdoutLine: {'line': b'-- Up-to-date: /home/harsh/ros2_project/install/px4_msgs/include/px4_msgs/px4_msgs/msg/detail/vehicle_optical_flow_vel__traits.hpp\n'}
[2.041175] (px4_msgs) StdoutLine: {'line': b'-- Up-to-date: /home/harsh/ros2_project/install/px4_msgs/include/px4_msgs/px4_msgs/msg/detail/vehicle_angular_acceleration_setpoint__type_support.hpp\n'}
[2.041226] (px4_msgs) StdoutLine: {'line': b'-- Up-to-date: /home/harsh/ros2_project/install/px4_msgs/include/px4_msgs/px4_msgs/msg/detail/arming_check_request__builder.hpp\n'}
[2.041277] (px4_msgs) StdoutLine: {'line': b'-- Up-to-date: /home/harsh/ros2_project/install/px4_msgs/include/px4_msgs/px4_msgs/msg/detail/sensor_airflow__builder.hpp\n'}
[2.041330] (px4_msgs) StdoutLine: {'line': b'-- Up-to-date: /home/harsh/ros2_project/install/px4_msgs/include/px4_msgs/px4_msgs/msg/detail/sensor_optical_flow__traits.hpp\n'}
[2.041382] (px4_msgs) StdoutLine: {'line': b'-- Up-to-date: /home/harsh/ros2_project/install/px4_msgs/include/px4_msgs/px4_msgs/msg/detail/sensors_status_imu__struct.hpp\n'}
[2.041433] (px4_msgs) StdoutLine: {'line': b'-- Up-to-date: /home/harsh/ros2_project/install/px4_msgs/include/px4_msgs/px4_msgs/msg/detail/follow_target_estimator__builder.hpp\n'}
[2.041484] (px4_msgs) StdoutLine: {'line': b'-- Up-to-date: /home/harsh/ros2_project/install/px4_msgs/include/px4_msgs/px4_msgs/msg/detail/position_setpoint_triplet__builder.hpp\n'}
[2.041535] (px4_msgs) StdoutLine: {'line': b'-- Up-to-date: /home/harsh/ros2_project/install/px4_msgs/include/px4_msgs/px4_msgs/msg/detail/sensor_uwb__builder.hpp\n'}
[2.041586] (px4_msgs) StdoutLine: {'line': b'-- Up-to-date: /home/harsh/ros2_project/install/px4_msgs/include/px4_msgs/px4_msgs/msg/detail/wind__struct.hpp\n'}
[2.041638] (px4_msgs) StdoutLine: {'line': b'-- Up-to-date: /home/harsh/ros2_project/install/px4_msgs/include/px4_msgs/px4_msgs/msg/detail/mount_orientation__traits.hpp\n'}
[2.041688] (px4_msgs) StdoutLine: {'line': b'-- Up-to-date: /home/harsh/ros2_project/install/px4_msgs/include/px4_msgs/px4_msgs/msg/detail/sensor_gyro_fft__traits.hpp\n'}
[2.041738] (px4_msgs) StdoutLine: {'line': b'-- Up-to-date: /home/harsh/ros2_project/install/px4_msgs/include/px4_msgs/px4_msgs/msg/detail/satellite_info__builder.hpp\n'}
[2.041794] (px4_msgs) StdoutLine: {'line': b'-- Up-to-date: /home/harsh/ros2_project/install/px4_msgs/include/px4_msgs/px4_msgs/msg/detail/actuator_test__type_support.hpp\n'}
[2.041852] (px4_msgs) StdoutLine: {'line': b'-- Up-to-date: /home/harsh/ros2_project/install/px4_msgs/include/px4_msgs/px4_msgs/msg/detail/power_monitor__struct.hpp\n'}
[2.041905] (px4_msgs) StdoutLine: {'line': b'-- Up-to-date: /home/harsh/ros2_project/install/px4_msgs/include/px4_msgs/px4_msgs/msg/detail/gpio_config__struct.hpp\n'}
[2.041954] (px4_msgs) StdoutLine: {'line': b'-- Up-to-date: /home/harsh/ros2_project/install/px4_msgs/include/px4_msgs/px4_msgs/msg/detail/collision_report__type_support.hpp\n'}
[2.042013] (px4_msgs) StdoutLine: {'line': b'-- Up-to-date: /home/harsh/ros2_project/install/px4_msgs/include/px4_msgs/px4_msgs/msg/detail/sensor_uwb__type_support.hpp\n'}
[2.042067] (px4_msgs) StdoutLine: {'line': b'-- Up-to-date: /home/harsh/ros2_project/install/px4_msgs/include/px4_msgs/px4_msgs/msg/detail/gpio_out__builder.hpp\n'}
[2.042117] (px4_msgs) StdoutLine: {'line': b'-- Up-to-date: /home/harsh/ros2_project/install/px4_msgs/include/px4_msgs/px4_msgs/msg/detail/arming_check_reply__traits.hpp\n'}
[2.042166] (px4_msgs) StdoutLine: {'line': b'-- Up-to-date: /home/harsh/ros2_project/install/px4_msgs/include/px4_msgs/px4_msgs/msg/detail/onboard_computer_status__builder.hpp\n'}
[2.042216] (px4_msgs) StdoutLine: {'line': b'-- Up-to-date: /home/harsh/ros2_project/install/px4_msgs/include/px4_msgs/px4_msgs/msg/detail/debug_key_value__traits.hpp\n'}
[2.042268] (px4_msgs) StdoutLine: {'line': b'-- Up-to-date: /home/harsh/ros2_project/install/px4_msgs/include/px4_msgs/px4_msgs/msg/detail/message_format_response__type_support.hpp\n'}
[2.042318] (px4_msgs) StdoutLine: {'line': b'-- Up-to-date: /home/harsh/ros2_project/install/px4_msgs/include/px4_msgs/px4_msgs/msg/detail/trajectory_setpoint__struct.hpp\n'}
[2.042368] (px4_msgs) StdoutLine: {'line': b'-- Up-to-date: /home/harsh/ros2_project/install/px4_msgs/include/px4_msgs/px4_msgs/msg/detail/health_report__type_support.hpp\n'}
[2.042419] (px4_msgs) StdoutLine: {'line': b'-- Up-to-date: /home/harsh/ros2_project/install/px4_msgs/include/px4_msgs/px4_msgs/msg/detail/vehicle_imu__builder.hpp\n'}
[2.042469] (px4_msgs) StdoutLine: {'line': b'-- Up-to-date: /home/harsh/ros2_project/install/px4_msgs/include/px4_msgs/px4_msgs/msg/detail/ulog_stream_ack__struct.hpp\n'}
[2.042520] (px4_msgs) StdoutLine: {'line': b'-- Up-to-date: /home/harsh/ros2_project/install/px4_msgs/include/px4_msgs/px4_msgs/msg/detail/gps_dump__type_support.hpp\n'}
[2.042571] (px4_msgs) StdoutLine: {'line': b'-- Up-to-date: /home/harsh/ros2_project/install/px4_msgs/include/px4_msgs/px4_msgs/msg/detail/debug_array__type_support.hpp\n'}
[2.042622] (px4_msgs) StdoutLine: {'line': b'-- Up-to-date: /home/harsh/ros2_project/install/px4_msgs/include/px4_msgs/px4_msgs/msg/detail/arming_check_request__type_support.hpp\n'}
[2.042673] (px4_msgs) StdoutLine: {'line': b'-- Up-to-date: /home/harsh/ros2_project/install/px4_msgs/include/px4_msgs/px4_msgs/msg/detail/parameter_set_used_request__traits.hpp\n'}
[2.042724] (px4_msgs) StdoutLine: {'line': b'-- Up-to-date: /home/harsh/ros2_project/install/px4_msgs/include/px4_msgs/px4_msgs/msg/detail/tecs_status__struct.hpp\n'}
[2.042775] (px4_msgs) StdoutLine: {'line': b'-- Up-to-date: /home/harsh/ros2_project/install/px4_msgs/include/px4_msgs/px4_msgs/msg/detail/velocity_limits__traits.hpp\n'}
[2.042824] (px4_msgs) StdoutLine: {'line': b'-- Up-to-date: /home/harsh/ros2_project/install/px4_msgs/include/px4_msgs/px4_msgs/msg/detail/failure_detector_status__builder.hpp\n'}
[2.042875] (px4_msgs) StdoutLine: {'line': b'-- Up-to-date: /home/harsh/ros2_project/install/px4_msgs/include/px4_msgs/px4_msgs/msg/detail/mission__struct.hpp\n'}
[2.042925] (px4_msgs) StdoutLine: {'line': b'-- Up-to-date: /home/harsh/ros2_project/install/px4_msgs/include/px4_msgs/px4_msgs/msg/detail/flight_phase_estimation__struct.hpp\n'}
[2.042974] (px4_msgs) StdoutLine: {'line': b'-- Up-to-date: /home/harsh/ros2_project/install/px4_msgs/include/px4_msgs/px4_msgs/msg/detail/actuator_servos_trim__builder.hpp\n'}
[2.043035] (px4_msgs) StdoutLine: {'line': b'-- Up-to-date: /home/harsh/ros2_project/install/px4_msgs/include/px4_msgs/px4_msgs/msg/detail/system_power__builder.hpp\n'}
[2.043091] (px4_msgs) StdoutLine: {'line': b'-- Up-to-date: /home/harsh/ros2_project/install/px4_msgs/include/px4_msgs/px4_msgs/msg/detail/message_format_response__traits.hpp\n'}
[2.043143] (px4_msgs) StdoutLine: {'line': b'-- Up-to-date: /home/harsh/ros2_project/install/px4_msgs/include/px4_msgs/px4_msgs/msg/detail/position_controller_status__type_support.hpp\n'}
[2.043193] (px4_msgs) StdoutLine: {'line': b'-- Up-to-date: /home/harsh/ros2_project/install/px4_msgs/include/px4_msgs/px4_msgs/msg/detail/gimbal_controls__struct.hpp\n'}
[2.043242] (px4_msgs) StdoutLine: {'line': b'-- Up-to-date: /home/harsh/ros2_project/install/px4_msgs/include/px4_msgs/px4_msgs/msg/detail/generator_status__builder.hpp\n'}
[2.043293] (px4_msgs) StdoutLine: {'line': b'-- Up-to-date: /home/harsh/ros2_project/install/px4_msgs/include/px4_msgs/px4_msgs/msg/detail/trajectory_setpoint__traits.hpp\n'}
[2.043346] (px4_msgs) StdoutLine: {'line': b'-- Up-to-date: /home/harsh/ros2_project/install/px4_msgs/include/px4_msgs/px4_msgs/msg/detail/sensor_hygrometer__traits.hpp\n'}
[2.043398] (px4_msgs) StdoutLine: {'line': b'-- Up-to-date: /home/harsh/ros2_project/install/px4_msgs/include/px4_msgs/px4_msgs/msg/detail/ping__struct.hpp\n'}
[2.043447] (px4_msgs) StdoutLine: {'line': b'-- Up-to-date: /home/harsh/ros2_project/install/px4_msgs/include/px4_msgs/px4_msgs/msg/detail/event__builder.hpp\n'}
[2.043498] (px4_msgs) StdoutLine: {'line': b'-- Up-to-date: /home/harsh/ros2_project/install/px4_msgs/include/px4_msgs/px4_msgs/msg/detail/position_controller_landing_status__builder.hpp\n'}
[2.043553] (px4_msgs) StdoutLine: {'line': b'-- Up-to-date: /home/harsh/ros2_project/install/px4_msgs/include/px4_msgs/px4_msgs/msg/detail/gimbal_device_set_attitude__traits.hpp\n'}
[2.043606] (px4_msgs) StdoutLine: {'line': b'-- Up-to-date: /home/harsh/ros2_project/install/px4_msgs/include/px4_msgs/px4_msgs/msg/detail/airspeed__struct.hpp\n'}
[2.043657] (px4_msgs) StdoutLine: {'line': b'-- Up-to-date: /home/harsh/ros2_project/install/px4_msgs/include/px4_msgs/px4_msgs/msg/detail/estimator_gps_status__builder.hpp\n'}
[2.043707] (px4_msgs) StdoutLine: {'line': b'-- Up-to-date: /home/harsh/ros2_project/install/px4_msgs/include/px4_msgs/px4_msgs/msg/detail/estimator_selector_status__builder.hpp\n'}
[2.043760] (px4_msgs) StdoutLine: {'line': b'-- Up-to-date: /home/harsh/ros2_project/install/px4_msgs/include/px4_msgs/px4_msgs/msg/detail/sensor_hygrometer__struct.hpp\n'}
[2.043811] (px4_msgs) StdoutLine: {'line': b'-- Up-to-date: /home/harsh/ros2_project/install/px4_msgs/include/px4_msgs/px4_msgs/msg/detail/vehicle_control_mode__traits.hpp\n'}
[2.043860] (px4_msgs) StdoutLine: {'line': b'-- Up-to-date: /home/harsh/ros2_project/install/px4_msgs/include/px4_msgs/px4_msgs/msg/detail/trajectory_waypoint__traits.hpp\n'}
[2.043909] (px4_msgs) StdoutLine: {'line': b'-- Up-to-date: /home/harsh/ros2_project/install/px4_msgs/include/px4_msgs/px4_msgs/msg/detail/sensor_accel_fifo__type_support.hpp\n'}
[2.043959] (px4_msgs) StdoutLine: {'line': b'-- Up-to-date: /home/harsh/ros2_project/install/px4_msgs/include/px4_msgs/px4_msgs/msg/detail/uavcan_parameter_request__traits.hpp\n'}
[2.044020] (px4_msgs) StdoutLine: {'line': b'-- Up-to-date: /home/harsh/ros2_project/install/px4_msgs/include/px4_msgs/px4_msgs/msg/detail/actuator_armed__type_support.hpp\n'}
[2.044073] (px4_msgs) StdoutLine: {'line': b'-- Up-to-date: /home/harsh/ros2_project/install/px4_msgs/include/px4_msgs/px4_msgs/msg/detail/parameter_set_value_request__traits.hpp\n'}
[2.044125] (px4_msgs) StdoutLine: {'line': b'-- Up-to-date: /home/harsh/ros2_project/install/px4_msgs/include/px4_msgs/px4_msgs/msg/detail/sensor_baro__type_support.hpp\n'}
[2.044176] (px4_msgs) StdoutLine: {'line': b'-- Up-to-date: /home/harsh/ros2_project/install/px4_msgs/include/px4_msgs/px4_msgs/msg/detail/failure_detector_status__traits.hpp\n'}
[2.044227] (px4_msgs) StdoutLine: {'line': b'-- Up-to-date: /home/harsh/ros2_project/install/px4_msgs/include/px4_msgs/px4_msgs/msg/detail/home_position__struct.hpp\n'}
[2.044282] (px4_msgs) StdoutLine: {'line': b'-- Up-to-date: /home/harsh/ros2_project/install/px4_msgs/include/px4_msgs/px4_msgs/msg/detail/wheel_encoders__type_support.hpp\n'}
[2.044332] (px4_msgs) StdoutLine: {'line': b'-- Up-to-date: /home/harsh/ros2_project/install/px4_msgs/include/px4_msgs/px4_msgs/msg/detail/mavlink_log__type_support.hpp\n'}
[2.044383] (px4_msgs) StdoutLine: {'line': b'-- Up-to-date: /home/harsh/ros2_project/install/px4_msgs/include/px4_msgs/px4_msgs/msg/detail/satellite_info__type_support.hpp\n'}
[2.044434] (px4_msgs) StdoutLine: {'line': b'-- Up-to-date: /home/harsh/ros2_project/install/px4_msgs/include/px4_msgs/px4_msgs/msg/detail/orb_test_large__type_support.hpp\n'}
[2.044485] (px4_msgs) StdoutLine: {'line': b'-- Up-to-date: /home/harsh/ros2_project/install/px4_msgs/include/px4_msgs/px4_msgs/msg/detail/vehicle_local_position__struct.hpp\n'}
[2.044536] (px4_msgs) StdoutLine: {'line': b'-- Up-to-date: /home/harsh/ros2_project/install/px4_msgs/include/px4_msgs/px4_msgs/msg/detail/sensor_combined__struct.hpp\n'}
[2.044588] (px4_msgs) StdoutLine: {'line': b'-- Up-to-date: /home/harsh/ros2_project/install/px4_msgs/include/px4_msgs/px4_msgs/msg/detail/register_ext_component_reply__builder.hpp\n'}
[2.044640] (px4_msgs) StdoutLine: {'line': b'-- Up-to-date: /home/harsh/ros2_project/install/px4_msgs/include/px4_msgs/px4_msgs/msg/detail/vehicle_angular_acceleration_setpoint__builder.hpp\n'}
[2.044692] (px4_msgs) StdoutLine: {'line': b'-- Up-to-date: /home/harsh/ros2_project/install/px4_msgs/include/px4_msgs/px4_msgs/msg/detail/vehicle_attitude_setpoint__type_support.hpp\n'}
[2.044743] (px4_msgs) StdoutLine: {'line': b'-- Up-to-date: /home/harsh/ros2_project/install/px4_msgs/include/px4_msgs/px4_msgs/msg/detail/actuator_servos_trim__type_support.hpp\n'}
[2.044795] (px4_msgs) StdoutLine: {'line': b'-- Up-to-date: /home/harsh/ros2_project/install/px4_msgs/include/px4_msgs/px4_msgs/msg/detail/mavlink_tunnel__traits.hpp\n'}
[2.044847] (px4_msgs) StdoutLine: {'line': b'-- Up-to-date: /home/harsh/ros2_project/install/px4_msgs/include/px4_msgs/px4_msgs/msg/detail/obstacle_distance__struct.hpp\n'}
[2.044900] (px4_msgs) StdoutLine: {'line': b'-- Up-to-date: /home/harsh/ros2_project/install/px4_msgs/include/px4_msgs/px4_msgs/msg/detail/rc_channels__type_support.hpp\n'}
[2.044952] (px4_msgs) StdoutLine: {'line': b'-- Up-to-date: /home/harsh/ros2_project/install/px4_msgs/include/px4_msgs/px4_msgs/msg/detail/message_format_request__builder.hpp\n'}
[2.045013] (px4_msgs) StdoutLine: {'line': b'-- Up-to-date: /home/harsh/ros2_project/install/px4_msgs/include/px4_msgs/px4_msgs/msg/detail/gimbal_manager_set_attitude__builder.hpp\n'}
[2.045067] (px4_msgs) StdoutLine: {'line': b'-- Up-to-date: /home/harsh/ros2_project/install/px4_msgs/include/px4_msgs/px4_msgs/msg/detail/position_setpoint_triplet__traits.hpp\n'}
[2.045117] (px4_msgs) StdoutLine: {'line': b'-- Up-to-date: /home/harsh/ros2_project/install/px4_msgs/include/px4_msgs/px4_msgs/msg/detail/rc_channels__builder.hpp\n'}
[2.045176] (px4_msgs) StdoutLine: {'line': b'-- Up-to-date: /home/harsh/ros2_project/install/px4_msgs/include/px4_msgs/px4_msgs/msg/detail/input_rc__builder.hpp\n'}
[2.045229] (px4_msgs) StdoutLine: {'line': b'-- Up-to-date: /home/harsh/ros2_project/install/px4_msgs/include/px4_msgs/px4_msgs/msg/detail/vtol_vehicle_status__builder.hpp\n'}
[2.045280] (px4_msgs) StdoutLine: {'line': b'-- Up-to-date: /home/harsh/ros2_project/install/px4_msgs/include/px4_msgs/px4_msgs/msg/detail/power_button_state__struct.hpp\n'}
[2.045331] (px4_msgs) StdoutLine: {'line': b'-- Up-to-date: /home/harsh/ros2_project/install/px4_msgs/include/px4_msgs/px4_msgs/msg/detail/manual_control_setpoint__type_support.hpp\n'}
[2.045383] (px4_msgs) StdoutLine: {'line': b'-- Up-to-date: /home/harsh/ros2_project/install/px4_msgs/include/px4_msgs/px4_msgs/msg/detail/airspeed__type_support.hpp\n'}
[2.045445] (px4_msgs) StdoutLine: {'line': b'-- Up-to-date: /home/harsh/ros2_project/install/px4_msgs/include/px4_msgs/px4_msgs/msg/detail/timesync_status__type_support.hpp\n'}
[2.045498] (px4_msgs) StdoutLine: {'line': b'-- Up-to-date: /home/harsh/ros2_project/install/px4_msgs/include/px4_msgs/px4_msgs/msg/detail/parameter_reset_request__builder.hpp\n'}
[2.045550] (px4_msgs) StdoutLine: {'line': b'-- Up-to-date: /home/harsh/ros2_project/install/px4_msgs/include/px4_msgs/px4_msgs/msg/detail/adc_report__builder.hpp\n'}
[2.045601] (px4_msgs) StdoutLine: {'line': b'-- Up-to-date: /home/harsh/ros2_project/install/px4_msgs/include/px4_msgs/px4_msgs/msg/detail/manual_control_setpoint__struct.hpp\n'}
[2.045651] (px4_msgs) StdoutLine: {'line': b'-- Up-to-date: /home/harsh/ros2_project/install/px4_msgs/include/px4_msgs/px4_msgs/msg/detail/obstacle_distance__builder.hpp\n'}
[2.045709] (px4_msgs) StdoutLine: {'line': b'-- Up-to-date: /home/harsh/ros2_project/install/px4_msgs/include/px4_msgs/px4_msgs/msg/detail/estimator_innovations__traits.hpp\n'}
[2.045761] (px4_msgs) StdoutLine: {'line': b'-- Up-to-date: /home/harsh/ros2_project/install/px4_msgs/include/px4_msgs/px4_msgs/msg/detail/gimbal_controls__builder.hpp\n'}
[2.045811] (px4_msgs) StdoutLine: {'line': b'-- Up-to-date: /home/harsh/ros2_project/install/px4_msgs/include/px4_msgs/px4_msgs/msg/detail/vehicle_attitude__traits.hpp\n'}
[2.045863] (px4_msgs) StdoutLine: {'line': b'-- Up-to-date: /home/harsh/ros2_project/install/px4_msgs/include/px4_msgs/px4_msgs/msg/detail/landing_gear_wheel__traits.hpp\n'}
[2.045914] (px4_msgs) StdoutLine: {'line': b'-- Up-to-date: /home/harsh/ros2_project/install/px4_msgs/include/px4_msgs/px4_msgs/msg/detail/gimbal_device_attitude_status__struct.hpp\n'}
[2.045965] (px4_msgs) StdoutLine: {'line': b'-- Up-to-date: /home/harsh/ros2_project/install/px4_msgs/include/px4_msgs/px4_msgs/msg/detail/hover_thrust_estimate__struct.hpp\n'}
[2.046025] (px4_msgs) StdoutLine: {'line': b'-- Up-to-date: /home/harsh/ros2_project/install/px4_msgs/include/px4_msgs/px4_msgs/msg/detail/estimator_bias3d__traits.hpp\n'}
[2.046078] (px4_msgs) StdoutLine: {'line': b'-- Up-to-date: /home/harsh/ros2_project/install/px4_msgs/include/px4_msgs/px4_msgs/msg/detail/estimator_status__type_support.hpp\n'}
[2.046130] (px4_msgs) StdoutLine: {'line': b'-- Up-to-date: /home/harsh/ros2_project/install/px4_msgs/include/px4_msgs/px4_msgs/msg/detail/pps_capture__traits.hpp\n'}
[2.046184] (px4_msgs) StdoutLine: {'line': b'-- Up-to-date: /home/harsh/ros2_project/install/px4_msgs/include/px4_msgs/px4_msgs/msg/detail/goto_setpoint__builder.hpp\n'}
[2.046234] (px4_msgs) StdoutLine: {'line': b'-- Up-to-date: /home/harsh/ros2_project/install/px4_msgs/include/px4_msgs/px4_msgs/msg/detail/differential_drive_setpoint__traits.hpp\n'}
[2.046286] (px4_msgs) StdoutLine: {'line': b'-- Up-to-date: /home/harsh/ros2_project/install/px4_msgs/include/px4_msgs/px4_msgs/msg/detail/sensor_airflow__type_support.hpp\n'}
[2.046338] (px4_msgs) StdoutLine: {'line': b'-- Up-to-date: /home/harsh/ros2_project/install/px4_msgs/include/px4_msgs/px4_msgs/msg/detail/obstacle_distance__type_support.hpp\n'}
[2.046390] (px4_msgs) StdoutLine: {'line': b'-- Up-to-date: /home/harsh/ros2_project/install/px4_msgs/include/px4_msgs/px4_msgs/msg/detail/input_rc__type_support.hpp\n'}
[2.046442] (px4_msgs) StdoutLine: {'line': b'-- Up-to-date: /home/harsh/ros2_project/install/px4_msgs/include/px4_msgs/px4_msgs/msg/detail/orb_test_medium__traits.hpp\n'}
[2.046502] (px4_msgs) StdoutLine: {'line': b'-- Up-to-date: /home/harsh/ros2_project/install/px4_msgs/include/px4_msgs/px4_msgs/msg/detail/estimator_bias__traits.hpp\n'}
[2.046556] (px4_msgs) StdoutLine: {'line': b'-- Up-to-date: /home/harsh/ros2_project/install/px4_msgs/include/px4_msgs/px4_msgs/msg/detail/vehicle_odometry__traits.hpp\n'}
[2.046608] (px4_msgs) StdoutLine: {'line': b'-- Up-to-date: /home/harsh/ros2_project/install/px4_msgs/include/px4_msgs/px4_msgs/msg/detail/rc_parameter_map__type_support.hpp\n'}
[2.046661] (px4_msgs) StdoutLine: {'line': b'-- Up-to-date: /home/harsh/ros2_project/install/px4_msgs/include/px4_msgs/px4_msgs/msg/detail/cpuload__traits.hpp\n'}
[2.046714] (px4_msgs) StdoutLine: {'line': b'-- Up-to-date: /home/harsh/ros2_project/install/px4_msgs/include/px4_msgs/px4_msgs/msg/detail/debug_value__builder.hpp\n'}
[2.046766] (px4_msgs) StdoutLine: {'line': b'-- Up-to-date: /home/harsh/ros2_project/install/px4_msgs/include/px4_msgs/px4_msgs/msg/detail/gpio_in__traits.hpp\n'}
[2.046819] (px4_msgs) StdoutLine: {'line': b'-- Up-to-date: /home/harsh/ros2_project/install/px4_msgs/include/px4_msgs/px4_msgs/msg/detail/sensors_status__struct.hpp\n'}
[2.046870] (px4_msgs) StdoutLine: {'line': b'-- Up-to-date: /home/harsh/ros2_project/install/px4_msgs/include/px4_msgs/px4_msgs/msg/detail/actuator_controls_status__type_support.hpp\n'}
[2.046926] (px4_msgs) StdoutLine: {'line': b'-- Up-to-date: /home/harsh/ros2_project/install/px4_msgs/include/px4_msgs/px4_msgs/msg/detail/goto_setpoint__traits.hpp\n'}
[2.046976] (px4_msgs) StdoutLine: {'line': b'-- Up-to-date: /home/harsh/ros2_project/install/px4_msgs/include/px4_msgs/px4_msgs/msg/detail/vehicle_optical_flow_vel__type_support.hpp\n'}
[2.047038] (px4_msgs) StdoutLine: {'line': b'-- Up-to-date: /home/harsh/ros2_project/install/px4_msgs/include/px4_msgs/px4_msgs/msg/detail/can_interface_status__type_support.hpp\n'}
[2.047088] (px4_msgs) StdoutLine: {'line': b'-- Up-to-date: /home/harsh/ros2_project/install/px4_msgs/include/px4_msgs/px4_msgs/msg/detail/position_setpoint__struct.hpp\n'}
[2.047140] (px4_msgs) StdoutLine: {'line': b'-- Up-to-date: /home/harsh/ros2_project/install/px4_msgs/include/px4_msgs/px4_msgs/msg/detail/irlock_report__type_support.hpp\n'}
[2.047191] (px4_msgs) StdoutLine: {'line': b'-- Up-to-date: /home/harsh/ros2_project/install/px4_msgs/include/px4_msgs/px4_msgs/msg/detail/parameter_update__builder.hpp\n'}
[2.047242] (px4_msgs) StdoutLine: {'line': b'-- Up-to-date: /home/harsh/ros2_project/install/px4_msgs/include/px4_msgs/px4_msgs/msg/detail/estimator_status_flags__builder.hpp\n'}
[2.047293] (px4_msgs) StdoutLine: {'line': b'-- Up-to-date: /home/harsh/ros2_project/install/px4_msgs/include/px4_msgs/px4_msgs/msg/detail/tune_control__traits.hpp\n'}
[2.047345] (px4_msgs) StdoutLine: {'line': b'-- Up-to-date: /home/harsh/ros2_project/install/px4_msgs/include/px4_msgs/px4_msgs/msg/detail/home_position__traits.hpp\n'}
[2.047396] (px4_msgs) StdoutLine: {'line': b'-- Up-to-date: /home/harsh/ros2_project/install/px4_msgs/include/px4_msgs/px4_msgs/msg/detail/gimbal_manager_set_manual_control__traits.hpp\n'}
[2.047449] (px4_msgs) StdoutLine: {'line': b'-- Up-to-date: /home/harsh/ros2_project/install/px4_msgs/include/px4_msgs/px4_msgs/msg/detail/tecs_status__traits.hpp\n'}
[2.047503] (px4_msgs) StdoutLine: {'line': b'-- Up-to-date: /home/harsh/ros2_project/install/px4_msgs/include/px4_msgs/px4_msgs/msg/detail/action_request__builder.hpp\n'}
[2.047558] (px4_msgs) StdoutLine: {'line': b'-- Up-to-date: /home/harsh/ros2_project/install/px4_msgs/include/px4_msgs/px4_msgs/msg/detail/npfg_status__builder.hpp\n'}
[2.047615] (px4_msgs) StdoutLine: {'line': b'-- Up-to-date: /home/harsh/ros2_project/install/px4_msgs/include/px4_msgs/px4_msgs/msg/detail/orb_test__traits.hpp\n'}
[2.047668] (px4_msgs) StdoutLine: {'line': b'-- Up-to-date: /home/harsh/ros2_project/install/px4_msgs/include/px4_msgs/px4_msgs/msg/detail/ekf2_timestamps__builder.hpp\n'}
[2.047723] (px4_msgs) StdoutLine: {'line': b'-- Up-to-date: /home/harsh/ros2_project/install/px4_msgs/include/px4_msgs/px4_msgs/msg/detail/estimator_sensor_bias__struct.hpp\n'}
[2.047778] (px4_msgs) StdoutLine: {'line': b'-- Up-to-date: /home/harsh/ros2_project/install/px4_msgs/include/px4_msgs/px4_msgs/msg/detail/orb_test_large__traits.hpp\n'}
[2.047835] (px4_msgs) StdoutLine: {'line': b'-- Up-to-date: /home/harsh/ros2_project/install/px4_msgs/include/px4_msgs/px4_msgs/msg/detail/vtol_vehicle_status__traits.hpp\n'}
[2.047887] (px4_msgs) StdoutLine: {'line': b'-- Up-to-date: /home/harsh/ros2_project/install/px4_msgs/include/px4_msgs/px4_msgs/msg/detail/hover_thrust_estimate__builder.hpp\n'}
[2.047940] (px4_msgs) StdoutLine: {'line': b'-- Up-to-date: /home/harsh/ros2_project/install/px4_msgs/include/px4_msgs/px4_msgs/msg/detail/sensor_mag__builder.hpp\n'}
[2.048001] (px4_msgs) StdoutLine: {'line': b'-- Up-to-date: /home/harsh/ros2_project/install/px4_msgs/include/px4_msgs/px4_msgs/msg/detail/register_ext_component_request__traits.hpp\n'}
[2.048060] (px4_msgs) StdoutLine: {'line': b'-- Up-to-date: /home/harsh/ros2_project/install/px4_msgs/include/px4_msgs/px4_msgs/msg/detail/px4io_status__builder.hpp\n'}
[2.048113] (px4_msgs) StdoutLine: {'line': b'-- Up-to-date: /home/harsh/ros2_project/install/px4_msgs/include/px4_msgs/px4_msgs/msg/detail/vehicle_command_ack__builder.hpp\n'}
[2.048167] (px4_msgs) StdoutLine: {'line': b'-- Up-to-date: /home/harsh/ros2_project/install/px4_msgs/include/px4_msgs/px4_msgs/msg/detail/landing_gear__builder.hpp\n'}
[2.048218] (px4_msgs) StdoutLine: {'line': b'-- Up-to-date: /home/harsh/ros2_project/install/px4_msgs/include/px4_msgs/px4_msgs/msg/detail/landing_gear__type_support.hpp\n'}
[2.048270] (px4_msgs) StdoutLine: {'line': b'-- Up-to-date: /home/harsh/ros2_project/install/px4_msgs/include/px4_msgs/px4_msgs/msg/detail/ulog_stream__builder.hpp\n'}
[2.048322] (px4_msgs) StdoutLine: {'line': b'-- Up-to-date: /home/harsh/ros2_project/install/px4_msgs/include/px4_msgs/px4_msgs/msg/detail/estimator_bias3d__builder.hpp\n'}
[2.048372] (px4_msgs) StdoutLine: {'line': b'-- Up-to-date: /home/harsh/ros2_project/install/px4_msgs/include/px4_msgs/px4_msgs/msg/detail/arming_check_reply__builder.hpp\n'}
[2.048422] (px4_msgs) StdoutLine: {'line': b'-- Up-to-date: /home/harsh/ros2_project/install/px4_msgs/include/px4_msgs/px4_msgs/msg/detail/cpuload__type_support.hpp\n'}
[2.048473] (px4_msgs) StdoutLine: {'line': b'-- Up-to-date: /home/harsh/ros2_project/install/px4_msgs/include/px4_msgs/px4_msgs/msg/detail/vehicle_angular_velocity__type_support.hpp\n'}
[2.048525] (px4_msgs) StdoutLine: {'line': b'-- Up-to-date: /home/harsh/ros2_project/install/px4_msgs/include/px4_msgs/px4_msgs/msg/detail/event__traits.hpp\n'}
[2.048577] (px4_msgs) StdoutLine: {'line': b'-- Up-to-date: /home/harsh/ros2_project/install/px4_msgs/include/px4_msgs/px4_msgs/msg/detail/normalized_unsigned_setpoint__builder.hpp\n'}
[2.048628] (px4_msgs) StdoutLine: {'line': b'-- Up-to-date: /home/harsh/ros2_project/install/px4_msgs/include/px4_msgs/px4_msgs/msg/detail/gps_inject_data__traits.hpp\n'}
[2.048683] (px4_msgs) StdoutLine: {'line': b'-- Up-to-date: /home/harsh/ros2_project/install/px4_msgs/include/px4_msgs/px4_msgs/msg/detail/follow_target_status__type_support.hpp\n'}
[2.048734] (px4_msgs) StdoutLine: {'line': b'-- Up-to-date: /home/harsh/ros2_project/install/px4_msgs/include/px4_msgs/px4_msgs/msg/detail/hover_thrust_estimate__type_support.hpp\n'}
[2.048785] (px4_msgs) StdoutLine: {'line': b'-- Up-to-date: /home/harsh/ros2_project/install/px4_msgs/include/px4_msgs/px4_msgs/msg/detail/airspeed__traits.hpp\n'}
[2.048837] (px4_msgs) StdoutLine: {'line': b'-- Up-to-date: /home/harsh/ros2_project/install/px4_msgs/include/px4_msgs/px4_msgs/msg/detail/estimator_innovations__struct.hpp\n'}
[2.048890] (px4_msgs) StdoutLine: {'line': b'-- Up-to-date: /home/harsh/ros2_project/install/px4_msgs/include/px4_msgs/px4_msgs/msg/detail/pwm_input__builder.hpp\n'}
[2.048940] (px4_msgs) StdoutLine: {'line': b'-- Up-to-date: /home/harsh/ros2_project/install/px4_msgs/include/px4_msgs/px4_msgs/msg/detail/manual_control_switches__struct.hpp\n'}
[2.048998] (px4_msgs) StdoutLine: {'line': b'-- Up-to-date: /home/harsh/ros2_project/install/px4_msgs/include/px4_msgs/px4_msgs/msg/detail/airspeed_wind__builder.hpp\n'}
[2.049055] (px4_msgs) StdoutLine: {'line': b'-- Up-to-date: /home/harsh/ros2_project/install/px4_msgs/include/px4_msgs/px4_msgs/msg/detail/sensor_accel_fifo__traits.hpp\n'}
[2.049109] (px4_msgs) StdoutLine: {'line': b'-- Up-to-date: /home/harsh/ros2_project/install/px4_msgs/include/px4_msgs/px4_msgs/msg/detail/vehicle_air_data__traits.hpp\n'}
[2.049162] (px4_msgs) StdoutLine: {'line': b'-- Up-to-date: /home/harsh/ros2_project/install/px4_msgs/include/px4_msgs/px4_msgs/msg/detail/timesync_status__traits.hpp\n'}
[2.049216] (px4_msgs) StdoutLine: {'line': b'-- Up-to-date: /home/harsh/ros2_project/install/px4_msgs/include/px4_msgs/px4_msgs/msg/detail/sensor_gps__builder.hpp\n'}
[2.049271] (px4_msgs) StdoutLine: {'line': b'-- Up-to-date: /home/harsh/ros2_project/install/px4_msgs/include/px4_msgs/px4_msgs/msg/detail/flight_phase_estimation__builder.hpp\n'}
[2.049322] (px4_msgs) StdoutLine: {'line': b'-- Up-to-date: /home/harsh/ros2_project/install/px4_msgs/include/px4_msgs/px4_msgs/msg/detail/vtol_vehicle_status__type_support.hpp\n'}
[2.049377] (px4_msgs) StdoutLine: {'line': b'-- Up-to-date: /home/harsh/ros2_project/install/px4_msgs/include/px4_msgs/px4_msgs/msg/detail/camera_capture__traits.hpp\n'}
[2.049432] (px4_msgs) StdoutLine: {'line': b'-- Up-to-date: /home/harsh/ros2_project/install/px4_msgs/include/px4_msgs/px4_msgs/msg/detail/airspeed_validated__struct.hpp\n'}
[2.049490] (px4_msgs) StdoutLine: {'line': b'-- Up-to-date: /home/harsh/ros2_project/install/px4_msgs/include/px4_msgs/px4_msgs/msg/detail/battery_status__builder.hpp\n'}
[2.049543] (px4_msgs) StdoutLine: {'line': b'-- Up-to-date: /home/harsh/ros2_project/install/px4_msgs/include/px4_msgs/px4_msgs/msg/detail/sensor_accel__builder.hpp\n'}
[2.049595] (px4_msgs) StdoutLine: {'line': b'-- Up-to-date: /home/harsh/ros2_project/install/px4_msgs/include/px4_msgs/px4_msgs/msg/detail/collision_constraints__type_support.hpp\n'}
[2.049646] (px4_msgs) StdoutLine: {'line': b'-- Up-to-date: /home/harsh/ros2_project/install/px4_msgs/include/px4_msgs/px4_msgs/msg/detail/manual_control_switches__builder.hpp\n'}
[2.049699] (px4_msgs) StdoutLine: {'line': b'-- Up-to-date: /home/harsh/ros2_project/install/px4_msgs/include/px4_msgs/px4_msgs/msg/detail/failsafe_flags__struct.hpp\n'}
[2.049751] (px4_msgs) StdoutLine: {'line': b'-- Up-to-date: /home/harsh/ros2_project/install/px4_msgs/include/px4_msgs/px4_msgs/msg/detail/actuator_armed__traits.hpp\n'}
[2.049805] (px4_msgs) StdoutLine: {'line': b'-- Up-to-date: /home/harsh/ros2_project/install/px4_msgs/include/px4_msgs/px4_msgs/msg/detail/message_format_request__traits.hpp\n'}
[2.049858] (px4_msgs) StdoutLine: {'line': b'-- Up-to-date: /home/harsh/ros2_project/install/px4_msgs/include/px4_msgs/px4_msgs/msg/detail/figure_eight_status__type_support.hpp\n'}
[2.049912] (px4_msgs) StdoutLine: {'line': b'-- Up-to-date: /home/harsh/ros2_project/install/px4_msgs/include/px4_msgs/px4_msgs/msg/detail/geofence_result__type_support.hpp\n'}
[2.049963] (px4_msgs) StdoutLine: {'line': b'-- Up-to-date: /home/harsh/ros2_project/install/px4_msgs/include/px4_msgs/px4_msgs/msg/detail/irlock_report__builder.hpp\n'}
[2.050029] (px4_msgs) StdoutLine: {'line': b'-- Up-to-date: /home/harsh/ros2_project/install/px4_msgs/include/px4_msgs/px4_msgs/msg/detail/failsafe_flags__traits.hpp\n'}
[2.050082] (px4_msgs) StdoutLine: {'line': b'-- Up-to-date: /home/harsh/ros2_project/install/px4_msgs/include/px4_msgs/px4_msgs/msg/detail/vehicle_air_data__builder.hpp\n'}
[2.050134] (px4_msgs) StdoutLine: {'line': b'-- Up-to-date: /home/harsh/ros2_project/install/px4_msgs/include/px4_msgs/px4_msgs/msg/detail/action_request__traits.hpp\n'}
[2.050185] (px4_msgs) StdoutLine: {'line': b'-- Up-to-date: /home/harsh/ros2_project/install/px4_msgs/include/px4_msgs/px4_msgs/msg/detail/estimator_status_flags__type_support.hpp\n'}
[2.050238] (px4_msgs) StdoutLine: {'line': b'-- Up-to-date: /home/harsh/ros2_project/install/px4_msgs/include/px4_msgs/px4_msgs/msg/detail/sensor_gyro_fifo__struct.hpp\n'}
[2.050291] (px4_msgs) StdoutLine: {'line': b'-- Up-to-date: /home/harsh/ros2_project/install/px4_msgs/include/px4_msgs/px4_msgs/msg/detail/debug_value__type_support.hpp\n'}
[2.050343] (px4_msgs) StdoutLine: {'line': b'-- Up-to-date: /home/harsh/ros2_project/install/px4_msgs/include/px4_msgs/px4_msgs/msg/detail/vehicle_optical_flow__builder.hpp\n'}
[2.050395] (px4_msgs) StdoutLine: {'line': b'-- Up-to-date: /home/harsh/ros2_project/install/px4_msgs/include/px4_msgs/px4_msgs/msg/detail/wheel_encoders__struct.hpp\n'}
[2.050451] (px4_msgs) StdoutLine: {'line': b'-- Up-to-date: /home/harsh/ros2_project/install/px4_msgs/include/px4_msgs/px4_msgs/msg/detail/home_position__type_support.hpp\n'}
[2.050501] (px4_msgs) StdoutLine: {'line': b'-- Up-to-date: /home/harsh/ros2_project/install/px4_msgs/include/px4_msgs/px4_msgs/msg/detail/velocity_limits__type_support.hpp\n'}
[2.050555] (px4_msgs) StdoutLine: {'line': b'-- Up-to-date: /home/harsh/ros2_project/install/px4_msgs/include/px4_msgs/px4_msgs/msg/detail/unregister_ext_component__type_support.hpp\n'}
[2.050608] (px4_msgs) StdoutLine: {'line': b'-- Up-to-date: /home/harsh/ros2_project/install/px4_msgs/include/px4_msgs/px4_msgs/msg/detail/estimator_status_flags__traits.hpp\n'}
[2.050657] (px4_msgs) StdoutLine: {'line': b'-- Up-to-date: /home/harsh/ros2_project/install/px4_msgs/include/px4_msgs/px4_msgs/msg/detail/landing_target_innovations__type_support.hpp\n'}
[2.050707] (px4_msgs) StdoutLine: {'line': b'-- Up-to-date: /home/harsh/ros2_project/install/px4_msgs/include/px4_msgs/px4_msgs/msg/detail/rtl_time_estimate__traits.hpp\n'}
[2.050759] (px4_msgs) StdoutLine: {'line': b'-- Up-to-date: /home/harsh/ros2_project/install/px4_msgs/include/px4_msgs/px4_msgs/msg/detail/sensor_preflight_mag__struct.hpp\n'}
[2.050809] (px4_msgs) StdoutLine: {'line': b'-- Up-to-date: /home/harsh/ros2_project/install/px4_msgs/include/px4_msgs/px4_msgs/msg/detail/parameter_set_value_response__type_support.hpp\n'}
[2.050859] (px4_msgs) StdoutLine: {'line': b'-- Up-to-date: /home/harsh/ros2_project/install/px4_msgs/include/px4_msgs/px4_msgs/msg/detail/onboard_computer_status__type_support.hpp\n'}
[2.050910] (px4_msgs) StdoutLine: {'line': b'-- Up-to-date: /home/harsh/ros2_project/install/px4_msgs/include/px4_msgs/px4_msgs/msg/detail/failsafe_flags__type_support.hpp\n'}
[2.050963] (px4_msgs) StdoutLine: {'line': b'-- Up-to-date: /home/harsh/ros2_project/install/px4_msgs/include/px4_msgs/px4_msgs/msg/detail/parameter_set_value_response__struct.hpp\n'}
[2.051022] (px4_msgs) StdoutLine: {'line': b'-- Up-to-date: /home/harsh/ros2_project/install/px4_msgs/include/px4_msgs/px4_msgs/msg/detail/debug_array__builder.hpp\n'}
[2.051074] (px4_msgs) StdoutLine: {'line': b'-- Up-to-date: /home/harsh/ros2_project/install/px4_msgs/include/px4_msgs/px4_msgs/msg/detail/uavcan_parameter_value__struct.hpp\n'}
[2.051125] (px4_msgs) StdoutLine: {'line': b'-- Up-to-date: /home/harsh/ros2_project/install/px4_msgs/include/px4_msgs/px4_msgs/msg/detail/sensor_gnss_relative__type_support.hpp\n'}
[2.051175] (px4_msgs) StdoutLine: {'line': b'-- Up-to-date: /home/harsh/ros2_project/install/px4_msgs/include/px4_msgs/px4_msgs/msg/detail/actuator_controls_status__struct.hpp\n'}
[2.051225] (px4_msgs) StdoutLine: {'line': b'-- Up-to-date: /home/harsh/ros2_project/install/px4_msgs/include/px4_msgs/px4_msgs/msg/detail/autotune_attitude_control_status__type_support.hpp\n'}
[2.051277] (px4_msgs) StdoutLine: {'line': b'-- Up-to-date: /home/harsh/ros2_project/install/px4_msgs/include/px4_msgs/px4_msgs/msg/detail/estimator_bias3d__type_support.hpp\n'}
[2.051329] (px4_msgs) StdoutLine: {'line': b'-- Up-to-date: /home/harsh/ros2_project/install/px4_msgs/include/px4_msgs/px4_msgs/msg/detail/ekf2_timestamps__type_support.hpp\n'}
[2.051380] (px4_msgs) StdoutLine: {'line': b'-- Up-to-date: /home/harsh/ros2_project/install/px4_msgs/include/px4_msgs/px4_msgs/msg/detail/actuator_outputs__struct.hpp\n'}
[2.051430] (px4_msgs) StdoutLine: {'line': b'-- Up-to-date: /home/harsh/ros2_project/install/px4_msgs/include/px4_msgs/px4_msgs/msg/detail/qshell_req__traits.hpp\n'}
[2.051479] (px4_msgs) StdoutLine: {'line': b'-- Up-to-date: /home/harsh/ros2_project/install/px4_msgs/include/px4_msgs/px4_msgs/msg/detail/landing_gear_wheel__struct.hpp\n'}
[2.051529] (px4_msgs) StdoutLine: {'line': b'-- Up-to-date: /home/harsh/ros2_project/install/px4_msgs/include/px4_msgs/px4_msgs/msg/detail/adc_report__type_support.hpp\n'}
[2.051578] (px4_msgs) StdoutLine: {'line': b'-- Up-to-date: /home/harsh/ros2_project/install/px4_msgs/include/px4_msgs/px4_msgs/msg/detail/sensor_gyro_fft__struct.hpp\n'}
[2.051629] (px4_msgs) StdoutLine: {'line': b'-- Up-to-date: /home/harsh/ros2_project/install/px4_msgs/include/px4_msgs/px4_msgs/msg/detail/ekf2_timestamps__traits.hpp\n'}
[2.051678] (px4_msgs) StdoutLine: {'line': b'-- Up-to-date: /home/harsh/ros2_project/install/px4_msgs/include/px4_msgs/px4_msgs/msg/detail/sensor_accel_fifo__builder.hpp\n'}
[2.051731] (px4_msgs) StdoutLine: {'line': b'-- Up-to-date: /home/harsh/ros2_project/install/px4_msgs/include/px4_msgs/px4_msgs/msg/detail/sensor_baro__builder.hpp\n'}
[2.051783] (px4_msgs) StdoutLine: {'line': b'-- Up-to-date: /home/harsh/ros2_project/install/px4_msgs/include/px4_msgs/px4_msgs/msg/detail/control_allocator_status__type_support.hpp\n'}
[2.051837] (px4_msgs) StdoutLine: {'line': b'-- Up-to-date: /home/harsh/ros2_project/install/px4_msgs/include/px4_msgs/px4_msgs/msg/detail/qshell_retval__traits.hpp\n'}
[2.051890] (px4_msgs) StdoutLine: {'line': b'-- Up-to-date: /home/harsh/ros2_project/install/px4_msgs/include/px4_msgs/px4_msgs/msg/detail/vehicle_roi__builder.hpp\n'}
[2.051944] (px4_msgs) StdoutLine: {'line': b'-- Up-to-date: /home/harsh/ros2_project/install/px4_msgs/include/px4_msgs/px4_msgs/msg/detail/position_setpoint_triplet__type_support.hpp\n'}
[2.052010] (px4_msgs) StdoutLine: {'line': b'-- Up-to-date: /home/harsh/ros2_project/install/px4_msgs/include/px4_msgs/px4_msgs/msg/detail/parameter_reset_request__struct.hpp\n'}
[2.052066] (px4_msgs) StdoutLine: {'line': b'-- Up-to-date: /home/harsh/ros2_project/install/px4_msgs/include/px4_msgs/px4_msgs/msg/detail/ulog_stream__traits.hpp\n'}
[2.052122] (px4_msgs) StdoutLine: {'line': b'-- Up-to-date: /home/harsh/ros2_project/install/px4_msgs/include/px4_msgs/px4_msgs/msg/detail/vehicle_torque_setpoint__struct.hpp\n'}
[2.052176] (px4_msgs) StdoutLine: {'line': b'-- Up-to-date: /home/harsh/ros2_project/install/px4_msgs/include/px4_msgs/px4_msgs/msg/detail/actuator_servos_trim__struct.hpp\n'}
[2.052228] (px4_msgs) StdoutLine: {'line': b'-- Up-to-date: /home/harsh/ros2_project/install/px4_msgs/include/px4_msgs/px4_msgs/msg/detail/actuator_test__struct.hpp\n'}
[2.052280] (px4_msgs) StdoutLine: {'line': b'-- Up-to-date: /home/harsh/ros2_project/install/px4_msgs/include/px4_msgs/px4_msgs/msg/detail/vehicle_imu__struct.hpp\n'}
[2.052334] (px4_msgs) StdoutLine: {'line': b'-- Up-to-date: /home/harsh/ros2_project/install/px4_msgs/include/px4_msgs/px4_msgs/msg/detail/mag_worker_data__traits.hpp\n'}
[2.052386] (px4_msgs) StdoutLine: {'line': b'-- Up-to-date: /home/harsh/ros2_project/install/px4_msgs/include/px4_msgs/px4_msgs/msg/detail/qshell_req__builder.hpp\n'}
[2.052440] (px4_msgs) StdoutLine: {'line': b'-- Up-to-date: /home/harsh/ros2_project/install/px4_msgs/include/px4_msgs/px4_msgs/msg/detail/mission__builder.hpp\n'}
[2.052491] (px4_msgs) StdoutLine: {'line': b'-- Up-to-date: /home/harsh/ros2_project/install/px4_msgs/include/px4_msgs/px4_msgs/msg/detail/estimator_aid_source2d__traits.hpp\n'}
[2.052544] (px4_msgs) StdoutLine: {'line': b'-- Up-to-date: /home/harsh/ros2_project/install/px4_msgs/include/px4_msgs/px4_msgs/msg/detail/manual_control_setpoint__traits.hpp\n'}
[2.052597] (px4_msgs) StdoutLine: {'line': b'-- Up-to-date: /home/harsh/ros2_project/install/px4_msgs/include/px4_msgs/px4_msgs/msg/detail/vehicle_magnetometer__builder.hpp\n'}
[2.052649] (px4_msgs) StdoutLine: {'line': b'-- Up-to-date: /home/harsh/ros2_project/install/px4_msgs/include/px4_msgs/px4_msgs/msg/detail/power_monitor__type_support.hpp\n'}
[2.052702] (px4_msgs) StdoutLine: {'line': b'-- Up-to-date: /home/harsh/ros2_project/install/px4_msgs/include/px4_msgs/px4_msgs/msg/detail/sensor_selection__type_support.hpp\n'}
[2.052755] (px4_msgs) StdoutLine: {'line': b'-- Up-to-date: /home/harsh/ros2_project/install/px4_msgs/include/px4_msgs/px4_msgs/msg/detail/vehicle_status__struct.hpp\n'}
[2.052809] (px4_msgs) StdoutLine: {'line': b'-- Up-to-date: /home/harsh/ros2_project/install/px4_msgs/include/px4_msgs/px4_msgs/msg/detail/flight_phase_estimation__traits.hpp\n'}
[2.052861] (px4_msgs) StdoutLine: {'line': b'-- Up-to-date: /home/harsh/ros2_project/install/px4_msgs/include/px4_msgs/px4_msgs/msg/detail/airspeed_wind__type_support.hpp\n'}
[2.052912] (px4_msgs) StdoutLine: {'line': b'-- Up-to-date: /home/harsh/ros2_project/install/px4_msgs/include/px4_msgs/px4_msgs/msg/detail/transponder_report__builder.hpp\n'}
[2.052967] (px4_msgs) StdoutLine: {'line': b'-- Up-to-date: /home/harsh/ros2_project/install/px4_msgs/include/px4_msgs/px4_msgs/msg/detail/actuator_servos__type_support.hpp\n'}
[2.053028] (px4_msgs) StdoutLine: {'line': b'-- Up-to-date: /home/harsh/ros2_project/install/px4_msgs/include/px4_msgs/px4_msgs/msg/detail/trajectory_setpoint__builder.hpp\n'}
[2.053080] (px4_msgs) StdoutLine: {'line': b'-- Up-to-date: /home/harsh/ros2_project/install/px4_msgs/include/px4_msgs/px4_msgs/msg/detail/estimator_states__traits.hpp\n'}
[2.053135] (px4_msgs) StdoutLine: {'line': b'-- Up-to-date: /home/harsh/ros2_project/install/px4_msgs/include/px4_msgs/px4_msgs/msg/detail/rtl_status__type_support.hpp\n'}
[2.053187] (px4_msgs) StdoutLine: {'line': b'-- Up-to-date: /home/harsh/ros2_project/install/px4_msgs/include/px4_msgs/px4_msgs/msg/detail/irlock_report__struct.hpp\n'}
[2.053237] (px4_msgs) StdoutLine: {'line': b'-- Up-to-date: /home/harsh/ros2_project/install/px4_msgs/include/px4_msgs/px4_msgs/msg/detail/qshell_req__struct.hpp\n'}
[2.053287] (px4_msgs) StdoutLine: {'line': b'-- Up-to-date: /home/harsh/ros2_project/install/px4_msgs/include/px4_msgs/px4_msgs/msg/detail/esc_status__traits.hpp\n'}
[2.053341] (px4_msgs) StdoutLine: {'line': b'-- Up-to-date: /home/harsh/ros2_project/install/px4_msgs/include/px4_msgs/px4_msgs/msg/detail/mode_completed__struct.hpp\n'}
[2.053392] (px4_msgs) StdoutLine: {'line': b'-- Up-to-date: /home/harsh/ros2_project/install/px4_msgs/include/px4_msgs/px4_msgs/msg/detail/vehicle_air_data__struct.hpp\n'}
[2.053446] (px4_msgs) StdoutLine: {'line': b'-- Up-to-date: /home/harsh/ros2_project/install/px4_msgs/include/px4_msgs/px4_msgs/msg/detail/vehicle_command__struct.hpp\n'}
[2.053496] (px4_msgs) StdoutLine: {'line': b'-- Up-to-date: /home/harsh/ros2_project/install/px4_msgs/include/px4_msgs/px4_msgs/msg/detail/orb_test__type_support.hpp\n'}
[2.053547] (px4_msgs) StdoutLine: {'line': b'-- Up-to-date: /home/harsh/ros2_project/install/px4_msgs/include/px4_msgs/px4_msgs/msg/detail/pwm_input__struct.hpp\n'}
[2.053597] (px4_msgs) StdoutLine: {'line': b'-- Up-to-date: /home/harsh/ros2_project/install/px4_msgs/include/px4_msgs/px4_msgs/msg/detail/rtl_status__struct.hpp\n'}
[2.053647] (px4_msgs) StdoutLine: {'line': b'-- Up-to-date: /home/harsh/ros2_project/install/px4_msgs/include/px4_msgs/px4_msgs/msg/detail/sensors_status__builder.hpp\n'}
[2.053698] (px4_msgs) StdoutLine: {'line': b'-- Up-to-date: /home/harsh/ros2_project/install/px4_msgs/include/px4_msgs/px4_msgs/msg/detail/mavlink_log__struct.hpp\n'}
[2.053749] (px4_msgs) StdoutLine: {'line': b'-- Up-to-date: /home/harsh/ros2_project/install/px4_msgs/include/px4_msgs/px4_msgs/msg/detail/manual_control_setpoint__builder.hpp\n'}
[2.053801] (px4_msgs) StdoutLine: {'line': b'-- Up-to-date: /home/harsh/ros2_project/install/px4_msgs/include/px4_msgs/px4_msgs/msg/detail/px4io_status__struct.hpp\n'}
[2.053856] (px4_msgs) StdoutLine: {'line': b'-- Up-to-date: /home/harsh/ros2_project/install/px4_msgs/include/px4_msgs/px4_msgs/msg/detail/launch_detection_status__traits.hpp\n'}
[2.053908] (px4_msgs) StdoutLine: {'line': b'-- Up-to-date: /home/harsh/ros2_project/install/px4_msgs/include/px4_msgs/px4_msgs/msg/detail/actuator_servos__traits.hpp\n'}
[2.053962] (px4_msgs) StdoutLine: {'line': b'-- Up-to-date: /home/harsh/ros2_project/install/px4_msgs/include/px4_msgs/px4_msgs/msg/detail/config_overrides__builder.hpp\n'}
[2.054045] (px4_msgs) StdoutLine: {'line': b'-- Up-to-date: /home/harsh/ros2_project/install/px4_msgs/include/px4_msgs/px4_msgs/msg/detail/satellite_info__traits.hpp\n'}
[2.054110] (px4_msgs) StdoutLine: {'line': b'-- Up-to-date: /home/harsh/ros2_project/install/px4_msgs/include/px4_msgs/px4_msgs/msg/detail/gimbal_device_information__type_support.hpp\n'}
[2.054166] (px4_msgs) StdoutLine: {'line': b'-- Up-to-date: /home/harsh/ros2_project/install/px4_msgs/include/px4_msgs/px4_msgs/msg/detail/sensor_gyro_fifo__builder.hpp\n'}
[2.054223] (px4_msgs) StdoutLine: {'line': b'-- Up-to-date: /home/harsh/ros2_project/install/px4_msgs/include/px4_msgs/px4_msgs/msg/detail/mode_completed__type_support.hpp\n'}
[2.054282] (px4_msgs) StdoutLine: {'line': b'-- Up-to-date: /home/harsh/ros2_project/install/px4_msgs/include/px4_msgs/px4_msgs/msg/detail/vehicle_thrust_setpoint__traits.hpp\n'}
[2.054334] (px4_msgs) StdoutLine: {'line': b'-- Up-to-date: /home/harsh/ros2_project/install/px4_msgs/include/px4_msgs/px4_msgs/msg/detail/dataman_request__traits.hpp\n'}
[2.054385] (px4_msgs) StdoutLine: {'line': b'-- Up-to-date: /home/harsh/ros2_project/install/px4_msgs/include/px4_msgs/px4_msgs/msg/detail/sensor_correction__type_support.hpp\n'}
[2.054438] (px4_msgs) StdoutLine: {'line': b'-- Up-to-date: /home/harsh/ros2_project/install/px4_msgs/include/px4_msgs/px4_msgs/msg/detail/uavcan_parameter_value__builder.hpp\n'}
[2.054488] (px4_msgs) StdoutLine: {'line': b'-- Up-to-date: /home/harsh/ros2_project/install/px4_msgs/include/px4_msgs/px4_msgs/msg/detail/debug_array__struct.hpp\n'}
[2.054539] (px4_msgs) StdoutLine: {'line': b'-- Up-to-date: /home/harsh/ros2_project/install/px4_msgs/include/px4_msgs/px4_msgs/msg/detail/gimbal_controls__traits.hpp\n'}
[2.054592] (px4_msgs) StdoutLine: {'line': b'-- Up-to-date: /home/harsh/ros2_project/install/px4_msgs/include/px4_msgs/px4_msgs/msg/detail/position_setpoint_triplet__struct.hpp\n'}
[2.054646] (px4_msgs) StdoutLine: {'line': b'-- Up-to-date: /home/harsh/ros2_project/install/px4_msgs/include/px4_msgs/px4_msgs/msg/detail/rpm__builder.hpp\n'}
[2.054697] (px4_msgs) StdoutLine: {'line': b'-- Up-to-date: /home/harsh/ros2_project/install/px4_msgs/include/px4_msgs/px4_msgs/msg/detail/sensor_preflight_mag__traits.hpp\n'}
[2.054749] (px4_msgs) StdoutLine: {'line': b'-- Up-to-date: /home/harsh/ros2_project/install/px4_msgs/include/px4_msgs/px4_msgs/msg/detail/airspeed_wind__struct.hpp\n'}
[2.054802] (px4_msgs) StdoutLine: {'line': b'-- Up-to-date: /home/harsh/ros2_project/install/px4_msgs/include/px4_msgs/px4_msgs/msg/detail/sensor_gps__struct.hpp\n'}
[2.054852] (px4_msgs) StdoutLine: {'line': b'-- Up-to-date: /home/harsh/ros2_project/install/px4_msgs/include/px4_msgs/px4_msgs/msg/detail/sensors_status__traits.hpp\n'}
[2.054907] (px4_msgs) StdoutLine: {'line': b'-- Up-to-date: /home/harsh/ros2_project/install/px4_msgs/include/px4_msgs/px4_msgs/msg/detail/gripper__type_support.hpp\n'}
[2.054958] (px4_msgs) StdoutLine: {'line': b'-- Up-to-date: /home/harsh/ros2_project/install/px4_msgs/include/px4_msgs/px4_msgs/msg/detail/can_interface_status__struct.hpp\n'}
[2.055025] (px4_msgs) StdoutLine: {'line': b'-- Up-to-date: /home/harsh/ros2_project/install/px4_msgs/include/px4_msgs/px4_msgs/msg/detail/sensor_preflight_mag__type_support.hpp\n'}
[2.055083] (px4_msgs) StdoutLine: {'line': b'-- Up-to-date: /home/harsh/ros2_project/install/px4_msgs/include/px4_msgs/px4_msgs/msg/detail/task_stack_info__struct.hpp\n'}
[2.055134] (px4_msgs) StdoutLine: {'line': b'-- Up-to-date: /home/harsh/ros2_project/install/px4_msgs/include/px4_msgs/px4_msgs/msg/detail/esc_status__builder.hpp\n'}
[2.055185] (px4_msgs) StdoutLine: {'line': b'-- Up-to-date: /home/harsh/ros2_project/install/px4_msgs/include/px4_msgs/px4_msgs/msg/detail/magnetometer_bias_estimate__traits.hpp\n'}
[2.055237] (px4_msgs) StdoutLine: {'line': b'-- Up-to-date: /home/harsh/ros2_project/install/px4_msgs/include/px4_msgs/px4_msgs/msg/detail/ulog_stream_ack__type_support.hpp\n'}
[2.055289] (px4_msgs) StdoutLine: {'line': b'-- Up-to-date: /home/harsh/ros2_project/install/px4_msgs/include/px4_msgs/px4_msgs/msg/detail/position_controller_status__struct.hpp\n'}
[2.055340] (px4_msgs) StdoutLine: {'line': b'-- Up-to-date: /home/harsh/ros2_project/install/px4_msgs/include/px4_msgs/px4_msgs/msg/detail/transponder_report__traits.hpp\n'}
[2.055390] (px4_msgs) StdoutLine: {'line': b'-- Up-to-date: /home/harsh/ros2_project/install/px4_msgs/include/px4_msgs/px4_msgs/msg/detail/mount_orientation__builder.hpp\n'}
[2.055441] (px4_msgs) StdoutLine: {'line': b'-- Up-to-date: /home/harsh/ros2_project/install/px4_msgs/include/px4_msgs/px4_msgs/msg/detail/position_controller_landing_status__type_support.hpp\n'}
[2.055497] (px4_msgs) StdoutLine: {'line': b'-- Up-to-date: /home/harsh/ros2_project/install/px4_msgs/include/px4_msgs/px4_msgs/msg/detail/uavcan_parameter_value__type_support.hpp\n'}
[2.055548] (px4_msgs) StdoutLine: {'line': b'-- Up-to-date: /home/harsh/ros2_project/install/px4_msgs/include/px4_msgs/px4_msgs/msg/detail/mag_worker_data__struct.hpp\n'}
[2.055600] (px4_msgs) StdoutLine: {'line': b'-- Up-to-date: /home/harsh/ros2_project/install/px4_msgs/include/px4_msgs/px4_msgs/msg/detail/button_event__struct.hpp\n'}
[2.055654] (px4_msgs) StdoutLine: {'line': b'-- Up-to-date: /home/harsh/ros2_project/install/px4_msgs/include/px4_msgs/px4_msgs/msg/detail/sensor_mag__type_support.hpp\n'}
[2.055706] (px4_msgs) StdoutLine: {'line': b'-- Up-to-date: /home/harsh/ros2_project/install/px4_msgs/include/px4_msgs/px4_msgs/msg/detail/gimbal_manager_information__type_support.hpp\n'}
[2.055757] (px4_msgs) StdoutLine: {'line': b'-- Up-to-date: /home/harsh/ros2_project/install/px4_msgs/include/px4_msgs/px4_msgs/msg/detail/gpio_request__type_support.hpp\n'}
[2.055809] (px4_msgs) StdoutLine: {'line': b'-- Up-to-date: /home/harsh/ros2_project/install/px4_msgs/include/px4_msgs/px4_msgs/msg/detail/sensor_accel__traits.hpp\n'}
[2.055858] (px4_msgs) StdoutLine: {'line': b'-- Up-to-date: /home/harsh/ros2_project/install/px4_msgs/include/px4_msgs/px4_msgs/msg/detail/vehicle_command_ack__struct.hpp\n'}
[2.055910] (px4_msgs) StdoutLine: {'line': b'-- Up-to-date: /home/harsh/ros2_project/install/px4_msgs/include/px4_msgs/px4_msgs/msg/detail/config_overrides__traits.hpp\n'}
[2.055964] (px4_msgs) StdoutLine: {'line': b'-- Up-to-date: /home/harsh/ros2_project/install/px4_msgs/include/px4_msgs/px4_msgs/msg/detail/autotune_attitude_control_status__builder.hpp\n'}
[2.056029] (px4_msgs) StdoutLine: {'line': b'-- Up-to-date: /home/harsh/ros2_project/install/px4_msgs/include/px4_msgs/px4_msgs/msg/detail/debug_array__traits.hpp\n'}
[2.056080] (px4_msgs) StdoutLine: {'line': b'-- Up-to-date: /home/harsh/ros2_project/install/px4_msgs/include/px4_msgs/px4_msgs/msg/detail/vehicle_attitude__builder.hpp\n'}
[2.056130] (px4_msgs) StdoutLine: {'line': b'-- Up-to-date: /home/harsh/ros2_project/install/px4_msgs/include/px4_msgs/px4_msgs/msg/detail/button_event__builder.hpp\n'}
[2.056180] (px4_msgs) StdoutLine: {'line': b'-- Up-to-date: /home/harsh/ros2_project/install/px4_msgs/include/px4_msgs/px4_msgs/msg/detail/arming_check_reply__struct.hpp\n'}
[2.056234] (px4_msgs) StdoutLine: {'line': b'-- Up-to-date: /home/harsh/ros2_project/install/px4_msgs/include/px4_msgs/px4_msgs/msg/detail/flight_phase_estimation__type_support.hpp\n'}
[2.056286] (px4_msgs) StdoutLine: {'line': b'-- Up-to-date: /home/harsh/ros2_project/install/px4_msgs/include/px4_msgs/px4_msgs/msg/detail/vehicle_command__builder.hpp\n'}
[2.056336] (px4_msgs) StdoutLine: {'line': b'-- Up-to-date: /home/harsh/ros2_project/install/px4_msgs/include/px4_msgs/px4_msgs/msg/detail/vehicle_imu__type_support.hpp\n'}
[2.056386] (px4_msgs) StdoutLine: {'line': b'-- Up-to-date: /home/harsh/ros2_project/install/px4_msgs/include/px4_msgs/px4_msgs/msg/detail/distance_sensor__type_support.hpp\n'}
[2.056436] (px4_msgs) StdoutLine: {'line': b'-- Up-to-date: /home/harsh/ros2_project/install/px4_msgs/include/px4_msgs/px4_msgs/msg/detail/collision_report__builder.hpp\n'}
[2.056494] (px4_msgs) StdoutLine: {'line': b'-- Up-to-date: /home/harsh/ros2_project/install/px4_msgs/include/px4_msgs/px4_msgs/msg/detail/airspeed_wind__traits.hpp\n'}
[2.056553] (px4_msgs) StdoutLine: {'line': b'-- Up-to-date: /home/harsh/ros2_project/install/px4_msgs/include/px4_msgs/px4_msgs/msg/detail/power_button_state__type_support.hpp\n'}
[2.056609] (px4_msgs) StdoutLine: {'line': b'-- Up-to-date: /home/harsh/ros2_project/install/px4_msgs/include/px4_msgs/px4_msgs/msg/detail/vehicle_acceleration__struct.hpp\n'}
[2.056660] (px4_msgs) StdoutLine: {'line': b'-- Up-to-date: /home/harsh/ros2_project/install/px4_msgs/include/px4_msgs/px4_msgs/msg/detail/vehicle_acceleration__builder.hpp\n'}
[2.056709] (px4_msgs) StdoutLine: {'line': b'-- Up-to-date: /home/harsh/ros2_project/install/px4_msgs/include/px4_msgs/px4_msgs/msg/detail/pps_capture__builder.hpp\n'}
[2.056763] (px4_msgs) StdoutLine: {'line': b'-- Up-to-date: /home/harsh/ros2_project/install/px4_msgs/include/px4_msgs/px4_msgs/msg/detail/vehicle_optical_flow__type_support.hpp\n'}
[2.056813] (px4_msgs) StdoutLine: {'line': b'-- Up-to-date: /home/harsh/ros2_project/install/px4_msgs/include/px4_msgs/px4_msgs/msg/detail/esc_report__type_support.hpp\n'}
[2.056865] (px4_msgs) StdoutLine: {'line': b'-- Up-to-date: /home/harsh/ros2_project/install/px4_msgs/include/px4_msgs/px4_msgs/msg/detail/ping__traits.hpp\n'}
[2.056915] (px4_msgs) StdoutLine: {'line': b'-- Up-to-date: /home/harsh/ros2_project/install/px4_msgs/include/px4_msgs/px4_msgs/msg/detail/estimator_status__struct.hpp\n'}
[2.056966] (px4_msgs) StdoutLine: {'line': b'-- Up-to-date: /home/harsh/ros2_project/install/px4_msgs/include/px4_msgs/px4_msgs/msg/detail/vehicle_global_position__struct.hpp\n'}
[2.057043] (px4_msgs) StdoutLine: {'line': b'-- Up-to-date: /home/harsh/ros2_project/install/px4_msgs/include/px4_msgs/px4_msgs/msg/detail/vehicle_torque_setpoint__builder.hpp\n'}
[2.057106] (px4_msgs) StdoutLine: {'line': b'-- Up-to-date: /home/harsh/ros2_project/install/px4_msgs/include/px4_msgs/px4_msgs/msg/detail/orb_test_large__builder.hpp\n'}
[2.057160] (px4_msgs) StdoutLine: {'line': b'-- Up-to-date: /home/harsh/ros2_project/install/px4_msgs/include/px4_msgs/px4_msgs/msg/detail/offboard_control_mode__struct.hpp\n'}
[2.057210] (px4_msgs) StdoutLine: {'line': b'-- Up-to-date: /home/harsh/ros2_project/install/px4_msgs/include/px4_msgs/px4_msgs/msg/detail/sensor_hygrometer__builder.hpp\n'}
[2.057260] (px4_msgs) StdoutLine: {'line': b'-- Up-to-date: /home/harsh/ros2_project/install/px4_msgs/include/px4_msgs/px4_msgs/msg/detail/camera_status__builder.hpp\n'}
[2.057310] (px4_msgs) StdoutLine: {'line': b'-- Up-to-date: /home/harsh/ros2_project/install/px4_msgs/include/px4_msgs/px4_msgs/msg/detail/estimator_states__type_support.hpp\n'}
[2.057368] (px4_msgs) StdoutLine: {'line': b'-- Up-to-date: /home/harsh/ros2_project/install/px4_msgs/include/px4_msgs/px4_msgs/msg/detail/tune_control__type_support.hpp\n'}
[2.057418] (px4_msgs) StdoutLine: {'line': b'-- Up-to-date: /home/harsh/ros2_project/install/px4_msgs/include/px4_msgs/px4_msgs/msg/detail/vehicle_trajectory_waypoint__type_support.hpp\n'}
[2.057468] (px4_msgs) StdoutLine: {'line': b'-- Up-to-date: /home/harsh/ros2_project/install/px4_msgs/include/px4_msgs/px4_msgs/msg/detail/arming_check_reply__type_support.hpp\n'}
[2.057517] (px4_msgs) StdoutLine: {'line': b'-- Up-to-date: /home/harsh/ros2_project/install/px4_msgs/include/px4_msgs/px4_msgs/msg/detail/parameter_set_used_request__struct.hpp\n'}
[2.057568] (px4_msgs) StdoutLine: {'line': b'-- Up-to-date: /home/harsh/ros2_project/install/px4_msgs/include/px4_msgs/px4_msgs/msg/detail/generator_status__type_support.hpp\n'}
[2.057623] (px4_msgs) StdoutLine: {'line': b'-- Up-to-date: /home/harsh/ros2_project/install/px4_msgs/include/px4_msgs/px4_msgs/msg/detail/rtl_time_estimate__struct.hpp\n'}
[2.057685] (px4_msgs) StdoutLine: {'line': b'-- Up-to-date: /home/harsh/ros2_project/install/px4_msgs/include/px4_msgs/px4_msgs/msg/detail/vehicle_optical_flow__struct.hpp\n'}
[2.057745] (px4_msgs) StdoutLine: {'line': b'-- Up-to-date: /home/harsh/ros2_project/install/px4_msgs/include/px4_msgs/px4_msgs/msg/detail/mavlink_log__builder.hpp\n'}
[2.057803] (px4_msgs) StdoutLine: {'line': b'-- Up-to-date: /home/harsh/ros2_project/install/px4_msgs/include/px4_msgs/px4_msgs/msg/detail/gimbal_device_set_attitude__struct.hpp\n'}
[2.057860] (px4_msgs) StdoutLine: {'line': b'-- Up-to-date: /home/harsh/ros2_project/install/px4_msgs/include/px4_msgs/px4_msgs/msg/detail/action_request__type_support.hpp\n'}
[2.057921] (px4_msgs) StdoutLine: {'line': b'-- Up-to-date: /home/harsh/ros2_project/install/px4_msgs/include/px4_msgs/px4_msgs/msg/detail/input_rc__traits.hpp\n'}
[2.057989] (px4_msgs) StdoutLine: {'line': b'-- Up-to-date: /home/harsh/ros2_project/install/px4_msgs/include/px4_msgs/px4_msgs/msg/detail/debug_vect__type_support.hpp\n'}
[2.058051] (px4_msgs) StdoutLine: {'line': b'-- Up-to-date: /home/harsh/ros2_project/install/px4_msgs/include/px4_msgs/px4_msgs/msg/detail/differential_pressure__traits.hpp\n'}
[2.058103] (px4_msgs) StdoutLine: {'line': b'-- Up-to-date: /home/harsh/ros2_project/install/px4_msgs/include/px4_msgs/px4_msgs/msg/detail/rtl_status__traits.hpp\n'}
[2.058153] (px4_msgs) StdoutLine: {'line': b'-- Up-to-date: /home/harsh/ros2_project/install/px4_msgs/include/px4_msgs/px4_msgs/msg/detail/ulog_stream__struct.hpp\n'}
[2.058203] (px4_msgs) StdoutLine: {'line': b'-- Up-to-date: /home/harsh/ros2_project/install/px4_msgs/include/px4_msgs/px4_msgs/msg/detail/register_ext_component_reply__struct.hpp\n'}
[2.058254] (px4_msgs) StdoutLine: {'line': b'-- Up-to-date: /home/harsh/ros2_project/install/px4_msgs/include/px4_msgs/px4_msgs/msg/detail/debug_vect__traits.hpp\n'}
[2.058306] (px4_msgs) StdoutLine: {'line': b'-- Up-to-date: /home/harsh/ros2_project/install/px4_msgs/include/px4_msgs/px4_msgs/msg/detail/vehicle_attitude_setpoint__builder.hpp\n'}
[2.058356] (px4_msgs) StdoutLine: {'line': b'-- Up-to-date: /home/harsh/ros2_project/install/px4_msgs/include/px4_msgs/px4_msgs/msg/detail/manual_control_switches__type_support.hpp\n'}
[2.058407] (px4_msgs) StdoutLine: {'line': b'-- Up-to-date: /home/harsh/ros2_project/install/px4_msgs/include/px4_msgs/px4_msgs/msg/detail/radio_status__traits.hpp\n'}
[2.058460] (px4_msgs) StdoutLine: {'line': b'-- Up-to-date: /home/harsh/ros2_project/install/px4_msgs/include/px4_msgs/px4_msgs/msg/detail/geofence_result__struct.hpp\n'}
[2.058511] (px4_msgs) StdoutLine: {'line': b'-- Up-to-date: /home/harsh/ros2_project/install/px4_msgs/include/px4_msgs/px4_msgs/msg/detail/radio_status__struct.hpp\n'}
[2.058561] (px4_msgs) StdoutLine: {'line': b'-- Up-to-date: /home/harsh/ros2_project/install/px4_msgs/include/px4_msgs/px4_msgs/msg/detail/can_interface_status__traits.hpp\n'}
[2.058609] (px4_msgs) StdoutLine: {'line': b'-- Up-to-date: /home/harsh/ros2_project/install/px4_msgs/include/px4_msgs/px4_msgs/msg/detail/adc_report__traits.hpp\n'}
[2.058658] (px4_msgs) StdoutLine: {'line': b'-- Up-to-date: /home/harsh/ros2_project/install/px4_msgs/include/px4_msgs/px4_msgs/msg/detail/system_power__traits.hpp\n'}
[2.058709] (px4_msgs) StdoutLine: {'line': b'-- Up-to-date: /home/harsh/ros2_project/install/px4_msgs/include/px4_msgs/px4_msgs/msg/detail/estimator_innovations__type_support.hpp\n'}
[2.058760] (px4_msgs) StdoutLine: {'line': b'-- Up-to-date: /home/harsh/ros2_project/install/px4_msgs/include/px4_msgs/px4_msgs/msg/detail/follow_target_estimator__type_support.hpp\n'}
[2.058810] (px4_msgs) StdoutLine: {'line': b'-- Up-to-date: /home/harsh/ros2_project/install/px4_msgs/include/px4_msgs/px4_msgs/msg/detail/orb_test__builder.hpp\n'}
[2.058859] (px4_msgs) StdoutLine: {'line': b'-- Up-to-date: /home/harsh/ros2_project/install/px4_msgs/include/px4_msgs/px4_msgs/msg/detail/buffer128__builder.hpp\n'}
[2.058910] (px4_msgs) StdoutLine: {'line': b'-- Up-to-date: /home/harsh/ros2_project/install/px4_msgs/include/px4_msgs/px4_msgs/msg/detail/event__struct.hpp\n'}
[2.058960] (px4_msgs) StdoutLine: {'line': b'-- Up-to-date: /home/harsh/ros2_project/install/px4_msgs/include/px4_msgs/px4_msgs/msg/detail/system_power__type_support.hpp\n'}
[2.059017] (px4_msgs) StdoutLine: {'line': b'-- Up-to-date: /home/harsh/ros2_project/install/px4_msgs/include/px4_msgs/px4_msgs/msg/detail/vehicle_angular_velocity__builder.hpp\n'}
[2.059069] (px4_msgs) StdoutLine: {'line': b'-- Up-to-date: /home/harsh/ros2_project/install/px4_msgs/include/px4_msgs/px4_msgs/msg/detail/transponder_report__type_support.hpp\n'}
[2.059123] (px4_msgs) StdoutLine: {'line': b'-- Up-to-date: /home/harsh/ros2_project/install/px4_msgs/include/px4_msgs/px4_msgs/msg/detail/pps_capture__struct.hpp\n'}
[2.059174] (px4_msgs) StdoutLine: {'line': b'-- Up-to-date: /home/harsh/ros2_project/install/px4_msgs/include/px4_msgs/px4_msgs/msg/detail/sensor_selection__traits.hpp\n'}
[2.059225] (px4_msgs) StdoutLine: {'line': b'-- Up-to-date: /home/harsh/ros2_project/install/px4_msgs/include/px4_msgs/px4_msgs/msg/detail/magnetometer_bias_estimate__builder.hpp\n'}
[2.059278] (px4_msgs) StdoutLine: {'line': b'-- Up-to-date: /home/harsh/ros2_project/install/px4_msgs/include/px4_msgs/px4_msgs/msg/detail/parameter_set_value_request__struct.hpp\n'}
[2.059328] (px4_msgs) StdoutLine: {'line': b'-- Up-to-date: /home/harsh/ros2_project/install/px4_msgs/include/px4_msgs/px4_msgs/msg/detail/follow_target__traits.hpp\n'}
[2.059379] (px4_msgs) StdoutLine: {'line': b'-- Up-to-date: /home/harsh/ros2_project/install/px4_msgs/include/px4_msgs/px4_msgs/msg/detail/camera_status__traits.hpp\n'}
[2.059429] (px4_msgs) StdoutLine: {'line': b'-- Up-to-date: /home/harsh/ros2_project/install/px4_msgs/include/px4_msgs/px4_msgs/msg/detail/cellular_status__type_support.hpp\n'}
[2.059484] (px4_msgs) StdoutLine: {'line': b'-- Up-to-date: /home/harsh/ros2_project/install/px4_msgs/include/px4_msgs/px4_msgs/msg/detail/sensor_gyro__type_support.hpp\n'}
[2.059535] (px4_msgs) StdoutLine: {'line': b'-- Up-to-date: /home/harsh/ros2_project/install/px4_msgs/include/px4_msgs/px4_msgs/msg/detail/sensor_accel__type_support.hpp\n'}
[2.059586] (px4_msgs) StdoutLine: {'line': b'-- Up-to-date: /home/harsh/ros2_project/install/px4_msgs/include/px4_msgs/px4_msgs/msg/detail/register_ext_component_request__builder.hpp\n'}
[2.059638] (px4_msgs) StdoutLine: {'line': b'-- Up-to-date: /home/harsh/ros2_project/install/px4_msgs/include/px4_msgs/px4_msgs/msg/detail/arming_check_request__traits.hpp\n'}
[2.059689] (px4_msgs) StdoutLine: {'line': b'-- Up-to-date: /home/harsh/ros2_project/install/px4_msgs/include/px4_msgs/px4_msgs/msg/detail/vehicle_local_position_setpoint__builder.hpp\n'}
[2.059741] (px4_msgs) StdoutLine: {'line': b'-- Up-to-date: /home/harsh/ros2_project/install/px4_msgs/include/px4_msgs/px4_msgs/msg/detail/cellular_status__builder.hpp\n'}
[2.059794] (px4_msgs) StdoutLine: {'line': b'-- Up-to-date: /home/harsh/ros2_project/install/px4_msgs/include/px4_msgs/px4_msgs/msg/detail/airspeed__builder.hpp\n'}
[2.059844] (px4_msgs) StdoutLine: {'line': b'-- Up-to-date: /home/harsh/ros2_project/install/px4_msgs/include/px4_msgs/px4_msgs/msg/detail/follow_target__builder.hpp\n'}
[2.059894] (px4_msgs) StdoutLine: {'line': b'-- Up-to-date: /home/harsh/ros2_project/install/px4_msgs/include/px4_msgs/px4_msgs/msg/detail/sensor_baro__struct.hpp\n'}
[2.059943] (px4_msgs) StdoutLine: {'line': b'-- Up-to-date: /home/harsh/ros2_project/install/px4_msgs/include/px4_msgs/px4_msgs/msg/detail/sensor_correction__struct.hpp\n'}
[2.060002] (px4_msgs) StdoutLine: {'line': b'-- Up-to-date: /home/harsh/ros2_project/install/px4_msgs/include/px4_msgs/px4_msgs/msg/detail/follow_target_estimator__struct.hpp\n'}
[2.060056] (px4_msgs) StdoutLine: {'line': b'-- Up-to-date: /home/harsh/ros2_project/install/px4_msgs/include/px4_msgs/px4_msgs/msg/detail/gripper__struct.hpp\n'}
[2.060107] (px4_msgs) StdoutLine: {'line': b'-- Up-to-date: /home/harsh/ros2_project/install/px4_msgs/include/px4_msgs/px4_msgs/msg/detail/sensor_gnss_relative__struct.hpp\n'}
[2.060159] (px4_msgs) StdoutLine: {'line': b'-- Up-to-date: /home/harsh/ros2_project/install/px4_msgs/include/px4_msgs/px4_msgs/msg/detail/failure_detector_status__struct.hpp\n'}
[2.060210] (px4_msgs) StdoutLine: {'line': b'-- Up-to-date: /home/harsh/ros2_project/install/px4_msgs/include/px4_msgs/px4_msgs/msg/detail/estimator_aid_source3d__builder.hpp\n'}
[2.060261] (px4_msgs) StdoutLine: {'line': b'-- Up-to-date: /home/harsh/ros2_project/install/px4_msgs/include/px4_msgs/px4_msgs/msg/detail/telemetry_status__struct.hpp\n'}
[2.060310] (px4_msgs) StdoutLine: {'line': b'-- Up-to-date: /home/harsh/ros2_project/install/px4_msgs/include/px4_msgs/px4_msgs/msg/detail/gimbal_manager_status__struct.hpp\n'}
[2.060361] (px4_msgs) StdoutLine: {'line': b'-- Up-to-date: /home/harsh/ros2_project/install/px4_msgs/include/px4_msgs/px4_msgs/msg/detail/landing_target_pose__builder.hpp\n'}
[2.060412] (px4_msgs) StdoutLine: {'line': b'-- Up-to-date: /home/harsh/ros2_project/install/px4_msgs/include/px4_msgs/px4_msgs/msg/detail/follow_target_status__traits.hpp\n'}
[2.060467] (px4_msgs) StdoutLine: {'line': b'-- Up-to-date: /home/harsh/ros2_project/install/px4_msgs/include/px4_msgs/px4_msgs/msg/detail/sensors_status_imu__builder.hpp\n'}
[2.060519] (px4_msgs) StdoutLine: {'line': b'-- Up-to-date: /home/harsh/ros2_project/install/px4_msgs/include/px4_msgs/px4_msgs/msg/detail/internal_combustion_engine_status__type_support.hpp\n'}
[2.060569] (px4_msgs) StdoutLine: {'line': b'-- Up-to-date: /home/harsh/ros2_project/install/px4_msgs/include/px4_msgs/px4_msgs/msg/detail/autotune_attitude_control_status__struct.hpp\n'}
[2.060621] (px4_msgs) StdoutLine: {'line': b'-- Up-to-date: /home/harsh/ros2_project/install/px4_msgs/include/px4_msgs/px4_msgs/msg/detail/launch_detection_status__builder.hpp\n'}
[2.060672] (px4_msgs) StdoutLine: {'line': b'-- Up-to-date: /home/harsh/ros2_project/install/px4_msgs/include/px4_msgs/px4_msgs/msg/detail/actuator_servos_trim__traits.hpp\n'}
[2.060723] (px4_msgs) StdoutLine: {'line': b'-- Up-to-date: /home/harsh/ros2_project/install/px4_msgs/include/px4_msgs/px4_msgs/msg/detail/system_power__struct.hpp\n'}
[2.060777] (px4_msgs) StdoutLine: {'line': b'-- Up-to-date: /home/harsh/ros2_project/install/px4_msgs/include/px4_msgs/px4_msgs/msg/detail/vehicle_land_detected__struct.hpp\n'}
[2.060827] (px4_msgs) StdoutLine: {'line': b'-- Up-to-date: /home/harsh/ros2_project/install/px4_msgs/include/px4_msgs/px4_msgs/msg/detail/estimator_bias__type_support.hpp\n'}
[2.060878] (px4_msgs) StdoutLine: {'line': b'-- Up-to-date: /home/harsh/ros2_project/install/px4_msgs/include/px4_msgs/px4_msgs/msg/detail/vehicle_roi__struct.hpp\n'}
[2.060929] (px4_msgs) StdoutLine: {'line': b'-- Up-to-date: /home/harsh/ros2_project/install/px4_msgs/include/px4_msgs/px4_msgs/msg/detail/pwm_input__traits.hpp\n'}
[2.060985] (px4_msgs) StdoutLine: {'line': b'-- Up-to-date: /home/harsh/ros2_project/install/px4_msgs/include/px4_msgs/px4_msgs/msg/detail/position_setpoint__type_support.hpp\n'}
[2.061042] (px4_msgs) StdoutLine: {'line': b'-- Up-to-date: /home/harsh/ros2_project/install/px4_msgs/include/px4_msgs/px4_msgs/msg/detail/rc_parameter_map__builder.hpp\n'}
[2.061096] (px4_msgs) StdoutLine: {'line': b'-- Up-to-date: /home/harsh/ros2_project/install/px4_msgs/include/px4_msgs/px4_msgs/msg/detail/vehicle_constraints__builder.hpp\n'}
[2.061148] (px4_msgs) StdoutLine: {'line': b'-- Up-to-date: /home/harsh/ros2_project/install/px4_msgs/include/px4_msgs/px4_msgs/msg/detail/sensor_gyro_fft__builder.hpp\n'}
[2.061200] (px4_msgs) StdoutLine: {'line': b'-- Up-to-date: /home/harsh/ros2_project/install/px4_msgs/include/px4_msgs/px4_msgs/msg/detail/velocity_limits__struct.hpp\n'}
[2.061251] (px4_msgs) StdoutLine: {'line': b'-- Up-to-date: /home/harsh/ros2_project/install/px4_msgs/include/px4_msgs/px4_msgs/msg/detail/message_format_response__struct.hpp\n'}
[2.061303] (px4_msgs) StdoutLine: {'line': b'-- Up-to-date: /home/harsh/ros2_project/install/px4_msgs/include/px4_msgs/px4_msgs/msg/detail/parameter_update__type_support.hpp\n'}
[2.061353] (px4_msgs) StdoutLine: {'line': b'-- Up-to-date: /home/harsh/ros2_project/install/px4_msgs/include/px4_msgs/px4_msgs/msg/detail/estimator_sensor_bias__traits.hpp\n'}
[2.061404] (px4_msgs) StdoutLine: {'line': b'-- Up-to-date: /home/harsh/ros2_project/install/px4_msgs/include/px4_msgs/px4_msgs/msg/detail/geofence_result__traits.hpp\n'}
[2.061457] (px4_msgs) StdoutLine: {'line': b'-- Up-to-date: /home/harsh/ros2_project/install/px4_msgs/include/px4_msgs/px4_msgs/msg/detail/gimbal_manager_set_manual_control__struct.hpp\n'}
[2.061508] (px4_msgs) StdoutLine: {'line': b'-- Up-to-date: /home/harsh/ros2_project/install/px4_msgs/include/px4_msgs/px4_msgs/msg/detail/vehicle_local_position_setpoint__traits.hpp\n'}
[2.061558] (px4_msgs) StdoutLine: {'line': b'-- Up-to-date: /home/harsh/ros2_project/install/px4_msgs/include/px4_msgs/px4_msgs/msg/detail/sensor_mag__struct.hpp\n'}
[2.061608] (px4_msgs) StdoutLine: {'line': b'-- Up-to-date: /home/harsh/ros2_project/install/px4_msgs/include/px4_msgs/px4_msgs/msg/detail/debug_key_value__builder.hpp\n'}
[2.061664] (px4_msgs) StdoutLine: {'line': b'-- Up-to-date: /home/harsh/ros2_project/install/px4_msgs/include/px4_msgs/px4_msgs/msg/detail/differential_drive_setpoint__type_support.hpp\n'}
[2.061717] (px4_msgs) StdoutLine: {'line': b'-- Up-to-date: /home/harsh/ros2_project/install/px4_msgs/include/px4_msgs/px4_msgs/msg/detail/vehicle_constraints__struct.hpp\n'}
[2.061766] (px4_msgs) StdoutLine: {'line': b'-- Up-to-date: /home/harsh/ros2_project/install/px4_msgs/include/px4_msgs/px4_msgs/msg/detail/vehicle_constraints__traits.hpp\n'}
[2.061818] (px4_msgs) StdoutLine: {'line': b'-- Up-to-date: /home/harsh/ros2_project/install/px4_msgs/include/px4_msgs/px4_msgs/msg/detail/mission_result__type_support.hpp\n'}
[2.061870] (px4_msgs) StdoutLine: {'line': b'-- Up-to-date: /home/harsh/ros2_project/install/px4_msgs/include/px4_msgs/px4_msgs/msg/detail/orbit_status__traits.hpp\n'}
[2.061920] (px4_msgs) StdoutLine: {'line': b'-- Up-to-date: /home/harsh/ros2_project/install/px4_msgs/include/px4_msgs/px4_msgs/msg/detail/sensor_hygrometer__type_support.hpp\n'}
[2.061970] (px4_msgs) StdoutLine: {'line': b'-- Up-to-date: /home/harsh/ros2_project/install/px4_msgs/include/px4_msgs/px4_msgs/msg/detail/unregister_ext_component__builder.hpp\n'}
[2.062028] (px4_msgs) StdoutLine: {'line': b'-- Up-to-date: /home/harsh/ros2_project/install/px4_msgs/include/px4_msgs/px4_msgs/msg/detail/buffer128__traits.hpp\n'}
[2.062080] (px4_msgs) StdoutLine: {'line': b'-- Up-to-date: /home/harsh/ros2_project/install/px4_msgs/include/px4_msgs/px4_msgs/msg/detail/yaw_estimator_status__builder.hpp\n'}
[2.062132] (px4_msgs) StdoutLine: {'line': b'-- Up-to-date: /home/harsh/ros2_project/install/px4_msgs/include/px4_msgs/px4_msgs/msg/detail/button_event__traits.hpp\n'}
[2.062183] (px4_msgs) StdoutLine: {'line': b'-- Up-to-date: /home/harsh/ros2_project/install/px4_msgs/include/px4_msgs/px4_msgs/msg/detail/ekf2_timestamps__struct.hpp\n'}
[2.062234] (px4_msgs) StdoutLine: {'line': b'-- Up-to-date: /home/harsh/ros2_project/install/px4_msgs/include/px4_msgs/px4_msgs/msg/detail/sensor_gyro_fft__type_support.hpp\n'}
[2.062284] (px4_msgs) StdoutLine: {'line': b'-- Up-to-date: /home/harsh/ros2_project/install/px4_msgs/include/px4_msgs/px4_msgs/msg/detail/landing_target_innovations__traits.hpp\n'}
[2.062335] (px4_msgs) StdoutLine: {'line': b'-- Up-to-date: /home/harsh/ros2_project/install/px4_msgs/include/px4_msgs/px4_msgs/msg/detail/gimbal_manager_set_attitude__traits.hpp\n'}
[2.062386] (px4_msgs) StdoutLine: {'line': b'-- Up-to-date: /home/harsh/ros2_project/install/px4_msgs/include/px4_msgs/px4_msgs/msg/detail/launch_detection_status__struct.hpp\n'}
[2.062434] (px4_msgs) StdoutLine: {'line': b'-- Up-to-date: /home/harsh/ros2_project/install/px4_msgs/include/px4_msgs/px4_msgs/msg/detail/vehicle_roi__traits.hpp\n'}
[2.062488] (px4_msgs) StdoutLine: {'line': b'-- Up-to-date: /home/harsh/ros2_project/install/px4_msgs/include/px4_msgs/px4_msgs/msg/detail/distance_sensor__traits.hpp\n'}
[2.062536] (px4_msgs) StdoutLine: {'line': b'-- Up-to-date: /home/harsh/ros2_project/install/px4_msgs/include/px4_msgs/px4_msgs/msg/detail/position_setpoint__builder.hpp\n'}
[2.062586] (px4_msgs) StdoutLine: {'line': b'-- Up-to-date: /home/harsh/ros2_project/install/px4_msgs/include/px4_msgs/px4_msgs/msg/detail/estimator_aid_source2d__builder.hpp\n'}
[2.062639] (px4_msgs) StdoutLine: {'line': b'-- Up-to-date: /home/harsh/ros2_project/install/px4_msgs/include/px4_msgs/px4_msgs/msg/detail/landing_target_pose__traits.hpp\n'}
[2.062689] (px4_msgs) StdoutLine: {'line': b'-- Up-to-date: /home/harsh/ros2_project/install/px4_msgs/include/px4_msgs/px4_msgs/msg/detail/esc_report__struct.hpp\n'}
[2.062741] (px4_msgs) StdoutLine: {'line': b'-- Up-to-date: /home/harsh/ros2_project/install/px4_msgs/include/px4_msgs/px4_msgs/msg/detail/sensor_accel_fifo__struct.hpp\n'}
[2.062791] (px4_msgs) StdoutLine: {'line': b'-- Up-to-date: /home/harsh/ros2_project/install/px4_msgs/include/px4_msgs/px4_msgs/msg/detail/orb_test_large__struct.hpp\n'}
[2.062841] (px4_msgs) StdoutLine: {'line': b'-- Up-to-date: /home/harsh/ros2_project/install/px4_msgs/include/px4_msgs/px4_msgs/msg/detail/actuator_armed__builder.hpp\n'}
[2.062894] (px4_msgs) StdoutLine: {'line': b'-- Up-to-date: /home/harsh/ros2_project/install/px4_msgs/include/px4_msgs/px4_msgs/msg/detail/figure_eight_status__struct.hpp\n'}
[2.062944] (px4_msgs) StdoutLine: {'line': b'-- Up-to-date: /home/harsh/ros2_project/install/px4_msgs/include/px4_msgs/px4_msgs/msg/detail/buffer128__type_support.hpp\n'}
[2.062999] (px4_msgs) StdoutLine: {'line': b'-- Up-to-date: /home/harsh/ros2_project/install/px4_msgs/include/px4_msgs/px4_msgs/msg/detail/uavcan_parameter_request__builder.hpp\n'}
[2.063053] (px4_msgs) StdoutLine: {'line': b'-- Up-to-date: /home/harsh/ros2_project/install/px4_msgs/include/px4_msgs/px4_msgs/msg/detail/vehicle_trajectory_waypoint__traits.hpp\n'}
[2.063103] (px4_msgs) StdoutLine: {'line': b'-- Up-to-date: /home/harsh/ros2_project/install/px4_msgs/include/px4_msgs/px4_msgs/msg/detail/gpio_in__type_support.hpp\n'}
[2.063154] (px4_msgs) StdoutLine: {'line': b'-- Up-to-date: /home/harsh/ros2_project/install/px4_msgs/include/px4_msgs/px4_msgs/msg/detail/gimbal_manager_set_manual_control__type_support.hpp\n'}
[2.063204] (px4_msgs) StdoutLine: {'line': b'-- Up-to-date: /home/harsh/ros2_project/install/px4_msgs/include/px4_msgs/px4_msgs/msg/detail/rtl_time_estimate__type_support.hpp\n'}
[2.063254] (px4_msgs) StdoutLine: {'line': b'-- Up-to-date: /home/harsh/ros2_project/install/px4_msgs/include/px4_msgs/px4_msgs/msg/detail/debug_value__struct.hpp\n'}
[2.063303] (px4_msgs) StdoutLine: {'line': b'-- Up-to-date: /home/harsh/ros2_project/install/px4_msgs/include/px4_msgs/px4_msgs/msg/detail/parameter_set_value_response__builder.hpp\n'}
[2.063355] (px4_msgs) StdoutLine: {'line': b'-- Up-to-date: /home/harsh/ros2_project/install/px4_msgs/include/px4_msgs/px4_msgs/msg/detail/gimbal_device_attitude_status__type_support.hpp\n'}
[2.063407] (px4_msgs) StdoutLine: {'line': b'-- Up-to-date: /home/harsh/ros2_project/install/px4_msgs/include/px4_msgs/px4_msgs/msg/detail/vehicle_attitude_setpoint__struct.hpp\n'}
[2.063457] (px4_msgs) StdoutLine: {'line': b'-- Up-to-date: /home/harsh/ros2_project/install/px4_msgs/include/px4_msgs/px4_msgs/msg/detail/actuator_test__builder.hpp\n'}
[2.063507] (px4_msgs) StdoutLine: {'line': b'-- Up-to-date: /home/harsh/ros2_project/install/px4_msgs/include/px4_msgs/px4_msgs/msg/detail/vehicle_imu_status__type_support.hpp\n'}
[2.063556] (px4_msgs) StdoutLine: {'line': b'-- Up-to-date: /home/harsh/ros2_project/install/px4_msgs/include/px4_msgs/px4_msgs/msg/detail/sensor_gnss_relative__builder.hpp\n'}
[2.063607] (px4_msgs) StdoutLine: {'line': b'-- Up-to-date: /home/harsh/ros2_project/install/px4_msgs/include/px4_msgs/px4_msgs/msg/detail/iridiumsbd_status__builder.hpp\n'}
[2.063656] (px4_msgs) StdoutLine: {'line': b'-- Up-to-date: /home/harsh/ros2_project/install/px4_msgs/include/px4_msgs/px4_msgs/msg/detail/rpm__traits.hpp\n'}
[2.063705] (px4_msgs) StdoutLine: {'line': b'-- Up-to-date: /home/harsh/ros2_project/install/px4_msgs/include/px4_msgs/px4_msgs/msg/detail/gpio_request__struct.hpp\n'}
[2.063755] (px4_msgs) StdoutLine: {'line': b'-- Up-to-date: /home/harsh/ros2_project/install/px4_msgs/include/px4_msgs/px4_msgs/msg/detail/message_format_response__builder.hpp\n'}
[2.063804] (px4_msgs) StdoutLine: {'line': b'-- Up-to-date: /home/harsh/ros2_project/install/px4_msgs/include/px4_msgs/px4_msgs/msg/detail/gpio_out__type_support.hpp\n'}
[2.063855] (px4_msgs) StdoutLine: {'line': b'-- Up-to-date: /home/harsh/ros2_project/install/px4_msgs/include/px4_msgs/px4_msgs/msg/detail/internal_combustion_engine_status__builder.hpp\n'}
[2.063907] (px4_msgs) StdoutLine: {'line': b'-- Up-to-date: /home/harsh/ros2_project/install/px4_msgs/include/px4_msgs/px4_msgs/msg/detail/gimbal_device_set_attitude__builder.hpp\n'}
[2.063960] (px4_msgs) StdoutLine: {'line': b'-- Up-to-date: /home/harsh/ros2_project/install/px4_msgs/include/px4_msgs/px4_msgs/msg/detail/battery_status__type_support.hpp\n'}
[2.064018] (px4_msgs) StdoutLine: {'line': b'-- Up-to-date: /home/harsh/ros2_project/install/px4_msgs/include/px4_msgs/px4_msgs/msg/detail/parameter_set_value_request__builder.hpp\n'}
[2.064073] (px4_msgs) StdoutLine: {'line': b'-- Up-to-date: /home/harsh/ros2_project/install/px4_msgs/include/px4_msgs/px4_msgs/msg/detail/vehicle_command__traits.hpp\n'}
[2.064127] (px4_msgs) StdoutLine: {'line': b'-- Up-to-date: /home/harsh/ros2_project/install/px4_msgs/include/px4_msgs/px4_msgs/msg/detail/collision_constraints__traits.hpp\n'}
[2.064179] (px4_msgs) StdoutLine: {'line': b'-- Up-to-date: /home/harsh/ros2_project/install/px4_msgs/include/px4_msgs/px4_msgs/msg/detail/wheel_encoders__builder.hpp\n'}
[2.064230] (px4_msgs) StdoutLine: {'line': b'-- Up-to-date: /home/harsh/ros2_project/install/px4_msgs/include/px4_msgs/px4_msgs/msg/detail/actuator_motors__struct.hpp\n'}
[2.064281] (px4_msgs) StdoutLine: {'line': b'-- Up-to-date: /home/harsh/ros2_project/install/px4_msgs/include/px4_msgs/px4_msgs/msg/detail/vehicle_global_position__type_support.hpp\n'}
[2.064332] (px4_msgs) StdoutLine: {'line': b'-- Up-to-date: /home/harsh/ros2_project/install/px4_msgs/include/px4_msgs/px4_msgs/msg/detail/sensor_selection__builder.hpp\n'}
[2.064383] (px4_msgs) StdoutLine: {'line': b'-- Up-to-date: /home/harsh/ros2_project/install/px4_msgs/include/px4_msgs/px4_msgs/msg/detail/parameter_set_used_request__builder.hpp\n'}
[2.064432] (px4_msgs) StdoutLine: {'line': b'-- Up-to-date: /home/harsh/ros2_project/install/px4_msgs/include/px4_msgs/px4_msgs/msg/detail/landing_gear__struct.hpp\n'}
[2.064482] (px4_msgs) StdoutLine: {'line': b'-- Up-to-date: /home/harsh/ros2_project/install/px4_msgs/include/px4_msgs/px4_msgs/msg/detail/debug_key_value__struct.hpp\n'}
[2.064533] (px4_msgs) StdoutLine: {'line': b'-- Up-to-date: /home/harsh/ros2_project/install/px4_msgs/include/px4_msgs/px4_msgs/msg/detail/vehicle_control_mode__builder.hpp\n'}
[2.064583] (px4_msgs) StdoutLine: {'line': b'-- Up-to-date: /home/harsh/ros2_project/install/px4_msgs/include/px4_msgs/px4_msgs/msg/detail/vehicle_imu_status__builder.hpp\n'}
[2.064633] (px4_msgs) StdoutLine: {'line': b'-- Up-to-date: /home/harsh/ros2_project/install/px4_msgs/include/px4_msgs/px4_msgs/msg/detail/vehicle_control_mode__struct.hpp\n'}
[2.064683] (px4_msgs) StdoutLine: {'line': b'-- Up-to-date: /home/harsh/ros2_project/install/px4_msgs/include/px4_msgs/px4_msgs/msg/detail/autotune_attitude_control_status__traits.hpp\n'}
[2.064733] (px4_msgs) StdoutLine: {'line': b'-- Up-to-date: /home/harsh/ros2_project/install/px4_msgs/include/px4_msgs/px4_msgs/msg/detail/sensor_gyro_fifo__type_support.hpp\n'}
[2.064783] (px4_msgs) StdoutLine: {'line': b'-- Up-to-date: /home/harsh/ros2_project/install/px4_msgs/include/px4_msgs/px4_msgs/msg/detail/navigator_mission_item__type_support.hpp\n'}
[2.064830] (px4_msgs) StdoutLine: {'line': b'-- Up-to-date: /home/harsh/ros2_project/install/px4_msgs/include/px4_msgs/px4_msgs/msg/vehicle_air_data.hpp\n'}
[2.064881] (px4_msgs) StdoutLine: {'line': b'-- Up-to-date: /home/harsh/ros2_project/install/px4_msgs/include/px4_msgs/px4_msgs/srv\n'}
[2.064930] (px4_msgs) StdoutLine: {'line': b'-- Up-to-date: /home/harsh/ros2_project/install/px4_msgs/include/px4_msgs/px4_msgs/srv/vehicle_command.hpp\n'}
[2.064983] (px4_msgs) StdoutLine: {'line': b'-- Up-to-date: /home/harsh/ros2_project/install/px4_msgs/include/px4_msgs/px4_msgs/srv/detail\n'}
[2.065038] (px4_msgs) StdoutLine: {'line': b'-- Up-to-date: /home/harsh/ros2_project/install/px4_msgs/include/px4_msgs/px4_msgs/srv/detail/vehicle_command__type_support.hpp\n'}
[2.065088] (px4_msgs) StdoutLine: {'line': b'-- Up-to-date: /home/harsh/ros2_project/install/px4_msgs/include/px4_msgs/px4_msgs/srv/detail/vehicle_command__struct.hpp\n'}
[2.065138] (px4_msgs) StdoutLine: {'line': b'-- Up-to-date: /home/harsh/ros2_project/install/px4_msgs/include/px4_msgs/px4_msgs/srv/detail/vehicle_command__builder.hpp\n'}
[2.065188] (px4_msgs) StdoutLine: {'line': b'-- Up-to-date: /home/harsh/ros2_project/install/px4_msgs/include/px4_msgs/px4_msgs/srv/detail/vehicle_command__traits.hpp\n'}
[2.065236] (px4_msgs) StdoutLine: {'line': b'-- Up-to-date: /home/harsh/ros2_project/install/px4_msgs/include/px4_msgs/px4_msgs\n'}
[2.065290] (px4_msgs) StdoutLine: {'line': b'-- Up-to-date: /home/harsh/ros2_project/install/px4_msgs/include/px4_msgs/px4_msgs/msg\n'}
[2.065341] (px4_msgs) StdoutLine: {'line': b'-- Up-to-date: /home/harsh/ros2_project/install/px4_msgs/include/px4_msgs/px4_msgs/msg/rosidl_typesupport_fastrtps_cpp__visibility_control.h\n'}
[2.065391] (px4_msgs) StdoutLine: {'line': b'-- Up-to-date: /home/harsh/ros2_project/install/px4_msgs/include/px4_msgs/px4_msgs/msg/detail\n'}
[2.065441] (px4_msgs) StdoutLine: {'line': b'-- Up-to-date: /home/harsh/ros2_project/install/px4_msgs/include/px4_msgs/px4_msgs/msg/detail/task_stack_info__rosidl_typesupport_fastrtps_cpp.hpp\n'}
[2.065491] (px4_msgs) StdoutLine: {'line': b'-- Up-to-date: /home/harsh/ros2_project/install/px4_msgs/include/px4_msgs/px4_msgs/msg/detail/vehicle_optical_flow_vel__rosidl_typesupport_fastrtps_cpp.hpp\n'}
[2.065543] (px4_msgs) StdoutLine: {'line': b'-- Up-to-date: /home/harsh/ros2_project/install/px4_msgs/include/px4_msgs/px4_msgs/msg/detail/navigator_mission_item__rosidl_typesupport_fastrtps_cpp.hpp\n'}
[2.065594] (px4_msgs) StdoutLine: {'line': b'-- Up-to-date: /home/harsh/ros2_project/install/px4_msgs/include/px4_msgs/px4_msgs/msg/detail/landing_target_innovations__rosidl_typesupport_fastrtps_cpp.hpp\n'}
[2.065646] (px4_msgs) StdoutLine: {'line': b'-- Up-to-date: /home/harsh/ros2_project/install/px4_msgs/include/px4_msgs/px4_msgs/msg/detail/camera_status__rosidl_typesupport_fastrtps_cpp.hpp\n'}
[2.065698] (px4_msgs) StdoutLine: {'line': b'-- Up-to-date: /home/harsh/ros2_project/install/px4_msgs/include/px4_msgs/px4_msgs/msg/detail/distance_sensor__rosidl_typesupport_fastrtps_cpp.hpp\n'}
[2.065753] (px4_msgs) StdoutLine: {'line': b'-- Up-to-date: /home/harsh/ros2_project/install/px4_msgs/include/px4_msgs/px4_msgs/msg/detail/arming_check_request__rosidl_typesupport_fastrtps_cpp.hpp\n'}
[2.065809] (px4_msgs) StdoutLine: {'line': b'-- Up-to-date: /home/harsh/ros2_project/install/px4_msgs/include/px4_msgs/px4_msgs/msg/detail/actuator_controls_status__rosidl_typesupport_fastrtps_cpp.hpp\n'}
[2.065862] (px4_msgs) StdoutLine: {'line': b'-- Up-to-date: /home/harsh/ros2_project/install/px4_msgs/include/px4_msgs/px4_msgs/msg/detail/debug_array__rosidl_typesupport_fastrtps_cpp.hpp\n'}
[2.065914] (px4_msgs) StdoutLine: {'line': b'-- Up-to-date: /home/harsh/ros2_project/install/px4_msgs/include/px4_msgs/px4_msgs/msg/detail/geofence_status__rosidl_typesupport_fastrtps_cpp.hpp\n'}
[2.065965] (px4_msgs) StdoutLine: {'line': b'-- Up-to-date: /home/harsh/ros2_project/install/px4_msgs/include/px4_msgs/px4_msgs/msg/detail/gimbal_controls__rosidl_typesupport_fastrtps_cpp.hpp\n'}
[2.066024] (px4_msgs) StdoutLine: {'line': b'-- Up-to-date: /home/harsh/ros2_project/install/px4_msgs/include/px4_msgs/px4_msgs/msg/detail/onboard_computer_status__rosidl_typesupport_fastrtps_cpp.hpp\n'}
[2.066079] (px4_msgs) StdoutLine: {'line': b'-- Up-to-date: /home/harsh/ros2_project/install/px4_msgs/include/px4_msgs/px4_msgs/msg/detail/buffer128__rosidl_typesupport_fastrtps_cpp.hpp\n'}
[2.066132] (px4_msgs) StdoutLine: {'line': b'-- Up-to-date: /home/harsh/ros2_project/install/px4_msgs/include/px4_msgs/px4_msgs/msg/detail/obstacle_distance__rosidl_typesupport_fastrtps_cpp.hpp\n'}
[2.066186] (px4_msgs) StdoutLine: {'line': b'-- Up-to-date: /home/harsh/ros2_project/install/px4_msgs/include/px4_msgs/px4_msgs/msg/detail/vehicle_constraints__rosidl_typesupport_fastrtps_cpp.hpp\n'}
[2.066238] (px4_msgs) StdoutLine: {'line': b'-- Up-to-date: /home/harsh/ros2_project/install/px4_msgs/include/px4_msgs/px4_msgs/msg/detail/message_format_request__rosidl_typesupport_fastrtps_cpp.hpp\n'}
[2.066290] (px4_msgs) StdoutLine: {'line': b'-- Up-to-date: /home/harsh/ros2_project/install/px4_msgs/include/px4_msgs/px4_msgs/msg/detail/vehicle_local_position__rosidl_typesupport_fastrtps_cpp.hpp\n'}
[2.066342] (px4_msgs) StdoutLine: {'line': b'-- Up-to-date: /home/harsh/ros2_project/install/px4_msgs/include/px4_msgs/px4_msgs/msg/detail/input_rc__rosidl_typesupport_fastrtps_cpp.hpp\n'}
[2.066398] (px4_msgs) StdoutLine: {'line': b'-- Up-to-date: /home/harsh/ros2_project/install/px4_msgs/include/px4_msgs/px4_msgs/msg/detail/sensor_gyro_fifo__rosidl_typesupport_fastrtps_cpp.hpp\n'}
[2.066449] (px4_msgs) StdoutLine: {'line': b'-- Up-to-date: /home/harsh/ros2_project/install/px4_msgs/include/px4_msgs/px4_msgs/msg/detail/control_allocator_status__rosidl_typesupport_fastrtps_cpp.hpp\n'}
[2.066502] (px4_msgs) StdoutLine: {'line': b'-- Up-to-date: /home/harsh/ros2_project/install/px4_msgs/include/px4_msgs/px4_msgs/msg/detail/gimbal_device_information__rosidl_typesupport_fastrtps_cpp.hpp\n'}
[2.066555] (px4_msgs) StdoutLine: {'line': b'-- Up-to-date: /home/harsh/ros2_project/install/px4_msgs/include/px4_msgs/px4_msgs/msg/detail/cellular_status__rosidl_typesupport_fastrtps_cpp.hpp\n'}
[2.066606] (px4_msgs) StdoutLine: {'line': b'-- Up-to-date: /home/harsh/ros2_project/install/px4_msgs/include/px4_msgs/px4_msgs/msg/detail/differential_drive_setpoint__rosidl_typesupport_fastrtps_cpp.hpp\n'}
[2.066658] (px4_msgs) StdoutLine: {'line': b'-- Up-to-date: /home/harsh/ros2_project/install/px4_msgs/include/px4_msgs/px4_msgs/msg/detail/sensor_preflight_mag__rosidl_typesupport_fastrtps_cpp.hpp\n'}
[2.066710] (px4_msgs) StdoutLine: {'line': b'-- Up-to-date: /home/harsh/ros2_project/install/px4_msgs/include/px4_msgs/px4_msgs/msg/detail/rc_parameter_map__rosidl_typesupport_fastrtps_cpp.hpp\n'}
[2.066761] (px4_msgs) StdoutLine: {'line': b'-- Up-to-date: /home/harsh/ros2_project/install/px4_msgs/include/px4_msgs/px4_msgs/msg/detail/mavlink_log__rosidl_typesupport_fastrtps_cpp.hpp\n'}
[2.066813] (px4_msgs) StdoutLine: {'line': b'-- Up-to-date: /home/harsh/ros2_project/install/px4_msgs/include/px4_msgs/px4_msgs/msg/detail/collision_constraints__rosidl_typesupport_fastrtps_cpp.hpp\n'}
[2.066866] (px4_msgs) StdoutLine: {'line': b'-- Up-to-date: /home/harsh/ros2_project/install/px4_msgs/include/px4_msgs/px4_msgs/msg/detail/position_setpoint_triplet__rosidl_typesupport_fastrtps_cpp.hpp\n'}
[2.066917] (px4_msgs) StdoutLine: {'line': b'-- Up-to-date: /home/harsh/ros2_project/install/px4_msgs/include/px4_msgs/px4_msgs/msg/detail/vtol_vehicle_status__rosidl_typesupport_fastrtps_cpp.hpp\n'}
[2.066968] (px4_msgs) StdoutLine: {'line': b'-- Up-to-date: /home/harsh/ros2_project/install/px4_msgs/include/px4_msgs/px4_msgs/msg/detail/message_format_response__rosidl_typesupport_fastrtps_cpp.hpp\n'}
[2.067029] (px4_msgs) StdoutLine: {'line': b'-- Up-to-date: /home/harsh/ros2_project/install/px4_msgs/include/px4_msgs/px4_msgs/msg/detail/sensors_status_imu__rosidl_typesupport_fastrtps_cpp.hpp\n'}
[2.067087] (px4_msgs) StdoutLine: {'line': b'-- Up-to-date: /home/harsh/ros2_project/install/px4_msgs/include/px4_msgs/px4_msgs/msg/detail/sensor_uwb__rosidl_typesupport_fastrtps_cpp.hpp\n'}
[2.067139] (px4_msgs) StdoutLine: {'line': b'-- Up-to-date: /home/harsh/ros2_project/install/px4_msgs/include/px4_msgs/px4_msgs/msg/detail/button_event__rosidl_typesupport_fastrtps_cpp.hpp\n'}
[2.067190] (px4_msgs) StdoutLine: {'line': b'-- Up-to-date: /home/harsh/ros2_project/install/px4_msgs/include/px4_msgs/px4_msgs/msg/detail/rc_channels__rosidl_typesupport_fastrtps_cpp.hpp\n'}
[2.067247] (px4_msgs) StdoutLine: {'line': b'-- Up-to-date: /home/harsh/ros2_project/install/px4_msgs/include/px4_msgs/px4_msgs/msg/detail/qshell_retval__rosidl_typesupport_fastrtps_cpp.hpp\n'}
[2.067298] (px4_msgs) StdoutLine: {'line': b'-- Up-to-date: /home/harsh/ros2_project/install/px4_msgs/include/px4_msgs/px4_msgs/msg/detail/estimator_selector_status__rosidl_typesupport_fastrtps_cpp.hpp\n'}
[2.067350] (px4_msgs) StdoutLine: {'line': b'-- Up-to-date: /home/harsh/ros2_project/install/px4_msgs/include/px4_msgs/px4_msgs/msg/detail/sensor_baro__rosidl_typesupport_fastrtps_cpp.hpp\n'}
[2.067400] (px4_msgs) StdoutLine: {'line': b'-- Up-to-date: /home/harsh/ros2_project/install/px4_msgs/include/px4_msgs/px4_msgs/msg/detail/vehicle_land_detected__rosidl_typesupport_fastrtps_cpp.hpp\n'}
[2.067450] (px4_msgs) StdoutLine: {'line': b'-- Up-to-date: /home/harsh/ros2_project/install/px4_msgs/include/px4_msgs/px4_msgs/msg/detail/collision_report__rosidl_typesupport_fastrtps_cpp.hpp\n'}
[2.067504] (px4_msgs) StdoutLine: {'line': b'-- Up-to-date: /home/harsh/ros2_project/install/px4_msgs/include/px4_msgs/px4_msgs/msg/detail/logger_status__rosidl_typesupport_fastrtps_cpp.hpp\n'}
[2.067556] (px4_msgs) StdoutLine: {'line': b'-- Up-to-date: /home/harsh/ros2_project/install/px4_msgs/include/px4_msgs/px4_msgs/msg/detail/parameter_set_value_request__rosidl_typesupport_fastrtps_cpp.hpp\n'}
[2.067609] (px4_msgs) StdoutLine: {'line': b'-- Up-to-date: /home/harsh/ros2_project/install/px4_msgs/include/px4_msgs/px4_msgs/msg/detail/gimbal_manager_status__rosidl_typesupport_fastrtps_cpp.hpp\n'}
[2.067663] (px4_msgs) StdoutLine: {'line': b'-- Up-to-date: /home/harsh/ros2_project/install/px4_msgs/include/px4_msgs/px4_msgs/msg/detail/rpm__rosidl_typesupport_fastrtps_cpp.hpp\n'}
[2.067716] (px4_msgs) StdoutLine: {'line': b'-- Up-to-date: /home/harsh/ros2_project/install/px4_msgs/include/px4_msgs/px4_msgs/msg/detail/vehicle_status__rosidl_typesupport_fastrtps_cpp.hpp\n'}
[2.067767] (px4_msgs) StdoutLine: {'line': b'-- Up-to-date: /home/harsh/ros2_project/install/px4_msgs/include/px4_msgs/px4_msgs/msg/detail/actuator_outputs__rosidl_typesupport_fastrtps_cpp.hpp\n'}
[2.067820] (px4_msgs) StdoutLine: {'line': b'-- Up-to-date: /home/harsh/ros2_project/install/px4_msgs/include/px4_msgs/px4_msgs/msg/detail/power_button_state__rosidl_typesupport_fastrtps_cpp.hpp\n'}
[2.067869] (px4_msgs) StdoutLine: {'line': b'-- Up-to-date: /home/harsh/ros2_project/install/px4_msgs/include/px4_msgs/px4_msgs/msg/detail/trajectory_setpoint__rosidl_typesupport_fastrtps_cpp.hpp\n'}
[2.067919] (px4_msgs) StdoutLine: {'line': b'-- Up-to-date: /home/harsh/ros2_project/install/px4_msgs/include/px4_msgs/px4_msgs/msg/detail/manual_control_setpoint__rosidl_typesupport_fastrtps_cpp.hpp\n'}
[2.067969] (px4_msgs) StdoutLine: {'line': b'-- Up-to-date: /home/harsh/ros2_project/install/px4_msgs/include/px4_msgs/px4_msgs/msg/detail/health_report__rosidl_typesupport_fastrtps_cpp.hpp\n'}
[2.068029] (px4_msgs) StdoutLine: {'line': b'-- Up-to-date: /home/harsh/ros2_project/install/px4_msgs/include/px4_msgs/px4_msgs/msg/detail/sensor_gyro__rosidl_typesupport_fastrtps_cpp.hpp\n'}
[2.068081] (px4_msgs) StdoutLine: {'line': b'-- Up-to-date: /home/harsh/ros2_project/install/px4_msgs/include/px4_msgs/px4_msgs/msg/detail/register_ext_component_reply__rosidl_typesupport_fastrtps_cpp.hpp\n'}
[2.068133] (px4_msgs) StdoutLine: {'line': b'-- Up-to-date: /home/harsh/ros2_project/install/px4_msgs/include/px4_msgs/px4_msgs/msg/detail/px4io_status__rosidl_typesupport_fastrtps_cpp.hpp\n'}
[2.068186] (px4_msgs) StdoutLine: {'line': b'-- Up-to-date: /home/harsh/ros2_project/install/px4_msgs/include/px4_msgs/px4_msgs/msg/detail/mavlink_tunnel__rosidl_typesupport_fastrtps_cpp.hpp\n'}
[2.068236] (px4_msgs) StdoutLine: {'line': b'-- Up-to-date: /home/harsh/ros2_project/install/px4_msgs/include/px4_msgs/px4_msgs/msg/detail/sensor_gps__rosidl_typesupport_fastrtps_cpp.hpp\n'}
[2.068288] (px4_msgs) StdoutLine: {'line': b'-- Up-to-date: /home/harsh/ros2_project/install/px4_msgs/include/px4_msgs/px4_msgs/msg/detail/trajectory_bezier__rosidl_typesupport_fastrtps_cpp.hpp\n'}
[2.068338] (px4_msgs) StdoutLine: {'line': b'-- Up-to-date: /home/harsh/ros2_project/install/px4_msgs/include/px4_msgs/px4_msgs/msg/detail/flight_phase_estimation__rosidl_typesupport_fastrtps_cpp.hpp\n'}
[2.068390] (px4_msgs) StdoutLine: {'line': b'-- Up-to-date: /home/harsh/ros2_project/install/px4_msgs/include/px4_msgs/px4_msgs/msg/detail/dataman_request__rosidl_typesupport_fastrtps_cpp.hpp\n'}
[2.068443] (px4_msgs) StdoutLine: {'line': b'-- Up-to-date: /home/harsh/ros2_project/install/px4_msgs/include/px4_msgs/px4_msgs/msg/detail/camera_capture__rosidl_typesupport_fastrtps_cpp.hpp\n'}
[2.068493] (px4_msgs) StdoutLine: {'line': b'-- Up-to-date: /home/harsh/ros2_project/install/px4_msgs/include/px4_msgs/px4_msgs/msg/detail/sensor_accel__rosidl_typesupport_fastrtps_cpp.hpp\n'}
[2.068544] (px4_msgs) StdoutLine: {'line': b'-- Up-to-date: /home/harsh/ros2_project/install/px4_msgs/include/px4_msgs/px4_msgs/msg/detail/position_controller_status__rosidl_typesupport_fastrtps_cpp.hpp\n'}
[2.068599] (px4_msgs) StdoutLine: {'line': b'-- Up-to-date: /home/harsh/ros2_project/install/px4_msgs/include/px4_msgs/px4_msgs/msg/detail/sensor_mag__rosidl_typesupport_fastrtps_cpp.hpp\n'}
[2.068650] (px4_msgs) StdoutLine: {'line': b'-- Up-to-date: /home/harsh/ros2_project/install/px4_msgs/include/px4_msgs/px4_msgs/msg/detail/airspeed_validated__rosidl_typesupport_fastrtps_cpp.hpp\n'}
[2.068709] (px4_msgs) StdoutLine: {'line': b'-- Up-to-date: /home/harsh/ros2_project/install/px4_msgs/include/px4_msgs/px4_msgs/msg/detail/failure_detector_status__rosidl_typesupport_fastrtps_cpp.hpp\n'}
[2.068761] (px4_msgs) StdoutLine: {'line': b'-- Up-to-date: /home/harsh/ros2_project/install/px4_msgs/include/px4_msgs/px4_msgs/msg/detail/sensor_combined__rosidl_typesupport_fastrtps_cpp.hpp\n'}
[2.068812] (px4_msgs) StdoutLine: {'line': b'-- Up-to-date: /home/harsh/ros2_project/install/px4_msgs/include/px4_msgs/px4_msgs/msg/detail/vehicle_angular_acceleration_setpoint__rosidl_typesupport_fastrtps_cpp.hpp\n'}
[2.068862] (px4_msgs) StdoutLine: {'line': b'-- Up-to-date: /home/harsh/ros2_project/install/px4_msgs/include/px4_msgs/px4_msgs/msg/detail/ulog_stream__rosidl_typesupport_fastrtps_cpp.hpp\n'}
[2.068913] (px4_msgs) StdoutLine: {'line': b'-- Up-to-date: /home/harsh/ros2_project/install/px4_msgs/include/px4_msgs/px4_msgs/msg/detail/npfg_status__rosidl_typesupport_fastrtps_cpp.hpp\n'}
[2.068965] (px4_msgs) StdoutLine: {'line': b'-- Up-to-date: /home/harsh/ros2_project/install/px4_msgs/include/px4_msgs/px4_msgs/msg/detail/gripper__rosidl_typesupport_fastrtps_cpp.hpp\n'}
[2.069023] (px4_msgs) StdoutLine: {'line': b'-- Up-to-date: /home/harsh/ros2_project/install/px4_msgs/include/px4_msgs/px4_msgs/msg/detail/home_position__rosidl_typesupport_fastrtps_cpp.hpp\n'}
[2.069076] (px4_msgs) StdoutLine: {'line': b'-- Up-to-date: /home/harsh/ros2_project/install/px4_msgs/include/px4_msgs/px4_msgs/msg/detail/parameter_set_value_response__rosidl_typesupport_fastrtps_cpp.hpp\n'}
[2.069129] (px4_msgs) StdoutLine: {'line': b'-- Up-to-date: /home/harsh/ros2_project/install/px4_msgs/include/px4_msgs/px4_msgs/msg/detail/sensor_accel_fifo__rosidl_typesupport_fastrtps_cpp.hpp\n'}
[2.069182] (px4_msgs) StdoutLine: {'line': b'-- Up-to-date: /home/harsh/ros2_project/install/px4_msgs/include/px4_msgs/px4_msgs/msg/detail/landing_gear_wheel__rosidl_typesupport_fastrtps_cpp.hpp\n'}
[2.069234] (px4_msgs) StdoutLine: {'line': b'-- Up-to-date: /home/harsh/ros2_project/install/px4_msgs/include/px4_msgs/px4_msgs/msg/detail/vehicle_air_data__rosidl_typesupport_fastrtps_cpp.hpp\n'}
[2.069286] (px4_msgs) StdoutLine: {'line': b'-- Up-to-date: /home/harsh/ros2_project/install/px4_msgs/include/px4_msgs/px4_msgs/msg/detail/parameter_set_used_request__rosidl_typesupport_fastrtps_cpp.hpp\n'}
[2.069337] (px4_msgs) StdoutLine: {'line': b'-- Up-to-date: /home/harsh/ros2_project/install/px4_msgs/include/px4_msgs/px4_msgs/msg/detail/offboard_control_mode__rosidl_typesupport_fastrtps_cpp.hpp\n'}
[2.069387] (px4_msgs) StdoutLine: {'line': b'-- Up-to-date: /home/harsh/ros2_project/install/px4_msgs/include/px4_msgs/px4_msgs/msg/detail/goto_setpoint__rosidl_typesupport_fastrtps_cpp.hpp\n'}
[2.069439] (px4_msgs) StdoutLine: {'line': b'-- Up-to-date: /home/harsh/ros2_project/install/px4_msgs/include/px4_msgs/px4_msgs/msg/detail/vehicle_attitude_setpoint__rosidl_typesupport_fastrtps_cpp.hpp\n'}
[2.069489] (px4_msgs) StdoutLine: {'line': b'-- Up-to-date: /home/harsh/ros2_project/install/px4_msgs/include/px4_msgs/px4_msgs/msg/detail/estimator_aid_source1d__rosidl_typesupport_fastrtps_cpp.hpp\n'}
[2.069539] (px4_msgs) StdoutLine: {'line': b'-- Up-to-date: /home/harsh/ros2_project/install/px4_msgs/include/px4_msgs/px4_msgs/msg/detail/estimator_status__rosidl_typesupport_fastrtps_cpp.hpp\n'}
[2.069590] (px4_msgs) StdoutLine: {'line': b'-- Up-to-date: /home/harsh/ros2_project/install/px4_msgs/include/px4_msgs/px4_msgs/msg/detail/irlock_report__rosidl_typesupport_fastrtps_cpp.hpp\n'}
[2.069643] (px4_msgs) StdoutLine: {'line': b'-- Up-to-date: /home/harsh/ros2_project/install/px4_msgs/include/px4_msgs/px4_msgs/msg/detail/pwm_input__rosidl_typesupport_fastrtps_cpp.hpp\n'}
[2.069695] (px4_msgs) StdoutLine: {'line': b'-- Up-to-date: /home/harsh/ros2_project/install/px4_msgs/include/px4_msgs/px4_msgs/msg/detail/gimbal_device_attitude_status__rosidl_typesupport_fastrtps_cpp.hpp\n'}
[2.069746] (px4_msgs) StdoutLine: {'line': b'-- Up-to-date: /home/harsh/ros2_project/install/px4_msgs/include/px4_msgs/px4_msgs/msg/detail/failsafe_flags__rosidl_typesupport_fastrtps_cpp.hpp\n'}
[2.069798] (px4_msgs) StdoutLine: {'line': b'-- Up-to-date: /home/harsh/ros2_project/install/px4_msgs/include/px4_msgs/px4_msgs/msg/detail/timesync_status__rosidl_typesupport_fastrtps_cpp.hpp\n'}
[2.069850] (px4_msgs) StdoutLine: {'line': b'-- Up-to-date: /home/harsh/ros2_project/install/px4_msgs/include/px4_msgs/px4_msgs/msg/detail/velocity_limits__rosidl_typesupport_fastrtps_cpp.hpp\n'}
[2.069902] (px4_msgs) StdoutLine: {'line': b'-- Up-to-date: /home/harsh/ros2_project/install/px4_msgs/include/px4_msgs/px4_msgs/msg/detail/action_request__rosidl_typesupport_fastrtps_cpp.hpp\n'}
[2.069954] (px4_msgs) StdoutLine: {'line': b'-- Up-to-date: /home/harsh/ros2_project/install/px4_msgs/include/px4_msgs/px4_msgs/msg/detail/vehicle_magnetometer__rosidl_typesupport_fastrtps_cpp.hpp\n'}
[2.070027] (px4_msgs) StdoutLine: {'line': b'-- Up-to-date: /home/harsh/ros2_project/install/px4_msgs/include/px4_msgs/px4_msgs/msg/detail/power_monitor__rosidl_typesupport_fastrtps_cpp.hpp\n'}
[2.070081] (px4_msgs) StdoutLine: {'line': b'-- Up-to-date: /home/harsh/ros2_project/install/px4_msgs/include/px4_msgs/px4_msgs/msg/detail/vehicle_control_mode__rosidl_typesupport_fastrtps_cpp.hpp\n'}
[2.070139] (px4_msgs) StdoutLine: {'line': b'-- Up-to-date: /home/harsh/ros2_project/install/px4_msgs/include/px4_msgs/px4_msgs/msg/detail/led_control__rosidl_typesupport_fastrtps_cpp.hpp\n'}
[2.070193] (px4_msgs) StdoutLine: {'line': b'-- Up-to-date: /home/harsh/ros2_project/install/px4_msgs/include/px4_msgs/px4_msgs/msg/detail/esc_report__rosidl_typesupport_fastrtps_cpp.hpp\n'}
[2.070245] (px4_msgs) StdoutLine: {'line': b'-- Up-to-date: /home/harsh/ros2_project/install/px4_msgs/include/px4_msgs/px4_msgs/msg/detail/vehicle_thrust_setpoint__rosidl_typesupport_fastrtps_cpp.hpp\n'}
[2.070296] (px4_msgs) StdoutLine: {'line': b'-- Up-to-date: /home/harsh/ros2_project/install/px4_msgs/include/px4_msgs/px4_msgs/msg/detail/vehicle_global_position__rosidl_typesupport_fastrtps_cpp.hpp\n'}
[2.070345] (px4_msgs) StdoutLine: {'line': b'-- Up-to-date: /home/harsh/ros2_project/install/px4_msgs/include/px4_msgs/px4_msgs/msg/detail/vehicle_torque_setpoint__rosidl_typesupport_fastrtps_cpp.hpp\n'}
[2.070396] (px4_msgs) StdoutLine: {'line': b'-- Up-to-date: /home/harsh/ros2_project/install/px4_msgs/include/px4_msgs/px4_msgs/msg/detail/manual_control_switches__rosidl_typesupport_fastrtps_cpp.hpp\n'}
[2.070448] (px4_msgs) StdoutLine: {'line': b'-- Up-to-date: /home/harsh/ros2_project/install/px4_msgs/include/px4_msgs/px4_msgs/msg/detail/vehicle_trajectory_bezier__rosidl_typesupport_fastrtps_cpp.hpp\n'}
[2.070499] (px4_msgs) StdoutLine: {'line': b'-- Up-to-date: /home/harsh/ros2_project/install/px4_msgs/include/px4_msgs/px4_msgs/msg/detail/system_power__rosidl_typesupport_fastrtps_cpp.hpp\n'}
[2.070550] (px4_msgs) StdoutLine: {'line': b'-- Up-to-date: /home/harsh/ros2_project/install/px4_msgs/include/px4_msgs/px4_msgs/msg/detail/iridiumsbd_status__rosidl_typesupport_fastrtps_cpp.hpp\n'}
[2.070599] (px4_msgs) StdoutLine: {'line': b'-- Up-to-date: /home/harsh/ros2_project/install/px4_msgs/include/px4_msgs/px4_msgs/msg/detail/orb_test_large__rosidl_typesupport_fastrtps_cpp.hpp\n'}
[2.070650] (px4_msgs) StdoutLine: {'line': b'-- Up-to-date: /home/harsh/ros2_project/install/px4_msgs/include/px4_msgs/px4_msgs/msg/detail/sensor_gyro_fft__rosidl_typesupport_fastrtps_cpp.hpp\n'}
[2.070701] (px4_msgs) StdoutLine: {'line': b'-- Up-to-date: /home/harsh/ros2_project/install/px4_msgs/include/px4_msgs/px4_msgs/msg/detail/vehicle_odometry__rosidl_typesupport_fastrtps_cpp.hpp\n'}
[2.070753] (px4_msgs) StdoutLine: {'line': b'-- Up-to-date: /home/harsh/ros2_project/install/px4_msgs/include/px4_msgs/px4_msgs/msg/detail/figure_eight_status__rosidl_typesupport_fastrtps_cpp.hpp\n'}
[2.070805] (px4_msgs) StdoutLine: {'line': b'-- Up-to-date: /home/harsh/ros2_project/install/px4_msgs/include/px4_msgs/px4_msgs/msg/detail/estimator_innovations__rosidl_typesupport_fastrtps_cpp.hpp\n'}
[2.070855] (px4_msgs) StdoutLine: {'line': b'-- Up-to-date: /home/harsh/ros2_project/install/px4_msgs/include/px4_msgs/px4_msgs/msg/detail/follow_target_status__rosidl_typesupport_fastrtps_cpp.hpp\n'}
[2.070906] (px4_msgs) StdoutLine: {'line': b'-- Up-to-date: /home/harsh/ros2_project/install/px4_msgs/include/px4_msgs/px4_msgs/msg/detail/actuator_armed__rosidl_typesupport_fastrtps_cpp.hpp\n'}
[2.070956] (px4_msgs) StdoutLine: {'line': b'-- Up-to-date: /home/harsh/ros2_project/install/px4_msgs/include/px4_msgs/px4_msgs/msg/detail/wheel_encoders__rosidl_typesupport_fastrtps_cpp.hpp\n'}
[2.071013] (px4_msgs) StdoutLine: {'line': b'-- Up-to-date: /home/harsh/ros2_project/install/px4_msgs/include/px4_msgs/px4_msgs/msg/detail/qshell_req__rosidl_typesupport_fastrtps_cpp.hpp\n'}
[2.071067] (px4_msgs) StdoutLine: {'line': b'-- Up-to-date: /home/harsh/ros2_project/install/px4_msgs/include/px4_msgs/px4_msgs/msg/detail/rate_ctrl_status__rosidl_typesupport_fastrtps_cpp.hpp\n'}
[2.071120] (px4_msgs) StdoutLine: {'line': b'-- Up-to-date: /home/harsh/ros2_project/install/px4_msgs/include/px4_msgs/px4_msgs/msg/detail/satellite_info__rosidl_typesupport_fastrtps_cpp.hpp\n'}
[2.071173] (px4_msgs) StdoutLine: {'line': b'-- Up-to-date: /home/harsh/ros2_project/install/px4_msgs/include/px4_msgs/px4_msgs/msg/detail/gpio_out__rosidl_typesupport_fastrtps_cpp.hpp\n'}
[2.071225] (px4_msgs) StdoutLine: {'line': b'-- Up-to-date: /home/harsh/ros2_project/install/px4_msgs/include/px4_msgs/px4_msgs/msg/detail/sensor_hygrometer__rosidl_typesupport_fastrtps_cpp.hpp\n'}
[2.071278] (px4_msgs) StdoutLine: {'line': b'-- Up-to-date: /home/harsh/ros2_project/install/px4_msgs/include/px4_msgs/px4_msgs/msg/detail/mission__rosidl_typesupport_fastrtps_cpp.hpp\n'}
[2.071328] (px4_msgs) StdoutLine: {'line': b'-- Up-to-date: /home/harsh/ros2_project/install/px4_msgs/include/px4_msgs/px4_msgs/msg/detail/actuator_servos_trim__rosidl_typesupport_fastrtps_cpp.hpp\n'}
[2.071379] (px4_msgs) StdoutLine: {'line': b'-- Up-to-date: /home/harsh/ros2_project/install/px4_msgs/include/px4_msgs/px4_msgs/msg/detail/gimbal_manager_information__rosidl_typesupport_fastrtps_cpp.hpp\n'}
[2.071430] (px4_msgs) StdoutLine: {'line': b'-- Up-to-date: /home/harsh/ros2_project/install/px4_msgs/include/px4_msgs/px4_msgs/msg/detail/vehicle_rates_setpoint__rosidl_typesupport_fastrtps_cpp.hpp\n'}
[2.071483] (px4_msgs) StdoutLine: {'line': b'-- Up-to-date: /home/harsh/ros2_project/install/px4_msgs/include/px4_msgs/px4_msgs/msg/detail/estimator_bias3d__rosidl_typesupport_fastrtps_cpp.hpp\n'}
[2.071539] (px4_msgs) StdoutLine: {'line': b'-- Up-to-date: /home/harsh/ros2_project/install/px4_msgs/include/px4_msgs/px4_msgs/msg/detail/mount_orientation__rosidl_typesupport_fastrtps_cpp.hpp\n'}
[2.071591] (px4_msgs) StdoutLine: {'line': b'-- Up-to-date: /home/harsh/ros2_project/install/px4_msgs/include/px4_msgs/px4_msgs/msg/detail/gimbal_manager_set_manual_control__rosidl_typesupport_fastrtps_cpp.hpp\n'}
[2.071643] (px4_msgs) StdoutLine: {'line': b'-- Up-to-date: /home/harsh/ros2_project/install/px4_msgs/include/px4_msgs/px4_msgs/msg/detail/trajectory_waypoint__rosidl_typesupport_fastrtps_cpp.hpp\n'}
[2.071694] (px4_msgs) StdoutLine: {'line': b'-- Up-to-date: /home/harsh/ros2_project/install/px4_msgs/include/px4_msgs/px4_msgs/msg/detail/estimator_bias__rosidl_typesupport_fastrtps_cpp.hpp\n'}
[2.071748] (px4_msgs) StdoutLine: {'line': b'-- Up-to-date: /home/harsh/ros2_project/install/px4_msgs/include/px4_msgs/px4_msgs/msg/detail/vehicle_acceleration__rosidl_typesupport_fastrtps_cpp.hpp\n'}
[2.071799] (px4_msgs) StdoutLine: {'line': b'-- Up-to-date: /home/harsh/ros2_project/install/px4_msgs/include/px4_msgs/px4_msgs/msg/detail/sensor_optical_flow__rosidl_typesupport_fastrtps_cpp.hpp\n'}
[2.071854] (px4_msgs) StdoutLine: {'line': b'-- Up-to-date: /home/harsh/ros2_project/install/px4_msgs/include/px4_msgs/px4_msgs/msg/detail/generator_status__rosidl_typesupport_fastrtps_cpp.hpp\n'}
[2.071905] (px4_msgs) StdoutLine: {'line': b'-- Up-to-date: /home/harsh/ros2_project/install/px4_msgs/include/px4_msgs/px4_msgs/msg/detail/sensor_correction__rosidl_typesupport_fastrtps_cpp.hpp\n'}
[2.071957] (px4_msgs) StdoutLine: {'line': b'-- Up-to-date: /home/harsh/ros2_project/install/px4_msgs/include/px4_msgs/px4_msgs/msg/detail/orbit_status__rosidl_typesupport_fastrtps_cpp.hpp\n'}
[2.072014] (px4_msgs) StdoutLine: {'line': b'-- Up-to-date: /home/harsh/ros2_project/install/px4_msgs/include/px4_msgs/px4_msgs/msg/detail/sensors_status__rosidl_typesupport_fastrtps_cpp.hpp\n'}
[2.072067] (px4_msgs) StdoutLine: {'line': b'-- Up-to-date: /home/harsh/ros2_project/install/px4_msgs/include/px4_msgs/px4_msgs/msg/detail/gimbal_device_set_attitude__rosidl_typesupport_fastrtps_cpp.hpp\n'}
[2.072118] (px4_msgs) StdoutLine: {'line': b'-- Up-to-date: /home/harsh/ros2_project/install/px4_msgs/include/px4_msgs/px4_msgs/msg/detail/hover_thrust_estimate__rosidl_typesupport_fastrtps_cpp.hpp\n'}
[2.072170] (px4_msgs) StdoutLine: {'line': b'-- Up-to-date: /home/harsh/ros2_project/install/px4_msgs/include/px4_msgs/px4_msgs/msg/detail/differential_pressure__rosidl_typesupport_fastrtps_cpp.hpp\n'}
[2.072221] (px4_msgs) StdoutLine: {'line': b'-- Up-to-date: /home/harsh/ros2_project/install/px4_msgs/include/px4_msgs/px4_msgs/msg/detail/debug_key_value__rosidl_typesupport_fastrtps_cpp.hpp\n'}
[2.072272] (px4_msgs) StdoutLine: {'line': b'-- Up-to-date: /home/harsh/ros2_project/install/px4_msgs/include/px4_msgs/px4_msgs/msg/detail/follow_target_estimator__rosidl_typesupport_fastrtps_cpp.hpp\n'}
[2.072322] (px4_msgs) StdoutLine: {'line': b'-- Up-to-date: /home/harsh/ros2_project/install/px4_msgs/include/px4_msgs/px4_msgs/msg/detail/esc_status__rosidl_typesupport_fastrtps_cpp.hpp\n'}
[2.072373] (px4_msgs) StdoutLine: {'line': b'-- Up-to-date: /home/harsh/ros2_project/install/px4_msgs/include/px4_msgs/px4_msgs/msg/detail/sensor_selection__rosidl_typesupport_fastrtps_cpp.hpp\n'}
[2.072426] (px4_msgs) StdoutLine: {'line': b'-- Up-to-date: /home/harsh/ros2_project/install/px4_msgs/include/px4_msgs/px4_msgs/msg/detail/launch_detection_status__rosidl_typesupport_fastrtps_cpp.hpp\n'}
[2.072479] (px4_msgs) StdoutLine: {'line': b'-- Up-to-date: /home/harsh/ros2_project/install/px4_msgs/include/px4_msgs/px4_msgs/msg/detail/estimator_states__rosidl_typesupport_fastrtps_cpp.hpp\n'}
[2.072533] (px4_msgs) StdoutLine: {'line': b'-- Up-to-date: /home/harsh/ros2_project/install/px4_msgs/include/px4_msgs/px4_msgs/msg/detail/vehicle_attitude__rosidl_typesupport_fastrtps_cpp.hpp\n'}
[2.072586] (px4_msgs) StdoutLine: {'line': b'-- Up-to-date: /home/harsh/ros2_project/install/px4_msgs/include/px4_msgs/px4_msgs/msg/detail/airspeed__rosidl_typesupport_fastrtps_cpp.hpp\n'}
[2.072637] (px4_msgs) StdoutLine: {'line': b'-- Up-to-date: /home/harsh/ros2_project/install/px4_msgs/include/px4_msgs/px4_msgs/msg/detail/dataman_response__rosidl_typesupport_fastrtps_cpp.hpp\n'}
[2.072688] (px4_msgs) StdoutLine: {'line': b'-- Up-to-date: /home/harsh/ros2_project/install/px4_msgs/include/px4_msgs/px4_msgs/msg/detail/tune_control__rosidl_typesupport_fastrtps_cpp.hpp\n'}
[2.072738] (px4_msgs) StdoutLine: {'line': b'-- Up-to-date: /home/harsh/ros2_project/install/px4_msgs/include/px4_msgs/px4_msgs/msg/detail/config_overrides__rosidl_typesupport_fastrtps_cpp.hpp\n'}
[2.072791] (px4_msgs) StdoutLine: {'line': b'-- Up-to-date: /home/harsh/ros2_project/install/px4_msgs/include/px4_msgs/px4_msgs/msg/detail/gps_dump__rosidl_typesupport_fastrtps_cpp.hpp\n'}
[2.072842] (px4_msgs) StdoutLine: {'line': b'-- Up-to-date: /home/harsh/ros2_project/install/px4_msgs/include/px4_msgs/px4_msgs/msg/detail/vehicle_trajectory_waypoint__rosidl_typesupport_fastrtps_cpp.hpp\n'}
[2.072894] (px4_msgs) StdoutLine: {'line': b'-- Up-to-date: /home/harsh/ros2_project/install/px4_msgs/include/px4_msgs/px4_msgs/msg/detail/geofence_result__rosidl_typesupport_fastrtps_cpp.hpp\n'}
[2.072945] (px4_msgs) StdoutLine: {'line': b'-- Up-to-date: /home/harsh/ros2_project/install/px4_msgs/include/px4_msgs/px4_msgs/msg/detail/gpio_config__rosidl_typesupport_fastrtps_cpp.hpp\n'}
[2.073006] (px4_msgs) StdoutLine: {'line': b'-- Up-to-date: /home/harsh/ros2_project/install/px4_msgs/include/px4_msgs/px4_msgs/msg/detail/autotune_attitude_control_status__rosidl_typesupport_fastrtps_cpp.hpp\n'}
[2.073059] (px4_msgs) StdoutLine: {'line': b'-- Up-to-date: /home/harsh/ros2_project/install/px4_msgs/include/px4_msgs/px4_msgs/msg/detail/actuator_test__rosidl_typesupport_fastrtps_cpp.hpp\n'}
[2.073111] (px4_msgs) StdoutLine: {'line': b'-- Up-to-date: /home/harsh/ros2_project/install/px4_msgs/include/px4_msgs/px4_msgs/msg/detail/estimator_sensor_bias__rosidl_typesupport_fastrtps_cpp.hpp\n'}
[2.073162] (px4_msgs) StdoutLine: {'line': b'-- Up-to-date: /home/harsh/ros2_project/install/px4_msgs/include/px4_msgs/px4_msgs/msg/detail/airspeed_wind__rosidl_typesupport_fastrtps_cpp.hpp\n'}
[2.073212] (px4_msgs) StdoutLine: {'line': b'-- Up-to-date: /home/harsh/ros2_project/install/px4_msgs/include/px4_msgs/px4_msgs/msg/detail/position_setpoint__rosidl_typesupport_fastrtps_cpp.hpp\n'}
[2.073262] (px4_msgs) StdoutLine: {'line': b'-- Up-to-date: /home/harsh/ros2_project/install/px4_msgs/include/px4_msgs/px4_msgs/msg/detail/camera_trigger__rosidl_typesupport_fastrtps_cpp.hpp\n'}
[2.073313] (px4_msgs) StdoutLine: {'line': b'-- Up-to-date: /home/harsh/ros2_project/install/px4_msgs/include/px4_msgs/px4_msgs/msg/detail/parameter_update__rosidl_typesupport_fastrtps_cpp.hpp\n'}
[2.073363] (px4_msgs) StdoutLine: {'line': b'-- Up-to-date: /home/harsh/ros2_project/install/px4_msgs/include/px4_msgs/px4_msgs/msg/detail/yaw_estimator_status__rosidl_typesupport_fastrtps_cpp.hpp\n'}
[2.073413] (px4_msgs) StdoutLine: {'line': b'-- Up-to-date: /home/harsh/ros2_project/install/px4_msgs/include/px4_msgs/px4_msgs/msg/detail/normalized_unsigned_setpoint__rosidl_typesupport_fastrtps_cpp.hpp\n'}
[2.073462] (px4_msgs) StdoutLine: {'line': b'-- Up-to-date: /home/harsh/ros2_project/install/px4_msgs/include/px4_msgs/px4_msgs/msg/detail/tecs_status__rosidl_typesupport_fastrtps_cpp.hpp\n'}
[2.073514] (px4_msgs) StdoutLine: {'line': b'-- Up-to-date: /home/harsh/ros2_project/install/px4_msgs/include/px4_msgs/px4_msgs/msg/detail/uavcan_parameter_value__rosidl_typesupport_fastrtps_cpp.hpp\n'}
[2.073565] (px4_msgs) StdoutLine: {'line': b'-- Up-to-date: /home/harsh/ros2_project/install/px4_msgs/include/px4_msgs/px4_msgs/msg/detail/vehicle_roi__rosidl_typesupport_fastrtps_cpp.hpp\n'}
[2.073616] (px4_msgs) StdoutLine: {'line': b'-- Up-to-date: /home/harsh/ros2_project/install/px4_msgs/include/px4_msgs/px4_msgs/msg/detail/rtl_time_estimate__rosidl_typesupport_fastrtps_cpp.hpp\n'}
[2.073666] (px4_msgs) StdoutLine: {'line': b'-- Up-to-date: /home/harsh/ros2_project/install/px4_msgs/include/px4_msgs/px4_msgs/msg/detail/estimator_aid_source2d__rosidl_typesupport_fastrtps_cpp.hpp\n'}
[2.073716] (px4_msgs) StdoutLine: {'line': b'-- Up-to-date: /home/harsh/ros2_project/install/px4_msgs/include/px4_msgs/px4_msgs/msg/detail/debug_value__rosidl_typesupport_fastrtps_cpp.hpp\n'}
[2.073765] (px4_msgs) StdoutLine: {'line': b'-- Up-to-date: /home/harsh/ros2_project/install/px4_msgs/include/px4_msgs/px4_msgs/msg/detail/parameter_reset_request__rosidl_typesupport_fastrtps_cpp.hpp\n'}
[2.073814] (px4_msgs) StdoutLine: {'line': b'-- Up-to-date: /home/harsh/ros2_project/install/px4_msgs/include/px4_msgs/px4_msgs/msg/detail/register_ext_component_request__rosidl_typesupport_fastrtps_cpp.hpp\n'}
[2.073867] (px4_msgs) StdoutLine: {'line': b'-- Up-to-date: /home/harsh/ros2_project/install/px4_msgs/include/px4_msgs/px4_msgs/msg/detail/vehicle_angular_velocity__rosidl_typesupport_fastrtps_cpp.hpp\n'}
[2.073936] (px4_msgs) StdoutLine: {'line': b'-- Up-to-date: /home/harsh/ros2_project/install/px4_msgs/include/px4_msgs/px4_msgs/msg/detail/dds_fastrtps\n'}
[2.074012] (px4_msgs) StdoutLine: {'line': b'-- Up-to-date: /home/harsh/ros2_project/install/px4_msgs/include/px4_msgs/px4_msgs/msg/detail/actuator_motors__rosidl_typesupport_fastrtps_cpp.hpp\n'}
[2.074069] (px4_msgs) StdoutLine: {'line': b'-- Up-to-date: /home/harsh/ros2_project/install/px4_msgs/include/px4_msgs/px4_msgs/msg/detail/vehicle_imu__rosidl_typesupport_fastrtps_cpp.hpp\n'}
[2.074120] (px4_msgs) StdoutLine: {'line': b'-- Up-to-date: /home/harsh/ros2_project/install/px4_msgs/include/px4_msgs/px4_msgs/msg/detail/position_controller_landing_status__rosidl_typesupport_fastrtps_cpp.hpp\n'}
[2.074173] (px4_msgs) StdoutLine: {'line': b'-- Up-to-date: /home/harsh/ros2_project/install/px4_msgs/include/px4_msgs/px4_msgs/msg/detail/heater_status__rosidl_typesupport_fastrtps_cpp.hpp\n'}
[2.074226] (px4_msgs) StdoutLine: {'line': b'-- Up-to-date: /home/harsh/ros2_project/install/px4_msgs/include/px4_msgs/px4_msgs/msg/detail/can_interface_status__rosidl_typesupport_fastrtps_cpp.hpp\n'}
[2.074275] (px4_msgs) StdoutLine: {'line': b'-- Up-to-date: /home/harsh/ros2_project/install/px4_msgs/include/px4_msgs/px4_msgs/msg/detail/transponder_report__rosidl_typesupport_fastrtps_cpp.hpp\n'}
[2.074326] (px4_msgs) StdoutLine: {'line': b'-- Up-to-date: /home/harsh/ros2_project/install/px4_msgs/include/px4_msgs/px4_msgs/msg/detail/follow_target__rosidl_typesupport_fastrtps_cpp.hpp\n'}
[2.074377] (px4_msgs) StdoutLine: {'line': b'-- Up-to-date: /home/harsh/ros2_project/install/px4_msgs/include/px4_msgs/px4_msgs/msg/detail/internal_combustion_engine_status__rosidl_typesupport_fastrtps_cpp.hpp\n'}
[2.074431] (px4_msgs) StdoutLine: {'line': b'-- Up-to-date: /home/harsh/ros2_project/install/px4_msgs/include/px4_msgs/px4_msgs/msg/detail/sensor_gnss_relative__rosidl_typesupport_fastrtps_cpp.hpp\n'}
[2.074481] (px4_msgs) StdoutLine: {'line': b'-- Up-to-date: /home/harsh/ros2_project/install/px4_msgs/include/px4_msgs/px4_msgs/msg/detail/landing_target_pose__rosidl_typesupport_fastrtps_cpp.hpp\n'}
[2.074533] (px4_msgs) StdoutLine: {'line': b'-- Up-to-date: /home/harsh/ros2_project/install/px4_msgs/include/px4_msgs/px4_msgs/msg/detail/wind__rosidl_typesupport_fastrtps_cpp.hpp\n'}
[2.074585] (px4_msgs) StdoutLine: {'line': b'-- Up-to-date: /home/harsh/ros2_project/install/px4_msgs/include/px4_msgs/px4_msgs/msg/detail/actuator_servos__rosidl_typesupport_fastrtps_cpp.hpp\n'}
[2.074637] (px4_msgs) StdoutLine: {'line': b'-- Up-to-date: /home/harsh/ros2_project/install/px4_msgs/include/px4_msgs/px4_msgs/msg/detail/estimator_gps_status__rosidl_typesupport_fastrtps_cpp.hpp\n'}
[2.074688] (px4_msgs) StdoutLine: {'line': b'-- Up-to-date: /home/harsh/ros2_project/install/px4_msgs/include/px4_msgs/px4_msgs/msg/detail/vehicle_command_ack__rosidl_typesupport_fastrtps_cpp.hpp\n'}
[2.074740] (px4_msgs) StdoutLine: {'line': b'-- Up-to-date: /home/harsh/ros2_project/install/px4_msgs/include/px4_msgs/px4_msgs/msg/detail/event__rosidl_typesupport_fastrtps_cpp.hpp\n'}
[2.074791] (px4_msgs) StdoutLine: {'line': b'-- Up-to-date: /home/harsh/ros2_project/install/px4_msgs/include/px4_msgs/px4_msgs/msg/detail/vehicle_imu_status__rosidl_typesupport_fastrtps_cpp.hpp\n'}
[2.074842] (px4_msgs) StdoutLine: {'line': b'-- Up-to-date: /home/harsh/ros2_project/install/px4_msgs/include/px4_msgs/px4_msgs/msg/detail/radio_status__rosidl_typesupport_fastrtps_cpp.hpp\n'}
[2.074892] (px4_msgs) StdoutLine: {'line': b'-- Up-to-date: /home/harsh/ros2_project/install/px4_msgs/include/px4_msgs/px4_msgs/msg/detail/estimator_event_flags__rosidl_typesupport_fastrtps_cpp.hpp\n'}
[2.074941] (px4_msgs) StdoutLine: {'line': b'-- Up-to-date: /home/harsh/ros2_project/install/px4_msgs/include/px4_msgs/px4_msgs/msg/detail/magnetometer_bias_estimate__rosidl_typesupport_fastrtps_cpp.hpp\n'}
[2.075000] (px4_msgs) StdoutLine: {'line': b'-- Up-to-date: /home/harsh/ros2_project/install/px4_msgs/include/px4_msgs/px4_msgs/msg/detail/gps_inject_data__rosidl_typesupport_fastrtps_cpp.hpp\n'}
[2.075052] (px4_msgs) StdoutLine: {'line': b'-- Up-to-date: /home/harsh/ros2_project/install/px4_msgs/include/px4_msgs/px4_msgs/msg/detail/cpuload__rosidl_typesupport_fastrtps_cpp.hpp\n'}
[2.075110] (px4_msgs) StdoutLine: {'line': b'-- Up-to-date: /home/harsh/ros2_project/install/px4_msgs/include/px4_msgs/px4_msgs/msg/detail/rtl_status__rosidl_typesupport_fastrtps_cpp.hpp\n'}
[2.075165] (px4_msgs) StdoutLine: {'line': b'-- Up-to-date: /home/harsh/ros2_project/install/px4_msgs/include/px4_msgs/px4_msgs/msg/detail/vehicle_optical_flow__rosidl_typesupport_fastrtps_cpp.hpp\n'}
[2.075219] (px4_msgs) StdoutLine: {'line': b'-- Up-to-date: /home/harsh/ros2_project/install/px4_msgs/include/px4_msgs/px4_msgs/msg/detail/mission_result__rosidl_typesupport_fastrtps_cpp.hpp\n'}
[2.075273] (px4_msgs) StdoutLine: {'line': b'-- Up-to-date: /home/harsh/ros2_project/install/px4_msgs/include/px4_msgs/px4_msgs/msg/detail/estimator_aid_source3d__rosidl_typesupport_fastrtps_cpp.hpp\n'}
[2.075324] (px4_msgs) StdoutLine: {'line': b'-- Up-to-date: /home/harsh/ros2_project/install/px4_msgs/include/px4_msgs/px4_msgs/msg/detail/mag_worker_data__rosidl_typesupport_fastrtps_cpp.hpp\n'}
[2.075375] (px4_msgs) StdoutLine: {'line': b'-- Up-to-date: /home/harsh/ros2_project/install/px4_msgs/include/px4_msgs/px4_msgs/msg/detail/pps_capture__rosidl_typesupport_fastrtps_cpp.hpp\n'}
[2.075425] (px4_msgs) StdoutLine: {'line': b'-- Up-to-date: /home/harsh/ros2_project/install/px4_msgs/include/px4_msgs/px4_msgs/msg/detail/orb_test_medium__rosidl_typesupport_fastrtps_cpp.hpp\n'}
[2.075477] (px4_msgs) StdoutLine: {'line': b'-- Up-to-date: /home/harsh/ros2_project/install/px4_msgs/include/px4_msgs/px4_msgs/msg/detail/ekf2_timestamps__rosidl_typesupport_fastrtps_cpp.hpp\n'}
[2.075527] (px4_msgs) StdoutLine: {'line': b'-- Up-to-date: /home/harsh/ros2_project/install/px4_msgs/include/px4_msgs/px4_msgs/msg/detail/uavcan_parameter_request__rosidl_typesupport_fastrtps_cpp.hpp\n'}
[2.075578] (px4_msgs) StdoutLine: {'line': b'-- Up-to-date: /home/harsh/ros2_project/install/px4_msgs/include/px4_msgs/px4_msgs/msg/detail/arming_check_reply__rosidl_typesupport_fastrtps_cpp.hpp\n'}
[2.075628] (px4_msgs) StdoutLine: {'line': b'-- Up-to-date: /home/harsh/ros2_project/install/px4_msgs/include/px4_msgs/px4_msgs/msg/detail/ulog_stream_ack__rosidl_typesupport_fastrtps_cpp.hpp\n'}
[2.075677] (px4_msgs) StdoutLine: {'line': b'-- Up-to-date: /home/harsh/ros2_project/install/px4_msgs/include/px4_msgs/px4_msgs/msg/detail/ping__rosidl_typesupport_fastrtps_cpp.hpp\n'}
[2.075728] (px4_msgs) StdoutLine: {'line': b'-- Up-to-date: /home/harsh/ros2_project/install/px4_msgs/include/px4_msgs/px4_msgs/msg/detail/estimator_status_flags__rosidl_typesupport_fastrtps_cpp.hpp\n'}
[2.075778] (px4_msgs) StdoutLine: {'line': b'-- Up-to-date: /home/harsh/ros2_project/install/px4_msgs/include/px4_msgs/px4_msgs/msg/detail/gpio_in__rosidl_typesupport_fastrtps_cpp.hpp\n'}
[2.075829] (px4_msgs) StdoutLine: {'line': b'-- Up-to-date: /home/harsh/ros2_project/install/px4_msgs/include/px4_msgs/px4_msgs/msg/detail/landing_gear__rosidl_typesupport_fastrtps_cpp.hpp\n'}
[2.075884] (px4_msgs) StdoutLine: {'line': b'-- Up-to-date: /home/harsh/ros2_project/install/px4_msgs/include/px4_msgs/px4_msgs/msg/detail/debug_vect__rosidl_typesupport_fastrtps_cpp.hpp\n'}
[2.075935] (px4_msgs) StdoutLine: {'line': b'-- Up-to-date: /home/harsh/ros2_project/install/px4_msgs/include/px4_msgs/px4_msgs/msg/detail/gimbal_manager_set_attitude__rosidl_typesupport_fastrtps_cpp.hpp\n'}
[2.075991] (px4_msgs) StdoutLine: {'line': b'-- Up-to-date: /home/harsh/ros2_project/install/px4_msgs/include/px4_msgs/px4_msgs/msg/detail/mode_completed__rosidl_typesupport_fastrtps_cpp.hpp\n'}
[2.076045] (px4_msgs) StdoutLine: {'line': b'-- Up-to-date: /home/harsh/ros2_project/install/px4_msgs/include/px4_msgs/px4_msgs/msg/detail/vehicle_command__rosidl_typesupport_fastrtps_cpp.hpp\n'}
[2.076096] (px4_msgs) StdoutLine: {'line': b'-- Up-to-date: /home/harsh/ros2_project/install/px4_msgs/include/px4_msgs/px4_msgs/msg/detail/log_message__rosidl_typesupport_fastrtps_cpp.hpp\n'}
[2.076145] (px4_msgs) StdoutLine: {'line': b'-- Up-to-date: /home/harsh/ros2_project/install/px4_msgs/include/px4_msgs/px4_msgs/msg/detail/tiltrotor_extra_controls__rosidl_typesupport_fastrtps_cpp.hpp\n'}
[2.076198] (px4_msgs) StdoutLine: {'line': b'-- Up-to-date: /home/harsh/ros2_project/install/px4_msgs/include/px4_msgs/px4_msgs/msg/detail/telemetry_status__rosidl_typesupport_fastrtps_cpp.hpp\n'}
[2.076251] (px4_msgs) StdoutLine: {'line': b'-- Up-to-date: /home/harsh/ros2_project/install/px4_msgs/include/px4_msgs/px4_msgs/msg/detail/takeoff_status__rosidl_typesupport_fastrtps_cpp.hpp\n'}
[2.076301] (px4_msgs) StdoutLine: {'line': b'-- Up-to-date: /home/harsh/ros2_project/install/px4_msgs/include/px4_msgs/px4_msgs/msg/detail/sensor_airflow__rosidl_typesupport_fastrtps_cpp.hpp\n'}
[2.076350] (px4_msgs) StdoutLine: {'line': b'-- Up-to-date: /home/harsh/ros2_project/install/px4_msgs/include/px4_msgs/px4_msgs/msg/detail/orb_test__rosidl_typesupport_fastrtps_cpp.hpp\n'}
[2.076402] (px4_msgs) StdoutLine: {'line': b'-- Up-to-date: /home/harsh/ros2_project/install/px4_msgs/include/px4_msgs/px4_msgs/msg/detail/unregister_ext_component__rosidl_typesupport_fastrtps_cpp.hpp\n'}
[2.076453] (px4_msgs) StdoutLine: {'line': b'-- Up-to-date: /home/harsh/ros2_project/install/px4_msgs/include/px4_msgs/px4_msgs/msg/detail/adc_report__rosidl_typesupport_fastrtps_cpp.hpp\n'}
[2.076504] (px4_msgs) StdoutLine: {'line': b'-- Up-to-date: /home/harsh/ros2_project/install/px4_msgs/include/px4_msgs/px4_msgs/msg/detail/gpio_request__rosidl_typesupport_fastrtps_cpp.hpp\n'}
[2.076555] (px4_msgs) StdoutLine: {'line': b'-- Up-to-date: /home/harsh/ros2_project/install/px4_msgs/include/px4_msgs/px4_msgs/msg/detail/vehicle_local_position_setpoint__rosidl_typesupport_fastrtps_cpp.hpp\n'}
[2.076610] (px4_msgs) StdoutLine: {'line': b'-- Up-to-date: /home/harsh/ros2_project/install/px4_msgs/include/px4_msgs/px4_msgs/msg/detail/battery_status__rosidl_typesupport_fastrtps_cpp.hpp\n'}
[2.076661] (px4_msgs) StdoutLine: {'line': b'-- Up-to-date: /home/harsh/ros2_project/install/px4_msgs/include/px4_msgs/px4_msgs/srv\n'}
[2.076714] (px4_msgs) StdoutLine: {'line': b'-- Up-to-date: /home/harsh/ros2_project/install/px4_msgs/include/px4_msgs/px4_msgs/srv/detail\n'}
[2.076764] (px4_msgs) StdoutLine: {'line': b'-- Up-to-date: /home/harsh/ros2_project/install/px4_msgs/include/px4_msgs/px4_msgs/srv/detail/dds_fastrtps\n'}
[2.076815] (px4_msgs) StdoutLine: {'line': b'-- Up-to-date: /home/harsh/ros2_project/install/px4_msgs/include/px4_msgs/px4_msgs/srv/detail/vehicle_command__rosidl_typesupport_fastrtps_cpp.hpp\n'}
[2.076867] (px4_msgs) StdoutLine: {'line': b'-- Up-to-date: /home/harsh/ros2_project/install/px4_msgs/lib/libpx4_msgs__rosidl_typesupport_fastrtps_cpp.so\n'}
[2.076918] (px4_msgs) StdoutLine: {'line': b'-- Up-to-date: /home/harsh/ros2_project/install/px4_msgs/include/px4_msgs/px4_msgs\n'}
[2.076969] (px4_msgs) StdoutLine: {'line': b'-- Up-to-date: /home/harsh/ros2_project/install/px4_msgs/include/px4_msgs/px4_msgs/msg\n'}
[2.077028] (px4_msgs) StdoutLine: {'line': b'-- Up-to-date: /home/harsh/ros2_project/install/px4_msgs/include/px4_msgs/px4_msgs/msg/rosidl_typesupport_introspection_c__visibility_control.h\n'}
[2.077081] (px4_msgs) StdoutLine: {'line': b'-- Up-to-date: /home/harsh/ros2_project/install/px4_msgs/include/px4_msgs/px4_msgs/msg/detail\n'}
[2.077132] (px4_msgs) StdoutLine: {'line': b'-- Up-to-date: /home/harsh/ros2_project/install/px4_msgs/include/px4_msgs/px4_msgs/msg/detail/hover_thrust_estimate__rosidl_typesupport_introspection_c.h\n'}
[2.077185] (px4_msgs) StdoutLine: {'line': b'-- Up-to-date: /home/harsh/ros2_project/install/px4_msgs/include/px4_msgs/px4_msgs/msg/detail/wind__rosidl_typesupport_introspection_c.h\n'}
[2.077237] (px4_msgs) StdoutLine: {'line': b'-- Installing: /home/harsh/ros2_project/install/px4_msgs/include/px4_msgs/px4_msgs/msg/detail/vehicle_magnetometer__type_support.c\n'}
[2.077287] (px4_msgs) StdoutLine: {'line': b'-- Installing: /home/harsh/ros2_project/install/px4_msgs/include/px4_msgs/px4_msgs/msg/detail/dataman_response__type_support.c\n'}
[2.077340] (px4_msgs) StdoutLine: {'line': b'-- Installing: /home/harsh/ros2_project/install/px4_msgs/include/px4_msgs/px4_msgs/msg/detail/sensor_gyro_fifo__type_support.c\n'}
[2.077397] (px4_msgs) StdoutLine: {'line': b'-- Up-to-date: /home/harsh/ros2_project/install/px4_msgs/include/px4_msgs/px4_msgs/msg/detail/obstacle_distance__rosidl_typesupport_introspection_c.h\n'}
[2.077451] (px4_msgs) StdoutLine: {'line': b'-- Up-to-date: /home/harsh/ros2_project/install/px4_msgs/include/px4_msgs/px4_msgs/msg/detail/gps_inject_data__rosidl_typesupport_introspection_c.h\n'}
[2.077510] (px4_msgs) StdoutLine: {'line': b'-- Up-to-date: /home/harsh/ros2_project/install/px4_msgs/include/px4_msgs/px4_msgs/msg/detail/actuator_controls_status__rosidl_typesupport_introspection_c.h\n'}
[2.077566] (px4_msgs) StdoutLine: {'line': b'-- Installing: /home/harsh/ros2_project/install/px4_msgs/include/px4_msgs/px4_msgs/msg/detail/sensor_accel__type_support.c\n'}
[2.077622] (px4_msgs) StdoutLine: {'line': b'-- Up-to-date: /home/harsh/ros2_project/install/px4_msgs/include/px4_msgs/px4_msgs/msg/detail/rtl_status__rosidl_typesupport_introspection_c.h\n'}
[2.077676] (px4_msgs) StdoutLine: {'line': b'-- Up-to-date: /home/harsh/ros2_project/install/px4_msgs/include/px4_msgs/px4_msgs/msg/detail/estimator_aid_source2d__rosidl_typesupport_introspection_c.h\n'}
[2.077730] (px4_msgs) StdoutLine: {'line': b'-- Installing: /home/harsh/ros2_project/install/px4_msgs/include/px4_msgs/px4_msgs/msg/detail/goto_setpoint__type_support.c\n'}
[2.077786] (px4_msgs) StdoutLine: {'line': b'-- Installing: /home/harsh/ros2_project/install/px4_msgs/include/px4_msgs/px4_msgs/msg/detail/power_monitor__type_support.c\n'}
[2.077838] (px4_msgs) StdoutLine: {'line': b'-- Up-to-date: /home/harsh/ros2_project/install/px4_msgs/include/px4_msgs/px4_msgs/msg/detail/parameter_set_value_response__rosidl_typesupport_introspection_c.h\n'}
[2.077890] (px4_msgs) StdoutLine: {'line': b'-- Up-to-date: /home/harsh/ros2_project/install/px4_msgs/include/px4_msgs/px4_msgs/msg/detail/pwm_input__rosidl_typesupport_introspection_c.h\n'}
[2.077942] (px4_msgs) StdoutLine: {'line': b'-- Installing: /home/harsh/ros2_project/install/px4_msgs/include/px4_msgs/px4_msgs/msg/detail/sensor_mag__type_support.c\n'}
[2.078002] (px4_msgs) StdoutLine: {'line': b'-- Installing: /home/harsh/ros2_project/install/px4_msgs/include/px4_msgs/px4_msgs/msg/detail/mode_completed__type_support.c\n'}
[2.078058] (px4_msgs) StdoutLine: {'line': b'-- Installing: /home/harsh/ros2_project/install/px4_msgs/include/px4_msgs/px4_msgs/msg/detail/sensors_status_imu__type_support.c\n'}
[2.078110] (px4_msgs) StdoutLine: {'line': b'-- Up-to-date: /home/harsh/ros2_project/install/px4_msgs/include/px4_msgs/px4_msgs/msg/detail/led_control__rosidl_typesupport_introspection_c.h\n'}
[2.078163] (px4_msgs) StdoutLine: {'line': b'-- Installing: /home/harsh/ros2_project/install/px4_msgs/include/px4_msgs/px4_msgs/msg/detail/wind__type_support.c\n'}
[2.078219] (px4_msgs) StdoutLine: {'line': b'-- Up-to-date: /home/harsh/ros2_project/install/px4_msgs/include/px4_msgs/px4_msgs/msg/detail/vehicle_trajectory_waypoint__rosidl_typesupport_introspection_c.h\n'}
[2.078272] (px4_msgs) StdoutLine: {'line': b'-- Up-to-date: /home/harsh/ros2_project/install/px4_msgs/include/px4_msgs/px4_msgs/msg/detail/rpm__rosidl_typesupport_introspection_c.h\n'}
[2.078329] (px4_msgs) StdoutLine: {'line': b'-- Up-to-date: /home/harsh/ros2_project/install/px4_msgs/include/px4_msgs/px4_msgs/msg/detail/vtol_vehicle_status__rosidl_typesupport_introspection_c.h\n'}
[2.078384] (px4_msgs) StdoutLine: {'line': b'-- Installing: /home/harsh/ros2_project/install/px4_msgs/include/px4_msgs/px4_msgs/msg/detail/uavcan_parameter_value__type_support.c\n'}
[2.078438] (px4_msgs) StdoutLine: {'line': b'-- Up-to-date: /home/harsh/ros2_project/install/px4_msgs/include/px4_msgs/px4_msgs/msg/detail/sensor_accel__rosidl_typesupport_introspection_c.h\n'}
[2.078619] (px4_msgs) StdoutLine: {'line': b'-- Up-to-date: /home/harsh/ros2_project/install/px4_msgs/include/px4_msgs/px4_msgs/msg/detail/cpuload__rosidl_typesupport_introspection_c.h\n'}
[2.078746] (px4_msgs) StdoutLine: {'line': b'-- Installing: /home/harsh/ros2_project/install/px4_msgs/include/px4_msgs/px4_msgs/msg/detail/sensor_gps__type_support.c\n'}
[2.078855] (px4_msgs) StdoutLine: {'line': b'-- Installing: /home/harsh/ros2_project/install/px4_msgs/include/px4_msgs/px4_msgs/msg/detail/vehicle_constraints__type_support.c\n'}
[2.078913] (px4_msgs) StdoutLine: {'line': b'-- Up-to-date: /home/harsh/ros2_project/install/px4_msgs/include/px4_msgs/px4_msgs/msg/detail/follow_target__rosidl_typesupport_introspection_c.h\n'}
[2.078990] (px4_msgs) StdoutLine: {'line': b'-- Installing: /home/harsh/ros2_project/install/px4_msgs/include/px4_msgs/px4_msgs/msg/detail/launch_detection_status__type_support.c\n'}
[2.079068] (px4_msgs) StdoutLine: {'line': b'-- Installing: /home/harsh/ros2_project/install/px4_msgs/include/px4_msgs/px4_msgs/msg/detail/manual_control_setpoint__type_support.c\n'}
[2.079129] (px4_msgs) StdoutLine: {'line': b'-- Installing: /home/harsh/ros2_project/install/px4_msgs/include/px4_msgs/px4_msgs/msg/detail/estimator_bias3d__type_support.c\n'}
[2.079186] (px4_msgs) StdoutLine: {'line': b'-- Installing: /home/harsh/ros2_project/install/px4_msgs/include/px4_msgs/px4_msgs/msg/detail/pwm_input__type_support.c\n'}
[2.079257] (px4_msgs) StdoutLine: {'line': b'-- Up-to-date: /home/harsh/ros2_project/install/px4_msgs/include/px4_msgs/px4_msgs/msg/detail/sensor_gnss_relative__rosidl_typesupport_introspection_c.h\n'}
[2.079325] (px4_msgs) StdoutLine: {'line': b'-- Up-to-date: /home/harsh/ros2_project/install/px4_msgs/include/px4_msgs/px4_msgs/msg/detail/mission_result__rosidl_typesupport_introspection_c.h\n'}
[2.079403] (px4_msgs) StdoutLine: {'line': b'-- Up-to-date: /home/harsh/ros2_project/install/px4_msgs/include/px4_msgs/px4_msgs/msg/detail/sensors_status_imu__rosidl_typesupport_introspection_c.h\n'}
[2.079473] (px4_msgs) StdoutLine: {'line': b'-- Installing: /home/harsh/ros2_project/install/px4_msgs/include/px4_msgs/px4_msgs/msg/detail/irlock_report__type_support.c\n'}
[2.079547] (px4_msgs) StdoutLine: {'line': b'-- Installing: /home/harsh/ros2_project/install/px4_msgs/include/px4_msgs/px4_msgs/msg/detail/actuator_servos_trim__type_support.c\n'}
[2.079629] (px4_msgs) StdoutLine: {'line': b'-- Up-to-date: /home/harsh/ros2_project/install/px4_msgs/include/px4_msgs/px4_msgs/msg/detail/qshell_req__rosidl_typesupport_introspection_c.h\n'}
[2.079707] (px4_msgs) StdoutLine: {'line': b'-- Up-to-date: /home/harsh/ros2_project/install/px4_msgs/include/px4_msgs/px4_msgs/msg/detail/trajectory_waypoint__rosidl_typesupport_introspection_c.h\n'}
[2.079772] (px4_msgs) StdoutLine: {'line': b'-- Installing: /home/harsh/ros2_project/install/px4_msgs/include/px4_msgs/px4_msgs/msg/detail/generator_status__type_support.c\n'}
[2.079841] (px4_msgs) StdoutLine: {'line': b'-- Up-to-date: /home/harsh/ros2_project/install/px4_msgs/include/px4_msgs/px4_msgs/msg/detail/gpio_request__rosidl_typesupport_introspection_c.h\n'}
[2.079905] (px4_msgs) StdoutLine: {'line': b'-- Up-to-date: /home/harsh/ros2_project/install/px4_msgs/include/px4_msgs/px4_msgs/msg/detail/parameter_set_value_request__rosidl_typesupport_introspection_c.h\n'}
[2.079966] (px4_msgs) StdoutLine: {'line': b'-- Up-to-date: /home/harsh/ros2_project/install/px4_msgs/include/px4_msgs/px4_msgs/msg/detail/generator_status__rosidl_typesupport_introspection_c.h\n'}
[2.080044] (px4_msgs) StdoutLine: {'line': b'-- Installing: /home/harsh/ros2_project/install/px4_msgs/include/px4_msgs/px4_msgs/msg/detail/can_interface_status__type_support.c\n'}
[2.080109] (px4_msgs) StdoutLine: {'line': b'-- Installing: /home/harsh/ros2_project/install/px4_msgs/include/px4_msgs/px4_msgs/msg/detail/gps_inject_data__type_support.c\n'}
[2.080174] (px4_msgs) StdoutLine: {'line': b'-- Up-to-date: /home/harsh/ros2_project/install/px4_msgs/include/px4_msgs/px4_msgs/msg/detail/estimator_sensor_bias__rosidl_typesupport_introspection_c.h\n'}
[2.080234] (px4_msgs) StdoutLine: {'line': b'-- Installing: /home/harsh/ros2_project/install/px4_msgs/include/px4_msgs/px4_msgs/msg/detail/buffer128__type_support.c\n'}
[2.080379] (px4_msgs) StdoutLine: {'line': b'-- Up-to-date: /home/harsh/ros2_project/install/px4_msgs/include/px4_msgs/px4_msgs/msg/detail/flight_phase_estimation__rosidl_typesupport_introspection_c.h\n'}
[2.080605] (px4_msgs) StdoutLine: {'line': b'-- Installing: /home/harsh/ros2_project/install/px4_msgs/include/px4_msgs/px4_msgs/msg/detail/vehicle_odometry__type_support.c\n'}
[2.080725] (px4_msgs) StdoutLine: {'line': b'-- Up-to-date: /home/harsh/ros2_project/install/px4_msgs/include/px4_msgs/px4_msgs/msg/detail/estimator_selector_status__rosidl_typesupport_introspection_c.h\n'}
[2.080825] (px4_msgs) StdoutLine: {'line': b'-- Installing: /home/harsh/ros2_project/install/px4_msgs/include/px4_msgs/px4_msgs/msg/detail/gimbal_controls__type_support.c\n'}
[2.080916] (px4_msgs) StdoutLine: {'line': b'-- Installing: /home/harsh/ros2_project/install/px4_msgs/include/px4_msgs/px4_msgs/msg/detail/cellular_status__type_support.c\n'}
[2.081038] (px4_msgs) StdoutLine: {'line': b'-- Up-to-date: /home/harsh/ros2_project/install/px4_msgs/include/px4_msgs/px4_msgs/msg/detail/logger_status__rosidl_typesupport_introspection_c.h\n'}
[2.081145] (px4_msgs) StdoutLine: {'line': b'-- Installing: /home/harsh/ros2_project/install/px4_msgs/include/px4_msgs/px4_msgs/msg/detail/system_power__type_support.c\n'}
[2.081238] (px4_msgs) StdoutLine: {'line': b'-- Installing: /home/harsh/ros2_project/install/px4_msgs/include/px4_msgs/px4_msgs/msg/detail/vtol_vehicle_status__type_support.c\n'}
[2.081329] (px4_msgs) StdoutLine: {'line': b'-- Up-to-date: /home/harsh/ros2_project/install/px4_msgs/include/px4_msgs/px4_msgs/msg/detail/estimator_bias3d__rosidl_typesupport_introspection_c.h\n'}
[2.081422] (px4_msgs) StdoutLine: {'line': b'-- Installing: /home/harsh/ros2_project/install/px4_msgs/include/px4_msgs/px4_msgs/msg/detail/gimbal_manager_information__type_support.c\n'}
[2.081520] (px4_msgs) StdoutLine: {'line': b'-- Installing: /home/harsh/ros2_project/install/px4_msgs/include/px4_msgs/px4_msgs/msg/detail/sensor_accel_fifo__type_support.c\n'}
[2.081623] (px4_msgs) StdoutLine: {'line': b'-- Up-to-date: /home/harsh/ros2_project/install/px4_msgs/include/px4_msgs/px4_msgs/msg/detail/autotune_attitude_control_status__rosidl_typesupport_introspection_c.h\n'}
[2.081743] (px4_msgs) StdoutLine: {'line': b'-- Up-to-date: /home/harsh/ros2_project/install/px4_msgs/include/px4_msgs/px4_msgs/msg/detail/manual_control_setpoint__rosidl_typesupport_introspection_c.h\n'}
[2.081849] (px4_msgs) StdoutLine: {'line': b'-- Installing: /home/harsh/ros2_project/install/px4_msgs/include/px4_msgs/px4_msgs/msg/detail/uavcan_parameter_request__type_support.c\n'}
[2.081964] (px4_msgs) StdoutLine: {'line': b'-- Installing: /home/harsh/ros2_project/install/px4_msgs/include/px4_msgs/px4_msgs/msg/detail/register_ext_component_reply__type_support.c\n'}
[2.082091] (px4_msgs) StdoutLine: {'line': b'-- Up-to-date: /home/harsh/ros2_project/install/px4_msgs/include/px4_msgs/px4_msgs/msg/detail/position_controller_status__rosidl_typesupport_introspection_c.h\n'}
[2.082199] (px4_msgs) StdoutLine: {'line': b'-- Installing: /home/harsh/ros2_project/install/px4_msgs/include/px4_msgs/px4_msgs/msg/detail/vehicle_acceleration__type_support.c\n'}
[2.082305] (px4_msgs) StdoutLine: {'line': b'-- Installing: /home/harsh/ros2_project/install/px4_msgs/include/px4_msgs/px4_msgs/msg/detail/orb_test_medium__type_support.c\n'}
[2.082460] (px4_msgs) StdoutLine: {'line': b'-- Up-to-date: /home/harsh/ros2_project/install/px4_msgs/include/px4_msgs/px4_msgs/msg/detail/follow_target_status__rosidl_typesupport_introspection_c.h\n'}
[2.082570] (px4_msgs) StdoutLine: {'line': b'-- Installing: /home/harsh/ros2_project/install/px4_msgs/include/px4_msgs/px4_msgs/msg/detail/position_setpoint__type_support.c\n'}
[2.082688] (px4_msgs) StdoutLine: {'line': b'-- Up-to-date: /home/harsh/ros2_project/install/px4_msgs/include/px4_msgs/px4_msgs/msg/detail/follow_target_estimator__rosidl_typesupport_introspection_c.h\n'}
[2.082810] (px4_msgs) StdoutLine: {'line': b'-- Up-to-date: /home/harsh/ros2_project/install/px4_msgs/include/px4_msgs/px4_msgs/msg/detail/actuator_test__rosidl_typesupport_introspection_c.h\n'}
[2.082944] (px4_msgs) StdoutLine: {'line': b'-- Installing: /home/harsh/ros2_project/install/px4_msgs/include/px4_msgs/px4_msgs/msg/detail/vehicle_optical_flow__type_support.c\n'}
[2.083070] (px4_msgs) StdoutLine: {'line': b'-- Installing: /home/harsh/ros2_project/install/px4_msgs/include/px4_msgs/px4_msgs/msg/detail/ulog_stream_ack__type_support.c\n'}
[2.083205] (px4_msgs) StdoutLine: {'line': b'-- Installing: /home/harsh/ros2_project/install/px4_msgs/include/px4_msgs/px4_msgs/msg/detail/trajectory_setpoint__type_support.c\n'}
[2.083328] (px4_msgs) StdoutLine: {'line': b'-- Installing: /home/harsh/ros2_project/install/px4_msgs/include/px4_msgs/px4_msgs/msg/detail/rpm__type_support.c\n'}
[2.083443] (px4_msgs) StdoutLine: {'line': b'-- Up-to-date: /home/harsh/ros2_project/install/px4_msgs/include/px4_msgs/px4_msgs/msg/detail/tune_control__rosidl_typesupport_introspection_c.h\n'}
[2.083569] (px4_msgs) StdoutLine: {'line': b'-- Installing: /home/harsh/ros2_project/install/px4_msgs/include/px4_msgs/px4_msgs/msg/detail/position_setpoint_triplet__type_support.c\n'}
[2.083682] (px4_msgs) StdoutLine: {'line': b'-- Installing: /home/harsh/ros2_project/install/px4_msgs/include/px4_msgs/px4_msgs/msg/detail/debug_value__type_support.c\n'}
[2.083780] (px4_msgs) StdoutLine: {'line': b'-- Up-to-date: /home/harsh/ros2_project/install/px4_msgs/include/px4_msgs/px4_msgs/msg/detail/sensor_uwb__rosidl_typesupport_introspection_c.h\n'}
[2.083885] (px4_msgs) StdoutLine: {'line': b'-- Up-to-date: /home/harsh/ros2_project/install/px4_msgs/include/px4_msgs/px4_msgs/msg/detail/actuator_servos__rosidl_typesupport_introspection_c.h\n'}
[2.083993] (px4_msgs) StdoutLine: {'line': b'-- Up-to-date: /home/harsh/ros2_project/install/px4_msgs/include/px4_msgs/px4_msgs/msg/detail/mavlink_log__rosidl_typesupport_introspection_c.h\n'}
[2.084105] (px4_msgs) StdoutLine: {'line': b'-- Up-to-date: /home/harsh/ros2_project/install/px4_msgs/include/px4_msgs/px4_msgs/msg/detail/goto_setpoint__rosidl_typesupport_introspection_c.h\n'}
[2.084207] (px4_msgs) StdoutLine: {'line': b'-- Up-to-date: /home/harsh/ros2_project/install/px4_msgs/include/px4_msgs/px4_msgs/msg/detail/uavcan_parameter_request__rosidl_typesupport_introspection_c.h\n'}
[2.084307] (px4_msgs) StdoutLine: {'line': b'-- Up-to-date: /home/harsh/ros2_project/install/px4_msgs/include/px4_msgs/px4_msgs/msg/detail/debug_value__rosidl_typesupport_introspection_c.h\n'}
[2.084408] (px4_msgs) StdoutLine: {'line': b'-- Up-to-date: /home/harsh/ros2_project/install/px4_msgs/include/px4_msgs/px4_msgs/msg/detail/action_request__rosidl_typesupport_introspection_c.h\n'}
[2.084518] (px4_msgs) StdoutLine: {'line': b'-- Up-to-date: /home/harsh/ros2_project/install/px4_msgs/include/px4_msgs/px4_msgs/msg/detail/telemetry_status__rosidl_typesupport_introspection_c.h\n'}
[2.084649] (px4_msgs) StdoutLine: {'line': b'-- Up-to-date: /home/harsh/ros2_project/install/px4_msgs/include/px4_msgs/px4_msgs/msg/detail/system_power__rosidl_typesupport_introspection_c.h\n'}
[2.084802] (px4_msgs) StdoutLine: {'line': b'-- Up-to-date: /home/harsh/ros2_project/install/px4_msgs/include/px4_msgs/px4_msgs/msg/detail/estimator_states__rosidl_typesupport_introspection_c.h\n'}
[2.084921] (px4_msgs) StdoutLine: {'line': b'-- Installing: /home/harsh/ros2_project/install/px4_msgs/include/px4_msgs/px4_msgs/msg/detail/estimator_status__type_support.c\n'}
[2.085041] (px4_msgs) StdoutLine: {'line': b'-- Up-to-date: /home/harsh/ros2_project/install/px4_msgs/include/px4_msgs/px4_msgs/msg/detail/vehicle_imu_status__rosidl_typesupport_introspection_c.h\n'}
[2.085148] (px4_msgs) StdoutLine: {'line': b'-- Installing: /home/harsh/ros2_project/install/px4_msgs/include/px4_msgs/px4_msgs/msg/detail/airspeed_validated__type_support.c\n'}
[2.085272] (px4_msgs) StdoutLine: {'line': b'-- Up-to-date: /home/harsh/ros2_project/install/px4_msgs/include/px4_msgs/px4_msgs/msg/detail/geofence_result__rosidl_typesupport_introspection_c.h\n'}
[2.085373] (px4_msgs) StdoutLine: {'line': b'-- Up-to-date: /home/harsh/ros2_project/install/px4_msgs/include/px4_msgs/px4_msgs/msg/detail/magnetometer_bias_estimate__rosidl_typesupport_introspection_c.h\n'}
[2.085490] (px4_msgs) StdoutLine: {'line': b'-- Installing: /home/harsh/ros2_project/install/px4_msgs/include/px4_msgs/px4_msgs/msg/detail/geofence_result__type_support.c\n'}
[2.085596] (px4_msgs) StdoutLine: {'line': b'-- Up-to-date: /home/harsh/ros2_project/install/px4_msgs/include/px4_msgs/px4_msgs/msg/detail/camera_status__rosidl_typesupport_introspection_c.h\n'}
[2.085699] (px4_msgs) StdoutLine: {'line': b'-- Up-to-date: /home/harsh/ros2_project/install/px4_msgs/include/px4_msgs/px4_msgs/msg/detail/iridiumsbd_status__rosidl_typesupport_introspection_c.h\n'}
[2.085815] (px4_msgs) StdoutLine: {'line': b'-- Up-to-date: /home/harsh/ros2_project/install/px4_msgs/include/px4_msgs/px4_msgs/msg/detail/orbit_status__rosidl_typesupport_introspection_c.h\n'}
[2.085922] (px4_msgs) StdoutLine: {'line': b'-- Installing: /home/harsh/ros2_project/install/px4_msgs/include/px4_msgs/px4_msgs/msg/detail/rtl_status__type_support.c\n'}
[2.086055] (px4_msgs) StdoutLine: {'line': b'-- Installing: /home/harsh/ros2_project/install/px4_msgs/include/px4_msgs/px4_msgs/msg/detail/geofence_status__type_support.c\n'}
[2.086172] (px4_msgs) StdoutLine: {'line': b'-- Installing: /home/harsh/ros2_project/install/px4_msgs/include/px4_msgs/px4_msgs/msg/detail/tiltrotor_extra_controls__type_support.c\n'}
[2.086281] (px4_msgs) StdoutLine: {'line': b'-- Installing: /home/harsh/ros2_project/install/px4_msgs/include/px4_msgs/px4_msgs/msg/detail/sensor_airflow__type_support.c\n'}
[2.086389] (px4_msgs) StdoutLine: {'line': b'-- Installing: /home/harsh/ros2_project/install/px4_msgs/include/px4_msgs/px4_msgs/msg/detail/message_format_response__type_support.c\n'}
[2.086494] (px4_msgs) StdoutLine: {'line': b'-- Up-to-date: /home/harsh/ros2_project/install/px4_msgs/include/px4_msgs/px4_msgs/msg/detail/takeoff_status__rosidl_typesupport_introspection_c.h\n'}
[2.086599] (px4_msgs) StdoutLine: {'line': b'-- Installing: /home/harsh/ros2_project/install/px4_msgs/include/px4_msgs/px4_msgs/msg/detail/battery_status__type_support.c\n'}
[2.086713] (px4_msgs) StdoutLine: {'line': b'-- Up-to-date: /home/harsh/ros2_project/install/px4_msgs/include/px4_msgs/px4_msgs/msg/detail/debug_vect__rosidl_typesupport_introspection_c.h\n'}
[2.086822] (px4_msgs) StdoutLine: {'line': b'-- Installing: /home/harsh/ros2_project/install/px4_msgs/include/px4_msgs/px4_msgs/msg/detail/sensor_correction__type_support.c\n'}
[2.086930] (px4_msgs) StdoutLine: {'line': b'-- Up-to-date: /home/harsh/ros2_project/install/px4_msgs/include/px4_msgs/px4_msgs/msg/detail/cellular_status__rosidl_typesupport_introspection_c.h\n'}
[2.087056] (px4_msgs) StdoutLine: {'line': b'-- Installing: /home/harsh/ros2_project/install/px4_msgs/include/px4_msgs/px4_msgs/msg/detail/home_position__type_support.c\n'}
[2.087164] (px4_msgs) StdoutLine: {'line': b'-- Up-to-date: /home/harsh/ros2_project/install/px4_msgs/include/px4_msgs/px4_msgs/msg/detail/gimbal_device_information__rosidl_typesupport_introspection_c.h\n'}
[2.087267] (px4_msgs) StdoutLine: {'line': b'-- Installing: /home/harsh/ros2_project/install/px4_msgs/include/px4_msgs/px4_msgs/msg/detail/vehicle_optical_flow_vel__type_support.c\n'}
[2.087369] (px4_msgs) StdoutLine: {'line': b'-- Up-to-date: /home/harsh/ros2_project/install/px4_msgs/include/px4_msgs/px4_msgs/msg/detail/debug_array__rosidl_typesupport_introspection_c.h\n'}
[2.087472] (px4_msgs) StdoutLine: {'line': b'-- Up-to-date: /home/harsh/ros2_project/install/px4_msgs/include/px4_msgs/px4_msgs/msg/detail/estimator_aid_source3d__rosidl_typesupport_introspection_c.h\n'}
[2.087576] (px4_msgs) StdoutLine: {'line': b'-- Installing: /home/harsh/ros2_project/install/px4_msgs/include/px4_msgs/px4_msgs/msg/detail/tune_control__type_support.c\n'}
[2.087689] (px4_msgs) StdoutLine: {'line': b'-- Installing: /home/harsh/ros2_project/install/px4_msgs/include/px4_msgs/px4_msgs/msg/detail/gimbal_manager_set_attitude__type_support.c\n'}
[2.087810] (px4_msgs) StdoutLine: {'line': b'-- Installing: /home/harsh/ros2_project/install/px4_msgs/include/px4_msgs/px4_msgs/msg/detail/mavlink_log__type_support.c\n'}
[2.087954] (px4_msgs) StdoutLine: {'line': b'-- Installing: /home/harsh/ros2_project/install/px4_msgs/include/px4_msgs/px4_msgs/msg/detail/estimator_innovations__type_support.c\n'}
[2.088091] (px4_msgs) StdoutLine: {'line': b'-- Up-to-date: /home/harsh/ros2_project/install/px4_msgs/include/px4_msgs/px4_msgs/msg/detail/event__rosidl_typesupport_introspection_c.h\n'}
[2.088203] (px4_msgs) StdoutLine: {'line': b'-- Installing: /home/harsh/ros2_project/install/px4_msgs/include/px4_msgs/px4_msgs/msg/detail/collision_report__type_support.c\n'}
[2.088314] (px4_msgs) StdoutLine: {'line': b'-- Up-to-date: /home/harsh/ros2_project/install/px4_msgs/include/px4_msgs/px4_msgs/msg/detail/figure_eight_status__rosidl_typesupport_introspection_c.h\n'}
[2.088427] (px4_msgs) StdoutLine: {'line': b'-- Up-to-date: /home/harsh/ros2_project/install/px4_msgs/include/px4_msgs/px4_msgs/msg/detail/position_setpoint_triplet__rosidl_typesupport_introspection_c.h\n'}
[2.088537] (px4_msgs) StdoutLine: {'line': b'-- Up-to-date: /home/harsh/ros2_project/install/px4_msgs/include/px4_msgs/px4_msgs/msg/detail/vehicle_odometry__rosidl_typesupport_introspection_c.h\n'}
[2.088637] (px4_msgs) StdoutLine: {'line': b'-- Up-to-date: /home/harsh/ros2_project/install/px4_msgs/include/px4_msgs/px4_msgs/msg/detail/uavcan_parameter_value__rosidl_typesupport_introspection_c.h\n'}
[2.088740] (px4_msgs) StdoutLine: {'line': b'-- Up-to-date: /home/harsh/ros2_project/install/px4_msgs/include/px4_msgs/px4_msgs/msg/detail/sensor_optical_flow__rosidl_typesupport_introspection_c.h\n'}
[2.088842] (px4_msgs) StdoutLine: {'line': b'-- Up-to-date: /home/harsh/ros2_project/install/px4_msgs/include/px4_msgs/px4_msgs/msg/detail/vehicle_control_mode__rosidl_typesupport_introspection_c.h\n'}
[2.088945] (px4_msgs) StdoutLine: {'line': b'-- Installing: /home/harsh/ros2_project/install/px4_msgs/include/px4_msgs/px4_msgs/msg/detail/landing_target_pose__type_support.c\n'}
[2.089078] (px4_msgs) StdoutLine: {'line': b'-- Up-to-date: /home/harsh/ros2_project/install/px4_msgs/include/px4_msgs/px4_msgs/msg/detail/register_ext_component_request__rosidl_typesupport_introspection_c.h\n'}
[2.089182] (px4_msgs) StdoutLine: {'line': b'-- Installing: /home/harsh/ros2_project/install/px4_msgs/include/px4_msgs/px4_msgs/msg/detail/trajectory_bezier__type_support.c\n'}
[2.089298] (px4_msgs) StdoutLine: {'line': b'-- Installing: /home/harsh/ros2_project/install/px4_msgs/include/px4_msgs/px4_msgs/msg/detail/message_format_request__type_support.c\n'}
[2.089398] (px4_msgs) StdoutLine: {'line': b'-- Up-to-date: /home/harsh/ros2_project/install/px4_msgs/include/px4_msgs/px4_msgs/msg/detail/gps_dump__rosidl_typesupport_introspection_c.h\n'}
[2.089499] (px4_msgs) StdoutLine: {'line': b'-- Installing: /home/harsh/ros2_project/install/px4_msgs/include/px4_msgs/px4_msgs/msg/detail/rate_ctrl_status__type_support.c\n'}
[2.089601] (px4_msgs) StdoutLine: {'line': b'-- Up-to-date: /home/harsh/ros2_project/install/px4_msgs/include/px4_msgs/px4_msgs/msg/detail/launch_detection_status__rosidl_typesupport_introspection_c.h\n'}
[2.089704] (px4_msgs) StdoutLine: {'line': b'-- Up-to-date: /home/harsh/ros2_project/install/px4_msgs/include/px4_msgs/px4_msgs/msg/detail/irlock_report__rosidl_typesupport_introspection_c.h\n'}
[2.089823] (px4_msgs) StdoutLine: {'line': b'-- Up-to-date: /home/harsh/ros2_project/install/px4_msgs/include/px4_msgs/px4_msgs/msg/detail/actuator_motors__rosidl_typesupport_introspection_c.h\n'}
[2.089925] (px4_msgs) StdoutLine: {'line': b'-- Up-to-date: /home/harsh/ros2_project/install/px4_msgs/include/px4_msgs/px4_msgs/msg/detail/position_setpoint__rosidl_typesupport_introspection_c.h\n'}
[2.090045] (px4_msgs) StdoutLine: {'line': b'-- Installing: /home/harsh/ros2_project/install/px4_msgs/include/px4_msgs/px4_msgs/msg/detail/gripper__type_support.c\n'}
[2.090157] (px4_msgs) StdoutLine: {'line': b'-- Up-to-date: /home/harsh/ros2_project/install/px4_msgs/include/px4_msgs/px4_msgs/msg/detail/distance_sensor__rosidl_typesupport_introspection_c.h\n'}
[2.090272] (px4_msgs) StdoutLine: {'line': b'-- Installing: /home/harsh/ros2_project/install/px4_msgs/include/px4_msgs/px4_msgs/msg/detail/log_message__type_support.c\n'}
[2.090367] (px4_msgs) StdoutLine: {'line': b'-- Installing: /home/harsh/ros2_project/install/px4_msgs/include/px4_msgs/px4_msgs/msg/detail/mag_worker_data__type_support.c\n'}
[2.090497] (px4_msgs) StdoutLine: {'line': b'-- Up-to-date: /home/harsh/ros2_project/install/px4_msgs/include/px4_msgs/px4_msgs/msg/detail/estimator_aid_source1d__rosidl_typesupport_introspection_c.h\n'}
[2.090603] (px4_msgs) StdoutLine: {'line': b'-- Installing: /home/harsh/ros2_project/install/px4_msgs/include/px4_msgs/px4_msgs/msg/detail/sensor_preflight_mag__type_support.c\n'}
[2.090717] (px4_msgs) StdoutLine: {'line': b'-- Up-to-date: /home/harsh/ros2_project/install/px4_msgs/include/px4_msgs/px4_msgs/msg/detail/failsafe_flags__rosidl_typesupport_introspection_c.h\n'}
[2.090832] (px4_msgs) StdoutLine: {'line': b'-- Up-to-date: /home/harsh/ros2_project/install/px4_msgs/include/px4_msgs/px4_msgs/msg/detail/ekf2_timestamps__rosidl_typesupport_introspection_c.h\n'}
[2.090944] (px4_msgs) StdoutLine: {'line': b'-- Up-to-date: /home/harsh/ros2_project/install/px4_msgs/include/px4_msgs/px4_msgs/msg/detail/vehicle_optical_flow__rosidl_typesupport_introspection_c.h\n'}
[2.091070] (px4_msgs) StdoutLine: {'line': b'-- Up-to-date: /home/harsh/ros2_project/install/px4_msgs/include/px4_msgs/px4_msgs/msg/detail/rc_parameter_map__rosidl_typesupport_introspection_c.h\n'}
[2.091463] (px4_msgs) StdoutLine: {'line': b'-- Installing: /home/harsh/ros2_project/install/px4_msgs/include/px4_msgs/px4_msgs/msg/detail/sensor_hygrometer__type_support.c\n'}
[2.091714] (px4_msgs) StdoutLine: {'line': b'-- Up-to-date: /home/harsh/ros2_project/install/px4_msgs/include/px4_msgs/px4_msgs/msg/detail/vehicle_rates_setpoint__rosidl_typesupport_introspection_c.h\n'}
[2.091847] (px4_msgs) StdoutLine: {'line': b'-- Installing: /home/harsh/ros2_project/install/px4_msgs/include/px4_msgs/px4_msgs/msg/detail/actuator_servos__type_support.c\n'}
[2.091961] (px4_msgs) StdoutLine: {'line': b'-- Up-to-date: /home/harsh/ros2_project/install/px4_msgs/include/px4_msgs/px4_msgs/msg/detail/heater_status__rosidl_typesupport_introspection_c.h\n'}
[2.092102] (px4_msgs) StdoutLine: {'line': b'-- Up-to-date: /home/harsh/ros2_project/install/px4_msgs/include/px4_msgs/px4_msgs/msg/detail/ulog_stream__rosidl_typesupport_introspection_c.h\n'}
[2.092212] (px4_msgs) StdoutLine: {'line': b'-- Up-to-date: /home/harsh/ros2_project/install/px4_msgs/include/px4_msgs/px4_msgs/msg/detail/vehicle_land_detected__rosidl_typesupport_introspection_c.h\n'}
[2.092316] (px4_msgs) StdoutLine: {'line': b'-- Installing: /home/harsh/ros2_project/install/px4_msgs/include/px4_msgs/px4_msgs/msg/detail/distance_sensor__type_support.c\n'}
[2.092426] (px4_msgs) StdoutLine: {'line': b'-- Installing: /home/harsh/ros2_project/install/px4_msgs/include/px4_msgs/px4_msgs/msg/detail/estimator_states__type_support.c\n'}
[2.092536] (px4_msgs) StdoutLine: {'line': b'-- Installing: /home/harsh/ros2_project/install/px4_msgs/include/px4_msgs/px4_msgs/msg/detail/led_control__type_support.c\n'}
[2.092645] (px4_msgs) StdoutLine: {'line': b'-- Up-to-date: /home/harsh/ros2_project/install/px4_msgs/include/px4_msgs/px4_msgs/msg/detail/estimator_event_flags__rosidl_typesupport_introspection_c.h\n'}
[2.092745] (px4_msgs) StdoutLine: {'line': b'-- Up-to-date: /home/harsh/ros2_project/install/px4_msgs/include/px4_msgs/px4_msgs/msg/detail/transponder_report__rosidl_typesupport_introspection_c.h\n'}
[2.092883] (px4_msgs) StdoutLine: {'line': b'-- Installing: /home/harsh/ros2_project/install/px4_msgs/include/px4_msgs/px4_msgs/msg/detail/heater_status__type_support.c\n'}
[2.092999] (px4_msgs) StdoutLine: {'line': b'-- Up-to-date: /home/harsh/ros2_project/install/px4_msgs/include/px4_msgs/px4_msgs/msg/detail/failure_detector_status__rosidl_typesupport_introspection_c.h\n'}
[2.093120] (px4_msgs) StdoutLine: {'line': b'-- Up-to-date: /home/harsh/ros2_project/install/px4_msgs/include/px4_msgs/px4_msgs/msg/detail/log_message__rosidl_typesupport_introspection_c.h\n'}
[2.093240] (px4_msgs) StdoutLine: {'line': b'-- Installing: /home/harsh/ros2_project/install/px4_msgs/include/px4_msgs/px4_msgs/msg/detail/qshell_retval__type_support.c\n'}
[2.093658] (px4_msgs) StdoutLine: {'line': b'-- Installing: /home/harsh/ros2_project/install/px4_msgs/include/px4_msgs/px4_msgs/msg/detail/gimbal_device_information__type_support.c\n'}
[2.093885] (px4_msgs) StdoutLine: {'line': b'-- Installing: /home/harsh/ros2_project/install/px4_msgs/include/px4_msgs/px4_msgs/msg/detail/unregister_ext_component__type_support.c\n'}
[2.094053] (px4_msgs) StdoutLine: {'line': b'-- Installing: /home/harsh/ros2_project/install/px4_msgs/include/px4_msgs/px4_msgs/msg/detail/control_allocator_status__type_support.c\n'}
[2.094201] (px4_msgs) StdoutLine: {'line': b'-- Installing: /home/harsh/ros2_project/install/px4_msgs/include/px4_msgs/px4_msgs/msg/detail/rtl_time_estimate__type_support.c\n'}
[2.094322] (px4_msgs) StdoutLine: {'line': b'-- Up-to-date: /home/harsh/ros2_project/install/px4_msgs/include/px4_msgs/px4_msgs/msg/detail/vehicle_optical_flow_vel__rosidl_typesupport_introspection_c.h\n'}
[2.094438] (px4_msgs) StdoutLine: {'line': b'-- Installing: /home/harsh/ros2_project/install/px4_msgs/include/px4_msgs/px4_msgs/msg/detail/magnetometer_bias_estimate__type_support.c\n'}
[2.094550] (px4_msgs) StdoutLine: {'line': b'-- Installing: /home/harsh/ros2_project/install/px4_msgs/include/px4_msgs/px4_msgs/msg/detail/mission__type_support.c\n'}
[2.094662] (px4_msgs) StdoutLine: {'line': b'-- Installing: /home/harsh/ros2_project/install/px4_msgs/include/px4_msgs/px4_msgs/msg/detail/trajectory_waypoint__type_support.c\n'}
[2.094780] (px4_msgs) StdoutLine: {'line': b'-- Installing: /home/harsh/ros2_project/install/px4_msgs/include/px4_msgs/px4_msgs/msg/detail/estimator_aid_source2d__type_support.c\n'}
[2.094900] (px4_msgs) StdoutLine: {'line': b'-- Installing: /home/harsh/ros2_project/install/px4_msgs/include/px4_msgs/px4_msgs/msg/detail/button_event__type_support.c\n'}
[2.095110] (px4_msgs) StdoutLine: {'line': b'-- Up-to-date: /home/harsh/ros2_project/install/px4_msgs/include/px4_msgs/px4_msgs/msg/detail/mount_orientation__rosidl_typesupport_introspection_c.h\n'}
[2.095243] (px4_msgs) StdoutLine: {'line': b'-- Installing: /home/harsh/ros2_project/install/px4_msgs/include/px4_msgs/px4_msgs/msg/detail/vehicle_rates_setpoint__type_support.c\n'}
[2.095354] (px4_msgs) StdoutLine: {'line': b'-- Up-to-date: /home/harsh/ros2_project/install/px4_msgs/include/px4_msgs/px4_msgs/msg/detail/gripper__rosidl_typesupport_introspection_c.h\n'}
[2.095464] (px4_msgs) StdoutLine: {'line': b'-- Installing: /home/harsh/ros2_project/install/px4_msgs/include/px4_msgs/px4_msgs/msg/detail/gimbal_device_set_attitude__type_support.c\n'}
[2.095575] (px4_msgs) StdoutLine: {'line': b'-- Installing: /home/harsh/ros2_project/install/px4_msgs/include/px4_msgs/px4_msgs/msg/detail/adc_report__type_support.c\n'}
[2.095692] (px4_msgs) StdoutLine: {'line': b'-- Installing: /home/harsh/ros2_project/install/px4_msgs/include/px4_msgs/px4_msgs/msg/detail/mount_orientation__type_support.c\n'}
[2.095811] (px4_msgs) StdoutLine: {'line': b'-- Up-to-date: /home/harsh/ros2_project/install/px4_msgs/include/px4_msgs/px4_msgs/msg/detail/power_monitor__rosidl_typesupport_introspection_c.h\n'}
[2.095960] (px4_msgs) StdoutLine: {'line': b'-- Up-to-date: /home/harsh/ros2_project/install/px4_msgs/include/px4_msgs/px4_msgs/msg/detail/position_controller_landing_status__rosidl_typesupport_introspection_c.h\n'}
[2.096088] (px4_msgs) StdoutLine: {'line': b'-- Up-to-date: /home/harsh/ros2_project/install/px4_msgs/include/px4_msgs/px4_msgs/msg/detail/normalized_unsigned_setpoint__rosidl_typesupport_introspection_c.h\n'}
[2.096197] (px4_msgs) StdoutLine: {'line': b'-- Up-to-date: /home/harsh/ros2_project/install/px4_msgs/include/px4_msgs/px4_msgs/msg/detail/gimbal_manager_set_manual_control__rosidl_typesupport_introspection_c.h\n'}
[2.096372] (px4_msgs) StdoutLine: {'line': b'-- Up-to-date: /home/harsh/ros2_project/install/px4_msgs/include/px4_msgs/px4_msgs/msg/detail/dataman_request__rosidl_typesupport_introspection_c.h\n'}
[2.096478] (px4_msgs) StdoutLine: {'line': b'-- Up-to-date: /home/harsh/ros2_project/install/px4_msgs/include/px4_msgs/px4_msgs/msg/detail/vehicle_magnetometer__rosidl_typesupport_introspection_c.h\n'}
[2.096581] (px4_msgs) StdoutLine: {'line': b'-- Up-to-date: /home/harsh/ros2_project/install/px4_msgs/include/px4_msgs/px4_msgs/msg/detail/dataman_response__rosidl_typesupport_introspection_c.h\n'}
[2.096689] (px4_msgs) StdoutLine: {'line': b'-- Installing: /home/harsh/ros2_project/install/px4_msgs/include/px4_msgs/px4_msgs/msg/detail/vehicle_control_mode__type_support.c\n'}
[2.096802] (px4_msgs) StdoutLine: {'line': b'-- Up-to-date: /home/harsh/ros2_project/install/px4_msgs/include/px4_msgs/px4_msgs/msg/detail/ulog_stream_ack__rosidl_typesupport_introspection_c.h\n'}
[2.096961] (px4_msgs) StdoutLine: {'line': b'-- Installing: /home/harsh/ros2_project/install/px4_msgs/include/px4_msgs/px4_msgs/msg/detail/sensor_uwb__type_support.c\n'}
[2.097098] (px4_msgs) StdoutLine: {'line': b'-- Installing: /home/harsh/ros2_project/install/px4_msgs/include/px4_msgs/px4_msgs/msg/detail/landing_target_innovations__type_support.c\n'}
[2.097207] (px4_msgs) StdoutLine: {'line': b'-- Installing: /home/harsh/ros2_project/install/px4_msgs/include/px4_msgs/px4_msgs/msg/detail/config_overrides__type_support.c\n'}
[2.097310] (px4_msgs) StdoutLine: {'line': b'-- Up-to-date: /home/harsh/ros2_project/install/px4_msgs/include/px4_msgs/px4_msgs/msg/detail/differential_drive_setpoint__rosidl_typesupport_introspection_c.h\n'}
[2.097410] (px4_msgs) StdoutLine: {'line': b'-- Installing: /home/harsh/ros2_project/install/px4_msgs/include/px4_msgs/px4_msgs/msg/detail/vehicle_thrust_setpoint__type_support.c\n'}
[2.097515] (px4_msgs) StdoutLine: {'line': b'-- Up-to-date: /home/harsh/ros2_project/install/px4_msgs/include/px4_msgs/px4_msgs/msg/detail/buffer128__rosidl_typesupport_introspection_c.h\n'}
[2.097621] (px4_msgs) StdoutLine: {'line': b'-- Installing: /home/harsh/ros2_project/install/px4_msgs/include/px4_msgs/px4_msgs/msg/detail/parameter_reset_request__type_support.c\n'}
[2.097738] (px4_msgs) StdoutLine: {'line': b'-- Up-to-date: /home/harsh/ros2_project/install/px4_msgs/include/px4_msgs/px4_msgs/msg/detail/px4io_status__rosidl_typesupport_introspection_c.h\n'}
[2.097856] (px4_msgs) StdoutLine: {'line': b'-- Installing: /home/harsh/ros2_project/install/px4_msgs/include/px4_msgs/px4_msgs/msg/detail/landing_gear__type_support.c\n'}
[2.098021] (px4_msgs) StdoutLine: {'line': b'-- Installing: /home/harsh/ros2_project/install/px4_msgs/include/px4_msgs/px4_msgs/msg/detail/mavlink_tunnel__type_support.c\n'}
[2.098184] (px4_msgs) StdoutLine: {'line': b'-- Installing: /home/harsh/ros2_project/install/px4_msgs/include/px4_msgs/px4_msgs/msg/detail/orbit_status__type_support.c\n'}
[2.098303] (px4_msgs) StdoutLine: {'line': b'-- Up-to-date: /home/harsh/ros2_project/install/px4_msgs/include/px4_msgs/px4_msgs/msg/detail/vehicle_thrust_setpoint__rosidl_typesupport_introspection_c.h\n'}
[2.098426] (px4_msgs) StdoutLine: {'line': b'-- Installing: /home/harsh/ros2_project/install/px4_msgs/include/px4_msgs/px4_msgs/msg/detail/px4io_status__type_support.c\n'}
[2.098776] (px4_msgs) StdoutLine: {'line': b'-- Up-to-date: /home/harsh/ros2_project/install/px4_msgs/include/px4_msgs/px4_msgs/msg/detail/home_position__rosidl_typesupport_introspection_c.h\n'}
[2.098911] (px4_msgs) StdoutLine: {'line': b'-- Up-to-date: /home/harsh/ros2_project/install/px4_msgs/include/px4_msgs/px4_msgs/msg/detail/mission__rosidl_typesupport_introspection_c.h\n'}
[2.099200] (px4_msgs) StdoutLine: {'line': b'-- Installing: /home/harsh/ros2_project/install/px4_msgs/include/px4_msgs/px4_msgs/msg/detail/timesync_status__type_support.c\n'}
[2.099299] (px4_msgs) StdoutLine: {'line': b'-- Installing: /home/harsh/ros2_project/install/px4_msgs/include/px4_msgs/px4_msgs/msg/detail/logger_status__type_support.c\n'}
[2.099366] (px4_msgs) StdoutLine: {'line': b'-- Installing: /home/harsh/ros2_project/install/px4_msgs/include/px4_msgs/px4_msgs/msg/detail/vehicle_command_ack__type_support.c\n'}
[2.099471] (px4_msgs) StdoutLine: {'line': b'-- Up-to-date: /home/harsh/ros2_project/install/px4_msgs/include/px4_msgs/px4_msgs/msg/detail/gimbal_controls__rosidl_typesupport_introspection_c.h\n'}
[2.099570] (px4_msgs) StdoutLine: {'line': b'-- Installing: /home/harsh/ros2_project/install/px4_msgs/include/px4_msgs/px4_msgs/msg/detail/airspeed__type_support.c\n'}
[2.099669] (px4_msgs) StdoutLine: {'line': b'-- Installing: /home/harsh/ros2_project/install/px4_msgs/include/px4_msgs/px4_msgs/msg/detail/arming_check_reply__type_support.c\n'}
[2.099771] (px4_msgs) StdoutLine: {'line': b'-- Up-to-date: /home/harsh/ros2_project/install/px4_msgs/include/px4_msgs/px4_msgs/msg/detail/sensor_preflight_mag__rosidl_typesupport_introspection_c.h\n'}
[2.099827] (px4_msgs) StdoutLine: {'line': b'-- Installing: /home/harsh/ros2_project/install/px4_msgs/include/px4_msgs/px4_msgs/msg/detail/flight_phase_estimation__type_support.c\n'}
[2.099883] (px4_msgs) StdoutLine: {'line': b'-- Up-to-date: /home/harsh/ros2_project/install/px4_msgs/include/px4_msgs/px4_msgs/msg/detail/gimbal_device_set_attitude__rosidl_typesupport_introspection_c.h\n'}
[2.099944] (px4_msgs) StdoutLine: {'line': b'-- Up-to-date: /home/harsh/ros2_project/install/px4_msgs/include/px4_msgs/px4_msgs/msg/detail/sensor_accel_fifo__rosidl_typesupport_introspection_c.h\n'}
[2.100037] (px4_msgs) StdoutLine: {'line': b'-- Installing: /home/harsh/ros2_project/install/px4_msgs/include/px4_msgs/px4_msgs/msg/detail/gimbal_manager_status__type_support.c\n'}
[2.100124] (px4_msgs) StdoutLine: {'line': b'-- Up-to-date: /home/harsh/ros2_project/install/px4_msgs/include/px4_msgs/px4_msgs/msg/detail/gimbal_manager_information__rosidl_typesupport_introspection_c.h\n'}
[2.100210] (px4_msgs) StdoutLine: {'line': b'-- Installing: /home/harsh/ros2_project/install/px4_msgs/include/px4_msgs/px4_msgs/msg/detail/gimbal_manager_set_manual_control__type_support.c\n'}
[2.100284] (px4_msgs) StdoutLine: {'line': b'-- Up-to-date: /home/harsh/ros2_project/install/px4_msgs/include/px4_msgs/px4_msgs/msg/detail/estimator_bias__rosidl_typesupport_introspection_c.h\n'}
[2.100403] (px4_msgs) StdoutLine: {'line': b'-- Installing: /home/harsh/ros2_project/install/px4_msgs/include/px4_msgs/px4_msgs/msg/detail/arming_check_request__type_support.c\n'}
[2.100471] (px4_msgs) StdoutLine: {'line': b'-- Installing: /home/harsh/ros2_project/install/px4_msgs/include/px4_msgs/px4_msgs/msg/detail/orb_test__type_support.c\n'}
[2.100529] (px4_msgs) StdoutLine: {'line': b'-- Installing: /home/harsh/ros2_project/install/px4_msgs/include/px4_msgs/px4_msgs/msg/detail/vehicle_attitude__type_support.c\n'}
[2.100589] (px4_msgs) StdoutLine: {'line': b'-- Up-to-date: /home/harsh/ros2_project/install/px4_msgs/include/px4_msgs/px4_msgs/msg/detail/collision_constraints__rosidl_typesupport_introspection_c.h\n'}
[2.100651] (px4_msgs) StdoutLine: {'line': b'-- Installing: /home/harsh/ros2_project/install/px4_msgs/include/px4_msgs/px4_msgs/msg/detail/vehicle_command__type_support.c\n'}
[2.100707] (px4_msgs) StdoutLine: {'line': b'-- Up-to-date: /home/harsh/ros2_project/install/px4_msgs/include/px4_msgs/px4_msgs/msg/detail/ping__rosidl_typesupport_introspection_c.h\n'}
[2.100765] (px4_msgs) StdoutLine: {'line': b'-- Up-to-date: /home/harsh/ros2_project/install/px4_msgs/include/px4_msgs/px4_msgs/msg/detail/vehicle_air_data__rosidl_typesupport_introspection_c.h\n'}
[2.100827] (px4_msgs) StdoutLine: {'line': b'-- Installing: /home/harsh/ros2_project/install/px4_msgs/include/px4_msgs/px4_msgs/msg/detail/gps_dump__type_support.c\n'}
[2.100889] (px4_msgs) StdoutLine: {'line': b'-- Up-to-date: /home/harsh/ros2_project/install/px4_msgs/include/px4_msgs/px4_msgs/msg/detail/vehicle_trajectory_bezier__rosidl_typesupport_introspection_c.h\n'}
[2.100950] (px4_msgs) StdoutLine: {'line': b'-- Installing: /home/harsh/ros2_project/install/px4_msgs/include/px4_msgs/px4_msgs/msg/detail/health_report__type_support.c\n'}
[2.101056] (px4_msgs) StdoutLine: {'line': b'-- Installing: /home/harsh/ros2_project/install/px4_msgs/include/px4_msgs/px4_msgs/msg/detail/task_stack_info__type_support.c\n'}
[2.101114] (px4_msgs) StdoutLine: {'line': b'-- Installing: /home/harsh/ros2_project/install/px4_msgs/include/px4_msgs/px4_msgs/msg/detail/differential_pressure__type_support.c\n'}
[2.101171] (px4_msgs) StdoutLine: {'line': b'-- Installing: /home/harsh/ros2_project/install/px4_msgs/include/px4_msgs/px4_msgs/msg/detail/parameter_set_value_request__type_support.c\n'}
[2.101235] (px4_msgs) StdoutLine: {'line': b'-- Installing: /home/harsh/ros2_project/install/px4_msgs/include/px4_msgs/px4_msgs/msg/detail/estimator_gps_status__type_support.c\n'}
[2.101295] (px4_msgs) StdoutLine: {'line': b'-- Installing: /home/harsh/ros2_project/install/px4_msgs/include/px4_msgs/px4_msgs/msg/detail/navigator_mission_item__type_support.c\n'}
[2.101354] (px4_msgs) StdoutLine: {'line': b'-- Installing: /home/harsh/ros2_project/install/px4_msgs/include/px4_msgs/px4_msgs/msg/detail/sensor_gyro__type_support.c\n'}
[2.101414] (px4_msgs) StdoutLine: {'line': b'-- Installing: /home/harsh/ros2_project/install/px4_msgs/include/px4_msgs/px4_msgs/msg/detail/cpuload__type_support.c\n'}
[2.101477] (px4_msgs) StdoutLine: {'line': b'-- Up-to-date: /home/harsh/ros2_project/install/px4_msgs/include/px4_msgs/px4_msgs/msg/detail/sensor_correction__rosidl_typesupport_introspection_c.h\n'}
[2.101543] (px4_msgs) StdoutLine: {'line': b'-- Installing: /home/harsh/ros2_project/install/px4_msgs/include/px4_msgs/px4_msgs/msg/detail/actuator_motors__type_support.c\n'}
[2.101603] (px4_msgs) StdoutLine: {'line': b'-- Installing: /home/harsh/ros2_project/install/px4_msgs/include/px4_msgs/px4_msgs/msg/detail/vehicle_attitude_setpoint__type_support.c\n'}
[2.101663] (px4_msgs) StdoutLine: {'line': b'-- Up-to-date: /home/harsh/ros2_project/install/px4_msgs/include/px4_msgs/px4_msgs/msg/detail/manual_control_switches__rosidl_typesupport_introspection_c.h\n'}
[2.101721] (px4_msgs) StdoutLine: {'line': b'-- Installing: /home/harsh/ros2_project/install/px4_msgs/include/px4_msgs/px4_msgs/msg/detail/sensor_optical_flow__type_support.c\n'}
[2.101779] (px4_msgs) StdoutLine: {'line': b'-- Installing: /home/harsh/ros2_project/install/px4_msgs/include/px4_msgs/px4_msgs/msg/detail/ekf2_timestamps__type_support.c\n'}
[2.101837] (px4_msgs) StdoutLine: {'line': b'-- Installing: /home/harsh/ros2_project/install/px4_msgs/include/px4_msgs/px4_msgs/msg/detail/vehicle_imu_status__type_support.c\n'}
[2.101895] (px4_msgs) StdoutLine: {'line': b'-- Up-to-date: /home/harsh/ros2_project/install/px4_msgs/include/px4_msgs/px4_msgs/msg/detail/landing_gear_wheel__rosidl_typesupport_introspection_c.h\n'}
[2.101953] (px4_msgs) StdoutLine: {'line': b'-- Up-to-date: /home/harsh/ros2_project/install/px4_msgs/include/px4_msgs/px4_msgs/msg/detail/sensors_status__rosidl_typesupport_introspection_c.h\n'}
[2.102020] (px4_msgs) StdoutLine: {'line': b'-- Up-to-date: /home/harsh/ros2_project/install/px4_msgs/include/px4_msgs/px4_msgs/msg/detail/sensor_baro__rosidl_typesupport_introspection_c.h\n'}
[2.102081] (px4_msgs) StdoutLine: {'line': b'-- Up-to-date: /home/harsh/ros2_project/install/px4_msgs/include/px4_msgs/px4_msgs/msg/detail/mag_worker_data__rosidl_typesupport_introspection_c.h\n'}
[2.102140] (px4_msgs) StdoutLine: {'line': b'-- Up-to-date: /home/harsh/ros2_project/install/px4_msgs/include/px4_msgs/px4_msgs/msg/detail/landing_gear__rosidl_typesupport_introspection_c.h\n'}
[2.102204] (px4_msgs) StdoutLine: {'line': b'-- Installing: /home/harsh/ros2_project/install/px4_msgs/include/px4_msgs/px4_msgs/msg/detail/satellite_info__type_support.c\n'}
[2.102262] (px4_msgs) StdoutLine: {'line': b'-- Up-to-date: /home/harsh/ros2_project/install/px4_msgs/include/px4_msgs/px4_msgs/msg/detail/vehicle_local_position__rosidl_typesupport_introspection_c.h\n'}
[2.102323] (px4_msgs) StdoutLine: {'line': b'-- Up-to-date: /home/harsh/ros2_project/install/px4_msgs/include/px4_msgs/px4_msgs/msg/detail/geofence_status__rosidl_typesupport_introspection_c.h\n'}
[2.102383] (px4_msgs) StdoutLine: {'line': b'-- Up-to-date: /home/harsh/ros2_project/install/px4_msgs/include/px4_msgs/px4_msgs/msg/detail/health_report__rosidl_typesupport_introspection_c.h\n'}
[2.102441] (px4_msgs) StdoutLine: {'line': b'-- Up-to-date: /home/harsh/ros2_project/install/px4_msgs/include/px4_msgs/px4_msgs/msg/detail/rc_channels__rosidl_typesupport_introspection_c.h\n'}
[2.102498] (px4_msgs) StdoutLine: {'line': b'-- Installing: /home/harsh/ros2_project/install/px4_msgs/include/px4_msgs/px4_msgs/msg/detail/vehicle_imu__type_support.c\n'}
[2.102555] (px4_msgs) StdoutLine: {'line': b'-- Up-to-date: /home/harsh/ros2_project/install/px4_msgs/include/px4_msgs/px4_msgs/msg/detail/can_interface_status__rosidl_typesupport_introspection_c.h\n'}
[2.102613] (px4_msgs) StdoutLine: {'line': b'-- Installing: /home/harsh/ros2_project/install/px4_msgs/include/px4_msgs/px4_msgs/msg/detail/vehicle_trajectory_bezier__type_support.c\n'}
[2.102673] (px4_msgs) StdoutLine: {'line': b'-- Installing: /home/harsh/ros2_project/install/px4_msgs/include/px4_msgs/px4_msgs/msg/detail/manual_control_switches__type_support.c\n'}
[2.102750] (px4_msgs) StdoutLine: {'line': b'-- Installing: /home/harsh/ros2_project/install/px4_msgs/include/px4_msgs/px4_msgs/msg/detail/position_controller_landing_status__type_support.c\n'}
[2.102829] (px4_msgs) StdoutLine: {'line': b'-- Up-to-date: /home/harsh/ros2_project/install/px4_msgs/include/px4_msgs/px4_msgs/msg/detail/tecs_status__rosidl_typesupport_introspection_c.h\n'}
[2.102906] (px4_msgs) StdoutLine: {'line': b'-- Up-to-date: /home/harsh/ros2_project/install/px4_msgs/include/px4_msgs/px4_msgs/msg/detail/wheel_encoders__rosidl_typesupport_introspection_c.h\n'}
[2.102974] (px4_msgs) StdoutLine: {'line': b'-- Installing: /home/harsh/ros2_project/install/px4_msgs/include/px4_msgs/px4_msgs/msg/detail/wheel_encoders__type_support.c\n'}
[2.103039] (px4_msgs) StdoutLine: {'line': b'-- Installing: /home/harsh/ros2_project/install/px4_msgs/include/px4_msgs/px4_msgs/msg/detail/vehicle_local_position__type_support.c\n'}
[2.103101] (px4_msgs) StdoutLine: {'line': b'-- Installing: /home/harsh/ros2_project/install/px4_msgs/include/px4_msgs/px4_msgs/msg/detail/npfg_status__type_support.c\n'}
[2.103176] (px4_msgs) StdoutLine: {'line': b'-- Up-to-date: /home/harsh/ros2_project/install/px4_msgs/include/px4_msgs/px4_msgs/msg/detail/mavlink_tunnel__rosidl_typesupport_introspection_c.h\n'}
[2.103248] (px4_msgs) StdoutLine: {'line': b'-- Installing: /home/harsh/ros2_project/install/px4_msgs/include/px4_msgs/px4_msgs/msg/detail/vehicle_status__type_support.c\n'}
[2.103303] (px4_msgs) StdoutLine: {'line': b'-- Up-to-date: /home/harsh/ros2_project/install/px4_msgs/include/px4_msgs/px4_msgs/msg/detail/yaw_estimator_status__rosidl_typesupport_introspection_c.h\n'}
[2.103364] (px4_msgs) StdoutLine: {'line': b'-- Up-to-date: /home/harsh/ros2_project/install/px4_msgs/include/px4_msgs/px4_msgs/msg/detail/esc_status__rosidl_typesupport_introspection_c.h\n'}
[2.103437] (px4_msgs) StdoutLine: {'line': b'-- Installing: /home/harsh/ros2_project/install/px4_msgs/include/px4_msgs/px4_msgs/msg/detail/parameter_set_used_request__type_support.c\n'}
[2.103507] (px4_msgs) StdoutLine: {'line': b'-- Installing: /home/harsh/ros2_project/install/px4_msgs/include/px4_msgs/px4_msgs/msg/detail/takeoff_status__type_support.c\n'}
[2.103563] (px4_msgs) StdoutLine: {'line': b'-- Up-to-date: /home/harsh/ros2_project/install/px4_msgs/include/px4_msgs/px4_msgs/msg/detail/vehicle_attitude__rosidl_typesupport_introspection_c.h\n'}
[2.103619] (px4_msgs) StdoutLine: {'line': b'-- Up-to-date: /home/harsh/ros2_project/install/px4_msgs/include/px4_msgs/px4_msgs/msg/detail/parameter_reset_request__rosidl_typesupport_introspection_c.h\n'}
[2.103675] (px4_msgs) StdoutLine: {'line': b'-- Up-to-date: /home/harsh/ros2_project/install/px4_msgs/include/px4_msgs/px4_msgs/msg/detail/sensor_gyro__rosidl_typesupport_introspection_c.h\n'}
[2.103732] (px4_msgs) StdoutLine: {'line': b'-- Installing: /home/harsh/ros2_project/install/px4_msgs/include/px4_msgs/px4_msgs/msg/detail/vehicle_torque_setpoint__type_support.c\n'}
[2.103792] (px4_msgs) StdoutLine: {'line': b'-- Up-to-date: /home/harsh/ros2_project/install/px4_msgs/include/px4_msgs/px4_msgs/msg/detail/vehicle_global_position__rosidl_typesupport_introspection_c.h\n'}
[2.103847] (px4_msgs) StdoutLine: {'line': b'-- Installing: /home/harsh/ros2_project/install/px4_msgs/include/px4_msgs/px4_msgs/msg/detail/register_ext_component_request__type_support.c\n'}
[2.103904] (px4_msgs) StdoutLine: {'line': b'-- Installing: /home/harsh/ros2_project/install/px4_msgs/include/px4_msgs/px4_msgs/msg/detail/rc_parameter_map__type_support.c\n'}
[2.103966] (px4_msgs) StdoutLine: {'line': b'-- Installing: /home/harsh/ros2_project/install/px4_msgs/include/px4_msgs/px4_msgs/msg/detail/orb_test_large__type_support.c\n'}
[2.104040] (px4_msgs) StdoutLine: {'line': b'-- Up-to-date: /home/harsh/ros2_project/install/px4_msgs/include/px4_msgs/px4_msgs/msg/detail/gpio_config__rosidl_typesupport_introspection_c.h\n'}
[2.104096] (px4_msgs) StdoutLine: {'line': b'-- Up-to-date: /home/harsh/ros2_project/install/px4_msgs/include/px4_msgs/px4_msgs/msg/detail/esc_report__rosidl_typesupport_introspection_c.h\n'}
[2.104154] (px4_msgs) StdoutLine: {'line': b'-- Up-to-date: /home/harsh/ros2_project/install/px4_msgs/include/px4_msgs/px4_msgs/msg/detail/airspeed_wind__rosidl_typesupport_introspection_c.h\n'}
[2.104210] (px4_msgs) StdoutLine: {'line': b'-- Up-to-date: /home/harsh/ros2_project/install/px4_msgs/include/px4_msgs/px4_msgs/msg/detail/sensor_selection__rosidl_typesupport_introspection_c.h\n'}
[2.104274] (px4_msgs) StdoutLine: {'line': b'-- Installing: /home/harsh/ros2_project/install/px4_msgs/include/px4_msgs/px4_msgs/msg/detail/position_controller_status__type_support.c\n'}
[2.104335] (px4_msgs) StdoutLine: {'line': b'-- Installing: /home/harsh/ros2_project/install/px4_msgs/include/px4_msgs/px4_msgs/msg/detail/autotune_attitude_control_status__type_support.c\n'}
[2.104395] (px4_msgs) StdoutLine: {'line': b'-- Installing: /home/harsh/ros2_project/install/px4_msgs/include/px4_msgs/px4_msgs/msg/detail/estimator_aid_source3d__type_support.c\n'}
[2.104455] (px4_msgs) StdoutLine: {'line': b'-- Up-to-date: /home/harsh/ros2_project/install/px4_msgs/include/px4_msgs/px4_msgs/msg/detail/unregister_ext_component__rosidl_typesupport_introspection_c.h\n'}
[2.104513] (px4_msgs) StdoutLine: {'line': b'-- Up-to-date: /home/harsh/ros2_project/install/px4_msgs/include/px4_msgs/px4_msgs/msg/detail/collision_report__rosidl_typesupport_introspection_c.h\n'}
[2.104570] (px4_msgs) StdoutLine: {'line': b'-- Up-to-date: /home/harsh/ros2_project/install/px4_msgs/include/px4_msgs/px4_msgs/msg/detail/orb_test__rosidl_typesupport_introspection_c.h\n'}
[2.104626] (px4_msgs) StdoutLine: {'line': b'-- Installing: /home/harsh/ros2_project/install/px4_msgs/include/px4_msgs/px4_msgs/msg/detail/collision_constraints__type_support.c\n'}
[2.104742] (px4_msgs) StdoutLine: {'line': b'-- Up-to-date: /home/harsh/ros2_project/install/px4_msgs/include/px4_msgs/px4_msgs/msg/detail/vehicle_torque_setpoint__rosidl_typesupport_introspection_c.h\n'}
[2.104805] (px4_msgs) StdoutLine: {'line': b'-- Installing: /home/harsh/ros2_project/install/px4_msgs/include/px4_msgs/px4_msgs/msg/detail/gpio_request__type_support.c\n'}
[2.104865] (px4_msgs) StdoutLine: {'line': b'-- Installing: /home/harsh/ros2_project/install/px4_msgs/include/px4_msgs/px4_msgs/msg/detail/onboard_computer_status__type_support.c\n'}
[2.104921] (px4_msgs) StdoutLine: {'line': b'-- Up-to-date: /home/harsh/ros2_project/install/px4_msgs/include/px4_msgs/px4_msgs/msg/detail/gimbal_manager_status__rosidl_typesupport_introspection_c.h\n'}
[2.104976] (px4_msgs) StdoutLine: {'line': b'-- Up-to-date: /home/harsh/ros2_project/install/px4_msgs/include/px4_msgs/px4_msgs/msg/detail/vehicle_angular_velocity__rosidl_typesupport_introspection_c.h\n'}
[2.105046] (px4_msgs) StdoutLine: {'line': b'-- Installing: /home/harsh/ros2_project/install/px4_msgs/include/px4_msgs/px4_msgs/msg/detail/estimator_sensor_bias__type_support.c\n'}
[2.105104] (px4_msgs) StdoutLine: {'line': b'-- Installing: /home/harsh/ros2_project/install/px4_msgs/include/px4_msgs/px4_msgs/msg/detail/debug_vect__type_support.c\n'}
[2.105165] (px4_msgs) StdoutLine: {'line': b'-- Up-to-date: /home/harsh/ros2_project/install/px4_msgs/include/px4_msgs/px4_msgs/msg/detail/npfg_status__rosidl_typesupport_introspection_c.h\n'}
[2.105223] (px4_msgs) StdoutLine: {'line': b'-- Installing: /home/harsh/ros2_project/install/px4_msgs/include/px4_msgs/px4_msgs/msg/detail/action_request__type_support.c\n'}
[2.105282] (px4_msgs) StdoutLine: {'line': b'-- Installing: /home/harsh/ros2_project/install/px4_msgs/include/px4_msgs/px4_msgs/msg/detail/estimator_bias__type_support.c\n'}
[2.105340] (px4_msgs) StdoutLine: {'line': b'-- Installing: /home/harsh/ros2_project/install/px4_msgs/include/px4_msgs/px4_msgs/msg/detail/sensor_gnss_relative__type_support.c\n'}
[2.105396] (px4_msgs) StdoutLine: {'line': b'-- Up-to-date: /home/harsh/ros2_project/install/px4_msgs/include/px4_msgs/px4_msgs/msg/detail/trajectory_setpoint__rosidl_typesupport_introspection_c.h\n'}
[2.105453] (px4_msgs) StdoutLine: {'line': b'-- Up-to-date: /home/harsh/ros2_project/install/px4_msgs/include/px4_msgs/px4_msgs/msg/detail/landing_target_pose__rosidl_typesupport_introspection_c.h\n'}
[2.105510] (px4_msgs) StdoutLine: {'line': b'-- Up-to-date: /home/harsh/ros2_project/install/px4_msgs/include/px4_msgs/px4_msgs/msg/detail/parameter_set_used_request__rosidl_typesupport_introspection_c.h\n'}
[2.105567] (px4_msgs) StdoutLine: {'line': b'-- Up-to-date: /home/harsh/ros2_project/install/px4_msgs/include/px4_msgs/px4_msgs/msg/detail/sensor_hygrometer__rosidl_typesupport_introspection_c.h\n'}
[2.105626] (-) TimerEvent: {}
[2.105769] (px4_msgs) StdoutLine: {'line': b'-- Installing: /home/harsh/ros2_project/install/px4_msgs/include/px4_msgs/px4_msgs/msg/detail/parameter_set_value_response__type_support.c\n'}
[2.105836] (px4_msgs) StdoutLine: {'line': b'-- Up-to-date: /home/harsh/ros2_project/install/px4_msgs/include/px4_msgs/px4_msgs/msg/detail/estimator_gps_status__rosidl_typesupport_introspection_c.h\n'}
[2.105894] (px4_msgs) StdoutLine: {'line': b'-- Up-to-date: /home/harsh/ros2_project/install/px4_msgs/include/px4_msgs/px4_msgs/msg/detail/trajectory_bezier__rosidl_typesupport_introspection_c.h\n'}
[2.105952] (px4_msgs) StdoutLine: {'line': b'-- Installing: /home/harsh/ros2_project/install/px4_msgs/include/px4_msgs/px4_msgs/msg/detail/sensor_baro__type_support.c\n'}
[2.106028] (px4_msgs) StdoutLine: {'line': b'-- Installing: /home/harsh/ros2_project/install/px4_msgs/include/px4_msgs/px4_msgs/msg/detail/internal_combustion_engine_status__type_support.c\n'}
[2.106113] (px4_msgs) StdoutLine: {'line': b'-- Up-to-date: /home/harsh/ros2_project/install/px4_msgs/include/px4_msgs/px4_msgs/msg/detail/button_event__rosidl_typesupport_introspection_c.h\n'}
[2.106168] (px4_msgs) StdoutLine: {'line': b'-- Up-to-date: /home/harsh/ros2_project/install/px4_msgs/include/px4_msgs/px4_msgs/msg/detail/message_format_request__rosidl_typesupport_introspection_c.h\n'}
[2.106221] (px4_msgs) StdoutLine: {'line': b'-- Installing: /home/harsh/ros2_project/install/px4_msgs/include/px4_msgs/px4_msgs/msg/detail/rc_channels__type_support.c\n'}
[2.106275] (px4_msgs) StdoutLine: {'line': b'-- Up-to-date: /home/harsh/ros2_project/install/px4_msgs/include/px4_msgs/px4_msgs/msg/detail/airspeed_validated__rosidl_typesupport_introspection_c.h\n'}
[2.106328] (px4_msgs) StdoutLine: {'line': b'-- Up-to-date: /home/harsh/ros2_project/install/px4_msgs/include/px4_msgs/px4_msgs/msg/detail/offboard_control_mode__rosidl_typesupport_introspection_c.h\n'}
[2.106381] (px4_msgs) StdoutLine: {'line': b'-- Up-to-date: /home/harsh/ros2_project/install/px4_msgs/include/px4_msgs/px4_msgs/msg/detail/estimator_innovations__rosidl_typesupport_introspection_c.h\n'}
[2.106434] (px4_msgs) StdoutLine: {'line': b'-- Up-to-date: /home/harsh/ros2_project/install/px4_msgs/include/px4_msgs/px4_msgs/msg/detail/qshell_retval__rosidl_typesupport_introspection_c.h\n'}
[2.106487] (px4_msgs) StdoutLine: {'line': b'-- Up-to-date: /home/harsh/ros2_project/install/px4_msgs/include/px4_msgs/px4_msgs/msg/detail/estimator_status__rosidl_typesupport_introspection_c.h\n'}
[2.106542] (px4_msgs) StdoutLine: {'line': b'-- Up-to-date: /home/harsh/ros2_project/install/px4_msgs/include/px4_msgs/px4_msgs/msg/detail/actuator_outputs__rosidl_typesupport_introspection_c.h\n'}
[2.106596] (px4_msgs) StdoutLine: {'line': b'-- Up-to-date: /home/harsh/ros2_project/install/px4_msgs/include/px4_msgs/px4_msgs/msg/detail/airspeed__rosidl_typesupport_introspection_c.h\n'}
[2.106649] (px4_msgs) StdoutLine: {'line': b'-- Installing: /home/harsh/ros2_project/install/px4_msgs/include/px4_msgs/px4_msgs/msg/detail/differential_drive_setpoint__type_support.c\n'}
[2.106706] (px4_msgs) StdoutLine: {'line': b'-- Installing: /home/harsh/ros2_project/install/px4_msgs/include/px4_msgs/px4_msgs/msg/detail/transponder_report__type_support.c\n'}
[2.106764] (px4_msgs) StdoutLine: {'line': b'-- Up-to-date: /home/harsh/ros2_project/install/px4_msgs/include/px4_msgs/px4_msgs/msg/detail/camera_trigger__rosidl_typesupport_introspection_c.h\n'}
[2.106819] (px4_msgs) StdoutLine: {'line': b'-- Up-to-date: /home/harsh/ros2_project/install/px4_msgs/include/px4_msgs/px4_msgs/msg/detail/timesync_status__rosidl_typesupport_introspection_c.h\n'}
[2.106875] (px4_msgs) StdoutLine: {'line': b'-- Up-to-date: /home/harsh/ros2_project/install/px4_msgs/include/px4_msgs/px4_msgs/msg/detail/power_button_state__rosidl_typesupport_introspection_c.h\n'}
[2.106929] (px4_msgs) StdoutLine: {'line': b'-- Up-to-date: /home/harsh/ros2_project/install/px4_msgs/include/px4_msgs/px4_msgs/msg/detail/vehicle_roi__rosidl_typesupport_introspection_c.h\n'}
[2.106991] (px4_msgs) StdoutLine: {'line': b'-- Up-to-date: /home/harsh/ros2_project/install/px4_msgs/include/px4_msgs/px4_msgs/msg/detail/differential_pressure__rosidl_typesupport_introspection_c.h\n'}
[2.107052] (px4_msgs) StdoutLine: {'line': b'-- Installing: /home/harsh/ros2_project/install/px4_msgs/include/px4_msgs/px4_msgs/msg/detail/landing_gear_wheel__type_support.c\n'}
[2.107109] (px4_msgs) StdoutLine: {'line': b'-- Installing: /home/harsh/ros2_project/install/px4_msgs/include/px4_msgs/px4_msgs/msg/detail/sensors_status__type_support.c\n'}
[2.107166] (px4_msgs) StdoutLine: {'line': b'-- Up-to-date: /home/harsh/ros2_project/install/px4_msgs/include/px4_msgs/px4_msgs/msg/detail/message_format_response__rosidl_typesupport_introspection_c.h\n'}
[2.107225] (px4_msgs) StdoutLine: {'line': b'-- Installing: /home/harsh/ros2_project/install/px4_msgs/include/px4_msgs/px4_msgs/msg/detail/telemetry_status__type_support.c\n'}
[2.107282] (px4_msgs) StdoutLine: {'line': b'-- Up-to-date: /home/harsh/ros2_project/install/px4_msgs/include/px4_msgs/px4_msgs/msg/detail/input_rc__rosidl_typesupport_introspection_c.h\n'}
[2.107362] (px4_msgs) StdoutLine: {'line': b'-- Installing: /home/harsh/ros2_project/install/px4_msgs/include/px4_msgs/px4_msgs/msg/detail/mission_result__type_support.c\n'}
[2.107416] (px4_msgs) StdoutLine: {'line': b'-- Installing: /home/harsh/ros2_project/install/px4_msgs/include/px4_msgs/px4_msgs/msg/detail/airspeed_wind__type_support.c\n'}
[2.107468] (px4_msgs) StdoutLine: {'line': b'-- Up-to-date: /home/harsh/ros2_project/install/px4_msgs/include/px4_msgs/px4_msgs/msg/detail/orb_test_large__rosidl_typesupport_introspection_c.h\n'}
[2.107521] (px4_msgs) StdoutLine: {'line': b'-- Up-to-date: /home/harsh/ros2_project/install/px4_msgs/include/px4_msgs/px4_msgs/msg/detail/vehicle_angular_acceleration_setpoint__rosidl_typesupport_introspection_c.h\n'}
[2.107575] (px4_msgs) StdoutLine: {'line': b'-- Installing: /home/harsh/ros2_project/install/px4_msgs/include/px4_msgs/px4_msgs/msg/detail/gimbal_device_attitude_status__type_support.c\n'}
[2.107633] (px4_msgs) StdoutLine: {'line': b'-- Installing: /home/harsh/ros2_project/install/px4_msgs/include/px4_msgs/px4_msgs/msg/detail/camera_capture__type_support.c\n'}
[2.107690] (px4_msgs) StdoutLine: {'line': b'-- Installing: /home/harsh/ros2_project/install/px4_msgs/include/px4_msgs/px4_msgs/msg/detail/estimator_selector_status__type_support.c\n'}
[2.107769] (px4_msgs) StdoutLine: {'line': b'-- Installing: /home/harsh/ros2_project/install/px4_msgs/include/px4_msgs/px4_msgs/msg/detail/vehicle_roi__type_support.c\n'}
[2.107823] (px4_msgs) StdoutLine: {'line': b'-- Up-to-date: /home/harsh/ros2_project/install/px4_msgs/include/px4_msgs/px4_msgs/msg/detail/control_allocator_status__rosidl_typesupport_introspection_c.h\n'}
[2.107877] (px4_msgs) StdoutLine: {'line': b'-- Up-to-date: /home/harsh/ros2_project/install/px4_msgs/include/px4_msgs/px4_msgs/msg/detail/sensor_gyro_fifo__rosidl_typesupport_introspection_c.h\n'}
[2.107933] (px4_msgs) StdoutLine: {'line': b'-- Installing: /home/harsh/ros2_project/install/px4_msgs/include/px4_msgs/px4_msgs/msg/detail/follow_target__type_support.c\n'}
[2.107998] (px4_msgs) StdoutLine: {'line': b'-- Installing: /home/harsh/ros2_project/install/px4_msgs/include/px4_msgs/px4_msgs/msg/detail/vehicle_trajectory_waypoint__type_support.c\n'}
[2.108057] (px4_msgs) StdoutLine: {'line': b'-- Installing: /home/harsh/ros2_project/install/px4_msgs/include/px4_msgs/px4_msgs/msg/detail/yaw_estimator_status__type_support.c\n'}
[2.108114] (px4_msgs) StdoutLine: {'line': b'-- Installing: /home/harsh/ros2_project/install/px4_msgs/include/px4_msgs/px4_msgs/msg/detail/camera_trigger__type_support.c\n'}
[2.108172] (px4_msgs) StdoutLine: {'line': b'-- Installing: /home/harsh/ros2_project/install/px4_msgs/include/px4_msgs/px4_msgs/msg/detail/ulog_stream__type_support.c\n'}
[2.108229] (px4_msgs) StdoutLine: {'line': b'-- Up-to-date: /home/harsh/ros2_project/install/px4_msgs/include/px4_msgs/px4_msgs/msg/detail/adc_report__rosidl_typesupport_introspection_c.h\n'}
[2.108286] (px4_msgs) StdoutLine: {'line': b'-- Installing: /home/harsh/ros2_project/install/px4_msgs/include/px4_msgs/px4_msgs/msg/detail/pps_capture__type_support.c\n'}
[2.108344] (px4_msgs) StdoutLine: {'line': b'-- Installing: /home/harsh/ros2_project/install/px4_msgs/include/px4_msgs/px4_msgs/msg/detail/follow_target_estimator__type_support.c\n'}
[2.108400] (px4_msgs) StdoutLine: {'line': b'-- Installing: /home/harsh/ros2_project/install/px4_msgs/include/px4_msgs/px4_msgs/msg/detail/sensor_selection__type_support.c\n'}
[2.108458] (px4_msgs) StdoutLine: {'line': b'-- Up-to-date: /home/harsh/ros2_project/install/px4_msgs/include/px4_msgs/px4_msgs/msg/detail/battery_status__rosidl_typesupport_introspection_c.h\n'}
[2.108512] (px4_msgs) StdoutLine: {'line': b'-- Up-to-date: /home/harsh/ros2_project/install/px4_msgs/include/px4_msgs/px4_msgs/msg/detail/register_ext_component_reply__rosidl_typesupport_introspection_c.h\n'}
[2.108564] (px4_msgs) StdoutLine: {'line': b'-- Installing: /home/harsh/ros2_project/install/px4_msgs/include/px4_msgs/px4_msgs/msg/detail/sensor_gyro_fft__type_support.c\n'}
[2.108669] (px4_msgs) StdoutLine: {'line': b'-- Installing: /home/harsh/ros2_project/install/px4_msgs/include/px4_msgs/px4_msgs/msg/detail/vehicle_global_position__type_support.c\n'}
[2.108727] (px4_msgs) StdoutLine: {'line': b'-- Up-to-date: /home/harsh/ros2_project/install/px4_msgs/include/px4_msgs/px4_msgs/msg/detail/gpio_out__rosidl_typesupport_introspection_c.h\n'}
[2.108784] (px4_msgs) StdoutLine: {'line': b'-- Up-to-date: /home/harsh/ros2_project/install/px4_msgs/include/px4_msgs/px4_msgs/msg/detail/navigator_mission_item__rosidl_typesupport_introspection_c.h\n'}
[2.108840] (px4_msgs) StdoutLine: {'line': b'-- Installing: /home/harsh/ros2_project/install/px4_msgs/include/px4_msgs/px4_msgs/msg/detail/power_button_state__type_support.c\n'}
[2.108895] (px4_msgs) StdoutLine: {'line': b'-- Up-to-date: /home/harsh/ros2_project/install/px4_msgs/include/px4_msgs/px4_msgs/msg/detail/task_stack_info__rosidl_typesupport_introspection_c.h\n'}
[2.108951] (px4_msgs) StdoutLine: {'line': b'-- Installing: /home/harsh/ros2_project/install/px4_msgs/include/px4_msgs/px4_msgs/msg/detail/parameter_update__type_support.c\n'}
[2.109060] (px4_msgs) StdoutLine: {'line': b'-- Up-to-date: /home/harsh/ros2_project/install/px4_msgs/include/px4_msgs/px4_msgs/msg/detail/orb_test_medium__rosidl_typesupport_introspection_c.h\n'}
[2.109120] (px4_msgs) StdoutLine: {'line': b'-- Up-to-date: /home/harsh/ros2_project/install/px4_msgs/include/px4_msgs/px4_msgs/msg/detail/landing_target_innovations__rosidl_typesupport_introspection_c.h\n'}
[2.109172] (px4_msgs) StdoutLine: {'line': b'-- Installing: /home/harsh/ros2_project/install/px4_msgs/include/px4_msgs/px4_msgs/msg/detail/estimator_event_flags__type_support.c\n'}
[2.109230] (px4_msgs) StdoutLine: {'line': b'-- Installing: /home/harsh/ros2_project/install/px4_msgs/include/px4_msgs/px4_msgs/msg/detail/estimator_aid_source1d__type_support.c\n'}
[2.109288] (px4_msgs) StdoutLine: {'line': b'-- Installing: /home/harsh/ros2_project/install/px4_msgs/include/px4_msgs/px4_msgs/msg/detail/offboard_control_mode__type_support.c\n'}
[2.109344] (px4_msgs) StdoutLine: {'line': b'-- Installing: /home/harsh/ros2_project/install/px4_msgs/include/px4_msgs/px4_msgs/msg/detail/gpio_in__type_support.c\n'}
[2.109401] (px4_msgs) StdoutLine: {'line': b'-- Installing: /home/harsh/ros2_project/install/px4_msgs/include/px4_msgs/px4_msgs/msg/detail/event__type_support.c\n'}
[2.109457] (px4_msgs) StdoutLine: {'line': b'-- Installing: /home/harsh/ros2_project/install/px4_msgs/include/px4_msgs/px4_msgs/msg/detail/vehicle_land_detected__type_support.c\n'}
[2.109514] (px4_msgs) StdoutLine: {'line': b'-- Up-to-date: /home/harsh/ros2_project/install/px4_msgs/include/px4_msgs/px4_msgs/msg/detail/arming_check_request__rosidl_typesupport_introspection_c.h\n'}
[2.109577] (px4_msgs) StdoutLine: {'line': b'-- Up-to-date: /home/harsh/ros2_project/install/px4_msgs/include/px4_msgs/px4_msgs/msg/detail/onboard_computer_status__rosidl_typesupport_introspection_c.h\n'}
[2.109635] (px4_msgs) StdoutLine: {'line': b'-- Up-to-date: /home/harsh/ros2_project/install/px4_msgs/include/px4_msgs/px4_msgs/msg/detail/velocity_limits__rosidl_typesupport_introspection_c.h\n'}
[2.109692] (px4_msgs) StdoutLine: {'line': b'-- Up-to-date: /home/harsh/ros2_project/install/px4_msgs/include/px4_msgs/px4_msgs/msg/detail/actuator_servos_trim__rosidl_typesupport_introspection_c.h\n'}
[2.109748] (px4_msgs) StdoutLine: {'line': b'-- Up-to-date: /home/harsh/ros2_project/install/px4_msgs/include/px4_msgs/px4_msgs/msg/detail/arming_check_reply__rosidl_typesupport_introspection_c.h\n'}
[2.109807] (px4_msgs) StdoutLine: {'line': b'-- Installing: /home/harsh/ros2_project/install/px4_msgs/include/px4_msgs/px4_msgs/msg/detail/sensor_combined__type_support.c\n'}
[2.109865] (px4_msgs) StdoutLine: {'line': b'-- Installing: /home/harsh/ros2_project/install/px4_msgs/include/px4_msgs/px4_msgs/msg/detail/failsafe_flags__type_support.c\n'}
[2.109922] (px4_msgs) StdoutLine: {'line': b'-- Installing: /home/harsh/ros2_project/install/px4_msgs/include/px4_msgs/px4_msgs/msg/detail/camera_status__type_support.c\n'}
[2.109985] (px4_msgs) StdoutLine: {'line': b'-- Installing: /home/harsh/ros2_project/install/px4_msgs/include/px4_msgs/px4_msgs/msg/detail/actuator_controls_status__type_support.c\n'}
[2.110049] (px4_msgs) StdoutLine: {'line': b'-- Installing: /home/harsh/ros2_project/install/px4_msgs/include/px4_msgs/px4_msgs/msg/detail/vehicle_local_position_setpoint__type_support.c\n'}
[2.110108] (px4_msgs) StdoutLine: {'line': b'-- Installing: /home/harsh/ros2_project/install/px4_msgs/include/px4_msgs/px4_msgs/msg/detail/tecs_status__type_support.c\n'}
[2.110164] (px4_msgs) StdoutLine: {'line': b'-- Up-to-date: /home/harsh/ros2_project/install/px4_msgs/include/px4_msgs/px4_msgs/msg/detail/vehicle_status__rosidl_typesupport_introspection_c.h\n'}
[2.110222] (px4_msgs) StdoutLine: {'line': b'-- Up-to-date: /home/harsh/ros2_project/install/px4_msgs/include/px4_msgs/px4_msgs/msg/detail/sensor_airflow__rosidl_typesupport_introspection_c.h\n'}
[2.110278] (px4_msgs) StdoutLine: {'line': b'-- Up-to-date: /home/harsh/ros2_project/install/px4_msgs/include/px4_msgs/px4_msgs/msg/detail/sensor_gyro_fft__rosidl_typesupport_introspection_c.h\n'}
[2.110334] (px4_msgs) StdoutLine: {'line': b'-- Installing: /home/harsh/ros2_project/install/px4_msgs/include/px4_msgs/px4_msgs/msg/detail/velocity_limits__type_support.c\n'}
[2.110427] (px4_msgs) StdoutLine: {'line': b'-- Up-to-date: /home/harsh/ros2_project/install/px4_msgs/include/px4_msgs/px4_msgs/msg/detail/estimator_status_flags__rosidl_typesupport_introspection_c.h\n'}
[2.110485] (px4_msgs) StdoutLine: {'line': b'-- Installing: /home/harsh/ros2_project/install/px4_msgs/include/px4_msgs/px4_msgs/msg/detail/vehicle_angular_velocity__type_support.c\n'}
[2.110541] (px4_msgs) StdoutLine: {'line': b'-- Installing: /home/harsh/ros2_project/install/px4_msgs/include/px4_msgs/px4_msgs/msg/detail/debug_key_value__type_support.c\n'}
[2.110596] (px4_msgs) StdoutLine: {'line': b'-- Up-to-date: /home/harsh/ros2_project/install/px4_msgs/include/px4_msgs/px4_msgs/msg/detail/rtl_time_estimate__rosidl_typesupport_introspection_c.h\n'}
[2.110651] (px4_msgs) StdoutLine: {'line': b'-- Up-to-date: /home/harsh/ros2_project/install/px4_msgs/include/px4_msgs/px4_msgs/msg/detail/config_overrides__rosidl_typesupport_introspection_c.h\n'}
[2.110710] (px4_msgs) StdoutLine: {'line': b'-- Installing: /home/harsh/ros2_project/install/px4_msgs/include/px4_msgs/px4_msgs/msg/detail/gpio_config__type_support.c\n'}
[2.110765] (px4_msgs) StdoutLine: {'line': b'-- Up-to-date: /home/harsh/ros2_project/install/px4_msgs/include/px4_msgs/px4_msgs/msg/detail/gimbal_device_attitude_status__rosidl_typesupport_introspection_c.h\n'}
[2.110822] (px4_msgs) StdoutLine: {'line': b'-- Up-to-date: /home/harsh/ros2_project/install/px4_msgs/include/px4_msgs/px4_msgs/msg/detail/satellite_info__rosidl_typesupport_introspection_c.h\n'}
[2.110878] (px4_msgs) StdoutLine: {'line': b'-- Up-to-date: /home/harsh/ros2_project/install/px4_msgs/include/px4_msgs/px4_msgs/msg/detail/mode_completed__rosidl_typesupport_introspection_c.h\n'}
[2.110933] (px4_msgs) StdoutLine: {'line': b'-- Installing: /home/harsh/ros2_project/install/px4_msgs/include/px4_msgs/px4_msgs/msg/detail/debug_array__type_support.c\n'}
[2.110995] (px4_msgs) StdoutLine: {'line': b'-- Up-to-date: /home/harsh/ros2_project/install/px4_msgs/include/px4_msgs/px4_msgs/msg/detail/actuator_armed__rosidl_typesupport_introspection_c.h\n'}
[2.111056] (px4_msgs) StdoutLine: {'line': b'-- Up-to-date: /home/harsh/ros2_project/install/px4_msgs/include/px4_msgs/px4_msgs/msg/detail/gimbal_manager_set_attitude__rosidl_typesupport_introspection_c.h\n'}
[2.111111] (px4_msgs) StdoutLine: {'line': b'-- Installing: /home/harsh/ros2_project/install/px4_msgs/include/px4_msgs/px4_msgs/msg/detail/input_rc__type_support.c\n'}
[2.111169] (px4_msgs) StdoutLine: {'line': b'-- Up-to-date: /home/harsh/ros2_project/install/px4_msgs/include/px4_msgs/px4_msgs/msg/detail/parameter_update__rosidl_typesupport_introspection_c.h\n'}
[2.111226] (px4_msgs) StdoutLine: {'line': b'-- Installing: /home/harsh/ros2_project/install/px4_msgs/include/px4_msgs/px4_msgs/msg/detail/radio_status__type_support.c\n'}
[2.111318] (px4_msgs) StdoutLine: {'line': b'-- Installing: /home/harsh/ros2_project/install/px4_msgs/include/px4_msgs/px4_msgs/msg/detail/figure_eight_status__type_support.c\n'}
[2.111379] (px4_msgs) StdoutLine: {'line': b'-- Up-to-date: /home/harsh/ros2_project/install/px4_msgs/include/px4_msgs/px4_msgs/msg/detail/camera_capture__rosidl_typesupport_introspection_c.h\n'}
[2.111437] (px4_msgs) StdoutLine: {'line': b'-- Installing: /home/harsh/ros2_project/install/px4_msgs/include/px4_msgs/px4_msgs/msg/detail/follow_target_status__type_support.c\n'}
[2.111495] (px4_msgs) StdoutLine: {'line': b'-- Installing: /home/harsh/ros2_project/install/px4_msgs/include/px4_msgs/px4_msgs/msg/detail/vehicle_air_data__type_support.c\n'}
[2.111553] (px4_msgs) StdoutLine: {'line': b'-- Installing: /home/harsh/ros2_project/install/px4_msgs/include/px4_msgs/px4_msgs/msg/detail/hover_thrust_estimate__type_support.c\n'}
[2.111611] (px4_msgs) StdoutLine: {'line': b'-- Up-to-date: /home/harsh/ros2_project/install/px4_msgs/include/px4_msgs/px4_msgs/msg/detail/sensor_gps__rosidl_typesupport_introspection_c.h\n'}
[2.111669] (px4_msgs) StdoutLine: {'line': b'-- Installing: /home/harsh/ros2_project/install/px4_msgs/include/px4_msgs/px4_msgs/msg/detail/esc_report__type_support.c\n'}
[2.111743] (px4_msgs) StdoutLine: {'line': b'-- Up-to-date: /home/harsh/ros2_project/install/px4_msgs/include/px4_msgs/px4_msgs/msg/detail/pps_capture__rosidl_typesupport_introspection_c.h\n'}
[2.111801] (px4_msgs) StdoutLine: {'line': b'-- Installing: /home/harsh/ros2_project/install/px4_msgs/include/px4_msgs/px4_msgs/msg/detail/failure_detector_status__type_support.c\n'}
[2.111857] (px4_msgs) StdoutLine: {'line': b'-- Installing: /home/harsh/ros2_project/install/px4_msgs/include/px4_msgs/px4_msgs/msg/detail/actuator_outputs__type_support.c\n'}
[2.111914] (px4_msgs) StdoutLine: {'line': b'-- Installing: /home/harsh/ros2_project/install/px4_msgs/include/px4_msgs/px4_msgs/msg/detail/actuator_test__type_support.c\n'}
[2.111971] (px4_msgs) StdoutLine: {'line': b'-- Up-to-date: /home/harsh/ros2_project/install/px4_msgs/include/px4_msgs/px4_msgs/msg/detail/radio_status__rosidl_typesupport_introspection_c.h\n'}
[2.112036] (px4_msgs) StdoutLine: {'line': b'-- Up-to-date: /home/harsh/ros2_project/install/px4_msgs/include/px4_msgs/px4_msgs/msg/detail/debug_key_value__rosidl_typesupport_introspection_c.h\n'}
[2.112094] (px4_msgs) StdoutLine: {'line': b'-- Installing: /home/harsh/ros2_project/install/px4_msgs/include/px4_msgs/px4_msgs/msg/detail/iridiumsbd_status__type_support.c\n'}
[2.112151] (px4_msgs) StdoutLine: {'line': b'-- Up-to-date: /home/harsh/ros2_project/install/px4_msgs/include/px4_msgs/px4_msgs/msg/detail/vehicle_constraints__rosidl_typesupport_introspection_c.h\n'}
[2.112208] (px4_msgs) StdoutLine: {'line': b'-- Up-to-date: /home/harsh/ros2_project/install/px4_msgs/include/px4_msgs/px4_msgs/msg/detail/vehicle_command_ack__rosidl_typesupport_introspection_c.h\n'}
[2.112265] (px4_msgs) StdoutLine: {'line': b'-- Up-to-date: /home/harsh/ros2_project/install/px4_msgs/include/px4_msgs/px4_msgs/msg/detail/vehicle_attitude_setpoint__rosidl_typesupport_introspection_c.h\n'}
[2.112322] (px4_msgs) StdoutLine: {'line': b'-- Up-to-date: /home/harsh/ros2_project/install/px4_msgs/include/px4_msgs/px4_msgs/msg/detail/vehicle_local_position_setpoint__rosidl_typesupport_introspection_c.h\n'}
[2.112383] (px4_msgs) StdoutLine: {'line': b'-- Installing: /home/harsh/ros2_project/install/px4_msgs/include/px4_msgs/px4_msgs/msg/detail/normalized_unsigned_setpoint__type_support.c\n'}
[2.112442] (px4_msgs) StdoutLine: {'line': b'-- Up-to-date: /home/harsh/ros2_project/install/px4_msgs/include/px4_msgs/px4_msgs/msg/detail/internal_combustion_engine_status__rosidl_typesupport_introspection_c.h\n'}
[2.112502] (px4_msgs) StdoutLine: {'line': b'-- Up-to-date: /home/harsh/ros2_project/install/px4_msgs/include/px4_msgs/px4_msgs/msg/detail/vehicle_acceleration__rosidl_typesupport_introspection_c.h\n'}
[2.112560] (px4_msgs) StdoutLine: {'line': b'-- Installing: /home/harsh/ros2_project/install/px4_msgs/include/px4_msgs/px4_msgs/msg/detail/vehicle_angular_acceleration_setpoint__type_support.c\n'}
[2.112616] (px4_msgs) StdoutLine: {'line': b'-- Installing: /home/harsh/ros2_project/install/px4_msgs/include/px4_msgs/px4_msgs/msg/detail/qshell_req__type_support.c\n'}
[2.112672] (px4_msgs) StdoutLine: {'line': b'-- Installing: /home/harsh/ros2_project/install/px4_msgs/include/px4_msgs/px4_msgs/msg/detail/esc_status__type_support.c\n'}
[2.112728] (px4_msgs) StdoutLine: {'line': b'-- Up-to-date: /home/harsh/ros2_project/install/px4_msgs/include/px4_msgs/px4_msgs/msg/detail/vehicle_command__rosidl_typesupport_introspection_c.h\n'}
[2.112783] (px4_msgs) StdoutLine: {'line': b'-- Up-to-date: /home/harsh/ros2_project/install/px4_msgs/include/px4_msgs/px4_msgs/msg/detail/vehicle_imu__rosidl_typesupport_introspection_c.h\n'}
[2.112841] (px4_msgs) StdoutLine: {'line': b'-- Installing: /home/harsh/ros2_project/install/px4_msgs/include/px4_msgs/px4_msgs/msg/detail/actuator_armed__type_support.c\n'}
[2.112899] (px4_msgs) StdoutLine: {'line': b'-- Up-to-date: /home/harsh/ros2_project/install/px4_msgs/include/px4_msgs/px4_msgs/msg/detail/sensor_combined__rosidl_typesupport_introspection_c.h\n'}
[2.112955] (px4_msgs) StdoutLine: {'line': b'-- Installing: /home/harsh/ros2_project/install/px4_msgs/include/px4_msgs/px4_msgs/msg/detail/dataman_request__type_support.c\n'}
[2.113058] (px4_msgs) StdoutLine: {'line': b'-- Installing: /home/harsh/ros2_project/install/px4_msgs/include/px4_msgs/px4_msgs/msg/detail/obstacle_distance__type_support.c\n'}
[2.113117] (px4_msgs) StdoutLine: {'line': b'-- Up-to-date: /home/harsh/ros2_project/install/px4_msgs/include/px4_msgs/px4_msgs/msg/detail/rate_ctrl_status__rosidl_typesupport_introspection_c.h\n'}
[2.113174] (px4_msgs) StdoutLine: {'line': b'-- Up-to-date: /home/harsh/ros2_project/install/px4_msgs/include/px4_msgs/px4_msgs/msg/detail/tiltrotor_extra_controls__rosidl_typesupport_introspection_c.h\n'}
[2.113230] (px4_msgs) StdoutLine: {'line': b'-- Installing: /home/harsh/ros2_project/install/px4_msgs/include/px4_msgs/px4_msgs/msg/detail/ping__type_support.c\n'}
[2.113288] (px4_msgs) StdoutLine: {'line': b'-- Installing: /home/harsh/ros2_project/install/px4_msgs/include/px4_msgs/px4_msgs/msg/detail/estimator_status_flags__type_support.c\n'}
[2.113347] (px4_msgs) StdoutLine: {'line': b'-- Installing: /home/harsh/ros2_project/install/px4_msgs/include/px4_msgs/px4_msgs/msg/detail/gpio_out__type_support.c\n'}
[2.113405] (px4_msgs) StdoutLine: {'line': b'-- Up-to-date: /home/harsh/ros2_project/install/px4_msgs/include/px4_msgs/px4_msgs/msg/detail/sensor_mag__rosidl_typesupport_introspection_c.h\n'}
[2.113461] (px4_msgs) StdoutLine: {'line': b'-- Up-to-date: /home/harsh/ros2_project/install/px4_msgs/include/px4_msgs/px4_msgs/msg/detail/gpio_in__rosidl_typesupport_introspection_c.h\n'}
[2.113518] (px4_msgs) StdoutLine: {'line': b'-- Up-to-date: /home/harsh/ros2_project/install/px4_msgs/include/px4_msgs/px4_msgs/srv\n'}
[2.113575] (px4_msgs) StdoutLine: {'line': b'-- Up-to-date: /home/harsh/ros2_project/install/px4_msgs/include/px4_msgs/px4_msgs/srv/detail\n'}
[2.113631] (px4_msgs) StdoutLine: {'line': b'-- Installing: /home/harsh/ros2_project/install/px4_msgs/include/px4_msgs/px4_msgs/srv/detail/vehicle_command__type_support.c\n'}
[2.113688] (px4_msgs) StdoutLine: {'line': b'-- Up-to-date: /home/harsh/ros2_project/install/px4_msgs/include/px4_msgs/px4_msgs/srv/detail/vehicle_command__rosidl_typesupport_introspection_c.h\n'}
[2.113745] (px4_msgs) StdoutLine: {'line': b'-- Up-to-date: /home/harsh/ros2_project/install/px4_msgs/lib/libpx4_msgs__rosidl_typesupport_introspection_c.so\n'}
[2.113802] (px4_msgs) StdoutLine: {'line': b'-- Up-to-date: /home/harsh/ros2_project/install/px4_msgs/lib/libpx4_msgs__rosidl_typesupport_c.so\n'}
[2.113856] (px4_msgs) StdoutLine: {'line': b'-- Up-to-date: /home/harsh/ros2_project/install/px4_msgs/include/px4_msgs/px4_msgs\n'}
[2.113915] (px4_msgs) StdoutLine: {'line': b'-- Up-to-date: /home/harsh/ros2_project/install/px4_msgs/include/px4_msgs/px4_msgs/msg\n'}
[2.113992] (px4_msgs) StdoutLine: {'line': b'-- Up-to-date: /home/harsh/ros2_project/install/px4_msgs/include/px4_msgs/px4_msgs/msg/detail\n'}
[2.114056] (px4_msgs) StdoutLine: {'line': b'-- Up-to-date: /home/harsh/ros2_project/install/px4_msgs/include/px4_msgs/px4_msgs/msg/detail/transponder_report__type_support.cpp\n'}
[2.114146] (px4_msgs) StdoutLine: {'line': b'-- Up-to-date: /home/harsh/ros2_project/install/px4_msgs/include/px4_msgs/px4_msgs/msg/detail/vehicle_angular_acceleration_setpoint__type_support.cpp\n'}
[2.114201] (px4_msgs) StdoutLine: {'line': b'-- Up-to-date: /home/harsh/ros2_project/install/px4_msgs/include/px4_msgs/px4_msgs/msg/detail/camera_trigger__type_support.cpp\n'}
[2.114255] (px4_msgs) StdoutLine: {'line': b'-- Up-to-date: /home/harsh/ros2_project/install/px4_msgs/include/px4_msgs/px4_msgs/msg/detail/home_position__type_support.cpp\n'}
[2.114308] (px4_msgs) StdoutLine: {'line': b'-- Up-to-date: /home/harsh/ros2_project/install/px4_msgs/include/px4_msgs/px4_msgs/msg/detail/register_ext_component_request__type_support.cpp\n'}
[2.114365] (px4_msgs) StdoutLine: {'line': b'-- Up-to-date: /home/harsh/ros2_project/install/px4_msgs/include/px4_msgs/px4_msgs/msg/detail/wind__rosidl_typesupport_introspection_cpp.hpp\n'}
[2.114435] (px4_msgs) StdoutLine: {'line': b'-- Up-to-date: /home/harsh/ros2_project/install/px4_msgs/include/px4_msgs/px4_msgs/msg/detail/pps_capture__type_support.cpp\n'}
[2.114487] (px4_msgs) StdoutLine: {'line': b'-- Up-to-date: /home/harsh/ros2_project/install/px4_msgs/include/px4_msgs/px4_msgs/msg/detail/rtl_status__rosidl_typesupport_introspection_cpp.hpp\n'}
[2.114540] (px4_msgs) StdoutLine: {'line': b'-- Up-to-date: /home/harsh/ros2_project/install/px4_msgs/include/px4_msgs/px4_msgs/msg/detail/vehicle_odometry__type_support.cpp\n'}
[2.114594] (px4_msgs) StdoutLine: {'line': b'-- Up-to-date: /home/harsh/ros2_project/install/px4_msgs/include/px4_msgs/px4_msgs/msg/detail/message_format_request__rosidl_typesupport_introspection_cpp.hpp\n'}
[2.114648] (px4_msgs) StdoutLine: {'line': b'-- Up-to-date: /home/harsh/ros2_project/install/px4_msgs/include/px4_msgs/px4_msgs/msg/detail/manual_control_switches__type_support.cpp\n'}
[2.114704] (px4_msgs) StdoutLine: {'line': b'-- Up-to-date: /home/harsh/ros2_project/install/px4_msgs/include/px4_msgs/px4_msgs/msg/detail/debug_value__type_support.cpp\n'}
[2.114762] (px4_msgs) StdoutLine: {'line': b'-- Up-to-date: /home/harsh/ros2_project/install/px4_msgs/include/px4_msgs/px4_msgs/msg/detail/vehicle_trajectory_bezier__rosidl_typesupport_introspection_cpp.hpp\n'}
[2.114820] (px4_msgs) StdoutLine: {'line': b'-- Up-to-date: /home/harsh/ros2_project/install/px4_msgs/include/px4_msgs/px4_msgs/msg/detail/gps_inject_data__type_support.cpp\n'}
[2.114875] (px4_msgs) StdoutLine: {'line': b'-- Up-to-date: /home/harsh/ros2_project/install/px4_msgs/include/px4_msgs/px4_msgs/msg/detail/position_setpoint__type_support.cpp\n'}
[2.114932] (px4_msgs) StdoutLine: {'line': b'-- Up-to-date: /home/harsh/ros2_project/install/px4_msgs/include/px4_msgs/px4_msgs/msg/detail/can_interface_status__rosidl_typesupport_introspection_cpp.hpp\n'}
[2.115019] (px4_msgs) StdoutLine: {'line': b'-- Up-to-date: /home/harsh/ros2_project/install/px4_msgs/include/px4_msgs/px4_msgs/msg/detail/debug_key_value__rosidl_typesupport_introspection_cpp.hpp\n'}
[2.115076] (px4_msgs) StdoutLine: {'line': b'-- Up-to-date: /home/harsh/ros2_project/install/px4_msgs/include/px4_msgs/px4_msgs/msg/detail/vehicle_command_ack__type_support.cpp\n'}
[2.115129] (px4_msgs) StdoutLine: {'line': b'-- Up-to-date: /home/harsh/ros2_project/install/px4_msgs/include/px4_msgs/px4_msgs/msg/detail/gimbal_device_information__rosidl_typesupport_introspection_cpp.hpp\n'}
[2.115181] (px4_msgs) StdoutLine: {'line': b'-- Up-to-date: /home/harsh/ros2_project/install/px4_msgs/include/px4_msgs/px4_msgs/msg/detail/actuator_outputs__type_support.cpp\n'}
[2.115237] (px4_msgs) StdoutLine: {'line': b'-- Up-to-date: /home/harsh/ros2_project/install/px4_msgs/include/px4_msgs/px4_msgs/msg/detail/event__rosidl_typesupport_introspection_cpp.hpp\n'}
[2.115291] (px4_msgs) StdoutLine: {'line': b'-- Up-to-date: /home/harsh/ros2_project/install/px4_msgs/include/px4_msgs/px4_msgs/msg/detail/sensor_baro__rosidl_typesupport_introspection_cpp.hpp\n'}
[2.115348] (px4_msgs) StdoutLine: {'line': b'-- Up-to-date: /home/harsh/ros2_project/install/px4_msgs/include/px4_msgs/px4_msgs/msg/detail/debug_array__rosidl_typesupport_introspection_cpp.hpp\n'}
[2.115404] (px4_msgs) StdoutLine: {'line': b'-- Up-to-date: /home/harsh/ros2_project/install/px4_msgs/include/px4_msgs/px4_msgs/msg/detail/vehicle_rates_setpoint__rosidl_typesupport_introspection_cpp.hpp\n'}
[2.115461] (px4_msgs) StdoutLine: {'line': b'-- Up-to-date: /home/harsh/ros2_project/install/px4_msgs/include/px4_msgs/px4_msgs/msg/detail/vehicle_status__type_support.cpp\n'}
[2.115519] (px4_msgs) StdoutLine: {'line': b'-- Up-to-date: /home/harsh/ros2_project/install/px4_msgs/include/px4_msgs/px4_msgs/msg/detail/vehicle_command__rosidl_typesupport_introspection_cpp.hpp\n'}
[2.115575] (px4_msgs) StdoutLine: {'line': b'-- Up-to-date: /home/harsh/ros2_project/install/px4_msgs/include/px4_msgs/px4_msgs/msg/detail/gimbal_device_information__type_support.cpp\n'}
[2.115632] (px4_msgs) StdoutLine: {'line': b'-- Up-to-date: /home/harsh/ros2_project/install/px4_msgs/include/px4_msgs/px4_msgs/msg/detail/radio_status__type_support.cpp\n'}
[2.115710] (px4_msgs) StdoutLine: {'line': b'-- Up-to-date: /home/harsh/ros2_project/install/px4_msgs/include/px4_msgs/px4_msgs/msg/detail/collision_report__rosidl_typesupport_introspection_cpp.hpp\n'}
[2.115765] (px4_msgs) StdoutLine: {'line': b'-- Up-to-date: /home/harsh/ros2_project/install/px4_msgs/include/px4_msgs/px4_msgs/msg/detail/follow_target_status__type_support.cpp\n'}
[2.115818] (px4_msgs) StdoutLine: {'line': b'-- Up-to-date: /home/harsh/ros2_project/install/px4_msgs/include/px4_msgs/px4_msgs/msg/detail/vehicle_roi__type_support.cpp\n'}
[2.115870] (px4_msgs) StdoutLine: {'line': b'-- Up-to-date: /home/harsh/ros2_project/install/px4_msgs/include/px4_msgs/px4_msgs/msg/detail/failsafe_flags__type_support.cpp\n'}
[2.115922] (px4_msgs) StdoutLine: {'line': b'-- Up-to-date: /home/harsh/ros2_project/install/px4_msgs/include/px4_msgs/px4_msgs/msg/detail/event__type_support.cpp\n'}
[2.115973] (px4_msgs) StdoutLine: {'line': b'-- Up-to-date: /home/harsh/ros2_project/install/px4_msgs/include/px4_msgs/px4_msgs/msg/detail/actuator_servos_trim__type_support.cpp\n'}
[2.116035] (px4_msgs) StdoutLine: {'line': b'-- Up-to-date: /home/harsh/ros2_project/install/px4_msgs/include/px4_msgs/px4_msgs/msg/detail/vehicle_thrust_setpoint__rosidl_typesupport_introspection_cpp.hpp\n'}
[2.116089] (px4_msgs) StdoutLine: {'line': b'-- Up-to-date: /home/harsh/ros2_project/install/px4_msgs/include/px4_msgs/px4_msgs/msg/detail/sensor_gnss_relative__type_support.cpp\n'}
[2.116145] (px4_msgs) StdoutLine: {'line': b'-- Up-to-date: /home/harsh/ros2_project/install/px4_msgs/include/px4_msgs/px4_msgs/msg/detail/follow_target__type_support.cpp\n'}
[2.116201] (px4_msgs) StdoutLine: {'line': b'-- Up-to-date: /home/harsh/ros2_project/install/px4_msgs/include/px4_msgs/px4_msgs/msg/detail/npfg_status__rosidl_typesupport_introspection_cpp.hpp\n'}
[2.116257] (px4_msgs) StdoutLine: {'line': b'-- Up-to-date: /home/harsh/ros2_project/install/px4_msgs/include/px4_msgs/px4_msgs/msg/detail/trajectory_bezier__rosidl_typesupport_introspection_cpp.hpp\n'}
[2.116313] (px4_msgs) StdoutLine: {'line': b'-- Up-to-date: /home/harsh/ros2_project/install/px4_msgs/include/px4_msgs/px4_msgs/msg/detail/tiltrotor_extra_controls__type_support.cpp\n'}
[2.116370] (px4_msgs) StdoutLine: {'line': b'-- Up-to-date: /home/harsh/ros2_project/install/px4_msgs/include/px4_msgs/px4_msgs/msg/detail/control_allocator_status__rosidl_typesupport_introspection_cpp.hpp\n'}
[2.116430] (px4_msgs) StdoutLine: {'line': b'-- Up-to-date: /home/harsh/ros2_project/install/px4_msgs/include/px4_msgs/px4_msgs/msg/detail/irlock_report__rosidl_typesupport_introspection_cpp.hpp\n'}
[2.116486] (px4_msgs) StdoutLine: {'line': b'-- Up-to-date: /home/harsh/ros2_project/install/px4_msgs/include/px4_msgs/px4_msgs/msg/detail/manual_control_setpoint__rosidl_typesupport_introspection_cpp.hpp\n'}
[2.116542] (px4_msgs) StdoutLine: {'line': b'-- Up-to-date: /home/harsh/ros2_project/install/px4_msgs/include/px4_msgs/px4_msgs/msg/detail/follow_target_estimator__type_support.cpp\n'}
[2.116621] (px4_msgs) StdoutLine: {'line': b'-- Up-to-date: /home/harsh/ros2_project/install/px4_msgs/include/px4_msgs/px4_msgs/msg/detail/estimator_gps_status__type_support.cpp\n'}
[2.116675] (px4_msgs) StdoutLine: {'line': b'-- Up-to-date: /home/harsh/ros2_project/install/px4_msgs/include/px4_msgs/px4_msgs/msg/detail/mount_orientation__type_support.cpp\n'}
[2.116732] (px4_msgs) StdoutLine: {'line': b'-- Up-to-date: /home/harsh/ros2_project/install/px4_msgs/include/px4_msgs/px4_msgs/msg/detail/tecs_status__rosidl_typesupport_introspection_cpp.hpp\n'}
[2.116790] (px4_msgs) StdoutLine: {'line': b'-- Up-to-date: /home/harsh/ros2_project/install/px4_msgs/include/px4_msgs/px4_msgs/msg/detail/sensor_gyro__rosidl_typesupport_introspection_cpp.hpp\n'}
[2.116844] (px4_msgs) StdoutLine: {'line': b'-- Up-to-date: /home/harsh/ros2_project/install/px4_msgs/include/px4_msgs/px4_msgs/msg/detail/gimbal_manager_set_manual_control__rosidl_typesupport_introspection_cpp.hpp\n'}
[2.116917] (px4_msgs) StdoutLine: {'line': b'-- Up-to-date: /home/harsh/ros2_project/install/px4_msgs/include/px4_msgs/px4_msgs/msg/detail/power_monitor__rosidl_typesupport_introspection_cpp.hpp\n'}
[2.116971] (px4_msgs) StdoutLine: {'line': b'-- Up-to-date: /home/harsh/ros2_project/install/px4_msgs/include/px4_msgs/px4_msgs/msg/detail/rc_parameter_map__rosidl_typesupport_introspection_cpp.hpp\n'}
[2.117033] (px4_msgs) StdoutLine: {'line': b'-- Up-to-date: /home/harsh/ros2_project/install/px4_msgs/include/px4_msgs/px4_msgs/msg/detail/actuator_test__type_support.cpp\n'}
[2.117086] (px4_msgs) StdoutLine: {'line': b'-- Up-to-date: /home/harsh/ros2_project/install/px4_msgs/include/px4_msgs/px4_msgs/msg/detail/buffer128__rosidl_typesupport_introspection_cpp.hpp\n'}
[2.117139] (px4_msgs) StdoutLine: {'line': b'-- Up-to-date: /home/harsh/ros2_project/install/px4_msgs/include/px4_msgs/px4_msgs/msg/detail/estimator_selector_status__type_support.cpp\n'}
[2.117196] (px4_msgs) StdoutLine: {'line': b'-- Up-to-date: /home/harsh/ros2_project/install/px4_msgs/include/px4_msgs/px4_msgs/msg/detail/vehicle_angular_acceleration_setpoint__rosidl_typesupport_introspection_cpp.hpp\n'}
[2.117254] (px4_msgs) StdoutLine: {'line': b'-- Up-to-date: /home/harsh/ros2_project/install/px4_msgs/include/px4_msgs/px4_msgs/msg/detail/mode_completed__type_support.cpp\n'}
[2.117324] (px4_msgs) StdoutLine: {'line': b'-- Up-to-date: /home/harsh/ros2_project/install/px4_msgs/include/px4_msgs/px4_msgs/msg/detail/message_format_request__type_support.cpp\n'}
[2.117379] (px4_msgs) StdoutLine: {'line': b'-- Up-to-date: /home/harsh/ros2_project/install/px4_msgs/include/px4_msgs/px4_msgs/msg/detail/trajectory_setpoint__rosidl_typesupport_introspection_cpp.hpp\n'}
[2.117433] (px4_msgs) StdoutLine: {'line': b'-- Up-to-date: /home/harsh/ros2_project/install/px4_msgs/include/px4_msgs/px4_msgs/msg/detail/trajectory_waypoint__type_support.cpp\n'}
[2.117490] (px4_msgs) StdoutLine: {'line': b'-- Up-to-date: /home/harsh/ros2_project/install/px4_msgs/include/px4_msgs/px4_msgs/msg/detail/camera_capture__type_support.cpp\n'}
[2.117547] (px4_msgs) StdoutLine: {'line': b'-- Up-to-date: /home/harsh/ros2_project/install/px4_msgs/include/px4_msgs/px4_msgs/msg/detail/sensor_uwb__type_support.cpp\n'}
[2.117602] (px4_msgs) StdoutLine: {'line': b'-- Up-to-date: /home/harsh/ros2_project/install/px4_msgs/include/px4_msgs/px4_msgs/msg/detail/orbit_status__rosidl_typesupport_introspection_cpp.hpp\n'}
[2.117657] (px4_msgs) StdoutLine: {'line': b'-- Up-to-date: /home/harsh/ros2_project/install/px4_msgs/include/px4_msgs/px4_msgs/msg/detail/led_control__rosidl_typesupport_introspection_cpp.hpp\n'}
[2.117713] (px4_msgs) StdoutLine: {'line': b'-- Up-to-date: /home/harsh/ros2_project/install/px4_msgs/include/px4_msgs/px4_msgs/msg/detail/vehicle_imu_status__type_support.cpp\n'}
[2.117768] (px4_msgs) StdoutLine: {'line': b'-- Up-to-date: /home/harsh/ros2_project/install/px4_msgs/include/px4_msgs/px4_msgs/msg/detail/rate_ctrl_status__type_support.cpp\n'}
[2.117823] (px4_msgs) StdoutLine: {'line': b'-- Up-to-date: /home/harsh/ros2_project/install/px4_msgs/include/px4_msgs/px4_msgs/msg/detail/hover_thrust_estimate__rosidl_typesupport_introspection_cpp.hpp\n'}
[2.117880] (px4_msgs) StdoutLine: {'line': b'-- Up-to-date: /home/harsh/ros2_project/install/px4_msgs/include/px4_msgs/px4_msgs/msg/detail/sensor_combined__rosidl_typesupport_introspection_cpp.hpp\n'}
[2.117936] (px4_msgs) StdoutLine: {'line': b'-- Up-to-date: /home/harsh/ros2_project/install/px4_msgs/include/px4_msgs/px4_msgs/msg/detail/qshell_retval__type_support.cpp\n'}
[2.117998] (px4_msgs) StdoutLine: {'line': b'-- Up-to-date: /home/harsh/ros2_project/install/px4_msgs/include/px4_msgs/px4_msgs/msg/detail/orb_test_medium__type_support.cpp\n'}
[2.118057] (px4_msgs) StdoutLine: {'line': b'-- Up-to-date: /home/harsh/ros2_project/install/px4_msgs/include/px4_msgs/px4_msgs/msg/detail/gpio_config__type_support.cpp\n'}
[2.118115] (px4_msgs) StdoutLine: {'line': b'-- Up-to-date: /home/harsh/ros2_project/install/px4_msgs/include/px4_msgs/px4_msgs/msg/detail/estimator_sensor_bias__rosidl_typesupport_introspection_cpp.hpp\n'}
[2.118197] (px4_msgs) StdoutLine: {'line': b'-- Up-to-date: /home/harsh/ros2_project/install/px4_msgs/include/px4_msgs/px4_msgs/msg/detail/heater_status__type_support.cpp\n'}
[2.118249] (px4_msgs) StdoutLine: {'line': b'-- Up-to-date: /home/harsh/ros2_project/install/px4_msgs/include/px4_msgs/px4_msgs/msg/detail/sensor_mag__rosidl_typesupport_introspection_cpp.hpp\n'}
[2.118306] (px4_msgs) StdoutLine: {'line': b'-- Up-to-date: /home/harsh/ros2_project/install/px4_msgs/include/px4_msgs/px4_msgs/msg/detail/geofence_result__rosidl_typesupport_introspection_cpp.hpp\n'}
[2.118359] (px4_msgs) StdoutLine: {'line': b'-- Up-to-date: /home/harsh/ros2_project/install/px4_msgs/include/px4_msgs/px4_msgs/msg/detail/vehicle_angular_velocity__type_support.cpp\n'}
[2.118409] (px4_msgs) StdoutLine: {'line': b'-- Up-to-date: /home/harsh/ros2_project/install/px4_msgs/include/px4_msgs/px4_msgs/msg/detail/vehicle_status__rosidl_typesupport_introspection_cpp.hpp\n'}
[2.118465] (px4_msgs) StdoutLine: {'line': b'-- Up-to-date: /home/harsh/ros2_project/install/px4_msgs/include/px4_msgs/px4_msgs/msg/detail/vehicle_optical_flow_vel__rosidl_typesupport_introspection_cpp.hpp\n'}
[2.118521] (px4_msgs) StdoutLine: {'line': b'-- Up-to-date: /home/harsh/ros2_project/install/px4_msgs/include/px4_msgs/px4_msgs/msg/detail/offboard_control_mode__type_support.cpp\n'}
[2.118577] (px4_msgs) StdoutLine: {'line': b'-- Up-to-date: /home/harsh/ros2_project/install/px4_msgs/include/px4_msgs/px4_msgs/msg/detail/vehicle_local_position_setpoint__rosidl_typesupport_introspection_cpp.hpp\n'}
[2.118633] (px4_msgs) StdoutLine: {'line': b'-- Up-to-date: /home/harsh/ros2_project/install/px4_msgs/include/px4_msgs/px4_msgs/msg/detail/rate_ctrl_status__rosidl_typesupport_introspection_cpp.hpp\n'}
[2.118688] (px4_msgs) StdoutLine: {'line': b'-- Up-to-date: /home/harsh/ros2_project/install/px4_msgs/include/px4_msgs/px4_msgs/msg/detail/sensor_gps__rosidl_typesupport_introspection_cpp.hpp\n'}
[2.118744] (px4_msgs) StdoutLine: {'line': b'-- Up-to-date: /home/harsh/ros2_project/install/px4_msgs/include/px4_msgs/px4_msgs/msg/detail/vehicle_optical_flow_vel__type_support.cpp\n'}
[2.118800] (px4_msgs) StdoutLine: {'line': b'-- Up-to-date: /home/harsh/ros2_project/install/px4_msgs/include/px4_msgs/px4_msgs/msg/detail/sensor_preflight_mag__type_support.cpp\n'}
[2.118857] (px4_msgs) StdoutLine: {'line': b'-- Up-to-date: /home/harsh/ros2_project/install/px4_msgs/include/px4_msgs/px4_msgs/msg/detail/sensor_accel_fifo__type_support.cpp\n'}
[2.118914] (px4_msgs) StdoutLine: {'line': b'-- Up-to-date: /home/harsh/ros2_project/install/px4_msgs/include/px4_msgs/px4_msgs/msg/detail/differential_pressure__rosidl_typesupport_introspection_cpp.hpp\n'}
[2.118972] (px4_msgs) StdoutLine: {'line': b'-- Up-to-date: /home/harsh/ros2_project/install/px4_msgs/include/px4_msgs/px4_msgs/msg/detail/logger_status__type_support.cpp\n'}
[2.119037] (px4_msgs) StdoutLine: {'line': b'-- Up-to-date: /home/harsh/ros2_project/install/px4_msgs/include/px4_msgs/px4_msgs/msg/detail/airspeed__type_support.cpp\n'}
[2.119095] (px4_msgs) StdoutLine: {'line': b'-- Up-to-date: /home/harsh/ros2_project/install/px4_msgs/include/px4_msgs/px4_msgs/msg/detail/airspeed_validated__rosidl_typesupport_introspection_cpp.hpp\n'}
[2.119149] (px4_msgs) StdoutLine: {'line': b'-- Up-to-date: /home/harsh/ros2_project/install/px4_msgs/include/px4_msgs/px4_msgs/msg/detail/landing_target_pose__type_support.cpp\n'}
[2.119204] (px4_msgs) StdoutLine: {'line': b'-- Up-to-date: /home/harsh/ros2_project/install/px4_msgs/include/px4_msgs/px4_msgs/msg/detail/vehicle_command_ack__rosidl_typesupport_introspection_cpp.hpp\n'}
[2.119259] (px4_msgs) StdoutLine: {'line': b'-- Up-to-date: /home/harsh/ros2_project/install/px4_msgs/include/px4_msgs/px4_msgs/msg/detail/camera_capture__rosidl_typesupport_introspection_cpp.hpp\n'}
[2.119313] (px4_msgs) StdoutLine: {'line': b'-- Up-to-date: /home/harsh/ros2_project/install/px4_msgs/include/px4_msgs/px4_msgs/msg/detail/register_ext_component_request__rosidl_typesupport_introspection_cpp.hpp\n'}
[2.119372] (px4_msgs) StdoutLine: {'line': b'-- Up-to-date: /home/harsh/ros2_project/install/px4_msgs/include/px4_msgs/px4_msgs/msg/detail/message_format_response__type_support.cpp\n'}
[2.119427] (px4_msgs) StdoutLine: {'line': b'-- Up-to-date: /home/harsh/ros2_project/install/px4_msgs/include/px4_msgs/px4_msgs/msg/detail/sensor_optical_flow__type_support.cpp\n'}
[2.119483] (px4_msgs) StdoutLine: {'line': b'-- Up-to-date: /home/harsh/ros2_project/install/px4_msgs/include/px4_msgs/px4_msgs/msg/detail/airspeed_wind__type_support.cpp\n'}
[2.119541] (px4_msgs) StdoutLine: {'line': b'-- Up-to-date: /home/harsh/ros2_project/install/px4_msgs/include/px4_msgs/px4_msgs/msg/detail/landing_target_innovations__type_support.cpp\n'}
[2.119596] (px4_msgs) StdoutLine: {'line': b'-- Up-to-date: /home/harsh/ros2_project/install/px4_msgs/include/px4_msgs/px4_msgs/msg/detail/sensor_gps__type_support.cpp\n'}
[2.119651] (px4_msgs) StdoutLine: {'line': b'-- Up-to-date: /home/harsh/ros2_project/install/px4_msgs/include/px4_msgs/px4_msgs/msg/detail/tecs_status__type_support.cpp\n'}
[2.119706] (px4_msgs) StdoutLine: {'line': b'-- Up-to-date: /home/harsh/ros2_project/install/px4_msgs/include/px4_msgs/px4_msgs/msg/detail/actuator_motors__rosidl_typesupport_introspection_cpp.hpp\n'}
[2.119759] (px4_msgs) StdoutLine: {'line': b'-- Up-to-date: /home/harsh/ros2_project/install/px4_msgs/include/px4_msgs/px4_msgs/msg/detail/qshell_retval__rosidl_typesupport_introspection_cpp.hpp\n'}
[2.119814] (px4_msgs) StdoutLine: {'line': b'-- Up-to-date: /home/harsh/ros2_project/install/px4_msgs/include/px4_msgs/px4_msgs/msg/detail/vehicle_control_mode__rosidl_typesupport_introspection_cpp.hpp\n'}
[2.119868] (px4_msgs) StdoutLine: {'line': b'-- Up-to-date: /home/harsh/ros2_project/install/px4_msgs/include/px4_msgs/px4_msgs/msg/detail/position_controller_landing_status__rosidl_typesupport_introspection_cpp.hpp\n'}
[2.119928] (px4_msgs) StdoutLine: {'line': b'-- Up-to-date: /home/harsh/ros2_project/install/px4_msgs/include/px4_msgs/px4_msgs/msg/detail/sensor_gyro_fft__rosidl_typesupport_introspection_cpp.hpp\n'}
[2.119988] (px4_msgs) StdoutLine: {'line': b'-- Up-to-date: /home/harsh/ros2_project/install/px4_msgs/include/px4_msgs/px4_msgs/msg/detail/vehicle_local_position_setpoint__type_support.cpp\n'}
[2.120048] (px4_msgs) StdoutLine: {'line': b'-- Up-to-date: /home/harsh/ros2_project/install/px4_msgs/include/px4_msgs/px4_msgs/msg/detail/adc_report__rosidl_typesupport_introspection_cpp.hpp\n'}
[2.120103] (px4_msgs) StdoutLine: {'line': b'-- Up-to-date: /home/harsh/ros2_project/install/px4_msgs/include/px4_msgs/px4_msgs/msg/detail/gimbal_device_set_attitude__type_support.cpp\n'}
[2.120158] (px4_msgs) StdoutLine: {'line': b'-- Up-to-date: /home/harsh/ros2_project/install/px4_msgs/include/px4_msgs/px4_msgs/msg/detail/system_power__type_support.cpp\n'}
[2.120215] (px4_msgs) StdoutLine: {'line': b'-- Up-to-date: /home/harsh/ros2_project/install/px4_msgs/include/px4_msgs/px4_msgs/msg/detail/ping__type_support.cpp\n'}
[2.120270] (px4_msgs) StdoutLine: {'line': b'-- Up-to-date: /home/harsh/ros2_project/install/px4_msgs/include/px4_msgs/px4_msgs/msg/detail/manual_control_setpoint__type_support.cpp\n'}
[2.120328] (px4_msgs) StdoutLine: {'line': b'-- Up-to-date: /home/harsh/ros2_project/install/px4_msgs/include/px4_msgs/px4_msgs/msg/detail/vehicle_magnetometer__type_support.cpp\n'}
[2.120387] (px4_msgs) StdoutLine: {'line': b'-- Up-to-date: /home/harsh/ros2_project/install/px4_msgs/include/px4_msgs/px4_msgs/msg/detail/satellite_info__rosidl_typesupport_introspection_cpp.hpp\n'}
[2.120445] (px4_msgs) StdoutLine: {'line': b'-- Up-to-date: /home/harsh/ros2_project/install/px4_msgs/include/px4_msgs/px4_msgs/msg/detail/figure_eight_status__rosidl_typesupport_introspection_cpp.hpp\n'}
[2.120503] (px4_msgs) StdoutLine: {'line': b'-- Up-to-date: /home/harsh/ros2_project/install/px4_msgs/include/px4_msgs/px4_msgs/msg/detail/vehicle_air_data__type_support.cpp\n'}
[2.120558] (px4_msgs) StdoutLine: {'line': b'-- Up-to-date: /home/harsh/ros2_project/install/px4_msgs/include/px4_msgs/px4_msgs/msg/detail/gpio_out__type_support.cpp\n'}
[2.120652] (px4_msgs) StdoutLine: {'line': b'-- Up-to-date: /home/harsh/ros2_project/install/px4_msgs/include/px4_msgs/px4_msgs/msg/detail/vehicle_land_detected__type_support.cpp\n'}
[2.120706] (px4_msgs) StdoutLine: {'line': b'-- Up-to-date: /home/harsh/ros2_project/install/px4_msgs/include/px4_msgs/px4_msgs/msg/detail/landing_target_pose__rosidl_typesupport_introspection_cpp.hpp\n'}
[2.120757] (px4_msgs) StdoutLine: {'line': b'-- Up-to-date: /home/harsh/ros2_project/install/px4_msgs/include/px4_msgs/px4_msgs/msg/detail/mavlink_log__type_support.cpp\n'}
[2.120811] (px4_msgs) StdoutLine: {'line': b'-- Up-to-date: /home/harsh/ros2_project/install/px4_msgs/include/px4_msgs/px4_msgs/msg/detail/estimator_bias__rosidl_typesupport_introspection_cpp.hpp\n'}
[2.120863] (px4_msgs) StdoutLine: {'line': b'-- Up-to-date: /home/harsh/ros2_project/install/px4_msgs/include/px4_msgs/px4_msgs/msg/detail/sensor_accel_fifo__rosidl_typesupport_introspection_cpp.hpp\n'}
[2.120915] (px4_msgs) StdoutLine: {'line': b'-- Up-to-date: /home/harsh/ros2_project/install/px4_msgs/include/px4_msgs/px4_msgs/msg/detail/yaw_estimator_status__rosidl_typesupport_introspection_cpp.hpp\n'}
[2.120968] (px4_msgs) StdoutLine: {'line': b'-- Up-to-date: /home/harsh/ros2_project/install/px4_msgs/include/px4_msgs/px4_msgs/msg/detail/actuator_outputs__rosidl_typesupport_introspection_cpp.hpp\n'}
[2.121029] (px4_msgs) StdoutLine: {'line': b'-- Up-to-date: /home/harsh/ros2_project/install/px4_msgs/include/px4_msgs/px4_msgs/msg/detail/rtl_status__type_support.cpp\n'}
[2.121086] (px4_msgs) StdoutLine: {'line': b'-- Up-to-date: /home/harsh/ros2_project/install/px4_msgs/include/px4_msgs/px4_msgs/msg/detail/parameter_update__rosidl_typesupport_introspection_cpp.hpp\n'}
[2.121140] (px4_msgs) StdoutLine: {'line': b'-- Up-to-date: /home/harsh/ros2_project/install/px4_msgs/include/px4_msgs/px4_msgs/msg/detail/navigator_mission_item__rosidl_typesupport_introspection_cpp.hpp\n'}
[2.121196] (px4_msgs) StdoutLine: {'line': b'-- Up-to-date: /home/harsh/ros2_project/install/px4_msgs/include/px4_msgs/px4_msgs/msg/detail/vehicle_command__type_support.cpp\n'}
[2.121254] (px4_msgs) StdoutLine: {'line': b'-- Up-to-date: /home/harsh/ros2_project/install/px4_msgs/include/px4_msgs/px4_msgs/msg/detail/led_control__type_support.cpp\n'}
[2.121311] (px4_msgs) StdoutLine: {'line': b'-- Up-to-date: /home/harsh/ros2_project/install/px4_msgs/include/px4_msgs/px4_msgs/msg/detail/estimator_sensor_bias__type_support.cpp\n'}
[2.121366] (px4_msgs) StdoutLine: {'line': b'-- Up-to-date: /home/harsh/ros2_project/install/px4_msgs/include/px4_msgs/px4_msgs/msg/detail/log_message__type_support.cpp\n'}
[2.121420] (px4_msgs) StdoutLine: {'line': b'-- Up-to-date: /home/harsh/ros2_project/install/px4_msgs/include/px4_msgs/px4_msgs/msg/detail/orb_test_large__rosidl_typesupport_introspection_cpp.hpp\n'}
[2.121475] (px4_msgs) StdoutLine: {'line': b'-- Up-to-date: /home/harsh/ros2_project/install/px4_msgs/include/px4_msgs/px4_msgs/msg/detail/parameter_reset_request__rosidl_typesupport_introspection_cpp.hpp\n'}
[2.121529] (px4_msgs) StdoutLine: {'line': b'-- Up-to-date: /home/harsh/ros2_project/install/px4_msgs/include/px4_msgs/px4_msgs/msg/detail/gimbal_device_attitude_status__type_support.cpp\n'}
[2.121611] (px4_msgs) StdoutLine: {'line': b'-- Up-to-date: /home/harsh/ros2_project/install/px4_msgs/include/px4_msgs/px4_msgs/msg/detail/position_setpoint__rosidl_typesupport_introspection_cpp.hpp\n'}
[2.121664] (px4_msgs) StdoutLine: {'line': b'-- Up-to-date: /home/harsh/ros2_project/install/px4_msgs/include/px4_msgs/px4_msgs/msg/detail/vehicle_attitude__rosidl_typesupport_introspection_cpp.hpp\n'}
[2.121717] (px4_msgs) StdoutLine: {'line': b'-- Up-to-date: /home/harsh/ros2_project/install/px4_msgs/include/px4_msgs/px4_msgs/msg/detail/magnetometer_bias_estimate__rosidl_typesupport_introspection_cpp.hpp\n'}
[2.121767] (px4_msgs) StdoutLine: {'line': b'-- Up-to-date: /home/harsh/ros2_project/install/px4_msgs/include/px4_msgs/px4_msgs/msg/detail/vehicle_torque_setpoint__type_support.cpp\n'}
[2.121822] (px4_msgs) StdoutLine: {'line': b'-- Up-to-date: /home/harsh/ros2_project/install/px4_msgs/include/px4_msgs/px4_msgs/msg/detail/vehicle_imu__type_support.cpp\n'}
[2.121878] (px4_msgs) StdoutLine: {'line': b'-- Up-to-date: /home/harsh/ros2_project/install/px4_msgs/include/px4_msgs/px4_msgs/msg/detail/sensor_gyro__type_support.cpp\n'}
[2.121950] (px4_msgs) StdoutLine: {'line': b'-- Up-to-date: /home/harsh/ros2_project/install/px4_msgs/include/px4_msgs/px4_msgs/msg/detail/estimator_gps_status__rosidl_typesupport_introspection_cpp.hpp\n'}
[2.122010] (px4_msgs) StdoutLine: {'line': b'-- Up-to-date: /home/harsh/ros2_project/install/px4_msgs/include/px4_msgs/px4_msgs/msg/detail/estimator_status_flags__type_support.cpp\n'}
[2.122064] (px4_msgs) StdoutLine: {'line': b'-- Up-to-date: /home/harsh/ros2_project/install/px4_msgs/include/px4_msgs/px4_msgs/msg/detail/sensor_mag__type_support.cpp\n'}
[2.122116] (px4_msgs) StdoutLine: {'line': b'-- Up-to-date: /home/harsh/ros2_project/install/px4_msgs/include/px4_msgs/px4_msgs/msg/detail/cpuload__type_support.cpp\n'}
[2.122167] (px4_msgs) StdoutLine: {'line': b'-- Up-to-date: /home/harsh/ros2_project/install/px4_msgs/include/px4_msgs/px4_msgs/msg/detail/vehicle_local_position__rosidl_typesupport_introspection_cpp.hpp\n'}
[2.122221] (px4_msgs) StdoutLine: {'line': b'-- Up-to-date: /home/harsh/ros2_project/install/px4_msgs/include/px4_msgs/px4_msgs/msg/detail/battery_status__type_support.cpp\n'}
[2.122276] (px4_msgs) StdoutLine: {'line': b'-- Up-to-date: /home/harsh/ros2_project/install/px4_msgs/include/px4_msgs/px4_msgs/msg/detail/sensors_status_imu__type_support.cpp\n'}
[2.122332] (px4_msgs) StdoutLine: {'line': b'-- Up-to-date: /home/harsh/ros2_project/install/px4_msgs/include/px4_msgs/px4_msgs/msg/detail/mission__rosidl_typesupport_introspection_cpp.hpp\n'}
[2.122391] (px4_msgs) StdoutLine: {'line': b'-- Up-to-date: /home/harsh/ros2_project/install/px4_msgs/include/px4_msgs/px4_msgs/msg/detail/follow_target__rosidl_typesupport_introspection_cpp.hpp\n'}
[2.122449] (px4_msgs) StdoutLine: {'line': b'-- Up-to-date: /home/harsh/ros2_project/install/px4_msgs/include/px4_msgs/px4_msgs/msg/detail/rc_channels__type_support.cpp\n'}
[2.122505] (px4_msgs) StdoutLine: {'line': b'-- Up-to-date: /home/harsh/ros2_project/install/px4_msgs/include/px4_msgs/px4_msgs/msg/detail/config_overrides__type_support.cpp\n'}
[2.122561] (px4_msgs) StdoutLine: {'line': b'-- Up-to-date: /home/harsh/ros2_project/install/px4_msgs/include/px4_msgs/px4_msgs/msg/detail/hover_thrust_estimate__type_support.cpp\n'}
[2.122618] (px4_msgs) StdoutLine: {'line': b'-- Up-to-date: /home/harsh/ros2_project/install/px4_msgs/include/px4_msgs/px4_msgs/msg/detail/geofence_status__type_support.cpp\n'}
[2.122675] (px4_msgs) StdoutLine: {'line': b'-- Up-to-date: /home/harsh/ros2_project/install/px4_msgs/include/px4_msgs/px4_msgs/msg/detail/obstacle_distance__rosidl_typesupport_introspection_cpp.hpp\n'}
[2.122734] (px4_msgs) StdoutLine: {'line': b'-- Up-to-date: /home/harsh/ros2_project/install/px4_msgs/include/px4_msgs/px4_msgs/msg/detail/failsafe_flags__rosidl_typesupport_introspection_cpp.hpp\n'}
[2.122793] (px4_msgs) StdoutLine: {'line': b'-- Up-to-date: /home/harsh/ros2_project/install/px4_msgs/include/px4_msgs/px4_msgs/msg/detail/differential_drive_setpoint__rosidl_typesupport_introspection_cpp.hpp\n'}
[2.122849] (px4_msgs) StdoutLine: {'line': b'-- Up-to-date: /home/harsh/ros2_project/install/px4_msgs/include/px4_msgs/px4_msgs/msg/detail/gimbal_manager_set_attitude__type_support.cpp\n'}
[2.122907] (px4_msgs) StdoutLine: {'line': b'-- Up-to-date: /home/harsh/ros2_project/install/px4_msgs/include/px4_msgs/px4_msgs/msg/detail/vehicle_control_mode__type_support.cpp\n'}
[2.122965] (px4_msgs) StdoutLine: {'line': b'-- Up-to-date: /home/harsh/ros2_project/install/px4_msgs/include/px4_msgs/px4_msgs/msg/detail/ekf2_timestamps__rosidl_typesupport_introspection_cpp.hpp\n'}
[2.123030] (px4_msgs) StdoutLine: {'line': b'-- Up-to-date: /home/harsh/ros2_project/install/px4_msgs/include/px4_msgs/px4_msgs/msg/detail/buffer128__type_support.cpp\n'}
[2.123112] (px4_msgs) StdoutLine: {'line': b'-- Up-to-date: /home/harsh/ros2_project/install/px4_msgs/include/px4_msgs/px4_msgs/msg/detail/vtol_vehicle_status__rosidl_typesupport_introspection_cpp.hpp\n'}
[2.123169] (px4_msgs) StdoutLine: {'line': b'-- Up-to-date: /home/harsh/ros2_project/install/px4_msgs/include/px4_msgs/px4_msgs/msg/detail/iridiumsbd_status__type_support.cpp\n'}
[2.123228] (px4_msgs) StdoutLine: {'line': b'-- Up-to-date: /home/harsh/ros2_project/install/px4_msgs/include/px4_msgs/px4_msgs/msg/detail/health_report__type_support.cpp\n'}
[2.123289] (px4_msgs) StdoutLine: {'line': b'-- Up-to-date: /home/harsh/ros2_project/install/px4_msgs/include/px4_msgs/px4_msgs/msg/detail/rtl_time_estimate__rosidl_typesupport_introspection_cpp.hpp\n'}
[2.123345] (px4_msgs) StdoutLine: {'line': b'-- Up-to-date: /home/harsh/ros2_project/install/px4_msgs/include/px4_msgs/px4_msgs/msg/detail/gripper__type_support.cpp\n'}
[2.123400] (px4_msgs) StdoutLine: {'line': b'-- Up-to-date: /home/harsh/ros2_project/install/px4_msgs/include/px4_msgs/px4_msgs/msg/detail/landing_gear_wheel__rosidl_typesupport_introspection_cpp.hpp\n'}
[2.123458] (px4_msgs) StdoutLine: {'line': b'-- Up-to-date: /home/harsh/ros2_project/install/px4_msgs/include/px4_msgs/px4_msgs/msg/detail/sensor_airflow__type_support.cpp\n'}
[2.123515] (px4_msgs) StdoutLine: {'line': b'-- Up-to-date: /home/harsh/ros2_project/install/px4_msgs/include/px4_msgs/px4_msgs/msg/detail/estimator_bias__type_support.cpp\n'}
[2.123588] (px4_msgs) StdoutLine: {'line': b'-- Up-to-date: /home/harsh/ros2_project/install/px4_msgs/include/px4_msgs/px4_msgs/msg/detail/takeoff_status__type_support.cpp\n'}
[2.123645] (px4_msgs) StdoutLine: {'line': b'-- Up-to-date: /home/harsh/ros2_project/install/px4_msgs/include/px4_msgs/px4_msgs/msg/detail/transponder_report__rosidl_typesupport_introspection_cpp.hpp\n'}
[2.123701] (px4_msgs) StdoutLine: {'line': b'-- Up-to-date: /home/harsh/ros2_project/install/px4_msgs/include/px4_msgs/px4_msgs/msg/detail/vehicle_acceleration__type_support.cpp\n'}
[2.123758] (px4_msgs) StdoutLine: {'line': b'-- Up-to-date: /home/harsh/ros2_project/install/px4_msgs/include/px4_msgs/px4_msgs/msg/detail/mavlink_tunnel__type_support.cpp\n'}
[2.123815] (px4_msgs) StdoutLine: {'line': b'-- Up-to-date: /home/harsh/ros2_project/install/px4_msgs/include/px4_msgs/px4_msgs/msg/detail/sensor_accel__rosidl_typesupport_introspection_cpp.hpp\n'}
[2.123870] (px4_msgs) StdoutLine: {'line': b'-- Up-to-date: /home/harsh/ros2_project/install/px4_msgs/include/px4_msgs/px4_msgs/msg/detail/mag_worker_data__type_support.cpp\n'}
[2.123927] (px4_msgs) StdoutLine: {'line': b'-- Up-to-date: /home/harsh/ros2_project/install/px4_msgs/include/px4_msgs/px4_msgs/msg/detail/estimator_selector_status__rosidl_typesupport_introspection_cpp.hpp\n'}
[2.123992] (px4_msgs) StdoutLine: {'line': b'-- Up-to-date: /home/harsh/ros2_project/install/px4_msgs/include/px4_msgs/px4_msgs/msg/detail/camera_status__type_support.cpp\n'}
[2.124064] (px4_msgs) StdoutLine: {'line': b'-- Up-to-date: /home/harsh/ros2_project/install/px4_msgs/include/px4_msgs/px4_msgs/msg/detail/wind__type_support.cpp\n'}
[2.124123] (px4_msgs) StdoutLine: {'line': b'-- Up-to-date: /home/harsh/ros2_project/install/px4_msgs/include/px4_msgs/px4_msgs/msg/detail/esc_status__type_support.cpp\n'}
[2.124181] (px4_msgs) StdoutLine: {'line': b'-- Up-to-date: /home/harsh/ros2_project/install/px4_msgs/include/px4_msgs/px4_msgs/msg/detail/autotune_attitude_control_status__type_support.cpp\n'}
[2.124241] (px4_msgs) StdoutLine: {'line': b'-- Up-to-date: /home/harsh/ros2_project/install/px4_msgs/include/px4_msgs/px4_msgs/msg/detail/internal_combustion_engine_status__type_support.cpp\n'}
[2.124297] (px4_msgs) StdoutLine: {'line': b'-- Up-to-date: /home/harsh/ros2_project/install/px4_msgs/include/px4_msgs/px4_msgs/msg/detail/sensor_hygrometer__type_support.cpp\n'}
[2.124353] (px4_msgs) StdoutLine: {'line': b'-- Up-to-date: /home/harsh/ros2_project/install/px4_msgs/include/px4_msgs/px4_msgs/msg/detail/actuator_motors__type_support.cpp\n'}
[2.124436] (px4_msgs) StdoutLine: {'line': b'-- Up-to-date: /home/harsh/ros2_project/install/px4_msgs/include/px4_msgs/px4_msgs/msg/detail/iridiumsbd_status__rosidl_typesupport_introspection_cpp.hpp\n'}
[2.124492] (px4_msgs) StdoutLine: {'line': b'-- Up-to-date: /home/harsh/ros2_project/install/px4_msgs/include/px4_msgs/px4_msgs/msg/detail/ulog_stream_ack__type_support.cpp\n'}
[2.124544] (px4_msgs) StdoutLine: {'line': b'-- Up-to-date: /home/harsh/ros2_project/install/px4_msgs/include/px4_msgs/px4_msgs/msg/detail/position_controller_landing_status__type_support.cpp\n'}
[2.124596] (px4_msgs) StdoutLine: {'line': b'-- Up-to-date: /home/harsh/ros2_project/install/px4_msgs/include/px4_msgs/px4_msgs/msg/detail/power_button_state__type_support.cpp\n'}
[2.124650] (px4_msgs) StdoutLine: {'line': b'-- Up-to-date: /home/harsh/ros2_project/install/px4_msgs/include/px4_msgs/px4_msgs/msg/detail/estimator_aid_source2d__rosidl_typesupport_introspection_cpp.hpp\n'}
[2.124707] (px4_msgs) StdoutLine: {'line': b'-- Up-to-date: /home/harsh/ros2_project/install/px4_msgs/include/px4_msgs/px4_msgs/msg/detail/vehicle_trajectory_bezier__type_support.cpp\n'}
[2.124764] (px4_msgs) StdoutLine: {'line': b'-- Up-to-date: /home/harsh/ros2_project/install/px4_msgs/include/px4_msgs/px4_msgs/msg/detail/onboard_computer_status__rosidl_typesupport_introspection_cpp.hpp\n'}
[2.124823] (px4_msgs) StdoutLine: {'line': b'-- Up-to-date: /home/harsh/ros2_project/install/px4_msgs/include/px4_msgs/px4_msgs/msg/detail/mag_worker_data__rosidl_typesupport_introspection_cpp.hpp\n'}
[2.124879] (px4_msgs) StdoutLine: {'line': b'-- Up-to-date: /home/harsh/ros2_project/install/px4_msgs/include/px4_msgs/px4_msgs/msg/detail/parameter_reset_request__type_support.cpp\n'}
[2.124936] (px4_msgs) StdoutLine: {'line': b'-- Up-to-date: /home/harsh/ros2_project/install/px4_msgs/include/px4_msgs/px4_msgs/msg/detail/magnetometer_bias_estimate__type_support.cpp\n'}
[2.125002] (px4_msgs) StdoutLine: {'line': b'-- Up-to-date: /home/harsh/ros2_project/install/px4_msgs/include/px4_msgs/px4_msgs/msg/detail/debug_value__rosidl_typesupport_introspection_cpp.hpp\n'}
[2.125072] (px4_msgs) StdoutLine: {'line': b'-- Up-to-date: /home/harsh/ros2_project/install/px4_msgs/include/px4_msgs/px4_msgs/msg/detail/arming_check_request__rosidl_typesupport_introspection_cpp.hpp\n'}
[2.125126] (px4_msgs) StdoutLine: {'line': b'-- Up-to-date: /home/harsh/ros2_project/install/px4_msgs/include/px4_msgs/px4_msgs/msg/detail/gpio_out__rosidl_typesupport_introspection_cpp.hpp\n'}
[2.125225] (px4_msgs) StdoutLine: {'line': b'-- Up-to-date: /home/harsh/ros2_project/install/px4_msgs/include/px4_msgs/px4_msgs/msg/detail/gimbal_device_set_attitude__rosidl_typesupport_introspection_cpp.hpp\n'}
[2.125283] (px4_msgs) StdoutLine: {'line': b'-- Up-to-date: /home/harsh/ros2_project/install/px4_msgs/include/px4_msgs/px4_msgs/msg/detail/rpm__type_support.cpp\n'}
[2.125336] (px4_msgs) StdoutLine: {'line': b'-- Up-to-date: /home/harsh/ros2_project/install/px4_msgs/include/px4_msgs/px4_msgs/msg/detail/orb_test_medium__rosidl_typesupport_introspection_cpp.hpp\n'}
[2.125394] (px4_msgs) StdoutLine: {'line': b'-- Up-to-date: /home/harsh/ros2_project/install/px4_msgs/include/px4_msgs/px4_msgs/msg/detail/follow_target_estimator__rosidl_typesupport_introspection_cpp.hpp\n'}
[2.125448] (px4_msgs) StdoutLine: {'line': b'-- Up-to-date: /home/harsh/ros2_project/install/px4_msgs/include/px4_msgs/px4_msgs/msg/detail/actuator_servos__rosidl_typesupport_introspection_cpp.hpp\n'}
[2.125501] (px4_msgs) StdoutLine: {'line': b'-- Up-to-date: /home/harsh/ros2_project/install/px4_msgs/include/px4_msgs/px4_msgs/msg/detail/sensor_selection__rosidl_typesupport_introspection_cpp.hpp\n'}
[2.125553] (px4_msgs) StdoutLine: {'line': b'-- Up-to-date: /home/harsh/ros2_project/install/px4_msgs/include/px4_msgs/px4_msgs/msg/detail/uavcan_parameter_request__rosidl_typesupport_introspection_cpp.hpp\n'}
[2.125673] (px4_msgs) StdoutLine: {'line': b'-- Up-to-date: /home/harsh/ros2_project/install/px4_msgs/include/px4_msgs/px4_msgs/msg/detail/figure_eight_status__type_support.cpp\n'}
[2.125777] (px4_msgs) StdoutLine: {'line': b'-- Up-to-date: /home/harsh/ros2_project/install/px4_msgs/include/px4_msgs/px4_msgs/msg/detail/satellite_info__type_support.cpp\n'}
[2.125852] (px4_msgs) StdoutLine: {'line': b'-- Up-to-date: /home/harsh/ros2_project/install/px4_msgs/include/px4_msgs/px4_msgs/msg/detail/camera_trigger__rosidl_typesupport_introspection_cpp.hpp\n'}
[2.125927] (px4_msgs) StdoutLine: {'line': b'-- Up-to-date: /home/harsh/ros2_project/install/px4_msgs/include/px4_msgs/px4_msgs/msg/detail/gimbal_manager_information__type_support.cpp\n'}
[2.126011] (px4_msgs) StdoutLine: {'line': b'-- Up-to-date: /home/harsh/ros2_project/install/px4_msgs/include/px4_msgs/px4_msgs/msg/detail/uavcan_parameter_request__type_support.cpp\n'}
[2.126092] (px4_msgs) StdoutLine: {'line': b'-- Up-to-date: /home/harsh/ros2_project/install/px4_msgs/include/px4_msgs/px4_msgs/msg/detail/flight_phase_estimation__rosidl_typesupport_introspection_cpp.hpp\n'}
[2.126171] (px4_msgs) StdoutLine: {'line': b'-- Up-to-date: /home/harsh/ros2_project/install/px4_msgs/include/px4_msgs/px4_msgs/msg/detail/gimbal_device_attitude_status__rosidl_typesupport_introspection_cpp.hpp\n'}
[2.126248] (px4_msgs) StdoutLine: {'line': b'-- Up-to-date: /home/harsh/ros2_project/install/px4_msgs/include/px4_msgs/px4_msgs/msg/detail/vehicle_imu__rosidl_typesupport_introspection_cpp.hpp\n'}
[2.126327] (px4_msgs) StdoutLine: {'line': b'-- Up-to-date: /home/harsh/ros2_project/install/px4_msgs/include/px4_msgs/px4_msgs/msg/detail/gpio_request__rosidl_typesupport_introspection_cpp.hpp\n'}
[2.126405] (px4_msgs) StdoutLine: {'line': b'-- Up-to-date: /home/harsh/ros2_project/install/px4_msgs/include/px4_msgs/px4_msgs/msg/detail/uavcan_parameter_value__rosidl_typesupport_introspection_cpp.hpp\n'}
[2.126478] (px4_msgs) StdoutLine: {'line': b'-- Up-to-date: /home/harsh/ros2_project/install/px4_msgs/include/px4_msgs/px4_msgs/msg/detail/actuator_controls_status__type_support.cpp\n'}
[2.126535] (px4_msgs) StdoutLine: {'line': b'-- Up-to-date: /home/harsh/ros2_project/install/px4_msgs/include/px4_msgs/px4_msgs/msg/detail/esc_report__type_support.cpp\n'}
[2.126592] (px4_msgs) StdoutLine: {'line': b'-- Up-to-date: /home/harsh/ros2_project/install/px4_msgs/include/px4_msgs/px4_msgs/msg/detail/sensor_gyro_fft__type_support.cpp\n'}
[2.126650] (px4_msgs) StdoutLine: {'line': b'-- Up-to-date: /home/harsh/ros2_project/install/px4_msgs/include/px4_msgs/px4_msgs/msg/detail/debug_array__type_support.cpp\n'}
[2.126706] (px4_msgs) StdoutLine: {'line': b'-- Up-to-date: /home/harsh/ros2_project/install/px4_msgs/include/px4_msgs/px4_msgs/msg/detail/input_rc__rosidl_typesupport_introspection_cpp.hpp\n'}
[2.126761] (px4_msgs) StdoutLine: {'line': b'-- Up-to-date: /home/harsh/ros2_project/install/px4_msgs/include/px4_msgs/px4_msgs/msg/detail/vehicle_local_position__type_support.cpp\n'}
[2.126818] (px4_msgs) StdoutLine: {'line': b'-- Up-to-date: /home/harsh/ros2_project/install/px4_msgs/include/px4_msgs/px4_msgs/msg/detail/vehicle_attitude__type_support.cpp\n'}
[2.126875] (px4_msgs) StdoutLine: {'line': b'-- Up-to-date: /home/harsh/ros2_project/install/px4_msgs/include/px4_msgs/px4_msgs/msg/detail/collision_constraints__type_support.cpp\n'}
[2.126932] (px4_msgs) StdoutLine: {'line': b'-- Up-to-date: /home/harsh/ros2_project/install/px4_msgs/include/px4_msgs/px4_msgs/msg/detail/health_report__rosidl_typesupport_introspection_cpp.hpp\n'}
[2.127164] (px4_msgs) StdoutLine: {'line': b'-- Up-to-date: /home/harsh/ros2_project/install/px4_msgs/include/px4_msgs/px4_msgs/msg/detail/dataman_response__type_support.cpp\n'}
[2.127274] (px4_msgs) StdoutLine: {'line': b'-- Up-to-date: /home/harsh/ros2_project/install/px4_msgs/include/px4_msgs/px4_msgs/msg/detail/gpio_in__type_support.cpp\n'}
[2.127386] (px4_msgs) StdoutLine: {'line': b'-- Up-to-date: /home/harsh/ros2_project/install/px4_msgs/include/px4_msgs/px4_msgs/msg/detail/sensor_baro__type_support.cpp\n'}
[2.127467] (px4_msgs) StdoutLine: {'line': b'-- Up-to-date: /home/harsh/ros2_project/install/px4_msgs/include/px4_msgs/px4_msgs/msg/detail/camera_status__rosidl_typesupport_introspection_cpp.hpp\n'}
[2.127545] (px4_msgs) StdoutLine: {'line': b'-- Up-to-date: /home/harsh/ros2_project/install/px4_msgs/include/px4_msgs/px4_msgs/msg/detail/launch_detection_status__type_support.cpp\n'}
[2.127616] (px4_msgs) StdoutLine: {'line': b'-- Up-to-date: /home/harsh/ros2_project/install/px4_msgs/include/px4_msgs/px4_msgs/msg/detail/estimator_event_flags__rosidl_typesupport_introspection_cpp.hpp\n'}
[2.127687] (px4_msgs) StdoutLine: {'line': b'-- Up-to-date: /home/harsh/ros2_project/install/px4_msgs/include/px4_msgs/px4_msgs/msg/detail/vehicle_attitude_setpoint__rosidl_typesupport_introspection_cpp.hpp\n'}
[2.127760] (px4_msgs) StdoutLine: {'line': b'-- Up-to-date: /home/harsh/ros2_project/install/px4_msgs/include/px4_msgs/px4_msgs/msg/detail/position_setpoint_triplet__rosidl_typesupport_introspection_cpp.hpp\n'}
[2.127833] (px4_msgs) StdoutLine: {'line': b'-- Up-to-date: /home/harsh/ros2_project/install/px4_msgs/include/px4_msgs/px4_msgs/msg/detail/estimator_event_flags__type_support.cpp\n'}
[2.127905] (px4_msgs) StdoutLine: {'line': b'-- Up-to-date: /home/harsh/ros2_project/install/px4_msgs/include/px4_msgs/px4_msgs/msg/detail/task_stack_info__type_support.cpp\n'}
[2.127977] (px4_msgs) StdoutLine: {'line': b'-- Up-to-date: /home/harsh/ros2_project/install/px4_msgs/include/px4_msgs/px4_msgs/msg/detail/orb_test_large__type_support.cpp\n'}
[2.128086] (px4_msgs) StdoutLine: {'line': b'-- Up-to-date: /home/harsh/ros2_project/install/px4_msgs/include/px4_msgs/px4_msgs/msg/detail/tiltrotor_extra_controls__rosidl_typesupport_introspection_cpp.hpp\n'}
[2.128156] (px4_msgs) StdoutLine: {'line': b'-- Up-to-date: /home/harsh/ros2_project/install/px4_msgs/include/px4_msgs/px4_msgs/msg/detail/mount_orientation__rosidl_typesupport_introspection_cpp.hpp\n'}
[2.128227] (px4_msgs) StdoutLine: {'line': b'-- Up-to-date: /home/harsh/ros2_project/install/px4_msgs/include/px4_msgs/px4_msgs/msg/detail/yaw_estimator_status__type_support.cpp\n'}
[2.128298] (px4_msgs) StdoutLine: {'line': b'-- Up-to-date: /home/harsh/ros2_project/install/px4_msgs/include/px4_msgs/px4_msgs/msg/detail/goto_setpoint__rosidl_typesupport_introspection_cpp.hpp\n'}
[2.128370] (px4_msgs) StdoutLine: {'line': b'-- Up-to-date: /home/harsh/ros2_project/install/px4_msgs/include/px4_msgs/px4_msgs/msg/detail/vehicle_rates_setpoint__type_support.cpp\n'}
[2.128440] (px4_msgs) StdoutLine: {'line': b'-- Up-to-date: /home/harsh/ros2_project/install/px4_msgs/include/px4_msgs/px4_msgs/msg/detail/power_monitor__type_support.cpp\n'}
[2.128511] (px4_msgs) StdoutLine: {'line': b'-- Up-to-date: /home/harsh/ros2_project/install/px4_msgs/include/px4_msgs/px4_msgs/msg/detail/gps_dump__rosidl_typesupport_introspection_cpp.hpp\n'}
[2.128586] (px4_msgs) StdoutLine: {'line': b'-- Up-to-date: /home/harsh/ros2_project/install/px4_msgs/include/px4_msgs/px4_msgs/msg/detail/adc_report__type_support.cpp\n'}
[2.128659] (px4_msgs) StdoutLine: {'line': b'-- Up-to-date: /home/harsh/ros2_project/install/px4_msgs/include/px4_msgs/px4_msgs/msg/detail/cellular_status__rosidl_typesupport_introspection_cpp.hpp\n'}
[2.128729] (px4_msgs) StdoutLine: {'line': b'-- Up-to-date: /home/harsh/ros2_project/install/px4_msgs/include/px4_msgs/px4_msgs/msg/detail/qshell_req__rosidl_typesupport_introspection_cpp.hpp\n'}
[2.128801] (px4_msgs) StdoutLine: {'line': b'-- Up-to-date: /home/harsh/ros2_project/install/px4_msgs/include/px4_msgs/px4_msgs/msg/detail/px4io_status__type_support.cpp\n'}
[2.128872] (px4_msgs) StdoutLine: {'line': b'-- Up-to-date: /home/harsh/ros2_project/install/px4_msgs/include/px4_msgs/px4_msgs/msg/detail/vehicle_roi__rosidl_typesupport_introspection_cpp.hpp\n'}
[2.128943] (px4_msgs) StdoutLine: {'line': b'-- Up-to-date: /home/harsh/ros2_project/install/px4_msgs/include/px4_msgs/px4_msgs/msg/detail/rtl_time_estimate__type_support.cpp\n'}
[2.129032] (px4_msgs) StdoutLine: {'line': b'-- Up-to-date: /home/harsh/ros2_project/install/px4_msgs/include/px4_msgs/px4_msgs/msg/detail/gpio_in__rosidl_typesupport_introspection_cpp.hpp\n'}
[2.129139] (px4_msgs) StdoutLine: {'line': b'-- Up-to-date: /home/harsh/ros2_project/install/px4_msgs/include/px4_msgs/px4_msgs/msg/detail/npfg_status__type_support.cpp\n'}
[2.129208] (px4_msgs) StdoutLine: {'line': b'-- Up-to-date: /home/harsh/ros2_project/install/px4_msgs/include/px4_msgs/px4_msgs/msg/detail/wheel_encoders__rosidl_typesupport_introspection_cpp.hpp\n'}
[2.129277] (px4_msgs) StdoutLine: {'line': b'-- Up-to-date: /home/harsh/ros2_project/install/px4_msgs/include/px4_msgs/px4_msgs/msg/detail/vehicle_air_data__rosidl_typesupport_introspection_cpp.hpp\n'}
[2.129346] (px4_msgs) StdoutLine: {'line': b'-- Up-to-date: /home/harsh/ros2_project/install/px4_msgs/include/px4_msgs/px4_msgs/msg/detail/gps_inject_data__rosidl_typesupport_introspection_cpp.hpp\n'}
[2.129435] (px4_msgs) StdoutLine: {'line': b'-- Up-to-date: /home/harsh/ros2_project/install/px4_msgs/include/px4_msgs/px4_msgs/msg/detail/gimbal_controls__type_support.cpp\n'}
[2.129501] (px4_msgs) StdoutLine: {'line': b'-- Up-to-date: /home/harsh/ros2_project/install/px4_msgs/include/px4_msgs/px4_msgs/msg/detail/vehicle_optical_flow__type_support.cpp\n'}
[2.129572] (px4_msgs) StdoutLine: {'line': b'-- Up-to-date: /home/harsh/ros2_project/install/px4_msgs/include/px4_msgs/px4_msgs/msg/detail/ekf2_timestamps__type_support.cpp\n'}
[2.129643] (px4_msgs) StdoutLine: {'line': b'-- Up-to-date: /home/harsh/ros2_project/install/px4_msgs/include/px4_msgs/px4_msgs/msg/detail/esc_status__rosidl_typesupport_introspection_cpp.hpp\n'}
[2.129714] (px4_msgs) StdoutLine: {'line': b'-- Up-to-date: /home/harsh/ros2_project/install/px4_msgs/include/px4_msgs/px4_msgs/msg/detail/debug_vect__type_support.cpp\n'}
[2.129782] (px4_msgs) StdoutLine: {'line': b'-- Up-to-date: /home/harsh/ros2_project/install/px4_msgs/include/px4_msgs/px4_msgs/msg/detail/wheel_encoders__type_support.cpp\n'}
[2.129851] (px4_msgs) StdoutLine: {'line': b'-- Up-to-date: /home/harsh/ros2_project/install/px4_msgs/include/px4_msgs/px4_msgs/msg/detail/debug_key_value__type_support.cpp\n'}
[2.129918] (px4_msgs) StdoutLine: {'line': b'-- Up-to-date: /home/harsh/ros2_project/install/px4_msgs/include/px4_msgs/px4_msgs/msg/detail/config_overrides__rosidl_typesupport_introspection_cpp.hpp\n'}
[2.130010] (px4_msgs) StdoutLine: {'line': b'-- Up-to-date: /home/harsh/ros2_project/install/px4_msgs/include/px4_msgs/px4_msgs/msg/detail/generator_status__rosidl_typesupport_introspection_cpp.hpp\n'}
[2.130083] (px4_msgs) StdoutLine: {'line': b'-- Up-to-date: /home/harsh/ros2_project/install/px4_msgs/include/px4_msgs/px4_msgs/msg/detail/mission_result__type_support.cpp\n'}
[2.130146] (px4_msgs) StdoutLine: {'line': b'-- Up-to-date: /home/harsh/ros2_project/install/px4_msgs/include/px4_msgs/px4_msgs/msg/detail/rc_channels__rosidl_typesupport_introspection_cpp.hpp\n'}
[2.130209] (px4_msgs) StdoutLine: {'line': b'-- Up-to-date: /home/harsh/ros2_project/install/px4_msgs/include/px4_msgs/px4_msgs/msg/detail/estimator_bias3d__rosidl_typesupport_introspection_cpp.hpp\n'}
[2.130275] (px4_msgs) StdoutLine: {'line': b'-- Up-to-date: /home/harsh/ros2_project/install/px4_msgs/include/px4_msgs/px4_msgs/msg/detail/airspeed_validated__type_support.cpp\n'}
[2.130345] (px4_msgs) StdoutLine: {'line': b'-- Up-to-date: /home/harsh/ros2_project/install/px4_msgs/include/px4_msgs/px4_msgs/msg/detail/gimbal_manager_set_attitude__rosidl_typesupport_introspection_cpp.hpp\n'}
[2.130414] (px4_msgs) StdoutLine: {'line': b'-- Up-to-date: /home/harsh/ros2_project/install/px4_msgs/include/px4_msgs/px4_msgs/msg/detail/landing_gear__type_support.cpp\n'}
[2.130484] (px4_msgs) StdoutLine: {'line': b'-- Up-to-date: /home/harsh/ros2_project/install/px4_msgs/include/px4_msgs/px4_msgs/msg/detail/button_event__type_support.cpp\n'}
[2.130551] (px4_msgs) StdoutLine: {'line': b'-- Up-to-date: /home/harsh/ros2_project/install/px4_msgs/include/px4_msgs/px4_msgs/msg/detail/actuator_test__rosidl_typesupport_introspection_cpp.hpp\n'}
[2.130622] (px4_msgs) StdoutLine: {'line': b'-- Up-to-date: /home/harsh/ros2_project/install/px4_msgs/include/px4_msgs/px4_msgs/msg/detail/message_format_response__rosidl_typesupport_introspection_cpp.hpp\n'}
[2.130706] (px4_msgs) StdoutLine: {'line': b'-- Up-to-date: /home/harsh/ros2_project/install/px4_msgs/include/px4_msgs/px4_msgs/msg/detail/gps_dump__type_support.cpp\n'}
[2.130770] (px4_msgs) StdoutLine: {'line': b'-- Up-to-date: /home/harsh/ros2_project/install/px4_msgs/include/px4_msgs/px4_msgs/msg/detail/system_power__rosidl_typesupport_introspection_cpp.hpp\n'}
[2.130841] (px4_msgs) StdoutLine: {'line': b'-- Up-to-date: /home/harsh/ros2_project/install/px4_msgs/include/px4_msgs/px4_msgs/msg/detail/trajectory_waypoint__rosidl_typesupport_introspection_cpp.hpp\n'}
[2.130912] (px4_msgs) StdoutLine: {'line': b'-- Up-to-date: /home/harsh/ros2_project/install/px4_msgs/include/px4_msgs/px4_msgs/msg/detail/action_request__type_support.cpp\n'}
[2.130991] (px4_msgs) StdoutLine: {'line': b'-- Up-to-date: /home/harsh/ros2_project/install/px4_msgs/include/px4_msgs/px4_msgs/msg/detail/position_controller_status__rosidl_typesupport_introspection_cpp.hpp\n'}
[2.131070] (px4_msgs) StdoutLine: {'line': b'-- Up-to-date: /home/harsh/ros2_project/install/px4_msgs/include/px4_msgs/px4_msgs/msg/detail/vehicle_constraints__rosidl_typesupport_introspection_cpp.hpp\n'}
[2.131138] (px4_msgs) StdoutLine: {'line': b'-- Up-to-date: /home/harsh/ros2_project/install/px4_msgs/include/px4_msgs/px4_msgs/msg/detail/parameter_set_value_request__rosidl_typesupport_introspection_cpp.hpp\n'}
[2.131207] (px4_msgs) StdoutLine: {'line': b'-- Up-to-date: /home/harsh/ros2_project/install/px4_msgs/include/px4_msgs/px4_msgs/msg/detail/vehicle_odometry__rosidl_typesupport_introspection_cpp.hpp\n'}
[2.131277] (px4_msgs) StdoutLine: {'line': b'-- Up-to-date: /home/harsh/ros2_project/install/px4_msgs/include/px4_msgs/px4_msgs/msg/detail/ulog_stream__type_support.cpp\n'}
[2.131363] (px4_msgs) StdoutLine: {'line': b'-- Up-to-date: /home/harsh/ros2_project/install/px4_msgs/include/px4_msgs/px4_msgs/msg/detail/sensor_selection__type_support.cpp\n'}
[2.131431] (px4_msgs) StdoutLine: {'line': b'-- Up-to-date: /home/harsh/ros2_project/install/px4_msgs/include/px4_msgs/px4_msgs/msg/detail/parameter_set_value_request__type_support.cpp\n'}
[2.131503] (px4_msgs) StdoutLine: {'line': b'-- Up-to-date: /home/harsh/ros2_project/install/px4_msgs/include/px4_msgs/px4_msgs/msg/detail/pwm_input__type_support.cpp\n'}
[2.131568] (px4_msgs) StdoutLine: {'line': b'-- Up-to-date: /home/harsh/ros2_project/install/px4_msgs/include/px4_msgs/px4_msgs/msg/detail/vtol_vehicle_status__type_support.cpp\n'}
[2.131639] (px4_msgs) StdoutLine: {'line': b'-- Up-to-date: /home/harsh/ros2_project/install/px4_msgs/include/px4_msgs/px4_msgs/msg/detail/home_position__rosidl_typesupport_introspection_cpp.hpp\n'}
[2.131709] (px4_msgs) StdoutLine: {'line': b'-- Up-to-date: /home/harsh/ros2_project/install/px4_msgs/include/px4_msgs/px4_msgs/msg/detail/timesync_status__rosidl_typesupport_introspection_cpp.hpp\n'}
[2.131779] (px4_msgs) StdoutLine: {'line': b'-- Up-to-date: /home/harsh/ros2_project/install/px4_msgs/include/px4_msgs/px4_msgs/msg/detail/irlock_report__type_support.cpp\n'}
[2.131847] (px4_msgs) StdoutLine: {'line': b'-- Up-to-date: /home/harsh/ros2_project/install/px4_msgs/include/px4_msgs/px4_msgs/msg/detail/gimbal_manager_status__type_support.cpp\n'}
[2.131916] (px4_msgs) StdoutLine: {'line': b'-- Up-to-date: /home/harsh/ros2_project/install/px4_msgs/include/px4_msgs/px4_msgs/msg/detail/vehicle_imu_status__rosidl_typesupport_introspection_cpp.hpp\n'}
[2.131993] (px4_msgs) StdoutLine: {'line': b'-- Up-to-date: /home/harsh/ros2_project/install/px4_msgs/include/px4_msgs/px4_msgs/msg/detail/estimator_aid_source2d__type_support.cpp\n'}
[2.132070] (px4_msgs) StdoutLine: {'line': b'-- Up-to-date: /home/harsh/ros2_project/install/px4_msgs/include/px4_msgs/px4_msgs/msg/detail/estimator_status_flags__rosidl_typesupport_introspection_cpp.hpp\n'}
[2.132138] (px4_msgs) StdoutLine: {'line': b'-- Up-to-date: /home/harsh/ros2_project/install/px4_msgs/include/px4_msgs/px4_msgs/msg/detail/estimator_aid_source1d__type_support.cpp\n'}
[2.132208] (px4_msgs) StdoutLine: {'line': b'-- Up-to-date: /home/harsh/ros2_project/install/px4_msgs/include/px4_msgs/px4_msgs/msg/detail/mavlink_tunnel__rosidl_typesupport_introspection_cpp.hpp\n'}
[2.132295] (px4_msgs) StdoutLine: {'line': b'-- Up-to-date: /home/harsh/ros2_project/install/px4_msgs/include/px4_msgs/px4_msgs/msg/detail/uavcan_parameter_value__type_support.cpp\n'}
[2.132364] (px4_msgs) StdoutLine: {'line': b'-- Up-to-date: /home/harsh/ros2_project/install/px4_msgs/include/px4_msgs/px4_msgs/msg/detail/differential_pressure__type_support.cpp\n'}
[2.132427] (px4_msgs) StdoutLine: {'line': b'-- Up-to-date: /home/harsh/ros2_project/install/px4_msgs/include/px4_msgs/px4_msgs/msg/detail/register_ext_component_reply__rosidl_typesupport_introspection_cpp.hpp\n'}
[2.132492] (px4_msgs) StdoutLine: {'line': b'-- Up-to-date: /home/harsh/ros2_project/install/px4_msgs/include/px4_msgs/px4_msgs/msg/detail/parameter_set_used_request__type_support.cpp\n'}
[2.132556] (px4_msgs) StdoutLine: {'line': b'-- Up-to-date: /home/harsh/ros2_project/install/px4_msgs/include/px4_msgs/px4_msgs/msg/detail/mission_result__rosidl_typesupport_introspection_cpp.hpp\n'}
[2.132620] (px4_msgs) StdoutLine: {'line': b'-- Up-to-date: /home/harsh/ros2_project/install/px4_msgs/include/px4_msgs/px4_msgs/msg/detail/unregister_ext_component__rosidl_typesupport_introspection_cpp.hpp\n'}
[2.132688] (px4_msgs) StdoutLine: {'line': b'-- Up-to-date: /home/harsh/ros2_project/install/px4_msgs/include/px4_msgs/px4_msgs/msg/detail/velocity_limits__type_support.cpp\n'}
[2.132757] (px4_msgs) StdoutLine: {'line': b'-- Up-to-date: /home/harsh/ros2_project/install/px4_msgs/include/px4_msgs/px4_msgs/msg/detail/estimator_innovations__type_support.cpp\n'}
[2.132826] (px4_msgs) StdoutLine: {'line': b'-- Up-to-date: /home/harsh/ros2_project/install/px4_msgs/include/px4_msgs/px4_msgs/msg/detail/pps_capture__rosidl_typesupport_introspection_cpp.hpp\n'}
[2.132894] (px4_msgs) StdoutLine: {'line': b'-- Up-to-date: /home/harsh/ros2_project/install/px4_msgs/include/px4_msgs/px4_msgs/msg/detail/orbit_status__type_support.cpp\n'}
[2.132963] (px4_msgs) StdoutLine: {'line': b'-- Up-to-date: /home/harsh/ros2_project/install/px4_msgs/include/px4_msgs/px4_msgs/msg/detail/vehicle_land_detected__rosidl_typesupport_introspection_cpp.hpp\n'}
[2.133047] (px4_msgs) StdoutLine: {'line': b'-- Up-to-date: /home/harsh/ros2_project/install/px4_msgs/include/px4_msgs/px4_msgs/msg/detail/landing_gear_wheel__type_support.cpp\n'}
[2.133117] (px4_msgs) StdoutLine: {'line': b'-- Up-to-date: /home/harsh/ros2_project/install/px4_msgs/include/px4_msgs/px4_msgs/msg/detail/differential_drive_setpoint__type_support.cpp\n'}
[2.133186] (px4_msgs) StdoutLine: {'line': b'-- Up-to-date: /home/harsh/ros2_project/install/px4_msgs/include/px4_msgs/px4_msgs/msg/detail/landing_gear__rosidl_typesupport_introspection_cpp.hpp\n'}
[2.133273] (px4_msgs) StdoutLine: {'line': b'-- Up-to-date: /home/harsh/ros2_project/install/px4_msgs/include/px4_msgs/px4_msgs/msg/detail/failure_detector_status__type_support.cpp\n'}
[2.133342] (px4_msgs) StdoutLine: {'line': b'-- Up-to-date: /home/harsh/ros2_project/install/px4_msgs/include/px4_msgs/px4_msgs/msg/detail/vehicle_trajectory_waypoint__type_support.cpp\n'}
[2.133411] (px4_msgs) StdoutLine: {'line': b'-- Up-to-date: /home/harsh/ros2_project/install/px4_msgs/include/px4_msgs/px4_msgs/msg/detail/debug_vect__rosidl_typesupport_introspection_cpp.hpp\n'}
[2.133481] (px4_msgs) StdoutLine: {'line': b'-- Up-to-date: /home/harsh/ros2_project/install/px4_msgs/include/px4_msgs/px4_msgs/msg/detail/ulog_stream_ack__rosidl_typesupport_introspection_cpp.hpp\n'}
[2.133566] (px4_msgs) StdoutLine: {'line': b'-- Up-to-date: /home/harsh/ros2_project/install/px4_msgs/include/px4_msgs/px4_msgs/msg/detail/gripper__rosidl_typesupport_introspection_cpp.hpp\n'}
[2.133637] (px4_msgs) StdoutLine: {'line': b'-- Up-to-date: /home/harsh/ros2_project/install/px4_msgs/include/px4_msgs/px4_msgs/msg/detail/actuator_servos_trim__rosidl_typesupport_introspection_cpp.hpp\n'}
[2.133704] (px4_msgs) StdoutLine: {'line': b'-- Up-to-date: /home/harsh/ros2_project/install/px4_msgs/include/px4_msgs/px4_msgs/msg/detail/register_ext_component_reply__type_support.cpp\n'}
[2.133780] (px4_msgs) StdoutLine: {'line': b'-- Up-to-date: /home/harsh/ros2_project/install/px4_msgs/include/px4_msgs/px4_msgs/msg/detail/sensor_accel__type_support.cpp\n'}
[2.133844] (px4_msgs) StdoutLine: {'line': b'-- Up-to-date: /home/harsh/ros2_project/install/px4_msgs/include/px4_msgs/px4_msgs/msg/detail/trajectory_bezier__type_support.cpp\n'}
[2.133905] (px4_msgs) StdoutLine: {'line': b'-- Up-to-date: /home/harsh/ros2_project/install/px4_msgs/include/px4_msgs/px4_msgs/msg/detail/autotune_attitude_control_status__rosidl_typesupport_introspection_cpp.hpp\n'}
[2.133976] (px4_msgs) StdoutLine: {'line': b'-- Up-to-date: /home/harsh/ros2_project/install/px4_msgs/include/px4_msgs/px4_msgs/msg/detail/unregister_ext_component__type_support.cpp\n'}
[2.134069] (px4_msgs) StdoutLine: {'line': b'-- Up-to-date: /home/harsh/ros2_project/install/px4_msgs/include/px4_msgs/px4_msgs/msg/detail/sensor_correction__type_support.cpp\n'}
[2.134133] (px4_msgs) StdoutLine: {'line': b'-- Up-to-date: /home/harsh/ros2_project/install/px4_msgs/include/px4_msgs/px4_msgs/msg/detail/estimator_aid_source3d__rosidl_typesupport_introspection_cpp.hpp\n'}
[2.134194] (px4_msgs) StdoutLine: {'line': b'-- Up-to-date: /home/harsh/ros2_project/install/px4_msgs/include/px4_msgs/px4_msgs/msg/detail/sensor_combined__type_support.cpp\n'}
[2.134258] (px4_msgs) StdoutLine: {'line': b'-- Up-to-date: /home/harsh/ros2_project/install/px4_msgs/include/px4_msgs/px4_msgs/msg/detail/log_message__rosidl_typesupport_introspection_cpp.hpp\n'}
[2.134323] (px4_msgs) StdoutLine: {'line': b'-- Up-to-date: /home/harsh/ros2_project/install/px4_msgs/include/px4_msgs/px4_msgs/msg/detail/mission__type_support.cpp\n'}
[2.134390] (px4_msgs) StdoutLine: {'line': b'-- Up-to-date: /home/harsh/ros2_project/install/px4_msgs/include/px4_msgs/px4_msgs/msg/detail/orb_test__type_support.cpp\n'}
[2.134456] (px4_msgs) StdoutLine: {'line': b'-- Up-to-date: /home/harsh/ros2_project/install/px4_msgs/include/px4_msgs/px4_msgs/msg/detail/vehicle_optical_flow__rosidl_typesupport_introspection_cpp.hpp\n'}
[2.134524] (px4_msgs) StdoutLine: {'line': b'-- Up-to-date: /home/harsh/ros2_project/install/px4_msgs/include/px4_msgs/px4_msgs/msg/detail/mavlink_log__rosidl_typesupport_introspection_cpp.hpp\n'}
[2.134588] (px4_msgs) StdoutLine: {'line': b'-- Up-to-date: /home/harsh/ros2_project/install/px4_msgs/include/px4_msgs/px4_msgs/msg/detail/ulog_stream__rosidl_typesupport_introspection_cpp.hpp\n'}
[2.134653] (px4_msgs) StdoutLine: {'line': b'-- Up-to-date: /home/harsh/ros2_project/install/px4_msgs/include/px4_msgs/px4_msgs/msg/detail/vehicle_global_position__type_support.cpp\n'}
[2.134717] (px4_msgs) StdoutLine: {'line': b'-- Up-to-date: /home/harsh/ros2_project/install/px4_msgs/include/px4_msgs/px4_msgs/msg/detail/internal_combustion_engine_status__rosidl_typesupport_introspection_cpp.hpp\n'}
[2.134781] (px4_msgs) StdoutLine: {'line': b'-- Up-to-date: /home/harsh/ros2_project/install/px4_msgs/include/px4_msgs/px4_msgs/msg/detail/radio_status__rosidl_typesupport_introspection_cpp.hpp\n'}
[2.134847] (px4_msgs) StdoutLine: {'line': b'-- Up-to-date: /home/harsh/ros2_project/install/px4_msgs/include/px4_msgs/px4_msgs/msg/detail/arming_check_request__type_support.cpp\n'}
[2.134913] (px4_msgs) StdoutLine: {'line': b'-- Up-to-date: /home/harsh/ros2_project/install/px4_msgs/include/px4_msgs/px4_msgs/msg/detail/onboard_computer_status__type_support.cpp\n'}
[2.134984] (px4_msgs) StdoutLine: {'line': b'-- Up-to-date: /home/harsh/ros2_project/install/px4_msgs/include/px4_msgs/px4_msgs/msg/detail/distance_sensor__type_support.cpp\n'}
[2.135065] (px4_msgs) StdoutLine: {'line': b'-- Up-to-date: /home/harsh/ros2_project/install/px4_msgs/include/px4_msgs/px4_msgs/msg/detail/estimator_innovations__rosidl_typesupport_introspection_cpp.hpp\n'}
[2.135160] (px4_msgs) StdoutLine: {'line': b'-- Up-to-date: /home/harsh/ros2_project/install/px4_msgs/include/px4_msgs/px4_msgs/msg/detail/vehicle_magnetometer__rosidl_typesupport_introspection_cpp.hpp\n'}
[2.135238] (px4_msgs) StdoutLine: {'line': b'-- Up-to-date: /home/harsh/ros2_project/install/px4_msgs/include/px4_msgs/px4_msgs/msg/detail/orb_test__rosidl_typesupport_introspection_cpp.hpp\n'}
[2.135309] (px4_msgs) StdoutLine: {'line': b'-- Up-to-date: /home/harsh/ros2_project/install/px4_msgs/include/px4_msgs/px4_msgs/msg/detail/power_button_state__rosidl_typesupport_introspection_cpp.hpp\n'}
[2.135378] (px4_msgs) StdoutLine: {'line': b'-- Up-to-date: /home/harsh/ros2_project/install/px4_msgs/include/px4_msgs/px4_msgs/msg/detail/sensors_status__type_support.cpp\n'}
[2.135446] (px4_msgs) StdoutLine: {'line': b'-- Up-to-date: /home/harsh/ros2_project/install/px4_msgs/include/px4_msgs/px4_msgs/msg/detail/estimator_states__rosidl_typesupport_introspection_cpp.hpp\n'}
[2.135511] (px4_msgs) StdoutLine: {'line': b'-- Up-to-date: /home/harsh/ros2_project/install/px4_msgs/include/px4_msgs/px4_msgs/msg/detail/parameter_set_value_response__type_support.cpp\n'}
[2.135594] (px4_msgs) StdoutLine: {'line': b'-- Up-to-date: /home/harsh/ros2_project/install/px4_msgs/include/px4_msgs/px4_msgs/msg/detail/sensor_uwb__rosidl_typesupport_introspection_cpp.hpp\n'}
[2.135661] (px4_msgs) StdoutLine: {'line': b'-- Up-to-date: /home/harsh/ros2_project/install/px4_msgs/include/px4_msgs/px4_msgs/msg/detail/task_stack_info__rosidl_typesupport_introspection_cpp.hpp\n'}
[2.135726] (px4_msgs) StdoutLine: {'line': b'-- Up-to-date: /home/harsh/ros2_project/install/px4_msgs/include/px4_msgs/px4_msgs/msg/detail/parameter_set_value_response__rosidl_typesupport_introspection_cpp.hpp\n'}
[2.135792] (px4_msgs) StdoutLine: {'line': b'-- Up-to-date: /home/harsh/ros2_project/install/px4_msgs/include/px4_msgs/px4_msgs/msg/detail/gimbal_manager_status__rosidl_typesupport_introspection_cpp.hpp\n'}
[2.135859] (px4_msgs) StdoutLine: {'line': b'-- Up-to-date: /home/harsh/ros2_project/install/px4_msgs/include/px4_msgs/px4_msgs/msg/detail/telemetry_status__rosidl_typesupport_introspection_cpp.hpp\n'}
[2.135917] (px4_msgs) StdoutLine: {'line': b'-- Up-to-date: /home/harsh/ros2_project/install/px4_msgs/include/px4_msgs/px4_msgs/msg/detail/sensor_gyro_fifo__rosidl_typesupport_introspection_cpp.hpp\n'}
[2.135972] (px4_msgs) StdoutLine: {'line': b'-- Up-to-date: /home/harsh/ros2_project/install/px4_msgs/include/px4_msgs/px4_msgs/msg/detail/sensor_hygrometer__rosidl_typesupport_introspection_cpp.hpp\n'}
[2.136061] (px4_msgs) StdoutLine: {'line': b'-- Up-to-date: /home/harsh/ros2_project/install/px4_msgs/include/px4_msgs/px4_msgs/msg/detail/estimator_aid_source3d__type_support.cpp\n'}
[2.136115] (px4_msgs) StdoutLine: {'line': b'-- Up-to-date: /home/harsh/ros2_project/install/px4_msgs/include/px4_msgs/px4_msgs/msg/detail/gpio_request__type_support.cpp\n'}
[2.136168] (px4_msgs) StdoutLine: {'line': b'-- Up-to-date: /home/harsh/ros2_project/install/px4_msgs/include/px4_msgs/px4_msgs/msg/detail/gimbal_controls__rosidl_typesupport_introspection_cpp.hpp\n'}
[2.136223] (px4_msgs) StdoutLine: {'line': b'-- Up-to-date: /home/harsh/ros2_project/install/px4_msgs/include/px4_msgs/px4_msgs/msg/detail/estimator_status__type_support.cpp\n'}
[2.136278] (px4_msgs) StdoutLine: {'line': b'-- Up-to-date: /home/harsh/ros2_project/install/px4_msgs/include/px4_msgs/px4_msgs/msg/detail/button_event__rosidl_typesupport_introspection_cpp.hpp\n'}
[2.136335] (px4_msgs) StdoutLine: {'line': b'-- Up-to-date: /home/harsh/ros2_project/install/px4_msgs/include/px4_msgs/px4_msgs/msg/detail/actuator_armed__rosidl_typesupport_introspection_cpp.hpp\n'}
[2.136391] (px4_msgs) StdoutLine: {'line': b'-- Up-to-date: /home/harsh/ros2_project/install/px4_msgs/include/px4_msgs/px4_msgs/msg/detail/gimbal_manager_set_manual_control__type_support.cpp\n'}
[2.136447] (px4_msgs) StdoutLine: {'line': b'-- Up-to-date: /home/harsh/ros2_project/install/px4_msgs/include/px4_msgs/px4_msgs/msg/detail/normalized_unsigned_setpoint__rosidl_typesupport_introspection_cpp.hpp\n'}
[2.136503] (px4_msgs) StdoutLine: {'line': b'-- Up-to-date: /home/harsh/ros2_project/install/px4_msgs/include/px4_msgs/px4_msgs/msg/detail/vehicle_global_position__rosidl_typesupport_introspection_cpp.hpp\n'}
[2.136562] (px4_msgs) StdoutLine: {'line': b'-- Up-to-date: /home/harsh/ros2_project/install/px4_msgs/include/px4_msgs/px4_msgs/msg/detail/manual_control_switches__rosidl_typesupport_introspection_cpp.hpp\n'}
[2.136619] (px4_msgs) StdoutLine: {'line': b'-- Up-to-date: /home/harsh/ros2_project/install/px4_msgs/include/px4_msgs/px4_msgs/msg/detail/dataman_response__rosidl_typesupport_introspection_cpp.hpp\n'}
[2.136675] (px4_msgs) StdoutLine: {'line': b'-- Up-to-date: /home/harsh/ros2_project/install/px4_msgs/include/px4_msgs/px4_msgs/msg/detail/launch_detection_status__rosidl_typesupport_introspection_cpp.hpp\n'}
[2.136731] (px4_msgs) StdoutLine: {'line': b'-- Up-to-date: /home/harsh/ros2_project/install/px4_msgs/include/px4_msgs/px4_msgs/msg/detail/velocity_limits__rosidl_typesupport_introspection_cpp.hpp\n'}
[2.136789] (px4_msgs) StdoutLine: {'line': b'-- Up-to-date: /home/harsh/ros2_project/install/px4_msgs/include/px4_msgs/px4_msgs/msg/detail/dataman_request__type_support.cpp\n'}
[2.136845] (px4_msgs) StdoutLine: {'line': b'-- Up-to-date: /home/harsh/ros2_project/install/px4_msgs/include/px4_msgs/px4_msgs/msg/detail/control_allocator_status__type_support.cpp\n'}
[2.136900] (px4_msgs) StdoutLine: {'line': b'-- Up-to-date: /home/harsh/ros2_project/install/px4_msgs/include/px4_msgs/px4_msgs/msg/detail/collision_report__type_support.cpp\n'}
[2.136956] (px4_msgs) StdoutLine: {'line': b'-- Up-to-date: /home/harsh/ros2_project/install/px4_msgs/include/px4_msgs/px4_msgs/msg/detail/battery_status__rosidl_typesupport_introspection_cpp.hpp\n'}
[2.137030] (px4_msgs) StdoutLine: {'line': b'-- Up-to-date: /home/harsh/ros2_project/install/px4_msgs/include/px4_msgs/px4_msgs/msg/detail/generator_status__type_support.cpp\n'}
[2.137099] (px4_msgs) StdoutLine: {'line': b'-- Up-to-date: /home/harsh/ros2_project/install/px4_msgs/include/px4_msgs/px4_msgs/msg/detail/parameter_set_used_request__rosidl_typesupport_introspection_cpp.hpp\n'}
[2.137166] (px4_msgs) StdoutLine: {'line': b'-- Up-to-date: /home/harsh/ros2_project/install/px4_msgs/include/px4_msgs/px4_msgs/msg/detail/sensors_status__rosidl_typesupport_introspection_cpp.hpp\n'}
[2.137243] (px4_msgs) StdoutLine: {'line': b'-- Up-to-date: /home/harsh/ros2_project/install/px4_msgs/include/px4_msgs/px4_msgs/msg/detail/goto_setpoint__type_support.cpp\n'}
[2.137310] (px4_msgs) StdoutLine: {'line': b'-- Up-to-date: /home/harsh/ros2_project/install/px4_msgs/include/px4_msgs/px4_msgs/msg/detail/vehicle_angular_velocity__rosidl_typesupport_introspection_cpp.hpp\n'}
[2.137367] (px4_msgs) StdoutLine: {'line': b'-- Up-to-date: /home/harsh/ros2_project/install/px4_msgs/include/px4_msgs/px4_msgs/msg/detail/input_rc__type_support.cpp\n'}
[2.137427] (px4_msgs) StdoutLine: {'line': b'-- Up-to-date: /home/harsh/ros2_project/install/px4_msgs/include/px4_msgs/px4_msgs/msg/detail/vehicle_thrust_setpoint__type_support.cpp\n'}
[2.137486] (px4_msgs) StdoutLine: {'line': b'-- Up-to-date: /home/harsh/ros2_project/install/px4_msgs/include/px4_msgs/px4_msgs/msg/detail/sensor_correction__rosidl_typesupport_introspection_cpp.hpp\n'}
[2.137554] (px4_msgs) StdoutLine: {'line': b'-- Up-to-date: /home/harsh/ros2_project/install/px4_msgs/include/px4_msgs/px4_msgs/msg/detail/airspeed__rosidl_typesupport_introspection_cpp.hpp\n'}
[2.137612] (px4_msgs) StdoutLine: {'line': b'-- Up-to-date: /home/harsh/ros2_project/install/px4_msgs/include/px4_msgs/px4_msgs/msg/detail/navigator_mission_item__type_support.cpp\n'}
[2.137703] (px4_msgs) StdoutLine: {'line': b'-- Up-to-date: /home/harsh/ros2_project/install/px4_msgs/include/px4_msgs/px4_msgs/msg/detail/timesync_status__type_support.cpp\n'}
[2.137774] (px4_msgs) StdoutLine: {'line': b'-- Up-to-date: /home/harsh/ros2_project/install/px4_msgs/include/px4_msgs/px4_msgs/msg/detail/sensor_optical_flow__rosidl_typesupport_introspection_cpp.hpp\n'}
[2.137836] (px4_msgs) StdoutLine: {'line': b'-- Up-to-date: /home/harsh/ros2_project/install/px4_msgs/include/px4_msgs/px4_msgs/msg/detail/sensor_gnss_relative__rosidl_typesupport_introspection_cpp.hpp\n'}
[2.137926] (px4_msgs) StdoutLine: {'line': b'-- Up-to-date: /home/harsh/ros2_project/install/px4_msgs/include/px4_msgs/px4_msgs/msg/detail/heater_status__rosidl_typesupport_introspection_cpp.hpp\n'}
[2.137995] (px4_msgs) StdoutLine: {'line': b'-- Up-to-date: /home/harsh/ros2_project/install/px4_msgs/include/px4_msgs/px4_msgs/msg/detail/qshell_req__type_support.cpp\n'}
[2.138059] (px4_msgs) StdoutLine: {'line': b'-- Up-to-date: /home/harsh/ros2_project/install/px4_msgs/include/px4_msgs/px4_msgs/msg/detail/arming_check_reply__rosidl_typesupport_introspection_cpp.hpp\n'}
[2.138124] (px4_msgs) StdoutLine: {'line': b'-- Up-to-date: /home/harsh/ros2_project/install/px4_msgs/include/px4_msgs/px4_msgs/msg/detail/rpm__rosidl_typesupport_introspection_cpp.hpp\n'}
[2.138180] (px4_msgs) StdoutLine: {'line': b'-- Up-to-date: /home/harsh/ros2_project/install/px4_msgs/include/px4_msgs/px4_msgs/msg/detail/vehicle_attitude_setpoint__type_support.cpp\n'}
[2.138240] (px4_msgs) StdoutLine: {'line': b'-- Up-to-date: /home/harsh/ros2_project/install/px4_msgs/include/px4_msgs/px4_msgs/msg/detail/estimator_status__rosidl_typesupport_introspection_cpp.hpp\n'}
[2.138302] (px4_msgs) StdoutLine: {'line': b'-- Up-to-date: /home/harsh/ros2_project/install/px4_msgs/include/px4_msgs/px4_msgs/msg/detail/actuator_armed__type_support.cpp\n'}
[2.138367] (px4_msgs) StdoutLine: {'line': b'-- Up-to-date: /home/harsh/ros2_project/install/px4_msgs/include/px4_msgs/px4_msgs/msg/detail/collision_constraints__rosidl_typesupport_introspection_cpp.hpp\n'}
[2.138424] (px4_msgs) StdoutLine: {'line': b'-- Up-to-date: /home/harsh/ros2_project/install/px4_msgs/include/px4_msgs/px4_msgs/msg/detail/actuator_controls_status__rosidl_typesupport_introspection_cpp.hpp\n'}
[2.138479] (px4_msgs) StdoutLine: {'line': b'-- Up-to-date: /home/harsh/ros2_project/install/px4_msgs/include/px4_msgs/px4_msgs/msg/detail/flight_phase_estimation__type_support.cpp\n'}
[2.138546] (px4_msgs) StdoutLine: {'line': b'-- Up-to-date: /home/harsh/ros2_project/install/px4_msgs/include/px4_msgs/px4_msgs/msg/detail/sensors_status_imu__rosidl_typesupport_introspection_cpp.hpp\n'}
[2.138610] (px4_msgs) StdoutLine: {'line': b'-- Up-to-date: /home/harsh/ros2_project/install/px4_msgs/include/px4_msgs/px4_msgs/msg/detail/pwm_input__rosidl_typesupport_introspection_cpp.hpp\n'}
[2.138672] (px4_msgs) StdoutLine: {'line': b'-- Up-to-date: /home/harsh/ros2_project/install/px4_msgs/include/px4_msgs/px4_msgs/msg/detail/geofence_status__rosidl_typesupport_introspection_cpp.hpp\n'}
[2.138746] (px4_msgs) StdoutLine: {'line': b'-- Up-to-date: /home/harsh/ros2_project/install/px4_msgs/include/px4_msgs/px4_msgs/msg/detail/arming_check_reply__type_support.cpp\n'}
[2.138812] (px4_msgs) StdoutLine: {'line': b'-- Up-to-date: /home/harsh/ros2_project/install/px4_msgs/include/px4_msgs/px4_msgs/msg/detail/esc_report__rosidl_typesupport_introspection_cpp.hpp\n'}
[2.138871] (px4_msgs) StdoutLine: {'line': b'-- Up-to-date: /home/harsh/ros2_project/install/px4_msgs/include/px4_msgs/px4_msgs/msg/detail/cpuload__rosidl_typesupport_introspection_cpp.hpp\n'}
[2.138951] (px4_msgs) StdoutLine: {'line': b'-- Up-to-date: /home/harsh/ros2_project/install/px4_msgs/include/px4_msgs/px4_msgs/msg/detail/position_controller_status__type_support.cpp\n'}
[2.139055] (px4_msgs) StdoutLine: {'line': b'-- Up-to-date: /home/harsh/ros2_project/install/px4_msgs/include/px4_msgs/px4_msgs/msg/detail/sensor_airflow__rosidl_typesupport_introspection_cpp.hpp\n'}
[2.139136] (px4_msgs) StdoutLine: {'line': b'-- Up-to-date: /home/harsh/ros2_project/install/px4_msgs/include/px4_msgs/px4_msgs/msg/detail/logger_status__rosidl_typesupport_introspection_cpp.hpp\n'}
[2.139275] (px4_msgs) StdoutLine: {'line': b'-- Up-to-date: /home/harsh/ros2_project/install/px4_msgs/include/px4_msgs/px4_msgs/msg/detail/vehicle_torque_setpoint__rosidl_typesupport_introspection_cpp.hpp\n'}
[2.139340] (px4_msgs) StdoutLine: {'line': b'-- Up-to-date: /home/harsh/ros2_project/install/px4_msgs/include/px4_msgs/px4_msgs/msg/detail/tune_control__type_support.cpp\n'}
[2.139467] (px4_msgs) StdoutLine: {'line': b'-- Up-to-date: /home/harsh/ros2_project/install/px4_msgs/include/px4_msgs/px4_msgs/msg/detail/failure_detector_status__rosidl_typesupport_introspection_cpp.hpp\n'}
[2.139527] (px4_msgs) StdoutLine: {'line': b'-- Up-to-date: /home/harsh/ros2_project/install/px4_msgs/include/px4_msgs/px4_msgs/msg/detail/airspeed_wind__rosidl_typesupport_introspection_cpp.hpp\n'}
[2.139583] (px4_msgs) StdoutLine: {'line': b'-- Up-to-date: /home/harsh/ros2_project/install/px4_msgs/include/px4_msgs/px4_msgs/msg/detail/telemetry_status__type_support.cpp\n'}
[2.139635] (px4_msgs) StdoutLine: {'line': b'-- Up-to-date: /home/harsh/ros2_project/install/px4_msgs/include/px4_msgs/px4_msgs/msg/detail/gimbal_manager_information__rosidl_typesupport_introspection_cpp.hpp\n'}
[2.139690] (px4_msgs) StdoutLine: {'line': b'-- Up-to-date: /home/harsh/ros2_project/install/px4_msgs/include/px4_msgs/px4_msgs/msg/detail/position_setpoint_triplet__type_support.cpp\n'}
[2.139748] (px4_msgs) StdoutLine: {'line': b'-- Up-to-date: /home/harsh/ros2_project/install/px4_msgs/include/px4_msgs/px4_msgs/msg/detail/sensor_gyro_fifo__type_support.cpp\n'}
[2.139804] (px4_msgs) StdoutLine: {'line': b'-- Up-to-date: /home/harsh/ros2_project/install/px4_msgs/include/px4_msgs/px4_msgs/msg/detail/geofence_result__type_support.cpp\n'}
[2.140056] (px4_msgs) StdoutLine: {'line': b'-- Up-to-date: /home/harsh/ros2_project/install/px4_msgs/include/px4_msgs/px4_msgs/msg/detail/ping__rosidl_typesupport_introspection_cpp.hpp\n'}
[2.140205] (px4_msgs) StdoutLine: {'line': b'-- Up-to-date: /home/harsh/ros2_project/install/px4_msgs/include/px4_msgs/px4_msgs/msg/detail/sensor_preflight_mag__rosidl_typesupport_introspection_cpp.hpp\n'}
[2.140312] (px4_msgs) StdoutLine: {'line': b'-- Up-to-date: /home/harsh/ros2_project/install/px4_msgs/include/px4_msgs/px4_msgs/msg/detail/dataman_request__rosidl_typesupport_introspection_cpp.hpp\n'}
[2.140414] (px4_msgs) StdoutLine: {'line': b'-- Up-to-date: /home/harsh/ros2_project/install/px4_msgs/include/px4_msgs/px4_msgs/msg/detail/tune_control__rosidl_typesupport_introspection_cpp.hpp\n'}
[2.140555] (px4_msgs) StdoutLine: {'line': b'-- Up-to-date: /home/harsh/ros2_project/install/px4_msgs/include/px4_msgs/px4_msgs/msg/detail/parameter_update__type_support.cpp\n'}
[2.140643] (px4_msgs) StdoutLine: {'line': b'-- Up-to-date: /home/harsh/ros2_project/install/px4_msgs/include/px4_msgs/px4_msgs/msg/detail/vehicle_constraints__type_support.cpp\n'}
[2.140719] (px4_msgs) StdoutLine: {'line': b'-- Up-to-date: /home/harsh/ros2_project/install/px4_msgs/include/px4_msgs/px4_msgs/msg/detail/trajectory_setpoint__type_support.cpp\n'}
[2.140797] (px4_msgs) StdoutLine: {'line': b'-- Up-to-date: /home/harsh/ros2_project/install/px4_msgs/include/px4_msgs/px4_msgs/msg/detail/actuator_servos__type_support.cpp\n'}
[2.140876] (px4_msgs) StdoutLine: {'line': b'-- Up-to-date: /home/harsh/ros2_project/install/px4_msgs/include/px4_msgs/px4_msgs/msg/detail/estimator_bias3d__type_support.cpp\n'}
[2.141019] (px4_msgs) StdoutLine: {'line': b'-- Up-to-date: /home/harsh/ros2_project/install/px4_msgs/include/px4_msgs/px4_msgs/msg/detail/takeoff_status__rosidl_typesupport_introspection_cpp.hpp\n'}
[2.141109] (px4_msgs) StdoutLine: {'line': b'-- Up-to-date: /home/harsh/ros2_project/install/px4_msgs/include/px4_msgs/px4_msgs/msg/detail/estimator_aid_source1d__rosidl_typesupport_introspection_cpp.hpp\n'}
[2.141194] (px4_msgs) StdoutLine: {'line': b'-- Up-to-date: /home/harsh/ros2_project/install/px4_msgs/include/px4_msgs/px4_msgs/msg/detail/can_interface_status__type_support.cpp\n'}
[2.141269] (px4_msgs) StdoutLine: {'line': b'-- Up-to-date: /home/harsh/ros2_project/install/px4_msgs/include/px4_msgs/px4_msgs/msg/detail/mode_completed__rosidl_typesupport_introspection_cpp.hpp\n'}
[2.141345] (px4_msgs) StdoutLine: {'line': b'-- Up-to-date: /home/harsh/ros2_project/install/px4_msgs/include/px4_msgs/px4_msgs/msg/detail/cellular_status__type_support.cpp\n'}
[2.141436] (px4_msgs) StdoutLine: {'line': b'-- Up-to-date: /home/harsh/ros2_project/install/px4_msgs/include/px4_msgs/px4_msgs/msg/detail/offboard_control_mode__rosidl_typesupport_introspection_cpp.hpp\n'}
[2.141554] (px4_msgs) StdoutLine: {'line': b'-- Up-to-date: /home/harsh/ros2_project/install/px4_msgs/include/px4_msgs/px4_msgs/msg/detail/action_request__rosidl_typesupport_introspection_cpp.hpp\n'}
[2.141659] (px4_msgs) StdoutLine: {'line': b'-- Up-to-date: /home/harsh/ros2_project/install/px4_msgs/include/px4_msgs/px4_msgs/msg/detail/gpio_config__rosidl_typesupport_introspection_cpp.hpp\n'}
[2.141753] (px4_msgs) StdoutLine: {'line': b'-- Up-to-date: /home/harsh/ros2_project/install/px4_msgs/include/px4_msgs/px4_msgs/msg/detail/rc_parameter_map__type_support.cpp\n'}
[2.141833] (px4_msgs) StdoutLine: {'line': b'-- Up-to-date: /home/harsh/ros2_project/install/px4_msgs/include/px4_msgs/px4_msgs/msg/detail/distance_sensor__rosidl_typesupport_introspection_cpp.hpp\n'}
[2.141927] (px4_msgs) StdoutLine: {'line': b'-- Up-to-date: /home/harsh/ros2_project/install/px4_msgs/include/px4_msgs/px4_msgs/msg/detail/vehicle_trajectory_waypoint__rosidl_typesupport_introspection_cpp.hpp\n'}
[2.142077] (px4_msgs) StdoutLine: {'line': b'-- Up-to-date: /home/harsh/ros2_project/install/px4_msgs/include/px4_msgs/px4_msgs/msg/detail/follow_target_status__rosidl_typesupport_introspection_cpp.hpp\n'}
[2.142155] (px4_msgs) StdoutLine: {'line': b'-- Up-to-date: /home/harsh/ros2_project/install/px4_msgs/include/px4_msgs/px4_msgs/msg/detail/landing_target_innovations__rosidl_typesupport_introspection_cpp.hpp\n'}
[2.142232] (px4_msgs) StdoutLine: {'line': b'-- Up-to-date: /home/harsh/ros2_project/install/px4_msgs/include/px4_msgs/px4_msgs/msg/detail/estimator_states__type_support.cpp\n'}
[2.142318] (px4_msgs) StdoutLine: {'line': b'-- Up-to-date: /home/harsh/ros2_project/install/px4_msgs/include/px4_msgs/px4_msgs/msg/detail/obstacle_distance__type_support.cpp\n'}
[2.142399] (px4_msgs) StdoutLine: {'line': b'-- Up-to-date: /home/harsh/ros2_project/install/px4_msgs/include/px4_msgs/px4_msgs/msg/detail/px4io_status__rosidl_typesupport_introspection_cpp.hpp\n'}
[2.142483] (px4_msgs) StdoutLine: {'line': b'-- Up-to-date: /home/harsh/ros2_project/install/px4_msgs/include/px4_msgs/px4_msgs/msg/detail/normalized_unsigned_setpoint__type_support.cpp\n'}
[2.142586] (px4_msgs) StdoutLine: {'line': b'-- Up-to-date: /home/harsh/ros2_project/install/px4_msgs/include/px4_msgs/px4_msgs/msg/detail/vehicle_acceleration__rosidl_typesupport_introspection_cpp.hpp\n'}
[2.142672] (px4_msgs) StdoutLine: {'line': b'-- Up-to-date: /home/harsh/ros2_project/install/px4_msgs/include/px4_msgs/px4_msgs/srv\n'}
[2.142762] (px4_msgs) StdoutLine: {'line': b'-- Up-to-date: /home/harsh/ros2_project/install/px4_msgs/include/px4_msgs/px4_msgs/srv/detail\n'}
[2.142849] (px4_msgs) StdoutLine: {'line': b'-- Up-to-date: /home/harsh/ros2_project/install/px4_msgs/include/px4_msgs/px4_msgs/srv/detail/vehicle_command__rosidl_typesupport_introspection_cpp.hpp\n'}
[2.142930] (px4_msgs) StdoutLine: {'line': b'-- Up-to-date: /home/harsh/ros2_project/install/px4_msgs/include/px4_msgs/px4_msgs/srv/detail/vehicle_command__type_support.cpp\n'}
[2.143037] (px4_msgs) StdoutLine: {'line': b'-- Up-to-date: /home/harsh/ros2_project/install/px4_msgs/lib/libpx4_msgs__rosidl_typesupport_introspection_cpp.so\n'}
[2.143130] (px4_msgs) StdoutLine: {'line': b'-- Up-to-date: /home/harsh/ros2_project/install/px4_msgs/lib/libpx4_msgs__rosidl_typesupport_cpp.so\n'}
[2.143232] (px4_msgs) StdoutLine: {'line': b'-- Up-to-date: /home/harsh/ros2_project/install/px4_msgs/share/px4_msgs/environment/pythonpath.sh\n'}
[2.143335] (px4_msgs) StdoutLine: {'line': b'-- Up-to-date: /home/harsh/ros2_project/install/px4_msgs/share/px4_msgs/environment/pythonpath.dsv\n'}
[2.143446] (px4_msgs) StdoutLine: {'line': b'-- Up-to-date: /home/harsh/ros2_project/install/px4_msgs/lib/python3.12/site-packages/px4_msgs-2.0.1-py3.12.egg-info\n'}
[2.143535] (px4_msgs) StdoutLine: {'line': b'-- Installing: /home/harsh/ros2_project/install/px4_msgs/lib/python3.12/site-packages/px4_msgs-2.0.1-py3.12.egg-info/PKG-INFO\n'}
[2.143677] (px4_msgs) StdoutLine: {'line': b'-- Installing: /home/harsh/ros2_project/install/px4_msgs/lib/python3.12/site-packages/px4_msgs-2.0.1-py3.12.egg-info/SOURCES.txt\n'}
[2.143824] (px4_msgs) StdoutLine: {'line': b'-- Installing: /home/harsh/ros2_project/install/px4_msgs/lib/python3.12/site-packages/px4_msgs-2.0.1-py3.12.egg-info/top_level.txt\n'}
[2.143915] (px4_msgs) StdoutLine: {'line': b'-- Installing: /home/harsh/ros2_project/install/px4_msgs/lib/python3.12/site-packages/px4_msgs-2.0.1-py3.12.egg-info/dependency_links.txt\n'}
[2.144006] (px4_msgs) StdoutLine: {'line': b'-- Up-to-date: /home/harsh/ros2_project/install/px4_msgs/lib/python3.12/site-packages/px4_msgs\n'}
[2.144091] (px4_msgs) StdoutLine: {'line': b'-- Up-to-date: /home/harsh/ros2_project/install/px4_msgs/lib/python3.12/site-packages/px4_msgs/px4_msgs_s__rosidl_typesupport_c.so\n'}
[2.144220] (px4_msgs) StdoutLine: {'line': b'-- Up-to-date: /home/harsh/ros2_project/install/px4_msgs/lib/python3.12/site-packages/px4_msgs/__init__.py\n'}
[2.144302] (px4_msgs) StdoutLine: {'line': b'-- Up-to-date: /home/harsh/ros2_project/install/px4_msgs/lib/python3.12/site-packages/px4_msgs/px4_msgs_s__rosidl_typesupport_fastrtps_c.so\n'}
[2.144385] (px4_msgs) StdoutLine: {'line': b'-- Up-to-date: /home/harsh/ros2_project/install/px4_msgs/lib/python3.12/site-packages/px4_msgs/px4_msgs_s__rosidl_typesupport_introspection_c.so\n'}
[2.144466] (px4_msgs) StdoutLine: {'line': b'-- Up-to-date: /home/harsh/ros2_project/install/px4_msgs/lib/python3.12/site-packages/px4_msgs/msg\n'}
[2.144543] (px4_msgs) StdoutLine: {'line': b'-- Up-to-date: /home/harsh/ros2_project/install/px4_msgs/lib/python3.12/site-packages/px4_msgs/msg/_battery_status_s.c\n'}
[2.144669] (px4_msgs) StdoutLine: {'line': b'-- Up-to-date: /home/harsh/ros2_project/install/px4_msgs/lib/python3.12/site-packages/px4_msgs/msg/_telemetry_status.py\n'}
[2.144754] (px4_msgs) StdoutLine: {'line': b'-- Up-to-date: /home/harsh/ros2_project/install/px4_msgs/lib/python3.12/site-packages/px4_msgs/msg/_vehicle_status.py\n'}
[2.144834] (px4_msgs) StdoutLine: {'line': b'-- Up-to-date: /home/harsh/ros2_project/install/px4_msgs/lib/python3.12/site-packages/px4_msgs/msg/_hover_thrust_estimate_s.c\n'}
[2.144910] (px4_msgs) StdoutLine: {'line': b'-- Up-to-date: /home/harsh/ros2_project/install/px4_msgs/lib/python3.12/site-packages/px4_msgs/msg/_timesync_status.py\n'}
[2.145018] (px4_msgs) StdoutLine: {'line': b'-- Up-to-date: /home/harsh/ros2_project/install/px4_msgs/lib/python3.12/site-packages/px4_msgs/msg/_telemetry_status_s.c\n'}
[2.145350] (px4_msgs) StdoutLine: {'line': b'-- Up-to-date: /home/harsh/ros2_project/install/px4_msgs/lib/python3.12/site-packages/px4_msgs/msg/_estimator_bias.py\n'}
[2.145491] (px4_msgs) StdoutLine: {'line': b'-- Up-to-date: /home/harsh/ros2_project/install/px4_msgs/lib/python3.12/site-packages/px4_msgs/msg/_mission_result.py\n'}
[2.145589] (px4_msgs) StdoutLine: {'line': b'-- Up-to-date: /home/harsh/ros2_project/install/px4_msgs/lib/python3.12/site-packages/px4_msgs/msg/_gpio_out_s.c\n'}
[2.145666] (px4_msgs) StdoutLine: {'line': b'-- Up-to-date: /home/harsh/ros2_project/install/px4_msgs/lib/python3.12/site-packages/px4_msgs/msg/_power_button_state.py\n'}
[2.145735] (px4_msgs) StdoutLine: {'line': b'-- Up-to-date: /home/harsh/ros2_project/install/px4_msgs/lib/python3.12/site-packages/px4_msgs/msg/_camera_capture.py\n'}
[2.145818] (px4_msgs) StdoutLine: {'line': b'-- Up-to-date: /home/harsh/ros2_project/install/px4_msgs/lib/python3.12/site-packages/px4_msgs/msg/_dataman_response.py\n'}
[2.145891] (px4_msgs) StdoutLine: {'line': b'-- Up-to-date: /home/harsh/ros2_project/install/px4_msgs/lib/python3.12/site-packages/px4_msgs/msg/_debug_array_s.c\n'}
[2.146101] (px4_msgs) StdoutLine: {'line': b'-- Up-to-date: /home/harsh/ros2_project/install/px4_msgs/lib/python3.12/site-packages/px4_msgs/msg/_esc_status.py\n'}
[2.146325] (px4_msgs) StdoutLine: {'line': b'-- Up-to-date: /home/harsh/ros2_project/install/px4_msgs/lib/python3.12/site-packages/px4_msgs/msg/_register_ext_component_request_s.c\n'}
[2.146428] (px4_msgs) StdoutLine: {'line': b'-- Up-to-date: /home/harsh/ros2_project/install/px4_msgs/lib/python3.12/site-packages/px4_msgs/msg/_goto_setpoint.py\n'}
[2.146509] (px4_msgs) StdoutLine: {'line': b'-- Up-to-date: /home/harsh/ros2_project/install/px4_msgs/lib/python3.12/site-packages/px4_msgs/msg/_iridiumsbd_status_s.c\n'}
[2.146573] (px4_msgs) StdoutLine: {'line': b'-- Up-to-date: /home/harsh/ros2_project/install/px4_msgs/lib/python3.12/site-packages/px4_msgs/msg/_ping_s.c\n'}
[2.146633] (px4_msgs) StdoutLine: {'line': b'-- Up-to-date: /home/harsh/ros2_project/install/px4_msgs/lib/python3.12/site-packages/px4_msgs/msg/_vehicle_magnetometer_s.c\n'}
[2.146693] (px4_msgs) StdoutLine: {'line': b'-- Up-to-date: /home/harsh/ros2_project/install/px4_msgs/lib/python3.12/site-packages/px4_msgs/msg/_timesync_status_s.c\n'}
[2.146782] (px4_msgs) StdoutLine: {'line': b'-- Up-to-date: /home/harsh/ros2_project/install/px4_msgs/lib/python3.12/site-packages/px4_msgs/msg/_estimator_sensor_bias.py\n'}
[2.146843] (px4_msgs) StdoutLine: {'line': b'-- Up-to-date: /home/harsh/ros2_project/install/px4_msgs/lib/python3.12/site-packages/px4_msgs/msg/_cellular_status_s.c\n'}
[2.146902] (px4_msgs) StdoutLine: {'line': b'-- Up-to-date: /home/harsh/ros2_project/install/px4_msgs/lib/python3.12/site-packages/px4_msgs/msg/_home_position.py\n'}
[2.147052] (px4_msgs) StdoutLine: {'line': b'-- Up-to-date: /home/harsh/ros2_project/install/px4_msgs/lib/python3.12/site-packages/px4_msgs/msg/_vehicle_optical_flow.py\n'}
[2.147180] (px4_msgs) StdoutLine: {'line': b'-- Up-to-date: /home/harsh/ros2_project/install/px4_msgs/lib/python3.12/site-packages/px4_msgs/msg/_qshell_req_s.c\n'}
[2.147275] (px4_msgs) StdoutLine: {'line': b'-- Up-to-date: /home/harsh/ros2_project/install/px4_msgs/lib/python3.12/site-packages/px4_msgs/msg/_sensor_optical_flow.py\n'}
[2.147356] (px4_msgs) StdoutLine: {'line': b'-- Up-to-date: /home/harsh/ros2_project/install/px4_msgs/lib/python3.12/site-packages/px4_msgs/msg/_generator_status_s.c\n'}
[2.147437] (px4_msgs) StdoutLine: {'line': b'-- Up-to-date: /home/harsh/ros2_project/install/px4_msgs/lib/python3.12/site-packages/px4_msgs/msg/_dataman_response_s.c\n'}
[2.147517] (px4_msgs) StdoutLine: {'line': b'-- Up-to-date: /home/harsh/ros2_project/install/px4_msgs/lib/python3.12/site-packages/px4_msgs/msg/_gimbal_controls_s.c\n'}
[2.147639] (px4_msgs) StdoutLine: {'line': b'-- Up-to-date: /home/harsh/ros2_project/install/px4_msgs/lib/python3.12/site-packages/px4_msgs/msg/_landing_target_pose.py\n'}
[2.147727] (px4_msgs) StdoutLine: {'line': b'-- Up-to-date: /home/harsh/ros2_project/install/px4_msgs/lib/python3.12/site-packages/px4_msgs/msg/_orb_test_medium.py\n'}
[2.147852] (px4_msgs) StdoutLine: {'line': b'-- Up-to-date: /home/harsh/ros2_project/install/px4_msgs/lib/python3.12/site-packages/px4_msgs/msg/_heater_status.py\n'}
[2.147972] (px4_msgs) StdoutLine: {'line': b'-- Up-to-date: /home/harsh/ros2_project/install/px4_msgs/lib/python3.12/site-packages/px4_msgs/msg/_wheel_encoders_s.c\n'}
[2.148089] (px4_msgs) StdoutLine: {'line': b'-- Up-to-date: /home/harsh/ros2_project/install/px4_msgs/lib/python3.12/site-packages/px4_msgs/msg/_estimator_sensor_bias_s.c\n'}
[2.148175] (px4_msgs) StdoutLine: {'line': b'-- Up-to-date: /home/harsh/ros2_project/install/px4_msgs/lib/python3.12/site-packages/px4_msgs/msg/_mag_worker_data_s.c\n'}
[2.148260] (px4_msgs) StdoutLine: {'line': b'-- Up-to-date: /home/harsh/ros2_project/install/px4_msgs/lib/python3.12/site-packages/px4_msgs/msg/_gimbal_manager_status.py\n'}
[2.148349] (px4_msgs) StdoutLine: {'line': b'-- Up-to-date: /home/harsh/ros2_project/install/px4_msgs/lib/python3.12/site-packages/px4_msgs/msg/_sensor_baro.py\n'}
[2.148443] (px4_msgs) StdoutLine: {'line': b'-- Up-to-date: /home/harsh/ros2_project/install/px4_msgs/lib/python3.12/site-packages/px4_msgs/msg/_vehicle_angular_acceleration_setpoint_s.c\n'}
[2.148527] (px4_msgs) StdoutLine: {'line': b'-- Up-to-date: /home/harsh/ros2_project/install/px4_msgs/lib/python3.12/site-packages/px4_msgs/msg/_vehicle_trajectory_bezier_s.c\n'}
[2.148686] (px4_msgs) StdoutLine: {'line': b'-- Up-to-date: /home/harsh/ros2_project/install/px4_msgs/lib/python3.12/site-packages/px4_msgs/msg/_tune_control.py\n'}
[2.148815] (px4_msgs) StdoutLine: {'line': b'-- Up-to-date: /home/harsh/ros2_project/install/px4_msgs/lib/python3.12/site-packages/px4_msgs/msg/_estimator_aid_source3d.py\n'}
[2.148897] (px4_msgs) StdoutLine: {'line': b'-- Up-to-date: /home/harsh/ros2_project/install/px4_msgs/lib/python3.12/site-packages/px4_msgs/msg/_vehicle_torque_setpoint.py\n'}
[2.148971] (px4_msgs) StdoutLine: {'line': b'-- Up-to-date: /home/harsh/ros2_project/install/px4_msgs/lib/python3.12/site-packages/px4_msgs/msg/_sensor_hygrometer.py\n'}
[2.149074] (px4_msgs) StdoutLine: {'line': b'-- Up-to-date: /home/harsh/ros2_project/install/px4_msgs/lib/python3.12/site-packages/px4_msgs/msg/_mavlink_log.py\n'}
[2.149164] (px4_msgs) StdoutLine: {'line': b'-- Up-to-date: /home/harsh/ros2_project/install/px4_msgs/lib/python3.12/site-packages/px4_msgs/msg/_vehicle_global_position.py\n'}
[2.149253] (px4_msgs) StdoutLine: {'line': b'-- Up-to-date: /home/harsh/ros2_project/install/px4_msgs/lib/python3.12/site-packages/px4_msgs/msg/_mode_completed_s.c\n'}
[2.149352] (px4_msgs) StdoutLine: {'line': b'-- Up-to-date: /home/harsh/ros2_project/install/px4_msgs/lib/python3.12/site-packages/px4_msgs/msg/_actuator_servos_trim.py\n'}
[2.149443] (px4_msgs) StdoutLine: {'line': b'-- Up-to-date: /home/harsh/ros2_project/install/px4_msgs/lib/python3.12/site-packages/px4_msgs/msg/_gpio_config_s.c\n'}
[2.149529] (px4_msgs) StdoutLine: {'line': b'-- Up-to-date: /home/harsh/ros2_project/install/px4_msgs/lib/python3.12/site-packages/px4_msgs/msg/_gimbal_device_set_attitude_s.c\n'}
[2.149612] (px4_msgs) StdoutLine: {'line': b'-- Up-to-date: /home/harsh/ros2_project/install/px4_msgs/lib/python3.12/site-packages/px4_msgs/msg/_debug_vect.py\n'}
[2.149695] (px4_msgs) StdoutLine: {'line': b'-- Up-to-date: /home/harsh/ros2_project/install/px4_msgs/lib/python3.12/site-packages/px4_msgs/msg/_mag_worker_data.py\n'}
[2.149776] (px4_msgs) StdoutLine: {'line': b'-- Up-to-date: /home/harsh/ros2_project/install/px4_msgs/lib/python3.12/site-packages/px4_msgs/msg/_rpm_s.c\n'}
[2.149857] (px4_msgs) StdoutLine: {'line': b'-- Up-to-date: /home/harsh/ros2_project/install/px4_msgs/lib/python3.12/site-packages/px4_msgs/msg/_gpio_out.py\n'}
[2.149939] (px4_msgs) StdoutLine: {'line': b'-- Up-to-date: /home/harsh/ros2_project/install/px4_msgs/lib/python3.12/site-packages/px4_msgs/msg/_vehicle_local_position.py\n'}
[2.150090] (px4_msgs) StdoutLine: {'line': b'-- Up-to-date: /home/harsh/ros2_project/install/px4_msgs/lib/python3.12/site-packages/px4_msgs/msg/_iridiumsbd_status.py\n'}
[2.150175] (px4_msgs) StdoutLine: {'line': b'-- Up-to-date: /home/harsh/ros2_project/install/px4_msgs/lib/python3.12/site-packages/px4_msgs/msg/_estimator_innovations.py\n'}
[2.150250] (px4_msgs) StdoutLine: {'line': b'-- Up-to-date: /home/harsh/ros2_project/install/px4_msgs/lib/python3.12/site-packages/px4_msgs/msg/_collision_constraints_s.c\n'}
[2.150324] (px4_msgs) StdoutLine: {'line': b'-- Up-to-date: /home/harsh/ros2_project/install/px4_msgs/lib/python3.12/site-packages/px4_msgs/msg/_estimator_event_flags.py\n'}
[2.150400] (px4_msgs) StdoutLine: {'line': b'-- Up-to-date: /home/harsh/ros2_project/install/px4_msgs/lib/python3.12/site-packages/px4_msgs/msg/_uavcan_parameter_request_s.c\n'}
[2.150480] (px4_msgs) StdoutLine: {'line': b'-- Up-to-date: /home/harsh/ros2_project/install/px4_msgs/lib/python3.12/site-packages/px4_msgs/msg/_sensor_combined_s.c\n'}
[2.150559] (px4_msgs) StdoutLine: {'line': b'-- Up-to-date: /home/harsh/ros2_project/install/px4_msgs/lib/python3.12/site-packages/px4_msgs/msg/_esc_status_s.c\n'}
[2.150637] (px4_msgs) StdoutLine: {'line': b'-- Up-to-date: /home/harsh/ros2_project/install/px4_msgs/lib/python3.12/site-packages/px4_msgs/msg/_action_request_s.c\n'}
[2.150714] (px4_msgs) StdoutLine: {'line': b'-- Up-to-date: /home/harsh/ros2_project/install/px4_msgs/lib/python3.12/site-packages/px4_msgs/msg/_gimbal_manager_set_manual_control_s.c\n'}
[2.150820] (px4_msgs) StdoutLine: {'line': b'-- Up-to-date: /home/harsh/ros2_project/install/px4_msgs/lib/python3.12/site-packages/px4_msgs/msg/_ekf2_timestamps_s.c\n'}
[2.150894] (px4_msgs) StdoutLine: {'line': b'-- Up-to-date: /home/harsh/ros2_project/install/px4_msgs/lib/python3.12/site-packages/px4_msgs/msg/_config_overrides_s.c\n'}
[2.150973] (px4_msgs) StdoutLine: {'line': b'-- Up-to-date: /home/harsh/ros2_project/install/px4_msgs/lib/python3.12/site-packages/px4_msgs/msg/_parameter_set_value_response_s.c\n'}
[2.151098] (px4_msgs) StdoutLine: {'line': b'-- Up-to-date: /home/harsh/ros2_project/install/px4_msgs/lib/python3.12/site-packages/px4_msgs/msg/_sensor_gyro_fifo_s.c\n'}
[2.151179] (px4_msgs) StdoutLine: {'line': b'-- Up-to-date: /home/harsh/ros2_project/install/px4_msgs/lib/python3.12/site-packages/px4_msgs/msg/_figure_eight_status_s.c\n'}
[2.151257] (px4_msgs) StdoutLine: {'line': b'-- Up-to-date: /home/harsh/ros2_project/install/px4_msgs/lib/python3.12/site-packages/px4_msgs/msg/_gpio_in_s.c\n'}
[2.151339] (px4_msgs) StdoutLine: {'line': b'-- Up-to-date: /home/harsh/ros2_project/install/px4_msgs/lib/python3.12/site-packages/px4_msgs/msg/_autotune_attitude_control_status.py\n'}
[2.151416] (px4_msgs) StdoutLine: {'line': b'-- Up-to-date: /home/harsh/ros2_project/install/px4_msgs/lib/python3.12/site-packages/px4_msgs/msg/_gpio_config.py\n'}
[2.151491] (px4_msgs) StdoutLine: {'line': b'-- Up-to-date: /home/harsh/ros2_project/install/px4_msgs/lib/python3.12/site-packages/px4_msgs/msg/_sensor_mag_s.c\n'}
[2.151566] (px4_msgs) StdoutLine: {'line': b'-- Up-to-date: /home/harsh/ros2_project/install/px4_msgs/lib/python3.12/site-packages/px4_msgs/msg/_internal_combustion_engine_status.py\n'}
[2.151640] (px4_msgs) StdoutLine: {'line': b'-- Up-to-date: /home/harsh/ros2_project/install/px4_msgs/lib/python3.12/site-packages/px4_msgs/msg/_vehicle_attitude_setpoint.py\n'}
[2.151743] (px4_msgs) StdoutLine: {'line': b'-- Up-to-date: /home/harsh/ros2_project/install/px4_msgs/lib/python3.12/site-packages/px4_msgs/msg/_buffer128.py\n'}
[2.151814] (px4_msgs) StdoutLine: {'line': b'-- Up-to-date: /home/harsh/ros2_project/install/px4_msgs/lib/python3.12/site-packages/px4_msgs/msg/_sensor_gyro_fifo.py\n'}
[2.151886] (px4_msgs) StdoutLine: {'line': b'-- Up-to-date: /home/harsh/ros2_project/install/px4_msgs/lib/python3.12/site-packages/px4_msgs/msg/_transponder_report_s.c\n'}
[2.151959] (px4_msgs) StdoutLine: {'line': b'-- Up-to-date: /home/harsh/ros2_project/install/px4_msgs/lib/python3.12/site-packages/px4_msgs/msg/_adc_report.py\n'}
[2.152051] (px4_msgs) StdoutLine: {'line': b'-- Up-to-date: /home/harsh/ros2_project/install/px4_msgs/lib/python3.12/site-packages/px4_msgs/msg/_rc_channels.py\n'}
[2.152134] (px4_msgs) StdoutLine: {'line': b'-- Up-to-date: /home/harsh/ros2_project/install/px4_msgs/lib/python3.12/site-packages/px4_msgs/msg/_trajectory_waypoint.py\n'}
[2.152212] (px4_msgs) StdoutLine: {'line': b'-- Up-to-date: /home/harsh/ros2_project/install/px4_msgs/lib/python3.12/site-packages/px4_msgs/msg/_vehicle_land_detected_s.c\n'}
[2.152343] (px4_msgs) StdoutLine: {'line': b'-- Up-to-date: /home/harsh/ros2_project/install/px4_msgs/lib/python3.12/site-packages/px4_msgs/msg/_ping.py\n'}
[2.152665] (px4_msgs) StdoutLine: {'line': b'-- Up-to-date: /home/harsh/ros2_project/install/px4_msgs/lib/python3.12/site-packages/px4_msgs/msg/_launch_detection_status.py\n'}
[2.152857] (px4_msgs) StdoutLine: {'line': b'-- Up-to-date: /home/harsh/ros2_project/install/px4_msgs/lib/python3.12/site-packages/px4_msgs/msg/_obstacle_distance_s.c\n'}
[2.153160] (px4_msgs) StdoutLine: {'line': b'-- Up-to-date: /home/harsh/ros2_project/install/px4_msgs/lib/python3.12/site-packages/px4_msgs/msg/_log_message_s.c\n'}
[2.153368] (px4_msgs) StdoutLine: {'line': b'-- Up-to-date: /home/harsh/ros2_project/install/px4_msgs/lib/python3.12/site-packages/px4_msgs/msg/_sensor_accel_fifo_s.c\n'}
[2.153652] (px4_msgs) StdoutLine: {'line': b'-- Up-to-date: /home/harsh/ros2_project/install/px4_msgs/lib/python3.12/site-packages/px4_msgs/msg/_mission_result_s.c\n'}
[2.153741] (px4_msgs) StdoutLine: {'line': b'-- Up-to-date: /home/harsh/ros2_project/install/px4_msgs/lib/python3.12/site-packages/px4_msgs/msg/_tecs_status.py\n'}
[2.153815] (px4_msgs) StdoutLine: {'line': b'-- Up-to-date: /home/harsh/ros2_project/install/px4_msgs/lib/python3.12/site-packages/px4_msgs/msg/_position_controller_status_s.c\n'}
[2.153885] (px4_msgs) StdoutLine: {'line': b'-- Up-to-date: /home/harsh/ros2_project/install/px4_msgs/lib/python3.12/site-packages/px4_msgs/msg/_vehicle_imu_status_s.c\n'}
[2.153957] (px4_msgs) StdoutLine: {'line': b'-- Up-to-date: /home/harsh/ros2_project/install/px4_msgs/lib/python3.12/site-packages/px4_msgs/msg/_orb_test_medium_s.c\n'}
[2.154042] (px4_msgs) StdoutLine: {'line': b'-- Up-to-date: /home/harsh/ros2_project/install/px4_msgs/lib/python3.12/site-packages/px4_msgs/msg/_estimator_aid_source3d_s.c\n'}
[2.154113] (px4_msgs) StdoutLine: {'line': b'-- Up-to-date: /home/harsh/ros2_project/install/px4_msgs/lib/python3.12/site-packages/px4_msgs/msg/_control_allocator_status_s.c\n'}
[2.154185] (px4_msgs) StdoutLine: {'line': b'-- Up-to-date: /home/harsh/ros2_project/install/px4_msgs/lib/python3.12/site-packages/px4_msgs/msg/_sensor_selection.py\n'}
[2.154256] (px4_msgs) StdoutLine: {'line': b'-- Up-to-date: /home/harsh/ros2_project/install/px4_msgs/lib/python3.12/site-packages/px4_msgs/msg/_flight_phase_estimation_s.c\n'}
[2.154339] (px4_msgs) StdoutLine: {'line': b'-- Up-to-date: /home/harsh/ros2_project/install/px4_msgs/lib/python3.12/site-packages/px4_msgs/msg/_trajectory_bezier_s.c\n'}
[2.154421] (px4_msgs) StdoutLine: {'line': b'-- Up-to-date: /home/harsh/ros2_project/install/px4_msgs/lib/python3.12/site-packages/px4_msgs/msg/_camera_status_s.c\n'}
[2.154499] (px4_msgs) StdoutLine: {'line': b'-- Up-to-date: /home/harsh/ros2_project/install/px4_msgs/lib/python3.12/site-packages/px4_msgs/msg/_vehicle_optical_flow_s.c\n'}
[2.154572] (px4_msgs) StdoutLine: {'line': b'-- Up-to-date: /home/harsh/ros2_project/install/px4_msgs/lib/python3.12/site-packages/px4_msgs/msg/_estimator_status.py\n'}
[2.154644] (px4_msgs) StdoutLine: {'line': b'-- Up-to-date: /home/harsh/ros2_project/install/px4_msgs/lib/python3.12/site-packages/px4_msgs/msg/_collision_constraints.py\n'}
[2.154714] (px4_msgs) StdoutLine: {'line': b'-- Up-to-date: /home/harsh/ros2_project/install/px4_msgs/lib/python3.12/site-packages/px4_msgs/msg/_can_interface_status.py\n'}
[2.154786] (px4_msgs) StdoutLine: {'line': b'-- Up-to-date: /home/harsh/ros2_project/install/px4_msgs/lib/python3.12/site-packages/px4_msgs/msg/_gripper_s.c\n'}
[2.154856] (px4_msgs) StdoutLine: {'line': b'-- Up-to-date: /home/harsh/ros2_project/install/px4_msgs/lib/python3.12/site-packages/px4_msgs/msg/_estimator_gps_status.py\n'}
[2.154926] (px4_msgs) StdoutLine: {'line': b'-- Up-to-date: /home/harsh/ros2_project/install/px4_msgs/lib/python3.12/site-packages/px4_msgs/msg/_position_controller_landing_status.py\n'}
[2.155003] (px4_msgs) StdoutLine: {'line': b'-- Up-to-date: /home/harsh/ros2_project/install/px4_msgs/lib/python3.12/site-packages/px4_msgs/msg/__init__.py\n'}
[2.155077] (px4_msgs) StdoutLine: {'line': b'-- Up-to-date: /home/harsh/ros2_project/install/px4_msgs/lib/python3.12/site-packages/px4_msgs/msg/_figure_eight_status.py\n'}
[2.155149] (px4_msgs) StdoutLine: {'line': b'-- Up-to-date: /home/harsh/ros2_project/install/px4_msgs/lib/python3.12/site-packages/px4_msgs/msg/_npfg_status.py\n'}
[2.155265] (px4_msgs) StdoutLine: {'line': b'-- Up-to-date: /home/harsh/ros2_project/install/px4_msgs/lib/python3.12/site-packages/px4_msgs/msg/_power_monitor.py\n'}
[2.155334] (px4_msgs) StdoutLine: {'line': b'-- Up-to-date: /home/harsh/ros2_project/install/px4_msgs/lib/python3.12/site-packages/px4_msgs/msg/_tiltrotor_extra_controls_s.c\n'}
[2.155402] (px4_msgs) StdoutLine: {'line': b'-- Up-to-date: /home/harsh/ros2_project/install/px4_msgs/lib/python3.12/site-packages/px4_msgs/msg/_mission_s.c\n'}
[2.155474] (px4_msgs) StdoutLine: {'line': b'-- Up-to-date: /home/harsh/ros2_project/install/px4_msgs/lib/python3.12/site-packages/px4_msgs/msg/_flight_phase_estimation.py\n'}
[2.155547] (px4_msgs) StdoutLine: {'line': b'-- Up-to-date: /home/harsh/ros2_project/install/px4_msgs/lib/python3.12/site-packages/px4_msgs/msg/_debug_value.py\n'}
[2.155620] (px4_msgs) StdoutLine: {'line': b'-- Up-to-date: /home/harsh/ros2_project/install/px4_msgs/lib/python3.12/site-packages/px4_msgs/msg/_vehicle_local_position_setpoint_s.c\n'}
[2.155692] (px4_msgs) StdoutLine: {'line': b'-- Up-to-date: /home/harsh/ros2_project/install/px4_msgs/lib/python3.12/site-packages/px4_msgs/msg/_rc_parameter_map_s.c\n'}
[2.155765] (px4_msgs) StdoutLine: {'line': b'-- Up-to-date: /home/harsh/ros2_project/install/px4_msgs/lib/python3.12/site-packages/px4_msgs/msg/_wind_s.c\n'}
[2.155834] (px4_msgs) StdoutLine: {'line': b'-- Up-to-date: /home/harsh/ros2_project/install/px4_msgs/lib/python3.12/site-packages/px4_msgs/msg/_tiltrotor_extra_controls.py\n'}
[2.155903] (px4_msgs) StdoutLine: {'line': b'-- Up-to-date: /home/harsh/ros2_project/install/px4_msgs/lib/python3.12/site-packages/px4_msgs/msg/_vehicle_thrust_setpoint.py\n'}
[2.155974] (px4_msgs) StdoutLine: {'line': b'-- Up-to-date: /home/harsh/ros2_project/install/px4_msgs/lib/python3.12/site-packages/px4_msgs/msg/_esc_report_s.c\n'}
[2.156057] (px4_msgs) StdoutLine: {'line': b'-- Up-to-date: /home/harsh/ros2_project/install/px4_msgs/lib/python3.12/site-packages/px4_msgs/msg/_collision_report_s.c\n'}
[2.156127] (px4_msgs) StdoutLine: {'line': b'-- Up-to-date: /home/harsh/ros2_project/install/px4_msgs/lib/python3.12/site-packages/px4_msgs/msg/_register_ext_component_request.py\n'}
[2.156196] (px4_msgs) StdoutLine: {'line': b'-- Up-to-date: /home/harsh/ros2_project/install/px4_msgs/lib/python3.12/site-packages/px4_msgs/msg/_debug_key_value.py\n'}
[2.156265] (px4_msgs) StdoutLine: {'line': b'-- Up-to-date: /home/harsh/ros2_project/install/px4_msgs/lib/python3.12/site-packages/px4_msgs/msg/_register_ext_component_reply.py\n'}
[2.156335] (px4_msgs) StdoutLine: {'line': b'-- Up-to-date: /home/harsh/ros2_project/install/px4_msgs/lib/python3.12/site-packages/px4_msgs/msg/_geofence_result.py\n'}
[2.156405] (px4_msgs) StdoutLine: {'line': b'-- Up-to-date: /home/harsh/ros2_project/install/px4_msgs/lib/python3.12/site-packages/px4_msgs/msg/_differential_drive_setpoint_s.c\n'}
[2.156473] (px4_msgs) StdoutLine: {'line': b'-- Up-to-date: /home/harsh/ros2_project/install/px4_msgs/lib/python3.12/site-packages/px4_msgs/msg/_gimbal_manager_set_attitude_s.c\n'}
[2.156542] (px4_msgs) StdoutLine: {'line': b'-- Up-to-date: /home/harsh/ros2_project/install/px4_msgs/lib/python3.12/site-packages/px4_msgs/msg/_camera_status.py\n'}
[2.156615] (px4_msgs) StdoutLine: {'line': b'-- Up-to-date: /home/harsh/ros2_project/install/px4_msgs/lib/python3.12/site-packages/px4_msgs/msg/_actuator_test.py\n'}
[2.156693] (px4_msgs) StdoutLine: {'line': b'-- Up-to-date: /home/harsh/ros2_project/install/px4_msgs/lib/python3.12/site-packages/px4_msgs/msg/_led_control_s.c\n'}
[2.156769] (px4_msgs) StdoutLine: {'line': b'-- Up-to-date: /home/harsh/ros2_project/install/px4_msgs/lib/python3.12/site-packages/px4_msgs/msg/_vehicle_acceleration_s.c\n'}
[2.156845] (px4_msgs) StdoutLine: {'line': b'-- Up-to-date: /home/harsh/ros2_project/install/px4_msgs/lib/python3.12/site-packages/px4_msgs/msg/_vehicle_optical_flow_vel_s.c\n'}
[2.156921] (px4_msgs) StdoutLine: {'line': b'-- Up-to-date: /home/harsh/ros2_project/install/px4_msgs/lib/python3.12/site-packages/px4_msgs/msg/_task_stack_info.py\n'}
[2.157004] (px4_msgs) StdoutLine: {'line': b'-- Up-to-date: /home/harsh/ros2_project/install/px4_msgs/lib/python3.12/site-packages/px4_msgs/msg/_gimbal_device_information.py\n'}
[2.157089] (px4_msgs) StdoutLine: {'line': b'-- Up-to-date: /home/harsh/ros2_project/install/px4_msgs/lib/python3.12/site-packages/px4_msgs/msg/_gimbal_manager_set_manual_control.py\n'}
[2.157166] (px4_msgs) StdoutLine: {'line': b'-- Up-to-date: /home/harsh/ros2_project/install/px4_msgs/lib/python3.12/site-packages/px4_msgs/msg/_rc_parameter_map.py\n'}
[2.157243] (px4_msgs) StdoutLine: {'line': b'-- Up-to-date: /home/harsh/ros2_project/install/px4_msgs/lib/python3.12/site-packages/px4_msgs/msg/_rc_channels_s.c\n'}
[2.157374] (px4_msgs) StdoutLine: {'line': b'-- Up-to-date: /home/harsh/ros2_project/install/px4_msgs/lib/python3.12/site-packages/px4_msgs/msg/_geofence_status_s.c\n'}
[2.157442] (px4_msgs) StdoutLine: {'line': b'-- Up-to-date: /home/harsh/ros2_project/install/px4_msgs/lib/python3.12/site-packages/px4_msgs/msg/_parameter_reset_request.py\n'}
[2.157512] (px4_msgs) StdoutLine: {'line': b'-- Up-to-date: /home/harsh/ros2_project/install/px4_msgs/lib/python3.12/site-packages/px4_msgs/msg/_follow_target.py\n'}
[2.157585] (px4_msgs) StdoutLine: {'line': b'-- Up-to-date: /home/harsh/ros2_project/install/px4_msgs/lib/python3.12/site-packages/px4_msgs/msg/_mavlink_tunnel_s.c\n'}
[2.157656] (px4_msgs) StdoutLine: {'line': b'-- Up-to-date: /home/harsh/ros2_project/install/px4_msgs/lib/python3.12/site-packages/px4_msgs/msg/_velocity_limits_s.c\n'}
[2.157726] (px4_msgs) StdoutLine: {'line': b'-- Up-to-date: /home/harsh/ros2_project/install/px4_msgs/lib/python3.12/site-packages/px4_msgs/msg/_vehicle_optical_flow_vel.py\n'}
[2.157838] (px4_msgs) StdoutLine: {'line': b'-- Up-to-date: /home/harsh/ros2_project/install/px4_msgs/lib/python3.12/site-packages/px4_msgs/msg/_vehicle_angular_acceleration_setpoint.py\n'}
[2.157917] (px4_msgs) StdoutLine: {'line': b'-- Up-to-date: /home/harsh/ros2_project/install/px4_msgs/lib/python3.12/site-packages/px4_msgs/msg/_vehicle_constraints_s.c\n'}
[2.157995] (px4_msgs) StdoutLine: {'line': b'-- Up-to-date: /home/harsh/ros2_project/install/px4_msgs/lib/python3.12/site-packages/px4_msgs/msg/_mount_orientation_s.c\n'}
[2.158072] (px4_msgs) StdoutLine: {'line': b'-- Up-to-date: /home/harsh/ros2_project/install/px4_msgs/lib/python3.12/site-packages/px4_msgs/msg/_position_setpoint_s.c\n'}
[2.158176] (px4_msgs) StdoutLine: {'line': b'-- Up-to-date: /home/harsh/ros2_project/install/px4_msgs/lib/python3.12/site-packages/px4_msgs/msg/_gps_dump.py\n'}
[2.158247] (px4_msgs) StdoutLine: {'line': b'-- Up-to-date: /home/harsh/ros2_project/install/px4_msgs/lib/python3.12/site-packages/px4_msgs/msg/_vehicle_odometry_s.c\n'}
[2.158314] (px4_msgs) StdoutLine: {'line': b'-- Up-to-date: /home/harsh/ros2_project/install/px4_msgs/lib/python3.12/site-packages/px4_msgs/msg/_arming_check_request.py\n'}
[2.158380] (px4_msgs) StdoutLine: {'line': b'-- Up-to-date: /home/harsh/ros2_project/install/px4_msgs/lib/python3.12/site-packages/px4_msgs/msg/_uavcan_parameter_value.py\n'}
[2.158443] (px4_msgs) StdoutLine: {'line': b'-- Up-to-date: /home/harsh/ros2_project/install/px4_msgs/lib/python3.12/site-packages/px4_msgs/msg/_vehicle_odometry.py\n'}
[2.158512] (px4_msgs) StdoutLine: {'line': b'-- Up-to-date: /home/harsh/ros2_project/install/px4_msgs/lib/python3.12/site-packages/px4_msgs/msg/_sensors_status.py\n'}
[2.158579] (px4_msgs) StdoutLine: {'line': b'-- Up-to-date: /home/harsh/ros2_project/install/px4_msgs/lib/python3.12/site-packages/px4_msgs/msg/_trajectory_waypoint_s.c\n'}
[2.158647] (px4_msgs) StdoutLine: {'line': b'-- Up-to-date: /home/harsh/ros2_project/install/px4_msgs/lib/python3.12/site-packages/px4_msgs/msg/_vehicle_air_data.py\n'}
[2.158717] (px4_msgs) StdoutLine: {'line': b'-- Up-to-date: /home/harsh/ros2_project/install/px4_msgs/lib/python3.12/site-packages/px4_msgs/msg/_gimbal_manager_information.py\n'}
[2.158803] (px4_msgs) StdoutLine: {'line': b'-- Up-to-date: /home/harsh/ros2_project/install/px4_msgs/lib/python3.12/site-packages/px4_msgs/msg/_sensor_correction.py\n'}
[2.158876] (px4_msgs) StdoutLine: {'line': b'-- Up-to-date: /home/harsh/ros2_project/install/px4_msgs/lib/python3.12/site-packages/px4_msgs/msg/_sensors_status_imu.py\n'}
[2.158946] (px4_msgs) StdoutLine: {'line': b'-- Up-to-date: /home/harsh/ros2_project/install/px4_msgs/lib/python3.12/site-packages/px4_msgs/msg/_estimator_innovations_s.c\n'}
[2.159026] (px4_msgs) StdoutLine: {'line': b'-- Up-to-date: /home/harsh/ros2_project/install/px4_msgs/lib/python3.12/site-packages/px4_msgs/msg/_sensor_airflow_s.c\n'}
[2.159098] (px4_msgs) StdoutLine: {'line': b'-- Up-to-date: /home/harsh/ros2_project/install/px4_msgs/lib/python3.12/site-packages/px4_msgs/msg/_message_format_response.py\n'}
[2.159197] (px4_msgs) StdoutLine: {'line': b'-- Up-to-date: /home/harsh/ros2_project/install/px4_msgs/lib/python3.12/site-packages/px4_msgs/msg/_vehicle_attitude.py\n'}
[2.159266] (px4_msgs) StdoutLine: {'line': b'-- Up-to-date: /home/harsh/ros2_project/install/px4_msgs/lib/python3.12/site-packages/px4_msgs/msg/_camera_capture_s.c\n'}
[2.159334] (px4_msgs) StdoutLine: {'line': b'-- Up-to-date: /home/harsh/ros2_project/install/px4_msgs/lib/python3.12/site-packages/px4_msgs/msg/_estimator_aid_source1d.py\n'}
[2.159408] (px4_msgs) StdoutLine: {'line': b'-- Up-to-date: /home/harsh/ros2_project/install/px4_msgs/lib/python3.12/site-packages/px4_msgs/msg/_wind.py\n'}
[2.159477] (px4_msgs) StdoutLine: {'line': b'-- Up-to-date: /home/harsh/ros2_project/install/px4_msgs/lib/python3.12/site-packages/px4_msgs/msg/_buffer128_s.c\n'}
[2.159547] (px4_msgs) StdoutLine: {'line': b'-- Up-to-date: /home/harsh/ros2_project/install/px4_msgs/lib/python3.12/site-packages/px4_msgs/msg/_normalized_unsigned_setpoint_s.c\n'}
[2.159615] (px4_msgs) StdoutLine: {'line': b'-- Up-to-date: /home/harsh/ros2_project/install/px4_msgs/lib/python3.12/site-packages/px4_msgs/msg/_gimbal_manager_information_s.c\n'}
[2.159684] (px4_msgs) StdoutLine: {'line': b'-- Up-to-date: /home/harsh/ros2_project/install/px4_msgs/lib/python3.12/site-packages/px4_msgs/msg/_arming_check_reply_s.c\n'}
[2.159751] (px4_msgs) StdoutLine: {'line': b'-- Up-to-date: /home/harsh/ros2_project/install/px4_msgs/lib/python3.12/site-packages/px4_msgs/msg/_button_event_s.c\n'}
[2.159816] (px4_msgs) StdoutLine: {'line': b'-- Up-to-date: /home/harsh/ros2_project/install/px4_msgs/lib/python3.12/site-packages/px4_msgs/msg/_vehicle_attitude_s.c\n'}
[2.159881] (px4_msgs) StdoutLine: {'line': b'-- Up-to-date: /home/harsh/ros2_project/install/px4_msgs/lib/python3.12/site-packages/px4_msgs/msg/_vehicle_land_detected.py\n'}
[2.159948] (px4_msgs) StdoutLine: {'line': b'-- Up-to-date: /home/harsh/ros2_project/install/px4_msgs/lib/python3.12/site-packages/px4_msgs/msg/_airspeed_validated.py\n'}
[2.160025] (px4_msgs) StdoutLine: {'line': b'-- Up-to-date: /home/harsh/ros2_project/install/px4_msgs/lib/python3.12/site-packages/px4_msgs/msg/_rtl_time_estimate_s.c\n'}
[2.160092] (px4_msgs) StdoutLine: {'line': b'-- Up-to-date: /home/harsh/ros2_project/install/px4_msgs/lib/python3.12/site-packages/px4_msgs/msg/_esc_report.py\n'}
[2.160158] (px4_msgs) StdoutLine: {'line': b'-- Up-to-date: /home/harsh/ros2_project/install/px4_msgs/lib/python3.12/site-packages/px4_msgs/msg/_vehicle_imu_s.c\n'}
[2.160266] (px4_msgs) StdoutLine: {'line': b'-- Up-to-date: /home/harsh/ros2_project/install/px4_msgs/lib/python3.12/site-packages/px4_msgs/msg/_differential_drive_setpoint.py\n'}
[2.160328] (px4_msgs) StdoutLine: {'line': b'-- Up-to-date: /home/harsh/ros2_project/install/px4_msgs/lib/python3.12/site-packages/px4_msgs/msg/_gimbal_manager_set_attitude.py\n'}
[2.160390] (px4_msgs) StdoutLine: {'line': b'-- Up-to-date: /home/harsh/ros2_project/install/px4_msgs/lib/python3.12/site-packages/px4_msgs/msg/_manual_control_setpoint_s.c\n'}
[2.160452] (px4_msgs) StdoutLine: {'line': b'-- Up-to-date: /home/harsh/ros2_project/install/px4_msgs/lib/python3.12/site-packages/px4_msgs/msg/_vehicle_local_position_setpoint.py\n'}
[2.160514] (px4_msgs) StdoutLine: {'line': b'-- Up-to-date: /home/harsh/ros2_project/install/px4_msgs/lib/python3.12/site-packages/px4_msgs/msg/_failure_detector_status.py\n'}
[2.160579] (px4_msgs) StdoutLine: {'line': b'-- Up-to-date: /home/harsh/ros2_project/install/px4_msgs/lib/python3.12/site-packages/px4_msgs/msg/_manual_control_setpoint.py\n'}
[2.160642] (px4_msgs) StdoutLine: {'line': b'-- Up-to-date: /home/harsh/ros2_project/install/px4_msgs/lib/python3.12/site-packages/px4_msgs/msg/_qshell_retval.py\n'}
[2.160698] (px4_msgs) StdoutLine: {'line': b'-- Up-to-date: /home/harsh/ros2_project/install/px4_msgs/lib/python3.12/site-packages/px4_msgs/msg/_sensors_status_imu_s.c\n'}
[2.160753] (px4_msgs) StdoutLine: {'line': b'-- Up-to-date: /home/harsh/ros2_project/install/px4_msgs/lib/python3.12/site-packages/px4_msgs/msg/_sensor_preflight_mag_s.c\n'}
[2.160813] (px4_msgs) StdoutLine: {'line': b'-- Up-to-date: /home/harsh/ros2_project/install/px4_msgs/lib/python3.12/site-packages/px4_msgs/msg/_vehicle_constraints.py\n'}
[2.160871] (px4_msgs) StdoutLine: {'line': b'-- Up-to-date: /home/harsh/ros2_project/install/px4_msgs/lib/python3.12/site-packages/px4_msgs/msg/_vehicle_roi.py\n'}
[2.160926] (px4_msgs) StdoutLine: {'line': b'-- Up-to-date: /home/harsh/ros2_project/install/px4_msgs/lib/python3.12/site-packages/px4_msgs/msg/_sensor_optical_flow_s.c\n'}
[2.160988] (px4_msgs) StdoutLine: {'line': b'-- Up-to-date: /home/harsh/ros2_project/install/px4_msgs/lib/python3.12/site-packages/px4_msgs/msg/_offboard_control_mode.py\n'}
[2.161049] (px4_msgs) StdoutLine: {'line': b'-- Up-to-date: /home/harsh/ros2_project/install/px4_msgs/lib/python3.12/site-packages/px4_msgs/msg/_actuator_controls_status_s.c\n'}
[2.161106] (px4_msgs) StdoutLine: {'line': b'-- Up-to-date: /home/harsh/ros2_project/install/px4_msgs/lib/python3.12/site-packages/px4_msgs/msg/_actuator_controls_status.py\n'}
[2.161166] (px4_msgs) StdoutLine: {'line': b'-- Up-to-date: /home/harsh/ros2_project/install/px4_msgs/lib/python3.12/site-packages/px4_msgs/msg/_ulog_stream_ack_s.c\n'}
[2.161223] (px4_msgs) StdoutLine: {'line': b'-- Up-to-date: /home/harsh/ros2_project/install/px4_msgs/lib/python3.12/site-packages/px4_msgs/msg/_geofence_status.py\n'}
[2.161281] (px4_msgs) StdoutLine: {'line': b'-- Up-to-date: /home/harsh/ros2_project/install/px4_msgs/lib/python3.12/site-packages/px4_msgs/msg/_rate_ctrl_status.py\n'}
[2.161337] (px4_msgs) StdoutLine: {'line': b'-- Up-to-date: /home/harsh/ros2_project/install/px4_msgs/lib/python3.12/site-packages/px4_msgs/msg/_system_power_s.c\n'}
[2.161394] (px4_msgs) StdoutLine: {'line': b'-- Up-to-date: /home/harsh/ros2_project/install/px4_msgs/lib/python3.12/site-packages/px4_msgs/msg/_dataman_request_s.c\n'}
[2.161450] (px4_msgs) StdoutLine: {'line': b'-- Up-to-date: /home/harsh/ros2_project/install/px4_msgs/lib/python3.12/site-packages/px4_msgs/msg/_button_event.py\n'}
[2.161510] (px4_msgs) StdoutLine: {'line': b'-- Up-to-date: /home/harsh/ros2_project/install/px4_msgs/lib/python3.12/site-packages/px4_msgs/msg/_vehicle_rates_setpoint_s.c\n'}
[2.161571] (px4_msgs) StdoutLine: {'line': b'-- Up-to-date: /home/harsh/ros2_project/install/px4_msgs/lib/python3.12/site-packages/px4_msgs/msg/_px4io_status.py\n'}
[2.161626] (px4_msgs) StdoutLine: {'line': b'-- Up-to-date: /home/harsh/ros2_project/install/px4_msgs/lib/python3.12/site-packages/px4_msgs/msg/_arming_check_request_s.c\n'}
[2.161679] (px4_msgs) StdoutLine: {'line': b'-- Up-to-date: /home/harsh/ros2_project/install/px4_msgs/lib/python3.12/site-packages/px4_msgs/msg/_sensor_hygrometer_s.c\n'}
[2.161735] (px4_msgs) StdoutLine: {'line': b'-- Up-to-date: /home/harsh/ros2_project/install/px4_msgs/lib/python3.12/site-packages/px4_msgs/msg/_landing_gear_s.c\n'}
[2.161791] (px4_msgs) StdoutLine: {'line': b'-- Up-to-date: /home/harsh/ros2_project/install/px4_msgs/lib/python3.12/site-packages/px4_msgs/msg/_vehicle_roi_s.c\n'}
[2.161847] (px4_msgs) StdoutLine: {'line': b'-- Up-to-date: /home/harsh/ros2_project/install/px4_msgs/lib/python3.12/site-packages/px4_msgs/msg/_failsafe_flags_s.c\n'}
[2.161903] (px4_msgs) StdoutLine: {'line': b'-- Up-to-date: /home/harsh/ros2_project/install/px4_msgs/lib/python3.12/site-packages/px4_msgs/msg/_input_rc.py\n'}
[2.161961] (px4_msgs) StdoutLine: {'line': b'-- Up-to-date: /home/harsh/ros2_project/install/px4_msgs/lib/python3.12/site-packages/px4_msgs/msg/_generator_status.py\n'}
[2.162025] (px4_msgs) StdoutLine: {'line': b'-- Up-to-date: /home/harsh/ros2_project/install/px4_msgs/lib/python3.12/site-packages/px4_msgs/msg/_airspeed_s.c\n'}
[2.162087] (px4_msgs) StdoutLine: {'line': b'-- Up-to-date: /home/harsh/ros2_project/install/px4_msgs/lib/python3.12/site-packages/px4_msgs/msg/_manual_control_switches_s.c\n'}
[2.162144] (px4_msgs) StdoutLine: {'line': b'-- Up-to-date: /home/harsh/ros2_project/install/px4_msgs/lib/python3.12/site-packages/px4_msgs/msg/_trajectory_setpoint.py\n'}
[2.162238] (px4_msgs) StdoutLine: {'line': b'-- Up-to-date: /home/harsh/ros2_project/install/px4_msgs/lib/python3.12/site-packages/px4_msgs/msg/_estimator_status_s.c\n'}
[2.162301] (px4_msgs) StdoutLine: {'line': b'-- Up-to-date: /home/harsh/ros2_project/install/px4_msgs/lib/python3.12/site-packages/px4_msgs/msg/_actuator_armed_s.c\n'}
[2.162357] (px4_msgs) StdoutLine: {'line': b'-- Up-to-date: /home/harsh/ros2_project/install/px4_msgs/lib/python3.12/site-packages/px4_msgs/msg/_vehicle_magnetometer.py\n'}
[2.162414] (px4_msgs) StdoutLine: {'line': b'-- Up-to-date: /home/harsh/ros2_project/install/px4_msgs/lib/python3.12/site-packages/px4_msgs/msg/_estimator_event_flags_s.c\n'}
[2.162471] (px4_msgs) StdoutLine: {'line': b'-- Up-to-date: /home/harsh/ros2_project/install/px4_msgs/lib/python3.12/site-packages/px4_msgs/msg/_gimbal_device_attitude_status_s.c\n'}
[2.162526] (px4_msgs) StdoutLine: {'line': b'-- Up-to-date: /home/harsh/ros2_project/install/px4_msgs/lib/python3.12/site-packages/px4_msgs/msg/_sensor_gyro.py\n'}
[2.162582] (px4_msgs) StdoutLine: {'line': b'-- Up-to-date: /home/harsh/ros2_project/install/px4_msgs/lib/python3.12/site-packages/px4_msgs/msg/_vtol_vehicle_status_s.c\n'}
[2.162639] (px4_msgs) StdoutLine: {'line': b'-- Up-to-date: /home/harsh/ros2_project/install/px4_msgs/lib/python3.12/site-packages/px4_msgs/msg/_takeoff_status.py\n'}
[2.162694] (px4_msgs) StdoutLine: {'line': b'-- Up-to-date: /home/harsh/ros2_project/install/px4_msgs/lib/python3.12/site-packages/px4_msgs/msg/_task_stack_info_s.c\n'}
[2.162751] (px4_msgs) StdoutLine: {'line': b'-- Up-to-date: /home/harsh/ros2_project/install/px4_msgs/lib/python3.12/site-packages/px4_msgs/msg/_airspeed.py\n'}
[2.162808] (px4_msgs) StdoutLine: {'line': b'-- Up-to-date: /home/harsh/ros2_project/install/px4_msgs/lib/python3.12/site-packages/px4_msgs/msg/_differential_pressure_s.c\n'}
[2.162864] (px4_msgs) StdoutLine: {'line': b'-- Up-to-date: /home/harsh/ros2_project/install/px4_msgs/lib/python3.12/site-packages/px4_msgs/msg/_onboard_computer_status.py\n'}
[2.162921] (px4_msgs) StdoutLine: {'line': b'-- Up-to-date: /home/harsh/ros2_project/install/px4_msgs/lib/python3.12/site-packages/px4_msgs/msg/_vehicle_attitude_setpoint_s.c\n'}
[2.162984] (px4_msgs) StdoutLine: {'line': b'-- Up-to-date: /home/harsh/ros2_project/install/px4_msgs/lib/python3.12/site-packages/px4_msgs/msg/_vehicle_angular_velocity.py\n'}
[2.163050] (px4_msgs) StdoutLine: {'line': b'-- Up-to-date: /home/harsh/ros2_project/install/px4_msgs/lib/python3.12/site-packages/px4_msgs/msg/_orb_test_large.py\n'}
[2.163108] (px4_msgs) StdoutLine: {'line': b'-- Up-to-date: /home/harsh/ros2_project/install/px4_msgs/lib/python3.12/site-packages/px4_msgs/msg/_position_setpoint.py\n'}
[2.163167] (px4_msgs) StdoutLine: {'line': b'-- Up-to-date: /home/harsh/ros2_project/install/px4_msgs/lib/python3.12/site-packages/px4_msgs/msg/_logger_status.py\n'}
[2.163247] (px4_msgs) StdoutLine: {'line': b'-- Up-to-date: /home/harsh/ros2_project/install/px4_msgs/lib/python3.12/site-packages/px4_msgs/msg/_gimbal_device_attitude_status.py\n'}
[2.163367] (px4_msgs) StdoutLine: {'line': b'-- Up-to-date: /home/harsh/ros2_project/install/px4_msgs/lib/python3.12/site-packages/px4_msgs/msg/_geofence_result_s.c\n'}
[2.163502] (px4_msgs) StdoutLine: {'line': b'-- Up-to-date: /home/harsh/ros2_project/install/px4_msgs/lib/python3.12/site-packages/px4_msgs/msg/_debug_value_s.c\n'}
[2.163555] (px4_msgs) StdoutLine: {'line': b'-- Up-to-date: /home/harsh/ros2_project/install/px4_msgs/lib/python3.12/site-packages/px4_msgs/msg/_cpuload.py\n'}
[2.163608] (px4_msgs) StdoutLine: {'line': b'-- Up-to-date: /home/harsh/ros2_project/install/px4_msgs/lib/python3.12/site-packages/px4_msgs/msg/_failure_detector_status_s.c\n'}
[2.163663] (px4_msgs) StdoutLine: {'line': b'-- Up-to-date: /home/harsh/ros2_project/install/px4_msgs/lib/python3.12/site-packages/px4_msgs/msg/_landing_gear_wheel_s.c\n'}
[2.163720] (px4_msgs) StdoutLine: {'line': b'-- Up-to-date: /home/harsh/ros2_project/install/px4_msgs/lib/python3.12/site-packages/px4_msgs/msg/_vehicle_trajectory_waypoint_s.c\n'}
[2.163800] (px4_msgs) StdoutLine: {'line': b'-- Up-to-date: /home/harsh/ros2_project/install/px4_msgs/lib/python3.12/site-packages/px4_msgs/msg/_estimator_gps_status_s.c\n'}
[2.163858] (px4_msgs) StdoutLine: {'line': b'-- Up-to-date: /home/harsh/ros2_project/install/px4_msgs/lib/python3.12/site-packages/px4_msgs/msg/_gpio_in.py\n'}
[2.163912] (px4_msgs) StdoutLine: {'line': b'-- Up-to-date: /home/harsh/ros2_project/install/px4_msgs/lib/python3.12/site-packages/px4_msgs/msg/_gimbal_device_set_attitude.py\n'}
[2.163967] (px4_msgs) StdoutLine: {'line': b'-- Up-to-date: /home/harsh/ros2_project/install/px4_msgs/lib/python3.12/site-packages/px4_msgs/msg/_obstacle_distance.py\n'}
[2.164038] (px4_msgs) StdoutLine: {'line': b'-- Up-to-date: /home/harsh/ros2_project/install/px4_msgs/lib/python3.12/site-packages/px4_msgs/msg/_follow_target_status_s.c\n'}
[2.164097] (px4_msgs) StdoutLine: {'line': b'-- Up-to-date: /home/harsh/ros2_project/install/px4_msgs/lib/python3.12/site-packages/px4_msgs/msg/_ulog_stream_ack.py\n'}
[2.164154] (px4_msgs) StdoutLine: {'line': b'-- Up-to-date: /home/harsh/ros2_project/install/px4_msgs/lib/python3.12/site-packages/px4_msgs/msg/_differential_pressure.py\n'}
[2.164211] (px4_msgs) StdoutLine: {'line': b'-- Up-to-date: /home/harsh/ros2_project/install/px4_msgs/lib/python3.12/site-packages/px4_msgs/msg/_rtl_status_s.c\n'}
[2.164266] (px4_msgs) StdoutLine: {'line': b'-- Up-to-date: /home/harsh/ros2_project/install/px4_msgs/lib/python3.12/site-packages/px4_msgs/msg/_yaw_estimator_status.py\n'}
[2.164325] (px4_msgs) StdoutLine: {'line': b'-- Up-to-date: /home/harsh/ros2_project/install/px4_msgs/lib/python3.12/site-packages/px4_msgs/msg/_estimator_bias_s.c\n'}
[2.164412] (px4_msgs) StdoutLine: {'line': b'-- Up-to-date: /home/harsh/ros2_project/install/px4_msgs/lib/python3.12/site-packages/px4_msgs/msg/_sensor_selection_s.c\n'}
[2.164474] (px4_msgs) StdoutLine: {'line': b'-- Up-to-date: /home/harsh/ros2_project/install/px4_msgs/lib/python3.12/site-packages/px4_msgs/msg/_estimator_status_flags_s.c\n'}
[2.164532] (px4_msgs) StdoutLine: {'line': b'-- Up-to-date: /home/harsh/ros2_project/install/px4_msgs/lib/python3.12/site-packages/px4_msgs/msg/_rtl_status.py\n'}
[2.164589] (px4_msgs) StdoutLine: {'line': b'-- Up-to-date: /home/harsh/ros2_project/install/px4_msgs/lib/python3.12/site-packages/px4_msgs/msg/_follow_target_estimator.py\n'}
[2.164648] (px4_msgs) StdoutLine: {'line': b'-- Up-to-date: /home/harsh/ros2_project/install/px4_msgs/lib/python3.12/site-packages/px4_msgs/msg/_goto_setpoint_s.c\n'}
[2.164705] (px4_msgs) StdoutLine: {'line': b'-- Up-to-date: /home/harsh/ros2_project/install/px4_msgs/lib/python3.12/site-packages/px4_msgs/msg/_sensor_accel_fifo.py\n'}
[2.164763] (px4_msgs) StdoutLine: {'line': b'-- Up-to-date: /home/harsh/ros2_project/install/px4_msgs/lib/python3.12/site-packages/px4_msgs/msg/_actuator_outputs.py\n'}
[2.164821] (px4_msgs) StdoutLine: {'line': b'-- Up-to-date: /home/harsh/ros2_project/install/px4_msgs/lib/python3.12/site-packages/px4_msgs/msg/_vehicle_air_data_s.c\n'}
[2.164879] (px4_msgs) StdoutLine: {'line': b'-- Up-to-date: /home/harsh/ros2_project/install/px4_msgs/lib/python3.12/site-packages/px4_msgs/msg/_vehicle_global_position_s.c\n'}
[2.164938] (px4_msgs) StdoutLine: {'line': b'-- Up-to-date: /home/harsh/ros2_project/install/px4_msgs/lib/python3.12/site-packages/px4_msgs/msg/_home_position_s.c\n'}
[2.165006] (px4_msgs) StdoutLine: {'line': b'-- Up-to-date: /home/harsh/ros2_project/install/px4_msgs/lib/python3.12/site-packages/px4_msgs/msg/_estimator_bias3d.py\n'}
[2.165070] (px4_msgs) StdoutLine: {'line': b'-- Up-to-date: /home/harsh/ros2_project/install/px4_msgs/lib/python3.12/site-packages/px4_msgs/msg/_parameter_set_value_request_s.c\n'}
[2.165127] (px4_msgs) StdoutLine: {'line': b'-- Up-to-date: /home/harsh/ros2_project/install/px4_msgs/lib/python3.12/site-packages/px4_msgs/msg/_estimator_aid_source2d_s.c\n'}
[2.165185] (px4_msgs) StdoutLine: {'line': b'-- Up-to-date: /home/harsh/ros2_project/install/px4_msgs/lib/python3.12/site-packages/px4_msgs/msg/_velocity_limits.py\n'}
[2.165247] (px4_msgs) StdoutLine: {'line': b'-- Up-to-date: /home/harsh/ros2_project/install/px4_msgs/lib/python3.12/site-packages/px4_msgs/msg/_estimator_aid_source1d_s.c\n'}
[2.165308] (px4_msgs) StdoutLine: {'line': b'-- Up-to-date: /home/harsh/ros2_project/install/px4_msgs/lib/python3.12/site-packages/px4_msgs/msg/_position_setpoint_triplet_s.c\n'}
[2.165366] (px4_msgs) StdoutLine: {'line': b'-- Up-to-date: /home/harsh/ros2_project/install/px4_msgs/lib/python3.12/site-packages/px4_msgs/msg/_vehicle_control_mode_s.c\n'}
[2.165424] (px4_msgs) StdoutLine: {'line': b'-- Up-to-date: /home/harsh/ros2_project/install/px4_msgs/lib/python3.12/site-packages/px4_msgs/msg/_vehicle_local_position_s.c\n'}
[2.165483] (px4_msgs) StdoutLine: {'line': b'-- Up-to-date: /home/harsh/ros2_project/install/px4_msgs/lib/python3.12/site-packages/px4_msgs/msg/_camera_trigger_s.c\n'}
[2.165544] (px4_msgs) StdoutLine: {'line': b'-- Up-to-date: /home/harsh/ros2_project/install/px4_msgs/lib/python3.12/site-packages/px4_msgs/msg/_sensor_gyro_s.c\n'}
[2.165601] (px4_msgs) StdoutLine: {'line': b'-- Up-to-date: /home/harsh/ros2_project/install/px4_msgs/lib/python3.12/site-packages/px4_msgs/msg/_actuator_armed.py\n'}
[2.165658] (px4_msgs) StdoutLine: {'line': b'-- Up-to-date: /home/harsh/ros2_project/install/px4_msgs/lib/python3.12/site-packages/px4_msgs/msg/_failsafe_flags.py\n'}
[2.165717] (px4_msgs) StdoutLine: {'line': b'-- Up-to-date: /home/harsh/ros2_project/install/px4_msgs/lib/python3.12/site-packages/px4_msgs/msg/_pps_capture.py\n'}
[2.165774] (px4_msgs) StdoutLine: {'line': b'-- Up-to-date: /home/harsh/ros2_project/install/px4_msgs/lib/python3.12/site-packages/px4_msgs/msg/_sensor_correction_s.c\n'}
[2.165834] (px4_msgs) StdoutLine: {'line': b'-- Up-to-date: /home/harsh/ros2_project/install/px4_msgs/lib/python3.12/site-packages/px4_msgs/msg/_system_power.py\n'}
[2.165895] (px4_msgs) StdoutLine: {'line': b'-- Up-to-date: /home/harsh/ros2_project/install/px4_msgs/lib/python3.12/site-packages/px4_msgs/msg/_arming_check_reply.py\n'}
[2.165955] (px4_msgs) StdoutLine: {'line': b'-- Up-to-date: /home/harsh/ros2_project/install/px4_msgs/lib/python3.12/site-packages/px4_msgs/msg/_trajectory_setpoint_s.c\n'}
[2.166022] (px4_msgs) StdoutLine: {'line': b'-- Up-to-date: /home/harsh/ros2_project/install/px4_msgs/lib/python3.12/site-packages/px4_msgs/msg/_power_button_state_s.c\n'}
[2.166083] (px4_msgs) StdoutLine: {'line': b'-- Up-to-date: /home/harsh/ros2_project/install/px4_msgs/lib/python3.12/site-packages/px4_msgs/msg/_wheel_encoders.py\n'}
[2.166143] (px4_msgs) StdoutLine: {'line': b'-- Up-to-date: /home/harsh/ros2_project/install/px4_msgs/lib/python3.12/site-packages/px4_msgs/msg/_battery_status.py\n'}
[2.166201] (px4_msgs) StdoutLine: {'line': b'-- Up-to-date: /home/harsh/ros2_project/install/px4_msgs/lib/python3.12/site-packages/px4_msgs/msg/_vehicle_torque_setpoint_s.c\n'}
[2.166264] (px4_msgs) StdoutLine: {'line': b'-- Up-to-date: /home/harsh/ros2_project/install/px4_msgs/lib/python3.12/site-packages/px4_msgs/msg/_autotune_attitude_control_status_s.c\n'}
[2.166358] (px4_msgs) StdoutLine: {'line': b'-- Up-to-date: /home/harsh/ros2_project/install/px4_msgs/lib/python3.12/site-packages/px4_msgs/msg/_irlock_report_s.c\n'}
[2.166431] (px4_msgs) StdoutLine: {'line': b'-- Up-to-date: /home/harsh/ros2_project/install/px4_msgs/lib/python3.12/site-packages/px4_msgs/msg/_message_format_request.py\n'}
[2.166580] (px4_msgs) StdoutLine: {'line': b'-- Up-to-date: /home/harsh/ros2_project/install/px4_msgs/lib/python3.12/site-packages/px4_msgs/msg/_power_monitor_s.c\n'}
[2.166640] (px4_msgs) StdoutLine: {'line': b'-- Up-to-date: /home/harsh/ros2_project/install/px4_msgs/lib/python3.12/site-packages/px4_msgs/msg/_landing_gear_wheel.py\n'}
[2.166696] (px4_msgs) StdoutLine: {'line': b'-- Up-to-date: /home/harsh/ros2_project/install/px4_msgs/lib/python3.12/site-packages/px4_msgs/msg/_takeoff_status_s.c\n'}
[2.166754] (px4_msgs) StdoutLine: {'line': b'-- Up-to-date: /home/harsh/ros2_project/install/px4_msgs/lib/python3.12/site-packages/px4_msgs/msg/_sensor_baro_s.c\n'}
[2.166829] (px4_msgs) StdoutLine: {'line': b'-- Up-to-date: /home/harsh/ros2_project/install/px4_msgs/lib/python3.12/site-packages/px4_msgs/msg/_sensor_airflow.py\n'}
[2.166883] (px4_msgs) StdoutLine: {'line': b'-- Up-to-date: /home/harsh/ros2_project/install/px4_msgs/lib/python3.12/site-packages/px4_msgs/msg/_gps_dump_s.c\n'}
[2.166937] (px4_msgs) StdoutLine: {'line': b'-- Up-to-date: /home/harsh/ros2_project/install/px4_msgs/lib/python3.12/site-packages/px4_msgs/msg/_adc_report_s.c\n'}
[2.167000] (px4_msgs) StdoutLine: {'line': b'-- Up-to-date: /home/harsh/ros2_project/install/px4_msgs/lib/python3.12/site-packages/px4_msgs/msg/_input_rc_s.c\n'}
[2.167063] (px4_msgs) StdoutLine: {'line': b'-- Up-to-date: /home/harsh/ros2_project/install/px4_msgs/lib/python3.12/site-packages/px4_msgs/msg/_estimator_selector_status_s.c\n'}
[2.167123] (px4_msgs) StdoutLine: {'line': b'-- Up-to-date: /home/harsh/ros2_project/install/px4_msgs/lib/python3.12/site-packages/px4_msgs/msg/_dataman_request.py\n'}
[2.167179] (px4_msgs) StdoutLine: {'line': b'-- Up-to-date: /home/harsh/ros2_project/install/px4_msgs/lib/python3.12/site-packages/px4_msgs/msg/_magnetometer_bias_estimate.py\n'}
[2.167243] (px4_msgs) StdoutLine: {'line': b'-- Up-to-date: /home/harsh/ros2_project/install/px4_msgs/lib/python3.12/site-packages/px4_msgs/msg/_distance_sensor.py\n'}
[2.167304] (px4_msgs) StdoutLine: {'line': b'-- Up-to-date: /home/harsh/ros2_project/install/px4_msgs/lib/python3.12/site-packages/px4_msgs/msg/_yaw_estimator_status_s.c\n'}
[2.167361] (px4_msgs) StdoutLine: {'line': b'-- Up-to-date: /home/harsh/ros2_project/install/px4_msgs/lib/python3.12/site-packages/px4_msgs/msg/_parameter_set_value_request.py\n'}
[2.167418] (px4_msgs) StdoutLine: {'line': b'-- Up-to-date: /home/harsh/ros2_project/install/px4_msgs/lib/python3.12/site-packages/px4_msgs/msg/_ulog_stream.py\n'}
[2.167474] (px4_msgs) StdoutLine: {'line': b'-- Up-to-date: /home/harsh/ros2_project/install/px4_msgs/lib/python3.12/site-packages/px4_msgs/msg/_radio_status.py\n'}
[2.167529] (px4_msgs) StdoutLine: {'line': b'-- Up-to-date: /home/harsh/ros2_project/install/px4_msgs/lib/python3.12/site-packages/px4_msgs/msg/_estimator_states.py\n'}
[2.167585] (px4_msgs) StdoutLine: {'line': b'-- Up-to-date: /home/harsh/ros2_project/install/px4_msgs/lib/python3.12/site-packages/px4_msgs/msg/_estimator_aid_source2d.py\n'}
[2.167654] (px4_msgs) StdoutLine: {'line': b'-- Up-to-date: /home/harsh/ros2_project/install/px4_msgs/lib/python3.12/site-packages/px4_msgs/msg/_transponder_report.py\n'}
[2.167768] (px4_msgs) StdoutLine: {'line': b'-- Up-to-date: /home/harsh/ros2_project/install/px4_msgs/lib/python3.12/site-packages/px4_msgs/msg/_qshell_req.py\n'}
[2.167843] (px4_msgs) StdoutLine: {'line': b'-- Up-to-date: /home/harsh/ros2_project/install/px4_msgs/lib/python3.12/site-packages/px4_msgs/msg/_actuator_servos_trim_s.c\n'}
[2.167934] (px4_msgs) StdoutLine: {'line': b'-- Up-to-date: /home/harsh/ros2_project/install/px4_msgs/lib/python3.12/site-packages/px4_msgs/msg/_airspeed_wind_s.c\n'}
[2.168017] (px4_msgs) StdoutLine: {'line': b'-- Up-to-date: /home/harsh/ros2_project/install/px4_msgs/lib/python3.12/site-packages/px4_msgs/msg/_pwm_input.py\n'}
[2.168078] (px4_msgs) StdoutLine: {'line': b'-- Up-to-date: /home/harsh/ros2_project/install/px4_msgs/lib/python3.12/site-packages/px4_msgs/msg/_sensor_uwb.py\n'}
[2.168134] (px4_msgs) StdoutLine: {'line': b'-- Up-to-date: /home/harsh/ros2_project/install/px4_msgs/lib/python3.12/site-packages/px4_msgs/msg/_vehicle_command_ack_s.c\n'}
[2.168192] (px4_msgs) StdoutLine: {'line': b'-- Up-to-date: /home/harsh/ros2_project/install/px4_msgs/lib/python3.12/site-packages/px4_msgs/msg/_landing_gear.py\n'}
[2.168251] (px4_msgs) StdoutLine: {'line': b'-- Up-to-date: /home/harsh/ros2_project/install/px4_msgs/lib/python3.12/site-packages/px4_msgs/msg/_airspeed_validated_s.c\n'}
[2.168313] (px4_msgs) StdoutLine: {'line': b'-- Up-to-date: /home/harsh/ros2_project/install/px4_msgs/lib/python3.12/site-packages/px4_msgs/msg/_hover_thrust_estimate.py\n'}
[2.168385] (px4_msgs) StdoutLine: {'line': b'-- Up-to-date: /home/harsh/ros2_project/install/px4_msgs/lib/python3.12/site-packages/px4_msgs/msg/_gps_inject_data_s.c\n'}
[2.168447] (px4_msgs) StdoutLine: {'line': b'-- Up-to-date: /home/harsh/ros2_project/install/px4_msgs/lib/python3.12/site-packages/px4_msgs/msg/_actuator_servos.py\n'}
[2.168512] (px4_msgs) StdoutLine: {'line': b'-- Up-to-date: /home/harsh/ros2_project/install/px4_msgs/lib/python3.12/site-packages/px4_msgs/msg/_sensor_gnss_relative_s.c\n'}
[2.168577] (px4_msgs) StdoutLine: {'line': b'-- Up-to-date: /home/harsh/ros2_project/install/px4_msgs/lib/python3.12/site-packages/px4_msgs/msg/_landing_target_innovations.py\n'}
[2.168701] (px4_msgs) StdoutLine: {'line': b'-- Up-to-date: /home/harsh/ros2_project/install/px4_msgs/lib/python3.12/site-packages/px4_msgs/msg/_debug_array.py\n'}
[2.168763] (px4_msgs) StdoutLine: {'line': b'-- Up-to-date: /home/harsh/ros2_project/install/px4_msgs/lib/python3.12/site-packages/px4_msgs/msg/_npfg_status_s.c\n'}
[2.168831] (px4_msgs) StdoutLine: {'line': b'-- Up-to-date: /home/harsh/ros2_project/install/px4_msgs/lib/python3.12/site-packages/px4_msgs/msg/_parameter_set_used_request.py\n'}
[2.168889] (px4_msgs) StdoutLine: {'line': b'-- Up-to-date: /home/harsh/ros2_project/install/px4_msgs/lib/python3.12/site-packages/px4_msgs/msg/_parameter_update_s.c\n'}
[2.168951] (px4_msgs) StdoutLine: {'line': b'-- Up-to-date: /home/harsh/ros2_project/install/px4_msgs/lib/python3.12/site-packages/px4_msgs/msg/_orb_test_large_s.c\n'}
[2.169020] (px4_msgs) StdoutLine: {'line': b'-- Up-to-date: /home/harsh/ros2_project/install/px4_msgs/lib/python3.12/site-packages/px4_msgs/msg/_event_s.c\n'}
[2.169080] (px4_msgs) StdoutLine: {'line': b'-- Up-to-date: /home/harsh/ros2_project/install/px4_msgs/lib/python3.12/site-packages/px4_msgs/msg/_orb_test_s.c\n'}
[2.169140] (px4_msgs) StdoutLine: {'line': b'-- Up-to-date: /home/harsh/ros2_project/install/px4_msgs/lib/python3.12/site-packages/px4_msgs/msg/_mavlink_log_s.c\n'}
[2.169199] (px4_msgs) StdoutLine: {'line': b'-- Up-to-date: /home/harsh/ros2_project/install/px4_msgs/lib/python3.12/site-packages/px4_msgs/msg/_launch_detection_status_s.c\n'}
[2.169257] (px4_msgs) StdoutLine: {'line': b'-- Up-to-date: /home/harsh/ros2_project/install/px4_msgs/lib/python3.12/site-packages/px4_msgs/msg/_estimator_bias3d_s.c\n'}
[2.169314] (px4_msgs) StdoutLine: {'line': b'-- Up-to-date: /home/harsh/ros2_project/install/px4_msgs/lib/python3.12/site-packages/px4_msgs/msg/_uavcan_parameter_value_s.c\n'}
[2.169373] (px4_msgs) StdoutLine: {'line': b'-- Up-to-date: /home/harsh/ros2_project/install/px4_msgs/lib/python3.12/site-packages/px4_msgs/msg/_sensors_status_s.c\n'}
[2.169431] (px4_msgs) StdoutLine: {'line': b'-- Up-to-date: /home/harsh/ros2_project/install/px4_msgs/lib/python3.12/site-packages/px4_msgs/msg/_vehicle_command_ack.py\n'}
[2.169496] (px4_msgs) StdoutLine: {'line': b'-- Up-to-date: /home/harsh/ros2_project/install/px4_msgs/lib/python3.12/site-packages/px4_msgs/msg/_position_controller_landing_status_s.c\n'}
[2.169555] (px4_msgs) StdoutLine: {'line': b'-- Up-to-date: /home/harsh/ros2_project/install/px4_msgs/lib/python3.12/site-packages/px4_msgs/msg/_vehicle_rates_setpoint.py\n'}
[2.169615] (px4_msgs) StdoutLine: {'line': b'-- Up-to-date: /home/harsh/ros2_project/install/px4_msgs/lib/python3.12/site-packages/px4_msgs/msg/_navigator_mission_item.py\n'}
[2.169670] (px4_msgs) StdoutLine: {'line': b'-- Up-to-date: /home/harsh/ros2_project/install/px4_msgs/lib/python3.12/site-packages/px4_msgs/msg/_navigator_mission_item_s.c\n'}
[2.169727] (px4_msgs) StdoutLine: {'line': b'-- Up-to-date: /home/harsh/ros2_project/install/px4_msgs/lib/python3.12/site-packages/px4_msgs/msg/_vtol_vehicle_status.py\n'}
[2.169784] (px4_msgs) StdoutLine: {'line': b'-- Up-to-date: /home/harsh/ros2_project/install/px4_msgs/lib/python3.12/site-packages/px4_msgs/msg/_orbit_status_s.c\n'}
[2.169841] (px4_msgs) StdoutLine: {'line': b'-- Up-to-date: /home/harsh/ros2_project/install/px4_msgs/lib/python3.12/site-packages/px4_msgs/msg/_sensor_gps.py\n'}
[2.169944] (px4_msgs) StdoutLine: {'line': b'-- Up-to-date: /home/harsh/ros2_project/install/px4_msgs/lib/python3.12/site-packages/px4_msgs/msg/_tecs_status_s.c\n'}
[2.170008] (px4_msgs) StdoutLine: {'line': b'-- Up-to-date: /home/harsh/ros2_project/install/px4_msgs/lib/python3.12/site-packages/px4_msgs/msg/_vehicle_acceleration.py\n'}
[2.170066] (px4_msgs) StdoutLine: {'line': b'-- Up-to-date: /home/harsh/ros2_project/install/px4_msgs/lib/python3.12/site-packages/px4_msgs/msg/_gps_inject_data.py\n'}
[2.170123] (px4_msgs) StdoutLine: {'line': b'-- Up-to-date: /home/harsh/ros2_project/install/px4_msgs/lib/python3.12/site-packages/px4_msgs/msg/_estimator_states_s.c\n'}
[2.170180] (px4_msgs) StdoutLine: {'line': b'-- Up-to-date: /home/harsh/ros2_project/install/px4_msgs/lib/python3.12/site-packages/px4_msgs/msg/_vehicle_trajectory_waypoint.py\n'}
[2.170235] (px4_msgs) StdoutLine: {'line': b'-- Up-to-date: /home/harsh/ros2_project/install/px4_msgs/lib/python3.12/site-packages/px4_msgs/msg/_parameter_set_value_response.py\n'}
[2.170290] (px4_msgs) StdoutLine: {'line': b'-- Up-to-date: /home/harsh/ros2_project/install/px4_msgs/lib/python3.12/site-packages/px4_msgs/msg/_mission.py\n'}
[2.170346] (px4_msgs) StdoutLine: {'line': b'-- Up-to-date: /home/harsh/ros2_project/install/px4_msgs/lib/python3.12/site-packages/px4_msgs/msg/_gimbal_device_information_s.c\n'}
[2.170402] (px4_msgs) StdoutLine: {'line': b'-- Up-to-date: /home/harsh/ros2_project/install/px4_msgs/lib/python3.12/site-packages/px4_msgs/msg/_event.py\n'}
[2.170502] (px4_msgs) StdoutLine: {'line': b'-- Up-to-date: /home/harsh/ros2_project/install/px4_msgs/lib/python3.12/site-packages/px4_msgs/msg/_sensor_preflight_mag.py\n'}
[2.170556] (px4_msgs) StdoutLine: {'line': b'-- Up-to-date: /home/harsh/ros2_project/install/px4_msgs/lib/python3.12/site-packages/px4_msgs/msg/_magnetometer_bias_estimate_s.c\n'}
[2.170609] (px4_msgs) StdoutLine: {'line': b'-- Up-to-date: /home/harsh/ros2_project/install/px4_msgs/lib/python3.12/site-packages/px4_msgs/msg/_gpio_request.py\n'}
[2.170662] (px4_msgs) StdoutLine: {'line': b'-- Up-to-date: /home/harsh/ros2_project/install/px4_msgs/lib/python3.12/site-packages/px4_msgs/msg/_gimbal_manager_status_s.c\n'}
[2.170715] (px4_msgs) StdoutLine: {'line': b'-- Up-to-date: /home/harsh/ros2_project/install/px4_msgs/lib/python3.12/site-packages/px4_msgs/msg/_unregister_ext_component_s.c\n'}
[2.170784] (px4_msgs) StdoutLine: {'line': b'-- Up-to-date: /home/harsh/ros2_project/install/px4_msgs/lib/python3.12/site-packages/px4_msgs/msg/_offboard_control_mode_s.c\n'}
[2.170840] (px4_msgs) StdoutLine: {'line': b'-- Up-to-date: /home/harsh/ros2_project/install/px4_msgs/lib/python3.12/site-packages/px4_msgs/msg/_follow_target_s.c\n'}
[2.170896] (px4_msgs) StdoutLine: {'line': b'-- Up-to-date: /home/harsh/ros2_project/install/px4_msgs/lib/python3.12/site-packages/px4_msgs/msg/_unregister_ext_component.py\n'}
[2.170949] (px4_msgs) StdoutLine: {'line': b'-- Up-to-date: /home/harsh/ros2_project/install/px4_msgs/lib/python3.12/site-packages/px4_msgs/msg/_internal_combustion_engine_status_s.c\n'}
[2.171011] (px4_msgs) StdoutLine: {'line': b'-- Up-to-date: /home/harsh/ros2_project/install/px4_msgs/lib/python3.12/site-packages/px4_msgs/msg/_vehicle_command.py\n'}
[2.171071] (px4_msgs) StdoutLine: {'line': b'-- Up-to-date: /home/harsh/ros2_project/install/px4_msgs/lib/python3.12/site-packages/px4_msgs/msg/_parameter_update.py\n'}
[2.171131] (px4_msgs) StdoutLine: {'line': b'-- Up-to-date: /home/harsh/ros2_project/install/px4_msgs/lib/python3.12/site-packages/px4_msgs/msg/_satellite_info.py\n'}
[2.171193] (px4_msgs) StdoutLine: {'line': b'-- Up-to-date: /home/harsh/ros2_project/install/px4_msgs/lib/python3.12/site-packages/px4_msgs/msg/_pps_capture_s.c\n'}
[2.171251] (px4_msgs) StdoutLine: {'line': b'-- Up-to-date: /home/harsh/ros2_project/install/px4_msgs/lib/python3.12/site-packages/px4_msgs/msg/_orbit_status.py\n'}
[2.171308] (px4_msgs) StdoutLine: {'line': b'-- Up-to-date: /home/harsh/ros2_project/install/px4_msgs/lib/python3.12/site-packages/px4_msgs/msg/_satellite_info_s.c\n'}
[2.171387] (px4_msgs) StdoutLine: {'line': b'-- Up-to-date: /home/harsh/ros2_project/install/px4_msgs/lib/python3.12/site-packages/px4_msgs/msg/_mavlink_tunnel.py\n'}
[2.171441] (px4_msgs) StdoutLine: {'line': b'-- Up-to-date: /home/harsh/ros2_project/install/px4_msgs/lib/python3.12/site-packages/px4_msgs/msg/_health_report_s.c\n'}
[2.171494] (px4_msgs) StdoutLine: {'line': b'-- Up-to-date: /home/harsh/ros2_project/install/px4_msgs/lib/python3.12/site-packages/px4_msgs/msg/_estimator_status_flags.py\n'}
[2.171550] (px4_msgs) StdoutLine: {'line': b'-- Up-to-date: /home/harsh/ros2_project/install/px4_msgs/lib/python3.12/site-packages/px4_msgs/msg/_parameter_reset_request_s.c\n'}
[2.171605] (px4_msgs) StdoutLine: {'line': b'-- Up-to-date: /home/harsh/ros2_project/install/px4_msgs/lib/python3.12/site-packages/px4_msgs/msg/_actuator_motors.py\n'}
[2.171658] (px4_msgs) StdoutLine: {'line': b'-- Up-to-date: /home/harsh/ros2_project/install/px4_msgs/lib/python3.12/site-packages/px4_msgs/msg/_rate_ctrl_status_s.c\n'}
[2.171717] (px4_msgs) StdoutLine: {'line': b'-- Up-to-date: /home/harsh/ros2_project/install/px4_msgs/lib/python3.12/site-packages/px4_msgs/msg/_sensor_gps_s.c\n'}
[2.171778] (px4_msgs) StdoutLine: {'line': b'-- Up-to-date: /home/harsh/ros2_project/install/px4_msgs/lib/python3.12/site-packages/px4_msgs/msg/_actuator_test_s.c\n'}
[2.171839] (px4_msgs) StdoutLine: {'line': b'-- Up-to-date: /home/harsh/ros2_project/install/px4_msgs/lib/python3.12/site-packages/px4_msgs/msg/_heater_status_s.c\n'}
[2.171902] (px4_msgs) StdoutLine: {'line': b'-- Up-to-date: /home/harsh/ros2_project/install/px4_msgs/lib/python3.12/site-packages/px4_msgs/msg/_airspeed_wind.py\n'}
[2.171962] (px4_msgs) StdoutLine: {'line': b'-- Up-to-date: /home/harsh/ros2_project/install/px4_msgs/lib/python3.12/site-packages/px4_msgs/msg/_register_ext_component_reply_s.c\n'}
[2.172036] (px4_msgs) StdoutLine: {'line': b'-- Up-to-date: /home/harsh/ros2_project/install/px4_msgs/lib/python3.12/site-packages/px4_msgs/msg/_estimator_selector_status.py\n'}
[2.172109] (px4_msgs) StdoutLine: {'line': b'-- Up-to-date: /home/harsh/ros2_project/install/px4_msgs/lib/python3.12/site-packages/px4_msgs/msg/_parameter_set_used_request_s.c\n'}
[2.172179] (px4_msgs) StdoutLine: {'line': b'-- Up-to-date: /home/harsh/ros2_project/install/px4_msgs/lib/python3.12/site-packages/px4_msgs/msg/_control_allocator_status.py\n'}
[2.172270] (px4_msgs) StdoutLine: {'line': b'-- Up-to-date: /home/harsh/ros2_project/install/px4_msgs/lib/python3.12/site-packages/px4_msgs/msg/_vehicle_imu.py\n'}
[2.172343] (px4_msgs) StdoutLine: {'line': b'-- Up-to-date: /home/harsh/ros2_project/install/px4_msgs/lib/python3.12/site-packages/px4_msgs/msg/_sensor_accel.py\n'}
[2.172412] (px4_msgs) StdoutLine: {'line': b'-- Up-to-date: /home/harsh/ros2_project/install/px4_msgs/lib/python3.12/site-packages/px4_msgs/msg/_mount_orientation.py\n'}
[2.172477] (px4_msgs) StdoutLine: {'line': b'-- Up-to-date: /home/harsh/ros2_project/install/px4_msgs/lib/python3.12/site-packages/px4_msgs/msg/_pwm_input_s.c\n'}
[2.172539] (px4_msgs) StdoutLine: {'line': b'-- Up-to-date: /home/harsh/ros2_project/install/px4_msgs/lib/python3.12/site-packages/px4_msgs/msg/_sensor_combined.py\n'}
[2.172601] (px4_msgs) StdoutLine: {'line': b'-- Up-to-date: /home/harsh/ros2_project/install/px4_msgs/lib/python3.12/site-packages/px4_msgs/msg/_vehicle_status_s.c\n'}
[2.172657] (px4_msgs) StdoutLine: {'line': b'-- Up-to-date: /home/harsh/ros2_project/install/px4_msgs/lib/python3.12/site-packages/px4_msgs/msg/_radio_status_s.c\n'}
[2.172717] (px4_msgs) StdoutLine: {'line': b'-- Up-to-date: /home/harsh/ros2_project/install/px4_msgs/lib/python3.12/site-packages/px4_msgs/msg/_can_interface_status_s.c\n'}
[2.172777] (px4_msgs) StdoutLine: {'line': b'-- Up-to-date: /home/harsh/ros2_project/install/px4_msgs/lib/python3.12/site-packages/px4_msgs/msg/_normalized_unsigned_setpoint.py\n'}
[2.172833] (px4_msgs) StdoutLine: {'line': b'-- Up-to-date: /home/harsh/ros2_project/install/px4_msgs/lib/python3.12/site-packages/px4_msgs/msg/_led_control.py\n'}
[2.172892] (px4_msgs) StdoutLine: {'line': b'-- Up-to-date: /home/harsh/ros2_project/install/px4_msgs/lib/python3.12/site-packages/px4_msgs/msg/_follow_target_estimator_s.c\n'}
[2.172955] (px4_msgs) StdoutLine: {'line': b'-- Up-to-date: /home/harsh/ros2_project/install/px4_msgs/lib/python3.12/site-packages/px4_msgs/msg/_sensor_uwb_s.c\n'}
[2.173022] (px4_msgs) StdoutLine: {'line': b'-- Up-to-date: /home/harsh/ros2_project/install/px4_msgs/lib/python3.12/site-packages/px4_msgs/msg/_distance_sensor_s.c\n'}
[2.173081] (px4_msgs) StdoutLine: {'line': b'-- Up-to-date: /home/harsh/ros2_project/install/px4_msgs/lib/python3.12/site-packages/px4_msgs/msg/_gimbal_controls.py\n'}
[2.173144] (px4_msgs) StdoutLine: {'line': b'-- Up-to-date: /home/harsh/ros2_project/install/px4_msgs/lib/python3.12/site-packages/px4_msgs/msg/_onboard_computer_status_s.c\n'}
[2.173203] (px4_msgs) StdoutLine: {'line': b'-- Up-to-date: /home/harsh/ros2_project/install/px4_msgs/lib/python3.12/site-packages/px4_msgs/msg/_log_message.py\n'}
[2.173261] (px4_msgs) StdoutLine: {'line': b'-- Up-to-date: /home/harsh/ros2_project/install/px4_msgs/lib/python3.12/site-packages/px4_msgs/msg/_follow_target_status.py\n'}
[2.173322] (px4_msgs) StdoutLine: {'line': b'-- Up-to-date: /home/harsh/ros2_project/install/px4_msgs/lib/python3.12/site-packages/px4_msgs/msg/_landing_target_innovations_s.c\n'}
[2.173381] (px4_msgs) StdoutLine: {'line': b'-- Up-to-date: /home/harsh/ros2_project/install/px4_msgs/lib/python3.12/site-packages/px4_msgs/msg/_landing_target_pose_s.c\n'}
[2.173491] (px4_msgs) StdoutLine: {'line': b'-- Up-to-date: /home/harsh/ros2_project/install/px4_msgs/lib/python3.12/site-packages/px4_msgs/msg/_cpuload_s.c\n'}
[2.173551] (px4_msgs) StdoutLine: {'line': b'-- Up-to-date: /home/harsh/ros2_project/install/px4_msgs/lib/python3.12/site-packages/px4_msgs/msg/_vehicle_imu_status.py\n'}
[2.173610] (px4_msgs) StdoutLine: {'line': b'-- Up-to-date: /home/harsh/ros2_project/install/px4_msgs/lib/python3.12/site-packages/px4_msgs/msg/_config_overrides.py\n'}
[2.173668] (px4_msgs) StdoutLine: {'line': b'-- Up-to-date: /home/harsh/ros2_project/install/px4_msgs/lib/python3.12/site-packages/px4_msgs/msg/_cellular_status.py\n'}
[2.173726] (px4_msgs) StdoutLine: {'line': b'-- Up-to-date: /home/harsh/ros2_project/install/px4_msgs/lib/python3.12/site-packages/px4_msgs/msg/_debug_vect_s.c\n'}
[2.173783] (px4_msgs) StdoutLine: {'line': b'-- Up-to-date: /home/harsh/ros2_project/install/px4_msgs/lib/python3.12/site-packages/px4_msgs/msg/_action_request.py\n'}
[2.173843] (px4_msgs) StdoutLine: {'line': b'-- Up-to-date: /home/harsh/ros2_project/install/px4_msgs/lib/python3.12/site-packages/px4_msgs/msg/_ulog_stream_s.c\n'}
[2.173899] (px4_msgs) StdoutLine: {'line': b'-- Up-to-date: /home/harsh/ros2_project/install/px4_msgs/lib/python3.12/site-packages/px4_msgs/msg/_position_controller_status.py\n'}
[2.173956] (px4_msgs) StdoutLine: {'line': b'-- Up-to-date: /home/harsh/ros2_project/install/px4_msgs/lib/python3.12/site-packages/px4_msgs/msg/_position_setpoint_triplet.py\n'}
[2.174023] (px4_msgs) StdoutLine: {'line': b'-- Up-to-date: /home/harsh/ros2_project/install/px4_msgs/lib/python3.12/site-packages/px4_msgs/msg/_gripper.py\n'}
[2.174084] (px4_msgs) StdoutLine: {'line': b'-- Up-to-date: /home/harsh/ros2_project/install/px4_msgs/lib/python3.12/site-packages/px4_msgs/msg/_tune_control_s.c\n'}
[2.174145] (px4_msgs) StdoutLine: {'line': b'-- Up-to-date: /home/harsh/ros2_project/install/px4_msgs/lib/python3.12/site-packages/px4_msgs/msg/_actuator_servos_s.c\n'}
[2.174219] (px4_msgs) StdoutLine: {'line': b'-- Up-to-date: /home/harsh/ros2_project/install/px4_msgs/lib/python3.12/site-packages/px4_msgs/msg/_health_report.py\n'}
[2.174286] (px4_msgs) StdoutLine: {'line': b'-- Up-to-date: /home/harsh/ros2_project/install/px4_msgs/lib/python3.12/site-packages/px4_msgs/msg/_sensor_accel_s.c\n'}
[2.174346] (px4_msgs) StdoutLine: {'line': b'-- Up-to-date: /home/harsh/ros2_project/install/px4_msgs/lib/python3.12/site-packages/px4_msgs/msg/_uavcan_parameter_request.py\n'}
[2.174418] (px4_msgs) StdoutLine: {'line': b'-- Up-to-date: /home/harsh/ros2_project/install/px4_msgs/lib/python3.12/site-packages/px4_msgs/msg/_orb_test.py\n'}
[2.174477] (px4_msgs) StdoutLine: {'line': b'-- Up-to-date: /home/harsh/ros2_project/install/px4_msgs/lib/python3.12/site-packages/px4_msgs/msg/_vehicle_angular_velocity_s.c\n'}
[2.174540] (px4_msgs) StdoutLine: {'line': b'-- Up-to-date: /home/harsh/ros2_project/install/px4_msgs/lib/python3.12/site-packages/px4_msgs/msg/_rtl_time_estimate.py\n'}
[2.174599] (px4_msgs) StdoutLine: {'line': b'-- Up-to-date: /home/harsh/ros2_project/install/px4_msgs/lib/python3.12/site-packages/px4_msgs/msg/_rpm.py\n'}
[2.174660] (px4_msgs) StdoutLine: {'line': b'-- Up-to-date: /home/harsh/ros2_project/install/px4_msgs/lib/python3.12/site-packages/px4_msgs/msg/_sensor_mag.py\n'}
[2.174721] (px4_msgs) StdoutLine: {'line': b'-- Up-to-date: /home/harsh/ros2_project/install/px4_msgs/lib/python3.12/site-packages/px4_msgs/msg/_debug_key_value_s.c\n'}
[2.174782] (px4_msgs) StdoutLine: {'line': b'-- Up-to-date: /home/harsh/ros2_project/install/px4_msgs/lib/python3.12/site-packages/px4_msgs/msg/_actuator_outputs_s.c\n'}
[2.174844] (px4_msgs) StdoutLine: {'line': b'-- Up-to-date: /home/harsh/ros2_project/install/px4_msgs/lib/python3.12/site-packages/px4_msgs/msg/_trajectory_bezier.py\n'}
[2.174901] (px4_msgs) StdoutLine: {'line': b'-- Up-to-date: /home/harsh/ros2_project/install/px4_msgs/lib/python3.12/site-packages/px4_msgs/msg/_mode_completed.py\n'}
[2.174957] (px4_msgs) StdoutLine: {'line': b'-- Up-to-date: /home/harsh/ros2_project/install/px4_msgs/lib/python3.12/site-packages/px4_msgs/msg/_gpio_request_s.c\n'}
[2.175025] (px4_msgs) StdoutLine: {'line': b'-- Up-to-date: /home/harsh/ros2_project/install/px4_msgs/lib/python3.12/site-packages/px4_msgs/msg/_vehicle_control_mode.py\n'}
[2.175173] (px4_msgs) StdoutLine: {'line': b'-- Up-to-date: /home/harsh/ros2_project/install/px4_msgs/lib/python3.12/site-packages/px4_msgs/msg/_sensor_gyro_fft_s.c\n'}
[2.175231] (px4_msgs) StdoutLine: {'line': b'-- Up-to-date: /home/harsh/ros2_project/install/px4_msgs/lib/python3.12/site-packages/px4_msgs/msg/_irlock_report.py\n'}
[2.175293] (px4_msgs) StdoutLine: {'line': b'-- Up-to-date: /home/harsh/ros2_project/install/px4_msgs/lib/python3.12/site-packages/px4_msgs/msg/_vehicle_thrust_setpoint_s.c\n'}
[2.175353] (px4_msgs) StdoutLine: {'line': b'-- Up-to-date: /home/harsh/ros2_project/install/px4_msgs/lib/python3.12/site-packages/px4_msgs/msg/_vehicle_command_s.c\n'}
[2.175413] (px4_msgs) StdoutLine: {'line': b'-- Up-to-date: /home/harsh/ros2_project/install/px4_msgs/lib/python3.12/site-packages/px4_msgs/msg/_actuator_motors_s.c\n'}
[2.175471] (px4_msgs) StdoutLine: {'line': b'-- Up-to-date: /home/harsh/ros2_project/install/px4_msgs/lib/python3.12/site-packages/px4_msgs/msg/_sensor_gnss_relative.py\n'}
[2.175530] (px4_msgs) StdoutLine: {'line': b'-- Up-to-date: /home/harsh/ros2_project/install/px4_msgs/lib/python3.12/site-packages/px4_msgs/msg/_camera_trigger.py\n'}
[2.175587] (px4_msgs) StdoutLine: {'line': b'-- Up-to-date: /home/harsh/ros2_project/install/px4_msgs/lib/python3.12/site-packages/px4_msgs/msg/_px4io_status_s.c\n'}
[2.175646] (px4_msgs) StdoutLine: {'line': b'-- Up-to-date: /home/harsh/ros2_project/install/px4_msgs/lib/python3.12/site-packages/px4_msgs/msg/_message_format_request_s.c\n'}
[2.175706] (px4_msgs) StdoutLine: {'line': b'-- Up-to-date: /home/harsh/ros2_project/install/px4_msgs/lib/python3.12/site-packages/px4_msgs/msg/_logger_status_s.c\n'}
[2.175764] (px4_msgs) StdoutLine: {'line': b'-- Up-to-date: /home/harsh/ros2_project/install/px4_msgs/lib/python3.12/site-packages/px4_msgs/msg/_qshell_retval_s.c\n'}
[2.175821] (px4_msgs) StdoutLine: {'line': b'-- Up-to-date: /home/harsh/ros2_project/install/px4_msgs/lib/python3.12/site-packages/px4_msgs/msg/_ekf2_timestamps.py\n'}
[2.175882] (px4_msgs) StdoutLine: {'line': b'-- Up-to-date: /home/harsh/ros2_project/install/px4_msgs/lib/python3.12/site-packages/px4_msgs/msg/_message_format_response_s.c\n'}
[2.175943] (px4_msgs) StdoutLine: {'line': b'-- Up-to-date: /home/harsh/ros2_project/install/px4_msgs/lib/python3.12/site-packages/px4_msgs/msg/_sensor_gyro_fft.py\n'}
[2.176007] (px4_msgs) StdoutLine: {'line': b'-- Up-to-date: /home/harsh/ros2_project/install/px4_msgs/lib/python3.12/site-packages/px4_msgs/msg/_vehicle_trajectory_bezier.py\n'}
[2.176068] (px4_msgs) StdoutLine: {'line': b'-- Up-to-date: /home/harsh/ros2_project/install/px4_msgs/lib/python3.12/site-packages/px4_msgs/msg/_manual_control_switches.py\n'}
[2.176129] (px4_msgs) StdoutLine: {'line': b'-- Up-to-date: /home/harsh/ros2_project/install/px4_msgs/lib/python3.12/site-packages/px4_msgs/msg/_collision_report.py\n'}
[2.176188] (px4_msgs) StdoutLine: {'line': b'-- Up-to-date: /home/harsh/ros2_project/install/px4_msgs/lib/python3.12/site-packages/px4_msgs/_px4_msgs_s.ep.rosidl_typesupport_introspection_c.c\n'}
[2.176255] (px4_msgs) StdoutLine: {'line': b'-- Up-to-date: /home/harsh/ros2_project/install/px4_msgs/lib/python3.12/site-packages/px4_msgs/_px4_msgs_s.ep.rosidl_typesupport_c.c\n'}
[2.176313] (px4_msgs) StdoutLine: {'line': b'-- Up-to-date: /home/harsh/ros2_project/install/px4_msgs/lib/python3.12/site-packages/px4_msgs/srv\n'}
[2.176408] (px4_msgs) StdoutLine: {'line': b'-- Up-to-date: /home/harsh/ros2_project/install/px4_msgs/lib/python3.12/site-packages/px4_msgs/srv/__init__.py\n'}
[2.176464] (px4_msgs) StdoutLine: {'line': b'-- Up-to-date: /home/harsh/ros2_project/install/px4_msgs/lib/python3.12/site-packages/px4_msgs/srv/_vehicle_command.py\n'}
[2.176516] (px4_msgs) StdoutLine: {'line': b'-- Up-to-date: /home/harsh/ros2_project/install/px4_msgs/lib/python3.12/site-packages/px4_msgs/srv/_vehicle_command_s.c\n'}
[2.176573] (px4_msgs) StdoutLine: {'line': b'-- Up-to-date: /home/harsh/ros2_project/install/px4_msgs/lib/python3.12/site-packages/px4_msgs/_px4_msgs_s.ep.rosidl_typesupport_fastrtps_c.c\n'}
[2.176630] (px4_msgs) StdoutLine: {'line': b"Listing '/home/harsh/ros2_project/install/px4_msgs/lib/python3.12/site-packages/px4_msgs'...\n"}
[2.176689] (px4_msgs) StdoutLine: {'line': b"Listing '/home/harsh/ros2_project/install/px4_msgs/lib/python3.12/site-packages/px4_msgs/msg'...\n"}
[2.176746] (px4_msgs) StdoutLine: {'line': b"Listing '/home/harsh/ros2_project/install/px4_msgs/lib/python3.12/site-packages/px4_msgs/srv'...\n"}
[2.176804] (px4_msgs) StdoutLine: {'line': b'-- Up-to-date: /home/harsh/ros2_project/install/px4_msgs/lib/python3.12/site-packages/px4_msgs/px4_msgs_s__rosidl_typesupport_fastrtps_c.so\n'}
[2.176867] (px4_msgs) StdoutLine: {'line': b'-- Up-to-date: /home/harsh/ros2_project/install/px4_msgs/lib/python3.12/site-packages/px4_msgs/px4_msgs_s__rosidl_typesupport_introspection_c.so\n'}
[2.176936] (px4_msgs) StdoutLine: {'line': b'-- Up-to-date: /home/harsh/ros2_project/install/px4_msgs/lib/python3.12/site-packages/px4_msgs/px4_msgs_s__rosidl_typesupport_c.so\n'}
[2.177008] (px4_msgs) StdoutLine: {'line': b'-- Up-to-date: /home/harsh/ros2_project/install/px4_msgs/lib/libpx4_msgs__rosidl_generator_py.so\n'}
[2.177078] (px4_msgs) StdoutLine: {'line': b'-- Up-to-date: /home/harsh/ros2_project/install/px4_msgs/share/px4_msgs/msg/ActionRequest.idl\n'}
[2.177142] (px4_msgs) StdoutLine: {'line': b'-- Up-to-date: /home/harsh/ros2_project/install/px4_msgs/share/px4_msgs/msg/ActuatorArmed.idl\n'}
[2.177208] (px4_msgs) StdoutLine: {'line': b'-- Up-to-date: /home/harsh/ros2_project/install/px4_msgs/share/px4_msgs/msg/ActuatorControlsStatus.idl\n'}
[2.177286] (px4_msgs) StdoutLine: {'line': b'-- Up-to-date: /home/harsh/ros2_project/install/px4_msgs/share/px4_msgs/msg/ActuatorMotors.idl\n'}
[2.177424] (px4_msgs) StdoutLine: {'line': b'-- Up-to-date: /home/harsh/ros2_project/install/px4_msgs/share/px4_msgs/msg/ActuatorOutputs.idl\n'}
[2.177492] (px4_msgs) StdoutLine: {'line': b'-- Up-to-date: /home/harsh/ros2_project/install/px4_msgs/share/px4_msgs/msg/ActuatorServos.idl\n'}
[2.177557] (px4_msgs) StdoutLine: {'line': b'-- Up-to-date: /home/harsh/ros2_project/install/px4_msgs/share/px4_msgs/msg/ActuatorServosTrim.idl\n'}
[2.177622] (px4_msgs) StdoutLine: {'line': b'-- Up-to-date: /home/harsh/ros2_project/install/px4_msgs/share/px4_msgs/msg/ActuatorTest.idl\n'}
[2.177689] (px4_msgs) StdoutLine: {'line': b'-- Up-to-date: /home/harsh/ros2_project/install/px4_msgs/share/px4_msgs/msg/AdcReport.idl\n'}
[2.177756] (px4_msgs) StdoutLine: {'line': b'-- Up-to-date: /home/harsh/ros2_project/install/px4_msgs/share/px4_msgs/msg/Airspeed.idl\n'}
[2.177818] (px4_msgs) StdoutLine: {'line': b'-- Up-to-date: /home/harsh/ros2_project/install/px4_msgs/share/px4_msgs/msg/AirspeedValidated.idl\n'}
[2.177881] (px4_msgs) StdoutLine: {'line': b'-- Up-to-date: /home/harsh/ros2_project/install/px4_msgs/share/px4_msgs/msg/AirspeedWind.idl\n'}
[2.177945] (px4_msgs) StdoutLine: {'line': b'-- Up-to-date: /home/harsh/ros2_project/install/px4_msgs/share/px4_msgs/msg/ArmingCheckReply.idl\n'}
[2.178041] (px4_msgs) StdoutLine: {'line': b'-- Up-to-date: /home/harsh/ros2_project/install/px4_msgs/share/px4_msgs/msg/ArmingCheckRequest.idl\n'}
[2.178111] (px4_msgs) StdoutLine: {'line': b'-- Up-to-date: /home/harsh/ros2_project/install/px4_msgs/share/px4_msgs/msg/AutotuneAttitudeControlStatus.idl\n'}
[2.178174] (px4_msgs) StdoutLine: {'line': b'-- Up-to-date: /home/harsh/ros2_project/install/px4_msgs/share/px4_msgs/msg/BatteryStatus.idl\n'}
[2.178236] (px4_msgs) StdoutLine: {'line': b'-- Up-to-date: /home/harsh/ros2_project/install/px4_msgs/share/px4_msgs/msg/Buffer128.idl\n'}
[2.178295] (px4_msgs) StdoutLine: {'line': b'-- Up-to-date: /home/harsh/ros2_project/install/px4_msgs/share/px4_msgs/msg/ButtonEvent.idl\n'}
[2.178352] (px4_msgs) StdoutLine: {'line': b'-- Up-to-date: /home/harsh/ros2_project/install/px4_msgs/share/px4_msgs/msg/CameraCapture.idl\n'}
[2.178416] (px4_msgs) StdoutLine: {'line': b'-- Up-to-date: /home/harsh/ros2_project/install/px4_msgs/share/px4_msgs/msg/CameraStatus.idl\n'}
[2.178475] (px4_msgs) StdoutLine: {'line': b'-- Up-to-date: /home/harsh/ros2_project/install/px4_msgs/share/px4_msgs/msg/CameraTrigger.idl\n'}
[2.178548] (px4_msgs) StdoutLine: {'line': b'-- Up-to-date: /home/harsh/ros2_project/install/px4_msgs/share/px4_msgs/msg/CanInterfaceStatus.idl\n'}
[2.178648] (px4_msgs) StdoutLine: {'line': b'-- Up-to-date: /home/harsh/ros2_project/install/px4_msgs/share/px4_msgs/msg/CellularStatus.idl\n'}
[2.178750] (px4_msgs) StdoutLine: {'line': b'-- Up-to-date: /home/harsh/ros2_project/install/px4_msgs/share/px4_msgs/msg/CollisionConstraints.idl\n'}
[2.178847] (px4_msgs) StdoutLine: {'line': b'-- Up-to-date: /home/harsh/ros2_project/install/px4_msgs/share/px4_msgs/msg/CollisionReport.idl\n'}
[2.178937] (px4_msgs) StdoutLine: {'line': b'-- Up-to-date: /home/harsh/ros2_project/install/px4_msgs/share/px4_msgs/msg/ConfigOverrides.idl\n'}
[2.179107] (px4_msgs) StdoutLine: {'line': b'-- Up-to-date: /home/harsh/ros2_project/install/px4_msgs/share/px4_msgs/msg/ControlAllocatorStatus.idl\n'}
[2.179197] (px4_msgs) StdoutLine: {'line': b'-- Up-to-date: /home/harsh/ros2_project/install/px4_msgs/share/px4_msgs/msg/Cpuload.idl\n'}
[2.179277] (px4_msgs) StdoutLine: {'line': b'-- Up-to-date: /home/harsh/ros2_project/install/px4_msgs/share/px4_msgs/msg/DatamanRequest.idl\n'}
[2.179356] (px4_msgs) StdoutLine: {'line': b'-- Up-to-date: /home/harsh/ros2_project/install/px4_msgs/share/px4_msgs/msg/DatamanResponse.idl\n'}
[2.179432] (px4_msgs) StdoutLine: {'line': b'-- Up-to-date: /home/harsh/ros2_project/install/px4_msgs/share/px4_msgs/msg/DebugArray.idl\n'}
[2.179493] (px4_msgs) StdoutLine: {'line': b'-- Up-to-date: /home/harsh/ros2_project/install/px4_msgs/share/px4_msgs/msg/DebugKeyValue.idl\n'}
[2.179554] (px4_msgs) StdoutLine: {'line': b'-- Up-to-date: /home/harsh/ros2_project/install/px4_msgs/share/px4_msgs/msg/DebugValue.idl\n'}
[2.179609] (px4_msgs) StdoutLine: {'line': b'-- Up-to-date: /home/harsh/ros2_project/install/px4_msgs/share/px4_msgs/msg/DebugVect.idl\n'}
[2.179665] (px4_msgs) StdoutLine: {'line': b'-- Up-to-date: /home/harsh/ros2_project/install/px4_msgs/share/px4_msgs/msg/DifferentialDriveSetpoint.idl\n'}
[2.179723] (px4_msgs) StdoutLine: {'line': b'-- Up-to-date: /home/harsh/ros2_project/install/px4_msgs/share/px4_msgs/msg/DifferentialPressure.idl\n'}
[2.179811] (px4_msgs) StdoutLine: {'line': b'-- Up-to-date: /home/harsh/ros2_project/install/px4_msgs/share/px4_msgs/msg/DistanceSensor.idl\n'}
[2.179865] (px4_msgs) StdoutLine: {'line': b'-- Up-to-date: /home/harsh/ros2_project/install/px4_msgs/share/px4_msgs/msg/Ekf2Timestamps.idl\n'}
[2.179919] (px4_msgs) StdoutLine: {'line': b'-- Up-to-date: /home/harsh/ros2_project/install/px4_msgs/share/px4_msgs/msg/EscReport.idl\n'}
[2.179972] (px4_msgs) StdoutLine: {'line': b'-- Up-to-date: /home/harsh/ros2_project/install/px4_msgs/share/px4_msgs/msg/EscStatus.idl\n'}
[2.180040] (px4_msgs) StdoutLine: {'line': b'-- Up-to-date: /home/harsh/ros2_project/install/px4_msgs/share/px4_msgs/msg/EstimatorAidSource1d.idl\n'}
[2.180094] (px4_msgs) StdoutLine: {'line': b'-- Up-to-date: /home/harsh/ros2_project/install/px4_msgs/share/px4_msgs/msg/EstimatorAidSource2d.idl\n'}
[2.180147] (px4_msgs) StdoutLine: {'line': b'-- Up-to-date: /home/harsh/ros2_project/install/px4_msgs/share/px4_msgs/msg/EstimatorAidSource3d.idl\n'}
[2.180200] (px4_msgs) StdoutLine: {'line': b'-- Up-to-date: /home/harsh/ros2_project/install/px4_msgs/share/px4_msgs/msg/EstimatorBias.idl\n'}
[2.180251] (px4_msgs) StdoutLine: {'line': b'-- Up-to-date: /home/harsh/ros2_project/install/px4_msgs/share/px4_msgs/msg/EstimatorBias3d.idl\n'}
[2.180326] (px4_msgs) StdoutLine: {'line': b'-- Up-to-date: /home/harsh/ros2_project/install/px4_msgs/share/px4_msgs/msg/EstimatorEventFlags.idl\n'}
[2.180380] (px4_msgs) StdoutLine: {'line': b'-- Up-to-date: /home/harsh/ros2_project/install/px4_msgs/share/px4_msgs/msg/EstimatorGpsStatus.idl\n'}
[2.180438] (px4_msgs) StdoutLine: {'line': b'-- Up-to-date: /home/harsh/ros2_project/install/px4_msgs/share/px4_msgs/msg/EstimatorInnovations.idl\n'}
[2.180489] (px4_msgs) StdoutLine: {'line': b'-- Up-to-date: /home/harsh/ros2_project/install/px4_msgs/share/px4_msgs/msg/EstimatorSelectorStatus.idl\n'}
[2.180540] (px4_msgs) StdoutLine: {'line': b'-- Up-to-date: /home/harsh/ros2_project/install/px4_msgs/share/px4_msgs/msg/EstimatorSensorBias.idl\n'}
[2.180593] (px4_msgs) StdoutLine: {'line': b'-- Up-to-date: /home/harsh/ros2_project/install/px4_msgs/share/px4_msgs/msg/EstimatorStates.idl\n'}
[2.180646] (px4_msgs) StdoutLine: {'line': b'-- Up-to-date: /home/harsh/ros2_project/install/px4_msgs/share/px4_msgs/msg/EstimatorStatus.idl\n'}
[2.180696] (px4_msgs) StdoutLine: {'line': b'-- Up-to-date: /home/harsh/ros2_project/install/px4_msgs/share/px4_msgs/msg/EstimatorStatusFlags.idl\n'}
[2.180752] (px4_msgs) StdoutLine: {'line': b'-- Up-to-date: /home/harsh/ros2_project/install/px4_msgs/share/px4_msgs/msg/Event.idl\n'}
[2.180806] (px4_msgs) StdoutLine: {'line': b'-- Up-to-date: /home/harsh/ros2_project/install/px4_msgs/share/px4_msgs/msg/FailsafeFlags.idl\n'}
[2.180863] (px4_msgs) StdoutLine: {'line': b'-- Up-to-date: /home/harsh/ros2_project/install/px4_msgs/share/px4_msgs/msg/FailureDetectorStatus.idl\n'}
[2.180919] (px4_msgs) StdoutLine: {'line': b'-- Up-to-date: /home/harsh/ros2_project/install/px4_msgs/share/px4_msgs/msg/FigureEightStatus.idl\n'}
[2.180975] (px4_msgs) StdoutLine: {'line': b'-- Up-to-date: /home/harsh/ros2_project/install/px4_msgs/share/px4_msgs/msg/FlightPhaseEstimation.idl\n'}
[2.181042] (px4_msgs) StdoutLine: {'line': b'-- Up-to-date: /home/harsh/ros2_project/install/px4_msgs/share/px4_msgs/msg/FollowTarget.idl\n'}
[2.181097] (px4_msgs) StdoutLine: {'line': b'-- Up-to-date: /home/harsh/ros2_project/install/px4_msgs/share/px4_msgs/msg/FollowTargetEstimator.idl\n'}
[2.181151] (px4_msgs) StdoutLine: {'line': b'-- Up-to-date: /home/harsh/ros2_project/install/px4_msgs/share/px4_msgs/msg/FollowTargetStatus.idl\n'}
[2.181205] (px4_msgs) StdoutLine: {'line': b'-- Up-to-date: /home/harsh/ros2_project/install/px4_msgs/share/px4_msgs/msg/GeneratorStatus.idl\n'}
[2.181261] (px4_msgs) StdoutLine: {'line': b'-- Up-to-date: /home/harsh/ros2_project/install/px4_msgs/share/px4_msgs/msg/GeofenceResult.idl\n'}
[2.181317] (px4_msgs) StdoutLine: {'line': b'-- Up-to-date: /home/harsh/ros2_project/install/px4_msgs/share/px4_msgs/msg/GeofenceStatus.idl\n'}
[2.181373] (px4_msgs) StdoutLine: {'line': b'-- Up-to-date: /home/harsh/ros2_project/install/px4_msgs/share/px4_msgs/msg/GimbalControls.idl\n'}
[2.181430] (px4_msgs) StdoutLine: {'line': b'-- Up-to-date: /home/harsh/ros2_project/install/px4_msgs/share/px4_msgs/msg/GimbalDeviceAttitudeStatus.idl\n'}
[2.181486] (px4_msgs) StdoutLine: {'line': b'-- Up-to-date: /home/harsh/ros2_project/install/px4_msgs/share/px4_msgs/msg/GimbalDeviceInformation.idl\n'}
[2.181540] (px4_msgs) StdoutLine: {'line': b'-- Up-to-date: /home/harsh/ros2_project/install/px4_msgs/share/px4_msgs/msg/GimbalDeviceSetAttitude.idl\n'}
[2.181596] (px4_msgs) StdoutLine: {'line': b'-- Up-to-date: /home/harsh/ros2_project/install/px4_msgs/share/px4_msgs/msg/GimbalManagerInformation.idl\n'}
[2.181654] (px4_msgs) StdoutLine: {'line': b'-- Up-to-date: /home/harsh/ros2_project/install/px4_msgs/share/px4_msgs/msg/GimbalManagerSetAttitude.idl\n'}
[2.181709] (px4_msgs) StdoutLine: {'line': b'-- Up-to-date: /home/harsh/ros2_project/install/px4_msgs/share/px4_msgs/msg/GimbalManagerSetManualControl.idl\n'}
[2.181768] (px4_msgs) StdoutLine: {'line': b'-- Up-to-date: /home/harsh/ros2_project/install/px4_msgs/share/px4_msgs/msg/GimbalManagerStatus.idl\n'}
[2.181824] (px4_msgs) StdoutLine: {'line': b'-- Up-to-date: /home/harsh/ros2_project/install/px4_msgs/share/px4_msgs/msg/GotoSetpoint.idl\n'}
[2.181884] (px4_msgs) StdoutLine: {'line': b'-- Up-to-date: /home/harsh/ros2_project/install/px4_msgs/share/px4_msgs/msg/GpioConfig.idl\n'}
[2.181940] (px4_msgs) StdoutLine: {'line': b'-- Up-to-date: /home/harsh/ros2_project/install/px4_msgs/share/px4_msgs/msg/GpioIn.idl\n'}
[2.182007] (px4_msgs) StdoutLine: {'line': b'-- Up-to-date: /home/harsh/ros2_project/install/px4_msgs/share/px4_msgs/msg/GpioOut.idl\n'}
[2.182065] (px4_msgs) StdoutLine: {'line': b'-- Up-to-date: /home/harsh/ros2_project/install/px4_msgs/share/px4_msgs/msg/GpioRequest.idl\n'}
[2.182122] (px4_msgs) StdoutLine: {'line': b'-- Up-to-date: /home/harsh/ros2_project/install/px4_msgs/share/px4_msgs/msg/GpsDump.idl\n'}
[2.182180] (px4_msgs) StdoutLine: {'line': b'-- Up-to-date: /home/harsh/ros2_project/install/px4_msgs/share/px4_msgs/msg/GpsInjectData.idl\n'}
[2.182236] (px4_msgs) StdoutLine: {'line': b'-- Up-to-date: /home/harsh/ros2_project/install/px4_msgs/share/px4_msgs/msg/Gripper.idl\n'}
[2.182289] (px4_msgs) StdoutLine: {'line': b'-- Up-to-date: /home/harsh/ros2_project/install/px4_msgs/share/px4_msgs/msg/HealthReport.idl\n'}
[2.182345] (px4_msgs) StdoutLine: {'line': b'-- Up-to-date: /home/harsh/ros2_project/install/px4_msgs/share/px4_msgs/msg/HeaterStatus.idl\n'}
[2.182398] (px4_msgs) StdoutLine: {'line': b'-- Up-to-date: /home/harsh/ros2_project/install/px4_msgs/share/px4_msgs/msg/HomePosition.idl\n'}
[2.182453] (px4_msgs) StdoutLine: {'line': b'-- Up-to-date: /home/harsh/ros2_project/install/px4_msgs/share/px4_msgs/msg/HoverThrustEstimate.idl\n'}
[2.182507] (px4_msgs) StdoutLine: {'line': b'-- Up-to-date: /home/harsh/ros2_project/install/px4_msgs/share/px4_msgs/msg/InputRc.idl\n'}
[2.182561] (px4_msgs) StdoutLine: {'line': b'-- Up-to-date: /home/harsh/ros2_project/install/px4_msgs/share/px4_msgs/msg/InternalCombustionEngineStatus.idl\n'}
[2.182619] (px4_msgs) StdoutLine: {'line': b'-- Up-to-date: /home/harsh/ros2_project/install/px4_msgs/share/px4_msgs/msg/IridiumsbdStatus.idl\n'}
[2.182676] (px4_msgs) StdoutLine: {'line': b'-- Up-to-date: /home/harsh/ros2_project/install/px4_msgs/share/px4_msgs/msg/IrlockReport.idl\n'}
[2.182734] (px4_msgs) StdoutLine: {'line': b'-- Up-to-date: /home/harsh/ros2_project/install/px4_msgs/share/px4_msgs/msg/LandingGear.idl\n'}
[2.182793] (px4_msgs) StdoutLine: {'line': b'-- Up-to-date: /home/harsh/ros2_project/install/px4_msgs/share/px4_msgs/msg/LandingGearWheel.idl\n'}
[2.182848] (px4_msgs) StdoutLine: {'line': b'-- Up-to-date: /home/harsh/ros2_project/install/px4_msgs/share/px4_msgs/msg/LandingTargetInnovations.idl\n'}
[2.182903] (px4_msgs) StdoutLine: {'line': b'-- Up-to-date: /home/harsh/ros2_project/install/px4_msgs/share/px4_msgs/msg/LandingTargetPose.idl\n'}
[2.183072] (px4_msgs) StdoutLine: {'line': b'-- Up-to-date: /home/harsh/ros2_project/install/px4_msgs/share/px4_msgs/msg/LaunchDetectionStatus.idl\n'}
[2.183127] (px4_msgs) StdoutLine: {'line': b'-- Up-to-date: /home/harsh/ros2_project/install/px4_msgs/share/px4_msgs/msg/LedControl.idl\n'}
[2.183180] (px4_msgs) StdoutLine: {'line': b'-- Up-to-date: /home/harsh/ros2_project/install/px4_msgs/share/px4_msgs/msg/LogMessage.idl\n'}
[2.183231] (px4_msgs) StdoutLine: {'line': b'-- Up-to-date: /home/harsh/ros2_project/install/px4_msgs/share/px4_msgs/msg/LoggerStatus.idl\n'}
[2.183287] (px4_msgs) StdoutLine: {'line': b'-- Up-to-date: /home/harsh/ros2_project/install/px4_msgs/share/px4_msgs/msg/MagWorkerData.idl\n'}
[2.183337] (px4_msgs) StdoutLine: {'line': b'-- Up-to-date: /home/harsh/ros2_project/install/px4_msgs/share/px4_msgs/msg/MagnetometerBiasEstimate.idl\n'}
[2.183392] (px4_msgs) StdoutLine: {'line': b'-- Up-to-date: /home/harsh/ros2_project/install/px4_msgs/share/px4_msgs/msg/ManualControlSetpoint.idl\n'}
[2.183446] (px4_msgs) StdoutLine: {'line': b'-- Up-to-date: /home/harsh/ros2_project/install/px4_msgs/share/px4_msgs/msg/ManualControlSwitches.idl\n'}
[2.183523] (px4_msgs) StdoutLine: {'line': b'-- Up-to-date: /home/harsh/ros2_project/install/px4_msgs/share/px4_msgs/msg/MavlinkLog.idl\n'}
[2.183576] (px4_msgs) StdoutLine: {'line': b'-- Up-to-date: /home/harsh/ros2_project/install/px4_msgs/share/px4_msgs/msg/MavlinkTunnel.idl\n'}
[2.183629] (px4_msgs) StdoutLine: {'line': b'-- Up-to-date: /home/harsh/ros2_project/install/px4_msgs/share/px4_msgs/msg/MessageFormatRequest.idl\n'}
[2.183682] (px4_msgs) StdoutLine: {'line': b'-- Up-to-date: /home/harsh/ros2_project/install/px4_msgs/share/px4_msgs/msg/MessageFormatResponse.idl\n'}
[2.183749] (px4_msgs) StdoutLine: {'line': b'-- Up-to-date: /home/harsh/ros2_project/install/px4_msgs/share/px4_msgs/msg/Mission.idl\n'}
[2.183803] (px4_msgs) StdoutLine: {'line': b'-- Up-to-date: /home/harsh/ros2_project/install/px4_msgs/share/px4_msgs/msg/MissionResult.idl\n'}
[2.183855] (px4_msgs) StdoutLine: {'line': b'-- Up-to-date: /home/harsh/ros2_project/install/px4_msgs/share/px4_msgs/msg/ModeCompleted.idl\n'}
[2.183906] (px4_msgs) StdoutLine: {'line': b'-- Up-to-date: /home/harsh/ros2_project/install/px4_msgs/share/px4_msgs/msg/MountOrientation.idl\n'}
[2.183958] (px4_msgs) StdoutLine: {'line': b'-- Up-to-date: /home/harsh/ros2_project/install/px4_msgs/share/px4_msgs/msg/NavigatorMissionItem.idl\n'}
[2.184023] (px4_msgs) StdoutLine: {'line': b'-- Up-to-date: /home/harsh/ros2_project/install/px4_msgs/share/px4_msgs/msg/NormalizedUnsignedSetpoint.idl\n'}
[2.184080] (px4_msgs) StdoutLine: {'line': b'-- Up-to-date: /home/harsh/ros2_project/install/px4_msgs/share/px4_msgs/msg/NpfgStatus.idl\n'}
[2.184138] (px4_msgs) StdoutLine: {'line': b'-- Up-to-date: /home/harsh/ros2_project/install/px4_msgs/share/px4_msgs/msg/ObstacleDistance.idl\n'}
[2.184196] (px4_msgs) StdoutLine: {'line': b'-- Up-to-date: /home/harsh/ros2_project/install/px4_msgs/share/px4_msgs/msg/OffboardControlMode.idl\n'}
[2.184258] (px4_msgs) StdoutLine: {'line': b'-- Up-to-date: /home/harsh/ros2_project/install/px4_msgs/share/px4_msgs/msg/OnboardComputerStatus.idl\n'}
[2.184319] (px4_msgs) StdoutLine: {'line': b'-- Up-to-date: /home/harsh/ros2_project/install/px4_msgs/share/px4_msgs/msg/OrbTest.idl\n'}
[2.184380] (px4_msgs) StdoutLine: {'line': b'-- Up-to-date: /home/harsh/ros2_project/install/px4_msgs/share/px4_msgs/msg/OrbTestLarge.idl\n'}
[2.184437] (px4_msgs) StdoutLine: {'line': b'-- Up-to-date: /home/harsh/ros2_project/install/px4_msgs/share/px4_msgs/msg/OrbTestMedium.idl\n'}
[2.184493] (px4_msgs) StdoutLine: {'line': b'-- Up-to-date: /home/harsh/ros2_project/install/px4_msgs/share/px4_msgs/msg/OrbitStatus.idl\n'}
[2.184550] (px4_msgs) StdoutLine: {'line': b'-- Up-to-date: /home/harsh/ros2_project/install/px4_msgs/share/px4_msgs/msg/ParameterResetRequest.idl\n'}
[2.184605] (px4_msgs) StdoutLine: {'line': b'-- Up-to-date: /home/harsh/ros2_project/install/px4_msgs/share/px4_msgs/msg/ParameterSetUsedRequest.idl\n'}
[2.184701] (px4_msgs) StdoutLine: {'line': b'-- Up-to-date: /home/harsh/ros2_project/install/px4_msgs/share/px4_msgs/msg/ParameterSetValueRequest.idl\n'}
[2.184756] (px4_msgs) StdoutLine: {'line': b'-- Up-to-date: /home/harsh/ros2_project/install/px4_msgs/share/px4_msgs/msg/ParameterSetValueResponse.idl\n'}
[2.184815] (px4_msgs) StdoutLine: {'line': b'-- Up-to-date: /home/harsh/ros2_project/install/px4_msgs/share/px4_msgs/msg/ParameterUpdate.idl\n'}
[2.184873] (px4_msgs) StdoutLine: {'line': b'-- Up-to-date: /home/harsh/ros2_project/install/px4_msgs/share/px4_msgs/msg/Ping.idl\n'}
[2.184933] (px4_msgs) StdoutLine: {'line': b'-- Up-to-date: /home/harsh/ros2_project/install/px4_msgs/share/px4_msgs/msg/PositionControllerLandingStatus.idl\n'}
[2.185003] (px4_msgs) StdoutLine: {'line': b'-- Up-to-date: /home/harsh/ros2_project/install/px4_msgs/share/px4_msgs/msg/PositionControllerStatus.idl\n'}
[2.185069] (px4_msgs) StdoutLine: {'line': b'-- Up-to-date: /home/harsh/ros2_project/install/px4_msgs/share/px4_msgs/msg/PositionSetpoint.idl\n'}
[2.185129] (px4_msgs) StdoutLine: {'line': b'-- Up-to-date: /home/harsh/ros2_project/install/px4_msgs/share/px4_msgs/msg/PositionSetpointTriplet.idl\n'}
[2.185189] (px4_msgs) StdoutLine: {'line': b'-- Up-to-date: /home/harsh/ros2_project/install/px4_msgs/share/px4_msgs/msg/PowerButtonState.idl\n'}
[2.185249] (px4_msgs) StdoutLine: {'line': b'-- Up-to-date: /home/harsh/ros2_project/install/px4_msgs/share/px4_msgs/msg/PowerMonitor.idl\n'}
[2.185305] (px4_msgs) StdoutLine: {'line': b'-- Up-to-date: /home/harsh/ros2_project/install/px4_msgs/share/px4_msgs/msg/PpsCapture.idl\n'}
[2.185406] (px4_msgs) StdoutLine: {'line': b'-- Up-to-date: /home/harsh/ros2_project/install/px4_msgs/share/px4_msgs/msg/PwmInput.idl\n'}
[2.185462] (px4_msgs) StdoutLine: {'line': b'-- Up-to-date: /home/harsh/ros2_project/install/px4_msgs/share/px4_msgs/msg/Px4ioStatus.idl\n'}
[2.185514] (px4_msgs) StdoutLine: {'line': b'-- Up-to-date: /home/harsh/ros2_project/install/px4_msgs/share/px4_msgs/msg/QshellReq.idl\n'}
[2.185566] (px4_msgs) StdoutLine: {'line': b'-- Up-to-date: /home/harsh/ros2_project/install/px4_msgs/share/px4_msgs/msg/QshellRetval.idl\n'}
[2.185620] (px4_msgs) StdoutLine: {'line': b'-- Up-to-date: /home/harsh/ros2_project/install/px4_msgs/share/px4_msgs/msg/RadioStatus.idl\n'}
[2.185675] (px4_msgs) StdoutLine: {'line': b'-- Up-to-date: /home/harsh/ros2_project/install/px4_msgs/share/px4_msgs/msg/RateCtrlStatus.idl\n'}
[2.185732] (px4_msgs) StdoutLine: {'line': b'-- Up-to-date: /home/harsh/ros2_project/install/px4_msgs/share/px4_msgs/msg/RcChannels.idl\n'}
[2.185789] (px4_msgs) StdoutLine: {'line': b'-- Up-to-date: /home/harsh/ros2_project/install/px4_msgs/share/px4_msgs/msg/RcParameterMap.idl\n'}
[2.185846] (px4_msgs) StdoutLine: {'line': b'-- Up-to-date: /home/harsh/ros2_project/install/px4_msgs/share/px4_msgs/msg/RegisterExtComponentReply.idl\n'}
[2.185903] (px4_msgs) StdoutLine: {'line': b'-- Up-to-date: /home/harsh/ros2_project/install/px4_msgs/share/px4_msgs/msg/RegisterExtComponentRequest.idl\n'}
[2.185961] (px4_msgs) StdoutLine: {'line': b'-- Up-to-date: /home/harsh/ros2_project/install/px4_msgs/share/px4_msgs/msg/Rpm.idl\n'}
[2.186032] (px4_msgs) StdoutLine: {'line': b'-- Up-to-date: /home/harsh/ros2_project/install/px4_msgs/share/px4_msgs/msg/RtlStatus.idl\n'}
[2.186091] (px4_msgs) StdoutLine: {'line': b'-- Up-to-date: /home/harsh/ros2_project/install/px4_msgs/share/px4_msgs/msg/RtlTimeEstimate.idl\n'}
[2.186148] (px4_msgs) StdoutLine: {'line': b'-- Up-to-date: /home/harsh/ros2_project/install/px4_msgs/share/px4_msgs/msg/SatelliteInfo.idl\n'}
[2.186206] (px4_msgs) StdoutLine: {'line': b'-- Up-to-date: /home/harsh/ros2_project/install/px4_msgs/share/px4_msgs/msg/SensorAccel.idl\n'}
[2.186262] (px4_msgs) StdoutLine: {'line': b'-- Up-to-date: /home/harsh/ros2_project/install/px4_msgs/share/px4_msgs/msg/SensorAccelFifo.idl\n'}
[2.186318] (px4_msgs) StdoutLine: {'line': b'-- Up-to-date: /home/harsh/ros2_project/install/px4_msgs/share/px4_msgs/msg/SensorAirflow.idl\n'}
[2.186418] (px4_msgs) StdoutLine: {'line': b'-- Up-to-date: /home/harsh/ros2_project/install/px4_msgs/share/px4_msgs/msg/SensorBaro.idl\n'}
[2.186475] (px4_msgs) StdoutLine: {'line': b'-- Up-to-date: /home/harsh/ros2_project/install/px4_msgs/share/px4_msgs/msg/SensorCombined.idl\n'}
[2.186532] (px4_msgs) StdoutLine: {'line': b'-- Up-to-date: /home/harsh/ros2_project/install/px4_msgs/share/px4_msgs/msg/SensorCorrection.idl\n'}
[2.186588] (px4_msgs) StdoutLine: {'line': b'-- Up-to-date: /home/harsh/ros2_project/install/px4_msgs/share/px4_msgs/msg/SensorGnssRelative.idl\n'}
[2.186644] (px4_msgs) StdoutLine: {'line': b'-- Up-to-date: /home/harsh/ros2_project/install/px4_msgs/share/px4_msgs/msg/SensorGps.idl\n'}
[2.186699] (px4_msgs) StdoutLine: {'line': b'-- Up-to-date: /home/harsh/ros2_project/install/px4_msgs/share/px4_msgs/msg/SensorGyro.idl\n'}
[2.186752] (px4_msgs) StdoutLine: {'line': b'-- Up-to-date: /home/harsh/ros2_project/install/px4_msgs/share/px4_msgs/msg/SensorGyroFft.idl\n'}
[2.186806] (px4_msgs) StdoutLine: {'line': b'-- Up-to-date: /home/harsh/ros2_project/install/px4_msgs/share/px4_msgs/msg/SensorGyroFifo.idl\n'}
[2.186862] (px4_msgs) StdoutLine: {'line': b'-- Up-to-date: /home/harsh/ros2_project/install/px4_msgs/share/px4_msgs/msg/SensorHygrometer.idl\n'}
[2.186915] (px4_msgs) StdoutLine: {'line': b'-- Up-to-date: /home/harsh/ros2_project/install/px4_msgs/share/px4_msgs/msg/SensorMag.idl\n'}
[2.186970] (px4_msgs) StdoutLine: {'line': b'-- Up-to-date: /home/harsh/ros2_project/install/px4_msgs/share/px4_msgs/msg/SensorOpticalFlow.idl\n'}
[2.187037] (px4_msgs) StdoutLine: {'line': b'-- Up-to-date: /home/harsh/ros2_project/install/px4_msgs/share/px4_msgs/msg/SensorPreflightMag.idl\n'}
[2.187094] (px4_msgs) StdoutLine: {'line': b'-- Up-to-date: /home/harsh/ros2_project/install/px4_msgs/share/px4_msgs/msg/SensorSelection.idl\n'}
[2.187150] (px4_msgs) StdoutLine: {'line': b'-- Up-to-date: /home/harsh/ros2_project/install/px4_msgs/share/px4_msgs/msg/SensorUwb.idl\n'}
[2.187204] (px4_msgs) StdoutLine: {'line': b'-- Up-to-date: /home/harsh/ros2_project/install/px4_msgs/share/px4_msgs/msg/SensorsStatus.idl\n'}
[2.187259] (px4_msgs) StdoutLine: {'line': b'-- Up-to-date: /home/harsh/ros2_project/install/px4_msgs/share/px4_msgs/msg/SensorsStatusImu.idl\n'}
[2.187316] (px4_msgs) StdoutLine: {'line': b'-- Up-to-date: /home/harsh/ros2_project/install/px4_msgs/share/px4_msgs/msg/SystemPower.idl\n'}
[2.187371] (px4_msgs) StdoutLine: {'line': b'-- Up-to-date: /home/harsh/ros2_project/install/px4_msgs/share/px4_msgs/msg/TakeoffStatus.idl\n'}
[2.187424] (px4_msgs) StdoutLine: {'line': b'-- Up-to-date: /home/harsh/ros2_project/install/px4_msgs/share/px4_msgs/msg/TaskStackInfo.idl\n'}
[2.187479] (px4_msgs) StdoutLine: {'line': b'-- Up-to-date: /home/harsh/ros2_project/install/px4_msgs/share/px4_msgs/msg/TecsStatus.idl\n'}
[2.187533] (px4_msgs) StdoutLine: {'line': b'-- Up-to-date: /home/harsh/ros2_project/install/px4_msgs/share/px4_msgs/msg/TelemetryStatus.idl\n'}
[2.187588] (px4_msgs) StdoutLine: {'line': b'-- Up-to-date: /home/harsh/ros2_project/install/px4_msgs/share/px4_msgs/msg/TiltrotorExtraControls.idl\n'}
[2.187644] (px4_msgs) StdoutLine: {'line': b'-- Up-to-date: /home/harsh/ros2_project/install/px4_msgs/share/px4_msgs/msg/TimesyncStatus.idl\n'}
[2.187699] (px4_msgs) StdoutLine: {'line': b'-- Up-to-date: /home/harsh/ros2_project/install/px4_msgs/share/px4_msgs/msg/TrajectoryBezier.idl\n'}
[2.187752] (px4_msgs) StdoutLine: {'line': b'-- Up-to-date: /home/harsh/ros2_project/install/px4_msgs/share/px4_msgs/msg/TrajectorySetpoint.idl\n'}
[2.187806] (px4_msgs) StdoutLine: {'line': b'-- Up-to-date: /home/harsh/ros2_project/install/px4_msgs/share/px4_msgs/msg/TrajectoryWaypoint.idl\n'}
[2.187904] (px4_msgs) StdoutLine: {'line': b'-- Up-to-date: /home/harsh/ros2_project/install/px4_msgs/share/px4_msgs/msg/TransponderReport.idl\n'}
[2.187957] (px4_msgs) StdoutLine: {'line': b'-- Up-to-date: /home/harsh/ros2_project/install/px4_msgs/share/px4_msgs/msg/TuneControl.idl\n'}
[2.188022] (px4_msgs) StdoutLine: {'line': b'-- Up-to-date: /home/harsh/ros2_project/install/px4_msgs/share/px4_msgs/msg/UavcanParameterRequest.idl\n'}
[2.188082] (px4_msgs) StdoutLine: {'line': b'-- Up-to-date: /home/harsh/ros2_project/install/px4_msgs/share/px4_msgs/msg/UavcanParameterValue.idl\n'}
[2.188138] (px4_msgs) StdoutLine: {'line': b'-- Up-to-date: /home/harsh/ros2_project/install/px4_msgs/share/px4_msgs/msg/UlogStream.idl\n'}
[2.188193] (px4_msgs) StdoutLine: {'line': b'-- Up-to-date: /home/harsh/ros2_project/install/px4_msgs/share/px4_msgs/msg/UlogStreamAck.idl\n'}
[2.188250] (px4_msgs) StdoutLine: {'line': b'-- Up-to-date: /home/harsh/ros2_project/install/px4_msgs/share/px4_msgs/msg/UnregisterExtComponent.idl\n'}
[2.188305] (px4_msgs) StdoutLine: {'line': b'-- Up-to-date: /home/harsh/ros2_project/install/px4_msgs/share/px4_msgs/msg/VehicleAcceleration.idl\n'}
[2.188364] (px4_msgs) StdoutLine: {'line': b'-- Up-to-date: /home/harsh/ros2_project/install/px4_msgs/share/px4_msgs/msg/VehicleAirData.idl\n'}
[2.188418] (px4_msgs) StdoutLine: {'line': b'-- Up-to-date: /home/harsh/ros2_project/install/px4_msgs/share/px4_msgs/msg/VehicleAngularAccelerationSetpoint.idl\n'}
[2.188474] (px4_msgs) StdoutLine: {'line': b'-- Up-to-date: /home/harsh/ros2_project/install/px4_msgs/share/px4_msgs/msg/VehicleAngularVelocity.idl\n'}
[2.188530] (px4_msgs) StdoutLine: {'line': b'-- Up-to-date: /home/harsh/ros2_project/install/px4_msgs/share/px4_msgs/msg/VehicleAttitude.idl\n'}
[2.188583] (px4_msgs) StdoutLine: {'line': b'-- Up-to-date: /home/harsh/ros2_project/install/px4_msgs/share/px4_msgs/msg/VehicleAttitudeSetpoint.idl\n'}
[2.188639] (px4_msgs) StdoutLine: {'line': b'-- Up-to-date: /home/harsh/ros2_project/install/px4_msgs/share/px4_msgs/msg/VehicleCommand.idl\n'}
[2.188694] (px4_msgs) StdoutLine: {'line': b'-- Up-to-date: /home/harsh/ros2_project/install/px4_msgs/share/px4_msgs/msg/VehicleCommandAck.idl\n'}
[2.188750] (px4_msgs) StdoutLine: {'line': b'-- Up-to-date: /home/harsh/ros2_project/install/px4_msgs/share/px4_msgs/msg/VehicleConstraints.idl\n'}
[2.188804] (px4_msgs) StdoutLine: {'line': b'-- Up-to-date: /home/harsh/ros2_project/install/px4_msgs/share/px4_msgs/msg/VehicleControlMode.idl\n'}
[2.188856] (px4_msgs) StdoutLine: {'line': b'-- Up-to-date: /home/harsh/ros2_project/install/px4_msgs/share/px4_msgs/msg/VehicleGlobalPosition.idl\n'}
[2.188912] (px4_msgs) StdoutLine: {'line': b'-- Up-to-date: /home/harsh/ros2_project/install/px4_msgs/share/px4_msgs/msg/VehicleImu.idl\n'}
[2.188968] (px4_msgs) StdoutLine: {'line': b'-- Up-to-date: /home/harsh/ros2_project/install/px4_msgs/share/px4_msgs/msg/VehicleImuStatus.idl\n'}
[2.189032] (px4_msgs) StdoutLine: {'line': b'-- Up-to-date: /home/harsh/ros2_project/install/px4_msgs/share/px4_msgs/msg/VehicleLandDetected.idl\n'}
[2.189090] (px4_msgs) StdoutLine: {'line': b'-- Up-to-date: /home/harsh/ros2_project/install/px4_msgs/share/px4_msgs/msg/VehicleLocalPosition.idl\n'}
[2.189146] (px4_msgs) StdoutLine: {'line': b'-- Up-to-date: /home/harsh/ros2_project/install/px4_msgs/share/px4_msgs/msg/VehicleLocalPositionSetpoint.idl\n'}
[2.189200] (px4_msgs) StdoutLine: {'line': b'-- Up-to-date: /home/harsh/ros2_project/install/px4_msgs/share/px4_msgs/msg/VehicleMagnetometer.idl\n'}
[2.189257] (px4_msgs) StdoutLine: {'line': b'-- Up-to-date: /home/harsh/ros2_project/install/px4_msgs/share/px4_msgs/msg/VehicleOdometry.idl\n'}
[2.189315] (px4_msgs) StdoutLine: {'line': b'-- Up-to-date: /home/harsh/ros2_project/install/px4_msgs/share/px4_msgs/msg/VehicleOpticalFlow.idl\n'}
[2.189371] (px4_msgs) StdoutLine: {'line': b'-- Up-to-date: /home/harsh/ros2_project/install/px4_msgs/share/px4_msgs/msg/VehicleOpticalFlowVel.idl\n'}
[2.189427] (px4_msgs) StdoutLine: {'line': b'-- Up-to-date: /home/harsh/ros2_project/install/px4_msgs/share/px4_msgs/msg/VehicleRatesSetpoint.idl\n'}
[2.189481] (px4_msgs) StdoutLine: {'line': b'-- Up-to-date: /home/harsh/ros2_project/install/px4_msgs/share/px4_msgs/msg/VehicleRoi.idl\n'}
[2.189537] (px4_msgs) StdoutLine: {'line': b'-- Up-to-date: /home/harsh/ros2_project/install/px4_msgs/share/px4_msgs/msg/VehicleStatus.idl\n'}
[2.189634] (px4_msgs) StdoutLine: {'line': b'-- Up-to-date: /home/harsh/ros2_project/install/px4_msgs/share/px4_msgs/msg/VehicleThrustSetpoint.idl\n'}
[2.189692] (px4_msgs) StdoutLine: {'line': b'-- Up-to-date: /home/harsh/ros2_project/install/px4_msgs/share/px4_msgs/msg/VehicleTorqueSetpoint.idl\n'}
[2.189747] (px4_msgs) StdoutLine: {'line': b'-- Up-to-date: /home/harsh/ros2_project/install/px4_msgs/share/px4_msgs/msg/VehicleTrajectoryBezier.idl\n'}
[2.189801] (px4_msgs) StdoutLine: {'line': b'-- Up-to-date: /home/harsh/ros2_project/install/px4_msgs/share/px4_msgs/msg/VehicleTrajectoryWaypoint.idl\n'}
[2.189855] (px4_msgs) StdoutLine: {'line': b'-- Up-to-date: /home/harsh/ros2_project/install/px4_msgs/share/px4_msgs/msg/VelocityLimits.idl\n'}
[2.189911] (px4_msgs) StdoutLine: {'line': b'-- Up-to-date: /home/harsh/ros2_project/install/px4_msgs/share/px4_msgs/msg/VtolVehicleStatus.idl\n'}
[2.189965] (px4_msgs) StdoutLine: {'line': b'-- Up-to-date: /home/harsh/ros2_project/install/px4_msgs/share/px4_msgs/msg/WheelEncoders.idl\n'}
[2.190030] (px4_msgs) StdoutLine: {'line': b'-- Up-to-date: /home/harsh/ros2_project/install/px4_msgs/share/px4_msgs/msg/Wind.idl\n'}
[2.190086] (px4_msgs) StdoutLine: {'line': b'-- Up-to-date: /home/harsh/ros2_project/install/px4_msgs/share/px4_msgs/msg/YawEstimatorStatus.idl\n'}
[2.190142] (px4_msgs) StdoutLine: {'line': b'-- Up-to-date: /home/harsh/ros2_project/install/px4_msgs/share/px4_msgs/srv/VehicleCommand.idl\n'}
[2.190198] (px4_msgs) StdoutLine: {'line': b'-- Up-to-date: /home/harsh/ros2_project/install/px4_msgs/share/px4_msgs/msg/ActionRequest.msg\n'}
[2.190278] (px4_msgs) StdoutLine: {'line': b'-- Up-to-date: /home/harsh/ros2_project/install/px4_msgs/share/px4_msgs/msg/ActuatorArmed.msg\n'}
[2.190333] (px4_msgs) StdoutLine: {'line': b'-- Up-to-date: /home/harsh/ros2_project/install/px4_msgs/share/px4_msgs/msg/ActuatorControlsStatus.msg\n'}
[2.190388] (px4_msgs) StdoutLine: {'line': b'-- Up-to-date: /home/harsh/ros2_project/install/px4_msgs/share/px4_msgs/msg/ActuatorMotors.msg\n'}
[2.190448] (px4_msgs) StdoutLine: {'line': b'-- Up-to-date: /home/harsh/ros2_project/install/px4_msgs/share/px4_msgs/msg/ActuatorOutputs.msg\n'}
[2.190509] (px4_msgs) StdoutLine: {'line': b'-- Up-to-date: /home/harsh/ros2_project/install/px4_msgs/share/px4_msgs/msg/ActuatorServos.msg\n'}
[2.190585] (px4_msgs) StdoutLine: {'line': b'-- Up-to-date: /home/harsh/ros2_project/install/px4_msgs/share/px4_msgs/msg/ActuatorServosTrim.msg\n'}
[2.190641] (px4_msgs) StdoutLine: {'line': b'-- Up-to-date: /home/harsh/ros2_project/install/px4_msgs/share/px4_msgs/msg/ActuatorTest.msg\n'}
[2.190700] (px4_msgs) StdoutLine: {'line': b'-- Up-to-date: /home/harsh/ros2_project/install/px4_msgs/share/px4_msgs/msg/AdcReport.msg\n'}
[2.190758] (px4_msgs) StdoutLine: {'line': b'-- Up-to-date: /home/harsh/ros2_project/install/px4_msgs/share/px4_msgs/msg/Airspeed.msg\n'}
[2.190815] (px4_msgs) StdoutLine: {'line': b'-- Up-to-date: /home/harsh/ros2_project/install/px4_msgs/share/px4_msgs/msg/AirspeedValidated.msg\n'}
[2.190872] (px4_msgs) StdoutLine: {'line': b'-- Up-to-date: /home/harsh/ros2_project/install/px4_msgs/share/px4_msgs/msg/AirspeedWind.msg\n'}
[2.190928] (px4_msgs) StdoutLine: {'line': b'-- Up-to-date: /home/harsh/ros2_project/install/px4_msgs/share/px4_msgs/msg/ArmingCheckReply.msg\n'}
[2.190990] (px4_msgs) StdoutLine: {'line': b'-- Up-to-date: /home/harsh/ros2_project/install/px4_msgs/share/px4_msgs/msg/ArmingCheckRequest.msg\n'}
[2.191052] (px4_msgs) StdoutLine: {'line': b'-- Up-to-date: /home/harsh/ros2_project/install/px4_msgs/share/px4_msgs/msg/AutotuneAttitudeControlStatus.msg\n'}
[2.191110] (px4_msgs) StdoutLine: {'line': b'-- Up-to-date: /home/harsh/ros2_project/install/px4_msgs/share/px4_msgs/msg/BatteryStatus.msg\n'}
[2.191167] (px4_msgs) StdoutLine: {'line': b'-- Up-to-date: /home/harsh/ros2_project/install/px4_msgs/share/px4_msgs/msg/Buffer128.msg\n'}
[2.191224] (px4_msgs) StdoutLine: {'line': b'-- Up-to-date: /home/harsh/ros2_project/install/px4_msgs/share/px4_msgs/msg/ButtonEvent.msg\n'}
[2.191316] (px4_msgs) StdoutLine: {'line': b'-- Up-to-date: /home/harsh/ros2_project/install/px4_msgs/share/px4_msgs/msg/CameraCapture.msg\n'}
[2.191370] (px4_msgs) StdoutLine: {'line': b'-- Up-to-date: /home/harsh/ros2_project/install/px4_msgs/share/px4_msgs/msg/CameraStatus.msg\n'}
[2.191423] (px4_msgs) StdoutLine: {'line': b'-- Up-to-date: /home/harsh/ros2_project/install/px4_msgs/share/px4_msgs/msg/CameraTrigger.msg\n'}
[2.191477] (px4_msgs) StdoutLine: {'line': b'-- Up-to-date: /home/harsh/ros2_project/install/px4_msgs/share/px4_msgs/msg/CanInterfaceStatus.msg\n'}
[2.191531] (px4_msgs) StdoutLine: {'line': b'-- Up-to-date: /home/harsh/ros2_project/install/px4_msgs/share/px4_msgs/msg/CellularStatus.msg\n'}
[2.191584] (px4_msgs) StdoutLine: {'line': b'-- Up-to-date: /home/harsh/ros2_project/install/px4_msgs/share/px4_msgs/msg/CollisionConstraints.msg\n'}
[2.191636] (px4_msgs) StdoutLine: {'line': b'-- Up-to-date: /home/harsh/ros2_project/install/px4_msgs/share/px4_msgs/msg/CollisionReport.msg\n'}
[2.191690] (px4_msgs) StdoutLine: {'line': b'-- Up-to-date: /home/harsh/ros2_project/install/px4_msgs/share/px4_msgs/msg/ConfigOverrides.msg\n'}
[2.191744] (px4_msgs) StdoutLine: {'line': b'-- Up-to-date: /home/harsh/ros2_project/install/px4_msgs/share/px4_msgs/msg/ControlAllocatorStatus.msg\n'}
[2.191802] (px4_msgs) StdoutLine: {'line': b'-- Up-to-date: /home/harsh/ros2_project/install/px4_msgs/share/px4_msgs/msg/Cpuload.msg\n'}
[2.191857] (px4_msgs) StdoutLine: {'line': b'-- Up-to-date: /home/harsh/ros2_project/install/px4_msgs/share/px4_msgs/msg/DatamanRequest.msg\n'}
[2.191912] (px4_msgs) StdoutLine: {'line': b'-- Up-to-date: /home/harsh/ros2_project/install/px4_msgs/share/px4_msgs/msg/DatamanResponse.msg\n'}
[2.191968] (px4_msgs) StdoutLine: {'line': b'-- Up-to-date: /home/harsh/ros2_project/install/px4_msgs/share/px4_msgs/msg/DebugArray.msg\n'}
[2.192033] (px4_msgs) StdoutLine: {'line': b'-- Up-to-date: /home/harsh/ros2_project/install/px4_msgs/share/px4_msgs/msg/DebugKeyValue.msg\n'}
[2.192090] (px4_msgs) StdoutLine: {'line': b'-- Up-to-date: /home/harsh/ros2_project/install/px4_msgs/share/px4_msgs/msg/DebugValue.msg\n'}
[2.192147] (px4_msgs) StdoutLine: {'line': b'-- Up-to-date: /home/harsh/ros2_project/install/px4_msgs/share/px4_msgs/msg/DebugVect.msg\n'}
[2.192202] (px4_msgs) StdoutLine: {'line': b'-- Up-to-date: /home/harsh/ros2_project/install/px4_msgs/share/px4_msgs/msg/DifferentialDriveSetpoint.msg\n'}
[2.192258] (px4_msgs) StdoutLine: {'line': b'-- Up-to-date: /home/harsh/ros2_project/install/px4_msgs/share/px4_msgs/msg/DifferentialPressure.msg\n'}
[2.192315] (px4_msgs) StdoutLine: {'line': b'-- Up-to-date: /home/harsh/ros2_project/install/px4_msgs/share/px4_msgs/msg/DistanceSensor.msg\n'}
[2.192372] (px4_msgs) StdoutLine: {'line': b'-- Up-to-date: /home/harsh/ros2_project/install/px4_msgs/share/px4_msgs/msg/Ekf2Timestamps.msg\n'}
[2.192426] (px4_msgs) StdoutLine: {'line': b'-- Up-to-date: /home/harsh/ros2_project/install/px4_msgs/share/px4_msgs/msg/EscReport.msg\n'}
[2.192482] (px4_msgs) StdoutLine: {'line': b'-- Up-to-date: /home/harsh/ros2_project/install/px4_msgs/share/px4_msgs/msg/EscStatus.msg\n'}
[2.192540] (px4_msgs) StdoutLine: {'line': b'-- Up-to-date: /home/harsh/ros2_project/install/px4_msgs/share/px4_msgs/msg/EstimatorAidSource1d.msg\n'}
[2.192598] (px4_msgs) StdoutLine: {'line': b'-- Up-to-date: /home/harsh/ros2_project/install/px4_msgs/share/px4_msgs/msg/EstimatorAidSource2d.msg\n'}
[2.192708] (px4_msgs) StdoutLine: {'line': b'-- Up-to-date: /home/harsh/ros2_project/install/px4_msgs/share/px4_msgs/msg/EstimatorAidSource3d.msg\n'}
[2.192772] (px4_msgs) StdoutLine: {'line': b'-- Up-to-date: /home/harsh/ros2_project/install/px4_msgs/share/px4_msgs/msg/EstimatorBias.msg\n'}
[2.192835] (px4_msgs) StdoutLine: {'line': b'-- Up-to-date: /home/harsh/ros2_project/install/px4_msgs/share/px4_msgs/msg/EstimatorBias3d.msg\n'}
[2.192893] (px4_msgs) StdoutLine: {'line': b'-- Up-to-date: /home/harsh/ros2_project/install/px4_msgs/share/px4_msgs/msg/EstimatorEventFlags.msg\n'}
[2.193097] (px4_msgs) StdoutLine: {'line': b'-- Up-to-date: /home/harsh/ros2_project/install/px4_msgs/share/px4_msgs/msg/EstimatorGpsStatus.msg\n'}
[2.193378] (px4_msgs) StdoutLine: {'line': b'-- Up-to-date: /home/harsh/ros2_project/install/px4_msgs/share/px4_msgs/msg/EstimatorInnovations.msg\n'}
[2.193657] (px4_msgs) StdoutLine: {'line': b'-- Up-to-date: /home/harsh/ros2_project/install/px4_msgs/share/px4_msgs/msg/EstimatorSelectorStatus.msg\n'}
[2.193999] (px4_msgs) StdoutLine: {'line': b'-- Up-to-date: /home/harsh/ros2_project/install/px4_msgs/share/px4_msgs/msg/EstimatorSensorBias.msg\n'}
[2.194448] (px4_msgs) StdoutLine: {'line': b'-- Up-to-date: /home/harsh/ros2_project/install/px4_msgs/share/px4_msgs/msg/EstimatorStates.msg\n'}
[2.194720] (px4_msgs) StdoutLine: {'line': b'-- Up-to-date: /home/harsh/ros2_project/install/px4_msgs/share/px4_msgs/msg/EstimatorStatus.msg\n'}
[2.194995] (px4_msgs) StdoutLine: {'line': b'-- Up-to-date: /home/harsh/ros2_project/install/px4_msgs/share/px4_msgs/msg/EstimatorStatusFlags.msg\n'}
[2.195335] (px4_msgs) StdoutLine: {'line': b'-- Up-to-date: /home/harsh/ros2_project/install/px4_msgs/share/px4_msgs/msg/Event.msg\n'}
[2.195779] (px4_msgs) StdoutLine: {'line': b'-- Up-to-date: /home/harsh/ros2_project/install/px4_msgs/share/px4_msgs/msg/FailsafeFlags.msg\n'}
[2.196067] (px4_msgs) StdoutLine: {'line': b'-- Up-to-date: /home/harsh/ros2_project/install/px4_msgs/share/px4_msgs/msg/FailureDetectorStatus.msg\n'}
[2.196340] (px4_msgs) StdoutLine: {'line': b'-- Up-to-date: /home/harsh/ros2_project/install/px4_msgs/share/px4_msgs/msg/FigureEightStatus.msg\n'}
[2.196679] (px4_msgs) StdoutLine: {'line': b'-- Up-to-date: /home/harsh/ros2_project/install/px4_msgs/share/px4_msgs/msg/FlightPhaseEstimation.msg\n'}
[2.197150] (px4_msgs) StdoutLine: {'line': b'-- Up-to-date: /home/harsh/ros2_project/install/px4_msgs/share/px4_msgs/msg/FollowTarget.msg\n'}
[2.197605] (px4_msgs) StdoutLine: {'line': b'-- Up-to-date: /home/harsh/ros2_project/install/px4_msgs/share/px4_msgs/msg/FollowTargetEstimator.msg\n'}
[2.197695] (px4_msgs) StdoutLine: {'line': b'-- Up-to-date: /home/harsh/ros2_project/install/px4_msgs/share/px4_msgs/msg/FollowTargetStatus.msg\n'}
[2.198222] (px4_msgs) StdoutLine: {'line': b'-- Up-to-date: /home/harsh/ros2_project/install/px4_msgs/share/px4_msgs/msg/GeneratorStatus.msg\n'}
[2.198677] (px4_msgs) StdoutLine: {'line': b'-- Up-to-date: /home/harsh/ros2_project/install/px4_msgs/share/px4_msgs/msg/GeofenceResult.msg\n'}
[2.198942] (px4_msgs) StdoutLine: {'line': b'-- Up-to-date: /home/harsh/ros2_project/install/px4_msgs/share/px4_msgs/msg/GeofenceStatus.msg\n'}
[2.199237] (px4_msgs) StdoutLine: {'line': b'-- Up-to-date: /home/harsh/ros2_project/install/px4_msgs/share/px4_msgs/msg/GimbalControls.msg\n'}
[2.199573] (px4_msgs) StdoutLine: {'line': b'-- Up-to-date: /home/harsh/ros2_project/install/px4_msgs/share/px4_msgs/msg/GimbalDeviceAttitudeStatus.msg\n'}
[2.200029] (px4_msgs) StdoutLine: {'line': b'-- Up-to-date: /home/harsh/ros2_project/install/px4_msgs/share/px4_msgs/msg/GimbalDeviceInformation.msg\n'}
[2.200295] (px4_msgs) StdoutLine: {'line': b'-- Up-to-date: /home/harsh/ros2_project/install/px4_msgs/share/px4_msgs/msg/GimbalDeviceSetAttitude.msg\n'}
[2.200569] (px4_msgs) StdoutLine: {'line': b'-- Up-to-date: /home/harsh/ros2_project/install/px4_msgs/share/px4_msgs/msg/GimbalManagerInformation.msg\n'}
[2.200900] (px4_msgs) StdoutLine: {'line': b'-- Up-to-date: /home/harsh/ros2_project/install/px4_msgs/share/px4_msgs/msg/GimbalManagerSetAttitude.msg\n'}
[2.201372] (px4_msgs) StdoutLine: {'line': b'-- Up-to-date: /home/harsh/ros2_project/install/px4_msgs/share/px4_msgs/msg/GimbalManagerSetManualControl.msg\n'}
[2.201639] (px4_msgs) StdoutLine: {'line': b'-- Up-to-date: /home/harsh/ros2_project/install/px4_msgs/share/px4_msgs/msg/GimbalManagerStatus.msg\n'}
[2.201916] (px4_msgs) StdoutLine: {'line': b'-- Up-to-date: /home/harsh/ros2_project/install/px4_msgs/share/px4_msgs/msg/GotoSetpoint.msg\n'}
[2.202295] (px4_msgs) StdoutLine: {'line': b'-- Up-to-date: /home/harsh/ros2_project/install/px4_msgs/share/px4_msgs/msg/GpioConfig.msg\n'}
[2.202809] (px4_msgs) StdoutLine: {'line': b'-- Up-to-date: /home/harsh/ros2_project/install/px4_msgs/share/px4_msgs/msg/GpioIn.msg\n'}
[2.203220] (px4_msgs) StdoutLine: {'line': b'-- Up-to-date: /home/harsh/ros2_project/install/px4_msgs/share/px4_msgs/msg/GpioOut.msg\n'}
[2.203660] (px4_msgs) StdoutLine: {'line': b'-- Up-to-date: /home/harsh/ros2_project/install/px4_msgs/share/px4_msgs/msg/GpioRequest.msg\n'}
[2.204110] (px4_msgs) StdoutLine: {'line': b'-- Up-to-date: /home/harsh/ros2_project/install/px4_msgs/share/px4_msgs/msg/GpsDump.msg\n'}
[2.204808] (px4_msgs) StdoutLine: {'line': b'-- Up-to-date: /home/harsh/ros2_project/install/px4_msgs/share/px4_msgs/msg/GpsInjectData.msg\n'}
[2.205273] (px4_msgs) StdoutLine: {'line': b'-- Up-to-date: /home/harsh/ros2_project/install/px4_msgs/share/px4_msgs/msg/Gripper.msg\n'}
[2.205632] (px4_msgs) StdoutLine: {'line': b'-- Up-to-date: /home/harsh/ros2_project/install/px4_msgs/share/px4_msgs/msg/HealthReport.msg\n'}
[2.205946] (-) TimerEvent: {}
[2.206264] (px4_msgs) StdoutLine: {'line': b'-- Up-to-date: /home/harsh/ros2_project/install/px4_msgs/share/px4_msgs/msg/HeaterStatus.msg\n'}
[2.207098] (px4_msgs) StdoutLine: {'line': b'-- Up-to-date: /home/harsh/ros2_project/install/px4_msgs/share/px4_msgs/msg/HomePosition.msg\n'}
[2.207627] (px4_msgs) StdoutLine: {'line': b'-- Up-to-date: /home/harsh/ros2_project/install/px4_msgs/share/px4_msgs/msg/HoverThrustEstimate.msg\n'}
[2.207768] (px4_msgs) StdoutLine: {'line': b'-- Up-to-date: /home/harsh/ros2_project/install/px4_msgs/share/px4_msgs/msg/InputRc.msg\n'}
[2.208156] (px4_msgs) StdoutLine: {'line': b'-- Up-to-date: /home/harsh/ros2_project/install/px4_msgs/share/px4_msgs/msg/InternalCombustionEngineStatus.msg\n'}
[2.208681] (px4_msgs) StdoutLine: {'line': b'-- Up-to-date: /home/harsh/ros2_project/install/px4_msgs/share/px4_msgs/msg/IridiumsbdStatus.msg\n'}
[2.209690] (px4_msgs) StdoutLine: {'line': b'-- Up-to-date: /home/harsh/ros2_project/install/px4_msgs/share/px4_msgs/msg/IrlockReport.msg\n'}
[2.210192] (px4_msgs) StdoutLine: {'line': b'-- Up-to-date: /home/harsh/ros2_project/install/px4_msgs/share/px4_msgs/msg/LandingGear.msg\n'}
[2.210379] (px4_msgs) StdoutLine: {'line': b'-- Up-to-date: /home/harsh/ros2_project/install/px4_msgs/share/px4_msgs/msg/LandingGearWheel.msg\n'}
[2.210665] (px4_msgs) StdoutLine: {'line': b'-- Up-to-date: /home/harsh/ros2_project/install/px4_msgs/share/px4_msgs/msg/LandingTargetInnovations.msg\n'}
[2.211012] (px4_msgs) StdoutLine: {'line': b'-- Up-to-date: /home/harsh/ros2_project/install/px4_msgs/share/px4_msgs/msg/LandingTargetPose.msg\n'}
[2.211339] (px4_msgs) StdoutLine: {'line': b'-- Up-to-date: /home/harsh/ros2_project/install/px4_msgs/share/px4_msgs/msg/LaunchDetectionStatus.msg\n'}
[2.211784] (px4_msgs) StdoutLine: {'line': b'-- Up-to-date: /home/harsh/ros2_project/install/px4_msgs/share/px4_msgs/msg/LedControl.msg\n'}
[2.212330] (px4_msgs) StdoutLine: {'line': b'-- Up-to-date: /home/harsh/ros2_project/install/px4_msgs/share/px4_msgs/msg/LogMessage.msg\n'}
[2.212773] (px4_msgs) StdoutLine: {'line': b'-- Up-to-date: /home/harsh/ros2_project/install/px4_msgs/share/px4_msgs/msg/LoggerStatus.msg\n'}
[2.213186] (px4_msgs) StdoutLine: {'line': b'-- Up-to-date: /home/harsh/ros2_project/install/px4_msgs/share/px4_msgs/msg/MagWorkerData.msg\n'}
[2.213593] (px4_msgs) StdoutLine: {'line': b'-- Up-to-date: /home/harsh/ros2_project/install/px4_msgs/share/px4_msgs/msg/MagnetometerBiasEstimate.msg\n'}
[2.214298] (px4_msgs) StdoutLine: {'line': b'-- Up-to-date: /home/harsh/ros2_project/install/px4_msgs/share/px4_msgs/msg/ManualControlSetpoint.msg\n'}
[2.214700] (px4_msgs) StdoutLine: {'line': b'-- Up-to-date: /home/harsh/ros2_project/install/px4_msgs/share/px4_msgs/msg/ManualControlSwitches.msg\n'}
[2.215075] (px4_msgs) StdoutLine: {'line': b'-- Up-to-date: /home/harsh/ros2_project/install/px4_msgs/share/px4_msgs/msg/MavlinkLog.msg\n'}
[2.215508] (px4_msgs) StdoutLine: {'line': b'-- Up-to-date: /home/harsh/ros2_project/install/px4_msgs/share/px4_msgs/msg/MavlinkTunnel.msg\n'}
[2.216050] (px4_msgs) StdoutLine: {'line': b'-- Up-to-date: /home/harsh/ros2_project/install/px4_msgs/share/px4_msgs/msg/MessageFormatRequest.msg\n'}
[2.216419] (px4_msgs) StdoutLine: {'line': b'-- Up-to-date: /home/harsh/ros2_project/install/px4_msgs/share/px4_msgs/msg/MessageFormatResponse.msg\n'}
[2.216785] (px4_msgs) StdoutLine: {'line': b'-- Up-to-date: /home/harsh/ros2_project/install/px4_msgs/share/px4_msgs/msg/Mission.msg\n'}
[2.217324] (px4_msgs) StdoutLine: {'line': b'-- Up-to-date: /home/harsh/ros2_project/install/px4_msgs/share/px4_msgs/msg/MissionResult.msg\n'}
[2.217857] (px4_msgs) StdoutLine: {'line': b'-- Up-to-date: /home/harsh/ros2_project/install/px4_msgs/share/px4_msgs/msg/ModeCompleted.msg\n'}
[2.218477] (px4_msgs) StdoutLine: {'line': b'-- Up-to-date: /home/harsh/ros2_project/install/px4_msgs/share/px4_msgs/msg/MountOrientation.msg\n'}
[2.218669] (px4_msgs) StdoutLine: {'line': b'-- Up-to-date: /home/harsh/ros2_project/install/px4_msgs/share/px4_msgs/msg/NavigatorMissionItem.msg\n'}
[2.219345] (px4_msgs) StdoutLine: {'line': b'-- Up-to-date: /home/harsh/ros2_project/install/px4_msgs/share/px4_msgs/msg/NormalizedUnsignedSetpoint.msg\n'}
[2.219871] (px4_msgs) StdoutLine: {'line': b'-- Up-to-date: /home/harsh/ros2_project/install/px4_msgs/share/px4_msgs/msg/NpfgStatus.msg\n'}
[2.220243] (px4_msgs) StdoutLine: {'line': b'-- Up-to-date: /home/harsh/ros2_project/install/px4_msgs/share/px4_msgs/msg/ObstacleDistance.msg\n'}
[2.220594] (px4_msgs) StdoutLine: {'line': b'-- Up-to-date: /home/harsh/ros2_project/install/px4_msgs/share/px4_msgs/msg/OffboardControlMode.msg\n'}
[2.221004] (px4_msgs) StdoutLine: {'line': b'-- Up-to-date: /home/harsh/ros2_project/install/px4_msgs/share/px4_msgs/msg/OnboardComputerStatus.msg\n'}
[2.221641] (px4_msgs) StdoutLine: {'line': b'-- Up-to-date: /home/harsh/ros2_project/install/px4_msgs/share/px4_msgs/msg/OrbTest.msg\n'}
[2.222056] (px4_msgs) StdoutLine: {'line': b'-- Up-to-date: /home/harsh/ros2_project/install/px4_msgs/share/px4_msgs/msg/OrbTestLarge.msg\n'}
[2.222715] (px4_msgs) StdoutLine: {'line': b'-- Up-to-date: /home/harsh/ros2_project/install/px4_msgs/share/px4_msgs/msg/OrbTestMedium.msg\n'}
[2.223049] (px4_msgs) StdoutLine: {'line': b'-- Up-to-date: /home/harsh/ros2_project/install/px4_msgs/share/px4_msgs/msg/OrbitStatus.msg\n'}
[2.223474] (px4_msgs) StdoutLine: {'line': b'-- Up-to-date: /home/harsh/ros2_project/install/px4_msgs/share/px4_msgs/msg/ParameterResetRequest.msg\n'}
[2.224654] (px4_msgs) StdoutLine: {'line': b'-- Up-to-date: /home/harsh/ros2_project/install/px4_msgs/share/px4_msgs/msg/ParameterSetUsedRequest.msg\n'}
[2.226068] (px4_msgs) StdoutLine: {'line': b'-- Up-to-date: /home/harsh/ros2_project/install/px4_msgs/share/px4_msgs/msg/ParameterSetValueRequest.msg\n'}
[2.226684] (px4_msgs) StdoutLine: {'line': b'-- Up-to-date: /home/harsh/ros2_project/install/px4_msgs/share/px4_msgs/msg/ParameterSetValueResponse.msg\n'}
[2.227070] (px4_msgs) StdoutLine: {'line': b'-- Up-to-date: /home/harsh/ros2_project/install/px4_msgs/share/px4_msgs/msg/ParameterUpdate.msg\n'}
[2.227379] (px4_msgs) StdoutLine: {'line': b'-- Up-to-date: /home/harsh/ros2_project/install/px4_msgs/share/px4_msgs/msg/Ping.msg\n'}
[2.228032] (px4_msgs) StdoutLine: {'line': b'-- Up-to-date: /home/harsh/ros2_project/install/px4_msgs/share/px4_msgs/msg/PositionControllerLandingStatus.msg\n'}
[2.228423] (px4_msgs) StdoutLine: {'line': b'-- Up-to-date: /home/harsh/ros2_project/install/px4_msgs/share/px4_msgs/msg/PositionControllerStatus.msg\n'}
[2.228647] (px4_msgs) StdoutLine: {'line': b'-- Up-to-date: /home/harsh/ros2_project/install/px4_msgs/share/px4_msgs/msg/PositionSetpoint.msg\n'}
[2.228801] (px4_msgs) StdoutLine: {'line': b'-- Up-to-date: /home/harsh/ros2_project/install/px4_msgs/share/px4_msgs/msg/PositionSetpointTriplet.msg\n'}
[2.229041] (px4_msgs) StdoutLine: {'line': b'-- Up-to-date: /home/harsh/ros2_project/install/px4_msgs/share/px4_msgs/msg/PowerButtonState.msg\n'}
[2.229671] (px4_msgs) StdoutLine: {'line': b'-- Up-to-date: /home/harsh/ros2_project/install/px4_msgs/share/px4_msgs/msg/PowerMonitor.msg\n'}
[2.230006] (px4_msgs) StdoutLine: {'line': b'-- Up-to-date: /home/harsh/ros2_project/install/px4_msgs/share/px4_msgs/msg/PpsCapture.msg\n'}
[2.230420] (px4_msgs) StdoutLine: {'line': b'-- Up-to-date: /home/harsh/ros2_project/install/px4_msgs/share/px4_msgs/msg/PwmInput.msg\n'}
[2.231412] (px4_msgs) StdoutLine: {'line': b'-- Up-to-date: /home/harsh/ros2_project/install/px4_msgs/share/px4_msgs/msg/Px4ioStatus.msg\n'}
[2.231628] (px4_msgs) StdoutLine: {'line': b'-- Up-to-date: /home/harsh/ros2_project/install/px4_msgs/share/px4_msgs/msg/QshellReq.msg\n'}
[2.231779] (px4_msgs) StdoutLine: {'line': b'-- Up-to-date: /home/harsh/ros2_project/install/px4_msgs/share/px4_msgs/msg/QshellRetval.msg\n'}
[2.232035] (px4_msgs) StdoutLine: {'line': b'-- Up-to-date: /home/harsh/ros2_project/install/px4_msgs/share/px4_msgs/msg/RadioStatus.msg\n'}
[2.232450] (px4_msgs) StdoutLine: {'line': b'-- Up-to-date: /home/harsh/ros2_project/install/px4_msgs/share/px4_msgs/msg/RateCtrlStatus.msg\n'}
[2.232703] (px4_msgs) StdoutLine: {'line': b'-- Up-to-date: /home/harsh/ros2_project/install/px4_msgs/share/px4_msgs/msg/RcChannels.msg\n'}
[2.233141] (px4_msgs) StdoutLine: {'line': b'-- Up-to-date: /home/harsh/ros2_project/install/px4_msgs/share/px4_msgs/msg/RcParameterMap.msg\n'}
[2.233479] (px4_msgs) StdoutLine: {'line': b'-- Up-to-date: /home/harsh/ros2_project/install/px4_msgs/share/px4_msgs/msg/RegisterExtComponentReply.msg\n'}
[2.233836] (px4_msgs) StdoutLine: {'line': b'-- Up-to-date: /home/harsh/ros2_project/install/px4_msgs/share/px4_msgs/msg/RegisterExtComponentRequest.msg\n'}
[2.234239] (px4_msgs) StdoutLine: {'line': b'-- Up-to-date: /home/harsh/ros2_project/install/px4_msgs/share/px4_msgs/msg/Rpm.msg\n'}
[2.234782] (px4_msgs) StdoutLine: {'line': b'-- Up-to-date: /home/harsh/ros2_project/install/px4_msgs/share/px4_msgs/msg/RtlStatus.msg\n'}
[2.235123] (px4_msgs) StdoutLine: {'line': b'-- Up-to-date: /home/harsh/ros2_project/install/px4_msgs/share/px4_msgs/msg/RtlTimeEstimate.msg\n'}
[2.235430] (px4_msgs) StdoutLine: {'line': b'-- Up-to-date: /home/harsh/ros2_project/install/px4_msgs/share/px4_msgs/msg/SatelliteInfo.msg\n'}
[2.235881] (px4_msgs) StdoutLine: {'line': b'-- Up-to-date: /home/harsh/ros2_project/install/px4_msgs/share/px4_msgs/msg/SensorAccel.msg\n'}
[2.236538] (px4_msgs) StdoutLine: {'line': b'-- Up-to-date: /home/harsh/ros2_project/install/px4_msgs/share/px4_msgs/msg/SensorAccelFifo.msg\n'}
[2.236833] (px4_msgs) StdoutLine: {'line': b'-- Up-to-date: /home/harsh/ros2_project/install/px4_msgs/share/px4_msgs/msg/SensorAirflow.msg\n'}
[2.237159] (px4_msgs) StdoutLine: {'line': b'-- Up-to-date: /home/harsh/ros2_project/install/px4_msgs/share/px4_msgs/msg/SensorBaro.msg\n'}
[2.237515] (px4_msgs) StdoutLine: {'line': b'-- Up-to-date: /home/harsh/ros2_project/install/px4_msgs/share/px4_msgs/msg/SensorCombined.msg\n'}
[2.238057] (px4_msgs) StdoutLine: {'line': b'-- Up-to-date: /home/harsh/ros2_project/install/px4_msgs/share/px4_msgs/msg/SensorCorrection.msg\n'}
[2.238386] (px4_msgs) StdoutLine: {'line': b'-- Up-to-date: /home/harsh/ros2_project/install/px4_msgs/share/px4_msgs/msg/SensorGnssRelative.msg\n'}
[2.238796] (px4_msgs) StdoutLine: {'line': b'-- Up-to-date: /home/harsh/ros2_project/install/px4_msgs/share/px4_msgs/msg/SensorGps.msg\n'}
[2.239200] (px4_msgs) StdoutLine: {'line': b'-- Up-to-date: /home/harsh/ros2_project/install/px4_msgs/share/px4_msgs/msg/SensorGyro.msg\n'}
[2.239740] (px4_msgs) StdoutLine: {'line': b'-- Up-to-date: /home/harsh/ros2_project/install/px4_msgs/share/px4_msgs/msg/SensorGyroFft.msg\n'}
[2.240135] (px4_msgs) StdoutLine: {'line': b'-- Up-to-date: /home/harsh/ros2_project/install/px4_msgs/share/px4_msgs/msg/SensorGyroFifo.msg\n'}
[2.240467] (px4_msgs) StdoutLine: {'line': b'-- Up-to-date: /home/harsh/ros2_project/install/px4_msgs/share/px4_msgs/msg/SensorHygrometer.msg\n'}
[2.240810] (px4_msgs) StdoutLine: {'line': b'-- Up-to-date: /home/harsh/ros2_project/install/px4_msgs/share/px4_msgs/msg/SensorMag.msg\n'}
[2.241315] (px4_msgs) StdoutLine: {'line': b'-- Up-to-date: /home/harsh/ros2_project/install/px4_msgs/share/px4_msgs/msg/SensorOpticalFlow.msg\n'}
[2.241938] (px4_msgs) StdoutLine: {'line': b'-- Up-to-date: /home/harsh/ros2_project/install/px4_msgs/share/px4_msgs/msg/SensorPreflightMag.msg\n'}
[2.242250] (px4_msgs) StdoutLine: {'line': b'-- Up-to-date: /home/harsh/ros2_project/install/px4_msgs/share/px4_msgs/msg/SensorSelection.msg\n'}
[2.242750] (px4_msgs) StdoutLine: {'line': b'-- Up-to-date: /home/harsh/ros2_project/install/px4_msgs/share/px4_msgs/msg/SensorUwb.msg\n'}
[2.243287] (px4_msgs) StdoutLine: {'line': b'-- Up-to-date: /home/harsh/ros2_project/install/px4_msgs/share/px4_msgs/msg/SensorsStatus.msg\n'}
[2.243661] (px4_msgs) StdoutLine: {'line': b'-- Up-to-date: /home/harsh/ros2_project/install/px4_msgs/share/px4_msgs/msg/SensorsStatusImu.msg\n'}
[2.243990] (px4_msgs) StdoutLine: {'line': b'-- Up-to-date: /home/harsh/ros2_project/install/px4_msgs/share/px4_msgs/msg/SystemPower.msg\n'}
[2.244297] (px4_msgs) StdoutLine: {'line': b'-- Up-to-date: /home/harsh/ros2_project/install/px4_msgs/share/px4_msgs/msg/TakeoffStatus.msg\n'}
[2.244772] (px4_msgs) StdoutLine: {'line': b'-- Up-to-date: /home/harsh/ros2_project/install/px4_msgs/share/px4_msgs/msg/TaskStackInfo.msg\n'}
[2.245093] (px4_msgs) StdoutLine: {'line': b'-- Up-to-date: /home/harsh/ros2_project/install/px4_msgs/share/px4_msgs/msg/TecsStatus.msg\n'}
[2.245400] (px4_msgs) StdoutLine: {'line': b'-- Up-to-date: /home/harsh/ros2_project/install/px4_msgs/share/px4_msgs/msg/TelemetryStatus.msg\n'}
[2.245848] (px4_msgs) StdoutLine: {'line': b'-- Up-to-date: /home/harsh/ros2_project/install/px4_msgs/share/px4_msgs/msg/TiltrotorExtraControls.msg\n'}
[2.246541] (px4_msgs) StdoutLine: {'line': b'-- Up-to-date: /home/harsh/ros2_project/install/px4_msgs/share/px4_msgs/msg/TimesyncStatus.msg\n'}
[2.246858] (px4_msgs) StdoutLine: {'line': b'-- Up-to-date: /home/harsh/ros2_project/install/px4_msgs/share/px4_msgs/msg/TrajectoryBezier.msg\n'}
[2.247203] (px4_msgs) StdoutLine: {'line': b'-- Up-to-date: /home/harsh/ros2_project/install/px4_msgs/share/px4_msgs/msg/TrajectorySetpoint.msg\n'}
[2.247610] (px4_msgs) StdoutLine: {'line': b'-- Up-to-date: /home/harsh/ros2_project/install/px4_msgs/share/px4_msgs/msg/TrajectoryWaypoint.msg\n'}
[2.248156] (px4_msgs) StdoutLine: {'line': b'-- Up-to-date: /home/harsh/ros2_project/install/px4_msgs/share/px4_msgs/msg/TransponderReport.msg\n'}
[2.248468] (px4_msgs) StdoutLine: {'line': b'-- Up-to-date: /home/harsh/ros2_project/install/px4_msgs/share/px4_msgs/msg/TuneControl.msg\n'}
[2.248831] (px4_msgs) StdoutLine: {'line': b'-- Up-to-date: /home/harsh/ros2_project/install/px4_msgs/share/px4_msgs/msg/UavcanParameterRequest.msg\n'}
[2.249248] (px4_msgs) StdoutLine: {'line': b'-- Up-to-date: /home/harsh/ros2_project/install/px4_msgs/share/px4_msgs/msg/UavcanParameterValue.msg\n'}
[2.250081] (px4_msgs) StdoutLine: {'line': b'-- Up-to-date: /home/harsh/ros2_project/install/px4_msgs/share/px4_msgs/msg/UlogStream.msg\n'}
[2.250385] (px4_msgs) StdoutLine: {'line': b'-- Up-to-date: /home/harsh/ros2_project/install/px4_msgs/share/px4_msgs/msg/UlogStreamAck.msg\n'}
[2.250687] (px4_msgs) StdoutLine: {'line': b'-- Up-to-date: /home/harsh/ros2_project/install/px4_msgs/share/px4_msgs/msg/UnregisterExtComponent.msg\n'}
[2.251093] (px4_msgs) StdoutLine: {'line': b'-- Up-to-date: /home/harsh/ros2_project/install/px4_msgs/share/px4_msgs/msg/VehicleAcceleration.msg\n'}
[2.251628] (px4_msgs) StdoutLine: {'line': b'-- Up-to-date: /home/harsh/ros2_project/install/px4_msgs/share/px4_msgs/msg/VehicleAirData.msg\n'}
[2.252152] (px4_msgs) StdoutLine: {'line': b'-- Up-to-date: /home/harsh/ros2_project/install/px4_msgs/share/px4_msgs/msg/VehicleAngularAccelerationSetpoint.msg\n'}
[2.252374] (px4_msgs) StdoutLine: {'line': b'-- Up-to-date: /home/harsh/ros2_project/install/px4_msgs/share/px4_msgs/msg/VehicleAngularVelocity.msg\n'}
[2.252822] (px4_msgs) StdoutLine: {'line': b'-- Up-to-date: /home/harsh/ros2_project/install/px4_msgs/share/px4_msgs/msg/VehicleAttitude.msg\n'}
[2.253315] (px4_msgs) StdoutLine: {'line': b'-- Up-to-date: /home/harsh/ros2_project/install/px4_msgs/share/px4_msgs/msg/VehicleAttitudeSetpoint.msg\n'}
[2.253681] (px4_msgs) StdoutLine: {'line': b'-- Up-to-date: /home/harsh/ros2_project/install/px4_msgs/share/px4_msgs/msg/VehicleCommand.msg\n'}
[2.254033] (px4_msgs) StdoutLine: {'line': b'-- Up-to-date: /home/harsh/ros2_project/install/px4_msgs/share/px4_msgs/msg/VehicleCommandAck.msg\n'}
[2.254425] (px4_msgs) StdoutLine: {'line': b'-- Up-to-date: /home/harsh/ros2_project/install/px4_msgs/share/px4_msgs/msg/VehicleConstraints.msg\n'}
[2.254948] (px4_msgs) StdoutLine: {'line': b'-- Up-to-date: /home/harsh/ros2_project/install/px4_msgs/share/px4_msgs/msg/VehicleControlMode.msg\n'}
[2.255256] (px4_msgs) StdoutLine: {'line': b'-- Up-to-date: /home/harsh/ros2_project/install/px4_msgs/share/px4_msgs/msg/VehicleGlobalPosition.msg\n'}
[2.255569] (px4_msgs) StdoutLine: {'line': b'-- Up-to-date: /home/harsh/ros2_project/install/px4_msgs/share/px4_msgs/msg/VehicleImu.msg\n'}
[2.255919] (px4_msgs) StdoutLine: {'line': b'-- Up-to-date: /home/harsh/ros2_project/install/px4_msgs/share/px4_msgs/msg/VehicleImuStatus.msg\n'}
[2.256421] (px4_msgs) StdoutLine: {'line': b'-- Up-to-date: /home/harsh/ros2_project/install/px4_msgs/share/px4_msgs/msg/VehicleLandDetected.msg\n'}
[2.256719] (px4_msgs) StdoutLine: {'line': b'-- Up-to-date: /home/harsh/ros2_project/install/px4_msgs/share/px4_msgs/msg/VehicleLocalPosition.msg\n'}
[2.257034] (px4_msgs) StdoutLine: {'line': b'-- Up-to-date: /home/harsh/ros2_project/install/px4_msgs/share/px4_msgs/msg/VehicleLocalPositionSetpoint.msg\n'}
[2.257387] (px4_msgs) StdoutLine: {'line': b'-- Up-to-date: /home/harsh/ros2_project/install/px4_msgs/share/px4_msgs/msg/VehicleMagnetometer.msg\n'}
[2.257872] (px4_msgs) StdoutLine: {'line': b'-- Up-to-date: /home/harsh/ros2_project/install/px4_msgs/share/px4_msgs/msg/VehicleOdometry.msg\n'}
[2.258198] (px4_msgs) StdoutLine: {'line': b'-- Up-to-date: /home/harsh/ros2_project/install/px4_msgs/share/px4_msgs/msg/VehicleOpticalFlow.msg\n'}
[2.258496] (px4_msgs) StdoutLine: {'line': b'-- Up-to-date: /home/harsh/ros2_project/install/px4_msgs/share/px4_msgs/msg/VehicleOpticalFlowVel.msg\n'}
[2.258870] (px4_msgs) StdoutLine: {'line': b'-- Up-to-date: /home/harsh/ros2_project/install/px4_msgs/share/px4_msgs/msg/VehicleRatesSetpoint.msg\n'}
[2.259367] (px4_msgs) StdoutLine: {'line': b'-- Up-to-date: /home/harsh/ros2_project/install/px4_msgs/share/px4_msgs/msg/VehicleRoi.msg\n'}
[2.259677] (px4_msgs) StdoutLine: {'line': b'-- Up-to-date: /home/harsh/ros2_project/install/px4_msgs/share/px4_msgs/msg/VehicleStatus.msg\n'}
[2.259977] (px4_msgs) StdoutLine: {'line': b'-- Up-to-date: /home/harsh/ros2_project/install/px4_msgs/share/px4_msgs/msg/VehicleThrustSetpoint.msg\n'}
[2.260357] (px4_msgs) StdoutLine: {'line': b'-- Up-to-date: /home/harsh/ros2_project/install/px4_msgs/share/px4_msgs/msg/VehicleTorqueSetpoint.msg\n'}
[2.260867] (px4_msgs) StdoutLine: {'line': b'-- Up-to-date: /home/harsh/ros2_project/install/px4_msgs/share/px4_msgs/msg/VehicleTrajectoryBezier.msg\n'}
[2.261434] (px4_msgs) StdoutLine: {'line': b'-- Up-to-date: /home/harsh/ros2_project/install/px4_msgs/share/px4_msgs/msg/VehicleTrajectoryWaypoint.msg\n'}
[2.261643] (px4_msgs) StdoutLine: {'line': b'-- Up-to-date: /home/harsh/ros2_project/install/px4_msgs/share/px4_msgs/msg/VelocityLimits.msg\n'}
[2.262127] (px4_msgs) StdoutLine: {'line': b'-- Up-to-date: /home/harsh/ros2_project/install/px4_msgs/share/px4_msgs/msg/VtolVehicleStatus.msg\n'}
[2.262605] (px4_msgs) StdoutLine: {'line': b'-- Up-to-date: /home/harsh/ros2_project/install/px4_msgs/share/px4_msgs/msg/WheelEncoders.msg\n'}
[2.262906] (px4_msgs) StdoutLine: {'line': b'-- Up-to-date: /home/harsh/ros2_project/install/px4_msgs/share/px4_msgs/msg/Wind.msg\n'}
[2.263239] (px4_msgs) StdoutLine: {'line': b'-- Up-to-date: /home/harsh/ros2_project/install/px4_msgs/share/px4_msgs/msg/YawEstimatorStatus.msg\n'}
[2.263750] (px4_msgs) StdoutLine: {'line': b'-- Up-to-date: /home/harsh/ros2_project/install/px4_msgs/share/px4_msgs/srv/VehicleCommand.srv\n'}
[2.264383] (px4_msgs) StdoutLine: {'line': b'-- Up-to-date: /home/harsh/ros2_project/install/px4_msgs/share/ament_index/resource_index/package_run_dependencies/px4_msgs\n'}
[2.264662] (px4_msgs) StdoutLine: {'line': b'-- Up-to-date: /home/harsh/ros2_project/install/px4_msgs/share/ament_index/resource_index/parent_prefix_path/px4_msgs\n'}
[2.264959] (px4_msgs) StdoutLine: {'line': b'-- Up-to-date: /home/harsh/ros2_project/install/px4_msgs/share/px4_msgs/environment/ament_prefix_path.sh\n'}
[2.265318] (px4_msgs) StdoutLine: {'line': b'-- Up-to-date: /home/harsh/ros2_project/install/px4_msgs/share/px4_msgs/environment/ament_prefix_path.dsv\n'}
[2.265791] (px4_msgs) StdoutLine: {'line': b'-- Up-to-date: /home/harsh/ros2_project/install/px4_msgs/share/px4_msgs/environment/path.sh\n'}
[2.266095] (px4_msgs) StdoutLine: {'line': b'-- Up-to-date: /home/harsh/ros2_project/install/px4_msgs/share/px4_msgs/environment/path.dsv\n'}
[2.266376] (px4_msgs) StdoutLine: {'line': b'-- Up-to-date: /home/harsh/ros2_project/install/px4_msgs/share/px4_msgs/local_setup.bash\n'}
[2.266720] (px4_msgs) StdoutLine: {'line': b'-- Up-to-date: /home/harsh/ros2_project/install/px4_msgs/share/px4_msgs/local_setup.sh\n'}
[2.267200] (px4_msgs) StdoutLine: {'line': b'-- Up-to-date: /home/harsh/ros2_project/install/px4_msgs/share/px4_msgs/local_setup.zsh\n'}
[2.267474] (px4_msgs) StdoutLine: {'line': b'-- Up-to-date: /home/harsh/ros2_project/install/px4_msgs/share/px4_msgs/local_setup.dsv\n'}
[2.267748] (px4_msgs) StdoutLine: {'line': b'-- Installing: /home/harsh/ros2_project/install/px4_msgs/share/px4_msgs/package.dsv\n'}
[2.277783] (px4_msgs) StdoutLine: {'line': b'-- Up-to-date: /home/harsh/ros2_project/install/px4_msgs/share/ament_index/resource_index/packages/px4_msgs\n'}
[2.279042] (px4_msgs) StdoutLine: {'line': b'-- Up-to-date: /home/harsh/ros2_project/install/px4_msgs/share/px4_msgs/cmake/export_px4_msgs__rosidl_generator_cExport.cmake\n'}
[2.279790] (px4_msgs) StdoutLine: {'line': b'-- Up-to-date: /home/harsh/ros2_project/install/px4_msgs/share/px4_msgs/cmake/export_px4_msgs__rosidl_generator_cExport-noconfig.cmake\n'}
[2.280774] (px4_msgs) StdoutLine: {'line': b'-- Up-to-date: /home/harsh/ros2_project/install/px4_msgs/share/px4_msgs/cmake/export_px4_msgs__rosidl_typesupport_fastrtps_cExport.cmake\n'}
[2.281553] (px4_msgs) StdoutLine: {'line': b'-- Up-to-date: /home/harsh/ros2_project/install/px4_msgs/share/px4_msgs/cmake/export_px4_msgs__rosidl_typesupport_fastrtps_cExport-noconfig.cmake\n'}
[2.282875] (px4_msgs) StdoutLine: {'line': b'-- Up-to-date: /home/harsh/ros2_project/install/px4_msgs/share/px4_msgs/cmake/export_px4_msgs__rosidl_generator_cppExport.cmake\n'}
[2.284220] (px4_msgs) StdoutLine: {'line': b'-- Up-to-date: /home/harsh/ros2_project/install/px4_msgs/share/px4_msgs/cmake/export_px4_msgs__rosidl_typesupport_fastrtps_cppExport.cmake\n'}
[2.284554] (px4_msgs) StdoutLine: {'line': b'-- Up-to-date: /home/harsh/ros2_project/install/px4_msgs/share/px4_msgs/cmake/export_px4_msgs__rosidl_typesupport_fastrtps_cppExport-noconfig.cmake\n'}
[2.285835] (px4_msgs) StdoutLine: {'line': b'-- Up-to-date: /home/harsh/ros2_project/install/px4_msgs/share/px4_msgs/cmake/px4_msgs__rosidl_typesupport_introspection_cExport.cmake\n'}
[2.287331] (px4_msgs) StdoutLine: {'line': b'-- Up-to-date: /home/harsh/ros2_project/install/px4_msgs/share/px4_msgs/cmake/px4_msgs__rosidl_typesupport_introspection_cExport-noconfig.cmake\n'}
[2.288311] (px4_msgs) StdoutLine: {'line': b'-- Up-to-date: /home/harsh/ros2_project/install/px4_msgs/share/px4_msgs/cmake/px4_msgs__rosidl_typesupport_cExport.cmake\n'}
[2.289082] (px4_msgs) StdoutLine: {'line': b'-- Up-to-date: /home/harsh/ros2_project/install/px4_msgs/share/px4_msgs/cmake/px4_msgs__rosidl_typesupport_cExport-noconfig.cmake\n'}
[2.290325] (px4_msgs) StdoutLine: {'line': b'-- Up-to-date: /home/harsh/ros2_project/install/px4_msgs/share/px4_msgs/cmake/px4_msgs__rosidl_typesupport_introspection_cppExport.cmake\n'}
[2.291131] (px4_msgs) StdoutLine: {'line': b'-- Up-to-date: /home/harsh/ros2_project/install/px4_msgs/share/px4_msgs/cmake/px4_msgs__rosidl_typesupport_introspection_cppExport-noconfig.cmake\n'}
[2.291886] (px4_msgs) StdoutLine: {'line': b'-- Up-to-date: /home/harsh/ros2_project/install/px4_msgs/share/px4_msgs/cmake/px4_msgs__rosidl_typesupport_cppExport.cmake\n'}
[2.292363] (px4_msgs) StdoutLine: {'line': b'-- Up-to-date: /home/harsh/ros2_project/install/px4_msgs/share/px4_msgs/cmake/px4_msgs__rosidl_typesupport_cppExport-noconfig.cmake\n'}
[2.293011] (px4_msgs) StdoutLine: {'line': b'-- Up-to-date: /home/harsh/ros2_project/install/px4_msgs/share/px4_msgs/cmake/export_px4_msgs__rosidl_generator_pyExport.cmake\n'}
[2.293687] (px4_msgs) StdoutLine: {'line': b'-- Up-to-date: /home/harsh/ros2_project/install/px4_msgs/share/px4_msgs/cmake/export_px4_msgs__rosidl_generator_pyExport-noconfig.cmake\n'}
[2.294048] (px4_msgs) StdoutLine: {'line': b'-- Up-to-date: /home/harsh/ros2_project/install/px4_msgs/share/px4_msgs/cmake/rosidl_cmake-extras.cmake\n'}
[2.294914] (px4_msgs) StdoutLine: {'line': b'-- Up-to-date: /home/harsh/ros2_project/install/px4_msgs/share/px4_msgs/cmake/ament_cmake_export_dependencies-extras.cmake\n'}
[2.295729] (px4_msgs) StdoutLine: {'line': b'-- Up-to-date: /home/harsh/ros2_project/install/px4_msgs/share/px4_msgs/cmake/ament_cmake_export_include_directories-extras.cmake\n'}
[2.296842] (px4_msgs) StdoutLine: {'line': b'-- Up-to-date: /home/harsh/ros2_project/install/px4_msgs/share/px4_msgs/cmake/ament_cmake_export_libraries-extras.cmake\n'}
[2.297810] (px4_msgs) StdoutLine: {'line': b'-- Up-to-date: /home/harsh/ros2_project/install/px4_msgs/share/px4_msgs/cmake/ament_cmake_export_targets-extras.cmake\n'}
[2.298069] (px4_msgs) StdoutLine: {'line': b'-- Up-to-date: /home/harsh/ros2_project/install/px4_msgs/share/px4_msgs/cmake/rosidl_cmake_export_typesupport_targets-extras.cmake\n'}
[2.299175] (px4_msgs) StdoutLine: {'line': b'-- Up-to-date: /home/harsh/ros2_project/install/px4_msgs/share/px4_msgs/cmake/rosidl_cmake_export_typesupport_libraries-extras.cmake\n'}
[2.300233] (px4_msgs) StdoutLine: {'line': b'-- Up-to-date: /home/harsh/ros2_project/install/px4_msgs/share/px4_msgs/cmake/px4_msgsConfig.cmake\n'}
[2.300537] (px4_msgs) StdoutLine: {'line': b'-- Up-to-date: /home/harsh/ros2_project/install/px4_msgs/share/px4_msgs/cmake/px4_msgsConfig-version.cmake\n'}
[2.300758] (px4_msgs) StdoutLine: {'line': b'-- Up-to-date: /home/harsh/ros2_project/install/px4_msgs/share/px4_msgs/package.xml\n'}
[2.306039] (-) TimerEvent: {}
[2.310917] (px4_msgs) CommandEnded: {'returncode': 0}
[2.358833] (px4_msgs) JobEnded: {'identifier': 'px4_msgs', 'rc': 0}
[2.360677] (ros2_project) JobStarted: {'identifier': 'ros2_project'}
[2.407207] (-) TimerEvent: {}
[2.508243] (-) TimerEvent: {}
[2.608693] (-) TimerEvent: {}
[2.709159] (-) TimerEvent: {}
[2.809609] (-) TimerEvent: {}
[2.910061] (-) TimerEvent: {}
[3.010638] (-) TimerEvent: {}
[3.111158] (-) TimerEvent: {}
[3.211456] (-) TimerEvent: {}
[3.311884] (-) TimerEvent: {}
[3.412237] (-) TimerEvent: {}
[3.512667] (-) TimerEvent: {}
[3.540393] (ros2_project) Command: {'cmd': ['/usr/bin/python3', '-W', 'ignore:setup.py install is deprecated', '-W', 'ignore:easy_install command is deprecated', 'setup.py', 'egg_info', '--egg-base', '../../../build/ros2_project', 'build', '--build-base', '/home/harsh/ros2_project/build/ros2_project/build', 'install', '--record', '/home/harsh/ros2_project/build/ros2_project/install.log', '--single-version-externally-managed', 'install_data'], 'cwd': '/home/harsh/ros2_project/src/ros2_project/ros2_project', 'env': {'GJS_DEBUG_TOPICS': 'JS ERROR;JS LOG', 'XDG_ACTIVATION_TOKEN': 'gnome-shell/Terminator/2901-1-harsh_TIME93268', 'LESSOPEN': '| /usr/bin/lesspipe %s', 'USER': 'harsh', 'GZ_CONFIG_PATH': '/opt/ros/jazzy/opt/gz_sim_vendor/share/gz:/opt/ros/jazzy/opt/sdformat_vendor/share/gz:/opt/ros/jazzy/opt/gz_gui_vendor/share/gz:/opt/ros/jazzy/opt/gz_transport_vendor/share/gz:/opt/ros/jazzy/opt/gz_rendering_vendor/share/gz:/opt/ros/jazzy/opt/gz_plugin_vendor/share/gz:/opt/ros/jazzy/opt/gz_fuel_tools_vendor/share/gz:/opt/ros/jazzy/opt/gz_msgs_vendor/share/gz:/opt/ros/jazzy/opt/gz_common_vendor/share/gz', 'XDG_SESSION_TYPE': 'x11', 'SHLVL': '1', 'LD_LIBRARY_PATH': '/home/harsh/ros2_project/install/px4_msgs/lib:/opt/ros/jazzy/opt/gz_sim_vendor/lib:/opt/ros/jazzy/opt/gz_sensors_vendor/lib:/opt/ros/jazzy/opt/gz_physics_vendor/lib:/opt/ros/jazzy/opt/sdformat_vendor/lib:/opt/ros/jazzy/opt/rviz_ogre_vendor/lib:/opt/ros/jazzy/lib/x86_64-linux-gnu:/opt/ros/jazzy/opt/gz_gui_vendor/lib:/opt/ros/jazzy/opt/gz_transport_vendor/lib:/opt/ros/jazzy/opt/gz_rendering_vendor/lib:/opt/ros/jazzy/opt/gz_plugin_vendor/lib:/opt/ros/jazzy/opt/gz_fuel_tools_vendor/lib:/opt/ros/jazzy/opt/gz_msgs_vendor/lib:/opt/ros/jazzy/opt/gz_common_vendor/lib:/opt/ros/jazzy/opt/gz_math_vendor/lib:/opt/ros/jazzy/opt/gz_utils_vendor/lib:/opt/ros/jazzy/opt/gz_tools_vendor/lib:/opt/ros/jazzy/opt/gz_ogre_next_vendor/lib:/opt/ros/jazzy/opt/gz_dartsim_vendor/lib:/opt/ros/jazzy/opt/gz_cmake_vendor/lib:/opt/ros/jazzy/lib', 'HOME': '/home/harsh', 'DESKTOP_SESSION': 'ubuntu', 'GIO_LAUNCHED_DESKTOP_FILE': '/usr/share/applications/terminator.desktop', 'ROS_PYTHON_VERSION': '3', 'GNOME_SHELL_SESSION_MODE': 'ubuntu', 'GTK_MODULES': 'gail:atk-bridge', 'PS1': '(yolo) \\[\\e]0;\\u@\\h: \\w\\a\\]${debian_chroot:+($debian_chroot)}\\[\\033[01;32m\\]\\u@\\h\\[\\033[00m\\]:\\[\\033[01;34m\\]\\w\\[\\033[00m\\]\\$', 'MANAGERPID': '2470', 'SYSTEMD_EXEC_PID': '2901', 'GSM_SKIP_SSH_AGENT_WORKAROUND': 'true', 'DBUS_SESSION_BUS_ADDRESS': 'unix:path=/run/user/1000/bus', 'COLORTERM': 'truecolor', 'TERMINATOR_DBUS_NAME': 'net.tenshu.Terminator23558193cd9818af7fe4d2c2f5bd9d00f', 'GIO_LAUNCHED_DESKTOP_FILE_PID': '4241', 'DEBUGINFOD_URLS': 'https://debuginfod.ubuntu.com', 'COLCON_PREFIX_PATH': '/home/harsh/ros2_project/install', 'ROS_DISTRO': 'jazzy', 'LOGNAME': 'harsh', 'JOURNAL_STREAM': '9:33124', '_': '/usr/bin/colcon', 'ROS_VERSION': '2', 'MEMORY_PRESSURE_WATCH': '/sys/fs/cgroup/user.slice/user-1000.slice/user@1000.service/session.slice/org.gnome.Shell@x11.service/memory.pressure', 'XDG_SESSION_CLASS': 'user', 'USERNAME': 'harsh', 'TERM': 'xterm-256color', 'GNOME_DESKTOP_SESSION_ID': 'this-is-deprecated', 'WINDOWPATH': '2', 'PATH': '/home/harsh/yolo/bin:/opt/ros/jazzy/opt/gz_msgs_vendor/bin:/opt/ros/jazzy/opt/gz_tools_vendor/bin:/opt/ros/jazzy/opt/gz_ogre_next_vendor/bin:/opt/ros/jazzy/bin:/home/harsh/.local/bin:/usr/local/sbin:/usr/local/bin:/usr/sbin:/usr/bin:/sbin:/bin:/usr/games:/usr/local/games:/snap/bin:/snap/bin', 'SESSION_MANAGER': 'local/harsh:@/tmp/.ICE-unix/2806,unix/harsh:/tmp/.ICE-unix/2806', 'INVOCATION_ID': '4e2239703d944941a029883b6660be4d', 'XDG_MENU_PREFIX': 'gnome-', 'XDG_RUNTIME_DIR': '/run/user/1000', 'DISPLAY': ':1', 'TERMINATOR_DBUS_PATH': '/net/tenshu/Terminator2', 'LANG': 'en_US.UTF-8', 'XDG_CURRENT_DESKTOP': 'ubuntu:GNOME', 'VIRTUAL_ENV_PROMPT': '(yolo)', 'XMODIFIERS': '@im=ibus', 'XDG_SESSION_DESKTOP': 'ubuntu', 'XAUTHORITY': '/run/user/1000/gdm/Xauthority', 'LS_COLORS': 'rs=0:di=01;34:ln=01;36:mh=00:pi=40;33:so=01;35:do=01;35:bd=40;33;01:cd=40;33;01:or=40;31;01:mi=00:su=37;41:sg=30;43:ca=00:tw=30;42:ow=34;42:st=37;44:ex=01;32:*.tar=01;31:*.tgz=01;31:*.arc=01;31:*.arj=01;31:*.taz=01;31:*.lha=01;31:*.lz4=01;31:*.lzh=01;31:*.lzma=01;31:*.tlz=01;31:*.txz=01;31:*.tzo=01;31:*.t7z=01;31:*.zip=01;31:*.z=01;31:*.dz=01;31:*.gz=01;31:*.lrz=01;31:*.lz=01;31:*.lzo=01;31:*.xz=01;31:*.zst=01;31:*.tzst=01;31:*.bz2=01;31:*.bz=01;31:*.tbz=01;31:*.tbz2=01;31:*.tz=01;31:*.deb=01;31:*.rpm=01;31:*.jar=01;31:*.war=01;31:*.ear=01;31:*.sar=01;31:*.rar=01;31:*.alz=01;31:*.ace=01;31:*.zoo=01;31:*.cpio=01;31:*.7z=01;31:*.rz=01;31:*.cab=01;31:*.wim=01;31:*.swm=01;31:*.dwm=01;31:*.esd=01;31:*.avif=01;35:*.jpg=01;35:*.jpeg=01;35:*.mjpg=01;35:*.mjpeg=01;35:*.gif=01;35:*.bmp=01;35:*.pbm=01;35:*.pgm=01;35:*.ppm=01;35:*.tga=01;35:*.xbm=01;35:*.xpm=01;35:*.tif=01;35:*.tiff=01;35:*.png=01;35:*.svg=01;35:*.svgz=01;35:*.mng=01;35:*.pcx=01;35:*.mov=01;35:*.mpg=01;35:*.mpeg=01;35:*.m2v=01;35:*.mkv=01;35:*.webm=01;35:*.webp=01;35:*.ogm=01;35:*.mp4=01;35:*.m4v=01;35:*.mp4v=01;35:*.vob=01;35:*.qt=01;35:*.nuv=01;35:*.wmv=01;35:*.asf=01;35:*.rm=01;35:*.rmvb=01;35:*.flc=01;35:*.avi=01;35:*.fli=01;35:*.flv=01;35:*.gl=01;35:*.dl=01;35:*.xcf=01;35:*.xwd=01;35:*.yuv=01;35:*.cgm=01;35:*.emf=01;35:*.ogv=01;35:*.ogx=01;35:*.aac=00;36:*.au=00;36:*.flac=00;36:*.m4a=00;36:*.mid=00;36:*.midi=00;36:*.mka=00;36:*.mp3=00;36:*.mpc=00;36:*.ogg=00;36:*.ra=00;36:*.wav=00;36:*.oga=00;36:*.opus=00;36:*.spx=00;36:*.xspf=00;36:*~=00;90:*#=00;90:*.bak=00;90:*.crdownload=00;90:*.dpkg-dist=00;90:*.dpkg-new=00;90:*.dpkg-old=00;90:*.dpkg-tmp=00;90:*.old=00;90:*.orig=00;90:*.part=00;90:*.rej=00;90:*.rpmnew=00;90:*.rpmorig=00;90:*.rpmsave=00;90:*.swp=00;90:*.tmp=00;90:*.ucf-dist=00;90:*.ucf-new=00;90:*.ucf-old=00;90:', 'SSH_AUTH_SOCK': '/run/user/1000/keyring/ssh', 'AMENT_PREFIX_PATH': '/home/harsh/ros2_project/install/ros2_project:/home/harsh/ros2_project/install/px4_msgs:/opt/ros/jazzy', 'SHELL': '/bin/bash', 'TERMINATOR_UUID': 'urn:uuid:6709cddb-6949-4e25-8283-2b735b801b48', 'QT_ACCESSIBILITY': '1', 'GDMSESSION': 'ubuntu', 'LESSCLOSE': '/usr/bin/lesspipe %s %s', 'GPG_AGENT_INFO': '/run/user/1000/gnupg/S.gpg-agent:0:1', 'GJS_DEBUG_OUTPUT': 'stderr', 'VIRTUAL_ENV': '/home/harsh/yolo', 'ROS_AUTOMATIC_DISCOVERY_RANGE': 'SUBNET', 'QT_IM_MODULE': 'ibus', 'PWD': '/home/harsh/ros2_project/build/ros2_project', 'LC_ALL': 'en_US.UTF-8', 'XDG_CONFIG_DIRS': '/etc/xdg/xdg-ubuntu:/etc/xdg', 'XDG_DATA_DIRS': '/usr/share/ubuntu:/usr/share/gnome:/usr/local/share/:/usr/share/:/var/lib/snapd/desktop', 'PYTHONPATH': '/home/harsh/ros2_project/build/ros2_project/prefix_override:/usr/lib/python3/dist-packages/colcon_core/task/python/colcon_distutils_commands:/home/harsh/ros2_project/install/ros2_project/lib/python3.12/site-packages:/home/harsh/ros2_project/install/px4_msgs/lib/python3.12/site-packages:/home/harsh/ros2_project/install/ros2_project/lib/python3.12/site-packages:/opt/ros/jazzy/lib/python3.12/site-packages:/home/harsh/ros2_project/install/ros2_project/lib/python3.12/site-packages:/home/harsh/ros2_project/install/px4_msgs/lib/python3.12/site-packages:/opt/ros/jazzy/lib/python3.12/site-packages:$PYTHONPATH:/home/harsh/yolo/lib/python3.12/site-packages:/home/harsh/yolo/lib/python3.12/site-packages', 'COLCON': '1', 'MEMORY_PRESSURE_WRITE': 'c29tZSAyMDAwMDAgMjAwMDAwMAA=', 'VTE_VERSION': '7600', 'CMAKE_PREFIX_PATH': '/home/harsh/ros2_project/install/px4_msgs:/opt/ros/jazzy/opt/gz_sim_vendor:/opt/ros/jazzy/opt/gz_sensors_vendor:/opt/ros/jazzy/opt/gz_physics_vendor:/opt/ros/jazzy/opt/sdformat_vendor:/opt/ros/jazzy/opt/gz_gui_vendor:/opt/ros/jazzy/opt/gz_transport_vendor:/opt/ros/jazzy/opt/gz_rendering_vendor:/opt/ros/jazzy/opt/gz_plugin_vendor:/opt/ros/jazzy/opt/gz_fuel_tools_vendor:/opt/ros/jazzy/opt/gz_msgs_vendor:/opt/ros/jazzy/opt/gz_common_vendor:/opt/ros/jazzy/opt/gz_math_vendor:/opt/ros/jazzy/opt/gz_utils_vendor:/opt/ros/jazzy/opt/gz_tools_vendor:/opt/ros/jazzy/opt/gz_ogre_next_vendor:/opt/ros/jazzy/opt/gz_dartsim_vendor:/opt/ros/jazzy/opt/gz_cmake_vendor'}, 'shell': False}
[3.612862] (-) TimerEvent: {}
[3.713514] (-) TimerEvent: {}
[3.814099] (-) TimerEvent: {}
[3.855471] (ros2_project) StderrLine: {'line': b"/home/harsh/.local/lib/python3.12/site-packages/setuptools/_distutils/dist.py:289: UserWarning: Unknown distribution option: 'tests_require'\n"}
[3.855797] (ros2_project) StderrLine: {'line': b'  warnings.warn(msg)\n'}
[3.914213] (-) TimerEvent: {}
[4.014536] (-) TimerEvent: {}
[4.114957] (-) TimerEvent: {}
[4.156940] (ros2_project) StdoutLine: {'line': b'running egg_info\n'}
[4.186878] (ros2_project) StdoutLine: {'line': b'writing ../../../build/ros2_project/ros2_project.egg-info/PKG-INFO\n'}
[4.187428] (ros2_project) StdoutLine: {'line': b'writing dependency_links to ../../../build/ros2_project/ros2_project.egg-info/dependency_links.txt\n'}
[4.187733] (ros2_project) StdoutLine: {'line': b'writing entry points to ../../../build/ros2_project/ros2_project.egg-info/entry_points.txt\n'}
[4.187992] (ros2_project) StdoutLine: {'line': b'writing requirements to ../../../build/ros2_project/ros2_project.egg-info/requires.txt\n'}
[4.188236] (ros2_project) StdoutLine: {'line': b'writing top-level names to ../../../build/ros2_project/ros2_project.egg-info/top_level.txt\n'}
[4.215055] (-) TimerEvent: {}
[4.237521] (ros2_project) StdoutLine: {'line': b"reading manifest file '../../../build/ros2_project/ros2_project.egg-info/SOURCES.txt'\n"}
[4.237976] (ros2_project) StdoutLine: {'line': b"adding license file 'LICENSE'\n"}
[4.238922] (ros2_project) StdoutLine: {'line': b"writing manifest file '../../../build/ros2_project/ros2_project.egg-info/SOURCES.txt'\n"}
[4.239128] (ros2_project) StdoutLine: {'line': b'running build\n'}
[4.239234] (ros2_project) StdoutLine: {'line': b'running build_py\n'}
[4.239502] (ros2_project) StdoutLine: {'line': b'copying ros2_project/coordinates (Copy).py -> /home/harsh/ros2_project/build/ros2_project/build/lib/ros2_project\n'}
[4.239882] (ros2_project) StdoutLine: {'line': b'copying ros2_project/yolo.py -> /home/harsh/ros2_project/build/ros2_project/build/lib/ros2_project\n'}
[4.240306] (ros2_project) StdoutLine: {'line': b'copying ros2_project/coordinates.py -> /home/harsh/ros2_project/build/ros2_project/build/lib/ros2_project\n'}
[4.240702] (ros2_project) StdoutLine: {'line': b'running install\n'}
[4.246264] (ros2_project) StdoutLine: {'line': b'running install_lib\n'}
[4.277446] (ros2_project) StdoutLine: {'line': b'copying /home/harsh/ros2_project/build/ros2_project/build/lib/ros2_project/coordinates (Copy).py -> /home/harsh/ros2_project/install/ros2_project/lib/python3.12/site-packages/ros2_project\n'}
[4.277763] (ros2_project) StdoutLine: {'line': b'copying /home/harsh/ros2_project/build/ros2_project/build/lib/ros2_project/coordinates.py -> /home/harsh/ros2_project/install/ros2_project/lib/python3.12/site-packages/ros2_project\n'}
[4.278425] (ros2_project) StdoutLine: {'line': b'byte-compiling /home/harsh/ros2_project/install/ros2_project/lib/python3.12/site-packages/ros2_project/coordinates (Copy).py to coordinates (Copy).cpython-312.pyc\n'}
[4.279448] (ros2_project) StderrLine: {'line': b'Sorry: IndentationError: unexpected indent (coordinates (Copy).py, line 60)\n'}
[4.279697] (ros2_project) StdoutLine: {'line': b'byte-compiling /home/harsh/ros2_project/install/ros2_project/lib/python3.12/site-packages/ros2_project/coordinates.py to coordinates.cpython-312.pyc\n'}
[4.280785] (ros2_project) StdoutLine: {'line': b'running install_data\n'}
[4.281283] (ros2_project) StdoutLine: {'line': b'running install_egg_info\n'}
[4.303704] (ros2_project) StdoutLine: {'line': b"removing '/home/harsh/ros2_project/install/ros2_project/lib/python3.12/site-packages/ros2_project-0.0.0-py3.12.egg-info' (and everything under it)\n"}
[4.303965] (ros2_project) StdoutLine: {'line': b'Copying ../../../build/ros2_project/ros2_project.egg-info to /home/harsh/ros2_project/install/ros2_project/lib/python3.12/site-packages/ros2_project-0.0.0-py3.12.egg-info\n'}
[4.304751] (ros2_project) StdoutLine: {'line': b'running install_scripts\n'}
[4.315197] (-) TimerEvent: {}
[4.415900] (-) TimerEvent: {}
[4.457384] (ros2_project) StdoutLine: {'line': b'Installing camera_info_publisher script to /home/harsh/ros2_project/install/ros2_project/lib/ros2_project\n'}
[4.457865] (ros2_project) StdoutLine: {'line': b'Installing control script to /home/harsh/ros2_project/install/ros2_project/lib/ros2_project\n'}
[4.458075] (ros2_project) StdoutLine: {'line': b'Installing coordinates script to /home/harsh/ros2_project/install/ros2_project/lib/ros2_project\n'}
[4.458192] (ros2_project) StdoutLine: {'line': b'Installing image_saver script to /home/harsh/ros2_project/install/ros2_project/lib/ros2_project\n'}
[4.458284] (ros2_project) StdoutLine: {'line': b'Installing odometry_tf_broadcaster script to /home/harsh/ros2_project/install/ros2_project/lib/ros2_project\n'}
[4.458375] (ros2_project) StdoutLine: {'line': b'Installing offboard_control script to /home/harsh/ros2_project/install/ros2_project/lib/ros2_project\n'}
[4.458512] (ros2_project) StdoutLine: {'line': b'Installing processes script to /home/harsh/ros2_project/install/ros2_project/lib/ros2_project\n'}
[4.458603] (ros2_project) StdoutLine: {'line': b'Installing velocity_control script to /home/harsh/ros2_project/install/ros2_project/lib/ros2_project\n'}
[4.458728] (ros2_project) StdoutLine: {'line': b'Installing visualizer script to /home/harsh/ros2_project/install/ros2_project/lib/ros2_project\n'}
[4.458823] (ros2_project) StdoutLine: {'line': b'Installing yolo script to /home/harsh/ros2_project/install/ros2_project/lib/ros2_project\n'}
[4.458952] (ros2_project) StdoutLine: {'line': b"writing list of installed files to '/home/harsh/ros2_project/build/ros2_project/install.log'\n"}
[4.500060] (ros2_project) CommandEnded: {'returncode': 0}
[4.514592] (ros2_project) JobEnded: {'identifier': 'ros2_project', 'rc': 0}
[4.516206] (-) EventReactorShutdown: {}
