[0.000000] (-) TimerEvent: {}
[0.000572] (px4_msgs) JobQueued: {'identifier': 'px4_msgs', 'dependencies': OrderedDict()}
[0.000607] (ros2_project) JobQueued: {'identifier': 'ros2_project', 'dependencies': OrderedDict({'px4_msgs': '/home/harsh/ros2_project/install/px4_msgs'})}
[0.000634] (px4_msgs) JobStarted: {'identifier': 'px4_msgs'}
[0.007526] (px4_msgs) JobProgress: {'identifier': 'px4_msgs', 'progress': 'cmake'}
[0.007865] (px4_msgs) JobProgress: {'identifier': 'px4_msgs', 'progress': 'build'}
[0.008334] (px4_msgs) Command: {'cmd': ['/usr/bin/cmake', '--build', '/home/harsh/ros2_project/build/px4_msgs', '--', '-j22', '-l22'], 'cwd': '/home/harsh/ros2_project/build/px4_msgs', 'env': OrderedDict({'GJS_DEBUG_TOPICS': 'JS ERROR;JS LOG', 'XDG_ACTIVATION_TOKEN': 'gnome-shell/Terminator/2901-1-harsh_TIME93268', 'LESSOPEN': '| /usr/bin/lesspipe %s', 'USER': 'harsh', 'GZ_CONFIG_PATH': '/opt/ros/jazzy/opt/gz_sim_vendor/share/gz:/opt/ros/jazzy/opt/sdformat_vendor/share/gz:/opt/ros/jazzy/opt/gz_gui_vendor/share/gz:/opt/ros/jazzy/opt/gz_transport_vendor/share/gz:/opt/ros/jazzy/opt/gz_rendering_vendor/share/gz:/opt/ros/jazzy/opt/gz_plugin_vendor/share/gz:/opt/ros/jazzy/opt/gz_fuel_tools_vendor/share/gz:/opt/ros/jazzy/opt/gz_msgs_vendor/share/gz:/opt/ros/jazzy/opt/gz_common_vendor/share/gz', 'XDG_SESSION_TYPE': 'x11', 'SHLVL': '1', 'LD_LIBRARY_PATH': '/home/harsh/ros2_project/install/px4_msgs/lib:/opt/ros/jazzy/opt/gz_sim_vendor/lib:/opt/ros/jazzy/opt/gz_sensors_vendor/lib:/opt/ros/jazzy/opt/gz_physics_vendor/lib:/opt/ros/jazzy/opt/sdformat_vendor/lib:/opt/ros/jazzy/opt/rviz_ogre_vendor/lib:/opt/ros/jazzy/lib/x86_64-linux-gnu:/opt/ros/jazzy/opt/gz_gui_vendor/lib:/opt/ros/jazzy/opt/gz_transport_vendor/lib:/opt/ros/jazzy/opt/gz_rendering_vendor/lib:/opt/ros/jazzy/opt/gz_plugin_vendor/lib:/opt/ros/jazzy/opt/gz_fuel_tools_vendor/lib:/opt/ros/jazzy/opt/gz_msgs_vendor/lib:/opt/ros/jazzy/opt/gz_common_vendor/lib:/opt/ros/jazzy/opt/gz_math_vendor/lib:/opt/ros/jazzy/opt/gz_utils_vendor/lib:/opt/ros/jazzy/opt/gz_tools_vendor/lib:/opt/ros/jazzy/opt/gz_ogre_next_vendor/lib:/opt/ros/jazzy/opt/gz_dartsim_vendor/lib:/opt/ros/jazzy/opt/gz_cmake_vendor/lib:/opt/ros/jazzy/lib', 'HOME': '/home/harsh', 'DESKTOP_SESSION': 'ubuntu', 'GIO_LAUNCHED_DESKTOP_FILE': '/usr/share/applications/terminator.desktop', 'ROS_PYTHON_VERSION': '3', 'GNOME_SHELL_SESSION_MODE': 'ubuntu', 'GTK_MODULES': 'gail:atk-bridge', 'PS1': '(yolo) \\[\\e]0;\\u@\\h: \\w\\a\\]${debian_chroot:+($debian_chroot)}\\[\\033[01;32m\\]\\u@\\h\\[\\033[00m\\]:\\[\\033[01;34m\\]\\w\\[\\033[00m\\]\\$', 'MANAGERPID': '2470', 'SYSTEMD_EXEC_PID': '2901', 'GSM_SKIP_SSH_AGENT_WORKAROUND': 'true', 'DBUS_SESSION_BUS_ADDRESS': 'unix:path=/run/user/1000/bus', 'COLORTERM': 'truecolor', 'TERMINATOR_DBUS_NAME': 'net.tenshu.Terminator23558193cd9818af7fe4d2c2f5bd9d00f', 'GIO_LAUNCHED_DESKTOP_FILE_PID': '4241', 'DEBUGINFOD_URLS': 'https://debuginfod.ubuntu.com', 'COLCON_PREFIX_PATH': '/home/harsh/ros2_project/install', 'ROS_DISTRO': 'jazzy', 'LOGNAME': 'harsh', 'JOURNAL_STREAM': '9:33124', '_': '/usr/bin/colcon', 'ROS_VERSION': '2', 'MEMORY_PRESSURE_WATCH': '/sys/fs/cgroup/user.slice/user-1000.slice/user@1000.service/session.slice/org.gnome.Shell@x11.service/memory.pressure', 'XDG_SESSION_CLASS': 'user', 'USERNAME': 'harsh', 'TERM': 'xterm-256color', 'GNOME_DESKTOP_SESSION_ID': 'this-is-deprecated', 'WINDOWPATH': '2', 'PATH': '/home/harsh/yolo/bin:/opt/ros/jazzy/opt/gz_msgs_vendor/bin:/opt/ros/jazzy/opt/gz_tools_vendor/bin:/opt/ros/jazzy/opt/gz_ogre_next_vendor/bin:/opt/ros/jazzy/bin:/home/harsh/.local/bin:/usr/local/sbin:/usr/local/bin:/usr/sbin:/usr/bin:/sbin:/bin:/usr/games:/usr/local/games:/snap/bin:/snap/bin', 'SESSION_MANAGER': 'local/harsh:@/tmp/.ICE-unix/2806,unix/harsh:/tmp/.ICE-unix/2806', 'INVOCATION_ID': '4e2239703d944941a029883b6660be4d', 'XDG_MENU_PREFIX': 'gnome-', 'XDG_RUNTIME_DIR': '/run/user/1000', 'DISPLAY': ':1', 'TERMINATOR_DBUS_PATH': '/net/tenshu/Terminator2', 'LANG': 'en_US.UTF-8', 'XDG_CURRENT_DESKTOP': 'ubuntu:GNOME', 'VIRTUAL_ENV_PROMPT': '(yolo)', 'XMODIFIERS': '@im=ibus', 'XDG_SESSION_DESKTOP': 'ubuntu', 'XAUTHORITY': '/run/user/1000/gdm/Xauthority', 'LS_COLORS': 'rs=0:di=01;34:ln=01;36:mh=00:pi=40;33:so=01;35:do=01;35:bd=40;33;01:cd=40;33;01:or=40;31;01:mi=00:su=37;41:sg=30;43:ca=00:tw=30;42:ow=34;42:st=37;44:ex=01;32:*.tar=01;31:*.tgz=01;31:*.arc=01;31:*.arj=01;31:*.taz=01;31:*.lha=01;31:*.lz4=01;31:*.lzh=01;31:*.lzma=01;31:*.tlz=01;31:*.txz=01;31:*.tzo=01;31:*.t7z=01;31:*.zip=01;31:*.z=01;31:*.dz=01;31:*.gz=01;31:*.lrz=01;31:*.lz=01;31:*.lzo=01;31:*.xz=01;31:*.zst=01;31:*.tzst=01;31:*.bz2=01;31:*.bz=01;31:*.tbz=01;31:*.tbz2=01;31:*.tz=01;31:*.deb=01;31:*.rpm=01;31:*.jar=01;31:*.war=01;31:*.ear=01;31:*.sar=01;31:*.rar=01;31:*.alz=01;31:*.ace=01;31:*.zoo=01;31:*.cpio=01;31:*.7z=01;31:*.rz=01;31:*.cab=01;31:*.wim=01;31:*.swm=01;31:*.dwm=01;31:*.esd=01;31:*.avif=01;35:*.jpg=01;35:*.jpeg=01;35:*.mjpg=01;35:*.mjpeg=01;35:*.gif=01;35:*.bmp=01;35:*.pbm=01;35:*.pgm=01;35:*.ppm=01;35:*.tga=01;35:*.xbm=01;35:*.xpm=01;35:*.tif=01;35:*.tiff=01;35:*.png=01;35:*.svg=01;35:*.svgz=01;35:*.mng=01;35:*.pcx=01;35:*.mov=01;35:*.mpg=01;35:*.mpeg=01;35:*.m2v=01;35:*.mkv=01;35:*.webm=01;35:*.webp=01;35:*.ogm=01;35:*.mp4=01;35:*.m4v=01;35:*.mp4v=01;35:*.vob=01;35:*.qt=01;35:*.nuv=01;35:*.wmv=01;35:*.asf=01;35:*.rm=01;35:*.rmvb=01;35:*.flc=01;35:*.avi=01;35:*.fli=01;35:*.flv=01;35:*.gl=01;35:*.dl=01;35:*.xcf=01;35:*.xwd=01;35:*.yuv=01;35:*.cgm=01;35:*.emf=01;35:*.ogv=01;35:*.ogx=01;35:*.aac=00;36:*.au=00;36:*.flac=00;36:*.m4a=00;36:*.mid=00;36:*.midi=00;36:*.mka=00;36:*.mp3=00;36:*.mpc=00;36:*.ogg=00;36:*.ra=00;36:*.wav=00;36:*.oga=00;36:*.opus=00;36:*.spx=00;36:*.xspf=00;36:*~=00;90:*#=00;90:*.bak=00;90:*.crdownload=00;90:*.dpkg-dist=00;90:*.dpkg-new=00;90:*.dpkg-old=00;90:*.dpkg-tmp=00;90:*.old=00;90:*.orig=00;90:*.part=00;90:*.rej=00;90:*.rpmnew=00;90:*.rpmorig=00;90:*.rpmsave=00;90:*.swp=00;90:*.tmp=00;90:*.ucf-dist=00;90:*.ucf-new=00;90:*.ucf-old=00;90:', 'SSH_AUTH_SOCK': '/run/user/1000/keyring/ssh', 'AMENT_PREFIX_PATH': '/home/harsh/ros2_project/install/ros2_project:/home/harsh/ros2_project/install/px4_msgs:/opt/ros/jazzy', 'SHELL': '/bin/bash', 'TERMINATOR_UUID': 'urn:uuid:6709cddb-6949-4e25-8283-2b735b801b48', 'QT_ACCESSIBILITY': '1', 'GDMSESSION': 'ubuntu', 'LESSCLOSE': '/usr/bin/lesspipe %s %s', 'GPG_AGENT_INFO': '/run/user/1000/gnupg/S.gpg-agent:0:1', 'GJS_DEBUG_OUTPUT': 'stderr', 'VIRTUAL_ENV': '/home/harsh/yolo', 'ROS_AUTOMATIC_DISCOVERY_RANGE': 'SUBNET', 'QT_IM_MODULE': 'ibus', 'PWD': '/home/harsh/ros2_project/build/px4_msgs', 'LC_ALL': 'en_US.UTF-8', 'XDG_CONFIG_DIRS': '/etc/xdg/xdg-ubuntu:/etc/xdg', 'XDG_DATA_DIRS': '/usr/share/ubuntu:/usr/share/gnome:/usr/local/share/:/usr/share/:/var/lib/snapd/desktop', 'PYTHONPATH': '/home/harsh/ros2_project/install/ros2_project/lib/python3.12/site-packages:/home/harsh/ros2_project/install/px4_msgs/lib/python3.12/site-packages:/opt/ros/jazzy/lib/python3.12/site-packages:$PYTHONPATH:/home/harsh/yolo/lib/python3.12/site-packages', 'COLCON': '1', 'MEMORY_PRESSURE_WRITE': 'c29tZSAyMDAwMDAgMjAwMDAwMAA=', 'VTE_VERSION': '7600', 'CMAKE_PREFIX_PATH': '/home/harsh/ros2_project/install/px4_msgs:/opt/ros/jazzy/opt/gz_sim_vendor:/opt/ros/jazzy/opt/gz_sensors_vendor:/opt/ros/jazzy/opt/gz_physics_vendor:/opt/ros/jazzy/opt/sdformat_vendor:/opt/ros/jazzy/opt/gz_gui_vendor:/opt/ros/jazzy/opt/gz_transport_vendor:/opt/ros/jazzy/opt/gz_rendering_vendor:/opt/ros/jazzy/opt/gz_plugin_vendor:/opt/ros/jazzy/opt/gz_fuel_tools_vendor:/opt/ros/jazzy/opt/gz_msgs_vendor:/opt/ros/jazzy/opt/gz_common_vendor:/opt/ros/jazzy/opt/gz_math_vendor:/opt/ros/jazzy/opt/gz_utils_vendor:/opt/ros/jazzy/opt/gz_tools_vendor:/opt/ros/jazzy/opt/gz_ogre_next_vendor:/opt/ros/jazzy/opt/gz_dartsim_vendor:/opt/ros/jazzy/opt/gz_cmake_vendor:/home/harsh/ros2_project/install/ros2_project:/opt/ros/jazzy'}), 'shell': False}
[0.099817] (-) TimerEvent: {}
[0.200370] (-) TimerEvent: {}
[0.300641] (-) TimerEvent: {}
[0.401002] (-) TimerEvent: {}
[0.501274] (-) TimerEvent: {}
[0.514000] (px4_msgs) StdoutLine: {'line': b'[  0%] Built target px4_msgs__rosidl_generator_type_description\n'}
[0.549972] (px4_msgs) StdoutLine: {'line': b'[  0%] Built target ament_cmake_python_copy_px4_msgs\n'}
[0.556267] (px4_msgs) StdoutLine: {'line': b'[  0%] Built target px4_msgs__cpp\n'}
[0.601375] (-) TimerEvent: {}
[0.664244] (px4_msgs) StdoutLine: {'line': b'[ 29%] Built target px4_msgs__rosidl_generator_c\n'}
[0.701494] (-) TimerEvent: {}
[0.740588] (px4_msgs) StdoutLine: {'line': b'[ 39%] Built target px4_msgs__rosidl_typesupport_c\n'}
[0.752122] (px4_msgs) StdoutLine: {'line': b'[ 49%] Built target px4_msgs__rosidl_typesupport_introspection_c\n'}
[0.776612] (px4_msgs) StdoutLine: {'line': b'[ 59%] Built target px4_msgs__rosidl_typesupport_cpp\n'}
[0.788964] (px4_msgs) StdoutLine: {'line': b'running egg_info\n'}
[0.797171] (px4_msgs) StdoutLine: {'line': b'[ 69%] Built target px4_msgs__rosidl_typesupport_fastrtps_c\n'}
[0.800119] (px4_msgs) StdoutLine: {'line': b'[ 79%] Built target px4_msgs__rosidl_typesupport_fastrtps_cpp\n'}
[0.801574] (-) TimerEvent: {}
[0.817897] (px4_msgs) StdoutLine: {'line': b'writing px4_msgs.egg-info/PKG-INFO\n'}
[0.818388] (px4_msgs) StdoutLine: {'line': b'writing dependency_links to px4_msgs.egg-info/dependency_links.txt\n'}
[0.818508] (px4_msgs) StdoutLine: {'line': b'[ 89%] Built target px4_msgs__rosidl_typesupport_introspection_cpp\n'}
[0.818610] (px4_msgs) StdoutLine: {'line': b'writing top-level names to px4_msgs.egg-info/top_level.txt\n'}
[0.846613] (px4_msgs) StdoutLine: {'line': b'[ 89%] Built target px4_msgs\n'}
[0.873791] (px4_msgs) StdoutLine: {'line': b"reading manifest file 'px4_msgs.egg-info/SOURCES.txt'\n"}
[0.879867] (px4_msgs) StdoutLine: {'line': b"writing manifest file 'px4_msgs.egg-info/SOURCES.txt'\n"}
[0.882197] (px4_msgs) StdoutLine: {'line': b'[ 89%] Built target px4_msgs__py\n'}
[0.901705] (-) TimerEvent: {}
[0.913882] (px4_msgs) StdoutLine: {'line': b'[ 89%] Built target ament_cmake_python_build_px4_msgs_egg\n'}
[0.981363] (px4_msgs) StdoutLine: {'line': b'[ 99%] Built target px4_msgs__rosidl_generator_py\n'}
[1.001848] (-) TimerEvent: {}
[1.013617] (px4_msgs) StdoutLine: {'line': b'[ 99%] Built target px4_msgs_s__rosidl_typesupport_fastrtps_c\n'}
[1.013877] (px4_msgs) StdoutLine: {'line': b'[ 99%] Built target px4_msgs_s__rosidl_typesupport_c\n'}
[1.014340] (px4_msgs) StdoutLine: {'line': b'[100%] Built target px4_msgs_s__rosidl_typesupport_introspection_c\n'}
[1.027824] (px4_msgs) CommandEnded: {'returncode': 0}
[1.028455] (px4_msgs) JobProgress: {'identifier': 'px4_msgs', 'progress': 'install'}
[1.036566] (px4_msgs) Command: {'cmd': ['/usr/bin/cmake', '--install', '/home/harsh/ros2_project/build/px4_msgs'], 'cwd': '/home/harsh/ros2_project/build/px4_msgs', 'env': OrderedDict({'GJS_DEBUG_TOPICS': 'JS ERROR;JS LOG', 'XDG_ACTIVATION_TOKEN': 'gnome-shell/Terminator/2901-1-harsh_TIME93268', 'LESSOPEN': '| /usr/bin/lesspipe %s', 'USER': 'harsh', 'GZ_CONFIG_PATH': '/opt/ros/jazzy/opt/gz_sim_vendor/share/gz:/opt/ros/jazzy/opt/sdformat_vendor/share/gz:/opt/ros/jazzy/opt/gz_gui_vendor/share/gz:/opt/ros/jazzy/opt/gz_transport_vendor/share/gz:/opt/ros/jazzy/opt/gz_rendering_vendor/share/gz:/opt/ros/jazzy/opt/gz_plugin_vendor/share/gz:/opt/ros/jazzy/opt/gz_fuel_tools_vendor/share/gz:/opt/ros/jazzy/opt/gz_msgs_vendor/share/gz:/opt/ros/jazzy/opt/gz_common_vendor/share/gz', 'XDG_SESSION_TYPE': 'x11', 'SHLVL': '1', 'LD_LIBRARY_PATH': '/home/harsh/ros2_project/install/px4_msgs/lib:/opt/ros/jazzy/opt/gz_sim_vendor/lib:/opt/ros/jazzy/opt/gz_sensors_vendor/lib:/opt/ros/jazzy/opt/gz_physics_vendor/lib:/opt/ros/jazzy/opt/sdformat_vendor/lib:/opt/ros/jazzy/opt/rviz_ogre_vendor/lib:/opt/ros/jazzy/lib/x86_64-linux-gnu:/opt/ros/jazzy/opt/gz_gui_vendor/lib:/opt/ros/jazzy/opt/gz_transport_vendor/lib:/opt/ros/jazzy/opt/gz_rendering_vendor/lib:/opt/ros/jazzy/opt/gz_plugin_vendor/lib:/opt/ros/jazzy/opt/gz_fuel_tools_vendor/lib:/opt/ros/jazzy/opt/gz_msgs_vendor/lib:/opt/ros/jazzy/opt/gz_common_vendor/lib:/opt/ros/jazzy/opt/gz_math_vendor/lib:/opt/ros/jazzy/opt/gz_utils_vendor/lib:/opt/ros/jazzy/opt/gz_tools_vendor/lib:/opt/ros/jazzy/opt/gz_ogre_next_vendor/lib:/opt/ros/jazzy/opt/gz_dartsim_vendor/lib:/opt/ros/jazzy/opt/gz_cmake_vendor/lib:/opt/ros/jazzy/lib', 'HOME': '/home/harsh', 'DESKTOP_SESSION': 'ubuntu', 'GIO_LAUNCHED_DESKTOP_FILE': '/usr/share/applications/terminator.desktop', 'ROS_PYTHON_VERSION': '3', 'GNOME_SHELL_SESSION_MODE': 'ubuntu', 'GTK_MODULES': 'gail:atk-bridge', 'PS1': '(yolo) \\[\\e]0;\\u@\\h: \\w\\a\\]${debian_chroot:+($debian_chroot)}\\[\\033[01;32m\\]\\u@\\h\\[\\033[00m\\]:\\[\\033[01;34m\\]\\w\\[\\033[00m\\]\\$', 'MANAGERPID': '2470', 'SYSTEMD_EXEC_PID': '2901', 'GSM_SKIP_SSH_AGENT_WORKAROUND': 'true', 'DBUS_SESSION_BUS_ADDRESS': 'unix:path=/run/user/1000/bus', 'COLORTERM': 'truecolor', 'TERMINATOR_DBUS_NAME': 'net.tenshu.Terminator23558193cd9818af7fe4d2c2f5bd9d00f', 'GIO_LAUNCHED_DESKTOP_FILE_PID': '4241', 'DEBUGINFOD_URLS': 'https://debuginfod.ubuntu.com', 'COLCON_PREFIX_PATH': '/home/harsh/ros2_project/install', 'ROS_DISTRO': 'jazzy', 'LOGNAME': 'harsh', 'JOURNAL_STREAM': '9:33124', '_': '/usr/bin/colcon', 'ROS_VERSION': '2', 'MEMORY_PRESSURE_WATCH': '/sys/fs/cgroup/user.slice/user-1000.slice/user@1000.service/session.slice/org.gnome.Shell@x11.service/memory.pressure', 'XDG_SESSION_CLASS': 'user', 'USERNAME': 'harsh', 'TERM': 'xterm-256color', 'GNOME_DESKTOP_SESSION_ID': 'this-is-deprecated', 'WINDOWPATH': '2', 'PATH': '/home/harsh/yolo/bin:/opt/ros/jazzy/opt/gz_msgs_vendor/bin:/opt/ros/jazzy/opt/gz_tools_vendor/bin:/opt/ros/jazzy/opt/gz_ogre_next_vendor/bin:/opt/ros/jazzy/bin:/home/harsh/.local/bin:/usr/local/sbin:/usr/local/bin:/usr/sbin:/usr/bin:/sbin:/bin:/usr/games:/usr/local/games:/snap/bin:/snap/bin', 'SESSION_MANAGER': 'local/harsh:@/tmp/.ICE-unix/2806,unix/harsh:/tmp/.ICE-unix/2806', 'INVOCATION_ID': '4e2239703d944941a029883b6660be4d', 'XDG_MENU_PREFIX': 'gnome-', 'XDG_RUNTIME_DIR': '/run/user/1000', 'DISPLAY': ':1', 'TERMINATOR_DBUS_PATH': '/net/tenshu/Terminator2', 'LANG': 'en_US.UTF-8', 'XDG_CURRENT_DESKTOP': 'ubuntu:GNOME', 'VIRTUAL_ENV_PROMPT': '(yolo)', 'XMODIFIERS': '@im=ibus', 'XDG_SESSION_DESKTOP': 'ubuntu', 'XAUTHORITY': '/run/user/1000/gdm/Xauthority', 'LS_COLORS': 'rs=0:di=01;34:ln=01;36:mh=00:pi=40;33:so=01;35:do=01;35:bd=40;33;01:cd=40;33;01:or=40;31;01:mi=00:su=37;41:sg=30;43:ca=00:tw=30;42:ow=34;42:st=37;44:ex=01;32:*.tar=01;31:*.tgz=01;31:*.arc=01;31:*.arj=01;31:*.taz=01;31:*.lha=01;31:*.lz4=01;31:*.lzh=01;31:*.lzma=01;31:*.tlz=01;31:*.txz=01;31:*.tzo=01;31:*.t7z=01;31:*.zip=01;31:*.z=01;31:*.dz=01;31:*.gz=01;31:*.lrz=01;31:*.lz=01;31:*.lzo=01;31:*.xz=01;31:*.zst=01;31:*.tzst=01;31:*.bz2=01;31:*.bz=01;31:*.tbz=01;31:*.tbz2=01;31:*.tz=01;31:*.deb=01;31:*.rpm=01;31:*.jar=01;31:*.war=01;31:*.ear=01;31:*.sar=01;31:*.rar=01;31:*.alz=01;31:*.ace=01;31:*.zoo=01;31:*.cpio=01;31:*.7z=01;31:*.rz=01;31:*.cab=01;31:*.wim=01;31:*.swm=01;31:*.dwm=01;31:*.esd=01;31:*.avif=01;35:*.jpg=01;35:*.jpeg=01;35:*.mjpg=01;35:*.mjpeg=01;35:*.gif=01;35:*.bmp=01;35:*.pbm=01;35:*.pgm=01;35:*.ppm=01;35:*.tga=01;35:*.xbm=01;35:*.xpm=01;35:*.tif=01;35:*.tiff=01;35:*.png=01;35:*.svg=01;35:*.svgz=01;35:*.mng=01;35:*.pcx=01;35:*.mov=01;35:*.mpg=01;35:*.mpeg=01;35:*.m2v=01;35:*.mkv=01;35:*.webm=01;35:*.webp=01;35:*.ogm=01;35:*.mp4=01;35:*.m4v=01;35:*.mp4v=01;35:*.vob=01;35:*.qt=01;35:*.nuv=01;35:*.wmv=01;35:*.asf=01;35:*.rm=01;35:*.rmvb=01;35:*.flc=01;35:*.avi=01;35:*.fli=01;35:*.flv=01;35:*.gl=01;35:*.dl=01;35:*.xcf=01;35:*.xwd=01;35:*.yuv=01;35:*.cgm=01;35:*.emf=01;35:*.ogv=01;35:*.ogx=01;35:*.aac=00;36:*.au=00;36:*.flac=00;36:*.m4a=00;36:*.mid=00;36:*.midi=00;36:*.mka=00;36:*.mp3=00;36:*.mpc=00;36:*.ogg=00;36:*.ra=00;36:*.wav=00;36:*.oga=00;36:*.opus=00;36:*.spx=00;36:*.xspf=00;36:*~=00;90:*#=00;90:*.bak=00;90:*.crdownload=00;90:*.dpkg-dist=00;90:*.dpkg-new=00;90:*.dpkg-old=00;90:*.dpkg-tmp=00;90:*.old=00;90:*.orig=00;90:*.part=00;90:*.rej=00;90:*.rpmnew=00;90:*.rpmorig=00;90:*.rpmsave=00;90:*.swp=00;90:*.tmp=00;90:*.ucf-dist=00;90:*.ucf-new=00;90:*.ucf-old=00;90:', 'SSH_AUTH_SOCK': '/run/user/1000/keyring/ssh', 'AMENT_PREFIX_PATH': '/home/harsh/ros2_project/install/ros2_project:/home/harsh/ros2_project/install/px4_msgs:/opt/ros/jazzy', 'SHELL': '/bin/bash', 'TERMINATOR_UUID': 'urn:uuid:6709cddb-6949-4e25-8283-2b735b801b48', 'QT_ACCESSIBILITY': '1', 'GDMSESSION': 'ubuntu', 'LESSCLOSE': '/usr/bin/lesspipe %s %s', 'GPG_AGENT_INFO': '/run/user/1000/gnupg/S.gpg-agent:0:1', 'GJS_DEBUG_OUTPUT': 'stderr', 'VIRTUAL_ENV': '/home/harsh/yolo', 'ROS_AUTOMATIC_DISCOVERY_RANGE': 'SUBNET', 'QT_IM_MODULE': 'ibus', 'PWD': '/home/harsh/ros2_project/build/px4_msgs', 'LC_ALL': 'en_US.UTF-8', 'XDG_CONFIG_DIRS': '/etc/xdg/xdg-ubuntu:/etc/xdg', 'XDG_DATA_DIRS': '/usr/share/ubuntu:/usr/share/gnome:/usr/local/share/:/usr/share/:/var/lib/snapd/desktop', 'PYTHONPATH': '/home/harsh/ros2_project/install/ros2_project/lib/python3.12/site-packages:/home/harsh/ros2_project/install/px4_msgs/lib/python3.12/site-packages:/opt/ros/jazzy/lib/python3.12/site-packages:$PYTHONPATH:/home/harsh/yolo/lib/python3.12/site-packages', 'COLCON': '1', 'MEMORY_PRESSURE_WRITE': 'c29tZSAyMDAwMDAgMjAwMDAwMAA=', 'VTE_VERSION': '7600', 'CMAKE_PREFIX_PATH': '/home/harsh/ros2_project/install/px4_msgs:/opt/ros/jazzy/opt/gz_sim_vendor:/opt/ros/jazzy/opt/gz_sensors_vendor:/opt/ros/jazzy/opt/gz_physics_vendor:/opt/ros/jazzy/opt/sdformat_vendor:/opt/ros/jazzy/opt/gz_gui_vendor:/opt/ros/jazzy/opt/gz_transport_vendor:/opt/ros/jazzy/opt/gz_rendering_vendor:/opt/ros/jazzy/opt/gz_plugin_vendor:/opt/ros/jazzy/opt/gz_fuel_tools_vendor:/opt/ros/jazzy/opt/gz_msgs_vendor:/opt/ros/jazzy/opt/gz_common_vendor:/opt/ros/jazzy/opt/gz_math_vendor:/opt/ros/jazzy/opt/gz_utils_vendor:/opt/ros/jazzy/opt/gz_tools_vendor:/opt/ros/jazzy/opt/gz_ogre_next_vendor:/opt/ros/jazzy/opt/gz_dartsim_vendor:/opt/ros/jazzy/opt/gz_cmake_vendor:/home/harsh/ros2_project/install/ros2_project:/opt/ros/jazzy'}), 'shell': False}
[1.045783] (px4_msgs) StdoutLine: {'line': b'-- Install configuration: ""\n'}
[1.046029] (px4_msgs) StdoutLine: {'line': b'-- Up-to-date: /home/harsh/ros2_project/install/px4_msgs/share/ament_index/resource_index/rosidl_interfaces/px4_msgs\n'}
[1.046117] (px4_msgs) StdoutLine: {'line': b'-- Up-to-date: /home/harsh/ros2_project/install/px4_msgs/share/px4_msgs/msg/ActionRequest.json\n'}
[1.046193] (px4_msgs) StdoutLine: {'line': b'-- Up-to-date: /home/harsh/ros2_project/install/px4_msgs/share/px4_msgs/msg/ActuatorArmed.json\n'}
[1.046264] (px4_msgs) StdoutLine: {'line': b'-- Up-to-date: /home/harsh/ros2_project/install/px4_msgs/share/px4_msgs/msg/ActuatorControlsStatus.json\n'}
[1.046334] (px4_msgs) StdoutLine: {'line': b'-- Up-to-date: /home/harsh/ros2_project/install/px4_msgs/share/px4_msgs/msg/ActuatorMotors.json\n'}
[1.046402] (px4_msgs) StdoutLine: {'line': b'-- Up-to-date: /home/harsh/ros2_project/install/px4_msgs/share/px4_msgs/msg/ActuatorOutputs.json\n'}
[1.046469] (px4_msgs) StdoutLine: {'line': b'-- Up-to-date: /home/harsh/ros2_project/install/px4_msgs/share/px4_msgs/msg/ActuatorServos.json\n'}
[1.046536] (px4_msgs) StdoutLine: {'line': b'-- Up-to-date: /home/harsh/ros2_project/install/px4_msgs/share/px4_msgs/msg/ActuatorServosTrim.json\n'}
[1.046604] (px4_msgs) StdoutLine: {'line': b'-- Up-to-date: /home/harsh/ros2_project/install/px4_msgs/share/px4_msgs/msg/ActuatorTest.json\n'}
[1.046672] (px4_msgs) StdoutLine: {'line': b'-- Up-to-date: /home/harsh/ros2_project/install/px4_msgs/share/px4_msgs/msg/AdcReport.json\n'}
[1.046789] (px4_msgs) StdoutLine: {'line': b'-- Up-to-date: /home/harsh/ros2_project/install/px4_msgs/share/px4_msgs/msg/Airspeed.json\n'}
[1.046860] (px4_msgs) StdoutLine: {'line': b'-- Up-to-date: /home/harsh/ros2_project/install/px4_msgs/share/px4_msgs/msg/AirspeedValidated.json\n'}
[1.046929] (px4_msgs) StdoutLine: {'line': b'-- Up-to-date: /home/harsh/ros2_project/install/px4_msgs/share/px4_msgs/msg/AirspeedWind.json\n'}
[1.047105] (px4_msgs) StdoutLine: {'line': b'-- Up-to-date: /home/harsh/ros2_project/install/px4_msgs/share/px4_msgs/msg/ArmingCheckReply.json\n'}
[1.047224] (px4_msgs) StdoutLine: {'line': b'-- Up-to-date: /home/harsh/ros2_project/install/px4_msgs/share/px4_msgs/msg/ArmingCheckRequest.json\n'}
[1.047304] (px4_msgs) StdoutLine: {'line': b'-- Up-to-date: /home/harsh/ros2_project/install/px4_msgs/share/px4_msgs/msg/AutotuneAttitudeControlStatus.json\n'}
[1.047370] (px4_msgs) StdoutLine: {'line': b'-- Up-to-date: /home/harsh/ros2_project/install/px4_msgs/share/px4_msgs/msg/BatteryStatus.json\n'}
[1.047444] (px4_msgs) StdoutLine: {'line': b'-- Up-to-date: /home/harsh/ros2_project/install/px4_msgs/share/px4_msgs/msg/Buffer128.json\n'}
[1.047509] (px4_msgs) StdoutLine: {'line': b'-- Up-to-date: /home/harsh/ros2_project/install/px4_msgs/share/px4_msgs/msg/ButtonEvent.json\n'}
[1.047573] (px4_msgs) StdoutLine: {'line': b'-- Up-to-date: /home/harsh/ros2_project/install/px4_msgs/share/px4_msgs/msg/CameraCapture.json\n'}
[1.047638] (px4_msgs) StdoutLine: {'line': b'-- Up-to-date: /home/harsh/ros2_project/install/px4_msgs/share/px4_msgs/msg/CameraStatus.json\n'}
[1.047702] (px4_msgs) StdoutLine: {'line': b'-- Up-to-date: /home/harsh/ros2_project/install/px4_msgs/share/px4_msgs/msg/CameraTrigger.json\n'}
[1.047767] (px4_msgs) StdoutLine: {'line': b'-- Up-to-date: /home/harsh/ros2_project/install/px4_msgs/share/px4_msgs/msg/CanInterfaceStatus.json\n'}
[1.047831] (px4_msgs) StdoutLine: {'line': b'-- Up-to-date: /home/harsh/ros2_project/install/px4_msgs/share/px4_msgs/msg/CellularStatus.json\n'}
[1.047895] (px4_msgs) StdoutLine: {'line': b'-- Up-to-date: /home/harsh/ros2_project/install/px4_msgs/share/px4_msgs/msg/CollisionConstraints.json\n'}
[1.047961] (px4_msgs) StdoutLine: {'line': b'-- Up-to-date: /home/harsh/ros2_project/install/px4_msgs/share/px4_msgs/msg/CollisionReport.json\n'}
[1.048034] (px4_msgs) StdoutLine: {'line': b'-- Up-to-date: /home/harsh/ros2_project/install/px4_msgs/share/px4_msgs/msg/ConfigOverrides.json\n'}
[1.048103] (px4_msgs) StdoutLine: {'line': b'-- Up-to-date: /home/harsh/ros2_project/install/px4_msgs/share/px4_msgs/msg/ControlAllocatorStatus.json\n'}
[1.048169] (px4_msgs) StdoutLine: {'line': b'-- Up-to-date: /home/harsh/ros2_project/install/px4_msgs/share/px4_msgs/msg/Cpuload.json\n'}
[1.048233] (px4_msgs) StdoutLine: {'line': b'-- Up-to-date: /home/harsh/ros2_project/install/px4_msgs/share/px4_msgs/msg/DatamanRequest.json\n'}
[1.048439] (px4_msgs) StdoutLine: {'line': b'-- Up-to-date: /home/harsh/ros2_project/install/px4_msgs/share/px4_msgs/msg/DatamanResponse.json\n'}
[1.048507] (px4_msgs) StdoutLine: {'line': b'-- Up-to-date: /home/harsh/ros2_project/install/px4_msgs/share/px4_msgs/msg/DebugArray.json\n'}
[1.048572] (px4_msgs) StdoutLine: {'line': b'-- Up-to-date: /home/harsh/ros2_project/install/px4_msgs/share/px4_msgs/msg/DebugKeyValue.json\n'}
[1.048637] (px4_msgs) StdoutLine: {'line': b'-- Up-to-date: /home/harsh/ros2_project/install/px4_msgs/share/px4_msgs/msg/DebugValue.json\n'}
[1.048701] (px4_msgs) StdoutLine: {'line': b'-- Up-to-date: /home/harsh/ros2_project/install/px4_msgs/share/px4_msgs/msg/DebugVect.json\n'}
[1.048765] (px4_msgs) StdoutLine: {'line': b'-- Up-to-date: /home/harsh/ros2_project/install/px4_msgs/share/px4_msgs/msg/DifferentialDriveSetpoint.json\n'}
[1.048829] (px4_msgs) StdoutLine: {'line': b'-- Up-to-date: /home/harsh/ros2_project/install/px4_msgs/share/px4_msgs/msg/DifferentialPressure.json\n'}
[1.048894] (px4_msgs) StdoutLine: {'line': b'-- Up-to-date: /home/harsh/ros2_project/install/px4_msgs/share/px4_msgs/msg/DistanceSensor.json\n'}
[1.048958] (px4_msgs) StdoutLine: {'line': b'-- Up-to-date: /home/harsh/ros2_project/install/px4_msgs/share/px4_msgs/msg/Ekf2Timestamps.json\n'}
[1.049029] (px4_msgs) StdoutLine: {'line': b'-- Up-to-date: /home/harsh/ros2_project/install/px4_msgs/share/px4_msgs/msg/EscReport.json\n'}
[1.049097] (px4_msgs) StdoutLine: {'line': b'-- Up-to-date: /home/harsh/ros2_project/install/px4_msgs/share/px4_msgs/msg/EscStatus.json\n'}
[1.049161] (px4_msgs) StdoutLine: {'line': b'-- Up-to-date: /home/harsh/ros2_project/install/px4_msgs/share/px4_msgs/msg/EstimatorAidSource1d.json\n'}
[1.049225] (px4_msgs) StdoutLine: {'line': b'-- Up-to-date: /home/harsh/ros2_project/install/px4_msgs/share/px4_msgs/msg/EstimatorAidSource2d.json\n'}
[1.049288] (px4_msgs) StdoutLine: {'line': b'-- Up-to-date: /home/harsh/ros2_project/install/px4_msgs/share/px4_msgs/msg/EstimatorAidSource3d.json\n'}
[1.049352] (px4_msgs) StdoutLine: {'line': b'-- Up-to-date: /home/harsh/ros2_project/install/px4_msgs/share/px4_msgs/msg/EstimatorBias.json\n'}
[1.049430] (px4_msgs) StdoutLine: {'line': b'-- Up-to-date: /home/harsh/ros2_project/install/px4_msgs/share/px4_msgs/msg/EstimatorBias3d.json\n'}
[1.049495] (px4_msgs) StdoutLine: {'line': b'-- Up-to-date: /home/harsh/ros2_project/install/px4_msgs/share/px4_msgs/msg/EstimatorEventFlags.json\n'}
[1.049559] (px4_msgs) StdoutLine: {'line': b'-- Up-to-date: /home/harsh/ros2_project/install/px4_msgs/share/px4_msgs/msg/EstimatorGpsStatus.json\n'}
[1.049624] (px4_msgs) StdoutLine: {'line': b'-- Up-to-date: /home/harsh/ros2_project/install/px4_msgs/share/px4_msgs/msg/EstimatorInnovations.json\n'}
[1.049688] (px4_msgs) StdoutLine: {'line': b'-- Up-to-date: /home/harsh/ros2_project/install/px4_msgs/share/px4_msgs/msg/EstimatorSelectorStatus.json\n'}
[1.049752] (px4_msgs) StdoutLine: {'line': b'-- Up-to-date: /home/harsh/ros2_project/install/px4_msgs/share/px4_msgs/msg/EstimatorSensorBias.json\n'}
[1.049898] (px4_msgs) StdoutLine: {'line': b'-- Up-to-date: /home/harsh/ros2_project/install/px4_msgs/share/px4_msgs/msg/EstimatorStates.json\n'}
[1.049973] (px4_msgs) StdoutLine: {'line': b'-- Up-to-date: /home/harsh/ros2_project/install/px4_msgs/share/px4_msgs/msg/EstimatorStatus.json\n'}
[1.050118] (px4_msgs) StdoutLine: {'line': b'-- Up-to-date: /home/harsh/ros2_project/install/px4_msgs/share/px4_msgs/msg/EstimatorStatusFlags.json\n'}
[1.050199] (px4_msgs) StdoutLine: {'line': b'-- Up-to-date: /home/harsh/ros2_project/install/px4_msgs/share/px4_msgs/msg/Event.json\n'}
[1.050263] (px4_msgs) StdoutLine: {'line': b'-- Up-to-date: /home/harsh/ros2_project/install/px4_msgs/share/px4_msgs/msg/FailsafeFlags.json\n'}
[1.050326] (px4_msgs) StdoutLine: {'line': b'-- Up-to-date: /home/harsh/ros2_project/install/px4_msgs/share/px4_msgs/msg/FailureDetectorStatus.json\n'}
[1.050391] (px4_msgs) StdoutLine: {'line': b'-- Up-to-date: /home/harsh/ros2_project/install/px4_msgs/share/px4_msgs/msg/FigureEightStatus.json\n'}
[1.050454] (px4_msgs) StdoutLine: {'line': b'-- Up-to-date: /home/harsh/ros2_project/install/px4_msgs/share/px4_msgs/msg/FlightPhaseEstimation.json\n'}
[1.050518] (px4_msgs) StdoutLine: {'line': b'-- Up-to-date: /home/harsh/ros2_project/install/px4_msgs/share/px4_msgs/msg/FollowTarget.json\n'}
[1.050581] (px4_msgs) StdoutLine: {'line': b'-- Up-to-date: /home/harsh/ros2_project/install/px4_msgs/share/px4_msgs/msg/FollowTargetEstimator.json\n'}
[1.050644] (px4_msgs) StdoutLine: {'line': b'-- Up-to-date: /home/harsh/ros2_project/install/px4_msgs/share/px4_msgs/msg/FollowTargetStatus.json\n'}
[1.050708] (px4_msgs) StdoutLine: {'line': b'-- Up-to-date: /home/harsh/ros2_project/install/px4_msgs/share/px4_msgs/msg/GeneratorStatus.json\n'}
[1.050771] (px4_msgs) StdoutLine: {'line': b'-- Up-to-date: /home/harsh/ros2_project/install/px4_msgs/share/px4_msgs/msg/GeofenceResult.json\n'}
[1.050834] (px4_msgs) StdoutLine: {'line': b'-- Up-to-date: /home/harsh/ros2_project/install/px4_msgs/share/px4_msgs/msg/GeofenceStatus.json\n'}
[1.050898] (px4_msgs) StdoutLine: {'line': b'-- Up-to-date: /home/harsh/ros2_project/install/px4_msgs/share/px4_msgs/msg/GimbalControls.json\n'}
[1.050961] (px4_msgs) StdoutLine: {'line': b'-- Up-to-date: /home/harsh/ros2_project/install/px4_msgs/share/px4_msgs/msg/GimbalDeviceAttitudeStatus.json\n'}
[1.051038] (px4_msgs) StdoutLine: {'line': b'-- Up-to-date: /home/harsh/ros2_project/install/px4_msgs/share/px4_msgs/msg/GimbalDeviceInformation.json\n'}
[1.051239] (px4_msgs) StdoutLine: {'line': b'-- Up-to-date: /home/harsh/ros2_project/install/px4_msgs/share/px4_msgs/msg/GimbalDeviceSetAttitude.json\n'}
[1.051335] (px4_msgs) StdoutLine: {'line': b'-- Up-to-date: /home/harsh/ros2_project/install/px4_msgs/share/px4_msgs/msg/GimbalManagerInformation.json\n'}
[1.051416] (px4_msgs) StdoutLine: {'line': b'-- Up-to-date: /home/harsh/ros2_project/install/px4_msgs/share/px4_msgs/msg/GimbalManagerSetAttitude.json\n'}
[1.051675] (px4_msgs) StdoutLine: {'line': b'-- Up-to-date: /home/harsh/ros2_project/install/px4_msgs/share/px4_msgs/msg/GimbalManagerSetManualControl.json\n'}
[1.051783] (px4_msgs) StdoutLine: {'line': b'-- Up-to-date: /home/harsh/ros2_project/install/px4_msgs/share/px4_msgs/msg/GimbalManagerStatus.json\n'}
[1.051854] (px4_msgs) StdoutLine: {'line': b'-- Up-to-date: /home/harsh/ros2_project/install/px4_msgs/share/px4_msgs/msg/GotoSetpoint.json\n'}
[1.051925] (px4_msgs) StdoutLine: {'line': b'-- Up-to-date: /home/harsh/ros2_project/install/px4_msgs/share/px4_msgs/msg/GpioConfig.json\n'}
[1.051997] (px4_msgs) StdoutLine: {'line': b'-- Up-to-date: /home/harsh/ros2_project/install/px4_msgs/share/px4_msgs/msg/GpioIn.json\n'}
[1.052080] (px4_msgs) StdoutLine: {'line': b'-- Up-to-date: /home/harsh/ros2_project/install/px4_msgs/share/px4_msgs/msg/GpioOut.json\n'}
[1.052225] (px4_msgs) StdoutLine: {'line': b'-- Up-to-date: /home/harsh/ros2_project/install/px4_msgs/share/px4_msgs/msg/GpioRequest.json\n'}
[1.052294] (px4_msgs) StdoutLine: {'line': b'-- Up-to-date: /home/harsh/ros2_project/install/px4_msgs/share/px4_msgs/msg/GpsDump.json\n'}
[1.052364] (px4_msgs) StdoutLine: {'line': b'-- Up-to-date: /home/harsh/ros2_project/install/px4_msgs/share/px4_msgs/msg/GpsInjectData.json\n'}
[1.052432] (px4_msgs) StdoutLine: {'line': b'-- Up-to-date: /home/harsh/ros2_project/install/px4_msgs/share/px4_msgs/msg/Gripper.json\n'}
[1.052500] (px4_msgs) StdoutLine: {'line': b'-- Up-to-date: /home/harsh/ros2_project/install/px4_msgs/share/px4_msgs/msg/HealthReport.json\n'}
[1.052569] (px4_msgs) StdoutLine: {'line': b'-- Up-to-date: /home/harsh/ros2_project/install/px4_msgs/share/px4_msgs/msg/HeaterStatus.json\n'}
[1.052638] (px4_msgs) StdoutLine: {'line': b'-- Up-to-date: /home/harsh/ros2_project/install/px4_msgs/share/px4_msgs/msg/HomePosition.json\n'}
[1.052705] (px4_msgs) StdoutLine: {'line': b'-- Up-to-date: /home/harsh/ros2_project/install/px4_msgs/share/px4_msgs/msg/HoverThrustEstimate.json\n'}
[1.052774] (px4_msgs) StdoutLine: {'line': b'-- Up-to-date: /home/harsh/ros2_project/install/px4_msgs/share/px4_msgs/msg/InputRc.json\n'}
[1.052842] (px4_msgs) StdoutLine: {'line': b'-- Up-to-date: /home/harsh/ros2_project/install/px4_msgs/share/px4_msgs/msg/InternalCombustionEngineStatus.json\n'}
[1.052911] (px4_msgs) StdoutLine: {'line': b'-- Up-to-date: /home/harsh/ros2_project/install/px4_msgs/share/px4_msgs/msg/IridiumsbdStatus.json\n'}
[1.052982] (px4_msgs) StdoutLine: {'line': b'-- Up-to-date: /home/harsh/ros2_project/install/px4_msgs/share/px4_msgs/msg/IrlockReport.json\n'}
[1.053074] (px4_msgs) StdoutLine: {'line': b'-- Up-to-date: /home/harsh/ros2_project/install/px4_msgs/share/px4_msgs/msg/LandingGear.json\n'}
[1.053223] (px4_msgs) StdoutLine: {'line': b'-- Up-to-date: /home/harsh/ros2_project/install/px4_msgs/share/px4_msgs/msg/LandingGearWheel.json\n'}
[1.053298] (px4_msgs) StdoutLine: {'line': b'-- Up-to-date: /home/harsh/ros2_project/install/px4_msgs/share/px4_msgs/msg/LandingTargetInnovations.json\n'}
[1.053368] (px4_msgs) StdoutLine: {'line': b'-- Up-to-date: /home/harsh/ros2_project/install/px4_msgs/share/px4_msgs/msg/LandingTargetPose.json\n'}
[1.053435] (px4_msgs) StdoutLine: {'line': b'-- Up-to-date: /home/harsh/ros2_project/install/px4_msgs/share/px4_msgs/msg/LaunchDetectionStatus.json\n'}
[1.053505] (px4_msgs) StdoutLine: {'line': b'-- Up-to-date: /home/harsh/ros2_project/install/px4_msgs/share/px4_msgs/msg/LedControl.json\n'}
[1.053576] (px4_msgs) StdoutLine: {'line': b'-- Up-to-date: /home/harsh/ros2_project/install/px4_msgs/share/px4_msgs/msg/LogMessage.json\n'}
[1.053645] (px4_msgs) StdoutLine: {'line': b'-- Up-to-date: /home/harsh/ros2_project/install/px4_msgs/share/px4_msgs/msg/LoggerStatus.json\n'}
[1.053716] (px4_msgs) StdoutLine: {'line': b'-- Up-to-date: /home/harsh/ros2_project/install/px4_msgs/share/px4_msgs/msg/MagWorkerData.json\n'}
[1.053784] (px4_msgs) StdoutLine: {'line': b'-- Up-to-date: /home/harsh/ros2_project/install/px4_msgs/share/px4_msgs/msg/MagnetometerBiasEstimate.json\n'}
[1.053853] (px4_msgs) StdoutLine: {'line': b'-- Up-to-date: /home/harsh/ros2_project/install/px4_msgs/share/px4_msgs/msg/ManualControlSetpoint.json\n'}
[1.053921] (px4_msgs) StdoutLine: {'line': b'-- Up-to-date: /home/harsh/ros2_project/install/px4_msgs/share/px4_msgs/msg/ManualControlSwitches.json\n'}
[1.054089] (px4_msgs) StdoutLine: {'line': b'-- Up-to-date: /home/harsh/ros2_project/install/px4_msgs/share/px4_msgs/msg/MavlinkLog.json\n'}
[1.054166] (px4_msgs) StdoutLine: {'line': b'-- Up-to-date: /home/harsh/ros2_project/install/px4_msgs/share/px4_msgs/msg/MavlinkTunnel.json\n'}
[1.054245] (px4_msgs) StdoutLine: {'line': b'-- Up-to-date: /home/harsh/ros2_project/install/px4_msgs/share/px4_msgs/msg/MessageFormatRequest.json\n'}
[1.054321] (px4_msgs) StdoutLine: {'line': b'-- Up-to-date: /home/harsh/ros2_project/install/px4_msgs/share/px4_msgs/msg/MessageFormatResponse.json\n'}
[1.054392] (px4_msgs) StdoutLine: {'line': b'-- Up-to-date: /home/harsh/ros2_project/install/px4_msgs/share/px4_msgs/msg/Mission.json\n'}
[1.054465] (px4_msgs) StdoutLine: {'line': b'-- Up-to-date: /home/harsh/ros2_project/install/px4_msgs/share/px4_msgs/msg/MissionResult.json\n'}
[1.054535] (px4_msgs) StdoutLine: {'line': b'-- Up-to-date: /home/harsh/ros2_project/install/px4_msgs/share/px4_msgs/msg/ModeCompleted.json\n'}
[1.054606] (px4_msgs) StdoutLine: {'line': b'-- Up-to-date: /home/harsh/ros2_project/install/px4_msgs/share/px4_msgs/msg/MountOrientation.json\n'}
[1.054675] (px4_msgs) StdoutLine: {'line': b'-- Up-to-date: /home/harsh/ros2_project/install/px4_msgs/share/px4_msgs/msg/NavigatorMissionItem.json\n'}
[1.054743] (px4_msgs) StdoutLine: {'line': b'-- Up-to-date: /home/harsh/ros2_project/install/px4_msgs/share/px4_msgs/msg/NormalizedUnsignedSetpoint.json\n'}
[1.054814] (px4_msgs) StdoutLine: {'line': b'-- Up-to-date: /home/harsh/ros2_project/install/px4_msgs/share/px4_msgs/msg/NpfgStatus.json\n'}
[1.054883] (px4_msgs) StdoutLine: {'line': b'-- Up-to-date: /home/harsh/ros2_project/install/px4_msgs/share/px4_msgs/msg/ObstacleDistance.json\n'}
[1.054955] (px4_msgs) StdoutLine: {'line': b'-- Up-to-date: /home/harsh/ros2_project/install/px4_msgs/share/px4_msgs/msg/OffboardControlMode.json\n'}
[1.054993] (px4_msgs) StdoutLine: {'line': b'-- Up-to-date: /home/harsh/ros2_project/install/px4_msgs/share/px4_msgs/msg/OnboardComputerStatus.json\n'}
[1.055036] (px4_msgs) StdoutLine: {'line': b'-- Up-to-date: /home/harsh/ros2_project/install/px4_msgs/share/px4_msgs/msg/OrbTest.json\n'}
[1.055075] (px4_msgs) StdoutLine: {'line': b'-- Up-to-date: /home/harsh/ros2_project/install/px4_msgs/share/px4_msgs/msg/OrbTestLarge.json\n'}
[1.055109] (px4_msgs) StdoutLine: {'line': b'-- Up-to-date: /home/harsh/ros2_project/install/px4_msgs/share/px4_msgs/msg/OrbTestMedium.json\n'}
[1.055145] (px4_msgs) StdoutLine: {'line': b'-- Up-to-date: /home/harsh/ros2_project/install/px4_msgs/share/px4_msgs/msg/OrbitStatus.json\n'}
[1.055180] (px4_msgs) StdoutLine: {'line': b'-- Up-to-date: /home/harsh/ros2_project/install/px4_msgs/share/px4_msgs/msg/ParameterResetRequest.json\n'}
[1.055216] (px4_msgs) StdoutLine: {'line': b'-- Up-to-date: /home/harsh/ros2_project/install/px4_msgs/share/px4_msgs/msg/ParameterSetUsedRequest.json\n'}
[1.055251] (px4_msgs) StdoutLine: {'line': b'-- Up-to-date: /home/harsh/ros2_project/install/px4_msgs/share/px4_msgs/msg/ParameterSetValueRequest.json\n'}
[1.055286] (px4_msgs) StdoutLine: {'line': b'-- Up-to-date: /home/harsh/ros2_project/install/px4_msgs/share/px4_msgs/msg/ParameterSetValueResponse.json\n'}
[1.055321] (px4_msgs) StdoutLine: {'line': b'-- Up-to-date: /home/harsh/ros2_project/install/px4_msgs/share/px4_msgs/msg/ParameterUpdate.json\n'}
[1.055355] (px4_msgs) StdoutLine: {'line': b'-- Up-to-date: /home/harsh/ros2_project/install/px4_msgs/share/px4_msgs/msg/Ping.json\n'}
[1.055391] (px4_msgs) StdoutLine: {'line': b'-- Up-to-date: /home/harsh/ros2_project/install/px4_msgs/share/px4_msgs/msg/PositionControllerLandingStatus.json\n'}
[1.055428] (px4_msgs) StdoutLine: {'line': b'-- Up-to-date: /home/harsh/ros2_project/install/px4_msgs/share/px4_msgs/msg/PositionControllerStatus.json\n'}
[1.055463] (px4_msgs) StdoutLine: {'line': b'-- Up-to-date: /home/harsh/ros2_project/install/px4_msgs/share/px4_msgs/msg/PositionSetpoint.json\n'}
[1.055501] (px4_msgs) StdoutLine: {'line': b'-- Up-to-date: /home/harsh/ros2_project/install/px4_msgs/share/px4_msgs/msg/PositionSetpointTriplet.json\n'}
[1.055537] (px4_msgs) StdoutLine: {'line': b'-- Up-to-date: /home/harsh/ros2_project/install/px4_msgs/share/px4_msgs/msg/PowerButtonState.json\n'}
[1.055573] (px4_msgs) StdoutLine: {'line': b'-- Up-to-date: /home/harsh/ros2_project/install/px4_msgs/share/px4_msgs/msg/PowerMonitor.json\n'}
[1.055609] (px4_msgs) StdoutLine: {'line': b'-- Up-to-date: /home/harsh/ros2_project/install/px4_msgs/share/px4_msgs/msg/PpsCapture.json\n'}
[1.055644] (px4_msgs) StdoutLine: {'line': b'-- Up-to-date: /home/harsh/ros2_project/install/px4_msgs/share/px4_msgs/msg/PwmInput.json\n'}
[1.055680] (px4_msgs) StdoutLine: {'line': b'-- Up-to-date: /home/harsh/ros2_project/install/px4_msgs/share/px4_msgs/msg/Px4ioStatus.json\n'}
[1.055715] (px4_msgs) StdoutLine: {'line': b'-- Up-to-date: /home/harsh/ros2_project/install/px4_msgs/share/px4_msgs/msg/QshellReq.json\n'}
[1.055749] (px4_msgs) StdoutLine: {'line': b'-- Up-to-date: /home/harsh/ros2_project/install/px4_msgs/share/px4_msgs/msg/QshellRetval.json\n'}
[1.055784] (px4_msgs) StdoutLine: {'line': b'-- Up-to-date: /home/harsh/ros2_project/install/px4_msgs/share/px4_msgs/msg/RadioStatus.json\n'}
[1.055820] (px4_msgs) StdoutLine: {'line': b'-- Up-to-date: /home/harsh/ros2_project/install/px4_msgs/share/px4_msgs/msg/RateCtrlStatus.json\n'}
[1.055855] (px4_msgs) StdoutLine: {'line': b'-- Up-to-date: /home/harsh/ros2_project/install/px4_msgs/share/px4_msgs/msg/RcChannels.json\n'}
[1.055891] (px4_msgs) StdoutLine: {'line': b'-- Up-to-date: /home/harsh/ros2_project/install/px4_msgs/share/px4_msgs/msg/RcParameterMap.json\n'}
[1.055927] (px4_msgs) StdoutLine: {'line': b'-- Up-to-date: /home/harsh/ros2_project/install/px4_msgs/share/px4_msgs/msg/RegisterExtComponentReply.json\n'}
[1.055964] (px4_msgs) StdoutLine: {'line': b'-- Up-to-date: /home/harsh/ros2_project/install/px4_msgs/share/px4_msgs/msg/RegisterExtComponentRequest.json\n'}
[1.056000] (px4_msgs) StdoutLine: {'line': b'-- Up-to-date: /home/harsh/ros2_project/install/px4_msgs/share/px4_msgs/msg/Rpm.json\n'}
[1.056041] (px4_msgs) StdoutLine: {'line': b'-- Up-to-date: /home/harsh/ros2_project/install/px4_msgs/share/px4_msgs/msg/RtlStatus.json\n'}
[1.056078] (px4_msgs) StdoutLine: {'line': b'-- Up-to-date: /home/harsh/ros2_project/install/px4_msgs/share/px4_msgs/msg/RtlTimeEstimate.json\n'}
[1.056114] (px4_msgs) StdoutLine: {'line': b'-- Up-to-date: /home/harsh/ros2_project/install/px4_msgs/share/px4_msgs/msg/SatelliteInfo.json\n'}
[1.056150] (px4_msgs) StdoutLine: {'line': b'-- Up-to-date: /home/harsh/ros2_project/install/px4_msgs/share/px4_msgs/msg/SensorAccel.json\n'}
[1.056185] (px4_msgs) StdoutLine: {'line': b'-- Up-to-date: /home/harsh/ros2_project/install/px4_msgs/share/px4_msgs/msg/SensorAccelFifo.json\n'}
[1.056221] (px4_msgs) StdoutLine: {'line': b'-- Up-to-date: /home/harsh/ros2_project/install/px4_msgs/share/px4_msgs/msg/SensorAirflow.json\n'}
[1.056256] (px4_msgs) StdoutLine: {'line': b'-- Up-to-date: /home/harsh/ros2_project/install/px4_msgs/share/px4_msgs/msg/SensorBaro.json\n'}
[1.056291] (px4_msgs) StdoutLine: {'line': b'-- Up-to-date: /home/harsh/ros2_project/install/px4_msgs/share/px4_msgs/msg/SensorCombined.json\n'}
[1.056325] (px4_msgs) StdoutLine: {'line': b'-- Up-to-date: /home/harsh/ros2_project/install/px4_msgs/share/px4_msgs/msg/SensorCorrection.json\n'}
[1.056360] (px4_msgs) StdoutLine: {'line': b'-- Up-to-date: /home/harsh/ros2_project/install/px4_msgs/share/px4_msgs/msg/SensorGnssRelative.json\n'}
[1.056395] (px4_msgs) StdoutLine: {'line': b'-- Up-to-date: /home/harsh/ros2_project/install/px4_msgs/share/px4_msgs/msg/SensorGps.json\n'}
[1.056430] (px4_msgs) StdoutLine: {'line': b'-- Up-to-date: /home/harsh/ros2_project/install/px4_msgs/share/px4_msgs/msg/SensorGyro.json\n'}
[1.056465] (px4_msgs) StdoutLine: {'line': b'-- Up-to-date: /home/harsh/ros2_project/install/px4_msgs/share/px4_msgs/msg/SensorGyroFft.json\n'}
[1.056502] (px4_msgs) StdoutLine: {'line': b'-- Up-to-date: /home/harsh/ros2_project/install/px4_msgs/share/px4_msgs/msg/SensorGyroFifo.json\n'}
[1.056538] (px4_msgs) StdoutLine: {'line': b'-- Up-to-date: /home/harsh/ros2_project/install/px4_msgs/share/px4_msgs/msg/SensorHygrometer.json\n'}
[1.056573] (px4_msgs) StdoutLine: {'line': b'-- Up-to-date: /home/harsh/ros2_project/install/px4_msgs/share/px4_msgs/msg/SensorMag.json\n'}
[1.056609] (px4_msgs) StdoutLine: {'line': b'-- Up-to-date: /home/harsh/ros2_project/install/px4_msgs/share/px4_msgs/msg/SensorOpticalFlow.json\n'}
[1.056643] (px4_msgs) StdoutLine: {'line': b'-- Up-to-date: /home/harsh/ros2_project/install/px4_msgs/share/px4_msgs/msg/SensorPreflightMag.json\n'}
[1.056678] (px4_msgs) StdoutLine: {'line': b'-- Up-to-date: /home/harsh/ros2_project/install/px4_msgs/share/px4_msgs/msg/SensorSelection.json\n'}
[1.056713] (px4_msgs) StdoutLine: {'line': b'-- Up-to-date: /home/harsh/ros2_project/install/px4_msgs/share/px4_msgs/msg/SensorUwb.json\n'}
[1.056749] (px4_msgs) StdoutLine: {'line': b'-- Up-to-date: /home/harsh/ros2_project/install/px4_msgs/share/px4_msgs/msg/SensorsStatus.json\n'}
[1.056784] (px4_msgs) StdoutLine: {'line': b'-- Up-to-date: /home/harsh/ros2_project/install/px4_msgs/share/px4_msgs/msg/SensorsStatusImu.json\n'}
[1.056819] (px4_msgs) StdoutLine: {'line': b'-- Up-to-date: /home/harsh/ros2_project/install/px4_msgs/share/px4_msgs/msg/SystemPower.json\n'}
[1.056854] (px4_msgs) StdoutLine: {'line': b'-- Up-to-date: /home/harsh/ros2_project/install/px4_msgs/share/px4_msgs/msg/TakeoffStatus.json\n'}
[1.056891] (px4_msgs) StdoutLine: {'line': b'-- Up-to-date: /home/harsh/ros2_project/install/px4_msgs/share/px4_msgs/msg/TaskStackInfo.json\n'}
[1.056928] (px4_msgs) StdoutLine: {'line': b'-- Up-to-date: /home/harsh/ros2_project/install/px4_msgs/share/px4_msgs/msg/TecsStatus.json\n'}
[1.056962] (px4_msgs) StdoutLine: {'line': b'-- Up-to-date: /home/harsh/ros2_project/install/px4_msgs/share/px4_msgs/msg/TelemetryStatus.json\n'}
[1.056997] (px4_msgs) StdoutLine: {'line': b'-- Up-to-date: /home/harsh/ros2_project/install/px4_msgs/share/px4_msgs/msg/TiltrotorExtraControls.json\n'}
[1.057037] (px4_msgs) StdoutLine: {'line': b'-- Up-to-date: /home/harsh/ros2_project/install/px4_msgs/share/px4_msgs/msg/TimesyncStatus.json\n'}
[1.057072] (px4_msgs) StdoutLine: {'line': b'-- Up-to-date: /home/harsh/ros2_project/install/px4_msgs/share/px4_msgs/msg/TrajectoryBezier.json\n'}
[1.057108] (px4_msgs) StdoutLine: {'line': b'-- Up-to-date: /home/harsh/ros2_project/install/px4_msgs/share/px4_msgs/msg/TrajectorySetpoint.json\n'}
[1.057143] (px4_msgs) StdoutLine: {'line': b'-- Up-to-date: /home/harsh/ros2_project/install/px4_msgs/share/px4_msgs/msg/TrajectoryWaypoint.json\n'}
[1.057177] (px4_msgs) StdoutLine: {'line': b'-- Up-to-date: /home/harsh/ros2_project/install/px4_msgs/share/px4_msgs/msg/TransponderReport.json\n'}
[1.057213] (px4_msgs) StdoutLine: {'line': b'-- Up-to-date: /home/harsh/ros2_project/install/px4_msgs/share/px4_msgs/msg/TuneControl.json\n'}
[1.057248] (px4_msgs) StdoutLine: {'line': b'-- Up-to-date: /home/harsh/ros2_project/install/px4_msgs/share/px4_msgs/msg/UavcanParameterRequest.json\n'}
[1.057282] (px4_msgs) StdoutLine: {'line': b'-- Up-to-date: /home/harsh/ros2_project/install/px4_msgs/share/px4_msgs/msg/UavcanParameterValue.json\n'}
[1.057317] (px4_msgs) StdoutLine: {'line': b'-- Up-to-date: /home/harsh/ros2_project/install/px4_msgs/share/px4_msgs/msg/UlogStream.json\n'}
[1.057351] (px4_msgs) StdoutLine: {'line': b'-- Up-to-date: /home/harsh/ros2_project/install/px4_msgs/share/px4_msgs/msg/UlogStreamAck.json\n'}
[1.057385] (px4_msgs) StdoutLine: {'line': b'-- Up-to-date: /home/harsh/ros2_project/install/px4_msgs/share/px4_msgs/msg/UnregisterExtComponent.json\n'}
[1.057420] (px4_msgs) StdoutLine: {'line': b'-- Up-to-date: /home/harsh/ros2_project/install/px4_msgs/share/px4_msgs/msg/VehicleAcceleration.json\n'}
[1.057455] (px4_msgs) StdoutLine: {'line': b'-- Up-to-date: /home/harsh/ros2_project/install/px4_msgs/share/px4_msgs/msg/VehicleAirData.json\n'}
[1.057491] (px4_msgs) StdoutLine: {'line': b'-- Up-to-date: /home/harsh/ros2_project/install/px4_msgs/share/px4_msgs/msg/VehicleAngularAccelerationSetpoint.json\n'}
[1.057528] (px4_msgs) StdoutLine: {'line': b'-- Up-to-date: /home/harsh/ros2_project/install/px4_msgs/share/px4_msgs/msg/VehicleAngularVelocity.json\n'}
[1.057563] (px4_msgs) StdoutLine: {'line': b'-- Up-to-date: /home/harsh/ros2_project/install/px4_msgs/share/px4_msgs/msg/VehicleAttitude.json\n'}
[1.057599] (px4_msgs) StdoutLine: {'line': b'-- Up-to-date: /home/harsh/ros2_project/install/px4_msgs/share/px4_msgs/msg/VehicleAttitudeSetpoint.json\n'}
[1.057634] (px4_msgs) StdoutLine: {'line': b'-- Up-to-date: /home/harsh/ros2_project/install/px4_msgs/share/px4_msgs/msg/VehicleCommand.json\n'}
[1.057669] (px4_msgs) StdoutLine: {'line': b'-- Up-to-date: /home/harsh/ros2_project/install/px4_msgs/share/px4_msgs/msg/VehicleCommandAck.json\n'}
[1.057704] (px4_msgs) StdoutLine: {'line': b'-- Up-to-date: /home/harsh/ros2_project/install/px4_msgs/share/px4_msgs/msg/VehicleConstraints.json\n'}
[1.057740] (px4_msgs) StdoutLine: {'line': b'-- Up-to-date: /home/harsh/ros2_project/install/px4_msgs/share/px4_msgs/msg/VehicleControlMode.json\n'}
[1.057775] (px4_msgs) StdoutLine: {'line': b'-- Up-to-date: /home/harsh/ros2_project/install/px4_msgs/share/px4_msgs/msg/VehicleGlobalPosition.json\n'}
[1.057809] (px4_msgs) StdoutLine: {'line': b'-- Up-to-date: /home/harsh/ros2_project/install/px4_msgs/share/px4_msgs/msg/VehicleImu.json\n'}
[1.057845] (px4_msgs) StdoutLine: {'line': b'-- Up-to-date: /home/harsh/ros2_project/install/px4_msgs/share/px4_msgs/msg/VehicleImuStatus.json\n'}
[1.057878] (px4_msgs) StdoutLine: {'line': b'-- Up-to-date: /home/harsh/ros2_project/install/px4_msgs/share/px4_msgs/msg/VehicleLandDetected.json\n'}
[1.057911] (px4_msgs) StdoutLine: {'line': b'-- Up-to-date: /home/harsh/ros2_project/install/px4_msgs/share/px4_msgs/msg/VehicleLocalPosition.json\n'}
[1.057944] (px4_msgs) StdoutLine: {'line': b'-- Up-to-date: /home/harsh/ros2_project/install/px4_msgs/share/px4_msgs/msg/VehicleLocalPositionSetpoint.json\n'}
[1.057979] (px4_msgs) StdoutLine: {'line': b'-- Up-to-date: /home/harsh/ros2_project/install/px4_msgs/share/px4_msgs/msg/VehicleMagnetometer.json\n'}
[1.058013] (px4_msgs) StdoutLine: {'line': b'-- Up-to-date: /home/harsh/ros2_project/install/px4_msgs/share/px4_msgs/msg/VehicleOdometry.json\n'}
[1.058048] (px4_msgs) StdoutLine: {'line': b'-- Up-to-date: /home/harsh/ros2_project/install/px4_msgs/share/px4_msgs/msg/VehicleOpticalFlow.json\n'}
[1.058082] (px4_msgs) StdoutLine: {'line': b'-- Up-to-date: /home/harsh/ros2_project/install/px4_msgs/share/px4_msgs/msg/VehicleOpticalFlowVel.json\n'}
[1.058115] (px4_msgs) StdoutLine: {'line': b'-- Up-to-date: /home/harsh/ros2_project/install/px4_msgs/share/px4_msgs/msg/VehicleRatesSetpoint.json\n'}
[1.058150] (px4_msgs) StdoutLine: {'line': b'-- Up-to-date: /home/harsh/ros2_project/install/px4_msgs/share/px4_msgs/msg/VehicleRoi.json\n'}
[1.058184] (px4_msgs) StdoutLine: {'line': b'-- Up-to-date: /home/harsh/ros2_project/install/px4_msgs/share/px4_msgs/msg/VehicleStatus.json\n'}
[1.058219] (px4_msgs) StdoutLine: {'line': b'-- Up-to-date: /home/harsh/ros2_project/install/px4_msgs/share/px4_msgs/msg/VehicleThrustSetpoint.json\n'}
[1.058252] (px4_msgs) StdoutLine: {'line': b'-- Up-to-date: /home/harsh/ros2_project/install/px4_msgs/share/px4_msgs/msg/VehicleTorqueSetpoint.json\n'}
[1.058284] (px4_msgs) StdoutLine: {'line': b'-- Up-to-date: /home/harsh/ros2_project/install/px4_msgs/share/px4_msgs/msg/VehicleTrajectoryBezier.json\n'}
[1.058317] (px4_msgs) StdoutLine: {'line': b'-- Up-to-date: /home/harsh/ros2_project/install/px4_msgs/share/px4_msgs/msg/VehicleTrajectoryWaypoint.json\n'}
[1.058350] (px4_msgs) StdoutLine: {'line': b'-- Up-to-date: /home/harsh/ros2_project/install/px4_msgs/share/px4_msgs/msg/VelocityLimits.json\n'}
[1.058383] (px4_msgs) StdoutLine: {'line': b'-- Up-to-date: /home/harsh/ros2_project/install/px4_msgs/share/px4_msgs/msg/VtolVehicleStatus.json\n'}
[1.058414] (px4_msgs) StdoutLine: {'line': b'-- Up-to-date: /home/harsh/ros2_project/install/px4_msgs/share/px4_msgs/msg/WheelEncoders.json\n'}
[1.058448] (px4_msgs) StdoutLine: {'line': b'-- Up-to-date: /home/harsh/ros2_project/install/px4_msgs/share/px4_msgs/msg/Wind.json\n'}
[1.058480] (px4_msgs) StdoutLine: {'line': b'-- Up-to-date: /home/harsh/ros2_project/install/px4_msgs/share/px4_msgs/msg/YawEstimatorStatus.json\n'}
[1.058513] (px4_msgs) StdoutLine: {'line': b'-- Up-to-date: /home/harsh/ros2_project/install/px4_msgs/share/px4_msgs/srv/VehicleCommand.json\n'}
[1.058646] (px4_msgs) StdoutLine: {'line': b'-- Up-to-date: /home/harsh/ros2_project/install/px4_msgs/include/px4_msgs/px4_msgs\n'}
[1.058684] (px4_msgs) StdoutLine: {'line': b'-- Up-to-date: /home/harsh/ros2_project/install/px4_msgs/include/px4_msgs/px4_msgs/msg\n'}
[1.058718] (px4_msgs) StdoutLine: {'line': b'-- Up-to-date: /home/harsh/ros2_project/install/px4_msgs/include/px4_msgs/px4_msgs/msg/manual_control_switches.h\n'}
[1.058753] (px4_msgs) StdoutLine: {'line': b'-- Up-to-date: /home/harsh/ros2_project/install/px4_msgs/include/px4_msgs/px4_msgs/msg/debug_value.h\n'}
[1.058786] (px4_msgs) StdoutLine: {'line': b'-- Up-to-date: /home/harsh/ros2_project/install/px4_msgs/include/px4_msgs/px4_msgs/msg/gimbal_device_attitude_status.h\n'}
[1.058820] (px4_msgs) StdoutLine: {'line': b'-- Up-to-date: /home/harsh/ros2_project/install/px4_msgs/include/px4_msgs/px4_msgs/msg/system_power.h\n'}
[1.058854] (px4_msgs) StdoutLine: {'line': b'-- Up-to-date: /home/harsh/ros2_project/install/px4_msgs/include/px4_msgs/px4_msgs/msg/qshell_retval.h\n'}
[1.058887] (px4_msgs) StdoutLine: {'line': b'-- Up-to-date: /home/harsh/ros2_project/install/px4_msgs/include/px4_msgs/px4_msgs/msg/sensor_accel.h\n'}
[1.058920] (px4_msgs) StdoutLine: {'line': b'-- Up-to-date: /home/harsh/ros2_project/install/px4_msgs/include/px4_msgs/px4_msgs/msg/cpuload.h\n'}
[1.058953] (px4_msgs) StdoutLine: {'line': b'-- Up-to-date: /home/harsh/ros2_project/install/px4_msgs/include/px4_msgs/px4_msgs/msg/estimator_aid_source3d.h\n'}
[1.058986] (px4_msgs) StdoutLine: {'line': b'-- Up-to-date: /home/harsh/ros2_project/install/px4_msgs/include/px4_msgs/px4_msgs/msg/estimator_gps_status.h\n'}
[1.059023] (px4_msgs) StdoutLine: {'line': b'-- Up-to-date: /home/harsh/ros2_project/install/px4_msgs/include/px4_msgs/px4_msgs/msg/wheel_encoders.h\n'}
[1.059058] (px4_msgs) StdoutLine: {'line': b'-- Up-to-date: /home/harsh/ros2_project/install/px4_msgs/include/px4_msgs/px4_msgs/msg/landing_gear_wheel.h\n'}
[1.059091] (px4_msgs) StdoutLine: {'line': b'-- Up-to-date: /home/harsh/ros2_project/install/px4_msgs/include/px4_msgs/px4_msgs/msg/estimator_aid_source1d.h\n'}
[1.059124] (px4_msgs) StdoutLine: {'line': b'-- Up-to-date: /home/harsh/ros2_project/install/px4_msgs/include/px4_msgs/px4_msgs/msg/mag_worker_data.h\n'}
[1.059158] (px4_msgs) StdoutLine: {'line': b'-- Up-to-date: /home/harsh/ros2_project/install/px4_msgs/include/px4_msgs/px4_msgs/msg/adc_report.h\n'}
[1.059191] (px4_msgs) StdoutLine: {'line': b'-- Up-to-date: /home/harsh/ros2_project/install/px4_msgs/include/px4_msgs/px4_msgs/msg/orb_test.h\n'}
[1.059223] (px4_msgs) StdoutLine: {'line': b'-- Up-to-date: /home/harsh/ros2_project/install/px4_msgs/include/px4_msgs/px4_msgs/msg/launch_detection_status.h\n'}
[1.059261] (px4_msgs) StdoutLine: {'line': b'-- Up-to-date: /home/harsh/ros2_project/install/px4_msgs/include/px4_msgs/px4_msgs/msg/landing_gear.h\n'}
[1.059297] (px4_msgs) StdoutLine: {'line': b'-- Up-to-date: /home/harsh/ros2_project/install/px4_msgs/include/px4_msgs/px4_msgs/msg/vehicle_constraints.h\n'}
[1.059329] (px4_msgs) StdoutLine: {'line': b'-- Up-to-date: /home/harsh/ros2_project/install/px4_msgs/include/px4_msgs/px4_msgs/msg/sensor_combined.h\n'}
[1.059362] (px4_msgs) StdoutLine: {'line': b'-- Up-to-date: /home/harsh/ros2_project/install/px4_msgs/include/px4_msgs/px4_msgs/msg/debug_array.h\n'}
[1.059395] (px4_msgs) StdoutLine: {'line': b'-- Up-to-date: /home/harsh/ros2_project/install/px4_msgs/include/px4_msgs/px4_msgs/msg/ulog_stream_ack.h\n'}
[1.059430] (px4_msgs) StdoutLine: {'line': b'-- Up-to-date: /home/harsh/ros2_project/install/px4_msgs/include/px4_msgs/px4_msgs/msg/gps_dump.h\n'}
[1.059464] (px4_msgs) StdoutLine: {'line': b'-- Up-to-date: /home/harsh/ros2_project/install/px4_msgs/include/px4_msgs/px4_msgs/msg/gpio_request.h\n'}
[1.059496] (px4_msgs) StdoutLine: {'line': b'-- Up-to-date: /home/harsh/ros2_project/install/px4_msgs/include/px4_msgs/px4_msgs/msg/vehicle_command_ack.h\n'}
[1.059529] (px4_msgs) StdoutLine: {'line': b'-- Up-to-date: /home/harsh/ros2_project/install/px4_msgs/include/px4_msgs/px4_msgs/msg/debug_key_value.h\n'}
[1.059563] (px4_msgs) StdoutLine: {'line': b'-- Up-to-date: /home/harsh/ros2_project/install/px4_msgs/include/px4_msgs/px4_msgs/msg/estimator_bias.h\n'}
[1.059596] (px4_msgs) StdoutLine: {'line': b'-- Up-to-date: /home/harsh/ros2_project/install/px4_msgs/include/px4_msgs/px4_msgs/msg/mission.h\n'}
[1.059630] (px4_msgs) StdoutLine: {'line': b'-- Up-to-date: /home/harsh/ros2_project/install/px4_msgs/include/px4_msgs/px4_msgs/msg/estimator_aid_source2d.h\n'}
[1.059662] (px4_msgs) StdoutLine: {'line': b'-- Up-to-date: /home/harsh/ros2_project/install/px4_msgs/include/px4_msgs/px4_msgs/msg/airspeed.h\n'}
[1.059695] (px4_msgs) StdoutLine: {'line': b'-- Up-to-date: /home/harsh/ros2_project/install/px4_msgs/include/px4_msgs/px4_msgs/msg/vehicle_torque_setpoint.h\n'}
[1.059728] (px4_msgs) StdoutLine: {'line': b'-- Up-to-date: /home/harsh/ros2_project/install/px4_msgs/include/px4_msgs/px4_msgs/msg/actuator_controls_status.h\n'}
[1.059761] (px4_msgs) StdoutLine: {'line': b'-- Up-to-date: /home/harsh/ros2_project/install/px4_msgs/include/px4_msgs/px4_msgs/msg/logger_status.h\n'}
[1.059794] (px4_msgs) StdoutLine: {'line': b'-- Up-to-date: /home/harsh/ros2_project/install/px4_msgs/include/px4_msgs/px4_msgs/msg/actuator_test.h\n'}
[1.059827] (px4_msgs) StdoutLine: {'line': b'-- Up-to-date: /home/harsh/ros2_project/install/px4_msgs/include/px4_msgs/px4_msgs/msg/px4io_status.h\n'}
[1.059859] (px4_msgs) StdoutLine: {'line': b'-- Up-to-date: /home/harsh/ros2_project/install/px4_msgs/include/px4_msgs/px4_msgs/msg/npfg_status.h\n'}
[1.059891] (px4_msgs) StdoutLine: {'line': b'-- Up-to-date: /home/harsh/ros2_project/install/px4_msgs/include/px4_msgs/px4_msgs/msg/message_format_request.h\n'}
[1.059924] (px4_msgs) StdoutLine: {'line': b'-- Up-to-date: /home/harsh/ros2_project/install/px4_msgs/include/px4_msgs/px4_msgs/msg/button_event.h\n'}
[1.059957] (px4_msgs) StdoutLine: {'line': b'-- Up-to-date: /home/harsh/ros2_project/install/px4_msgs/include/px4_msgs/px4_msgs/msg/tiltrotor_extra_controls.h\n'}
[1.059989] (px4_msgs) StdoutLine: {'line': b'-- Up-to-date: /home/harsh/ros2_project/install/px4_msgs/include/px4_msgs/px4_msgs/msg/ekf2_timestamps.h\n'}
[1.060028] (px4_msgs) StdoutLine: {'line': b'-- Up-to-date: /home/harsh/ros2_project/install/px4_msgs/include/px4_msgs/px4_msgs/msg/position_controller_landing_status.h\n'}
[1.060061] (px4_msgs) StdoutLine: {'line': b'-- Up-to-date: /home/harsh/ros2_project/install/px4_msgs/include/px4_msgs/px4_msgs/msg/estimator_states.h\n'}
[1.060093] (px4_msgs) StdoutLine: {'line': b'-- Up-to-date: /home/harsh/ros2_project/install/px4_msgs/include/px4_msgs/px4_msgs/msg/collision_report.h\n'}
[1.060125] (px4_msgs) StdoutLine: {'line': b'-- Up-to-date: /home/harsh/ros2_project/install/px4_msgs/include/px4_msgs/px4_msgs/msg/camera_capture.h\n'}
[1.060158] (px4_msgs) StdoutLine: {'line': b'-- Up-to-date: /home/harsh/ros2_project/install/px4_msgs/include/px4_msgs/px4_msgs/msg/sensor_mag.h\n'}
[1.060190] (px4_msgs) StdoutLine: {'line': b'-- Up-to-date: /home/harsh/ros2_project/install/px4_msgs/include/px4_msgs/px4_msgs/msg/sensor_gps.h\n'}
[1.060221] (px4_msgs) StdoutLine: {'line': b'-- Up-to-date: /home/harsh/ros2_project/install/px4_msgs/include/px4_msgs/px4_msgs/msg/gpio_config.h\n'}
[1.060253] (px4_msgs) StdoutLine: {'line': b'-- Up-to-date: /home/harsh/ros2_project/install/px4_msgs/include/px4_msgs/px4_msgs/msg/telemetry_status.h\n'}
[1.060285] (px4_msgs) StdoutLine: {'line': b'-- Up-to-date: /home/harsh/ros2_project/install/px4_msgs/include/px4_msgs/px4_msgs/msg/gimbal_manager_set_manual_control.h\n'}
[1.060318] (px4_msgs) StdoutLine: {'line': b'-- Up-to-date: /home/harsh/ros2_project/install/px4_msgs/include/px4_msgs/px4_msgs/msg/esc_report.h\n'}
[1.060351] (px4_msgs) StdoutLine: {'line': b'-- Up-to-date: /home/harsh/ros2_project/install/px4_msgs/include/px4_msgs/px4_msgs/msg/mount_orientation.h\n'}
[1.060382] (px4_msgs) StdoutLine: {'line': b'-- Up-to-date: /home/harsh/ros2_project/install/px4_msgs/include/px4_msgs/px4_msgs/msg/failsafe_flags.h\n'}
[1.060415] (px4_msgs) StdoutLine: {'line': b'-- Up-to-date: /home/harsh/ros2_project/install/px4_msgs/include/px4_msgs/px4_msgs/msg/arming_check_reply.h\n'}
[1.060447] (px4_msgs) StdoutLine: {'line': b'-- Up-to-date: /home/harsh/ros2_project/install/px4_msgs/include/px4_msgs/px4_msgs/msg/geofence_result.h\n'}
[1.060479] (px4_msgs) StdoutLine: {'line': b'-- Up-to-date: /home/harsh/ros2_project/install/px4_msgs/include/px4_msgs/px4_msgs/msg/vehicle_global_position.h\n'}
[1.060512] (px4_msgs) StdoutLine: {'line': b'-- Up-to-date: /home/harsh/ros2_project/install/px4_msgs/include/px4_msgs/px4_msgs/msg/config_overrides.h\n'}
[1.060545] (px4_msgs) StdoutLine: {'line': b'-- Up-to-date: /home/harsh/ros2_project/install/px4_msgs/include/px4_msgs/px4_msgs/msg/action_request.h\n'}
[1.060577] (px4_msgs) StdoutLine: {'line': b'-- Up-to-date: /home/harsh/ros2_project/install/px4_msgs/include/px4_msgs/px4_msgs/msg/orbit_status.h\n'}
[1.060609] (px4_msgs) StdoutLine: {'line': b'-- Up-to-date: /home/harsh/ros2_project/install/px4_msgs/include/px4_msgs/px4_msgs/msg/sensor_gyro.h\n'}
[1.060641] (px4_msgs) StdoutLine: {'line': b'-- Up-to-date: /home/harsh/ros2_project/install/px4_msgs/include/px4_msgs/px4_msgs/msg/vehicle_attitude_setpoint.h\n'}
[1.060677] (px4_msgs) StdoutLine: {'line': b'-- Up-to-date: /home/harsh/ros2_project/install/px4_msgs/include/px4_msgs/px4_msgs/msg/pps_capture.h\n'}
[1.060710] (px4_msgs) StdoutLine: {'line': b'-- Up-to-date: /home/harsh/ros2_project/install/px4_msgs/include/px4_msgs/px4_msgs/msg/vehicle_imu_status.h\n'}
[1.060742] (px4_msgs) StdoutLine: {'line': b'-- Up-to-date: /home/harsh/ros2_project/install/px4_msgs/include/px4_msgs/px4_msgs/msg/estimator_status.h\n'}
[1.060773] (px4_msgs) StdoutLine: {'line': b'-- Up-to-date: /home/harsh/ros2_project/install/px4_msgs/include/px4_msgs/px4_msgs/msg/airspeed_validated.h\n'}
[1.060805] (px4_msgs) StdoutLine: {'line': b'-- Up-to-date: /home/harsh/ros2_project/install/px4_msgs/include/px4_msgs/px4_msgs/msg/cellular_status.h\n'}
[1.060836] (px4_msgs) StdoutLine: {'line': b'-- Up-to-date: /home/harsh/ros2_project/install/px4_msgs/include/px4_msgs/px4_msgs/msg/unregister_ext_component.h\n'}
[1.060869] (px4_msgs) StdoutLine: {'line': b'-- Up-to-date: /home/harsh/ros2_project/install/px4_msgs/include/px4_msgs/px4_msgs/msg/sensor_correction.h\n'}
[1.060901] (px4_msgs) StdoutLine: {'line': b'-- Up-to-date: /home/harsh/ros2_project/install/px4_msgs/include/px4_msgs/px4_msgs/msg/gpio_out.h\n'}
[1.060934] (px4_msgs) StdoutLine: {'line': b'-- Up-to-date: /home/harsh/ros2_project/install/px4_msgs/include/px4_msgs/px4_msgs/msg/ulog_stream.h\n'}
[1.060965] (px4_msgs) StdoutLine: {'line': b'-- Up-to-date: /home/harsh/ros2_project/install/px4_msgs/include/px4_msgs/px4_msgs/msg/autotune_attitude_control_status.h\n'}
[1.060997] (px4_msgs) StdoutLine: {'line': b'-- Up-to-date: /home/harsh/ros2_project/install/px4_msgs/include/px4_msgs/px4_msgs/msg/mavlink_log.h\n'}
[1.061033] (px4_msgs) StdoutLine: {'line': b'-- Up-to-date: /home/harsh/ros2_project/install/px4_msgs/include/px4_msgs/px4_msgs/msg/gpio_in.h\n'}
[1.061067] (px4_msgs) StdoutLine: {'line': b'-- Up-to-date: /home/harsh/ros2_project/install/px4_msgs/include/px4_msgs/px4_msgs/msg/message_format_response.h\n'}
[1.061098] (px4_msgs) StdoutLine: {'line': b'-- Up-to-date: /home/harsh/ros2_project/install/px4_msgs/include/px4_msgs/px4_msgs/msg/parameter_update.h\n'}
[1.061130] (px4_msgs) StdoutLine: {'line': b'-- Up-to-date: /home/harsh/ros2_project/install/px4_msgs/include/px4_msgs/px4_msgs/msg/obstacle_distance.h\n'}
[1.061162] (px4_msgs) StdoutLine: {'line': b'-- Up-to-date: /home/harsh/ros2_project/install/px4_msgs/include/px4_msgs/px4_msgs/msg/gimbal_manager_set_attitude.h\n'}
[1.061197] (px4_msgs) StdoutLine: {'line': b'-- Up-to-date: /home/harsh/ros2_project/install/px4_msgs/include/px4_msgs/px4_msgs/msg/manual_control_setpoint.h\n'}
[1.061230] (px4_msgs) StdoutLine: {'line': b'-- Up-to-date: /home/harsh/ros2_project/install/px4_msgs/include/px4_msgs/px4_msgs/msg/input_rc.h\n'}
[1.061262] (px4_msgs) StdoutLine: {'line': b'-- Up-to-date: /home/harsh/ros2_project/install/px4_msgs/include/px4_msgs/px4_msgs/msg/vehicle_roi.h\n'}
[1.061294] (px4_msgs) StdoutLine: {'line': b'-- Up-to-date: /home/harsh/ros2_project/install/px4_msgs/include/px4_msgs/px4_msgs/msg/estimator_status_flags.h\n'}
[1.061327] (px4_msgs) StdoutLine: {'line': b'-- Up-to-date: /home/harsh/ros2_project/install/px4_msgs/include/px4_msgs/px4_msgs/msg/gimbal_device_set_attitude.h\n'}
[1.061359] (px4_msgs) StdoutLine: {'line': b'-- Up-to-date: /home/harsh/ros2_project/install/px4_msgs/include/px4_msgs/px4_msgs/msg/gimbal_controls.h\n'}
[1.061393] (px4_msgs) StdoutLine: {'line': b'-- Up-to-date: /home/harsh/ros2_project/install/px4_msgs/include/px4_msgs/px4_msgs/msg/vtol_vehicle_status.h\n'}
[1.061425] (px4_msgs) StdoutLine: {'line': b'-- Up-to-date: /home/harsh/ros2_project/install/px4_msgs/include/px4_msgs/px4_msgs/msg/vehicle_local_position.h\n'}
[1.061457] (px4_msgs) StdoutLine: {'line': b'-- Up-to-date: /home/harsh/ros2_project/install/px4_msgs/include/px4_msgs/px4_msgs/msg/vehicle_angular_acceleration_setpoint.h\n'}
[1.061489] (px4_msgs) StdoutLine: {'line': b'-- Up-to-date: /home/harsh/ros2_project/install/px4_msgs/include/px4_msgs/px4_msgs/msg/vehicle_thrust_setpoint.h\n'}
[1.061521] (px4_msgs) StdoutLine: {'line': b'-- Up-to-date: /home/harsh/ros2_project/install/px4_msgs/include/px4_msgs/px4_msgs/msg/trajectory_waypoint.h\n'}
[1.061553] (px4_msgs) StdoutLine: {'line': b'-- Up-to-date: /home/harsh/ros2_project/install/px4_msgs/include/px4_msgs/px4_msgs/msg/transponder_report.h\n'}
[1.061586] (px4_msgs) StdoutLine: {'line': b'-- Up-to-date: /home/harsh/ros2_project/install/px4_msgs/include/px4_msgs/px4_msgs/msg/tune_control.h\n'}
[1.061618] (px4_msgs) StdoutLine: {'line': b'-- Up-to-date: /home/harsh/ros2_project/install/px4_msgs/include/px4_msgs/px4_msgs/msg/actuator_servos.h\n'}
[1.061650] (px4_msgs) StdoutLine: {'line': b'-- Up-to-date: /home/harsh/ros2_project/install/px4_msgs/include/px4_msgs/px4_msgs/msg/takeoff_status.h\n'}
[1.061683] (px4_msgs) StdoutLine: {'line': b'-- Up-to-date: /home/harsh/ros2_project/install/px4_msgs/include/px4_msgs/px4_msgs/msg/trajectory_bezier.h\n'}
[1.061715] (px4_msgs) StdoutLine: {'line': b'-- Up-to-date: /home/harsh/ros2_project/install/px4_msgs/include/px4_msgs/px4_msgs/msg/vehicle_status.h\n'}
[1.061747] (px4_msgs) StdoutLine: {'line': b'-- Up-to-date: /home/harsh/ros2_project/install/px4_msgs/include/px4_msgs/px4_msgs/msg/vehicle_optical_flow_vel.h\n'}
[1.061778] (px4_msgs) StdoutLine: {'line': b'-- Up-to-date: /home/harsh/ros2_project/install/px4_msgs/include/px4_msgs/px4_msgs/msg/follow_target_status.h\n'}
[1.061810] (px4_msgs) StdoutLine: {'line': b'-- Up-to-date: /home/harsh/ros2_project/install/px4_msgs/include/px4_msgs/px4_msgs/msg/generator_status.h\n'}
[1.061843] (px4_msgs) StdoutLine: {'line': b'-- Up-to-date: /home/harsh/ros2_project/install/px4_msgs/include/px4_msgs/px4_msgs/msg/vehicle_odometry.h\n'}
[1.061876] (px4_msgs) StdoutLine: {'line': b'-- Up-to-date: /home/harsh/ros2_project/install/px4_msgs/include/px4_msgs/px4_msgs/msg/failure_detector_status.h\n'}
[1.061910] (px4_msgs) StdoutLine: {'line': b'-- Up-to-date: /home/harsh/ros2_project/install/px4_msgs/include/px4_msgs/px4_msgs/msg/gps_inject_data.h\n'}
[1.061943] (px4_msgs) StdoutLine: {'line': b'-- Up-to-date: /home/harsh/ros2_project/install/px4_msgs/include/px4_msgs/px4_msgs/msg/vehicle_command.h\n'}
[1.061975] (px4_msgs) StdoutLine: {'line': b'-- Up-to-date: /home/harsh/ros2_project/install/px4_msgs/include/px4_msgs/px4_msgs/msg/rc_channels.h\n'}
[1.062008] (px4_msgs) StdoutLine: {'line': b'-- Up-to-date: /home/harsh/ros2_project/install/px4_msgs/include/px4_msgs/px4_msgs/msg/follow_target_estimator.h\n'}
[1.062121] (px4_msgs) StdoutLine: {'line': b'-- Up-to-date: /home/harsh/ros2_project/install/px4_msgs/include/px4_msgs/px4_msgs/msg/offboard_control_mode.h\n'}
[1.062155] (px4_msgs) StdoutLine: {'line': b'-- Up-to-date: /home/harsh/ros2_project/install/px4_msgs/include/px4_msgs/px4_msgs/msg/qshell_req.h\n'}
[1.062189] (px4_msgs) StdoutLine: {'line': b'-- Up-to-date: /home/harsh/ros2_project/install/px4_msgs/include/px4_msgs/px4_msgs/msg/landing_target_innovations.h\n'}
[1.062222] (px4_msgs) StdoutLine: {'line': b'-- Up-to-date: /home/harsh/ros2_project/install/px4_msgs/include/px4_msgs/px4_msgs/msg/actuator_outputs.h\n'}
[1.062256] (px4_msgs) StdoutLine: {'line': b'-- Up-to-date: /home/harsh/ros2_project/install/px4_msgs/include/px4_msgs/px4_msgs/msg/yaw_estimator_status.h\n'}
[1.062289] (px4_msgs) StdoutLine: {'line': b'-- Up-to-date: /home/harsh/ros2_project/install/px4_msgs/include/px4_msgs/px4_msgs/msg/sensor_baro.h\n'}
[1.062323] (px4_msgs) StdoutLine: {'line': b'-- Up-to-date: /home/harsh/ros2_project/install/px4_msgs/include/px4_msgs/px4_msgs/msg/parameter_set_value_request.h\n'}
[1.062356] (px4_msgs) StdoutLine: {'line': b'-- Up-to-date: /home/harsh/ros2_project/install/px4_msgs/include/px4_msgs/px4_msgs/msg/magnetometer_bias_estimate.h\n'}
[1.062388] (px4_msgs) StdoutLine: {'line': b'-- Up-to-date: /home/harsh/ros2_project/install/px4_msgs/include/px4_msgs/px4_msgs/msg/vehicle_air_data.h\n'}
[1.062421] (px4_msgs) StdoutLine: {'line': b'-- Up-to-date: /home/harsh/ros2_project/install/px4_msgs/include/px4_msgs/px4_msgs/msg/goto_setpoint.h\n'}
[1.062453] (px4_msgs) StdoutLine: {'line': b'-- Up-to-date: /home/harsh/ros2_project/install/px4_msgs/include/px4_msgs/px4_msgs/msg/sensor_gyro_fifo.h\n'}
[1.062486] (px4_msgs) StdoutLine: {'line': b'-- Up-to-date: /home/harsh/ros2_project/install/px4_msgs/include/px4_msgs/px4_msgs/msg/power_monitor.h\n'}
[1.062519] (px4_msgs) StdoutLine: {'line': b'-- Up-to-date: /home/harsh/ros2_project/install/px4_msgs/include/px4_msgs/px4_msgs/msg/position_controller_status.h\n'}
[1.062552] (px4_msgs) StdoutLine: {'line': b'-- Up-to-date: /home/harsh/ros2_project/install/px4_msgs/include/px4_msgs/px4_msgs/msg/geofence_status.h\n'}
[1.062583] (px4_msgs) StdoutLine: {'line': b'-- Up-to-date: /home/harsh/ros2_project/install/px4_msgs/include/px4_msgs/px4_msgs/msg/task_stack_info.h\n'}
[1.062616] (px4_msgs) StdoutLine: {'line': b'-- Up-to-date: /home/harsh/ros2_project/install/px4_msgs/include/px4_msgs/px4_msgs/msg/vehicle_angular_velocity.h\n'}
[1.062647] (px4_msgs) StdoutLine: {'line': b'-- Up-to-date: /home/harsh/ros2_project/install/px4_msgs/include/px4_msgs/px4_msgs/msg/mission_result.h\n'}
[1.062679] (px4_msgs) StdoutLine: {'line': b'-- Up-to-date: /home/harsh/ros2_project/install/px4_msgs/include/px4_msgs/px4_msgs/msg/actuator_motors.h\n'}
[1.062711] (px4_msgs) StdoutLine: {'line': b'-- Up-to-date: /home/harsh/ros2_project/install/px4_msgs/include/px4_msgs/px4_msgs/msg/esc_status.h\n'}
[1.062743] (px4_msgs) StdoutLine: {'line': b'-- Up-to-date: /home/harsh/ros2_project/install/px4_msgs/include/px4_msgs/px4_msgs/msg/irlock_report.h\n'}
[1.062775] (px4_msgs) StdoutLine: {'line': b'-- Up-to-date: /home/harsh/ros2_project/install/px4_msgs/include/px4_msgs/px4_msgs/msg/orb_test_large.h\n'}
[1.062807] (px4_msgs) StdoutLine: {'line': b'-- Up-to-date: /home/harsh/ros2_project/install/px4_msgs/include/px4_msgs/px4_msgs/msg/follow_target.h\n'}
[1.062840] (px4_msgs) StdoutLine: {'line': b'-- Up-to-date: /home/harsh/ros2_project/install/px4_msgs/include/px4_msgs/px4_msgs/msg/parameter_set_used_request.h\n'}
[1.062874] (px4_msgs) StdoutLine: {'line': b'-- Up-to-date: /home/harsh/ros2_project/install/px4_msgs/include/px4_msgs/px4_msgs/msg/led_control.h\n'}
[1.062908] (px4_msgs) StdoutLine: {'line': b'-- Up-to-date: /home/harsh/ros2_project/install/px4_msgs/include/px4_msgs/px4_msgs/msg/heater_status.h\n'}
[1.062943] (px4_msgs) StdoutLine: {'line': b'-- Up-to-date: /home/harsh/ros2_project/install/px4_msgs/include/px4_msgs/px4_msgs/msg/sensor_gyro_fft.h\n'}
[1.062978] (px4_msgs) StdoutLine: {'line': b'-- Up-to-date: /home/harsh/ros2_project/install/px4_msgs/include/px4_msgs/px4_msgs/msg/vehicle_local_position_setpoint.h\n'}
[1.063021] (px4_msgs) StdoutLine: {'line': b'-- Up-to-date: /home/harsh/ros2_project/install/px4_msgs/include/px4_msgs/px4_msgs/msg/sensor_selection.h\n'}
[1.063156] (px4_msgs) StdoutLine: {'line': b'-- Up-to-date: /home/harsh/ros2_project/install/px4_msgs/include/px4_msgs/px4_msgs/msg/sensor_optical_flow.h\n'}
[1.063197] (px4_msgs) StdoutLine: {'line': b'-- Up-to-date: /home/harsh/ros2_project/install/px4_msgs/include/px4_msgs/px4_msgs/msg/position_setpoint.h\n'}
[1.063233] (px4_msgs) StdoutLine: {'line': b'-- Up-to-date: /home/harsh/ros2_project/install/px4_msgs/include/px4_msgs/px4_msgs/msg/mode_completed.h\n'}
[1.063272] (px4_msgs) StdoutLine: {'line': b'-- Up-to-date: /home/harsh/ros2_project/install/px4_msgs/include/px4_msgs/px4_msgs/msg/uavcan_parameter_value.h\n'}
[1.063313] (px4_msgs) StdoutLine: {'line': b'-- Up-to-date: /home/harsh/ros2_project/install/px4_msgs/include/px4_msgs/px4_msgs/msg/arming_check_request.h\n'}
[1.063351] (px4_msgs) StdoutLine: {'line': b'-- Up-to-date: /home/harsh/ros2_project/install/px4_msgs/include/px4_msgs/px4_msgs/msg/estimator_selector_status.h\n'}
[1.063388] (px4_msgs) StdoutLine: {'line': b'-- Up-to-date: /home/harsh/ros2_project/install/px4_msgs/include/px4_msgs/px4_msgs/msg/rpm.h\n'}
[1.063422] (px4_msgs) StdoutLine: {'line': b'-- Up-to-date: /home/harsh/ros2_project/install/px4_msgs/include/px4_msgs/px4_msgs/msg/vehicle_optical_flow.h\n'}
[1.063467] (px4_msgs) StdoutLine: {'line': b'-- Up-to-date: /home/harsh/ros2_project/install/px4_msgs/include/px4_msgs/px4_msgs/msg/rc_parameter_map.h\n'}
[1.063503] (px4_msgs) StdoutLine: {'line': b'-- Up-to-date: /home/harsh/ros2_project/install/px4_msgs/include/px4_msgs/px4_msgs/msg/airspeed_wind.h\n'}
[1.063539] (px4_msgs) StdoutLine: {'line': b'-- Up-to-date: /home/harsh/ros2_project/install/px4_msgs/include/px4_msgs/px4_msgs/msg/power_button_state.h\n'}
[1.063573] (px4_msgs) StdoutLine: {'line': b'-- Up-to-date: /home/harsh/ros2_project/install/px4_msgs/include/px4_msgs/px4_msgs/msg/vehicle_trajectory_waypoint.h\n'}
[1.063611] (px4_msgs) StdoutLine: {'line': b'-- Up-to-date: /home/harsh/ros2_project/install/px4_msgs/include/px4_msgs/px4_msgs/msg/sensors_status_imu.h\n'}
[1.063647] (px4_msgs) StdoutLine: {'line': b'-- Up-to-date: /home/harsh/ros2_project/install/px4_msgs/include/px4_msgs/px4_msgs/msg/wind.h\n'}
[1.063682] (px4_msgs) StdoutLine: {'line': b'-- Up-to-date: /home/harsh/ros2_project/install/px4_msgs/include/px4_msgs/px4_msgs/msg/position_setpoint_triplet.h\n'}
[1.063719] (px4_msgs) StdoutLine: {'line': b'-- Up-to-date: /home/harsh/ros2_project/install/px4_msgs/include/px4_msgs/px4_msgs/msg/pwm_input.h\n'}
[1.063752] (px4_msgs) StdoutLine: {'line': b'-- Up-to-date: /home/harsh/ros2_project/install/px4_msgs/include/px4_msgs/px4_msgs/msg/sensor_preflight_mag.h\n'}
[1.063788] (px4_msgs) StdoutLine: {'line': b'-- Up-to-date: /home/harsh/ros2_project/install/px4_msgs/include/px4_msgs/px4_msgs/msg/rosidl_generator_c__visibility_control.h\n'}
[1.063825] (px4_msgs) StdoutLine: {'line': b'-- Up-to-date: /home/harsh/ros2_project/install/px4_msgs/include/px4_msgs/px4_msgs/msg/actuator_servos_trim.h\n'}
[1.063860] (px4_msgs) StdoutLine: {'line': b'-- Up-to-date: /home/harsh/ros2_project/install/px4_msgs/include/px4_msgs/px4_msgs/msg/debug_vect.h\n'}
[1.063893] (px4_msgs) StdoutLine: {'line': b'-- Up-to-date: /home/harsh/ros2_project/install/px4_msgs/include/px4_msgs/px4_msgs/msg/vehicle_control_mode.h\n'}
[1.063925] (px4_msgs) StdoutLine: {'line': b'-- Up-to-date: /home/harsh/ros2_project/install/px4_msgs/include/px4_msgs/px4_msgs/msg/can_interface_status.h\n'}
[1.063958] (px4_msgs) StdoutLine: {'line': b'-- Up-to-date: /home/harsh/ros2_project/install/px4_msgs/include/px4_msgs/px4_msgs/msg/sensor_airflow.h\n'}
[1.063996] (px4_msgs) StdoutLine: {'line': b'-- Up-to-date: /home/harsh/ros2_project/install/px4_msgs/include/px4_msgs/px4_msgs/msg/collision_constraints.h\n'}
[1.064045] (px4_msgs) StdoutLine: {'line': b'-- Up-to-date: /home/harsh/ros2_project/install/px4_msgs/include/px4_msgs/px4_msgs/msg/navigator_mission_item.h\n'}
[1.064084] (px4_msgs) StdoutLine: {'line': b'-- Up-to-date: /home/harsh/ros2_project/install/px4_msgs/include/px4_msgs/px4_msgs/msg/radio_status.h\n'}
[1.064119] (px4_msgs) StdoutLine: {'line': b'-- Up-to-date: /home/harsh/ros2_project/install/px4_msgs/include/px4_msgs/px4_msgs/msg/health_report.h\n'}
[1.064155] (px4_msgs) StdoutLine: {'line': b'-- Up-to-date: /home/harsh/ros2_project/install/px4_msgs/include/px4_msgs/px4_msgs/msg/satellite_info.h\n'}
[1.064193] (px4_msgs) StdoutLine: {'line': b'-- Up-to-date: /home/harsh/ros2_project/install/px4_msgs/include/px4_msgs/px4_msgs/msg/register_ext_component_reply.h\n'}
[1.064230] (px4_msgs) StdoutLine: {'line': b'-- Up-to-date: /home/harsh/ros2_project/install/px4_msgs/include/px4_msgs/px4_msgs/msg/normalized_unsigned_setpoint.h\n'}
[1.064271] (px4_msgs) StdoutLine: {'line': b'-- Up-to-date: /home/harsh/ros2_project/install/px4_msgs/include/px4_msgs/px4_msgs/msg/sensors_status.h\n'}
[1.064328] (px4_msgs) StdoutLine: {'line': b'-- Up-to-date: /home/harsh/ros2_project/install/px4_msgs/include/px4_msgs/px4_msgs/msg/camera_status.h\n'}
[1.064366] (px4_msgs) StdoutLine: {'line': b'-- Up-to-date: /home/harsh/ros2_project/install/px4_msgs/include/px4_msgs/px4_msgs/msg/estimator_innovations.h\n'}
[1.064406] (px4_msgs) StdoutLine: {'line': b'-- Up-to-date: /home/harsh/ros2_project/install/px4_msgs/include/px4_msgs/px4_msgs/msg/rate_ctrl_status.h\n'}
[1.064444] (px4_msgs) StdoutLine: {'line': b'-- Up-to-date: /home/harsh/ros2_project/install/px4_msgs/include/px4_msgs/px4_msgs/msg/dataman_request.h\n'}
[1.064488] (px4_msgs) StdoutLine: {'line': b'-- Up-to-date: /home/harsh/ros2_project/install/px4_msgs/include/px4_msgs/px4_msgs/msg/vehicle_magnetometer.h\n'}
[1.064536] (px4_msgs) StdoutLine: {'line': b'-- Up-to-date: /home/harsh/ros2_project/install/px4_msgs/include/px4_msgs/px4_msgs/msg/event.h\n'}
[1.064578] (px4_msgs) StdoutLine: {'line': b'-- Up-to-date: /home/harsh/ros2_project/install/px4_msgs/include/px4_msgs/px4_msgs/msg/home_position.h\n'}
[1.064618] (px4_msgs) StdoutLine: {'line': b'-- Up-to-date: /home/harsh/ros2_project/install/px4_msgs/include/px4_msgs/px4_msgs/msg/actuator_armed.h\n'}
[1.064656] (px4_msgs) StdoutLine: {'line': b'-- Up-to-date: /home/harsh/ros2_project/install/px4_msgs/include/px4_msgs/px4_msgs/msg/vehicle_land_detected.h\n'}
[1.064699] (px4_msgs) StdoutLine: {'line': b'-- Up-to-date: /home/harsh/ros2_project/install/px4_msgs/include/px4_msgs/px4_msgs/msg/gimbal_device_information.h\n'}
[1.064737] (px4_msgs) StdoutLine: {'line': b'-- Up-to-date: /home/harsh/ros2_project/install/px4_msgs/include/px4_msgs/px4_msgs/msg/vehicle_trajectory_bezier.h\n'}
[1.064782] (px4_msgs) StdoutLine: {'line': b'-- Up-to-date: /home/harsh/ros2_project/install/px4_msgs/include/px4_msgs/px4_msgs/msg/sensor_gnss_relative.h\n'}
[1.064825] (px4_msgs) StdoutLine: {'line': b'-- Up-to-date: /home/harsh/ros2_project/install/px4_msgs/include/px4_msgs/px4_msgs/msg/buffer128.h\n'}
[1.064862] (px4_msgs) StdoutLine: {'line': b'-- Up-to-date: /home/harsh/ros2_project/install/px4_msgs/include/px4_msgs/px4_msgs/msg/ping.h\n'}
[1.064901] (px4_msgs) StdoutLine: {'line': b'-- Up-to-date: /home/harsh/ros2_project/install/px4_msgs/include/px4_msgs/px4_msgs/msg/figure_eight_status.h\n'}
[1.064937] (px4_msgs) StdoutLine: {'line': b'-- Up-to-date: /home/harsh/ros2_project/install/px4_msgs/include/px4_msgs/px4_msgs/msg/gimbal_manager_status.h\n'}
[1.064973] (px4_msgs) StdoutLine: {'line': b'-- Up-to-date: /home/harsh/ros2_project/install/px4_msgs/include/px4_msgs/px4_msgs/msg/control_allocator_status.h\n'}
[1.065015] (px4_msgs) StdoutLine: {'line': b'-- Up-to-date: /home/harsh/ros2_project/install/px4_msgs/include/px4_msgs/px4_msgs/msg/iridiumsbd_status.h\n'}
[1.065057] (px4_msgs) StdoutLine: {'line': b'-- Up-to-date: /home/harsh/ros2_project/install/px4_msgs/include/px4_msgs/px4_msgs/msg/battery_status.h\n'}
[1.065227] (px4_msgs) StdoutLine: {'line': b'-- Up-to-date: /home/harsh/ros2_project/install/px4_msgs/include/px4_msgs/px4_msgs/msg/gripper.h\n'}
[1.065271] (px4_msgs) StdoutLine: {'line': b'-- Up-to-date: /home/harsh/ros2_project/install/px4_msgs/include/px4_msgs/px4_msgs/msg/estimator_bias3d.h\n'}
[1.065310] (px4_msgs) StdoutLine: {'line': b'-- Up-to-date: /home/harsh/ros2_project/install/px4_msgs/include/px4_msgs/px4_msgs/msg/sensor_hygrometer.h\n'}
[1.065345] (px4_msgs) StdoutLine: {'line': b'-- Up-to-date: /home/harsh/ros2_project/install/px4_msgs/include/px4_msgs/px4_msgs/msg/parameter_set_value_response.h\n'}
[1.065383] (px4_msgs) StdoutLine: {'line': b'-- Up-to-date: /home/harsh/ros2_project/install/px4_msgs/include/px4_msgs/px4_msgs/msg/sensor_uwb.h\n'}
[1.065421] (px4_msgs) StdoutLine: {'line': b'-- Up-to-date: /home/harsh/ros2_project/install/px4_msgs/include/px4_msgs/px4_msgs/msg/estimator_event_flags.h\n'}
[1.065459] (px4_msgs) StdoutLine: {'line': b'-- Up-to-date: /home/harsh/ros2_project/install/px4_msgs/include/px4_msgs/px4_msgs/msg/mavlink_tunnel.h\n'}
[1.065496] (px4_msgs) StdoutLine: {'line': b'-- Up-to-date: /home/harsh/ros2_project/install/px4_msgs/include/px4_msgs/px4_msgs/msg/orb_test_medium.h\n'}
[1.065569] (px4_msgs) StdoutLine: {'line': b'-- Up-to-date: /home/harsh/ros2_project/install/px4_msgs/include/px4_msgs/px4_msgs/msg/differential_drive_setpoint.h\n'}
[1.065617] (px4_msgs) StdoutLine: {'line': b'-- Up-to-date: /home/harsh/ros2_project/install/px4_msgs/include/px4_msgs/px4_msgs/msg/timesync_status.h\n'}
[1.065653] (px4_msgs) StdoutLine: {'line': b'-- Up-to-date: /home/harsh/ros2_project/install/px4_msgs/include/px4_msgs/px4_msgs/msg/register_ext_component_request.h\n'}
[1.065689] (px4_msgs) StdoutLine: {'line': b'-- Up-to-date: /home/harsh/ros2_project/install/px4_msgs/include/px4_msgs/px4_msgs/msg/vehicle_acceleration.h\n'}
[1.065724] (px4_msgs) StdoutLine: {'line': b'-- Up-to-date: /home/harsh/ros2_project/install/px4_msgs/include/px4_msgs/px4_msgs/msg/distance_sensor.h\n'}
[1.065759] (px4_msgs) StdoutLine: {'line': b'-- Up-to-date: /home/harsh/ros2_project/install/px4_msgs/include/px4_msgs/px4_msgs/msg/differential_pressure.h\n'}
[1.065793] (px4_msgs) StdoutLine: {'line': b'-- Up-to-date: /home/harsh/ros2_project/install/px4_msgs/include/px4_msgs/px4_msgs/msg/onboard_computer_status.h\n'}
[1.065839] (px4_msgs) StdoutLine: {'line': b'-- Up-to-date: /home/harsh/ros2_project/install/px4_msgs/include/px4_msgs/px4_msgs/msg/rtl_time_estimate.h\n'}
[1.065900] (px4_msgs) StdoutLine: {'line': b'-- Up-to-date: /home/harsh/ros2_project/install/px4_msgs/include/px4_msgs/px4_msgs/msg/sensor_accel_fifo.h\n'}
[1.065941] (px4_msgs) StdoutLine: {'line': b'-- Up-to-date: /home/harsh/ros2_project/install/px4_msgs/include/px4_msgs/px4_msgs/msg/dataman_response.h\n'}
[1.065978] (px4_msgs) StdoutLine: {'line': b'-- Up-to-date: /home/harsh/ros2_project/install/px4_msgs/include/px4_msgs/px4_msgs/msg/rtl_status.h\n'}
[1.066022] (px4_msgs) StdoutLine: {'line': b'-- Up-to-date: /home/harsh/ros2_project/install/px4_msgs/include/px4_msgs/px4_msgs/msg/trajectory_setpoint.h\n'}
[1.066091] (px4_msgs) StdoutLine: {'line': b'-- Up-to-date: /home/harsh/ros2_project/install/px4_msgs/include/px4_msgs/px4_msgs/msg/parameter_reset_request.h\n'}
[1.066174] (px4_msgs) StdoutLine: {'line': b'-- Up-to-date: /home/harsh/ros2_project/install/px4_msgs/include/px4_msgs/px4_msgs/msg/internal_combustion_engine_status.h\n'}
[1.066214] (px4_msgs) StdoutLine: {'line': b'-- Up-to-date: /home/harsh/ros2_project/install/px4_msgs/include/px4_msgs/px4_msgs/msg/tecs_status.h\n'}
[1.066335] (px4_msgs) StdoutLine: {'line': b'-- Up-to-date: /home/harsh/ros2_project/install/px4_msgs/include/px4_msgs/px4_msgs/msg/landing_target_pose.h\n'}
[1.066378] (px4_msgs) StdoutLine: {'line': b'-- Up-to-date: /home/harsh/ros2_project/install/px4_msgs/include/px4_msgs/px4_msgs/msg/velocity_limits.h\n'}
[1.066432] (px4_msgs) StdoutLine: {'line': b'-- Up-to-date: /home/harsh/ros2_project/install/px4_msgs/include/px4_msgs/px4_msgs/msg/flight_phase_estimation.h\n'}
[1.066553] (px4_msgs) StdoutLine: {'line': b'-- Up-to-date: /home/harsh/ros2_project/install/px4_msgs/include/px4_msgs/px4_msgs/msg/vehicle_rates_setpoint.h\n'}
[1.066598] (px4_msgs) StdoutLine: {'line': b'-- Up-to-date: /home/harsh/ros2_project/install/px4_msgs/include/px4_msgs/px4_msgs/msg/uavcan_parameter_request.h\n'}
[1.066792] (px4_msgs) StdoutLine: {'line': b'-- Up-to-date: /home/harsh/ros2_project/install/px4_msgs/include/px4_msgs/px4_msgs/msg/log_message.h\n'}
[1.066837] (px4_msgs) StdoutLine: {'line': b'-- Up-to-date: /home/harsh/ros2_project/install/px4_msgs/include/px4_msgs/px4_msgs/msg/hover_thrust_estimate.h\n'}
[1.066876] (px4_msgs) StdoutLine: {'line': b'-- Up-to-date: /home/harsh/ros2_project/install/px4_msgs/include/px4_msgs/px4_msgs/msg/gimbal_manager_information.h\n'}
[1.066917] (px4_msgs) StdoutLine: {'line': b'-- Up-to-date: /home/harsh/ros2_project/install/px4_msgs/include/px4_msgs/px4_msgs/msg/vehicle_imu.h\n'}
[1.067308] (px4_msgs) StdoutLine: {'line': b'-- Up-to-date: /home/harsh/ros2_project/install/px4_msgs/include/px4_msgs/px4_msgs/msg/estimator_sensor_bias.h\n'}
[1.067506] (px4_msgs) StdoutLine: {'line': b'-- Up-to-date: /home/harsh/ros2_project/install/px4_msgs/include/px4_msgs/px4_msgs/msg/camera_trigger.h\n'}
[1.067556] (px4_msgs) StdoutLine: {'line': b'-- Up-to-date: /home/harsh/ros2_project/install/px4_msgs/include/px4_msgs/px4_msgs/msg/vehicle_attitude.h\n'}
[1.067593] (px4_msgs) StdoutLine: {'line': b'-- Up-to-date: /home/harsh/ros2_project/install/px4_msgs/include/px4_msgs/px4_msgs/msg/detail\n'}
[1.067630] (px4_msgs) StdoutLine: {'line': b'-- Up-to-date: /home/harsh/ros2_project/install/px4_msgs/include/px4_msgs/px4_msgs/msg/detail/unregister_ext_component__struct.h\n'}
[1.067666] (px4_msgs) StdoutLine: {'line': b'-- Up-to-date: /home/harsh/ros2_project/install/px4_msgs/include/px4_msgs/px4_msgs/msg/detail/geofence_status__functions.h\n'}
[1.067701] (px4_msgs) StdoutLine: {'line': b'-- Up-to-date: /home/harsh/ros2_project/install/px4_msgs/include/px4_msgs/px4_msgs/msg/detail/satellite_info__type_support.h\n'}
[1.067734] (px4_msgs) StdoutLine: {'line': b'-- Up-to-date: /home/harsh/ros2_project/install/px4_msgs/include/px4_msgs/px4_msgs/msg/detail/action_request__description.c\n'}
[1.067770] (px4_msgs) StdoutLine: {'line': b'-- Installing: /home/harsh/ros2_project/install/px4_msgs/include/px4_msgs/px4_msgs/msg/detail/vehicle_magnetometer__type_support.c\n'}
[1.067803] (px4_msgs) StdoutLine: {'line': b'-- Installing: /home/harsh/ros2_project/install/px4_msgs/include/px4_msgs/px4_msgs/msg/detail/dataman_response__type_support.c\n'}
[1.067837] (px4_msgs) StdoutLine: {'line': b'-- Installing: /home/harsh/ros2_project/install/px4_msgs/include/px4_msgs/px4_msgs/msg/detail/sensor_gyro_fifo__type_support.c\n'}
[1.067873] (px4_msgs) StdoutLine: {'line': b'-- Up-to-date: /home/harsh/ros2_project/install/px4_msgs/include/px4_msgs/px4_msgs/msg/detail/sensor_accel_fifo__functions.h\n'}
[1.067907] (px4_msgs) StdoutLine: {'line': b'-- Up-to-date: /home/harsh/ros2_project/install/px4_msgs/include/px4_msgs/px4_msgs/msg/detail/log_message__functions.h\n'}
[1.067943] (px4_msgs) StdoutLine: {'line': b'-- Up-to-date: /home/harsh/ros2_project/install/px4_msgs/include/px4_msgs/px4_msgs/msg/detail/cpuload__description.c\n'}
[1.067980] (px4_msgs) StdoutLine: {'line': b'-- Up-to-date: /home/harsh/ros2_project/install/px4_msgs/include/px4_msgs/px4_msgs/msg/detail/estimator_states__functions.c\n'}
[1.068040] (px4_msgs) StdoutLine: {'line': b'-- Up-to-date: /home/harsh/ros2_project/install/px4_msgs/include/px4_msgs/px4_msgs/msg/detail/camera_capture__type_support.h\n'}
[1.068080] (px4_msgs) StdoutLine: {'line': b'-- Up-to-date: /home/harsh/ros2_project/install/px4_msgs/include/px4_msgs/px4_msgs/msg/detail/vehicle_air_data__type_support.h\n'}
[1.068117] (px4_msgs) StdoutLine: {'line': b'-- Up-to-date: /home/harsh/ros2_project/install/px4_msgs/include/px4_msgs/px4_msgs/msg/detail/gps_dump__type_support.h\n'}
[1.068151] (px4_msgs) StdoutLine: {'line': b'-- Up-to-date: /home/harsh/ros2_project/install/px4_msgs/include/px4_msgs/px4_msgs/msg/detail/gimbal_device_attitude_status__functions.h\n'}
[1.068223] (px4_msgs) StdoutLine: {'line': b'-- Up-to-date: /home/harsh/ros2_project/install/px4_msgs/include/px4_msgs/px4_msgs/msg/detail/failsafe_flags__functions.c\n'}
[1.068261] (px4_msgs) StdoutLine: {'line': b'-- Up-to-date: /home/harsh/ros2_project/install/px4_msgs/include/px4_msgs/px4_msgs/msg/detail/rc_channels__functions.h\n'}
[1.068297] (px4_msgs) StdoutLine: {'line': b'-- Up-to-date: /home/harsh/ros2_project/install/px4_msgs/include/px4_msgs/px4_msgs/msg/detail/trajectory_bezier__description.c\n'}
[1.068371] (px4_msgs) StdoutLine: {'line': b'-- Up-to-date: /home/harsh/ros2_project/install/px4_msgs/include/px4_msgs/px4_msgs/msg/detail/debug_array__description.c\n'}
[1.068425] (px4_msgs) StdoutLine: {'line': b'-- Up-to-date: /home/harsh/ros2_project/install/px4_msgs/include/px4_msgs/px4_msgs/msg/detail/geofence_status__functions.c\n'}
[1.068462] (px4_msgs) StdoutLine: {'line': b'-- Up-to-date: /home/harsh/ros2_project/install/px4_msgs/include/px4_msgs/px4_msgs/msg/detail/parameter_set_used_request__description.c\n'}
[1.068502] (px4_msgs) StdoutLine: {'line': b'-- Up-to-date: /home/harsh/ros2_project/install/px4_msgs/include/px4_msgs/px4_msgs/msg/detail/button_event__description.c\n'}
[1.068545] (px4_msgs) StdoutLine: {'line': b'-- Up-to-date: /home/harsh/ros2_project/install/px4_msgs/include/px4_msgs/px4_msgs/msg/detail/estimator_status__description.c\n'}
[1.068591] (px4_msgs) StdoutLine: {'line': b'-- Up-to-date: /home/harsh/ros2_project/install/px4_msgs/include/px4_msgs/px4_msgs/msg/detail/button_event__type_support.h\n'}
[1.068663] (px4_msgs) StdoutLine: {'line': b'-- Up-to-date: /home/harsh/ros2_project/install/px4_msgs/include/px4_msgs/px4_msgs/msg/detail/sensor_accel_fifo__struct.h\n'}
[1.068701] (px4_msgs) StdoutLine: {'line': b'-- Up-to-date: /home/harsh/ros2_project/install/px4_msgs/include/px4_msgs/px4_msgs/msg/detail/launch_detection_status__description.c\n'}
[1.068734] (px4_msgs) StdoutLine: {'line': b'-- Up-to-date: /home/harsh/ros2_project/install/px4_msgs/include/px4_msgs/px4_msgs/msg/detail/battery_status__type_support.h\n'}
[1.068769] (px4_msgs) StdoutLine: {'line': b'-- Up-to-date: /home/harsh/ros2_project/install/px4_msgs/include/px4_msgs/px4_msgs/msg/detail/velocity_limits__functions.c\n'}
[1.068807] (px4_msgs) StdoutLine: {'line': b'-- Up-to-date: /home/harsh/ros2_project/install/px4_msgs/include/px4_msgs/px4_msgs/msg/detail/tecs_status__type_support.h\n'}
[1.068842] (px4_msgs) StdoutLine: {'line': b'-- Up-to-date: /home/harsh/ros2_project/install/px4_msgs/include/px4_msgs/px4_msgs/msg/detail/gimbal_manager_set_attitude__functions.c\n'}
[1.069116] (px4_msgs) StdoutLine: {'line': b'-- Installing: /home/harsh/ros2_project/install/px4_msgs/include/px4_msgs/px4_msgs/msg/detail/sensor_accel__type_support.c\n'}
[1.069212] (px4_msgs) StdoutLine: {'line': b'-- Up-to-date: /home/harsh/ros2_project/install/px4_msgs/include/px4_msgs/px4_msgs/msg/detail/gpio_out__type_support.h\n'}
[1.069255] (px4_msgs) StdoutLine: {'line': b'-- Up-to-date: /home/harsh/ros2_project/install/px4_msgs/include/px4_msgs/px4_msgs/msg/detail/timesync_status__struct.h\n'}
[1.069295] (px4_msgs) StdoutLine: {'line': b'-- Up-to-date: /home/harsh/ros2_project/install/px4_msgs/include/px4_msgs/px4_msgs/msg/detail/vehicle_roi__functions.h\n'}
[1.069332] (px4_msgs) StdoutLine: {'line': b'-- Up-to-date: /home/harsh/ros2_project/install/px4_msgs/include/px4_msgs/px4_msgs/msg/detail/airspeed_validated__struct.h\n'}
[1.069367] (px4_msgs) StdoutLine: {'line': b'-- Up-to-date: /home/harsh/ros2_project/install/px4_msgs/include/px4_msgs/px4_msgs/msg/detail/sensor_mag__struct.h\n'}
[1.069400] (px4_msgs) StdoutLine: {'line': b'-- Up-to-date: /home/harsh/ros2_project/install/px4_msgs/include/px4_msgs/px4_msgs/msg/detail/vehicle_status__struct.h\n'}
[1.069437] (px4_msgs) StdoutLine: {'line': b'-- Installing: /home/harsh/ros2_project/install/px4_msgs/include/px4_msgs/px4_msgs/msg/detail/goto_setpoint__type_support.c\n'}
[1.069670] (px4_msgs) StdoutLine: {'line': b'-- Up-to-date: /home/harsh/ros2_project/install/px4_msgs/include/px4_msgs/px4_msgs/msg/detail/vehicle_acceleration__type_support.h\n'}
[1.069742] (px4_msgs) StdoutLine: {'line': b'-- Up-to-date: /home/harsh/ros2_project/install/px4_msgs/include/px4_msgs/px4_msgs/msg/detail/position_setpoint_triplet__struct.h\n'}
[1.069782] (px4_msgs) StdoutLine: {'line': b'-- Installing: /home/harsh/ros2_project/install/px4_msgs/include/px4_msgs/px4_msgs/msg/detail/power_monitor__type_support.c\n'}
[1.069816] (px4_msgs) StdoutLine: {'line': b'-- Up-to-date: /home/harsh/ros2_project/install/px4_msgs/include/px4_msgs/px4_msgs/msg/detail/follow_target__functions.c\n'}
[1.069851] (px4_msgs) StdoutLine: {'line': b'-- Up-to-date: /home/harsh/ros2_project/install/px4_msgs/include/px4_msgs/px4_msgs/msg/detail/estimator_status__struct.h\n'}
[1.069915] (px4_msgs) StdoutLine: {'line': b'-- Up-to-date: /home/harsh/ros2_project/install/px4_msgs/include/px4_msgs/px4_msgs/msg/detail/estimator_bias3d__struct.h\n'}
[1.069966] (px4_msgs) StdoutLine: {'line': b'-- Up-to-date: /home/harsh/ros2_project/install/px4_msgs/include/px4_msgs/px4_msgs/msg/detail/position_controller_status__functions.h\n'}
[1.070021] (px4_msgs) StdoutLine: {'line': b'-- Up-to-date: /home/harsh/ros2_project/install/px4_msgs/include/px4_msgs/px4_msgs/msg/detail/vehicle_trajectory_waypoint__functions.h\n'}
[1.070057] (px4_msgs) StdoutLine: {'line': b'-- Up-to-date: /home/harsh/ros2_project/install/px4_msgs/include/px4_msgs/px4_msgs/msg/detail/manual_control_switches__type_support.h\n'}
[1.070088] (px4_msgs) StdoutLine: {'line': b'-- Up-to-date: /home/harsh/ros2_project/install/px4_msgs/include/px4_msgs/px4_msgs/msg/detail/debug_key_value__struct.h\n'}
[1.070120] (px4_msgs) StdoutLine: {'line': b'-- Up-to-date: /home/harsh/ros2_project/install/px4_msgs/include/px4_msgs/px4_msgs/msg/detail/wind__description.c\n'}
[1.070149] (px4_msgs) StdoutLine: {'line': b'-- Up-to-date: /home/harsh/ros2_project/install/px4_msgs/include/px4_msgs/px4_msgs/msg/detail/tune_control__struct.h\n'}
[1.070177] (px4_msgs) StdoutLine: {'line': b'-- Up-to-date: /home/harsh/ros2_project/install/px4_msgs/include/px4_msgs/px4_msgs/msg/detail/px4io_status__description.c\n'}
[1.070206] (px4_msgs) StdoutLine: {'line': b'-- Up-to-date: /home/harsh/ros2_project/install/px4_msgs/include/px4_msgs/px4_msgs/msg/detail/vehicle_torque_setpoint__functions.h\n'}
[1.070236] (px4_msgs) StdoutLine: {'line': b'-- Up-to-date: /home/harsh/ros2_project/install/px4_msgs/include/px4_msgs/px4_msgs/msg/detail/landing_gear_wheel__functions.c\n'}
[1.070360] (px4_msgs) StdoutLine: {'line': b'-- Installing: /home/harsh/ros2_project/install/px4_msgs/include/px4_msgs/px4_msgs/msg/detail/sensor_mag__type_support.c\n'}
[1.070508] (px4_msgs) StdoutLine: {'line': b'-- Installing: /home/harsh/ros2_project/install/px4_msgs/include/px4_msgs/px4_msgs/msg/detail/mode_completed__type_support.c\n'}
[1.070548] (px4_msgs) StdoutLine: {'line': b'-- Up-to-date: /home/harsh/ros2_project/install/px4_msgs/include/px4_msgs/px4_msgs/msg/detail/estimator_bias__description.c\n'}
[1.070584] (px4_msgs) StdoutLine: {'line': b'-- Up-to-date: /home/harsh/ros2_project/install/px4_msgs/include/px4_msgs/px4_msgs/msg/detail/mavlink_log__struct.h\n'}
[1.070621] (px4_msgs) StdoutLine: {'line': b'-- Up-to-date: /home/harsh/ros2_project/install/px4_msgs/include/px4_msgs/px4_msgs/msg/detail/gpio_config__struct.h\n'}
[1.070658] (px4_msgs) StdoutLine: {'line': b'-- Installing: /home/harsh/ros2_project/install/px4_msgs/include/px4_msgs/px4_msgs/msg/detail/sensors_status_imu__type_support.c\n'}
[1.070792] (px4_msgs) StdoutLine: {'line': b'-- Up-to-date: /home/harsh/ros2_project/install/px4_msgs/include/px4_msgs/px4_msgs/msg/detail/vehicle_angular_velocity__functions.c\n'}
[1.070845] (px4_msgs) StdoutLine: {'line': b'-- Up-to-date: /home/harsh/ros2_project/install/px4_msgs/include/px4_msgs/px4_msgs/msg/detail/pwm_input__description.c\n'}
[1.070898] (px4_msgs) StdoutLine: {'line': b'-- Up-to-date: /home/harsh/ros2_project/install/px4_msgs/include/px4_msgs/px4_msgs/msg/detail/airspeed__functions.h\n'}
[1.071060] (px4_msgs) StdoutLine: {'line': b'-- Up-to-date: /home/harsh/ros2_project/install/px4_msgs/include/px4_msgs/px4_msgs/msg/detail/estimator_event_flags__description.c\n'}
[1.071110] (px4_msgs) StdoutLine: {'line': b'-- Up-to-date: /home/harsh/ros2_project/install/px4_msgs/include/px4_msgs/px4_msgs/msg/detail/message_format_request__functions.c\n'}
[1.071171] (px4_msgs) StdoutLine: {'line': b'-- Installing: /home/harsh/ros2_project/install/px4_msgs/include/px4_msgs/px4_msgs/msg/detail/wind__type_support.c\n'}
[1.071212] (px4_msgs) StdoutLine: {'line': b'-- Up-to-date: /home/harsh/ros2_project/install/px4_msgs/include/px4_msgs/px4_msgs/msg/detail/sensor_preflight_mag__functions.h\n'}
[1.071249] (px4_msgs) StdoutLine: {'line': b'-- Up-to-date: /home/harsh/ros2_project/install/px4_msgs/include/px4_msgs/px4_msgs/msg/detail/sensor_gnss_relative__type_support.h\n'}
[1.071327] (px4_msgs) StdoutLine: {'line': b'-- Up-to-date: /home/harsh/ros2_project/install/px4_msgs/include/px4_msgs/px4_msgs/msg/detail/rtl_time_estimate__struct.h\n'}
[1.071407] (px4_msgs) StdoutLine: {'line': b'-- Installing: /home/harsh/ros2_project/install/px4_msgs/include/px4_msgs/px4_msgs/msg/detail/uavcan_parameter_value__type_support.c\n'}
[1.071457] (px4_msgs) StdoutLine: {'line': b'-- Up-to-date: /home/harsh/ros2_project/install/px4_msgs/include/px4_msgs/px4_msgs/msg/detail/gimbal_manager_status__functions.h\n'}
[1.071503] (px4_msgs) StdoutLine: {'line': b'-- Up-to-date: /home/harsh/ros2_project/install/px4_msgs/include/px4_msgs/px4_msgs/msg/detail/orb_test_medium__functions.c\n'}
[1.071547] (px4_msgs) StdoutLine: {'line': b'-- Up-to-date: /home/harsh/ros2_project/install/px4_msgs/include/px4_msgs/px4_msgs/msg/detail/debug_vect__type_support.h\n'}
[1.071598] (px4_msgs) StdoutLine: {'line': b'-- Up-to-date: /home/harsh/ros2_project/install/px4_msgs/include/px4_msgs/px4_msgs/msg/detail/autotune_attitude_control_status__description.c\n'}
[1.071660] (px4_msgs) StdoutLine: {'line': b'-- Up-to-date: /home/harsh/ros2_project/install/px4_msgs/include/px4_msgs/px4_msgs/msg/detail/obstacle_distance__description.c\n'}
[1.071697] (px4_msgs) StdoutLine: {'line': b'-- Up-to-date: /home/harsh/ros2_project/install/px4_msgs/include/px4_msgs/px4_msgs/msg/detail/airspeed_wind__type_support.h\n'}
[1.071737] (px4_msgs) StdoutLine: {'line': b'-- Up-to-date: /home/harsh/ros2_project/install/px4_msgs/include/px4_msgs/px4_msgs/msg/detail/rate_ctrl_status__functions.h\n'}
[1.071776] (px4_msgs) StdoutLine: {'line': b'-- Up-to-date: /home/harsh/ros2_project/install/px4_msgs/include/px4_msgs/px4_msgs/msg/detail/tune_control__type_support.h\n'}
[1.071819] (px4_msgs) StdoutLine: {'line': b'-- Up-to-date: /home/harsh/ros2_project/install/px4_msgs/include/px4_msgs/px4_msgs/msg/detail/battery_status__functions.c\n'}
[1.071865] (px4_msgs) StdoutLine: {'line': b'-- Up-to-date: /home/harsh/ros2_project/install/px4_msgs/include/px4_msgs/px4_msgs/msg/detail/collision_report__description.c\n'}
[1.071981] (px4_msgs) StdoutLine: {'line': b'-- Installing: /home/harsh/ros2_project/install/px4_msgs/include/px4_msgs/px4_msgs/msg/detail/sensor_gps__type_support.c\n'}
[1.072374] (px4_msgs) StdoutLine: {'line': b'-- Installing: /home/harsh/ros2_project/install/px4_msgs/include/px4_msgs/px4_msgs/msg/detail/vehicle_constraints__type_support.c\n'}
[1.072472] (px4_msgs) StdoutLine: {'line': b'-- Up-to-date: /home/harsh/ros2_project/install/px4_msgs/include/px4_msgs/px4_msgs/msg/detail/gripper__functions.h\n'}
[1.072555] (px4_msgs) StdoutLine: {'line': b'-- Up-to-date: /home/harsh/ros2_project/install/px4_msgs/include/px4_msgs/px4_msgs/msg/detail/buffer128__functions.c\n'}
[1.072632] (px4_msgs) StdoutLine: {'line': b'-- Installing: /home/harsh/ros2_project/install/px4_msgs/include/px4_msgs/px4_msgs/msg/detail/launch_detection_status__type_support.c\n'}
[1.072707] (px4_msgs) StdoutLine: {'line': b'-- Up-to-date: /home/harsh/ros2_project/install/px4_msgs/include/px4_msgs/px4_msgs/msg/detail/airspeed__description.c\n'}
[1.072779] (px4_msgs) StdoutLine: {'line': b'-- Up-to-date: /home/harsh/ros2_project/install/px4_msgs/include/px4_msgs/px4_msgs/msg/detail/uavcan_parameter_value__description.c\n'}
[1.072906] (px4_msgs) StdoutLine: {'line': b'-- Up-to-date: /home/harsh/ros2_project/install/px4_msgs/include/px4_msgs/px4_msgs/msg/detail/orb_test__functions.c\n'}
[1.072980] (px4_msgs) StdoutLine: {'line': b'-- Up-to-date: /home/harsh/ros2_project/install/px4_msgs/include/px4_msgs/px4_msgs/msg/detail/rc_channels__type_support.h\n'}
[1.073083] (px4_msgs) StdoutLine: {'line': b'-- Up-to-date: /home/harsh/ros2_project/install/px4_msgs/include/px4_msgs/px4_msgs/msg/detail/obstacle_distance__functions.h\n'}
[1.073182] (px4_msgs) StdoutLine: {'line': b'-- Up-to-date: /home/harsh/ros2_project/install/px4_msgs/include/px4_msgs/px4_msgs/msg/detail/vehicle_imu__type_support.h\n'}
[1.073264] (px4_msgs) StdoutLine: {'line': b'-- Installing: /home/harsh/ros2_project/install/px4_msgs/include/px4_msgs/px4_msgs/msg/detail/manual_control_setpoint__type_support.c\n'}
[1.073380] (px4_msgs) StdoutLine: {'line': b'-- Up-to-date: /home/harsh/ros2_project/install/px4_msgs/include/px4_msgs/px4_msgs/msg/detail/message_format_request__description.c\n'}
[1.073472] (px4_msgs) StdoutLine: {'line': b'-- Up-to-date: /home/harsh/ros2_project/install/px4_msgs/include/px4_msgs/px4_msgs/msg/detail/mission_result__functions.h\n'}
[1.073598] (px4_msgs) StdoutLine: {'line': b'-- Up-to-date: /home/harsh/ros2_project/install/px4_msgs/include/px4_msgs/px4_msgs/msg/detail/message_format_response__struct.h\n'}
[1.073702] (px4_msgs) StdoutLine: {'line': b'-- Up-to-date: /home/harsh/ros2_project/install/px4_msgs/include/px4_msgs/px4_msgs/msg/detail/yaw_estimator_status__functions.c\n'}
[1.073907] (px4_msgs) StdoutLine: {'line': b'-- Installing: /home/harsh/ros2_project/install/px4_msgs/include/px4_msgs/px4_msgs/msg/detail/estimator_bias3d__type_support.c\n'}
[1.074080] (px4_msgs) StdoutLine: {'line': b'-- Installing: /home/harsh/ros2_project/install/px4_msgs/include/px4_msgs/px4_msgs/msg/detail/pwm_input__type_support.c\n'}
[1.074248] (px4_msgs) StdoutLine: {'line': b'-- Up-to-date: /home/harsh/ros2_project/install/px4_msgs/include/px4_msgs/px4_msgs/msg/detail/launch_detection_status__functions.c\n'}
[1.074292] (px4_msgs) StdoutLine: {'line': b'-- Up-to-date: /home/harsh/ros2_project/install/px4_msgs/include/px4_msgs/px4_msgs/msg/detail/vehicle_rates_setpoint__functions.h\n'}
[1.074332] (px4_msgs) StdoutLine: {'line': b'-- Up-to-date: /home/harsh/ros2_project/install/px4_msgs/include/px4_msgs/px4_msgs/msg/detail/led_control__struct.h\n'}
[1.074371] (px4_msgs) StdoutLine: {'line': b'-- Up-to-date: /home/harsh/ros2_project/install/px4_msgs/include/px4_msgs/px4_msgs/msg/detail/sensor_optical_flow__functions.h\n'}
[1.074409] (px4_msgs) StdoutLine: {'line': b'-- Up-to-date: /home/harsh/ros2_project/install/px4_msgs/include/px4_msgs/px4_msgs/msg/detail/battery_status__struct.h\n'}
[1.074445] (px4_msgs) StdoutLine: {'line': b'-- Up-to-date: /home/harsh/ros2_project/install/px4_msgs/include/px4_msgs/px4_msgs/msg/detail/vehicle_torque_setpoint__description.c\n'}
[1.074480] (px4_msgs) StdoutLine: {'line': b'-- Up-to-date: /home/harsh/ros2_project/install/px4_msgs/include/px4_msgs/px4_msgs/msg/detail/vehicle_trajectory_waypoint__functions.c\n'}
[1.074518] (px4_msgs) StdoutLine: {'line': b'-- Up-to-date: /home/harsh/ros2_project/install/px4_msgs/include/px4_msgs/px4_msgs/msg/detail/estimator_sensor_bias__functions.h\n'}
[1.074554] (px4_msgs) StdoutLine: {'line': b'-- Installing: /home/harsh/ros2_project/install/px4_msgs/include/px4_msgs/px4_msgs/msg/detail/irlock_report__type_support.c\n'}
[1.074590] (px4_msgs) StdoutLine: {'line': b'-- Up-to-date: /home/harsh/ros2_project/install/px4_msgs/include/px4_msgs/px4_msgs/msg/detail/vehicle_attitude_setpoint__description.c\n'}
[1.074624] (px4_msgs) StdoutLine: {'line': b'-- Installing: /home/harsh/ros2_project/install/px4_msgs/include/px4_msgs/px4_msgs/msg/detail/actuator_servos_trim__type_support.c\n'}
[1.074659] (px4_msgs) StdoutLine: {'line': b'-- Up-to-date: /home/harsh/ros2_project/install/px4_msgs/include/px4_msgs/px4_msgs/msg/detail/arming_check_request__functions.h\n'}
[1.074739] (px4_msgs) StdoutLine: {'line': b'-- Up-to-date: /home/harsh/ros2_project/install/px4_msgs/include/px4_msgs/px4_msgs/msg/detail/geofence_result__functions.c\n'}
[1.074778] (px4_msgs) StdoutLine: {'line': b'-- Up-to-date: /home/harsh/ros2_project/install/px4_msgs/include/px4_msgs/px4_msgs/msg/detail/sensor_baro__description.c\n'}
[1.074816] (px4_msgs) StdoutLine: {'line': b'-- Up-to-date: /home/harsh/ros2_project/install/px4_msgs/include/px4_msgs/px4_msgs/msg/detail/gimbal_manager_set_attitude__description.c\n'}
[1.074856] (px4_msgs) StdoutLine: {'line': b'-- Up-to-date: /home/harsh/ros2_project/install/px4_msgs/include/px4_msgs/px4_msgs/msg/detail/sensor_accel__type_support.h\n'}
[1.074896] (px4_msgs) StdoutLine: {'line': b'-- Up-to-date: /home/harsh/ros2_project/install/px4_msgs/include/px4_msgs/px4_msgs/msg/detail/vehicle_magnetometer__type_support.h\n'}
[1.074931] (px4_msgs) StdoutLine: {'line': b'-- Installing: /home/harsh/ros2_project/install/px4_msgs/include/px4_msgs/px4_msgs/msg/detail/generator_status__type_support.c\n'}
[1.074967] (px4_msgs) StdoutLine: {'line': b'-- Up-to-date: /home/harsh/ros2_project/install/px4_msgs/include/px4_msgs/px4_msgs/msg/detail/log_message__type_support.h\n'}
[1.075017] (px4_msgs) StdoutLine: {'line': b'-- Up-to-date: /home/harsh/ros2_project/install/px4_msgs/include/px4_msgs/px4_msgs/msg/detail/sensor_optical_flow__type_support.h\n'}
[1.075059] (px4_msgs) StdoutLine: {'line': b'-- Up-to-date: /home/harsh/ros2_project/install/px4_msgs/include/px4_msgs/px4_msgs/msg/detail/gpio_config__description.c\n'}
[1.075095] (px4_msgs) StdoutLine: {'line': b'-- Installing: /home/harsh/ros2_project/install/px4_msgs/include/px4_msgs/px4_msgs/msg/detail/can_interface_status__type_support.c\n'}
[1.075130] (px4_msgs) StdoutLine: {'line': b'-- Up-to-date: /home/harsh/ros2_project/install/px4_msgs/include/px4_msgs/px4_msgs/msg/detail/failsafe_flags__type_support.h\n'}
[1.075170] (px4_msgs) StdoutLine: {'line': b'-- Up-to-date: /home/harsh/ros2_project/install/px4_msgs/include/px4_msgs/px4_msgs/msg/detail/dataman_request__functions.h\n'}
[1.075209] (px4_msgs) StdoutLine: {'line': b'-- Up-to-date: /home/harsh/ros2_project/install/px4_msgs/include/px4_msgs/px4_msgs/msg/detail/sensors_status_imu__type_support.h\n'}
[1.075249] (px4_msgs) StdoutLine: {'line': b'-- Up-to-date: /home/harsh/ros2_project/install/px4_msgs/include/px4_msgs/px4_msgs/msg/detail/actuator_servos_trim__functions.h\n'}
[1.075284] (px4_msgs) StdoutLine: {'line': b'-- Installing: /home/harsh/ros2_project/install/px4_msgs/include/px4_msgs/px4_msgs/msg/detail/gps_inject_data__type_support.c\n'}
[1.075324] (px4_msgs) StdoutLine: {'line': b'-- Up-to-date: /home/harsh/ros2_project/install/px4_msgs/include/px4_msgs/px4_msgs/msg/detail/px4io_status__struct.h\n'}
[1.075359] (px4_msgs) StdoutLine: {'line': b'-- Up-to-date: /home/harsh/ros2_project/install/px4_msgs/include/px4_msgs/px4_msgs/msg/detail/trajectory_setpoint__description.c\n'}
[1.075393] (px4_msgs) StdoutLine: {'line': b'-- Up-to-date: /home/harsh/ros2_project/install/px4_msgs/include/px4_msgs/px4_msgs/msg/detail/home_position__description.c\n'}
[1.075430] (px4_msgs) StdoutLine: {'line': b'-- Installing: /home/harsh/ros2_project/install/px4_msgs/include/px4_msgs/px4_msgs/msg/detail/buffer128__type_support.c\n'}
[1.075537] (px4_msgs) StdoutLine: {'line': b'-- Up-to-date: /home/harsh/ros2_project/install/px4_msgs/include/px4_msgs/px4_msgs/msg/detail/sensor_preflight_mag__type_support.h\n'}
[1.075578] (px4_msgs) StdoutLine: {'line': b'-- Up-to-date: /home/harsh/ros2_project/install/px4_msgs/include/px4_msgs/px4_msgs/msg/detail/event__struct.h\n'}
[1.075620] (px4_msgs) StdoutLine: {'line': b'-- Up-to-date: /home/harsh/ros2_project/install/px4_msgs/include/px4_msgs/px4_msgs/msg/detail/vehicle_air_data__struct.h\n'}
[1.075658] (px4_msgs) StdoutLine: {'line': b'-- Up-to-date: /home/harsh/ros2_project/install/px4_msgs/include/px4_msgs/px4_msgs/msg/detail/sensor_uwb__functions.h\n'}
[1.075699] (px4_msgs) StdoutLine: {'line': b'-- Up-to-date: /home/harsh/ros2_project/install/px4_msgs/include/px4_msgs/px4_msgs/msg/detail/adc_report__struct.h\n'}
[1.075770] (px4_msgs) StdoutLine: {'line': b'-- Up-to-date: /home/harsh/ros2_project/install/px4_msgs/include/px4_msgs/px4_msgs/msg/detail/vehicle_optical_flow__struct.h\n'}
[1.075813] (px4_msgs) StdoutLine: {'line': b'-- Up-to-date: /home/harsh/ros2_project/install/px4_msgs/include/px4_msgs/px4_msgs/msg/detail/mag_worker_data__functions.h\n'}
[1.075856] (px4_msgs) StdoutLine: {'line': b'-- Up-to-date: /home/harsh/ros2_project/install/px4_msgs/include/px4_msgs/px4_msgs/msg/detail/rc_channels__struct.h\n'}
[1.075899] (px4_msgs) StdoutLine: {'line': b'-- Installing: /home/harsh/ros2_project/install/px4_msgs/include/px4_msgs/px4_msgs/msg/detail/vehicle_odometry__type_support.c\n'}
[1.075940] (px4_msgs) StdoutLine: {'line': b'-- Up-to-date: /home/harsh/ros2_project/install/px4_msgs/include/px4_msgs/px4_msgs/msg/detail/transponder_report__type_support.h\n'}
[1.075978] (px4_msgs) StdoutLine: {'line': b'-- Up-to-date: /home/harsh/ros2_project/install/px4_msgs/include/px4_msgs/px4_msgs/msg/detail/position_setpoint__functions.h\n'}
[1.076019] (px4_msgs) StdoutLine: {'line': b'-- Installing: /home/harsh/ros2_project/install/px4_msgs/include/px4_msgs/px4_msgs/msg/detail/gimbal_controls__type_support.c\n'}
[1.076067] (px4_msgs) StdoutLine: {'line': b'-- Up-to-date: /home/harsh/ros2_project/install/px4_msgs/include/px4_msgs/px4_msgs/msg/detail/rtl_time_estimate__type_support.h\n'}
[1.076107] (px4_msgs) StdoutLine: {'line': b'-- Installing: /home/harsh/ros2_project/install/px4_msgs/include/px4_msgs/px4_msgs/msg/detail/cellular_status__type_support.c\n'}
[1.076146] (px4_msgs) StdoutLine: {'line': b'-- Up-to-date: /home/harsh/ros2_project/install/px4_msgs/include/px4_msgs/px4_msgs/msg/detail/normalized_unsigned_setpoint__functions.h\n'}
[1.076186] (px4_msgs) StdoutLine: {'line': b'-- Up-to-date: /home/harsh/ros2_project/install/px4_msgs/include/px4_msgs/px4_msgs/msg/detail/landing_gear__functions.c\n'}
[1.076227] (px4_msgs) StdoutLine: {'line': b'-- Up-to-date: /home/harsh/ros2_project/install/px4_msgs/include/px4_msgs/px4_msgs/msg/detail/pps_capture__functions.h\n'}
[1.076265] (px4_msgs) StdoutLine: {'line': b'-- Installing: /home/harsh/ros2_project/install/px4_msgs/include/px4_msgs/px4_msgs/msg/detail/system_power__type_support.c\n'}
[1.076304] (px4_msgs) StdoutLine: {'line': b'-- Installing: /home/harsh/ros2_project/install/px4_msgs/include/px4_msgs/px4_msgs/msg/detail/vtol_vehicle_status__type_support.c\n'}
[1.076347] (px4_msgs) StdoutLine: {'line': b'-- Up-to-date: /home/harsh/ros2_project/install/px4_msgs/include/px4_msgs/px4_msgs/msg/detail/offboard_control_mode__functions.h\n'}
[1.076388] (px4_msgs) StdoutLine: {'line': b'-- Up-to-date: /home/harsh/ros2_project/install/px4_msgs/include/px4_msgs/px4_msgs/msg/detail/qshell_retval__functions.c\n'}
[1.076426] (px4_msgs) StdoutLine: {'line': b'-- Up-to-date: /home/harsh/ros2_project/install/px4_msgs/include/px4_msgs/px4_msgs/msg/detail/sensor_hygrometer__type_support.h\n'}
[1.076489] (px4_msgs) StdoutLine: {'line': b'-- Installing: /home/harsh/ros2_project/install/px4_msgs/include/px4_msgs/px4_msgs/msg/detail/gimbal_manager_information__type_support.c\n'}
[1.076528] (px4_msgs) StdoutLine: {'line': b'-- Up-to-date: /home/harsh/ros2_project/install/px4_msgs/include/px4_msgs/px4_msgs/msg/detail/rtl_status__functions.h\n'}
[1.076567] (px4_msgs) StdoutLine: {'line': b'-- Up-to-date: /home/harsh/ros2_project/install/px4_msgs/include/px4_msgs/px4_msgs/msg/detail/landing_gear__type_support.h\n'}
[1.076608] (px4_msgs) StdoutLine: {'line': b'-- Up-to-date: /home/harsh/ros2_project/install/px4_msgs/include/px4_msgs/px4_msgs/msg/detail/failure_detector_status__functions.c\n'}
[1.076646] (px4_msgs) StdoutLine: {'line': b'-- Up-to-date: /home/harsh/ros2_project/install/px4_msgs/include/px4_msgs/px4_msgs/msg/detail/message_format_request__functions.h\n'}
[1.076683] (px4_msgs) StdoutLine: {'line': b'-- Installing: /home/harsh/ros2_project/install/px4_msgs/include/px4_msgs/px4_msgs/msg/detail/sensor_accel_fifo__type_support.c\n'}
[1.076724] (px4_msgs) StdoutLine: {'line': b'-- Up-to-date: /home/harsh/ros2_project/install/px4_msgs/include/px4_msgs/px4_msgs/msg/detail/geofence_result__functions.h\n'}
[1.076762] (px4_msgs) StdoutLine: {'line': b'-- Up-to-date: /home/harsh/ros2_project/install/px4_msgs/include/px4_msgs/px4_msgs/msg/detail/orb_test_large__struct.h\n'}
[1.076799] (px4_msgs) StdoutLine: {'line': b'-- Up-to-date: /home/harsh/ros2_project/install/px4_msgs/include/px4_msgs/px4_msgs/msg/detail/ekf2_timestamps__description.c\n'}
[1.076834] (px4_msgs) StdoutLine: {'line': b'-- Up-to-date: /home/harsh/ros2_project/install/px4_msgs/include/px4_msgs/px4_msgs/msg/detail/logger_status__description.c\n'}
[1.076874] (px4_msgs) StdoutLine: {'line': b'-- Up-to-date: /home/harsh/ros2_project/install/px4_msgs/include/px4_msgs/px4_msgs/msg/detail/gimbal_device_set_attitude__struct.h\n'}
[1.076986] (px4_msgs) StdoutLine: {'line': b'-- Up-to-date: /home/harsh/ros2_project/install/px4_msgs/include/px4_msgs/px4_msgs/msg/detail/estimator_innovations__type_support.h\n'}
[1.077034] (px4_msgs) StdoutLine: {'line': b'-- Up-to-date: /home/harsh/ros2_project/install/px4_msgs/include/px4_msgs/px4_msgs/msg/detail/launch_detection_status__type_support.h\n'}
[1.077077] (px4_msgs) StdoutLine: {'line': b'-- Up-to-date: /home/harsh/ros2_project/install/px4_msgs/include/px4_msgs/px4_msgs/msg/detail/parameter_set_used_request__functions.c\n'}
[1.077118] (px4_msgs) StdoutLine: {'line': b'-- Up-to-date: /home/harsh/ros2_project/install/px4_msgs/include/px4_msgs/px4_msgs/msg/detail/follow_target__struct.h\n'}
[1.077157] (px4_msgs) StdoutLine: {'line': b'-- Up-to-date: /home/harsh/ros2_project/install/px4_msgs/include/px4_msgs/px4_msgs/msg/detail/vehicle_imu_status__functions.h\n'}
[1.077199] (px4_msgs) StdoutLine: {'line': b'-- Up-to-date: /home/harsh/ros2_project/install/px4_msgs/include/px4_msgs/px4_msgs/msg/detail/vehicle_air_data__functions.c\n'}
[1.077239] (px4_msgs) StdoutLine: {'line': b'-- Up-to-date: /home/harsh/ros2_project/install/px4_msgs/include/px4_msgs/px4_msgs/msg/detail/trajectory_setpoint__functions.c\n'}
[1.077277] (px4_msgs) StdoutLine: {'line': b'-- Installing: /home/harsh/ros2_project/install/px4_msgs/include/px4_msgs/px4_msgs/msg/detail/uavcan_parameter_request__type_support.c\n'}
[1.077317] (px4_msgs) StdoutLine: {'line': b'-- Up-to-date: /home/harsh/ros2_project/install/px4_msgs/include/px4_msgs/px4_msgs/msg/detail/tiltrotor_extra_controls__functions.c\n'}
[1.077393] (px4_msgs) StdoutLine: {'line': b'-- Installing: /home/harsh/ros2_project/install/px4_msgs/include/px4_msgs/px4_msgs/msg/detail/register_ext_component_reply__type_support.c\n'}
[1.077434] (px4_msgs) StdoutLine: {'line': b'-- Up-to-date: /home/harsh/ros2_project/install/px4_msgs/include/px4_msgs/px4_msgs/msg/detail/qshell_req__functions.h\n'}
[1.077474] (px4_msgs) StdoutLine: {'line': b'-- Up-to-date: /home/harsh/ros2_project/install/px4_msgs/include/px4_msgs/px4_msgs/msg/detail/hover_thrust_estimate__description.c\n'}
[1.077516] (px4_msgs) StdoutLine: {'line': b'-- Up-to-date: /home/harsh/ros2_project/install/px4_msgs/include/px4_msgs/px4_msgs/msg/detail/gimbal_controls__description.c\n'}
[1.077557] (px4_msgs) StdoutLine: {'line': b'-- Up-to-date: /home/harsh/ros2_project/install/px4_msgs/include/px4_msgs/px4_msgs/msg/detail/dataman_response__description.c\n'}
[1.077594] (px4_msgs) StdoutLine: {'line': b'-- Up-to-date: /home/harsh/ros2_project/install/px4_msgs/include/px4_msgs/px4_msgs/msg/detail/can_interface_status__functions.h\n'}
[1.077634] (px4_msgs) StdoutLine: {'line': b'-- Installing: /home/harsh/ros2_project/install/px4_msgs/include/px4_msgs/px4_msgs/msg/detail/vehicle_acceleration__type_support.c\n'}
[1.077675] (px4_msgs) StdoutLine: {'line': b'-- Up-to-date: /home/harsh/ros2_project/install/px4_msgs/include/px4_msgs/px4_msgs/msg/detail/vehicle_angular_acceleration_setpoint__type_support.h\n'}
[1.077717] (px4_msgs) StdoutLine: {'line': b'-- Up-to-date: /home/harsh/ros2_project/install/px4_msgs/include/px4_msgs/px4_msgs/msg/detail/landing_gear_wheel__type_support.h\n'}
[1.077759] (px4_msgs) StdoutLine: {'line': b'-- Up-to-date: /home/harsh/ros2_project/install/px4_msgs/include/px4_msgs/px4_msgs/msg/detail/estimator_aid_source2d__functions.c\n'}
[1.077798] (px4_msgs) StdoutLine: {'line': b'-- Up-to-date: /home/harsh/ros2_project/install/px4_msgs/include/px4_msgs/px4_msgs/msg/detail/vehicle_global_position__description.c\n'}
[1.077838] (px4_msgs) StdoutLine: {'line': b'-- Installing: /home/harsh/ros2_project/install/px4_msgs/include/px4_msgs/px4_msgs/msg/detail/orb_test_medium__type_support.c\n'}
[1.077875] (px4_msgs) StdoutLine: {'line': b'-- Up-to-date: /home/harsh/ros2_project/install/px4_msgs/include/px4_msgs/px4_msgs/msg/detail/vehicle_constraints__type_support.h\n'}
[1.077914] (px4_msgs) StdoutLine: {'line': b'-- Installing: /home/harsh/ros2_project/install/px4_msgs/include/px4_msgs/px4_msgs/msg/detail/position_setpoint__type_support.c\n'}
[1.077951] (px4_msgs) StdoutLine: {'line': b'-- Up-to-date: /home/harsh/ros2_project/install/px4_msgs/include/px4_msgs/px4_msgs/msg/detail/vehicle_angular_velocity__struct.h\n'}
[1.077987] (px4_msgs) StdoutLine: {'line': b'-- Up-to-date: /home/harsh/ros2_project/install/px4_msgs/include/px4_msgs/px4_msgs/msg/detail/onboard_computer_status__functions.h\n'}
[1.078041] (px4_msgs) StdoutLine: {'line': b'-- Up-to-date: /home/harsh/ros2_project/install/px4_msgs/include/px4_msgs/px4_msgs/msg/detail/manual_control_setpoint__struct.h\n'}
[1.078079] (px4_msgs) StdoutLine: {'line': b'-- Up-to-date: /home/harsh/ros2_project/install/px4_msgs/include/px4_msgs/px4_msgs/msg/detail/landing_gear_wheel__description.c\n'}
[1.078114] (px4_msgs) StdoutLine: {'line': b'-- Up-to-date: /home/harsh/ros2_project/install/px4_msgs/include/px4_msgs/px4_msgs/msg/detail/power_button_state__struct.h\n'}
[1.078148] (px4_msgs) StdoutLine: {'line': b'-- Up-to-date: /home/harsh/ros2_project/install/px4_msgs/include/px4_msgs/px4_msgs/msg/detail/qshell_retval__description.c\n'}
[1.078183] (px4_msgs) StdoutLine: {'line': b'-- Up-to-date: /home/harsh/ros2_project/install/px4_msgs/include/px4_msgs/px4_msgs/msg/detail/dataman_response__type_support.h\n'}
[1.078218] (px4_msgs) StdoutLine: {'line': b'-- Up-to-date: /home/harsh/ros2_project/install/px4_msgs/include/px4_msgs/px4_msgs/msg/detail/sensor_uwb__functions.c\n'}
[1.078252] (px4_msgs) StdoutLine: {'line': b'-- Up-to-date: /home/harsh/ros2_project/install/px4_msgs/include/px4_msgs/px4_msgs/msg/detail/sensor_airflow__type_support.h\n'}
[1.078325] (px4_msgs) StdoutLine: {'line': b'-- Up-to-date: /home/harsh/ros2_project/install/px4_msgs/include/px4_msgs/px4_msgs/msg/detail/unregister_ext_component__functions.h\n'}
[1.078360] (px4_msgs) StdoutLine: {'line': b'-- Up-to-date: /home/harsh/ros2_project/install/px4_msgs/include/px4_msgs/px4_msgs/msg/detail/figure_eight_status__type_support.h\n'}
[1.078396] (px4_msgs) StdoutLine: {'line': b'-- Installing: /home/harsh/ros2_project/install/px4_msgs/include/px4_msgs/px4_msgs/msg/detail/vehicle_optical_flow__type_support.c\n'}
[1.078432] (px4_msgs) StdoutLine: {'line': b'-- Installing: /home/harsh/ros2_project/install/px4_msgs/include/px4_msgs/px4_msgs/msg/detail/ulog_stream_ack__type_support.c\n'}
[1.078466] (px4_msgs) StdoutLine: {'line': b'-- Up-to-date: /home/harsh/ros2_project/install/px4_msgs/include/px4_msgs/px4_msgs/msg/detail/vehicle_acceleration__functions.c\n'}
[1.078501] (px4_msgs) StdoutLine: {'line': b'-- Up-to-date: /home/harsh/ros2_project/install/px4_msgs/include/px4_msgs/px4_msgs/msg/detail/system_power__type_support.h\n'}
[1.078535] (px4_msgs) StdoutLine: {'line': b'-- Up-to-date: /home/harsh/ros2_project/install/px4_msgs/include/px4_msgs/px4_msgs/msg/detail/orb_test_large__functions.h\n'}
[1.078573] (px4_msgs) StdoutLine: {'line': b'-- Up-to-date: /home/harsh/ros2_project/install/px4_msgs/include/px4_msgs/px4_msgs/msg/detail/debug_array__type_support.h\n'}
[1.078609] (px4_msgs) StdoutLine: {'line': b'-- Up-to-date: /home/harsh/ros2_project/install/px4_msgs/include/px4_msgs/px4_msgs/msg/detail/navigator_mission_item__description.c\n'}
[1.078647] (px4_msgs) StdoutLine: {'line': b'-- Installing: /home/harsh/ros2_project/install/px4_msgs/include/px4_msgs/px4_msgs/msg/detail/trajectory_setpoint__type_support.c\n'}
[1.078684] (px4_msgs) StdoutLine: {'line': b'-- Installing: /home/harsh/ros2_project/install/px4_msgs/include/px4_msgs/px4_msgs/msg/detail/rpm__type_support.c\n'}
[1.078721] (px4_msgs) StdoutLine: {'line': b'-- Up-to-date: /home/harsh/ros2_project/install/px4_msgs/include/px4_msgs/px4_msgs/msg/detail/mavlink_tunnel__description.c\n'}
[1.078756] (px4_msgs) StdoutLine: {'line': b'-- Installing: /home/harsh/ros2_project/install/px4_msgs/include/px4_msgs/px4_msgs/msg/detail/position_setpoint_triplet__type_support.c\n'}
[1.078793] (px4_msgs) StdoutLine: {'line': b'-- Up-to-date: /home/harsh/ros2_project/install/px4_msgs/include/px4_msgs/px4_msgs/msg/detail/vehicle_angular_acceleration_setpoint__struct.h\n'}
[1.078829] (px4_msgs) StdoutLine: {'line': b'-- Up-to-date: /home/harsh/ros2_project/install/px4_msgs/include/px4_msgs/px4_msgs/msg/detail/arming_check_reply__description.c\n'}
[1.078864] (px4_msgs) StdoutLine: {'line': b'-- Up-to-date: /home/harsh/ros2_project/install/px4_msgs/include/px4_msgs/px4_msgs/msg/detail/gpio_in__description.c\n'}
[1.078899] (px4_msgs) StdoutLine: {'line': b'-- Installing: /home/harsh/ros2_project/install/px4_msgs/include/px4_msgs/px4_msgs/msg/detail/debug_value__type_support.c\n'}
[1.078936] (px4_msgs) StdoutLine: {'line': b'-- Up-to-date: /home/harsh/ros2_project/install/px4_msgs/include/px4_msgs/px4_msgs/msg/detail/ulog_stream__functions.h\n'}
[1.078973] (px4_msgs) StdoutLine: {'line': b'-- Up-to-date: /home/harsh/ros2_project/install/px4_msgs/include/px4_msgs/px4_msgs/msg/detail/gimbal_manager_set_attitude__struct.h\n'}
[1.079009] (px4_msgs) StdoutLine: {'line': b'-- Up-to-date: /home/harsh/ros2_project/install/px4_msgs/include/px4_msgs/px4_msgs/msg/detail/can_interface_status__struct.h\n'}
[1.079186] (px4_msgs) StdoutLine: {'line': b'-- Up-to-date: /home/harsh/ros2_project/install/px4_msgs/include/px4_msgs/px4_msgs/msg/detail/radio_status__struct.h\n'}
[1.079228] (px4_msgs) StdoutLine: {'line': b'-- Up-to-date: /home/harsh/ros2_project/install/px4_msgs/include/px4_msgs/px4_msgs/msg/detail/actuator_controls_status__description.c\n'}
[1.079263] (px4_msgs) StdoutLine: {'line': b'-- Up-to-date: /home/harsh/ros2_project/install/px4_msgs/include/px4_msgs/px4_msgs/msg/detail/mode_completed__description.c\n'}
[1.079296] (px4_msgs) StdoutLine: {'line': b'-- Up-to-date: /home/harsh/ros2_project/install/px4_msgs/include/px4_msgs/px4_msgs/msg/detail/differential_drive_setpoint__struct.h\n'}
[1.079329] (px4_msgs) StdoutLine: {'line': b'-- Up-to-date: /home/harsh/ros2_project/install/px4_msgs/include/px4_msgs/px4_msgs/msg/detail/geofence_result__type_support.h\n'}
[1.079360] (px4_msgs) StdoutLine: {'line': b'-- Up-to-date: /home/harsh/ros2_project/install/px4_msgs/include/px4_msgs/px4_msgs/msg/detail/estimator_event_flags__functions.h\n'}
[1.079392] (px4_msgs) StdoutLine: {'line': b'-- Up-to-date: /home/harsh/ros2_project/install/px4_msgs/include/px4_msgs/px4_msgs/msg/detail/gpio_out__description.c\n'}
[1.079423] (px4_msgs) StdoutLine: {'line': b'-- Up-to-date: /home/harsh/ros2_project/install/px4_msgs/include/px4_msgs/px4_msgs/msg/detail/unregister_ext_component__type_support.h\n'}
[1.079455] (px4_msgs) StdoutLine: {'line': b'-- Up-to-date: /home/harsh/ros2_project/install/px4_msgs/include/px4_msgs/px4_msgs/msg/detail/estimator_selector_status__functions.c\n'}
[1.079487] (px4_msgs) StdoutLine: {'line': b'-- Up-to-date: /home/harsh/ros2_project/install/px4_msgs/include/px4_msgs/px4_msgs/msg/detail/vehicle_local_position_setpoint__struct.h\n'}
[1.079518] (px4_msgs) StdoutLine: {'line': b'-- Up-to-date: /home/harsh/ros2_project/install/px4_msgs/include/px4_msgs/px4_msgs/msg/detail/position_controller_landing_status__type_support.h\n'}
[1.079551] (px4_msgs) StdoutLine: {'line': b'-- Up-to-date: /home/harsh/ros2_project/install/px4_msgs/include/px4_msgs/px4_msgs/msg/detail/navigator_mission_item__functions.c\n'}
[1.079629] (px4_msgs) StdoutLine: {'line': b'-- Up-to-date: /home/harsh/ros2_project/install/px4_msgs/include/px4_msgs/px4_msgs/msg/detail/actuator_servos_trim__type_support.h\n'}
[1.079663] (px4_msgs) StdoutLine: {'line': b'-- Up-to-date: /home/harsh/ros2_project/install/px4_msgs/include/px4_msgs/px4_msgs/msg/detail/cellular_status__functions.h\n'}
[1.079695] (px4_msgs) StdoutLine: {'line': b'-- Up-to-date: /home/harsh/ros2_project/install/px4_msgs/include/px4_msgs/px4_msgs/msg/detail/hover_thrust_estimate__functions.h\n'}
[1.079726] (px4_msgs) StdoutLine: {'line': b'-- Up-to-date: /home/harsh/ros2_project/install/px4_msgs/include/px4_msgs/px4_msgs/msg/detail/gps_dump__struct.h\n'}
[1.079758] (px4_msgs) StdoutLine: {'line': b'-- Up-to-date: /home/harsh/ros2_project/install/px4_msgs/include/px4_msgs/px4_msgs/msg/detail/heater_status__description.c\n'}
[1.079830] (px4_msgs) StdoutLine: {'line': b'-- Up-to-date: /home/harsh/ros2_project/install/px4_msgs/include/px4_msgs/px4_msgs/msg/detail/orb_test__type_support.h\n'}
[1.079864] (px4_msgs) StdoutLine: {'line': b'-- Installing: /home/harsh/ros2_project/install/px4_msgs/include/px4_msgs/px4_msgs/msg/detail/estimator_status__type_support.c\n'}
[1.079897] (px4_msgs) StdoutLine: {'line': b'-- Up-to-date: /home/harsh/ros2_project/install/px4_msgs/include/px4_msgs/px4_msgs/msg/detail/wheel_encoders__functions.h\n'}
[1.079929] (px4_msgs) StdoutLine: {'line': b'-- Up-to-date: /home/harsh/ros2_project/install/px4_msgs/include/px4_msgs/px4_msgs/msg/detail/vehicle_local_position_setpoint__functions.h\n'}
[1.079960] (px4_msgs) StdoutLine: {'line': b'-- Up-to-date: /home/harsh/ros2_project/install/px4_msgs/include/px4_msgs/px4_msgs/msg/detail/pps_capture__functions.c\n'}
[1.079990] (px4_msgs) StdoutLine: {'line': b'-- Up-to-date: /home/harsh/ros2_project/install/px4_msgs/include/px4_msgs/px4_msgs/msg/detail/gimbal_device_information__functions.h\n'}
[1.080028] (px4_msgs) StdoutLine: {'line': b'-- Up-to-date: /home/harsh/ros2_project/install/px4_msgs/include/px4_msgs/px4_msgs/msg/detail/vehicle_optical_flow_vel__type_support.h\n'}
[1.080063] (px4_msgs) StdoutLine: {'line': b'-- Installing: /home/harsh/ros2_project/install/px4_msgs/include/px4_msgs/px4_msgs/msg/detail/airspeed_validated__type_support.c\n'}
[1.080096] (px4_msgs) StdoutLine: {'line': b'-- Up-to-date: /home/harsh/ros2_project/install/px4_msgs/include/px4_msgs/px4_msgs/msg/detail/parameter_update__functions.c\n'}
[1.080129] (px4_msgs) StdoutLine: {'line': b'-- Up-to-date: /home/harsh/ros2_project/install/px4_msgs/include/px4_msgs/px4_msgs/msg/detail/actuator_controls_status__functions.c\n'}
[1.080162] (px4_msgs) StdoutLine: {'line': b'-- Up-to-date: /home/harsh/ros2_project/install/px4_msgs/include/px4_msgs/px4_msgs/msg/detail/landing_gear_wheel__functions.h\n'}
[1.080194] (px4_msgs) StdoutLine: {'line': b'-- Up-to-date: /home/harsh/ros2_project/install/px4_msgs/include/px4_msgs/px4_msgs/msg/detail/magnetometer_bias_estimate__type_support.h\n'}
[1.080228] (px4_msgs) StdoutLine: {'line': b'-- Up-to-date: /home/harsh/ros2_project/install/px4_msgs/include/px4_msgs/px4_msgs/msg/detail/vehicle_optical_flow_vel__functions.h\n'}
[1.080261] (px4_msgs) StdoutLine: {'line': b'-- Up-to-date: /home/harsh/ros2_project/install/px4_msgs/include/px4_msgs/px4_msgs/msg/detail/generator_status__struct.h\n'}
[1.080294] (px4_msgs) StdoutLine: {'line': b'-- Up-to-date: /home/harsh/ros2_project/install/px4_msgs/include/px4_msgs/px4_msgs/msg/detail/differential_pressure__type_support.h\n'}
[1.080326] (px4_msgs) StdoutLine: {'line': b'-- Up-to-date: /home/harsh/ros2_project/install/px4_msgs/include/px4_msgs/px4_msgs/msg/detail/debug_key_value__type_support.h\n'}
[1.080362] (px4_msgs) StdoutLine: {'line': b'-- Up-to-date: /home/harsh/ros2_project/install/px4_msgs/include/px4_msgs/px4_msgs/msg/detail/follow_target__description.c\n'}
[1.080395] (px4_msgs) StdoutLine: {'line': b'-- Installing: /home/harsh/ros2_project/install/px4_msgs/include/px4_msgs/px4_msgs/msg/detail/geofence_result__type_support.c\n'}
[1.080430] (px4_msgs) StdoutLine: {'line': b'-- Up-to-date: /home/harsh/ros2_project/install/px4_msgs/include/px4_msgs/px4_msgs/msg/detail/sensors_status_imu__functions.c\n'}
[1.080498] (px4_msgs) StdoutLine: {'line': b'-- Up-to-date: /home/harsh/ros2_project/install/px4_msgs/include/px4_msgs/px4_msgs/msg/detail/timesync_status__functions.c\n'}
[1.080532] (px4_msgs) StdoutLine: {'line': b'-- Up-to-date: /home/harsh/ros2_project/install/px4_msgs/include/px4_msgs/px4_msgs/msg/detail/sensors_status_imu__struct.h\n'}
[1.080566] (px4_msgs) StdoutLine: {'line': b'-- Up-to-date: /home/harsh/ros2_project/install/px4_msgs/include/px4_msgs/px4_msgs/msg/detail/vehicle_thrust_setpoint__functions.h\n'}
[1.080601] (px4_msgs) StdoutLine: {'line': b'-- Up-to-date: /home/harsh/ros2_project/install/px4_msgs/include/px4_msgs/px4_msgs/msg/detail/vehicle_land_detected__functions.h\n'}
[1.080635] (px4_msgs) StdoutLine: {'line': b'-- Up-to-date: /home/harsh/ros2_project/install/px4_msgs/include/px4_msgs/px4_msgs/msg/detail/telemetry_status__description.c\n'}
[1.080669] (px4_msgs) StdoutLine: {'line': b'-- Up-to-date: /home/harsh/ros2_project/install/px4_msgs/include/px4_msgs/px4_msgs/msg/detail/failsafe_flags__struct.h\n'}
[1.080706] (px4_msgs) StdoutLine: {'line': b'-- Up-to-date: /home/harsh/ros2_project/install/px4_msgs/include/px4_msgs/px4_msgs/msg/detail/sensor_preflight_mag__struct.h\n'}
[1.080742] (px4_msgs) StdoutLine: {'line': b'-- Up-to-date: /home/harsh/ros2_project/install/px4_msgs/include/px4_msgs/px4_msgs/msg/detail/gripper__description.c\n'}
[1.080782] (px4_msgs) StdoutLine: {'line': b'-- Up-to-date: /home/harsh/ros2_project/install/px4_msgs/include/px4_msgs/px4_msgs/msg/detail/transponder_report__description.c\n'}
[1.080819] (px4_msgs) StdoutLine: {'line': b'-- Installing: /home/harsh/ros2_project/install/px4_msgs/include/px4_msgs/px4_msgs/msg/detail/rtl_status__type_support.c\n'}
[1.080856] (px4_msgs) StdoutLine: {'line': b'-- Up-to-date: /home/harsh/ros2_project/install/px4_msgs/include/px4_msgs/px4_msgs/msg/detail/button_event__struct.h\n'}
[1.080894] (px4_msgs) StdoutLine: {'line': b'-- Up-to-date: /home/harsh/ros2_project/install/px4_msgs/include/px4_msgs/px4_msgs/msg/detail/ulog_stream_ack__functions.h\n'}
[1.080930] (px4_msgs) StdoutLine: {'line': b'-- Installing: /home/harsh/ros2_project/install/px4_msgs/include/px4_msgs/px4_msgs/msg/detail/geofence_status__type_support.c\n'}
[1.080967] (px4_msgs) StdoutLine: {'line': b'-- Installing: /home/harsh/ros2_project/install/px4_msgs/include/px4_msgs/px4_msgs/msg/detail/tiltrotor_extra_controls__type_support.c\n'}
[1.081005] (px4_msgs) StdoutLine: {'line': b'-- Up-to-date: /home/harsh/ros2_project/install/px4_msgs/include/px4_msgs/px4_msgs/msg/detail/sensor_airflow__functions.c\n'}
[1.081048] (px4_msgs) StdoutLine: {'line': b'-- Up-to-date: /home/harsh/ros2_project/install/px4_msgs/include/px4_msgs/px4_msgs/msg/detail/sensors_status__functions.c\n'}
[1.081084] (px4_msgs) StdoutLine: {'line': b'-- Installing: /home/harsh/ros2_project/install/px4_msgs/include/px4_msgs/px4_msgs/msg/detail/sensor_airflow__type_support.c\n'}
[1.081238] (px4_msgs) StdoutLine: {'line': b'-- Up-to-date: /home/harsh/ros2_project/install/px4_msgs/include/px4_msgs/px4_msgs/msg/detail/iridiumsbd_status__type_support.h\n'}
[1.081284] (px4_msgs) StdoutLine: {'line': b'-- Up-to-date: /home/harsh/ros2_project/install/px4_msgs/include/px4_msgs/px4_msgs/msg/detail/normalized_unsigned_setpoint__description.c\n'}
[1.081326] (px4_msgs) StdoutLine: {'line': b'-- Installing: /home/harsh/ros2_project/install/px4_msgs/include/px4_msgs/px4_msgs/msg/detail/message_format_response__type_support.c\n'}
[1.081369] (px4_msgs) StdoutLine: {'line': b'-- Up-to-date: /home/harsh/ros2_project/install/px4_msgs/include/px4_msgs/px4_msgs/msg/detail/mission_result__description.c\n'}
[1.081411] (px4_msgs) StdoutLine: {'line': b'-- Up-to-date: /home/harsh/ros2_project/install/px4_msgs/include/px4_msgs/px4_msgs/msg/detail/sensors_status__type_support.h\n'}
[1.081453] (px4_msgs) StdoutLine: {'line': b'-- Up-to-date: /home/harsh/ros2_project/install/px4_msgs/include/px4_msgs/px4_msgs/msg/detail/actuator_test__functions.h\n'}
[1.081496] (px4_msgs) StdoutLine: {'line': b'-- Up-to-date: /home/harsh/ros2_project/install/px4_msgs/include/px4_msgs/px4_msgs/msg/detail/manual_control_setpoint__functions.h\n'}
[1.081537] (px4_msgs) StdoutLine: {'line': b'-- Up-to-date: /home/harsh/ros2_project/install/px4_msgs/include/px4_msgs/px4_msgs/msg/detail/rate_ctrl_status__description.c\n'}
[1.081578] (px4_msgs) StdoutLine: {'line': b'-- Installing: /home/harsh/ros2_project/install/px4_msgs/include/px4_msgs/px4_msgs/msg/detail/battery_status__type_support.c\n'}
[1.081618] (px4_msgs) StdoutLine: {'line': b'-- Installing: /home/harsh/ros2_project/install/px4_msgs/include/px4_msgs/px4_msgs/msg/detail/sensor_correction__type_support.c\n'}
[1.081658] (px4_msgs) StdoutLine: {'line': b'-- Up-to-date: /home/harsh/ros2_project/install/px4_msgs/include/px4_msgs/px4_msgs/msg/detail/esc_status__struct.h\n'}
[1.081698] (px4_msgs) StdoutLine: {'line': b'-- Up-to-date: /home/harsh/ros2_project/install/px4_msgs/include/px4_msgs/px4_msgs/msg/detail/velocity_limits__description.c\n'}
[1.081738] (px4_msgs) StdoutLine: {'line': b'-- Up-to-date: /home/harsh/ros2_project/install/px4_msgs/include/px4_msgs/px4_msgs/msg/detail/vehicle_status__functions.c\n'}
[1.081788] (px4_msgs) StdoutLine: {'line': b'-- Up-to-date: /home/harsh/ros2_project/install/px4_msgs/include/px4_msgs/px4_msgs/msg/detail/failsafe_flags__description.c\n'}
[1.081836] (px4_msgs) StdoutLine: {'line': b'-- Installing: /home/harsh/ros2_project/install/px4_msgs/include/px4_msgs/px4_msgs/msg/detail/home_position__type_support.c\n'}
[1.081883] (px4_msgs) StdoutLine: {'line': b'-- Up-to-date: /home/harsh/ros2_project/install/px4_msgs/include/px4_msgs/px4_msgs/msg/detail/logger_status__functions.c\n'}
[1.081931] (px4_msgs) StdoutLine: {'line': b'-- Up-to-date: /home/harsh/ros2_project/install/px4_msgs/include/px4_msgs/px4_msgs/msg/detail/orb_test__functions.h\n'}
[1.081981] (px4_msgs) StdoutLine: {'line': b'-- Up-to-date: /home/harsh/ros2_project/install/px4_msgs/include/px4_msgs/px4_msgs/msg/detail/transponder_report__functions.c\n'}
[1.082046] (px4_msgs) StdoutLine: {'line': b'-- Up-to-date: /home/harsh/ros2_project/install/px4_msgs/include/px4_msgs/px4_msgs/msg/detail/sensors_status__description.c\n'}
[1.082098] (px4_msgs) StdoutLine: {'line': b'-- Up-to-date: /home/harsh/ros2_project/install/px4_msgs/include/px4_msgs/px4_msgs/msg/detail/gpio_request__functions.c\n'}
[1.082148] (px4_msgs) StdoutLine: {'line': b'-- Up-to-date: /home/harsh/ros2_project/install/px4_msgs/include/px4_msgs/px4_msgs/msg/detail/uavcan_parameter_request__description.c\n'}
[1.082197] (px4_msgs) StdoutLine: {'line': b'-- Up-to-date: /home/harsh/ros2_project/install/px4_msgs/include/px4_msgs/px4_msgs/msg/detail/estimator_innovations__functions.c\n'}
[1.082246] (px4_msgs) StdoutLine: {'line': b'-- Up-to-date: /home/harsh/ros2_project/install/px4_msgs/include/px4_msgs/px4_msgs/msg/detail/estimator_bias3d__type_support.h\n'}
[1.082295] (px4_msgs) StdoutLine: {'line': b'-- Up-to-date: /home/harsh/ros2_project/install/px4_msgs/include/px4_msgs/px4_msgs/msg/detail/position_controller_landing_status__struct.h\n'}
[1.082474] (px4_msgs) StdoutLine: {'line': b'-- Installing: /home/harsh/ros2_project/install/px4_msgs/include/px4_msgs/px4_msgs/msg/detail/vehicle_optical_flow_vel__type_support.c\n'}
[1.082568] (px4_msgs) StdoutLine: {'line': b'-- Up-to-date: /home/harsh/ros2_project/install/px4_msgs/include/px4_msgs/px4_msgs/msg/detail/gps_inject_data__type_support.h\n'}
[1.082621] (px4_msgs) StdoutLine: {'line': b'-- Up-to-date: /home/harsh/ros2_project/install/px4_msgs/include/px4_msgs/px4_msgs/msg/detail/position_controller_status__description.c\n'}
[1.082675] (px4_msgs) StdoutLine: {'line': b'-- Up-to-date: /home/harsh/ros2_project/install/px4_msgs/include/px4_msgs/px4_msgs/msg/detail/follow_target_estimator__functions.c\n'}
[1.082727] (px4_msgs) StdoutLine: {'line': b'-- Up-to-date: /home/harsh/ros2_project/install/px4_msgs/include/px4_msgs/px4_msgs/msg/detail/satellite_info__functions.c\n'}
[1.082781] (px4_msgs) StdoutLine: {'line': b'-- Up-to-date: /home/harsh/ros2_project/install/px4_msgs/include/px4_msgs/px4_msgs/msg/detail/debug_vect__functions.c\n'}
[1.082881] (px4_msgs) StdoutLine: {'line': b'-- Up-to-date: /home/harsh/ros2_project/install/px4_msgs/include/px4_msgs/px4_msgs/msg/detail/landing_target_innovations__struct.h\n'}
[1.082935] (px4_msgs) StdoutLine: {'line': b'-- Up-to-date: /home/harsh/ros2_project/install/px4_msgs/include/px4_msgs/px4_msgs/msg/detail/follow_target_estimator__functions.h\n'}
[1.082988] (px4_msgs) StdoutLine: {'line': b'-- Up-to-date: /home/harsh/ros2_project/install/px4_msgs/include/px4_msgs/px4_msgs/msg/detail/actuator_motors__description.c\n'}
[1.083054] (px4_msgs) StdoutLine: {'line': b'-- Up-to-date: /home/harsh/ros2_project/install/px4_msgs/include/px4_msgs/px4_msgs/msg/detail/mission_result__type_support.h\n'}
[1.083110] (px4_msgs) StdoutLine: {'line': b'-- Up-to-date: /home/harsh/ros2_project/install/px4_msgs/include/px4_msgs/px4_msgs/msg/detail/follow_target__type_support.h\n'}
[1.083164] (px4_msgs) StdoutLine: {'line': b'-- Up-to-date: /home/harsh/ros2_project/install/px4_msgs/include/px4_msgs/px4_msgs/msg/detail/rate_ctrl_status__functions.c\n'}
[1.083218] (px4_msgs) StdoutLine: {'line': b'-- Up-to-date: /home/harsh/ros2_project/install/px4_msgs/include/px4_msgs/px4_msgs/msg/detail/uavcan_parameter_value__type_support.h\n'}
[1.083271] (px4_msgs) StdoutLine: {'line': b'-- Up-to-date: /home/harsh/ros2_project/install/px4_msgs/include/px4_msgs/px4_msgs/msg/detail/differential_pressure__struct.h\n'}
[1.083326] (px4_msgs) StdoutLine: {'line': b'-- Up-to-date: /home/harsh/ros2_project/install/px4_msgs/include/px4_msgs/px4_msgs/msg/detail/vehicle_trajectory_bezier__functions.c\n'}
[1.083382] (px4_msgs) StdoutLine: {'line': b'-- Up-to-date: /home/harsh/ros2_project/install/px4_msgs/include/px4_msgs/px4_msgs/msg/detail/vehicle_attitude_setpoint__functions.h\n'}
[1.083436] (px4_msgs) StdoutLine: {'line': b'-- Up-to-date: /home/harsh/ros2_project/install/px4_msgs/include/px4_msgs/px4_msgs/msg/detail/vehicle_global_position__functions.c\n'}
[1.083490] (px4_msgs) StdoutLine: {'line': b'-- Up-to-date: /home/harsh/ros2_project/install/px4_msgs/include/px4_msgs/px4_msgs/msg/detail/gimbal_manager_set_manual_control__functions.c\n'}
[1.083545] (px4_msgs) StdoutLine: {'line': b'-- Up-to-date: /home/harsh/ros2_project/install/px4_msgs/include/px4_msgs/px4_msgs/msg/detail/battery_status__functions.h\n'}
[1.083600] (px4_msgs) StdoutLine: {'line': b'-- Up-to-date: /home/harsh/ros2_project/install/px4_msgs/include/px4_msgs/px4_msgs/msg/detail/airspeed__functions.c\n'}
[1.083653] (px4_msgs) StdoutLine: {'line': b'-- Up-to-date: /home/harsh/ros2_project/install/px4_msgs/include/px4_msgs/px4_msgs/msg/detail/heater_status__functions.h\n'}
[1.083706] (px4_msgs) StdoutLine: {'line': b'-- Up-to-date: /home/harsh/ros2_project/install/px4_msgs/include/px4_msgs/px4_msgs/msg/detail/sensor_gnss_relative__functions.c\n'}
[1.083758] (px4_msgs) StdoutLine: {'line': b'-- Up-to-date: /home/harsh/ros2_project/install/px4_msgs/include/px4_msgs/px4_msgs/msg/detail/flight_phase_estimation__description.c\n'}
[1.083811] (px4_msgs) StdoutLine: {'line': b'-- Installing: /home/harsh/ros2_project/install/px4_msgs/include/px4_msgs/px4_msgs/msg/detail/tune_control__type_support.c\n'}
[1.083868] (px4_msgs) StdoutLine: {'line': b'-- Installing: /home/harsh/ros2_project/install/px4_msgs/include/px4_msgs/px4_msgs/msg/detail/gimbal_manager_set_attitude__type_support.c\n'}
[1.083923] (px4_msgs) StdoutLine: {'line': b'-- Up-to-date: /home/harsh/ros2_project/install/px4_msgs/include/px4_msgs/px4_msgs/msg/detail/airspeed_wind__functions.h\n'}
[1.083980] (px4_msgs) StdoutLine: {'line': b'-- Up-to-date: /home/harsh/ros2_project/install/px4_msgs/include/px4_msgs/px4_msgs/msg/detail/rc_parameter_map__struct.h\n'}
[1.084044] (px4_msgs) StdoutLine: {'line': b'-- Up-to-date: /home/harsh/ros2_project/install/px4_msgs/include/px4_msgs/px4_msgs/msg/detail/vehicle_command__functions.c\n'}
[1.084104] (px4_msgs) StdoutLine: {'line': b'-- Installing: /home/harsh/ros2_project/install/px4_msgs/include/px4_msgs/px4_msgs/msg/detail/mavlink_log__type_support.c\n'}
[1.084180] (px4_msgs) StdoutLine: {'line': b'-- Up-to-date: /home/harsh/ros2_project/install/px4_msgs/include/px4_msgs/px4_msgs/msg/detail/ekf2_timestamps__type_support.h\n'}
[1.084239] (px4_msgs) StdoutLine: {'line': b'-- Up-to-date: /home/harsh/ros2_project/install/px4_msgs/include/px4_msgs/px4_msgs/msg/detail/collision_report__functions.c\n'}
[1.084357] (px4_msgs) StdoutLine: {'line': b'-- Installing: /home/harsh/ros2_project/install/px4_msgs/include/px4_msgs/px4_msgs/msg/detail/estimator_innovations__type_support.c\n'}
[1.084511] (px4_msgs) StdoutLine: {'line': b'-- Up-to-date: /home/harsh/ros2_project/install/px4_msgs/include/px4_msgs/px4_msgs/msg/detail/power_button_state__functions.c\n'}
[1.084573] (px4_msgs) StdoutLine: {'line': b'-- Installing: /home/harsh/ros2_project/install/px4_msgs/include/px4_msgs/px4_msgs/msg/detail/collision_report__type_support.c\n'}
[1.084631] (px4_msgs) StdoutLine: {'line': b'-- Up-to-date: /home/harsh/ros2_project/install/px4_msgs/include/px4_msgs/px4_msgs/msg/detail/rpm__type_support.h\n'}
[1.084689] (px4_msgs) StdoutLine: {'line': b'-- Up-to-date: /home/harsh/ros2_project/install/px4_msgs/include/px4_msgs/px4_msgs/msg/detail/velocity_limits__type_support.h\n'}
[1.084746] (px4_msgs) StdoutLine: {'line': b'-- Up-to-date: /home/harsh/ros2_project/install/px4_msgs/include/px4_msgs/px4_msgs/msg/detail/trajectory_waypoint__description.c\n'}
[1.084802] (px4_msgs) StdoutLine: {'line': b'-- Up-to-date: /home/harsh/ros2_project/install/px4_msgs/include/px4_msgs/px4_msgs/msg/detail/normalized_unsigned_setpoint__struct.h\n'}
[1.084863] (px4_msgs) StdoutLine: {'line': b'-- Up-to-date: /home/harsh/ros2_project/install/px4_msgs/include/px4_msgs/px4_msgs/msg/detail/position_setpoint__type_support.h\n'}
[1.084926] (px4_msgs) StdoutLine: {'line': b'-- Up-to-date: /home/harsh/ros2_project/install/px4_msgs/include/px4_msgs/px4_msgs/msg/detail/mission_result__functions.c\n'}
[1.084984] (px4_msgs) StdoutLine: {'line': b'-- Up-to-date: /home/harsh/ros2_project/install/px4_msgs/include/px4_msgs/px4_msgs/msg/detail/collision_report__functions.h\n'}
[1.085054] (px4_msgs) StdoutLine: {'line': b'-- Up-to-date: /home/harsh/ros2_project/install/px4_msgs/include/px4_msgs/px4_msgs/msg/detail/sensor_gps__description.c\n'}
[1.085113] (px4_msgs) StdoutLine: {'line': b'-- Up-to-date: /home/harsh/ros2_project/install/px4_msgs/include/px4_msgs/px4_msgs/msg/detail/parameter_update__struct.h\n'}
[1.085173] (px4_msgs) StdoutLine: {'line': b'-- Up-to-date: /home/harsh/ros2_project/install/px4_msgs/include/px4_msgs/px4_msgs/msg/detail/vehicle_imu__description.c\n'}
[1.085231] (px4_msgs) StdoutLine: {'line': b'-- Up-to-date: /home/harsh/ros2_project/install/px4_msgs/include/px4_msgs/px4_msgs/msg/detail/vehicle_magnetometer__functions.c\n'}
[1.085290] (px4_msgs) StdoutLine: {'line': b'-- Up-to-date: /home/harsh/ros2_project/install/px4_msgs/include/px4_msgs/px4_msgs/msg/detail/differential_pressure__functions.h\n'}
[1.085347] (px4_msgs) StdoutLine: {'line': b'-- Up-to-date: /home/harsh/ros2_project/install/px4_msgs/include/px4_msgs/px4_msgs/msg/detail/estimator_event_flags__type_support.h\n'}
[1.085406] (px4_msgs) StdoutLine: {'line': b'-- Up-to-date: /home/harsh/ros2_project/install/px4_msgs/include/px4_msgs/px4_msgs/msg/detail/timesync_status__type_support.h\n'}
[1.085468] (px4_msgs) StdoutLine: {'line': b'-- Up-to-date: /home/harsh/ros2_project/install/px4_msgs/include/px4_msgs/px4_msgs/msg/detail/power_monitor__functions.h\n'}
[1.085523] (px4_msgs) StdoutLine: {'line': b'-- Up-to-date: /home/harsh/ros2_project/install/px4_msgs/include/px4_msgs/px4_msgs/msg/detail/camera_trigger__functions.c\n'}
[1.085579] (px4_msgs) StdoutLine: {'line': b'-- Up-to-date: /home/harsh/ros2_project/install/px4_msgs/include/px4_msgs/px4_msgs/msg/detail/estimator_aid_source2d__type_support.h\n'}
[1.085635] (px4_msgs) StdoutLine: {'line': b'-- Up-to-date: /home/harsh/ros2_project/install/px4_msgs/include/px4_msgs/px4_msgs/msg/detail/health_report__description.c\n'}
[1.085708] (px4_msgs) StdoutLine: {'line': b'-- Up-to-date: /home/harsh/ros2_project/install/px4_msgs/include/px4_msgs/px4_msgs/msg/detail/orb_test_large__functions.c\n'}
[1.085764] (px4_msgs) StdoutLine: {'line': b'-- Up-to-date: /home/harsh/ros2_project/install/px4_msgs/include/px4_msgs/px4_msgs/msg/detail/config_overrides__type_support.h\n'}
[1.085821] (px4_msgs) StdoutLine: {'line': b'-- Up-to-date: /home/harsh/ros2_project/install/px4_msgs/include/px4_msgs/px4_msgs/msg/detail/airspeed_validated__functions.c\n'}
[1.085876] (px4_msgs) StdoutLine: {'line': b'-- Up-to-date: /home/harsh/ros2_project/install/px4_msgs/include/px4_msgs/px4_msgs/msg/detail/magnetometer_bias_estimate__description.c\n'}
[1.085931] (px4_msgs) StdoutLine: {'line': b'-- Up-to-date: /home/harsh/ros2_project/install/px4_msgs/include/px4_msgs/px4_msgs/msg/detail/power_button_state__type_support.h\n'}
[1.085987] (px4_msgs) StdoutLine: {'line': b'-- Installing: /home/harsh/ros2_project/install/px4_msgs/include/px4_msgs/px4_msgs/msg/detail/landing_target_pose__type_support.c\n'}
[1.086051] (px4_msgs) StdoutLine: {'line': b'-- Installing: /home/harsh/ros2_project/install/px4_msgs/include/px4_msgs/px4_msgs/msg/detail/trajectory_bezier__type_support.c\n'}
[1.086109] (px4_msgs) StdoutLine: {'line': b'-- Up-to-date: /home/harsh/ros2_project/install/px4_msgs/include/px4_msgs/px4_msgs/msg/detail/iridiumsbd_status__struct.h\n'}
[1.086165] (px4_msgs) StdoutLine: {'line': b'-- Installing: /home/harsh/ros2_project/install/px4_msgs/include/px4_msgs/px4_msgs/msg/detail/message_format_request__type_support.c\n'}
[1.086279] (px4_msgs) StdoutLine: {'line': b'-- Up-to-date: /home/harsh/ros2_project/install/px4_msgs/include/px4_msgs/px4_msgs/msg/detail/debug_value__functions.h\n'}
[1.086338] (px4_msgs) StdoutLine: {'line': b'-- Up-to-date: /home/harsh/ros2_project/install/px4_msgs/include/px4_msgs/px4_msgs/msg/detail/ping__description.c\n'}
[1.086394] (px4_msgs) StdoutLine: {'line': b'-- Up-to-date: /home/harsh/ros2_project/install/px4_msgs/include/px4_msgs/px4_msgs/msg/detail/collision_report__struct.h\n'}
[1.086452] (px4_msgs) StdoutLine: {'line': b'-- Up-to-date: /home/harsh/ros2_project/install/px4_msgs/include/px4_msgs/px4_msgs/msg/detail/estimator_aid_source1d__struct.h\n'}
[1.086511] (px4_msgs) StdoutLine: {'line': b'-- Up-to-date: /home/harsh/ros2_project/install/px4_msgs/include/px4_msgs/px4_msgs/msg/detail/figure_eight_status__functions.c\n'}
[1.086565] (px4_msgs) StdoutLine: {'line': b'-- Up-to-date: /home/harsh/ros2_project/install/px4_msgs/include/px4_msgs/px4_msgs/msg/detail/sensor_gyro_fifo__functions.h\n'}
[1.086616] (px4_msgs) StdoutLine: {'line': b'-- Up-to-date: /home/harsh/ros2_project/install/px4_msgs/include/px4_msgs/px4_msgs/msg/detail/distance_sensor__struct.h\n'}
[1.086674] (px4_msgs) StdoutLine: {'line': b'-- Installing: /home/harsh/ros2_project/install/px4_msgs/include/px4_msgs/px4_msgs/msg/detail/rate_ctrl_status__type_support.c\n'}
[1.086730] (px4_msgs) StdoutLine: {'line': b'-- Up-to-date: /home/harsh/ros2_project/install/px4_msgs/include/px4_msgs/px4_msgs/msg/detail/register_ext_component_request__type_support.h\n'}
[1.086785] (px4_msgs) StdoutLine: {'line': b'-- Up-to-date: /home/harsh/ros2_project/install/px4_msgs/include/px4_msgs/px4_msgs/msg/detail/esc_report__functions.c\n'}
[1.086840] (px4_msgs) StdoutLine: {'line': b'-- Up-to-date: /home/harsh/ros2_project/install/px4_msgs/include/px4_msgs/px4_msgs/msg/detail/sensor_correction__description.c\n'}
[1.086901] (px4_msgs) StdoutLine: {'line': b'-- Up-to-date: /home/harsh/ros2_project/install/px4_msgs/include/px4_msgs/px4_msgs/msg/detail/heater_status__type_support.h\n'}
[1.086957] (px4_msgs) StdoutLine: {'line': b'-- Up-to-date: /home/harsh/ros2_project/install/px4_msgs/include/px4_msgs/px4_msgs/msg/detail/arming_check_reply__type_support.h\n'}
[1.087018] (px4_msgs) StdoutLine: {'line': b'-- Up-to-date: /home/harsh/ros2_project/install/px4_msgs/include/px4_msgs/px4_msgs/msg/detail/vehicle_thrust_setpoint__struct.h\n'}
[1.087080] (px4_msgs) StdoutLine: {'line': b'-- Up-to-date: /home/harsh/ros2_project/install/px4_msgs/include/px4_msgs/px4_msgs/msg/detail/tune_control__description.c\n'}
[1.087207] (px4_msgs) StdoutLine: {'line': b'-- Up-to-date: /home/harsh/ros2_project/install/px4_msgs/include/px4_msgs/px4_msgs/msg/detail/sensor_combined__functions.h\n'}
[1.087267] (px4_msgs) StdoutLine: {'line': b'-- Up-to-date: /home/harsh/ros2_project/install/px4_msgs/include/px4_msgs/px4_msgs/msg/detail/sensor_gps__type_support.h\n'}
[1.087324] (px4_msgs) StdoutLine: {'line': b'-- Up-to-date: /home/harsh/ros2_project/install/px4_msgs/include/px4_msgs/px4_msgs/msg/detail/vehicle_constraints__functions.c\n'}
[1.087384] (px4_msgs) StdoutLine: {'line': b'-- Up-to-date: /home/harsh/ros2_project/install/px4_msgs/include/px4_msgs/px4_msgs/msg/detail/collision_constraints__description.c\n'}
[1.087441] (px4_msgs) StdoutLine: {'line': b'-- Up-to-date: /home/harsh/ros2_project/install/px4_msgs/include/px4_msgs/px4_msgs/msg/detail/sensor_selection__description.c\n'}
[1.087500] (px4_msgs) StdoutLine: {'line': b'-- Up-to-date: /home/harsh/ros2_project/install/px4_msgs/include/px4_msgs/px4_msgs/msg/detail/differential_pressure__functions.c\n'}
[1.087558] (px4_msgs) StdoutLine: {'line': b'-- Up-to-date: /home/harsh/ros2_project/install/px4_msgs/include/px4_msgs/px4_msgs/msg/detail/estimator_bias__type_support.h\n'}
[1.087616] (px4_msgs) StdoutLine: {'line': b'-- Up-to-date: /home/harsh/ros2_project/install/px4_msgs/include/px4_msgs/px4_msgs/msg/detail/sensor_accel_fifo__functions.c\n'}
[1.087672] (px4_msgs) StdoutLine: {'line': b'-- Installing: /home/harsh/ros2_project/install/px4_msgs/include/px4_msgs/px4_msgs/msg/detail/gripper__type_support.c\n'}
[1.087729] (px4_msgs) StdoutLine: {'line': b'-- Up-to-date: /home/harsh/ros2_project/install/px4_msgs/include/px4_msgs/px4_msgs/msg/detail/sensors_status__struct.h\n'}
[1.087786] (px4_msgs) StdoutLine: {'line': b'-- Up-to-date: /home/harsh/ros2_project/install/px4_msgs/include/px4_msgs/px4_msgs/msg/detail/sensor_gps__struct.h\n'}
[1.087844] (px4_msgs) StdoutLine: {'line': b'-- Up-to-date: /home/harsh/ros2_project/install/px4_msgs/include/px4_msgs/px4_msgs/msg/detail/trajectory_waypoint__functions.h\n'}
[1.087899] (px4_msgs) StdoutLine: {'line': b'-- Up-to-date: /home/harsh/ros2_project/install/px4_msgs/include/px4_msgs/px4_msgs/msg/detail/pwm_input__functions.h\n'}
[1.087956] (px4_msgs) StdoutLine: {'line': b'-- Installing: /home/harsh/ros2_project/install/px4_msgs/include/px4_msgs/px4_msgs/msg/detail/log_message__type_support.c\n'}
[1.088023] (px4_msgs) StdoutLine: {'line': b'-- Up-to-date: /home/harsh/ros2_project/install/px4_msgs/include/px4_msgs/px4_msgs/msg/detail/message_format_response__type_support.h\n'}
[1.088085] (px4_msgs) StdoutLine: {'line': b'-- Up-to-date: /home/harsh/ros2_project/install/px4_msgs/include/px4_msgs/px4_msgs/msg/detail/parameter_reset_request__functions.c\n'}
[1.088147] (px4_msgs) StdoutLine: {'line': b'-- Up-to-date: /home/harsh/ros2_project/install/px4_msgs/include/px4_msgs/px4_msgs/msg/detail/vehicle_roi__functions.c\n'}
[1.088204] (px4_msgs) StdoutLine: {'line': b'-- Up-to-date: /home/harsh/ros2_project/install/px4_msgs/include/px4_msgs/px4_msgs/msg/detail/landing_target_innovations__description.c\n'}
[1.088258] (px4_msgs) StdoutLine: {'line': b'-- Up-to-date: /home/harsh/ros2_project/install/px4_msgs/include/px4_msgs/px4_msgs/msg/detail/power_button_state__functions.h\n'}
[1.088314] (px4_msgs) StdoutLine: {'line': b'-- Installing: /home/harsh/ros2_project/install/px4_msgs/include/px4_msgs/px4_msgs/msg/detail/mag_worker_data__type_support.c\n'}
[1.088369] (px4_msgs) StdoutLine: {'line': b'-- Up-to-date: /home/harsh/ros2_project/install/px4_msgs/include/px4_msgs/px4_msgs/msg/detail/dataman_request__type_support.h\n'}
[1.088537] (px4_msgs) StdoutLine: {'line': b'-- Up-to-date: /home/harsh/ros2_project/install/px4_msgs/include/px4_msgs/px4_msgs/msg/detail/mount_orientation__struct.h\n'}
[1.088597] (px4_msgs) StdoutLine: {'line': b'-- Up-to-date: /home/harsh/ros2_project/install/px4_msgs/include/px4_msgs/px4_msgs/msg/detail/gimbal_device_information__struct.h\n'}
[1.088753] (px4_msgs) StdoutLine: {'line': b'-- Up-to-date: /home/harsh/ros2_project/install/px4_msgs/include/px4_msgs/px4_msgs/msg/detail/vehicle_odometry__type_support.h\n'}
[1.088815] (px4_msgs) StdoutLine: {'line': b'-- Up-to-date: /home/harsh/ros2_project/install/px4_msgs/include/px4_msgs/px4_msgs/msg/detail/failsafe_flags__functions.h\n'}
[1.088876] (px4_msgs) StdoutLine: {'line': b'-- Installing: /home/harsh/ros2_project/install/px4_msgs/include/px4_msgs/px4_msgs/msg/detail/sensor_preflight_mag__type_support.c\n'}
[1.088939] (px4_msgs) StdoutLine: {'line': b'-- Up-to-date: /home/harsh/ros2_project/install/px4_msgs/include/px4_msgs/px4_msgs/msg/detail/offboard_control_mode__type_support.h\n'}
[1.089003] (px4_msgs) StdoutLine: {'line': b'-- Up-to-date: /home/harsh/ros2_project/install/px4_msgs/include/px4_msgs/px4_msgs/msg/detail/distance_sensor__description.c\n'}
[1.089072] (px4_msgs) StdoutLine: {'line': b'-- Up-to-date: /home/harsh/ros2_project/install/px4_msgs/include/px4_msgs/px4_msgs/msg/detail/esc_report__description.c\n'}
[1.089137] (px4_msgs) StdoutLine: {'line': b'-- Up-to-date: /home/harsh/ros2_project/install/px4_msgs/include/px4_msgs/px4_msgs/msg/detail/follow_target_estimator__description.c\n'}
[1.089197] (px4_msgs) StdoutLine: {'line': b'-- Up-to-date: /home/harsh/ros2_project/install/px4_msgs/include/px4_msgs/px4_msgs/msg/detail/power_monitor__description.c\n'}
[1.089254] (px4_msgs) StdoutLine: {'line': b'-- Up-to-date: /home/harsh/ros2_project/install/px4_msgs/include/px4_msgs/px4_msgs/msg/detail/vehicle_optical_flow_vel__description.c\n'}
[1.089315] (px4_msgs) StdoutLine: {'line': b'-- Up-to-date: /home/harsh/ros2_project/install/px4_msgs/include/px4_msgs/px4_msgs/msg/detail/estimator_status_flags__functions.c\n'}
[1.089376] (px4_msgs) StdoutLine: {'line': b'-- Up-to-date: /home/harsh/ros2_project/install/px4_msgs/include/px4_msgs/px4_msgs/msg/detail/gimbal_device_attitude_status__struct.h\n'}
[1.089438] (px4_msgs) StdoutLine: {'line': b'-- Up-to-date: /home/harsh/ros2_project/install/px4_msgs/include/px4_msgs/px4_msgs/msg/detail/sensor_baro__type_support.h\n'}
[1.089498] (px4_msgs) StdoutLine: {'line': b'-- Installing: /home/harsh/ros2_project/install/px4_msgs/include/px4_msgs/px4_msgs/msg/detail/sensor_hygrometer__type_support.c\n'}
[1.089558] (px4_msgs) StdoutLine: {'line': b'-- Up-to-date: /home/harsh/ros2_project/install/px4_msgs/include/px4_msgs/px4_msgs/msg/detail/rc_channels__functions.c\n'}
[1.089619] (px4_msgs) StdoutLine: {'line': b'-- Installing: /home/harsh/ros2_project/install/px4_msgs/include/px4_msgs/px4_msgs/msg/detail/actuator_servos__type_support.c\n'}
[1.089682] (px4_msgs) StdoutLine: {'line': b'-- Up-to-date: /home/harsh/ros2_project/install/px4_msgs/include/px4_msgs/px4_msgs/msg/detail/manual_control_setpoint__type_support.h\n'}
[1.089740] (px4_msgs) StdoutLine: {'line': b'-- Up-to-date: /home/harsh/ros2_project/install/px4_msgs/include/px4_msgs/px4_msgs/msg/detail/vehicle_land_detected__functions.c\n'}
[1.089800] (px4_msgs) StdoutLine: {'line': b'-- Up-to-date: /home/harsh/ros2_project/install/px4_msgs/include/px4_msgs/px4_msgs/msg/detail/input_rc__struct.h\n'}
[1.089861] (px4_msgs) StdoutLine: {'line': b'-- Up-to-date: /home/harsh/ros2_project/install/px4_msgs/include/px4_msgs/px4_msgs/msg/detail/sensor_baro__struct.h\n'}
[1.089919] (px4_msgs) StdoutLine: {'line': b'-- Up-to-date: /home/harsh/ros2_project/install/px4_msgs/include/px4_msgs/px4_msgs/msg/detail/orbit_status__functions.h\n'}
[1.089983] (px4_msgs) StdoutLine: {'line': b'-- Up-to-date: /home/harsh/ros2_project/install/px4_msgs/include/px4_msgs/px4_msgs/msg/detail/vehicle_trajectory_waypoint__description.c\n'}
[1.090055] (px4_msgs) StdoutLine: {'line': b'-- Up-to-date: /home/harsh/ros2_project/install/px4_msgs/include/px4_msgs/px4_msgs/msg/detail/follow_target_estimator__type_support.h\n'}
[1.090121] (px4_msgs) StdoutLine: {'line': b'-- Up-to-date: /home/harsh/ros2_project/install/px4_msgs/include/px4_msgs/px4_msgs/msg/detail/mag_worker_data__description.c\n'}
[1.090263] (px4_msgs) StdoutLine: {'line': b'-- Up-to-date: /home/harsh/ros2_project/install/px4_msgs/include/px4_msgs/px4_msgs/msg/detail/trajectory_bezier__functions.h\n'}
[1.090510] (px4_msgs) StdoutLine: {'line': b'-- Up-to-date: /home/harsh/ros2_project/install/px4_msgs/include/px4_msgs/px4_msgs/msg/detail/vtol_vehicle_status__functions.h\n'}
[1.090570] (px4_msgs) StdoutLine: {'line': b'-- Up-to-date: /home/harsh/ros2_project/install/px4_msgs/include/px4_msgs/px4_msgs/msg/detail/px4io_status__functions.h\n'}
[1.090629] (px4_msgs) StdoutLine: {'line': b'-- Up-to-date: /home/harsh/ros2_project/install/px4_msgs/include/px4_msgs/px4_msgs/msg/detail/sensor_uwb__type_support.h\n'}
[1.090688] (px4_msgs) StdoutLine: {'line': b'-- Up-to-date: /home/harsh/ros2_project/install/px4_msgs/include/px4_msgs/px4_msgs/msg/detail/ekf2_timestamps__functions.c\n'}
[1.090752] (px4_msgs) StdoutLine: {'line': b'-- Up-to-date: /home/harsh/ros2_project/install/px4_msgs/include/px4_msgs/px4_msgs/msg/detail/sensor_gyro_fifo__description.c\n'}
[1.090813] (px4_msgs) StdoutLine: {'line': b'-- Up-to-date: /home/harsh/ros2_project/install/px4_msgs/include/px4_msgs/px4_msgs/msg/detail/vehicle_global_position__struct.h\n'}
[1.090877] (px4_msgs) StdoutLine: {'line': b'-- Installing: /home/harsh/ros2_project/install/px4_msgs/include/px4_msgs/px4_msgs/msg/detail/distance_sensor__type_support.c\n'}
[1.091097] (px4_msgs) StdoutLine: {'line': b'-- Installing: /home/harsh/ros2_project/install/px4_msgs/include/px4_msgs/px4_msgs/msg/detail/estimator_states__type_support.c\n'}
[1.091162] (px4_msgs) StdoutLine: {'line': b'-- Up-to-date: /home/harsh/ros2_project/install/px4_msgs/include/px4_msgs/px4_msgs/msg/detail/estimator_gps_status__struct.h\n'}
[1.091222] (px4_msgs) StdoutLine: {'line': b'-- Installing: /home/harsh/ros2_project/install/px4_msgs/include/px4_msgs/px4_msgs/msg/detail/led_control__type_support.c\n'}
[1.091282] (px4_msgs) StdoutLine: {'line': b'-- Up-to-date: /home/harsh/ros2_project/install/px4_msgs/include/px4_msgs/px4_msgs/msg/detail/parameter_set_value_response__functions.c\n'}
[1.091342] (px4_msgs) StdoutLine: {'line': b'-- Up-to-date: /home/harsh/ros2_project/install/px4_msgs/include/px4_msgs/px4_msgs/msg/detail/gimbal_manager_information__functions.h\n'}
[1.091399] (px4_msgs) StdoutLine: {'line': b'-- Up-to-date: /home/harsh/ros2_project/install/px4_msgs/include/px4_msgs/px4_msgs/msg/detail/ping__struct.h\n'}
[1.091458] (px4_msgs) StdoutLine: {'line': b'-- Up-to-date: /home/harsh/ros2_project/install/px4_msgs/include/px4_msgs/px4_msgs/msg/detail/ulog_stream__struct.h\n'}
[1.091517] (px4_msgs) StdoutLine: {'line': b'-- Up-to-date: /home/harsh/ros2_project/install/px4_msgs/include/px4_msgs/px4_msgs/msg/detail/sensor_combined__description.c\n'}
[1.091573] (px4_msgs) StdoutLine: {'line': b'-- Up-to-date: /home/harsh/ros2_project/install/px4_msgs/include/px4_msgs/px4_msgs/msg/detail/timesync_status__functions.h\n'}
[1.091630] (px4_msgs) StdoutLine: {'line': b'-- Up-to-date: /home/harsh/ros2_project/install/px4_msgs/include/px4_msgs/px4_msgs/msg/detail/sensor_hygrometer__struct.h\n'}
[1.091687] (px4_msgs) StdoutLine: {'line': b'-- Up-to-date: /home/harsh/ros2_project/install/px4_msgs/include/px4_msgs/px4_msgs/msg/detail/rate_ctrl_status__struct.h\n'}
[1.091754] (px4_msgs) StdoutLine: {'line': b'-- Up-to-date: /home/harsh/ros2_project/install/px4_msgs/include/px4_msgs/px4_msgs/msg/detail/estimator_selector_status__type_support.h\n'}
[1.091808] (px4_msgs) StdoutLine: {'line': b'-- Up-to-date: /home/harsh/ros2_project/install/px4_msgs/include/px4_msgs/px4_msgs/msg/detail/can_interface_status__description.c\n'}
[1.091866] (px4_msgs) StdoutLine: {'line': b'-- Up-to-date: /home/harsh/ros2_project/install/px4_msgs/include/px4_msgs/px4_msgs/msg/detail/estimator_sensor_bias__struct.h\n'}
[1.091925] (px4_msgs) StdoutLine: {'line': b'-- Up-to-date: /home/harsh/ros2_project/install/px4_msgs/include/px4_msgs/px4_msgs/msg/detail/sensor_combined__type_support.h\n'}
[1.091982] (px4_msgs) StdoutLine: {'line': b'-- Up-to-date: /home/harsh/ros2_project/install/px4_msgs/include/px4_msgs/px4_msgs/msg/detail/rc_parameter_map__functions.h\n'}
[1.092209] (px4_msgs) StdoutLine: {'line': b'-- Up-to-date: /home/harsh/ros2_project/install/px4_msgs/include/px4_msgs/px4_msgs/msg/detail/sensor_hygrometer__description.c\n'}
[1.092349] (px4_msgs) StdoutLine: {'line': b'-- Up-to-date: /home/harsh/ros2_project/install/px4_msgs/include/px4_msgs/px4_msgs/msg/detail/manual_control_switches__struct.h\n'}
[1.092438] (px4_msgs) StdoutLine: {'line': b'-- Up-to-date: /home/harsh/ros2_project/install/px4_msgs/include/px4_msgs/px4_msgs/msg/detail/control_allocator_status__struct.h\n'}
[1.092497] (px4_msgs) StdoutLine: {'line': b'-- Installing: /home/harsh/ros2_project/install/px4_msgs/include/px4_msgs/px4_msgs/msg/detail/heater_status__type_support.c\n'}
[1.092553] (px4_msgs) StdoutLine: {'line': b'-- Up-to-date: /home/harsh/ros2_project/install/px4_msgs/include/px4_msgs/px4_msgs/msg/detail/unregister_ext_component__description.c\n'}
[1.092613] (px4_msgs) StdoutLine: {'line': b'-- Up-to-date: /home/harsh/ros2_project/install/px4_msgs/include/px4_msgs/px4_msgs/msg/detail/actuator_motors__type_support.h\n'}
[1.092733] (px4_msgs) StdoutLine: {'line': b'-- Up-to-date: /home/harsh/ros2_project/install/px4_msgs/include/px4_msgs/px4_msgs/msg/detail/landing_gear__struct.h\n'}
[1.092797] (px4_msgs) StdoutLine: {'line': b'-- Up-to-date: /home/harsh/ros2_project/install/px4_msgs/include/px4_msgs/px4_msgs/msg/detail/rtl_status__description.c\n'}
[1.092857] (px4_msgs) StdoutLine: {'line': b'-- Up-to-date: /home/harsh/ros2_project/install/px4_msgs/include/px4_msgs/px4_msgs/msg/detail/parameter_reset_request__functions.h\n'}
[1.092917] (px4_msgs) StdoutLine: {'line': b'-- Up-to-date: /home/harsh/ros2_project/install/px4_msgs/include/px4_msgs/px4_msgs/msg/detail/distance_sensor__functions.c\n'}
[1.092975] (px4_msgs) StdoutLine: {'line': b'-- Up-to-date: /home/harsh/ros2_project/install/px4_msgs/include/px4_msgs/px4_msgs/msg/detail/orb_test_medium__type_support.h\n'}
[1.093046] (px4_msgs) StdoutLine: {'line': b'-- Up-to-date: /home/harsh/ros2_project/install/px4_msgs/include/px4_msgs/px4_msgs/msg/detail/estimator_innovations__functions.h\n'}
[1.093105] (px4_msgs) StdoutLine: {'line': b'-- Up-to-date: /home/harsh/ros2_project/install/px4_msgs/include/px4_msgs/px4_msgs/msg/detail/geofence_result__description.c\n'}
[1.093160] (px4_msgs) StdoutLine: {'line': b'-- Up-to-date: /home/harsh/ros2_project/install/px4_msgs/include/px4_msgs/px4_msgs/msg/detail/gimbal_manager_set_manual_control__type_support.h\n'}
[1.093217] (px4_msgs) StdoutLine: {'line': b'-- Up-to-date: /home/harsh/ros2_project/install/px4_msgs/include/px4_msgs/px4_msgs/msg/detail/vehicle_land_detected__type_support.h\n'}
[1.093275] (px4_msgs) StdoutLine: {'line': b'-- Up-to-date: /home/harsh/ros2_project/install/px4_msgs/include/px4_msgs/px4_msgs/msg/detail/debug_array__functions.c\n'}
[1.093349] (px4_msgs) StdoutLine: {'line': b'-- Up-to-date: /home/harsh/ros2_project/install/px4_msgs/include/px4_msgs/px4_msgs/msg/detail/vehicle_status__type_support.h\n'}
[1.093405] (px4_msgs) StdoutLine: {'line': b'-- Up-to-date: /home/harsh/ros2_project/install/px4_msgs/include/px4_msgs/px4_msgs/msg/detail/position_setpoint_triplet__functions.h\n'}
[1.093461] (px4_msgs) StdoutLine: {'line': b'-- Up-to-date: /home/harsh/ros2_project/install/px4_msgs/include/px4_msgs/px4_msgs/msg/detail/rpm__description.c\n'}
[1.093514] (px4_msgs) StdoutLine: {'line': b'-- Up-to-date: /home/harsh/ros2_project/install/px4_msgs/include/px4_msgs/px4_msgs/msg/detail/estimator_status__functions.c\n'}
[1.093567] (px4_msgs) StdoutLine: {'line': b'-- Up-to-date: /home/harsh/ros2_project/install/px4_msgs/include/px4_msgs/px4_msgs/msg/detail/estimator_gps_status__functions.h\n'}
[1.093622] (px4_msgs) StdoutLine: {'line': b'-- Up-to-date: /home/harsh/ros2_project/install/px4_msgs/include/px4_msgs/px4_msgs/msg/detail/led_control__functions.c\n'}
[1.093676] (px4_msgs) StdoutLine: {'line': b'-- Up-to-date: /home/harsh/ros2_project/install/px4_msgs/include/px4_msgs/px4_msgs/msg/detail/actuator_armed__description.c\n'}
[1.093728] (px4_msgs) StdoutLine: {'line': b'-- Up-to-date: /home/harsh/ros2_project/install/px4_msgs/include/px4_msgs/px4_msgs/msg/detail/vehicle_land_detected__struct.h\n'}
[1.093787] (px4_msgs) StdoutLine: {'line': b'-- Installing: /home/harsh/ros2_project/install/px4_msgs/include/px4_msgs/px4_msgs/msg/detail/qshell_retval__type_support.c\n'}
[1.093842] (px4_msgs) StdoutLine: {'line': b'-- Up-to-date: /home/harsh/ros2_project/install/px4_msgs/include/px4_msgs/px4_msgs/msg/detail/vehicle_trajectory_bezier__type_support.h\n'}
[1.093895] (px4_msgs) StdoutLine: {'line': b'-- Up-to-date: /home/harsh/ros2_project/install/px4_msgs/include/px4_msgs/px4_msgs/msg/detail/gimbal_manager_set_manual_control__struct.h\n'}
[1.093950] (px4_msgs) StdoutLine: {'line': b'-- Installing: /home/harsh/ros2_project/install/px4_msgs/include/px4_msgs/px4_msgs/msg/detail/gimbal_device_information__type_support.c\n'}
[1.094005] (px4_msgs) StdoutLine: {'line': b'-- Up-to-date: /home/harsh/ros2_project/install/px4_msgs/include/px4_msgs/px4_msgs/msg/detail/gpio_request__functions.h\n'}
[1.094114] (px4_msgs) StdoutLine: {'line': b'-- Installing: /home/harsh/ros2_project/install/px4_msgs/include/px4_msgs/px4_msgs/msg/detail/unregister_ext_component__type_support.c\n'}
[1.094174] (px4_msgs) StdoutLine: {'line': b'-- Installing: /home/harsh/ros2_project/install/px4_msgs/include/px4_msgs/px4_msgs/msg/detail/control_allocator_status__type_support.c\n'}
[1.094235] (px4_msgs) StdoutLine: {'line': b'-- Installing: /home/harsh/ros2_project/install/px4_msgs/include/px4_msgs/px4_msgs/msg/detail/rtl_time_estimate__type_support.c\n'}
[1.094290] (px4_msgs) StdoutLine: {'line': b'-- Up-to-date: /home/harsh/ros2_project/install/px4_msgs/include/px4_msgs/px4_msgs/msg/detail/vehicle_odometry__functions.h\n'}
[1.094346] (px4_msgs) StdoutLine: {'line': b'-- Up-to-date: /home/harsh/ros2_project/install/px4_msgs/include/px4_msgs/px4_msgs/msg/detail/vtol_vehicle_status__functions.c\n'}
[1.094403] (px4_msgs) StdoutLine: {'line': b'-- Up-to-date: /home/harsh/ros2_project/install/px4_msgs/include/px4_msgs/px4_msgs/msg/detail/airspeed_wind__functions.c\n'}
[1.094464] (px4_msgs) StdoutLine: {'line': b'-- Up-to-date: /home/harsh/ros2_project/install/px4_msgs/include/px4_msgs/px4_msgs/msg/detail/gps_inject_data__functions.c\n'}
[1.094528] (px4_msgs) StdoutLine: {'line': b'-- Installing: /home/harsh/ros2_project/install/px4_msgs/include/px4_msgs/px4_msgs/msg/detail/magnetometer_bias_estimate__type_support.c\n'}
[1.094590] (px4_msgs) StdoutLine: {'line': b'-- Up-to-date: /home/harsh/ros2_project/install/px4_msgs/include/px4_msgs/px4_msgs/msg/detail/estimator_status__functions.h\n'}
[1.094646] (px4_msgs) StdoutLine: {'line': b'-- Up-to-date: /home/harsh/ros2_project/install/px4_msgs/include/px4_msgs/px4_msgs/msg/detail/wheel_encoders__struct.h\n'}
[1.094700] (px4_msgs) StdoutLine: {'line': b'-- Installing: /home/harsh/ros2_project/install/px4_msgs/include/px4_msgs/px4_msgs/msg/detail/mission__type_support.c\n'}
[1.094752] (px4_msgs) StdoutLine: {'line': b'-- Up-to-date: /home/harsh/ros2_project/install/px4_msgs/include/px4_msgs/px4_msgs/msg/detail/rc_channels__description.c\n'}
[1.094809] (px4_msgs) StdoutLine: {'line': b'-- Installing: /home/harsh/ros2_project/install/px4_msgs/include/px4_msgs/px4_msgs/msg/detail/trajectory_waypoint__type_support.c\n'}
[1.094865] (px4_msgs) StdoutLine: {'line': b'-- Up-to-date: /home/harsh/ros2_project/install/px4_msgs/include/px4_msgs/px4_msgs/msg/detail/hover_thrust_estimate__type_support.h\n'}
[1.094924] (px4_msgs) StdoutLine: {'line': b'-- Up-to-date: /home/harsh/ros2_project/install/px4_msgs/include/px4_msgs/px4_msgs/msg/detail/vehicle_command__functions.h\n'}
[1.094977] (px4_msgs) StdoutLine: {'line': b'-- Installing: /home/harsh/ros2_project/install/px4_msgs/include/px4_msgs/px4_msgs/msg/detail/estimator_aid_source2d__type_support.c\n'}
[1.095051] (px4_msgs) StdoutLine: {'line': b'-- Up-to-date: /home/harsh/ros2_project/install/px4_msgs/include/px4_msgs/px4_msgs/msg/detail/tune_control__functions.c\n'}
[1.095200] (px4_msgs) StdoutLine: {'line': b'-- Up-to-date: /home/harsh/ros2_project/install/px4_msgs/include/px4_msgs/px4_msgs/msg/detail/cpuload__type_support.h\n'}
[1.095380] (px4_msgs) StdoutLine: {'line': b'-- Up-to-date: /home/harsh/ros2_project/install/px4_msgs/include/px4_msgs/px4_msgs/msg/detail/yaw_estimator_status__functions.h\n'}
[1.095438] (px4_msgs) StdoutLine: {'line': b'-- Up-to-date: /home/harsh/ros2_project/install/px4_msgs/include/px4_msgs/px4_msgs/msg/detail/vehicle_rates_setpoint__description.c\n'}
[1.095527] (px4_msgs) StdoutLine: {'line': b'-- Up-to-date: /home/harsh/ros2_project/install/px4_msgs/include/px4_msgs/px4_msgs/msg/detail/npfg_status__type_support.h\n'}
[1.095585] (px4_msgs) StdoutLine: {'line': b'-- Up-to-date: /home/harsh/ros2_project/install/px4_msgs/include/px4_msgs/px4_msgs/msg/detail/estimator_sensor_bias__type_support.h\n'}
[1.095641] (px4_msgs) StdoutLine: {'line': b'-- Up-to-date: /home/harsh/ros2_project/install/px4_msgs/include/px4_msgs/px4_msgs/msg/detail/dataman_request__functions.c\n'}
[1.095697] (px4_msgs) StdoutLine: {'line': b'-- Up-to-date: /home/harsh/ros2_project/install/px4_msgs/include/px4_msgs/px4_msgs/msg/detail/vehicle_optical_flow__type_support.h\n'}
[1.095752] (px4_msgs) StdoutLine: {'line': b'-- Up-to-date: /home/harsh/ros2_project/install/px4_msgs/include/px4_msgs/px4_msgs/msg/detail/arming_check_request__functions.c\n'}
[1.095807] (px4_msgs) StdoutLine: {'line': b'-- Up-to-date: /home/harsh/ros2_project/install/px4_msgs/include/px4_msgs/px4_msgs/msg/detail/estimator_sensor_bias__description.c\n'}
[1.095864] (px4_msgs) StdoutLine: {'line': b'-- Up-to-date: /home/harsh/ros2_project/install/px4_msgs/include/px4_msgs/px4_msgs/msg/detail/actuator_motors__functions.h\n'}
[1.095918] (px4_msgs) StdoutLine: {'line': b'-- Up-to-date: /home/harsh/ros2_project/install/px4_msgs/include/px4_msgs/px4_msgs/msg/detail/cellular_status__description.c\n'}
[1.095970] (px4_msgs) StdoutLine: {'line': b'-- Up-to-date: /home/harsh/ros2_project/install/px4_msgs/include/px4_msgs/px4_msgs/msg/detail/takeoff_status__functions.h\n'}
[1.096058] (px4_msgs) StdoutLine: {'line': b'-- Installing: /home/harsh/ros2_project/install/px4_msgs/include/px4_msgs/px4_msgs/msg/detail/button_event__type_support.c\n'}
[1.096115] (px4_msgs) StdoutLine: {'line': b'-- Up-to-date: /home/harsh/ros2_project/install/px4_msgs/include/px4_msgs/px4_msgs/msg/detail/unregister_ext_component__functions.c\n'}
[1.096167] (px4_msgs) StdoutLine: {'line': b'-- Up-to-date: /home/harsh/ros2_project/install/px4_msgs/include/px4_msgs/px4_msgs/msg/detail/logger_status__struct.h\n'}
[1.096217] (px4_msgs) StdoutLine: {'line': b'-- Up-to-date: /home/harsh/ros2_project/install/px4_msgs/include/px4_msgs/px4_msgs/msg/detail/health_report__functions.h\n'}
[1.096268] (px4_msgs) StdoutLine: {'line': b'-- Up-to-date: /home/harsh/ros2_project/install/px4_msgs/include/px4_msgs/px4_msgs/msg/detail/sensors_status_imu__functions.h\n'}
[1.096321] (px4_msgs) StdoutLine: {'line': b'-- Up-to-date: /home/harsh/ros2_project/install/px4_msgs/include/px4_msgs/px4_msgs/msg/detail/esc_status__description.c\n'}
[1.096376] (px4_msgs) StdoutLine: {'line': b'-- Up-to-date: /home/harsh/ros2_project/install/px4_msgs/include/px4_msgs/px4_msgs/msg/detail/debug_value__description.c\n'}
[1.096434] (px4_msgs) StdoutLine: {'line': b'-- Up-to-date: /home/harsh/ros2_project/install/px4_msgs/include/px4_msgs/px4_msgs/msg/detail/estimator_aid_source1d__functions.h\n'}
[1.096490] (px4_msgs) StdoutLine: {'line': b'-- Up-to-date: /home/harsh/ros2_project/install/px4_msgs/include/px4_msgs/px4_msgs/msg/detail/vehicle_acceleration__struct.h\n'}
[1.096576] (px4_msgs) StdoutLine: {'line': b'-- Installing: /home/harsh/ros2_project/install/px4_msgs/include/px4_msgs/px4_msgs/msg/detail/vehicle_rates_setpoint__type_support.c\n'}
[1.096632] (px4_msgs) StdoutLine: {'line': b'-- Up-to-date: /home/harsh/ros2_project/install/px4_msgs/include/px4_msgs/px4_msgs/msg/detail/ekf2_timestamps__struct.h\n'}
[1.096682] (px4_msgs) StdoutLine: {'line': b'-- Up-to-date: /home/harsh/ros2_project/install/px4_msgs/include/px4_msgs/px4_msgs/msg/detail/obstacle_distance__type_support.h\n'}
[1.096736] (px4_msgs) StdoutLine: {'line': b'-- Up-to-date: /home/harsh/ros2_project/install/px4_msgs/include/px4_msgs/px4_msgs/msg/detail/config_overrides__functions.h\n'}
[1.096788] (px4_msgs) StdoutLine: {'line': b'-- Up-to-date: /home/harsh/ros2_project/install/px4_msgs/include/px4_msgs/px4_msgs/msg/detail/goto_setpoint__functions.c\n'}
[1.096837] (px4_msgs) StdoutLine: {'line': b'-- Installing: /home/harsh/ros2_project/install/px4_msgs/include/px4_msgs/px4_msgs/msg/detail/gimbal_device_set_attitude__type_support.c\n'}
[1.096890] (px4_msgs) StdoutLine: {'line': b'-- Up-to-date: /home/harsh/ros2_project/install/px4_msgs/include/px4_msgs/px4_msgs/msg/detail/sensor_accel__description.c\n'}
[1.096941] (px4_msgs) StdoutLine: {'line': b'-- Installing: /home/harsh/ros2_project/install/px4_msgs/include/px4_msgs/px4_msgs/msg/detail/adc_report__type_support.c\n'}
[1.096998] (px4_msgs) StdoutLine: {'line': b'-- Up-to-date: /home/harsh/ros2_project/install/px4_msgs/include/px4_msgs/px4_msgs/msg/detail/sensor_gyro_fft__description.c\n'}
[1.097081] (px4_msgs) StdoutLine: {'line': b'-- Up-to-date: /home/harsh/ros2_project/install/px4_msgs/include/px4_msgs/px4_msgs/msg/detail/iridiumsbd_status__functions.c\n'}
[1.097135] (px4_msgs) StdoutLine: {'line': b'-- Installing: /home/harsh/ros2_project/install/px4_msgs/include/px4_msgs/px4_msgs/msg/detail/mount_orientation__type_support.c\n'}
[1.097188] (px4_msgs) StdoutLine: {'line': b'-- Up-to-date: /home/harsh/ros2_project/install/px4_msgs/include/px4_msgs/px4_msgs/msg/detail/estimator_innovations__description.c\n'}
[1.097242] (px4_msgs) StdoutLine: {'line': b'-- Up-to-date: /home/harsh/ros2_project/install/px4_msgs/include/px4_msgs/px4_msgs/msg/detail/vehicle_attitude_setpoint__struct.h\n'}
[1.097295] (px4_msgs) StdoutLine: {'line': b'-- Up-to-date: /home/harsh/ros2_project/install/px4_msgs/include/px4_msgs/px4_msgs/msg/detail/vtol_vehicle_status__description.c\n'}
[1.097376] (px4_msgs) StdoutLine: {'line': b'-- Up-to-date: /home/harsh/ros2_project/install/px4_msgs/include/px4_msgs/px4_msgs/msg/detail/gpio_in__struct.h\n'}
[1.097426] (px4_msgs) StdoutLine: {'line': b'-- Up-to-date: /home/harsh/ros2_project/install/px4_msgs/include/px4_msgs/px4_msgs/msg/detail/config_overrides__struct.h\n'}
[1.097476] (px4_msgs) StdoutLine: {'line': b'-- Up-to-date: /home/harsh/ros2_project/install/px4_msgs/include/px4_msgs/px4_msgs/msg/detail/goto_setpoint__type_support.h\n'}
[1.097526] (px4_msgs) StdoutLine: {'line': b'-- Up-to-date: /home/harsh/ros2_project/install/px4_msgs/include/px4_msgs/px4_msgs/msg/detail/esc_report__functions.h\n'}
[1.097595] (px4_msgs) StdoutLine: {'line': b'-- Up-to-date: /home/harsh/ros2_project/install/px4_msgs/include/px4_msgs/px4_msgs/msg/detail/gripper__functions.c\n'}
[1.097651] (px4_msgs) StdoutLine: {'line': b'-- Up-to-date: /home/harsh/ros2_project/install/px4_msgs/include/px4_msgs/px4_msgs/msg/detail/navigator_mission_item__struct.h\n'}
[1.097707] (px4_msgs) StdoutLine: {'line': b'-- Up-to-date: /home/harsh/ros2_project/install/px4_msgs/include/px4_msgs/px4_msgs/msg/detail/gpio_in__functions.c\n'}
[1.097762] (px4_msgs) StdoutLine: {'line': b'-- Up-to-date: /home/harsh/ros2_project/install/px4_msgs/include/px4_msgs/px4_msgs/msg/detail/estimator_aid_source2d__struct.h\n'}
[1.097821] (px4_msgs) StdoutLine: {'line': b'-- Up-to-date: /home/harsh/ros2_project/install/px4_msgs/include/px4_msgs/px4_msgs/msg/detail/esc_report__type_support.h\n'}
[1.097881] (px4_msgs) StdoutLine: {'line': b'-- Up-to-date: /home/harsh/ros2_project/install/px4_msgs/include/px4_msgs/px4_msgs/msg/detail/debug_array__functions.h\n'}
[1.097936] (px4_msgs) StdoutLine: {'line': b'-- Up-to-date: /home/harsh/ros2_project/install/px4_msgs/include/px4_msgs/px4_msgs/msg/detail/qshell_retval__struct.h\n'}
[1.097993] (px4_msgs) StdoutLine: {'line': b'-- Up-to-date: /home/harsh/ros2_project/install/px4_msgs/include/px4_msgs/px4_msgs/msg/detail/magnetometer_bias_estimate__struct.h\n'}
[1.098087] (px4_msgs) StdoutLine: {'line': b'-- Up-to-date: /home/harsh/ros2_project/install/px4_msgs/include/px4_msgs/px4_msgs/msg/detail/gimbal_device_information__description.c\n'}
[1.098213] (px4_msgs) StdoutLine: {'line': b'-- Up-to-date: /home/harsh/ros2_project/install/px4_msgs/include/px4_msgs/px4_msgs/msg/detail/irlock_report__struct.h\n'}
[1.098272] (px4_msgs) StdoutLine: {'line': b'-- Up-to-date: /home/harsh/ros2_project/install/px4_msgs/include/px4_msgs/px4_msgs/msg/detail/generator_status__functions.h\n'}
[1.098327] (px4_msgs) StdoutLine: {'line': b'-- Up-to-date: /home/harsh/ros2_project/install/px4_msgs/include/px4_msgs/px4_msgs/msg/detail/satellite_info__functions.h\n'}
[1.098382] (px4_msgs) StdoutLine: {'line': b'-- Installing: /home/harsh/ros2_project/install/px4_msgs/include/px4_msgs/px4_msgs/msg/detail/vehicle_control_mode__type_support.c\n'}
[1.098454] (px4_msgs) StdoutLine: {'line': b'-- Up-to-date: /home/harsh/ros2_project/install/px4_msgs/include/px4_msgs/px4_msgs/msg/detail/onboard_computer_status__functions.c\n'}
[1.098509] (px4_msgs) StdoutLine: {'line': b'-- Up-to-date: /home/harsh/ros2_project/install/px4_msgs/include/px4_msgs/px4_msgs/msg/detail/can_interface_status__type_support.h\n'}
[1.098564] (px4_msgs) StdoutLine: {'line': b'-- Up-to-date: /home/harsh/ros2_project/install/px4_msgs/include/px4_msgs/px4_msgs/msg/detail/vehicle_constraints__functions.h\n'}
[1.098620] (px4_msgs) StdoutLine: {'line': b'-- Up-to-date: /home/harsh/ros2_project/install/px4_msgs/include/px4_msgs/px4_msgs/msg/detail/failure_detector_status__description.c\n'}
[1.098679] (px4_msgs) StdoutLine: {'line': b'-- Up-to-date: /home/harsh/ros2_project/install/px4_msgs/include/px4_msgs/px4_msgs/msg/detail/landing_gear__functions.h\n'}
[1.098735] (px4_msgs) StdoutLine: {'line': b'-- Up-to-date: /home/harsh/ros2_project/install/px4_msgs/include/px4_msgs/px4_msgs/msg/detail/autotune_attitude_control_status__functions.h\n'}
[1.098796] (px4_msgs) StdoutLine: {'line': b'-- Up-to-date: /home/harsh/ros2_project/install/px4_msgs/include/px4_msgs/px4_msgs/msg/detail/battery_status__description.c\n'}
[1.098852] (px4_msgs) StdoutLine: {'line': b'-- Up-to-date: /home/harsh/ros2_project/install/px4_msgs/include/px4_msgs/px4_msgs/msg/detail/landing_target_innovations__functions.c\n'}
[1.098908] (px4_msgs) StdoutLine: {'line': b'-- Installing: /home/harsh/ros2_project/install/px4_msgs/include/px4_msgs/px4_msgs/msg/detail/sensor_uwb__type_support.c\n'}
[1.098962] (px4_msgs) StdoutLine: {'line': b'-- Installing: /home/harsh/ros2_project/install/px4_msgs/include/px4_msgs/px4_msgs/msg/detail/landing_target_innovations__type_support.c\n'}
[1.099024] (px4_msgs) StdoutLine: {'line': b'-- Up-to-date: /home/harsh/ros2_project/install/px4_msgs/include/px4_msgs/px4_msgs/msg/detail/vehicle_acceleration__description.c\n'}
[1.099089] (px4_msgs) StdoutLine: {'line': b'-- Installing: /home/harsh/ros2_project/install/px4_msgs/include/px4_msgs/px4_msgs/msg/detail/config_overrides__type_support.c\n'}
[1.099146] (px4_msgs) StdoutLine: {'line': b'-- Up-to-date: /home/harsh/ros2_project/install/px4_msgs/include/px4_msgs/px4_msgs/msg/detail/vehicle_thrust_setpoint__description.c\n'}
[1.099202] (px4_msgs) StdoutLine: {'line': b'-- Installing: /home/harsh/ros2_project/install/px4_msgs/include/px4_msgs/px4_msgs/msg/detail/vehicle_thrust_setpoint__type_support.c\n'}
[1.099259] (px4_msgs) StdoutLine: {'line': b'-- Up-to-date: /home/harsh/ros2_project/install/px4_msgs/include/px4_msgs/px4_msgs/msg/detail/gpio_config__type_support.h\n'}
[1.099315] (px4_msgs) StdoutLine: {'line': b'-- Up-to-date: /home/harsh/ros2_project/install/px4_msgs/include/px4_msgs/px4_msgs/msg/detail/sensor_accel_fifo__description.c\n'}
[1.099416] (px4_msgs) StdoutLine: {'line': b'-- Up-to-date: /home/harsh/ros2_project/install/px4_msgs/include/px4_msgs/px4_msgs/msg/detail/follow_target_status__type_support.h\n'}
[1.099472] (px4_msgs) StdoutLine: {'line': b'-- Installing: /home/harsh/ros2_project/install/px4_msgs/include/px4_msgs/px4_msgs/msg/detail/parameter_reset_request__type_support.c\n'}
[1.099527] (px4_msgs) StdoutLine: {'line': b'-- Up-to-date: /home/harsh/ros2_project/install/px4_msgs/include/px4_msgs/px4_msgs/msg/detail/vehicle_magnetometer__functions.h\n'}
[1.099700] (px4_msgs) StdoutLine: {'line': b'-- Up-to-date: /home/harsh/ros2_project/install/px4_msgs/include/px4_msgs/px4_msgs/msg/detail/esc_status__functions.c\n'}
[1.099755] (px4_msgs) StdoutLine: {'line': b'-- Up-to-date: /home/harsh/ros2_project/install/px4_msgs/include/px4_msgs/px4_msgs/msg/detail/camera_capture__description.c\n'}
[1.099812] (px4_msgs) StdoutLine: {'line': b'-- Up-to-date: /home/harsh/ros2_project/install/px4_msgs/include/px4_msgs/px4_msgs/msg/detail/landing_target_innovations__functions.h\n'}
[1.099868] (px4_msgs) StdoutLine: {'line': b'-- Up-to-date: /home/harsh/ros2_project/install/px4_msgs/include/px4_msgs/px4_msgs/msg/detail/internal_combustion_engine_status__description.c\n'}
[1.099930] (px4_msgs) StdoutLine: {'line': b'-- Up-to-date: /home/harsh/ros2_project/install/px4_msgs/include/px4_msgs/px4_msgs/msg/detail/ulog_stream_ack__struct.h\n'}
[1.099988] (px4_msgs) StdoutLine: {'line': b'-- Up-to-date: /home/harsh/ros2_project/install/px4_msgs/include/px4_msgs/px4_msgs/msg/detail/sensor_gnss_relative__functions.h\n'}
[1.100053] (px4_msgs) StdoutLine: {'line': b'-- Up-to-date: /home/harsh/ros2_project/install/px4_msgs/include/px4_msgs/px4_msgs/msg/detail/estimator_selector_status__functions.h\n'}
[1.100108] (px4_msgs) StdoutLine: {'line': b'-- Up-to-date: /home/harsh/ros2_project/install/px4_msgs/include/px4_msgs/px4_msgs/msg/detail/takeoff_status__type_support.h\n'}
[1.100165] (px4_msgs) StdoutLine: {'line': b'-- Installing: /home/harsh/ros2_project/install/px4_msgs/include/px4_msgs/px4_msgs/msg/detail/landing_gear__type_support.c\n'}
[1.100226] (px4_msgs) StdoutLine: {'line': b'-- Up-to-date: /home/harsh/ros2_project/install/px4_msgs/include/px4_msgs/px4_msgs/msg/detail/trajectory_bezier__functions.c\n'}
[1.100284] (px4_msgs) StdoutLine: {'line': b'-- Up-to-date: /home/harsh/ros2_project/install/px4_msgs/include/px4_msgs/px4_msgs/msg/detail/home_position__functions.c\n'}
[1.100414] (px4_msgs) StdoutLine: {'line': b'-- Installing: /home/harsh/ros2_project/install/px4_msgs/include/px4_msgs/px4_msgs/msg/detail/mavlink_tunnel__type_support.c\n'}
[1.100475] (px4_msgs) StdoutLine: {'line': b'-- Up-to-date: /home/harsh/ros2_project/install/px4_msgs/include/px4_msgs/px4_msgs/msg/detail/gpio_config__functions.c\n'}
[1.100531] (px4_msgs) StdoutLine: {'line': b'-- Up-to-date: /home/harsh/ros2_project/install/px4_msgs/include/px4_msgs/px4_msgs/msg/detail/mode_completed__type_support.h\n'}
[1.100593] (px4_msgs) StdoutLine: {'line': b'-- Up-to-date: /home/harsh/ros2_project/install/px4_msgs/include/px4_msgs/px4_msgs/msg/detail/rtl_time_estimate__functions.c\n'}
[1.100652] (px4_msgs) StdoutLine: {'line': b'-- Up-to-date: /home/harsh/ros2_project/install/px4_msgs/include/px4_msgs/px4_msgs/msg/detail/estimator_event_flags__struct.h\n'}
[1.100708] (px4_msgs) StdoutLine: {'line': b'-- Up-to-date: /home/harsh/ros2_project/install/px4_msgs/include/px4_msgs/px4_msgs/msg/detail/figure_eight_status__description.c\n'}
[1.100761] (px4_msgs) StdoutLine: {'line': b'-- Up-to-date: /home/harsh/ros2_project/install/px4_msgs/include/px4_msgs/px4_msgs/msg/detail/parameter_set_value_response__functions.h\n'}
[1.100815] (px4_msgs) StdoutLine: {'line': b'-- Up-to-date: /home/harsh/ros2_project/install/px4_msgs/include/px4_msgs/px4_msgs/msg/detail/cpuload__struct.h\n'}
[1.100873] (px4_msgs) StdoutLine: {'line': b'-- Up-to-date: /home/harsh/ros2_project/install/px4_msgs/include/px4_msgs/px4_msgs/msg/detail/tiltrotor_extra_controls__struct.h\n'}
[1.100928] (px4_msgs) StdoutLine: {'line': b'-- Installing: /home/harsh/ros2_project/install/px4_msgs/include/px4_msgs/px4_msgs/msg/detail/orbit_status__type_support.c\n'}
[1.100985] (px4_msgs) StdoutLine: {'line': b'-- Up-to-date: /home/harsh/ros2_project/install/px4_msgs/include/px4_msgs/px4_msgs/msg/detail/event__functions.c\n'}
[1.101262] (px4_msgs) StdoutLine: {'line': b'-- Up-to-date: /home/harsh/ros2_project/install/px4_msgs/include/px4_msgs/px4_msgs/msg/detail/vehicle_constraints__struct.h\n'}
[1.101434] (px4_msgs) StdoutLine: {'line': b'-- Up-to-date: /home/harsh/ros2_project/install/px4_msgs/include/px4_msgs/px4_msgs/msg/detail/yaw_estimator_status__struct.h\n'}
[1.101535] (px4_msgs) StdoutLine: {'line': b'-- Up-to-date: /home/harsh/ros2_project/install/px4_msgs/include/px4_msgs/px4_msgs/msg/detail/esc_status__type_support.h\n'}
[1.101612] (px4_msgs) StdoutLine: {'line': b'-- Up-to-date: /home/harsh/ros2_project/install/px4_msgs/include/px4_msgs/px4_msgs/msg/detail/position_setpoint__struct.h\n'}
[1.101687] (px4_msgs) StdoutLine: {'line': b'-- Up-to-date: /home/harsh/ros2_project/install/px4_msgs/include/px4_msgs/px4_msgs/msg/detail/transponder_report__struct.h\n'}
[1.101760] (px4_msgs) StdoutLine: {'line': b'-- Up-to-date: /home/harsh/ros2_project/install/px4_msgs/include/px4_msgs/px4_msgs/msg/detail/adc_report__functions.h\n'}
[1.101830] (-) TimerEvent: {}
[1.101967] (px4_msgs) StdoutLine: {'line': b'-- Up-to-date: /home/harsh/ros2_project/install/px4_msgs/include/px4_msgs/px4_msgs/msg/detail/gimbal_device_attitude_status__functions.c\n'}
[1.102096] (px4_msgs) StdoutLine: {'line': b'-- Up-to-date: /home/harsh/ros2_project/install/px4_msgs/include/px4_msgs/px4_msgs/msg/detail/dataman_response__functions.c\n'}
[1.102171] (px4_msgs) StdoutLine: {'line': b'-- Up-to-date: /home/harsh/ros2_project/install/px4_msgs/include/px4_msgs/px4_msgs/msg/detail/manual_control_switches__functions.c\n'}
[1.102244] (px4_msgs) StdoutLine: {'line': b'-- Installing: /home/harsh/ros2_project/install/px4_msgs/include/px4_msgs/px4_msgs/msg/detail/px4io_status__type_support.c\n'}
[1.102314] (px4_msgs) StdoutLine: {'line': b'-- Up-to-date: /home/harsh/ros2_project/install/px4_msgs/include/px4_msgs/px4_msgs/msg/detail/register_ext_component_request__functions.h\n'}
[1.102382] (px4_msgs) StdoutLine: {'line': b'-- Up-to-date: /home/harsh/ros2_project/install/px4_msgs/include/px4_msgs/px4_msgs/msg/detail/yaw_estimator_status__type_support.h\n'}
[1.102461] (px4_msgs) StdoutLine: {'line': b'-- Installing: /home/harsh/ros2_project/install/px4_msgs/include/px4_msgs/px4_msgs/msg/detail/timesync_status__type_support.c\n'}
[1.102577] (px4_msgs) StdoutLine: {'line': b'-- Up-to-date: /home/harsh/ros2_project/install/px4_msgs/include/px4_msgs/px4_msgs/msg/detail/register_ext_component_reply__type_support.h\n'}
[1.102649] (px4_msgs) StdoutLine: {'line': b'-- Up-to-date: /home/harsh/ros2_project/install/px4_msgs/include/px4_msgs/px4_msgs/msg/detail/adc_report__type_support.h\n'}
[1.102726] (px4_msgs) StdoutLine: {'line': b'-- Installing: /home/harsh/ros2_project/install/px4_msgs/include/px4_msgs/px4_msgs/msg/detail/logger_status__type_support.c\n'}
[1.102842] (px4_msgs) StdoutLine: {'line': b'-- Up-to-date: /home/harsh/ros2_project/install/px4_msgs/include/px4_msgs/px4_msgs/msg/detail/gps_dump__functions.c\n'}
[1.102925] (px4_msgs) StdoutLine: {'line': b'-- Up-to-date: /home/harsh/ros2_project/install/px4_msgs/include/px4_msgs/px4_msgs/msg/detail/input_rc__functions.h\n'}
[1.103086] (px4_msgs) StdoutLine: {'line': b'-- Up-to-date: /home/harsh/ros2_project/install/px4_msgs/include/px4_msgs/px4_msgs/msg/detail/arming_check_reply__functions.c\n'}
[1.103207] (px4_msgs) StdoutLine: {'line': b'-- Up-to-date: /home/harsh/ros2_project/install/px4_msgs/include/px4_msgs/px4_msgs/msg/detail/vehicle_optical_flow_vel__struct.h\n'}
[1.103304] (px4_msgs) StdoutLine: {'line': b'-- Up-to-date: /home/harsh/ros2_project/install/px4_msgs/include/px4_msgs/px4_msgs/msg/detail/parameter_set_used_request__functions.h\n'}
[1.103417] (px4_msgs) StdoutLine: {'line': b'-- Up-to-date: /home/harsh/ros2_project/install/px4_msgs/include/px4_msgs/px4_msgs/msg/detail/system_power__functions.h\n'}
[1.103497] (px4_msgs) StdoutLine: {'line': b'-- Up-to-date: /home/harsh/ros2_project/install/px4_msgs/include/px4_msgs/px4_msgs/msg/detail/mavlink_log__type_support.h\n'}
[1.103621] (px4_msgs) StdoutLine: {'line': b'-- Installing: /home/harsh/ros2_project/install/px4_msgs/include/px4_msgs/px4_msgs/msg/detail/vehicle_command_ack__type_support.c\n'}
[1.103706] (px4_msgs) StdoutLine: {'line': b'-- Up-to-date: /home/harsh/ros2_project/install/px4_msgs/include/px4_msgs/px4_msgs/msg/detail/irlock_report__functions.h\n'}
[1.103862] (px4_msgs) StdoutLine: {'line': b'-- Up-to-date: /home/harsh/ros2_project/install/px4_msgs/include/px4_msgs/px4_msgs/msg/detail/vehicle_roi__type_support.h\n'}
[1.103970] (px4_msgs) StdoutLine: {'line': b'-- Up-to-date: /home/harsh/ros2_project/install/px4_msgs/include/px4_msgs/px4_msgs/msg/detail/dataman_request__struct.h\n'}
[1.104083] (px4_msgs) StdoutLine: {'line': b'-- Installing: /home/harsh/ros2_project/install/px4_msgs/include/px4_msgs/px4_msgs/msg/detail/airspeed__type_support.c\n'}
[1.104199] (px4_msgs) StdoutLine: {'line': b'-- Installing: /home/harsh/ros2_project/install/px4_msgs/include/px4_msgs/px4_msgs/msg/detail/arming_check_reply__type_support.c\n'}
[1.104280] (px4_msgs) StdoutLine: {'line': b'-- Up-to-date: /home/harsh/ros2_project/install/px4_msgs/include/px4_msgs/px4_msgs/msg/detail/npfg_status__description.c\n'}
[1.104395] (px4_msgs) StdoutLine: {'line': b'-- Up-to-date: /home/harsh/ros2_project/install/px4_msgs/include/px4_msgs/px4_msgs/msg/detail/autotune_attitude_control_status__type_support.h\n'}
[1.104494] (px4_msgs) StdoutLine: {'line': b'-- Up-to-date: /home/harsh/ros2_project/install/px4_msgs/include/px4_msgs/px4_msgs/msg/detail/parameter_reset_request__struct.h\n'}
[1.104571] (px4_msgs) StdoutLine: {'line': b'-- Up-to-date: /home/harsh/ros2_project/install/px4_msgs/include/px4_msgs/px4_msgs/msg/detail/estimator_aid_source2d__functions.h\n'}
[1.104643] (px4_msgs) StdoutLine: {'line': b'-- Up-to-date: /home/harsh/ros2_project/install/px4_msgs/include/px4_msgs/px4_msgs/msg/detail/generator_status__description.c\n'}
[1.104711] (px4_msgs) StdoutLine: {'line': b'-- Up-to-date: /home/harsh/ros2_project/install/px4_msgs/include/px4_msgs/px4_msgs/msg/detail/arming_check_reply__struct.h\n'}
[1.104786] (px4_msgs) StdoutLine: {'line': b'-- Up-to-date: /home/harsh/ros2_project/install/px4_msgs/include/px4_msgs/px4_msgs/msg/detail/actuator_armed__type_support.h\n'}
[1.104864] (px4_msgs) StdoutLine: {'line': b'-- Installing: /home/harsh/ros2_project/install/px4_msgs/include/px4_msgs/px4_msgs/msg/detail/flight_phase_estimation__type_support.c\n'}
[1.104938] (px4_msgs) StdoutLine: {'line': b'-- Up-to-date: /home/harsh/ros2_project/install/px4_msgs/include/px4_msgs/px4_msgs/msg/detail/parameter_set_used_request__struct.h\n'}
[1.105017] (px4_msgs) StdoutLine: {'line': b'-- Up-to-date: /home/harsh/ros2_project/install/px4_msgs/include/px4_msgs/px4_msgs/msg/detail/vehicle_imu__functions.c\n'}
[1.105152] (px4_msgs) StdoutLine: {'line': b'-- Up-to-date: /home/harsh/ros2_project/install/px4_msgs/include/px4_msgs/px4_msgs/msg/detail/debug_vect__description.c\n'}
[1.105494] (px4_msgs) StdoutLine: {'line': b'-- Up-to-date: /home/harsh/ros2_project/install/px4_msgs/include/px4_msgs/px4_msgs/msg/detail/offboard_control_mode__description.c\n'}
[1.105668] (px4_msgs) StdoutLine: {'line': b'-- Up-to-date: /home/harsh/ros2_project/install/px4_msgs/include/px4_msgs/px4_msgs/msg/detail/pps_capture__type_support.h\n'}
[1.105734] (px4_msgs) StdoutLine: {'line': b'-- Up-to-date: /home/harsh/ros2_project/install/px4_msgs/include/px4_msgs/px4_msgs/msg/detail/gimbal_device_set_attitude__description.c\n'}
[1.105788] (px4_msgs) StdoutLine: {'line': b'-- Up-to-date: /home/harsh/ros2_project/install/px4_msgs/include/px4_msgs/px4_msgs/msg/detail/vehicle_optical_flow__functions.c\n'}
[1.105841] (px4_msgs) StdoutLine: {'line': b'-- Up-to-date: /home/harsh/ros2_project/install/px4_msgs/include/px4_msgs/px4_msgs/msg/detail/gimbal_manager_information__functions.c\n'}
[1.105891] (px4_msgs) StdoutLine: {'line': b'-- Up-to-date: /home/harsh/ros2_project/install/px4_msgs/include/px4_msgs/px4_msgs/msg/detail/vehicle_status__description.c\n'}
[1.105942] (px4_msgs) StdoutLine: {'line': b'-- Up-to-date: /home/harsh/ros2_project/install/px4_msgs/include/px4_msgs/px4_msgs/msg/detail/sensor_combined__functions.c\n'}
[1.105991] (px4_msgs) StdoutLine: {'line': b'-- Up-to-date: /home/harsh/ros2_project/install/px4_msgs/include/px4_msgs/px4_msgs/msg/detail/ulog_stream__type_support.h\n'}
[1.106225] (px4_msgs) StdoutLine: {'line': b'-- Up-to-date: /home/harsh/ros2_project/install/px4_msgs/include/px4_msgs/px4_msgs/msg/detail/dataman_response__struct.h\n'}
[1.106290] (px4_msgs) StdoutLine: {'line': b'-- Up-to-date: /home/harsh/ros2_project/install/px4_msgs/include/px4_msgs/px4_msgs/msg/detail/trajectory_setpoint__struct.h\n'}
[1.106330] (px4_msgs) StdoutLine: {'line': b'-- Up-to-date: /home/harsh/ros2_project/install/px4_msgs/include/px4_msgs/px4_msgs/msg/detail/health_report__functions.c\n'}
[1.106366] (px4_msgs) StdoutLine: {'line': b'-- Up-to-date: /home/harsh/ros2_project/install/px4_msgs/include/px4_msgs/px4_msgs/msg/detail/gpio_in__type_support.h\n'}
[1.106400] (px4_msgs) StdoutLine: {'line': b'-- Up-to-date: /home/harsh/ros2_project/install/px4_msgs/include/px4_msgs/px4_msgs/msg/detail/parameter_reset_request__description.c\n'}
[1.106434] (px4_msgs) StdoutLine: {'line': b'-- Up-to-date: /home/harsh/ros2_project/install/px4_msgs/include/px4_msgs/px4_msgs/msg/detail/can_interface_status__functions.c\n'}
[1.106468] (px4_msgs) StdoutLine: {'line': b'-- Installing: /home/harsh/ros2_project/install/px4_msgs/include/px4_msgs/px4_msgs/msg/detail/gimbal_manager_status__type_support.c\n'}
[1.106501] (px4_msgs) StdoutLine: {'line': b'-- Up-to-date: /home/harsh/ros2_project/install/px4_msgs/include/px4_msgs/px4_msgs/msg/detail/power_monitor__functions.c\n'}
[1.106535] (px4_msgs) StdoutLine: {'line': b'-- Installing: /home/harsh/ros2_project/install/px4_msgs/include/px4_msgs/px4_msgs/msg/detail/gimbal_manager_set_manual_control__type_support.c\n'}
[1.106570] (px4_msgs) StdoutLine: {'line': b'-- Installing: /home/harsh/ros2_project/install/px4_msgs/include/px4_msgs/px4_msgs/msg/detail/arming_check_request__type_support.c\n'}
[1.106605] (px4_msgs) StdoutLine: {'line': b'-- Up-to-date: /home/harsh/ros2_project/install/px4_msgs/include/px4_msgs/px4_msgs/msg/detail/camera_status__description.c\n'}
[1.106641] (px4_msgs) StdoutLine: {'line': b'-- Up-to-date: /home/harsh/ros2_project/install/px4_msgs/include/px4_msgs/px4_msgs/msg/detail/vehicle_attitude_setpoint__type_support.h\n'}
[1.106676] (px4_msgs) StdoutLine: {'line': b'-- Installing: /home/harsh/ros2_project/install/px4_msgs/include/px4_msgs/px4_msgs/msg/detail/orb_test__type_support.c\n'}
[1.106710] (px4_msgs) StdoutLine: {'line': b'-- Up-to-date: /home/harsh/ros2_project/install/px4_msgs/include/px4_msgs/px4_msgs/msg/detail/actuator_test__type_support.h\n'}
[1.106743] (px4_msgs) StdoutLine: {'line': b'-- Up-to-date: /home/harsh/ros2_project/install/px4_msgs/include/px4_msgs/px4_msgs/msg/detail/sensor_airflow__struct.h\n'}
[1.106775] (px4_msgs) StdoutLine: {'line': b'-- Up-to-date: /home/harsh/ros2_project/install/px4_msgs/include/px4_msgs/px4_msgs/msg/detail/gpio_out__functions.c\n'}
[1.106808] (px4_msgs) StdoutLine: {'line': b'-- Up-to-date: /home/harsh/ros2_project/install/px4_msgs/include/px4_msgs/px4_msgs/msg/detail/vehicle_attitude__description.c\n'}
[1.106841] (px4_msgs) StdoutLine: {'line': b'-- Up-to-date: /home/harsh/ros2_project/install/px4_msgs/include/px4_msgs/px4_msgs/msg/detail/sensor_uwb__description.c\n'}
[1.106873] (px4_msgs) StdoutLine: {'line': b'-- Installing: /home/harsh/ros2_project/install/px4_msgs/include/px4_msgs/px4_msgs/msg/detail/vehicle_attitude__type_support.c\n'}
[1.106906] (px4_msgs) StdoutLine: {'line': b'-- Up-to-date: /home/harsh/ros2_project/install/px4_msgs/include/px4_msgs/px4_msgs/msg/detail/gpio_in__functions.h\n'}
[1.106939] (px4_msgs) StdoutLine: {'line': b'-- Up-to-date: /home/harsh/ros2_project/install/px4_msgs/include/px4_msgs/px4_msgs/msg/detail/sensor_gyro__functions.c\n'}
[1.106972] (px4_msgs) StdoutLine: {'line': b'-- Up-to-date: /home/harsh/ros2_project/install/px4_msgs/include/px4_msgs/px4_msgs/msg/detail/health_report__struct.h\n'}
[1.107004] (px4_msgs) StdoutLine: {'line': b'-- Up-to-date: /home/harsh/ros2_project/install/px4_msgs/include/px4_msgs/px4_msgs/msg/detail/magnetometer_bias_estimate__functions.h\n'}
[1.107044] (px4_msgs) StdoutLine: {'line': b'-- Up-to-date: /home/harsh/ros2_project/install/px4_msgs/include/px4_msgs/px4_msgs/msg/detail/sensor_selection__struct.h\n'}
[1.107081] (px4_msgs) StdoutLine: {'line': b'-- Up-to-date: /home/harsh/ros2_project/install/px4_msgs/include/px4_msgs/px4_msgs/msg/detail/failure_detector_status__struct.h\n'}
[1.107116] (px4_msgs) StdoutLine: {'line': b'-- Installing: /home/harsh/ros2_project/install/px4_msgs/include/px4_msgs/px4_msgs/msg/detail/vehicle_command__type_support.c\n'}
[1.107147] (px4_msgs) StdoutLine: {'line': b'-- Up-to-date: /home/harsh/ros2_project/install/px4_msgs/include/px4_msgs/px4_msgs/msg/detail/obstacle_distance__struct.h\n'}
[1.107180] (px4_msgs) StdoutLine: {'line': b'-- Installing: /home/harsh/ros2_project/install/px4_msgs/include/px4_msgs/px4_msgs/msg/detail/gps_dump__type_support.c\n'}
[1.107213] (px4_msgs) StdoutLine: {'line': b'-- Up-to-date: /home/harsh/ros2_project/install/px4_msgs/include/px4_msgs/px4_msgs/msg/detail/npfg_status__functions.c\n'}
[1.107246] (px4_msgs) StdoutLine: {'line': b'-- Installing: /home/harsh/ros2_project/install/px4_msgs/include/px4_msgs/px4_msgs/msg/detail/health_report__type_support.c\n'}
[1.107278] (px4_msgs) StdoutLine: {'line': b'-- Up-to-date: /home/harsh/ros2_project/install/px4_msgs/include/px4_msgs/px4_msgs/msg/detail/sensor_gyro__description.c\n'}
[1.107309] (px4_msgs) StdoutLine: {'line': b'-- Installing: /home/harsh/ros2_project/install/px4_msgs/include/px4_msgs/px4_msgs/msg/detail/task_stack_info__type_support.c\n'}
[1.107352] (px4_msgs) StdoutLine: {'line': b'-- Up-to-date: /home/harsh/ros2_project/install/px4_msgs/include/px4_msgs/px4_msgs/msg/detail/airspeed__type_support.h\n'}
[1.107394] (px4_msgs) StdoutLine: {'line': b'-- Up-to-date: /home/harsh/ros2_project/install/px4_msgs/include/px4_msgs/px4_msgs/msg/detail/ulog_stream_ack__functions.c\n'}
[1.107429] (px4_msgs) StdoutLine: {'line': b'-- Up-to-date: /home/harsh/ros2_project/install/px4_msgs/include/px4_msgs/px4_msgs/msg/detail/navigator_mission_item__type_support.h\n'}
[1.107464] (px4_msgs) StdoutLine: {'line': b'-- Up-to-date: /home/harsh/ros2_project/install/px4_msgs/include/px4_msgs/px4_msgs/msg/detail/vehicle_optical_flow_vel__functions.c\n'}
[1.107499] (px4_msgs) StdoutLine: {'line': b'-- Up-to-date: /home/harsh/ros2_project/install/px4_msgs/include/px4_msgs/px4_msgs/msg/detail/gimbal_manager_status__functions.c\n'}
[1.107532] (px4_msgs) StdoutLine: {'line': b'-- Up-to-date: /home/harsh/ros2_project/install/px4_msgs/include/px4_msgs/px4_msgs/msg/detail/actuator_motors__struct.h\n'}
[1.107567] (px4_msgs) StdoutLine: {'line': b'-- Installing: /home/harsh/ros2_project/install/px4_msgs/include/px4_msgs/px4_msgs/msg/detail/differential_pressure__type_support.c\n'}
[1.107602] (px4_msgs) StdoutLine: {'line': b'-- Installing: /home/harsh/ros2_project/install/px4_msgs/include/px4_msgs/px4_msgs/msg/detail/parameter_set_value_request__type_support.c\n'}
[1.107635] (px4_msgs) StdoutLine: {'line': b'-- Up-to-date: /home/harsh/ros2_project/install/px4_msgs/include/px4_msgs/px4_msgs/msg/detail/sensor_preflight_mag__description.c\n'}
[1.107668] (px4_msgs) StdoutLine: {'line': b'-- Up-to-date: /home/harsh/ros2_project/install/px4_msgs/include/px4_msgs/px4_msgs/msg/detail/follow_target__functions.h\n'}
[1.107702] (px4_msgs) StdoutLine: {'line': b'-- Up-to-date: /home/harsh/ros2_project/install/px4_msgs/include/px4_msgs/px4_msgs/msg/detail/differential_drive_setpoint__functions.h\n'}
[1.107736] (px4_msgs) StdoutLine: {'line': b'-- Installing: /home/harsh/ros2_project/install/px4_msgs/include/px4_msgs/px4_msgs/msg/detail/estimator_gps_status__type_support.c\n'}
[1.107769] (px4_msgs) StdoutLine: {'line': b'-- Up-to-date: /home/harsh/ros2_project/install/px4_msgs/include/px4_msgs/px4_msgs/msg/detail/qshell_req__description.c\n'}
[1.107804] (px4_msgs) StdoutLine: {'line': b'-- Up-to-date: /home/harsh/ros2_project/install/px4_msgs/include/px4_msgs/px4_msgs/msg/detail/uavcan_parameter_request__functions.h\n'}
[1.107837] (px4_msgs) StdoutLine: {'line': b'-- Installing: /home/harsh/ros2_project/install/px4_msgs/include/px4_msgs/px4_msgs/msg/detail/navigator_mission_item__type_support.c\n'}
[1.107918] (px4_msgs) StdoutLine: {'line': b'-- Up-to-date: /home/harsh/ros2_project/install/px4_msgs/include/px4_msgs/px4_msgs/msg/detail/vehicle_command_ack__type_support.h\n'}
[1.107952] (px4_msgs) StdoutLine: {'line': b'-- Installing: /home/harsh/ros2_project/install/px4_msgs/include/px4_msgs/px4_msgs/msg/detail/sensor_gyro__type_support.c\n'}
[1.107987] (px4_msgs) StdoutLine: {'line': b'-- Up-to-date: /home/harsh/ros2_project/install/px4_msgs/include/px4_msgs/px4_msgs/msg/detail/position_controller_landing_status__functions.c\n'}
[1.108108] (px4_msgs) StdoutLine: {'line': b'-- Up-to-date: /home/harsh/ros2_project/install/px4_msgs/include/px4_msgs/px4_msgs/msg/detail/vehicle_control_mode__description.c\n'}
[1.108145] (px4_msgs) StdoutLine: {'line': b'-- Installing: /home/harsh/ros2_project/install/px4_msgs/include/px4_msgs/px4_msgs/msg/detail/cpuload__type_support.c\n'}
[1.108180] (px4_msgs) StdoutLine: {'line': b'-- Up-to-date: /home/harsh/ros2_project/install/px4_msgs/include/px4_msgs/px4_msgs/msg/detail/sensor_combined__struct.h\n'}
[1.108216] (px4_msgs) StdoutLine: {'line': b'-- Installing: /home/harsh/ros2_project/install/px4_msgs/include/px4_msgs/px4_msgs/msg/detail/actuator_motors__type_support.c\n'}
[1.108250] (px4_msgs) StdoutLine: {'line': b'-- Up-to-date: /home/harsh/ros2_project/install/px4_msgs/include/px4_msgs/px4_msgs/msg/detail/gpio_out__functions.h\n'}
[1.108285] (px4_msgs) StdoutLine: {'line': b'-- Up-to-date: /home/harsh/ros2_project/install/px4_msgs/include/px4_msgs/px4_msgs/msg/detail/actuator_servos__struct.h\n'}
[1.108319] (px4_msgs) StdoutLine: {'line': b'-- Up-to-date: /home/harsh/ros2_project/install/px4_msgs/include/px4_msgs/px4_msgs/msg/detail/rate_ctrl_status__type_support.h\n'}
[1.108382] (px4_msgs) StdoutLine: {'line': b'-- Up-to-date: /home/harsh/ros2_project/install/px4_msgs/include/px4_msgs/px4_msgs/msg/detail/actuator_servos__functions.h\n'}
[1.108419] (px4_msgs) StdoutLine: {'line': b'-- Up-to-date: /home/harsh/ros2_project/install/px4_msgs/include/px4_msgs/px4_msgs/msg/detail/landing_gear_wheel__struct.h\n'}
[1.108453] (px4_msgs) StdoutLine: {'line': b'-- Installing: /home/harsh/ros2_project/install/px4_msgs/include/px4_msgs/px4_msgs/msg/detail/vehicle_attitude_setpoint__type_support.c\n'}
[1.108488] (px4_msgs) StdoutLine: {'line': b'-- Up-to-date: /home/harsh/ros2_project/install/px4_msgs/include/px4_msgs/px4_msgs/msg/detail/sensor_gyro__functions.h\n'}
[1.108522] (px4_msgs) StdoutLine: {'line': b'-- Installing: /home/harsh/ros2_project/install/px4_msgs/include/px4_msgs/px4_msgs/msg/detail/sensor_optical_flow__type_support.c\n'}
[1.108559] (px4_msgs) StdoutLine: {'line': b'-- Up-to-date: /home/harsh/ros2_project/install/px4_msgs/include/px4_msgs/px4_msgs/msg/detail/ulog_stream__description.c\n'}
[1.108595] (px4_msgs) StdoutLine: {'line': b'-- Up-to-date: /home/harsh/ros2_project/install/px4_msgs/include/px4_msgs/px4_msgs/msg/detail/actuator_controls_status__type_support.h\n'}
[1.108630] (px4_msgs) StdoutLine: {'line': b'-- Installing: /home/harsh/ros2_project/install/px4_msgs/include/px4_msgs/px4_msgs/msg/detail/ekf2_timestamps__type_support.c\n'}
[1.108666] (px4_msgs) StdoutLine: {'line': b'-- Up-to-date: /home/harsh/ros2_project/install/px4_msgs/include/px4_msgs/px4_msgs/msg/detail/sensor_correction__functions.h\n'}
[1.108701] (px4_msgs) StdoutLine: {'line': b'-- Installing: /home/harsh/ros2_project/install/px4_msgs/include/px4_msgs/px4_msgs/msg/detail/vehicle_imu_status__type_support.c\n'}
[1.108737] (px4_msgs) StdoutLine: {'line': b'-- Up-to-date: /home/harsh/ros2_project/install/px4_msgs/include/px4_msgs/px4_msgs/msg/detail/sensor_accel__functions.c\n'}
[1.108772] (px4_msgs) StdoutLine: {'line': b'-- Up-to-date: /home/harsh/ros2_project/install/px4_msgs/include/px4_msgs/px4_msgs/msg/detail/rpm__struct.h\n'}
[1.108808] (px4_msgs) StdoutLine: {'line': b'-- Up-to-date: /home/harsh/ros2_project/install/px4_msgs/include/px4_msgs/px4_msgs/msg/detail/mavlink_tunnel__type_support.h\n'}
[1.108844] (px4_msgs) StdoutLine: {'line': b'-- Up-to-date: /home/harsh/ros2_project/install/px4_msgs/include/px4_msgs/px4_msgs/msg/detail/offboard_control_mode__functions.c\n'}
[1.108932] (px4_msgs) StdoutLine: {'line': b'-- Up-to-date: /home/harsh/ros2_project/install/px4_msgs/include/px4_msgs/px4_msgs/msg/detail/gimbal_device_set_attitude__type_support.h\n'}
[1.108969] (px4_msgs) StdoutLine: {'line': b'-- Up-to-date: /home/harsh/ros2_project/install/px4_msgs/include/px4_msgs/px4_msgs/msg/detail/register_ext_component_reply__struct.h\n'}
[1.109006] (px4_msgs) StdoutLine: {'line': b'-- Up-to-date: /home/harsh/ros2_project/install/px4_msgs/include/px4_msgs/px4_msgs/msg/detail/camera_trigger__struct.h\n'}
[1.109050] (px4_msgs) StdoutLine: {'line': b'-- Up-to-date: /home/harsh/ros2_project/install/px4_msgs/include/px4_msgs/px4_msgs/msg/detail/gimbal_device_attitude_status__type_support.h\n'}
[1.109089] (px4_msgs) StdoutLine: {'line': b'-- Up-to-date: /home/harsh/ros2_project/install/px4_msgs/include/px4_msgs/px4_msgs/msg/detail/sensor_gps__functions.c\n'}
[1.109126] (px4_msgs) StdoutLine: {'line': b'-- Installing: /home/harsh/ros2_project/install/px4_msgs/include/px4_msgs/px4_msgs/msg/detail/satellite_info__type_support.c\n'}
[1.109165] (px4_msgs) StdoutLine: {'line': b'-- Up-to-date: /home/harsh/ros2_project/install/px4_msgs/include/px4_msgs/px4_msgs/msg/detail/trajectory_waypoint__type_support.h\n'}
[1.109202] (px4_msgs) StdoutLine: {'line': b'-- Up-to-date: /home/harsh/ros2_project/install/px4_msgs/include/px4_msgs/px4_msgs/msg/detail/register_ext_component_reply__description.c\n'}
[1.109240] (px4_msgs) StdoutLine: {'line': b'-- Up-to-date: /home/harsh/ros2_project/install/px4_msgs/include/px4_msgs/px4_msgs/msg/detail/vehicle_command_ack__functions.h\n'}
[1.109276] (px4_msgs) StdoutLine: {'line': b'-- Up-to-date: /home/harsh/ros2_project/install/px4_msgs/include/px4_msgs/px4_msgs/msg/detail/parameter_set_value_request__description.c\n'}
[1.109312] (px4_msgs) StdoutLine: {'line': b'-- Up-to-date: /home/harsh/ros2_project/install/px4_msgs/include/px4_msgs/px4_msgs/msg/detail/parameter_set_value_request__functions.c\n'}
[1.109347] (px4_msgs) StdoutLine: {'line': b'-- Up-to-date: /home/harsh/ros2_project/install/px4_msgs/include/px4_msgs/px4_msgs/msg/detail/vehicle_control_mode__struct.h\n'}
[1.109384] (px4_msgs) StdoutLine: {'line': b'-- Up-to-date: /home/harsh/ros2_project/install/px4_msgs/include/px4_msgs/px4_msgs/msg/detail/camera_capture__functions.c\n'}
[1.109420] (px4_msgs) StdoutLine: {'line': b'-- Up-to-date: /home/harsh/ros2_project/install/px4_msgs/include/px4_msgs/px4_msgs/msg/detail/tiltrotor_extra_controls__description.c\n'}
[1.109456] (px4_msgs) StdoutLine: {'line': b'-- Up-to-date: /home/harsh/ros2_project/install/px4_msgs/include/px4_msgs/px4_msgs/msg/detail/vehicle_odometry__functions.c\n'}
[1.109491] (px4_msgs) StdoutLine: {'line': b'-- Up-to-date: /home/harsh/ros2_project/install/px4_msgs/include/px4_msgs/px4_msgs/msg/detail/position_controller_landing_status__description.c\n'}
[1.109528] (px4_msgs) StdoutLine: {'line': b'-- Up-to-date: /home/harsh/ros2_project/install/px4_msgs/include/px4_msgs/px4_msgs/msg/detail/flight_phase_estimation__struct.h\n'}
[1.109566] (px4_msgs) StdoutLine: {'line': b'-- Up-to-date: /home/harsh/ros2_project/install/px4_msgs/include/px4_msgs/px4_msgs/msg/detail/pwm_input__functions.c\n'}
[1.109693] (px4_msgs) StdoutLine: {'line': b'-- Up-to-date: /home/harsh/ros2_project/install/px4_msgs/include/px4_msgs/px4_msgs/msg/detail/camera_status__functions.c\n'}
[1.109731] (px4_msgs) StdoutLine: {'line': b'-- Up-to-date: /home/harsh/ros2_project/install/px4_msgs/include/px4_msgs/px4_msgs/msg/detail/estimator_states__description.c\n'}
[1.109769] (px4_msgs) StdoutLine: {'line': b'-- Up-to-date: /home/harsh/ros2_project/install/px4_msgs/include/px4_msgs/px4_msgs/msg/detail/vehicle_magnetometer__struct.h\n'}
[1.109841] (px4_msgs) StdoutLine: {'line': b'-- Up-to-date: /home/harsh/ros2_project/install/px4_msgs/include/px4_msgs/px4_msgs/msg/detail/parameter_set_value_response__type_support.h\n'}
[1.109880] (px4_msgs) StdoutLine: {'line': b'-- Up-to-date: /home/harsh/ros2_project/install/px4_msgs/include/px4_msgs/px4_msgs/msg/detail/vehicle_command__struct.h\n'}
[1.109965] (px4_msgs) StdoutLine: {'line': b'-- Installing: /home/harsh/ros2_project/install/px4_msgs/include/px4_msgs/px4_msgs/msg/detail/vehicle_imu__type_support.c\n'}
[1.110002] (px4_msgs) StdoutLine: {'line': b'-- Up-to-date: /home/harsh/ros2_project/install/px4_msgs/include/px4_msgs/px4_msgs/msg/detail/home_position__functions.h\n'}
[1.110043] (px4_msgs) StdoutLine: {'line': b'-- Up-to-date: /home/harsh/ros2_project/install/px4_msgs/include/px4_msgs/px4_msgs/msg/detail/vehicle_attitude_setpoint__functions.c\n'}
[1.110081] (px4_msgs) StdoutLine: {'line': b'-- Up-to-date: /home/harsh/ros2_project/install/px4_msgs/include/px4_msgs/px4_msgs/msg/detail/gps_inject_data__struct.h\n'}
[1.110116] (px4_msgs) StdoutLine: {'line': b'-- Up-to-date: /home/harsh/ros2_project/install/px4_msgs/include/px4_msgs/px4_msgs/msg/detail/debug_key_value__description.c\n'}
[1.110152] (px4_msgs) StdoutLine: {'line': b'-- Up-to-date: /home/harsh/ros2_project/install/px4_msgs/include/px4_msgs/px4_msgs/msg/detail/vehicle_trajectory_bezier__description.c\n'}
[1.110188] (px4_msgs) StdoutLine: {'line': b'-- Up-to-date: /home/harsh/ros2_project/install/px4_msgs/include/px4_msgs/px4_msgs/msg/detail/actuator_armed__functions.c\n'}
[1.110224] (px4_msgs) StdoutLine: {'line': b'-- Up-to-date: /home/harsh/ros2_project/install/px4_msgs/include/px4_msgs/px4_msgs/msg/detail/npfg_status__functions.h\n'}
[1.110261] (px4_msgs) StdoutLine: {'line': b'-- Installing: /home/harsh/ros2_project/install/px4_msgs/include/px4_msgs/px4_msgs/msg/detail/vehicle_trajectory_bezier__type_support.c\n'}
[1.110296] (px4_msgs) StdoutLine: {'line': b'-- Up-to-date: /home/harsh/ros2_project/install/px4_msgs/include/px4_msgs/px4_msgs/msg/detail/actuator_outputs__type_support.h\n'}
[1.110333] (px4_msgs) StdoutLine: {'line': b'-- Up-to-date: /home/harsh/ros2_project/install/px4_msgs/include/px4_msgs/px4_msgs/msg/detail/actuator_servos__description.c\n'}
[1.110369] (px4_msgs) StdoutLine: {'line': b'-- Installing: /home/harsh/ros2_project/install/px4_msgs/include/px4_msgs/px4_msgs/msg/detail/manual_control_switches__type_support.c\n'}
[1.110404] (px4_msgs) StdoutLine: {'line': b'-- Up-to-date: /home/harsh/ros2_project/install/px4_msgs/include/px4_msgs/px4_msgs/msg/detail/orb_test_medium__description.c\n'}
[1.110440] (px4_msgs) StdoutLine: {'line': b'-- Installing: /home/harsh/ros2_project/install/px4_msgs/include/px4_msgs/px4_msgs/msg/detail/position_controller_landing_status__type_support.c\n'}
[1.110476] (px4_msgs) StdoutLine: {'line': b'-- Up-to-date: /home/harsh/ros2_project/install/px4_msgs/include/px4_msgs/px4_msgs/msg/detail/satellite_info__struct.h\n'}
[1.110513] (px4_msgs) StdoutLine: {'line': b'-- Up-to-date: /home/harsh/ros2_project/install/px4_msgs/include/px4_msgs/px4_msgs/msg/detail/estimator_states__struct.h\n'}
[1.110550] (px4_msgs) StdoutLine: {'line': b'-- Up-to-date: /home/harsh/ros2_project/install/px4_msgs/include/px4_msgs/px4_msgs/msg/detail/log_message__functions.c\n'}
[1.110586] (px4_msgs) StdoutLine: {'line': b'-- Up-to-date: /home/harsh/ros2_project/install/px4_msgs/include/px4_msgs/px4_msgs/msg/detail/estimator_gps_status__type_support.h\n'}
[1.110624] (px4_msgs) StdoutLine: {'line': b'-- Up-to-date: /home/harsh/ros2_project/install/px4_msgs/include/px4_msgs/px4_msgs/msg/detail/mavlink_tunnel__functions.h\n'}
[1.110660] (px4_msgs) StdoutLine: {'line': b'-- Up-to-date: /home/harsh/ros2_project/install/px4_msgs/include/px4_msgs/px4_msgs/msg/detail/estimator_aid_source2d__description.c\n'}
[1.110702] (px4_msgs) StdoutLine: {'line': b'-- Up-to-date: /home/harsh/ros2_project/install/px4_msgs/include/px4_msgs/px4_msgs/msg/detail/vehicle_status__functions.h\n'}
[1.110744] (px4_msgs) StdoutLine: {'line': b'-- Up-to-date: /home/harsh/ros2_project/install/px4_msgs/include/px4_msgs/px4_msgs/msg/detail/actuator_servos_trim__description.c\n'}
[1.110783] (px4_msgs) StdoutLine: {'line': b'-- Up-to-date: /home/harsh/ros2_project/install/px4_msgs/include/px4_msgs/px4_msgs/msg/detail/failure_detector_status__type_support.h\n'}
[1.110833] (px4_msgs) StdoutLine: {'line': b'-- Up-to-date: /home/harsh/ros2_project/install/px4_msgs/include/px4_msgs/px4_msgs/msg/detail/vehicle_command_ack__functions.c\n'}
[1.110871] (px4_msgs) StdoutLine: {'line': b'-- Up-to-date: /home/harsh/ros2_project/install/px4_msgs/include/px4_msgs/px4_msgs/msg/detail/vehicle_trajectory_bezier__struct.h\n'}
[1.110908] (px4_msgs) StdoutLine: {'line': b'-- Installing: /home/harsh/ros2_project/install/px4_msgs/include/px4_msgs/px4_msgs/msg/detail/wheel_encoders__type_support.c\n'}
[1.110945] (px4_msgs) StdoutLine: {'line': b'-- Up-to-date: /home/harsh/ros2_project/install/px4_msgs/include/px4_msgs/px4_msgs/msg/detail/task_stack_info__type_support.h\n'}
[1.111057] (px4_msgs) StdoutLine: {'line': b'-- Up-to-date: /home/harsh/ros2_project/install/px4_msgs/include/px4_msgs/px4_msgs/msg/detail/input_rc__functions.c\n'}
[1.111101] (px4_msgs) StdoutLine: {'line': b'-- Installing: /home/harsh/ros2_project/install/px4_msgs/include/px4_msgs/px4_msgs/msg/detail/vehicle_local_position__type_support.c\n'}
[1.111242] (px4_msgs) StdoutLine: {'line': b'-- Up-to-date: /home/harsh/ros2_project/install/px4_msgs/include/px4_msgs/px4_msgs/msg/detail/launch_detection_status__struct.h\n'}
[1.111283] (px4_msgs) StdoutLine: {'line': b'-- Up-to-date: /home/harsh/ros2_project/install/px4_msgs/include/px4_msgs/px4_msgs/msg/detail/sensor_uwb__struct.h\n'}
[1.111321] (px4_msgs) StdoutLine: {'line': b'-- Up-to-date: /home/harsh/ros2_project/install/px4_msgs/include/px4_msgs/px4_msgs/msg/detail/vehicle_attitude__struct.h\n'}
[1.111358] (px4_msgs) StdoutLine: {'line': b'-- Up-to-date: /home/harsh/ros2_project/install/px4_msgs/include/px4_msgs/px4_msgs/msg/detail/vehicle_angular_acceleration_setpoint__functions.c\n'}
[1.111398] (px4_msgs) StdoutLine: {'line': b'-- Up-to-date: /home/harsh/ros2_project/install/px4_msgs/include/px4_msgs/px4_msgs/msg/detail/vehicle_angular_velocity__description.c\n'}
[1.111436] (px4_msgs) StdoutLine: {'line': b'-- Installing: /home/harsh/ros2_project/install/px4_msgs/include/px4_msgs/px4_msgs/msg/detail/npfg_status__type_support.c\n'}
[1.111474] (px4_msgs) StdoutLine: {'line': b'-- Installing: /home/harsh/ros2_project/install/px4_msgs/include/px4_msgs/px4_msgs/msg/detail/vehicle_status__type_support.c\n'}
[1.111510] (px4_msgs) StdoutLine: {'line': b'-- Up-to-date: /home/harsh/ros2_project/install/px4_msgs/include/px4_msgs/px4_msgs/msg/detail/debug_value__functions.c\n'}
[1.111547] (px4_msgs) StdoutLine: {'line': b'-- Up-to-date: /home/harsh/ros2_project/install/px4_msgs/include/px4_msgs/px4_msgs/msg/detail/qshell_req__struct.h\n'}
[1.111583] (px4_msgs) StdoutLine: {'line': b'-- Up-to-date: /home/harsh/ros2_project/install/px4_msgs/include/px4_msgs/px4_msgs/msg/detail/rpm__functions.h\n'}
[1.111622] (px4_msgs) StdoutLine: {'line': b'-- Up-to-date: /home/harsh/ros2_project/install/px4_msgs/include/px4_msgs/px4_msgs/msg/detail/vehicle_trajectory_bezier__functions.h\n'}
[1.111659] (px4_msgs) StdoutLine: {'line': b'-- Up-to-date: /home/harsh/ros2_project/install/px4_msgs/include/px4_msgs/px4_msgs/msg/detail/control_allocator_status__description.c\n'}
[1.111698] (px4_msgs) StdoutLine: {'line': b'-- Installing: /home/harsh/ros2_project/install/px4_msgs/include/px4_msgs/px4_msgs/msg/detail/parameter_set_used_request__type_support.c\n'}
[1.111736] (px4_msgs) StdoutLine: {'line': b'-- Installing: /home/harsh/ros2_project/install/px4_msgs/include/px4_msgs/px4_msgs/msg/detail/takeoff_status__type_support.c\n'}
[1.111775] (px4_msgs) StdoutLine: {'line': b'-- Up-to-date: /home/harsh/ros2_project/install/px4_msgs/include/px4_msgs/px4_msgs/msg/detail/estimator_aid_source1d__functions.c\n'}
[1.111814] (px4_msgs) StdoutLine: {'line': b'-- Up-to-date: /home/harsh/ros2_project/install/px4_msgs/include/px4_msgs/px4_msgs/msg/detail/register_ext_component_request__functions.c\n'}
[1.111853] (px4_msgs) StdoutLine: {'line': b'-- Installing: /home/harsh/ros2_project/install/px4_msgs/include/px4_msgs/px4_msgs/msg/detail/vehicle_torque_setpoint__type_support.c\n'}
[1.111894] (px4_msgs) StdoutLine: {'line': b'-- Up-to-date: /home/harsh/ros2_project/install/px4_msgs/include/px4_msgs/px4_msgs/msg/detail/vehicle_angular_acceleration_setpoint__functions.h\n'}
[1.111932] (px4_msgs) StdoutLine: {'line': b'-- Up-to-date: /home/harsh/ros2_project/install/px4_msgs/include/px4_msgs/px4_msgs/msg/detail/tecs_status__struct.h\n'}
[1.111970] (px4_msgs) StdoutLine: {'line': b'-- Up-to-date: /home/harsh/ros2_project/install/px4_msgs/include/px4_msgs/px4_msgs/msg/detail/vehicle_magnetometer__description.c\n'}
[1.112008] (px4_msgs) StdoutLine: {'line': b'-- Up-to-date: /home/harsh/ros2_project/install/px4_msgs/include/px4_msgs/px4_msgs/msg/detail/system_power__functions.c\n'}
[1.112056] (px4_msgs) StdoutLine: {'line': b'-- Up-to-date: /home/harsh/ros2_project/install/px4_msgs/include/px4_msgs/px4_msgs/msg/detail/wind__type_support.h\n'}
[1.112095] (px4_msgs) StdoutLine: {'line': b'-- Up-to-date: /home/harsh/ros2_project/install/px4_msgs/include/px4_msgs/px4_msgs/msg/detail/estimator_gps_status__functions.c\n'}
[1.112133] (px4_msgs) StdoutLine: {'line': b'-- Up-to-date: /home/harsh/ros2_project/install/px4_msgs/include/px4_msgs/px4_msgs/msg/detail/sensor_mag__functions.h\n'}
[1.112170] (px4_msgs) StdoutLine: {'line': b'-- Up-to-date: /home/harsh/ros2_project/install/px4_msgs/include/px4_msgs/px4_msgs/msg/detail/radio_status__functions.c\n'}
[1.112207] (px4_msgs) StdoutLine: {'line': b'-- Up-to-date: /home/harsh/ros2_project/install/px4_msgs/include/px4_msgs/px4_msgs/msg/detail/vehicle_imu_status__functions.c\n'}
[1.112245] (px4_msgs) StdoutLine: {'line': b'-- Up-to-date: /home/harsh/ros2_project/install/px4_msgs/include/px4_msgs/px4_msgs/msg/detail/system_power__description.c\n'}
[1.112282] (px4_msgs) StdoutLine: {'line': b'-- Installing: /home/harsh/ros2_project/install/px4_msgs/include/px4_msgs/px4_msgs/msg/detail/register_ext_component_request__type_support.c\n'}
[1.112319] (px4_msgs) StdoutLine: {'line': b'-- Installing: /home/harsh/ros2_project/install/px4_msgs/include/px4_msgs/px4_msgs/msg/detail/rc_parameter_map__type_support.c\n'}
[1.112357] (px4_msgs) StdoutLine: {'line': b'-- Up-to-date: /home/harsh/ros2_project/install/px4_msgs/include/px4_msgs/px4_msgs/msg/detail/parameter_set_value_response__struct.h\n'}
[1.112440] (px4_msgs) StdoutLine: {'line': b'-- Up-to-date: /home/harsh/ros2_project/install/px4_msgs/include/px4_msgs/px4_msgs/msg/detail/orbit_status__struct.h\n'}
[1.112548] (px4_msgs) StdoutLine: {'line': b'-- Up-to-date: /home/harsh/ros2_project/install/px4_msgs/include/px4_msgs/px4_msgs/msg/detail/power_button_state__description.c\n'}
[1.112590] (px4_msgs) StdoutLine: {'line': b'-- Installing: /home/harsh/ros2_project/install/px4_msgs/include/px4_msgs/px4_msgs/msg/detail/orb_test_large__type_support.c\n'}
[1.112632] (px4_msgs) StdoutLine: {'line': b'-- Up-to-date: /home/harsh/ros2_project/install/px4_msgs/include/px4_msgs/px4_msgs/msg/detail/register_ext_component_reply__functions.c\n'}
[1.112673] (px4_msgs) StdoutLine: {'line': b'-- Up-to-date: /home/harsh/ros2_project/install/px4_msgs/include/px4_msgs/px4_msgs/msg/detail/tiltrotor_extra_controls__type_support.h\n'}
[1.112712] (px4_msgs) StdoutLine: {'line': b'-- Up-to-date: /home/harsh/ros2_project/install/px4_msgs/include/px4_msgs/px4_msgs/msg/detail/rc_parameter_map__functions.c\n'}
[1.112751] (px4_msgs) StdoutLine: {'line': b'-- Up-to-date: /home/harsh/ros2_project/install/px4_msgs/include/px4_msgs/px4_msgs/msg/detail/estimator_aid_source3d__description.c\n'}
[1.112791] (px4_msgs) StdoutLine: {'line': b'-- Up-to-date: /home/harsh/ros2_project/install/px4_msgs/include/px4_msgs/px4_msgs/msg/detail/mission_result__struct.h\n'}
[1.112829] (px4_msgs) StdoutLine: {'line': b'-- Up-to-date: /home/harsh/ros2_project/install/px4_msgs/include/px4_msgs/px4_msgs/msg/detail/vehicle_angular_velocity__functions.h\n'}
[1.112867] (px4_msgs) StdoutLine: {'line': b'-- Up-to-date: /home/harsh/ros2_project/install/px4_msgs/include/px4_msgs/px4_msgs/msg/detail/navigator_mission_item__functions.h\n'}
[1.112905] (px4_msgs) StdoutLine: {'line': b'-- Up-to-date: /home/harsh/ros2_project/install/px4_msgs/include/px4_msgs/px4_msgs/msg/detail/mission__struct.h\n'}
[1.112946] (px4_msgs) StdoutLine: {'line': b'-- Installing: /home/harsh/ros2_project/install/px4_msgs/include/px4_msgs/px4_msgs/msg/detail/position_controller_status__type_support.c\n'}
[1.112985] (px4_msgs) StdoutLine: {'line': b'-- Up-to-date: /home/harsh/ros2_project/install/px4_msgs/include/px4_msgs/px4_msgs/msg/detail/estimator_bias3d__functions.c\n'}
[1.113028] (px4_msgs) StdoutLine: {'line': b'-- Up-to-date: /home/harsh/ros2_project/install/px4_msgs/include/px4_msgs/px4_msgs/msg/detail/vehicle_trajectory_waypoint__type_support.h\n'}
[1.113068] (px4_msgs) StdoutLine: {'line': b'-- Installing: /home/harsh/ros2_project/install/px4_msgs/include/px4_msgs/px4_msgs/msg/detail/autotune_attitude_control_status__type_support.c\n'}
[1.113108] (px4_msgs) StdoutLine: {'line': b'-- Installing: /home/harsh/ros2_project/install/px4_msgs/include/px4_msgs/px4_msgs/msg/detail/estimator_aid_source3d__type_support.c\n'}
[1.113146] (px4_msgs) StdoutLine: {'line': b'-- Up-to-date: /home/harsh/ros2_project/install/px4_msgs/include/px4_msgs/px4_msgs/msg/detail/task_stack_info__functions.c\n'}
[1.113185] (px4_msgs) StdoutLine: {'line': b'-- Up-to-date: /home/harsh/ros2_project/install/px4_msgs/include/px4_msgs/px4_msgs/msg/detail/sensor_gyro_fft__struct.h\n'}
[1.113225] (px4_msgs) StdoutLine: {'line': b'-- Up-to-date: /home/harsh/ros2_project/install/px4_msgs/include/px4_msgs/px4_msgs/msg/detail/vehicle_roi__struct.h\n'}
[1.113264] (px4_msgs) StdoutLine: {'line': b'-- Up-to-date: /home/harsh/ros2_project/install/px4_msgs/include/px4_msgs/px4_msgs/msg/detail/vehicle_local_position_setpoint__type_support.h\n'}
[1.113303] (px4_msgs) StdoutLine: {'line': b'-- Up-to-date: /home/harsh/ros2_project/install/px4_msgs/include/px4_msgs/px4_msgs/msg/detail/register_ext_component_request__description.c\n'}
[1.113341] (px4_msgs) StdoutLine: {'line': b'-- Up-to-date: /home/harsh/ros2_project/install/px4_msgs/include/px4_msgs/px4_msgs/msg/detail/takeoff_status__struct.h\n'}
[1.113378] (px4_msgs) StdoutLine: {'line': b'-- Up-to-date: /home/harsh/ros2_project/install/px4_msgs/include/px4_msgs/px4_msgs/msg/detail/vehicle_local_position__type_support.h\n'}
[1.113416] (px4_msgs) StdoutLine: {'line': b'-- Up-to-date: /home/harsh/ros2_project/install/px4_msgs/include/px4_msgs/px4_msgs/msg/detail/distance_sensor__type_support.h\n'}
[1.113453] (px4_msgs) StdoutLine: {'line': b'-- Up-to-date: /home/harsh/ros2_project/install/px4_msgs/include/px4_msgs/px4_msgs/msg/detail/orb_test_large__type_support.h\n'}
[1.113490] (px4_msgs) StdoutLine: {'line': b'-- Installing: /home/harsh/ros2_project/install/px4_msgs/include/px4_msgs/px4_msgs/msg/detail/collision_constraints__type_support.c\n'}
[1.113527] (px4_msgs) StdoutLine: {'line': b'-- Up-to-date: /home/harsh/ros2_project/install/px4_msgs/include/px4_msgs/px4_msgs/msg/detail/onboard_computer_status__struct.h\n'}
[1.113565] (px4_msgs) StdoutLine: {'line': b'-- Up-to-date: /home/harsh/ros2_project/install/px4_msgs/include/px4_msgs/px4_msgs/msg/detail/tecs_status__description.c\n'}
[1.113604] (px4_msgs) StdoutLine: {'line': b'-- Installing: /home/harsh/ros2_project/install/px4_msgs/include/px4_msgs/px4_msgs/msg/detail/gpio_request__type_support.c\n'}
[1.113641] (px4_msgs) StdoutLine: {'line': b'-- Up-to-date: /home/harsh/ros2_project/install/px4_msgs/include/px4_msgs/px4_msgs/msg/detail/normalized_unsigned_setpoint__functions.c\n'}
[1.113717] (px4_msgs) StdoutLine: {'line': b'-- Up-to-date: /home/harsh/ros2_project/install/px4_msgs/include/px4_msgs/px4_msgs/msg/detail/trajectory_bezier__type_support.h\n'}
[1.113759] (px4_msgs) StdoutLine: {'line': b'-- Up-to-date: /home/harsh/ros2_project/install/px4_msgs/include/px4_msgs/px4_msgs/msg/detail/arming_check_reply__functions.h\n'}
[1.113801] (px4_msgs) StdoutLine: {'line': b'-- Up-to-date: /home/harsh/ros2_project/install/px4_msgs/include/px4_msgs/px4_msgs/msg/detail/distance_sensor__functions.h\n'}
[1.113912] (px4_msgs) StdoutLine: {'line': b'-- Up-to-date: /home/harsh/ros2_project/install/px4_msgs/include/px4_msgs/px4_msgs/msg/detail/gimbal_manager_information__struct.h\n'}
[1.113989] (px4_msgs) StdoutLine: {'line': b'-- Installing: /home/harsh/ros2_project/install/px4_msgs/include/px4_msgs/px4_msgs/msg/detail/onboard_computer_status__type_support.c\n'}
[1.114035] (px4_msgs) StdoutLine: {'line': b'-- Up-to-date: /home/harsh/ros2_project/install/px4_msgs/include/px4_msgs/px4_msgs/msg/detail/npfg_status__struct.h\n'}
[1.114079] (px4_msgs) StdoutLine: {'line': b'-- Up-to-date: /home/harsh/ros2_project/install/px4_msgs/include/px4_msgs/px4_msgs/msg/detail/vtol_vehicle_status__struct.h\n'}
[1.114120] (px4_msgs) StdoutLine: {'line': b'-- Up-to-date: /home/harsh/ros2_project/install/px4_msgs/include/px4_msgs/px4_msgs/msg/detail/vehicle_rates_setpoint__struct.h\n'}
[1.114162] (px4_msgs) StdoutLine: {'line': b'-- Up-to-date: /home/harsh/ros2_project/install/px4_msgs/include/px4_msgs/px4_msgs/msg/detail/actuator_outputs__functions.c\n'}
[1.114202] (px4_msgs) StdoutLine: {'line': b'-- Installing: /home/harsh/ros2_project/install/px4_msgs/include/px4_msgs/px4_msgs/msg/detail/estimator_sensor_bias__type_support.c\n'}
[1.114243] (px4_msgs) StdoutLine: {'line': b'-- Up-to-date: /home/harsh/ros2_project/install/px4_msgs/include/px4_msgs/px4_msgs/msg/detail/gimbal_manager_set_manual_control__functions.h\n'}
[1.114284] (px4_msgs) StdoutLine: {'line': b'-- Up-to-date: /home/harsh/ros2_project/install/px4_msgs/include/px4_msgs/px4_msgs/msg/detail/vehicle_command_ack__struct.h\n'}
[1.114325] (px4_msgs) StdoutLine: {'line': b'-- Up-to-date: /home/harsh/ros2_project/install/px4_msgs/include/px4_msgs/px4_msgs/msg/detail/estimator_status__type_support.h\n'}
[1.114366] (px4_msgs) StdoutLine: {'line': b'-- Installing: /home/harsh/ros2_project/install/px4_msgs/include/px4_msgs/px4_msgs/msg/detail/debug_vect__type_support.c\n'}
[1.114406] (px4_msgs) StdoutLine: {'line': b'-- Installing: /home/harsh/ros2_project/install/px4_msgs/include/px4_msgs/px4_msgs/msg/detail/action_request__type_support.c\n'}
[1.114446] (px4_msgs) StdoutLine: {'line': b'-- Up-to-date: /home/harsh/ros2_project/install/px4_msgs/include/px4_msgs/px4_msgs/msg/detail/airspeed_wind__struct.h\n'}
[1.114486] (px4_msgs) StdoutLine: {'line': b'-- Up-to-date: /home/harsh/ros2_project/install/px4_msgs/include/px4_msgs/px4_msgs/msg/detail/sensor_airflow__functions.h\n'}
[1.114527] (px4_msgs) StdoutLine: {'line': b'-- Up-to-date: /home/harsh/ros2_project/install/px4_msgs/include/px4_msgs/px4_msgs/msg/detail/log_message__description.c\n'}
[1.114567] (px4_msgs) StdoutLine: {'line': b'-- Up-to-date: /home/harsh/ros2_project/install/px4_msgs/include/px4_msgs/px4_msgs/msg/detail/arming_check_request__struct.h\n'}
[1.114609] (px4_msgs) StdoutLine: {'line': b'-- Up-to-date: /home/harsh/ros2_project/install/px4_msgs/include/px4_msgs/px4_msgs/msg/detail/mode_completed__struct.h\n'}
[1.114650] (px4_msgs) StdoutLine: {'line': b'-- Up-to-date: /home/harsh/ros2_project/install/px4_msgs/include/px4_msgs/px4_msgs/msg/detail/actuator_outputs__functions.h\n'}
[1.114691] (px4_msgs) StdoutLine: {'line': b'-- Installing: /home/harsh/ros2_project/install/px4_msgs/include/px4_msgs/px4_msgs/msg/detail/estimator_bias__type_support.c\n'}
[1.114732] (px4_msgs) StdoutLine: {'line': b'-- Up-to-date: /home/harsh/ros2_project/install/px4_msgs/include/px4_msgs/px4_msgs/msg/detail/vehicle_trajectory_waypoint__struct.h\n'}
[1.114773] (px4_msgs) StdoutLine: {'line': b'-- Up-to-date: /home/harsh/ros2_project/install/px4_msgs/include/px4_msgs/px4_msgs/msg/detail/uavcan_parameter_request__type_support.h\n'}
[1.114814] (px4_msgs) StdoutLine: {'line': b'-- Up-to-date: /home/harsh/ros2_project/install/px4_msgs/include/px4_msgs/px4_msgs/msg/detail/estimator_aid_source3d__struct.h\n'}
[1.114856] (px4_msgs) StdoutLine: {'line': b'-- Up-to-date: /home/harsh/ros2_project/install/px4_msgs/include/px4_msgs/px4_msgs/msg/detail/vehicle_local_position__description.c\n'}
[1.114898] (px4_msgs) StdoutLine: {'line': b'-- Up-to-date: /home/harsh/ros2_project/install/px4_msgs/include/px4_msgs/px4_msgs/msg/detail/vehicle_control_mode__type_support.h\n'}
[1.114981] (px4_msgs) StdoutLine: {'line': b'-- Installing: /home/harsh/ros2_project/install/px4_msgs/include/px4_msgs/px4_msgs/msg/detail/sensor_gnss_relative__type_support.c\n'}
[1.115030] (px4_msgs) StdoutLine: {'line': b'-- Up-to-date: /home/harsh/ros2_project/install/px4_msgs/include/px4_msgs/px4_msgs/msg/detail/airspeed_validated__type_support.h\n'}
[1.115075] (px4_msgs) StdoutLine: {'line': b'-- Up-to-date: /home/harsh/ros2_project/install/px4_msgs/include/px4_msgs/px4_msgs/msg/detail/landing_target_pose__type_support.h\n'}
[1.115153] (px4_msgs) StdoutLine: {'line': b'-- Up-to-date: /home/harsh/ros2_project/install/px4_msgs/include/px4_msgs/px4_msgs/msg/detail/actuator_controls_status__struct.h\n'}
[1.115199] (px4_msgs) StdoutLine: {'line': b'-- Up-to-date: /home/harsh/ros2_project/install/px4_msgs/include/px4_msgs/px4_msgs/msg/detail/button_event__functions.c\n'}
[1.115242] (px4_msgs) StdoutLine: {'line': b'-- Up-to-date: /home/harsh/ros2_project/install/px4_msgs/include/px4_msgs/px4_msgs/msg/detail/action_request__struct.h\n'}
[1.115283] (px4_msgs) StdoutLine: {'line': b'-- Up-to-date: /home/harsh/ros2_project/install/px4_msgs/include/px4_msgs/px4_msgs/msg/detail/gimbal_device_set_attitude__functions.h\n'}
[1.115326] (px4_msgs) StdoutLine: {'line': b'-- Installing: /home/harsh/ros2_project/install/px4_msgs/include/px4_msgs/px4_msgs/msg/detail/parameter_set_value_response__type_support.c\n'}
[1.115408] (px4_msgs) StdoutLine: {'line': b'-- Up-to-date: /home/harsh/ros2_project/install/px4_msgs/include/px4_msgs/px4_msgs/msg/detail/collision_report__type_support.h\n'}
[1.115452] (px4_msgs) StdoutLine: {'line': b'-- Up-to-date: /home/harsh/ros2_project/install/px4_msgs/include/px4_msgs/px4_msgs/msg/detail/camera_status__type_support.h\n'}
[1.115495] (px4_msgs) StdoutLine: {'line': b'-- Up-to-date: /home/harsh/ros2_project/install/px4_msgs/include/px4_msgs/px4_msgs/msg/detail/control_allocator_status__type_support.h\n'}
[1.115535] (px4_msgs) StdoutLine: {'line': b'-- Up-to-date: /home/harsh/ros2_project/install/px4_msgs/include/px4_msgs/px4_msgs/msg/detail/irlock_report__description.c\n'}
[1.115576] (px4_msgs) StdoutLine: {'line': b'-- Up-to-date: /home/harsh/ros2_project/install/px4_msgs/include/px4_msgs/px4_msgs/msg/detail/home_position__struct.h\n'}
[1.115616] (px4_msgs) StdoutLine: {'line': b'-- Up-to-date: /home/harsh/ros2_project/install/px4_msgs/include/px4_msgs/px4_msgs/msg/detail/ekf2_timestamps__functions.h\n'}
[1.115657] (px4_msgs) StdoutLine: {'line': b'-- Up-to-date: /home/harsh/ros2_project/install/px4_msgs/include/px4_msgs/px4_msgs/msg/detail/position_controller_status__type_support.h\n'}
[1.115698] (px4_msgs) StdoutLine: {'line': b'-- Up-to-date: /home/harsh/ros2_project/install/px4_msgs/include/px4_msgs/px4_msgs/msg/detail/ping__functions.c\n'}
[1.115741] (px4_msgs) StdoutLine: {'line': b'-- Up-to-date: /home/harsh/ros2_project/install/px4_msgs/include/px4_msgs/px4_msgs/msg/detail/estimator_aid_source1d__type_support.h\n'}
[1.115785] (px4_msgs) StdoutLine: {'line': b'-- Up-to-date: /home/harsh/ros2_project/install/px4_msgs/include/px4_msgs/px4_msgs/msg/detail/estimator_selector_status__description.c\n'}
[1.115828] (px4_msgs) StdoutLine: {'line': b'-- Up-to-date: /home/harsh/ros2_project/install/px4_msgs/include/px4_msgs/px4_msgs/msg/detail/dataman_response__functions.h\n'}
[1.115871] (px4_msgs) StdoutLine: {'line': b'-- Up-to-date: /home/harsh/ros2_project/install/px4_msgs/include/px4_msgs/px4_msgs/msg/detail/estimator_aid_source3d__functions.h\n'}
[1.115913] (px4_msgs) StdoutLine: {'line': b'-- Installing: /home/harsh/ros2_project/install/px4_msgs/include/px4_msgs/px4_msgs/msg/detail/sensor_baro__type_support.c\n'}
[1.115955] (px4_msgs) StdoutLine: {'line': b'-- Up-to-date: /home/harsh/ros2_project/install/px4_msgs/include/px4_msgs/px4_msgs/msg/detail/wind__functions.c\n'}
[1.115996] (px4_msgs) StdoutLine: {'line': b'-- Installing: /home/harsh/ros2_project/install/px4_msgs/include/px4_msgs/px4_msgs/msg/detail/internal_combustion_engine_status__type_support.c\n'}
[1.116047] (px4_msgs) StdoutLine: {'line': b'-- Up-to-date: /home/harsh/ros2_project/install/px4_msgs/include/px4_msgs/px4_msgs/msg/detail/actuator_armed__struct.h\n'}
[1.116091] (px4_msgs) StdoutLine: {'line': b'-- Up-to-date: /home/harsh/ros2_project/install/px4_msgs/include/px4_msgs/px4_msgs/msg/detail/radio_status__functions.h\n'}
[1.116133] (px4_msgs) StdoutLine: {'line': b'-- Installing: /home/harsh/ros2_project/install/px4_msgs/include/px4_msgs/px4_msgs/msg/detail/rc_channels__type_support.c\n'}
[1.116174] (px4_msgs) StdoutLine: {'line': b'-- Up-to-date: /home/harsh/ros2_project/install/px4_msgs/include/px4_msgs/px4_msgs/msg/detail/cellular_status__type_support.h\n'}
[1.116215] (px4_msgs) StdoutLine: {'line': b'-- Up-to-date: /home/harsh/ros2_project/install/px4_msgs/include/px4_msgs/px4_msgs/msg/detail/collision_constraints__struct.h\n'}
[1.116256] (px4_msgs) StdoutLine: {'line': b'-- Up-to-date: /home/harsh/ros2_project/install/px4_msgs/include/px4_msgs/px4_msgs/msg/detail/figure_eight_status__struct.h\n'}
[1.116297] (px4_msgs) StdoutLine: {'line': b'-- Up-to-date: /home/harsh/ros2_project/install/px4_msgs/include/px4_msgs/px4_msgs/msg/detail/collision_constraints__functions.c\n'}
[1.116337] (px4_msgs) StdoutLine: {'line': b'-- Up-to-date: /home/harsh/ros2_project/install/px4_msgs/include/px4_msgs/px4_msgs/msg/detail/qshell_retval__type_support.h\n'}
[1.116379] (px4_msgs) StdoutLine: {'line': b'-- Up-to-date: /home/harsh/ros2_project/install/px4_msgs/include/px4_msgs/px4_msgs/msg/detail/vehicle_local_position_setpoint__functions.c\n'}
[1.116423] (px4_msgs) StdoutLine: {'line': b'-- Up-to-date: /home/harsh/ros2_project/install/px4_msgs/include/px4_msgs/px4_msgs/msg/detail/estimator_status_flags__description.c\n'}
[1.116531] (px4_msgs) StdoutLine: {'line': b'-- Up-to-date: /home/harsh/ros2_project/install/px4_msgs/include/px4_msgs/px4_msgs/msg/detail/debug_vect__functions.h\n'}
[1.116578] (px4_msgs) StdoutLine: {'line': b'-- Up-to-date: /home/harsh/ros2_project/install/px4_msgs/include/px4_msgs/px4_msgs/msg/detail/camera_status__functions.h\n'}
[1.116623] (px4_msgs) StdoutLine: {'line': b'-- Up-to-date: /home/harsh/ros2_project/install/px4_msgs/include/px4_msgs/px4_msgs/msg/detail/gimbal_manager_status__description.c\n'}
[1.116667] (px4_msgs) StdoutLine: {'line': b'-- Up-to-date: /home/harsh/ros2_project/install/px4_msgs/include/px4_msgs/px4_msgs/msg/detail/control_allocator_status__functions.h\n'}
[1.116712] (px4_msgs) StdoutLine: {'line': b'-- Up-to-date: /home/harsh/ros2_project/install/px4_msgs/include/px4_msgs/px4_msgs/msg/detail/vehicle_angular_velocity__type_support.h\n'}
[1.116756] (px4_msgs) StdoutLine: {'line': b'-- Up-to-date: /home/harsh/ros2_project/install/px4_msgs/include/px4_msgs/px4_msgs/msg/detail/iridiumsbd_status__functions.h\n'}
[1.116805] (px4_msgs) StdoutLine: {'line': b'-- Up-to-date: /home/harsh/ros2_project/install/px4_msgs/include/px4_msgs/px4_msgs/msg/detail/follow_target_status__functions.c\n'}
[1.116861] (px4_msgs) StdoutLine: {'line': b'-- Up-to-date: /home/harsh/ros2_project/install/px4_msgs/include/px4_msgs/px4_msgs/msg/detail/mission__functions.c\n'}
[1.116910] (px4_msgs) StdoutLine: {'line': b'-- Up-to-date: /home/harsh/ros2_project/install/px4_msgs/include/px4_msgs/px4_msgs/msg/detail/mount_orientation__functions.h\n'}
[1.116961] (px4_msgs) StdoutLine: {'line': b'-- Up-to-date: /home/harsh/ros2_project/install/px4_msgs/include/px4_msgs/px4_msgs/msg/detail/camera_status__struct.h\n'}
[1.117008] (px4_msgs) StdoutLine: {'line': b'-- Up-to-date: /home/harsh/ros2_project/install/px4_msgs/include/px4_msgs/px4_msgs/msg/detail/internal_combustion_engine_status__functions.h\n'}
[1.117108] (px4_msgs) StdoutLine: {'line': b'-- Up-to-date: /home/harsh/ros2_project/install/px4_msgs/include/px4_msgs/px4_msgs/msg/detail/debug_key_value__functions.h\n'}
[1.117159] (px4_msgs) StdoutLine: {'line': b'-- Up-to-date: /home/harsh/ros2_project/install/px4_msgs/include/px4_msgs/px4_msgs/msg/detail/rc_parameter_map__description.c\n'}
[1.117204] (px4_msgs) StdoutLine: {'line': b'-- Up-to-date: /home/harsh/ros2_project/install/px4_msgs/include/px4_msgs/px4_msgs/msg/detail/power_monitor__type_support.h\n'}
[1.117253] (px4_msgs) StdoutLine: {'line': b'-- Up-to-date: /home/harsh/ros2_project/install/px4_msgs/include/px4_msgs/px4_msgs/msg/detail/sensor_optical_flow__struct.h\n'}
[1.117304] (px4_msgs) StdoutLine: {'line': b'-- Up-to-date: /home/harsh/ros2_project/install/px4_msgs/include/px4_msgs/px4_msgs/msg/detail/debug_array__struct.h\n'}
[1.117352] (px4_msgs) StdoutLine: {'line': b'-- Up-to-date: /home/harsh/ros2_project/install/px4_msgs/include/px4_msgs/px4_msgs/msg/detail/button_event__functions.h\n'}
[1.117398] (px4_msgs) StdoutLine: {'line': b'-- Up-to-date: /home/harsh/ros2_project/install/px4_msgs/include/px4_msgs/px4_msgs/msg/detail/sensor_selection__type_support.h\n'}
[1.117444] (px4_msgs) StdoutLine: {'line': b'-- Up-to-date: /home/harsh/ros2_project/install/px4_msgs/include/px4_msgs/px4_msgs/msg/detail/ulog_stream_ack__type_support.h\n'}
[1.117502] (px4_msgs) StdoutLine: {'line': b'-- Up-to-date: /home/harsh/ros2_project/install/px4_msgs/include/px4_msgs/px4_msgs/msg/detail/sensor_preflight_mag__functions.c\n'}
[1.117549] (px4_msgs) StdoutLine: {'line': b'-- Up-to-date: /home/harsh/ros2_project/install/px4_msgs/include/px4_msgs/px4_msgs/msg/detail/vehicle_rates_setpoint__type_support.h\n'}
[1.117596] (px4_msgs) StdoutLine: {'line': b'-- Up-to-date: /home/harsh/ros2_project/install/px4_msgs/include/px4_msgs/px4_msgs/msg/detail/input_rc__type_support.h\n'}
[1.117652] (px4_msgs) StdoutLine: {'line': b'-- Up-to-date: /home/harsh/ros2_project/install/px4_msgs/include/px4_msgs/px4_msgs/msg/detail/cellular_status__functions.c\n'}
[1.117698] (px4_msgs) StdoutLine: {'line': b'-- Up-to-date: /home/harsh/ros2_project/install/px4_msgs/include/px4_msgs/px4_msgs/msg/detail/vehicle_imu_status__type_support.h\n'}
[1.117743] (px4_msgs) StdoutLine: {'line': b'-- Up-to-date: /home/harsh/ros2_project/install/px4_msgs/include/px4_msgs/px4_msgs/msg/detail/orb_test_large__description.c\n'}
[1.117799] (px4_msgs) StdoutLine: {'line': b'-- Up-to-date: /home/harsh/ros2_project/install/px4_msgs/include/px4_msgs/px4_msgs/msg/detail/parameter_set_value_request__functions.h\n'}
[1.117847] (px4_msgs) StdoutLine: {'line': b'-- Up-to-date: /home/harsh/ros2_project/install/px4_msgs/include/px4_msgs/px4_msgs/msg/detail/manual_control_switches__description.c\n'}
[1.117892] (px4_msgs) StdoutLine: {'line': b'-- Up-to-date: /home/harsh/ros2_project/install/px4_msgs/include/px4_msgs/px4_msgs/msg/detail/camera_trigger__functions.h\n'}
[1.117936] (px4_msgs) StdoutLine: {'line': b'-- Up-to-date: /home/harsh/ros2_project/install/px4_msgs/include/px4_msgs/px4_msgs/msg/detail/follow_target_estimator__struct.h\n'}
[1.118009] (px4_msgs) StdoutLine: {'line': b'-- Up-to-date: /home/harsh/ros2_project/install/px4_msgs/include/px4_msgs/px4_msgs/msg/detail/mode_completed__functions.c\n'}
[1.118166] (px4_msgs) StdoutLine: {'line': b'-- Up-to-date: /home/harsh/ros2_project/install/px4_msgs/include/px4_msgs/px4_msgs/msg/detail/vehicle_local_position_setpoint__description.c\n'}
[1.118221] (px4_msgs) StdoutLine: {'line': b'-- Up-to-date: /home/harsh/ros2_project/install/px4_msgs/include/px4_msgs/px4_msgs/msg/detail/radio_status__description.c\n'}
[1.118270] (px4_msgs) StdoutLine: {'line': b'-- Installing: /home/harsh/ros2_project/install/px4_msgs/include/px4_msgs/px4_msgs/msg/detail/differential_drive_setpoint__type_support.c\n'}
[1.118316] (px4_msgs) StdoutLine: {'line': b'-- Up-to-date: /home/harsh/ros2_project/install/px4_msgs/include/px4_msgs/px4_msgs/msg/detail/vehicle_thrust_setpoint__type_support.h\n'}
[1.118361] (px4_msgs) StdoutLine: {'line': b'-- Up-to-date: /home/harsh/ros2_project/install/px4_msgs/include/px4_msgs/px4_msgs/msg/detail/satellite_info__description.c\n'}
[1.118411] (px4_msgs) StdoutLine: {'line': b'-- Up-to-date: /home/harsh/ros2_project/install/px4_msgs/include/px4_msgs/px4_msgs/msg/detail/estimator_states__functions.h\n'}
[1.118457] (px4_msgs) StdoutLine: {'line': b'-- Up-to-date: /home/harsh/ros2_project/install/px4_msgs/include/px4_msgs/px4_msgs/msg/detail/sensor_gyro_fifo__struct.h\n'}
[1.119417] (px4_msgs) StdoutLine: {'line': b'-- Up-to-date: /home/harsh/ros2_project/install/px4_msgs/include/px4_msgs/px4_msgs/msg/detail/uavcan_parameter_request__functions.c\n'}
[1.119525] (px4_msgs) StdoutLine: {'line': b'-- Up-to-date: /home/harsh/ros2_project/install/px4_msgs/include/px4_msgs/px4_msgs/msg/detail/sensor_airflow__description.c\n'}
[1.119599] (px4_msgs) StdoutLine: {'line': b'-- Installing: /home/harsh/ros2_project/install/px4_msgs/include/px4_msgs/px4_msgs/msg/detail/transponder_report__type_support.c\n'}
[1.119804] (px4_msgs) StdoutLine: {'line': b'-- Up-to-date: /home/harsh/ros2_project/install/px4_msgs/include/px4_msgs/px4_msgs/msg/detail/flight_phase_estimation__functions.c\n'}
[1.119878] (px4_msgs) StdoutLine: {'line': b'-- Up-to-date: /home/harsh/ros2_project/install/px4_msgs/include/px4_msgs/px4_msgs/msg/detail/wheel_encoders__description.c\n'}
[1.119955] (px4_msgs) StdoutLine: {'line': b'-- Up-to-date: /home/harsh/ros2_project/install/px4_msgs/include/px4_msgs/px4_msgs/msg/detail/parameter_update__description.c\n'}
[1.120078] (px4_msgs) StdoutLine: {'line': b'-- Up-to-date: /home/harsh/ros2_project/install/px4_msgs/include/px4_msgs/px4_msgs/msg/detail/arming_check_request__type_support.h\n'}
[1.120326] (px4_msgs) StdoutLine: {'line': b'-- Up-to-date: /home/harsh/ros2_project/install/px4_msgs/include/px4_msgs/px4_msgs/msg/detail/tecs_status__functions.h\n'}
[1.120410] (px4_msgs) StdoutLine: {'line': b'-- Up-to-date: /home/harsh/ros2_project/install/px4_msgs/include/px4_msgs/px4_msgs/msg/detail/position_setpoint_triplet__functions.c\n'}
[1.120480] (px4_msgs) StdoutLine: {'line': b'-- Up-to-date: /home/harsh/ros2_project/install/px4_msgs/include/px4_msgs/px4_msgs/msg/detail/differential_pressure__description.c\n'}
[1.120548] (px4_msgs) StdoutLine: {'line': b'-- Up-to-date: /home/harsh/ros2_project/install/px4_msgs/include/px4_msgs/px4_msgs/msg/detail/vehicle_local_position__struct.h\n'}
[1.120614] (px4_msgs) StdoutLine: {'line': b'-- Up-to-date: /home/harsh/ros2_project/install/px4_msgs/include/px4_msgs/px4_msgs/msg/detail/sensor_baro__functions.h\n'}
[1.120679] (px4_msgs) StdoutLine: {'line': b'-- Up-to-date: /home/harsh/ros2_project/install/px4_msgs/include/px4_msgs/px4_msgs/msg/detail/log_message__struct.h\n'}
[1.120746] (px4_msgs) StdoutLine: {'line': b'-- Up-to-date: /home/harsh/ros2_project/install/px4_msgs/include/px4_msgs/px4_msgs/msg/detail/debug_vect__struct.h\n'}
[1.120815] (px4_msgs) StdoutLine: {'line': b'-- Up-to-date: /home/harsh/ros2_project/install/px4_msgs/include/px4_msgs/px4_msgs/msg/detail/buffer128__functions.h\n'}
[1.120883] (px4_msgs) StdoutLine: {'line': b'-- Up-to-date: /home/harsh/ros2_project/install/px4_msgs/include/px4_msgs/px4_msgs/msg/detail/estimator_status_flags__type_support.h\n'}
[1.120950] (px4_msgs) StdoutLine: {'line': b'-- Up-to-date: /home/harsh/ros2_project/install/px4_msgs/include/px4_msgs/px4_msgs/msg/detail/gimbal_manager_information__type_support.h\n'}
[1.121053] (px4_msgs) StdoutLine: {'line': b'-- Up-to-date: /home/harsh/ros2_project/install/px4_msgs/include/px4_msgs/px4_msgs/msg/detail/vehicle_roi__description.c\n'}
[1.121240] (px4_msgs) StdoutLine: {'line': b'-- Up-to-date: /home/harsh/ros2_project/install/px4_msgs/include/px4_msgs/px4_msgs/msg/detail/timesync_status__description.c\n'}
[1.121283] (px4_msgs) StdoutLine: {'line': b'-- Up-to-date: /home/harsh/ros2_project/install/px4_msgs/include/px4_msgs/px4_msgs/msg/detail/sensor_optical_flow__functions.c\n'}
[1.121323] (px4_msgs) StdoutLine: {'line': b'-- Up-to-date: /home/harsh/ros2_project/install/px4_msgs/include/px4_msgs/px4_msgs/msg/detail/follow_target_status__description.c\n'}
[1.121360] (px4_msgs) StdoutLine: {'line': b'-- Up-to-date: /home/harsh/ros2_project/install/px4_msgs/include/px4_msgs/px4_msgs/msg/detail/radio_status__type_support.h\n'}
[1.121399] (px4_msgs) StdoutLine: {'line': b'-- Up-to-date: /home/harsh/ros2_project/install/px4_msgs/include/px4_msgs/px4_msgs/msg/detail/tecs_status__functions.c\n'}
[1.121448] (px4_msgs) StdoutLine: {'line': b'-- Up-to-date: /home/harsh/ros2_project/install/px4_msgs/include/px4_msgs/px4_msgs/msg/detail/gimbal_manager_status__struct.h\n'}
[1.121489] (px4_msgs) StdoutLine: {'line': b'-- Up-to-date: /home/harsh/ros2_project/install/px4_msgs/include/px4_msgs/px4_msgs/msg/detail/rtl_status__functions.c\n'}
[1.121528] (px4_msgs) StdoutLine: {'line': b'-- Up-to-date: /home/harsh/ros2_project/install/px4_msgs/include/px4_msgs/px4_msgs/msg/detail/flight_phase_estimation__type_support.h\n'}
[1.121569] (px4_msgs) StdoutLine: {'line': b'-- Up-to-date: /home/harsh/ros2_project/install/px4_msgs/include/px4_msgs/px4_msgs/msg/detail/vtol_vehicle_status__type_support.h\n'}
[1.121608] (px4_msgs) StdoutLine: {'line': b'-- Up-to-date: /home/harsh/ros2_project/install/px4_msgs/include/px4_msgs/px4_msgs/msg/detail/telemetry_status__functions.h\n'}
[1.121649] (px4_msgs) StdoutLine: {'line': b'-- Up-to-date: /home/harsh/ros2_project/install/px4_msgs/include/px4_msgs/px4_msgs/msg/detail/manual_control_setpoint__description.c\n'}
[1.121688] (px4_msgs) StdoutLine: {'line': b'-- Up-to-date: /home/harsh/ros2_project/install/px4_msgs/include/px4_msgs/px4_msgs/msg/detail/action_request__type_support.h\n'}
[1.121725] (px4_msgs) StdoutLine: {'line': b'-- Up-to-date: /home/harsh/ros2_project/install/px4_msgs/include/px4_msgs/px4_msgs/msg/detail/config_overrides__description.c\n'}
[1.121768] (px4_msgs) StdoutLine: {'line': b'-- Up-to-date: /home/harsh/ros2_project/install/px4_msgs/include/px4_msgs/px4_msgs/msg/detail/figure_eight_status__functions.h\n'}
[1.121806] (px4_msgs) StdoutLine: {'line': b'-- Up-to-date: /home/harsh/ros2_project/install/px4_msgs/include/px4_msgs/px4_msgs/msg/detail/velocity_limits__functions.h\n'}
[1.121847] (px4_msgs) StdoutLine: {'line': b'-- Up-to-date: /home/harsh/ros2_project/install/px4_msgs/include/px4_msgs/px4_msgs/msg/detail/actuator_servos_trim__struct.h\n'}
[1.121887] (px4_msgs) StdoutLine: {'line': b'-- Up-to-date: /home/harsh/ros2_project/install/px4_msgs/include/px4_msgs/px4_msgs/msg/detail/sensor_gyro_fifo__functions.c\n'}
[1.121959] (px4_msgs) StdoutLine: {'line': b'-- Installing: /home/harsh/ros2_project/install/px4_msgs/include/px4_msgs/px4_msgs/msg/detail/landing_gear_wheel__type_support.c\n'}
[1.121998] (px4_msgs) StdoutLine: {'line': b'-- Up-to-date: /home/harsh/ros2_project/install/px4_msgs/include/px4_msgs/px4_msgs/msg/detail/gimbal_controls__struct.h\n'}
[1.122052] (px4_msgs) StdoutLine: {'line': b'-- Up-to-date: /home/harsh/ros2_project/install/px4_msgs/include/px4_msgs/px4_msgs/msg/detail/gps_inject_data__functions.h\n'}
[1.122093] (px4_msgs) StdoutLine: {'line': b'-- Up-to-date: /home/harsh/ros2_project/install/px4_msgs/include/px4_msgs/px4_msgs/msg/detail/position_controller_status__struct.h\n'}
[1.122129] (px4_msgs) StdoutLine: {'line': b'-- Installing: /home/harsh/ros2_project/install/px4_msgs/include/px4_msgs/px4_msgs/msg/detail/sensors_status__type_support.c\n'}
[1.122166] (px4_msgs) StdoutLine: {'line': b'-- Up-to-date: /home/harsh/ros2_project/install/px4_msgs/include/px4_msgs/px4_msgs/msg/detail/gpio_out__struct.h\n'}
[1.122203] (px4_msgs) StdoutLine: {'line': b'-- Up-to-date: /home/harsh/ros2_project/install/px4_msgs/include/px4_msgs/px4_msgs/msg/detail/config_overrides__functions.c\n'}
[1.122239] (px4_msgs) StdoutLine: {'line': b'-- Up-to-date: /home/harsh/ros2_project/install/px4_msgs/include/px4_msgs/px4_msgs/msg/detail/vehicle_imu_status__description.c\n'}
[1.122276] (px4_msgs) StdoutLine: {'line': b'-- Up-to-date: /home/harsh/ros2_project/install/px4_msgs/include/px4_msgs/px4_msgs/msg/detail/landing_target_pose__functions.c\n'}
[1.122312] (px4_msgs) StdoutLine: {'line': b'-- Up-to-date: /home/harsh/ros2_project/install/px4_msgs/include/px4_msgs/px4_msgs/msg/detail/sensor_accel_fifo__type_support.h\n'}
[1.122348] (px4_msgs) StdoutLine: {'line': b'-- Up-to-date: /home/harsh/ros2_project/install/px4_msgs/include/px4_msgs/px4_msgs/msg/detail/gimbal_manager_set_attitude__type_support.h\n'}
[1.122387] (px4_msgs) StdoutLine: {'line': b'-- Up-to-date: /home/harsh/ros2_project/install/px4_msgs/include/px4_msgs/px4_msgs/msg/detail/logger_status__functions.h\n'}
[1.122433] (px4_msgs) StdoutLine: {'line': b'-- Up-to-date: /home/harsh/ros2_project/install/px4_msgs/include/px4_msgs/px4_msgs/msg/detail/telemetry_status__struct.h\n'}
[1.122470] (px4_msgs) StdoutLine: {'line': b'-- Up-to-date: /home/harsh/ros2_project/install/px4_msgs/include/px4_msgs/px4_msgs/msg/detail/actuator_outputs__description.c\n'}
[1.122507] (px4_msgs) StdoutLine: {'line': b'-- Up-to-date: /home/harsh/ros2_project/install/px4_msgs/include/px4_msgs/px4_msgs/msg/detail/wheel_encoders__type_support.h\n'}
[1.122545] (px4_msgs) StdoutLine: {'line': b'-- Up-to-date: /home/harsh/ros2_project/install/px4_msgs/include/px4_msgs/px4_msgs/msg/detail/event__description.c\n'}
[1.122582] (px4_msgs) StdoutLine: {'line': b'-- Up-to-date: /home/harsh/ros2_project/install/px4_msgs/include/px4_msgs/px4_msgs/msg/detail/px4io_status__type_support.h\n'}
[1.122619] (px4_msgs) StdoutLine: {'line': b'-- Up-to-date: /home/harsh/ros2_project/install/px4_msgs/include/px4_msgs/px4_msgs/msg/detail/sensor_gyro__struct.h\n'}
[1.122656] (px4_msgs) StdoutLine: {'line': b'-- Up-to-date: /home/harsh/ros2_project/install/px4_msgs/include/px4_msgs/px4_msgs/msg/detail/geofence_result__struct.h\n'}
[1.122725] (px4_msgs) StdoutLine: {'line': b'-- Up-to-date: /home/harsh/ros2_project/install/px4_msgs/include/px4_msgs/px4_msgs/msg/detail/vehicle_rates_setpoint__functions.c\n'}
[1.122764] (px4_msgs) StdoutLine: {'line': b'-- Up-to-date: /home/harsh/ros2_project/install/px4_msgs/include/px4_msgs/px4_msgs/msg/detail/message_format_response__description.c\n'}
[1.122804] (px4_msgs) StdoutLine: {'line': b'-- Up-to-date: /home/harsh/ros2_project/install/px4_msgs/include/px4_msgs/px4_msgs/msg/detail/mavlink_log__description.c\n'}
[1.122841] (px4_msgs) StdoutLine: {'line': b'-- Installing: /home/harsh/ros2_project/install/px4_msgs/include/px4_msgs/px4_msgs/msg/detail/telemetry_status__type_support.c\n'}
[1.122878] (px4_msgs) StdoutLine: {'line': b'-- Up-to-date: /home/harsh/ros2_project/install/px4_msgs/include/px4_msgs/px4_msgs/msg/detail/estimator_aid_source1d__description.c\n'}
[1.122914] (px4_msgs) StdoutLine: {'line': b'-- Up-to-date: /home/harsh/ros2_project/install/px4_msgs/include/px4_msgs/px4_msgs/msg/detail/gpio_request__struct.h\n'}
[1.122952] (px4_msgs) StdoutLine: {'line': b'-- Up-to-date: /home/harsh/ros2_project/install/px4_msgs/include/px4_msgs/px4_msgs/msg/detail/mag_worker_data__functions.c\n'}
[1.122990] (px4_msgs) StdoutLine: {'line': b'-- Up-to-date: /home/harsh/ros2_project/install/px4_msgs/include/px4_msgs/px4_msgs/msg/detail/vehicle_torque_setpoint__functions.c\n'}
[1.123056] (px4_msgs) StdoutLine: {'line': b'-- Up-to-date: /home/harsh/ros2_project/install/px4_msgs/include/px4_msgs/px4_msgs/msg/detail/sensors_status__functions.h\n'}
[1.123095] (px4_msgs) StdoutLine: {'line': b'-- Up-to-date: /home/harsh/ros2_project/install/px4_msgs/include/px4_msgs/px4_msgs/msg/detail/ping__functions.h\n'}
[1.123133] (px4_msgs) StdoutLine: {'line': b'-- Up-to-date: /home/harsh/ros2_project/install/px4_msgs/include/px4_msgs/px4_msgs/msg/detail/actuator_servos_trim__functions.c\n'}
[1.123170] (px4_msgs) StdoutLine: {'line': b'-- Up-to-date: /home/harsh/ros2_project/install/px4_msgs/include/px4_msgs/px4_msgs/msg/detail/position_setpoint__functions.c\n'}
[1.123207] (px4_msgs) StdoutLine: {'line': b'-- Up-to-date: /home/harsh/ros2_project/install/px4_msgs/include/px4_msgs/px4_msgs/msg/detail/estimator_innovations__struct.h\n'}
[1.123242] (px4_msgs) StdoutLine: {'line': b'-- Up-to-date: /home/harsh/ros2_project/install/px4_msgs/include/px4_msgs/px4_msgs/msg/detail/sensor_accel__functions.h\n'}
[1.123313] (px4_msgs) StdoutLine: {'line': b'-- Up-to-date: /home/harsh/ros2_project/install/px4_msgs/include/px4_msgs/px4_msgs/msg/detail/telemetry_status__functions.c\n'}
[1.123346] (px4_msgs) StdoutLine: {'line': b'-- Up-to-date: /home/harsh/ros2_project/install/px4_msgs/include/px4_msgs/px4_msgs/msg/detail/vehicle_attitude__functions.h\n'}
[1.123382] (px4_msgs) StdoutLine: {'line': b'-- Up-to-date: /home/harsh/ros2_project/install/px4_msgs/include/px4_msgs/px4_msgs/msg/detail/mission__description.c\n'}
[1.123428] (px4_msgs) StdoutLine: {'line': b'-- Up-to-date: /home/harsh/ros2_project/install/px4_msgs/include/px4_msgs/px4_msgs/msg/detail/gimbal_device_attitude_status__description.c\n'}
[1.123466] (px4_msgs) StdoutLine: {'line': b'-- Up-to-date: /home/harsh/ros2_project/install/px4_msgs/include/px4_msgs/px4_msgs/msg/detail/mag_worker_data__type_support.h\n'}
[1.123503] (px4_msgs) StdoutLine: {'line': b'-- Up-to-date: /home/harsh/ros2_project/install/px4_msgs/include/px4_msgs/px4_msgs/msg/detail/estimator_bias__functions.h\n'}
[1.123542] (px4_msgs) StdoutLine: {'line': b'-- Installing: /home/harsh/ros2_project/install/px4_msgs/include/px4_msgs/px4_msgs/msg/detail/mission_result__type_support.c\n'}
[1.123580] (px4_msgs) StdoutLine: {'line': b'-- Up-to-date: /home/harsh/ros2_project/install/px4_msgs/include/px4_msgs/px4_msgs/msg/detail/led_control__type_support.h\n'}
[1.123618] (px4_msgs) StdoutLine: {'line': b'-- Up-to-date: /home/harsh/ros2_project/install/px4_msgs/include/px4_msgs/px4_msgs/msg/detail/telemetry_status__type_support.h\n'}
[1.123654] (px4_msgs) StdoutLine: {'line': b'-- Up-to-date: /home/harsh/ros2_project/install/px4_msgs/include/px4_msgs/px4_msgs/msg/detail/adc_report__functions.c\n'}
[1.123690] (px4_msgs) StdoutLine: {'line': b'-- Installing: /home/harsh/ros2_project/install/px4_msgs/include/px4_msgs/px4_msgs/msg/detail/airspeed_wind__type_support.c\n'}
[1.123727] (px4_msgs) StdoutLine: {'line': b'-- Up-to-date: /home/harsh/ros2_project/install/px4_msgs/include/px4_msgs/px4_msgs/msg/detail/wheel_encoders__functions.c\n'}
[1.123762] (px4_msgs) StdoutLine: {'line': b'-- Up-to-date: /home/harsh/ros2_project/install/px4_msgs/include/px4_msgs/px4_msgs/msg/detail/landing_target_pose__struct.h\n'}
[1.123797] (px4_msgs) StdoutLine: {'line': b'-- Up-to-date: /home/harsh/ros2_project/install/px4_msgs/include/px4_msgs/px4_msgs/msg/detail/estimator_bias__functions.c\n'}
[1.123833] (px4_msgs) StdoutLine: {'line': b'-- Up-to-date: /home/harsh/ros2_project/install/px4_msgs/include/px4_msgs/px4_msgs/msg/detail/home_position__type_support.h\n'}
[1.123869] (px4_msgs) StdoutLine: {'line': b'-- Up-to-date: /home/harsh/ros2_project/install/px4_msgs/include/px4_msgs/px4_msgs/msg/detail/camera_capture__struct.h\n'}
[1.123904] (px4_msgs) StdoutLine: {'line': b'-- Up-to-date: /home/harsh/ros2_project/install/px4_msgs/include/px4_msgs/px4_msgs/msg/detail/rc_parameter_map__type_support.h\n'}
[1.123944] (px4_msgs) StdoutLine: {'line': b'-- Up-to-date: /home/harsh/ros2_project/install/px4_msgs/include/px4_msgs/px4_msgs/msg/detail/rtl_time_estimate__functions.h\n'}
[1.123983] (px4_msgs) StdoutLine: {'line': b'-- Up-to-date: /home/harsh/ros2_project/install/px4_msgs/include/px4_msgs/px4_msgs/msg/detail/vehicle_command__description.c\n'}
[1.124028] (px4_msgs) StdoutLine: {'line': b'-- Installing: /home/harsh/ros2_project/install/px4_msgs/include/px4_msgs/px4_msgs/msg/detail/gimbal_device_attitude_status__type_support.c\n'}
[1.124069] (px4_msgs) StdoutLine: {'line': b'-- Up-to-date: /home/harsh/ros2_project/install/px4_msgs/include/px4_msgs/px4_msgs/msg/detail/wind__struct.h\n'}
[1.124106] (px4_msgs) StdoutLine: {'line': b'-- Up-to-date: /home/harsh/ros2_project/install/px4_msgs/include/px4_msgs/px4_msgs/msg/detail/estimator_bias3d__description.c\n'}
[1.124144] (px4_msgs) StdoutLine: {'line': b'-- Up-to-date: /home/harsh/ros2_project/install/px4_msgs/include/px4_msgs/px4_msgs/msg/detail/gpio_request__type_support.h\n'}
[1.124182] (px4_msgs) StdoutLine: {'line': b'-- Up-to-date: /home/harsh/ros2_project/install/px4_msgs/include/px4_msgs/px4_msgs/msg/detail/actuator_armed__functions.h\n'}
[1.124219] (px4_msgs) StdoutLine: {'line': b'-- Installing: /home/harsh/ros2_project/install/px4_msgs/include/px4_msgs/px4_msgs/msg/detail/camera_capture__type_support.c\n'}
[1.124263] (px4_msgs) StdoutLine: {'line': b'-- Up-to-date: /home/harsh/ros2_project/install/px4_msgs/include/px4_msgs/px4_msgs/msg/detail/pps_capture__struct.h\n'}
[1.124329] (px4_msgs) StdoutLine: {'line': b'-- Up-to-date: /home/harsh/ros2_project/install/px4_msgs/include/px4_msgs/px4_msgs/msg/detail/estimator_aid_source3d__type_support.h\n'}
[1.124385] (px4_msgs) StdoutLine: {'line': b'-- Installing: /home/harsh/ros2_project/install/px4_msgs/include/px4_msgs/px4_msgs/msg/detail/estimator_selector_status__type_support.c\n'}
[1.124440] (px4_msgs) StdoutLine: {'line': b'-- Up-to-date: /home/harsh/ros2_project/install/px4_msgs/include/px4_msgs/px4_msgs/msg/detail/wind__functions.h\n'}
[1.124495] (px4_msgs) StdoutLine: {'line': b'-- Up-to-date: /home/harsh/ros2_project/install/px4_msgs/include/px4_msgs/px4_msgs/msg/detail/irlock_report__type_support.h\n'}
[1.124544] (px4_msgs) StdoutLine: {'line': b'-- Up-to-date: /home/harsh/ros2_project/install/px4_msgs/include/px4_msgs/px4_msgs/msg/detail/sensor_correction__type_support.h\n'}
[1.124593] (px4_msgs) StdoutLine: {'line': b'-- Installing: /home/harsh/ros2_project/install/px4_msgs/include/px4_msgs/px4_msgs/msg/detail/vehicle_roi__type_support.c\n'}
[1.124641] (px4_msgs) StdoutLine: {'line': b'-- Up-to-date: /home/harsh/ros2_project/install/px4_msgs/include/px4_msgs/px4_msgs/msg/detail/actuator_servos__functions.c\n'}
[1.124783] (px4_msgs) StdoutLine: {'line': b'-- Up-to-date: /home/harsh/ros2_project/install/px4_msgs/include/px4_msgs/px4_msgs/msg/detail/takeoff_status__description.c\n'}
[1.124834] (px4_msgs) StdoutLine: {'line': b'-- Up-to-date: /home/harsh/ros2_project/install/px4_msgs/include/px4_msgs/px4_msgs/msg/detail/airspeed_validated__functions.h\n'}
[1.124878] (px4_msgs) StdoutLine: {'line': b'-- Up-to-date: /home/harsh/ros2_project/install/px4_msgs/include/px4_msgs/px4_msgs/msg/detail/buffer128__type_support.h\n'}
[1.124919] (px4_msgs) StdoutLine: {'line': b'-- Installing: /home/harsh/ros2_project/install/px4_msgs/include/px4_msgs/px4_msgs/msg/detail/follow_target__type_support.c\n'}
[1.124959] (px4_msgs) StdoutLine: {'line': b'-- Installing: /home/harsh/ros2_project/install/px4_msgs/include/px4_msgs/px4_msgs/msg/detail/vehicle_trajectory_waypoint__type_support.c\n'}
[1.124999] (px4_msgs) StdoutLine: {'line': b'-- Up-to-date: /home/harsh/ros2_project/install/px4_msgs/include/px4_msgs/px4_msgs/msg/detail/sensor_mag__description.c\n'}
[1.125048] (px4_msgs) StdoutLine: {'line': b'-- Up-to-date: /home/harsh/ros2_project/install/px4_msgs/include/px4_msgs/px4_msgs/msg/detail/led_control__functions.h\n'}
[1.125109] (px4_msgs) StdoutLine: {'line': b'-- Up-to-date: /home/harsh/ros2_project/install/px4_msgs/include/px4_msgs/px4_msgs/msg/detail/geofence_status__struct.h\n'}
[1.125148] (px4_msgs) StdoutLine: {'line': b'-- Installing: /home/harsh/ros2_project/install/px4_msgs/include/px4_msgs/px4_msgs/msg/detail/yaw_estimator_status__type_support.c\n'}
[1.125188] (px4_msgs) StdoutLine: {'line': b'-- Up-to-date: /home/harsh/ros2_project/install/px4_msgs/include/px4_msgs/px4_msgs/msg/detail/vehicle_thrust_setpoint__functions.c\n'}
[1.125229] (px4_msgs) StdoutLine: {'line': b'-- Up-to-date: /home/harsh/ros2_project/install/px4_msgs/include/px4_msgs/px4_msgs/msg/detail/health_report__type_support.h\n'}
[1.125270] (px4_msgs) StdoutLine: {'line': b'-- Installing: /home/harsh/ros2_project/install/px4_msgs/include/px4_msgs/px4_msgs/msg/detail/camera_trigger__type_support.c\n'}
[1.125310] (px4_msgs) StdoutLine: {'line': b'-- Installing: /home/harsh/ros2_project/install/px4_msgs/include/px4_msgs/px4_msgs/msg/detail/ulog_stream__type_support.c\n'}
[1.125351] (px4_msgs) StdoutLine: {'line': b'-- Up-to-date: /home/harsh/ros2_project/install/px4_msgs/include/px4_msgs/px4_msgs/msg/detail/input_rc__description.c\n'}
[1.125394] (px4_msgs) StdoutLine: {'line': b'-- Up-to-date: /home/harsh/ros2_project/install/px4_msgs/include/px4_msgs/px4_msgs/msg/detail/sensor_mag__type_support.h\n'}
[1.125436] (px4_msgs) StdoutLine: {'line': b'-- Up-to-date: /home/harsh/ros2_project/install/px4_msgs/include/px4_msgs/px4_msgs/msg/detail/qshell_req__functions.c\n'}
[1.125476] (px4_msgs) StdoutLine: {'line': b'-- Up-to-date: /home/harsh/ros2_project/install/px4_msgs/include/px4_msgs/px4_msgs/msg/detail/irlock_report__functions.c\n'}
[1.125543] (px4_msgs) StdoutLine: {'line': b'-- Up-to-date: /home/harsh/ros2_project/install/px4_msgs/include/px4_msgs/px4_msgs/msg/detail/vehicle_constraints__description.c\n'}
[1.125583] (px4_msgs) StdoutLine: {'line': b'-- Up-to-date: /home/harsh/ros2_project/install/px4_msgs/include/px4_msgs/px4_msgs/msg/detail/vehicle_command_ack__description.c\n'}
[1.125621] (px4_msgs) StdoutLine: {'line': b'-- Up-to-date: /home/harsh/ros2_project/install/px4_msgs/include/px4_msgs/px4_msgs/msg/detail/obstacle_distance__functions.c\n'}
[1.125658] (px4_msgs) StdoutLine: {'line': b'-- Up-to-date: /home/harsh/ros2_project/install/px4_msgs/include/px4_msgs/px4_msgs/msg/detail/mavlink_log__functions.h\n'}
[1.125695] (px4_msgs) StdoutLine: {'line': b'-- Installing: /home/harsh/ros2_project/install/px4_msgs/include/px4_msgs/px4_msgs/msg/detail/pps_capture__type_support.c\n'}
[1.125731] (px4_msgs) StdoutLine: {'line': b'-- Up-to-date: /home/harsh/ros2_project/install/px4_msgs/include/px4_msgs/px4_msgs/msg/detail/autotune_attitude_control_status__struct.h\n'}
[1.125769] (px4_msgs) StdoutLine: {'line': b'-- Up-to-date: /home/harsh/ros2_project/install/px4_msgs/include/px4_msgs/px4_msgs/msg/detail/trajectory_bezier__struct.h\n'}
[1.125806] (px4_msgs) StdoutLine: {'line': b'-- Up-to-date: /home/harsh/ros2_project/install/px4_msgs/include/px4_msgs/px4_msgs/msg/detail/sensor_hygrometer__functions.c\n'}
[1.125843] (px4_msgs) StdoutLine: {'line': b'-- Up-to-date: /home/harsh/ros2_project/install/px4_msgs/include/px4_msgs/px4_msgs/msg/detail/power_monitor__struct.h\n'}
[1.125880] (px4_msgs) StdoutLine: {'line': b'-- Up-to-date: /home/harsh/ros2_project/install/px4_msgs/include/px4_msgs/px4_msgs/msg/detail/ulog_stream_ack__description.c\n'}
[1.125916] (px4_msgs) StdoutLine: {'line': b'-- Up-to-date: /home/harsh/ros2_project/install/px4_msgs/include/px4_msgs/px4_msgs/msg/detail/vehicle_attitude__type_support.h\n'}
[1.125952] (px4_msgs) StdoutLine: {'line': b'-- Up-to-date: /home/harsh/ros2_project/install/px4_msgs/include/px4_msgs/px4_msgs/msg/detail/airspeed_wind__description.c\n'}
[1.125987] (px4_msgs) StdoutLine: {'line': b'-- Up-to-date: /home/harsh/ros2_project/install/px4_msgs/include/px4_msgs/px4_msgs/msg/detail/buffer128__description.c\n'}
[1.126033] (px4_msgs) StdoutLine: {'line': b'-- Installing: /home/harsh/ros2_project/install/px4_msgs/include/px4_msgs/px4_msgs/msg/detail/follow_target_estimator__type_support.c\n'}
[1.126071] (px4_msgs) StdoutLine: {'line': b'-- Up-to-date: /home/harsh/ros2_project/install/px4_msgs/include/px4_msgs/px4_msgs/msg/detail/orbit_status__functions.c\n'}
[1.126105] (px4_msgs) StdoutLine: {'line': b'-- Installing: /home/harsh/ros2_project/install/px4_msgs/include/px4_msgs/px4_msgs/msg/detail/sensor_selection__type_support.c\n'}
[1.126142] (px4_msgs) StdoutLine: {'line': b'-- Up-to-date: /home/harsh/ros2_project/install/px4_msgs/include/px4_msgs/px4_msgs/msg/detail/camera_trigger__type_support.h\n'}
[1.126175] (px4_msgs) StdoutLine: {'line': b'-- Up-to-date: /home/harsh/ros2_project/install/px4_msgs/include/px4_msgs/px4_msgs/msg/detail/geofence_status__description.c\n'}
[1.126209] (px4_msgs) StdoutLine: {'line': b'-- Up-to-date: /home/harsh/ros2_project/install/px4_msgs/include/px4_msgs/px4_msgs/msg/detail/system_power__struct.h\n'}
[1.126243] (px4_msgs) StdoutLine: {'line': b'-- Up-to-date: /home/harsh/ros2_project/install/px4_msgs/include/px4_msgs/px4_msgs/msg/detail/trajectory_waypoint__functions.c\n'}
[1.126278] (px4_msgs) StdoutLine: {'line': b'-- Up-to-date: /home/harsh/ros2_project/install/px4_msgs/include/px4_msgs/px4_msgs/msg/detail/gimbal_controls__functions.c\n'}
[1.126366] (px4_msgs) StdoutLine: {'line': b'-- Up-to-date: /home/harsh/ros2_project/install/px4_msgs/include/px4_msgs/px4_msgs/msg/detail/goto_setpoint__functions.h\n'}
[1.126416] (px4_msgs) StdoutLine: {'line': b'-- Up-to-date: /home/harsh/ros2_project/install/px4_msgs/include/px4_msgs/px4_msgs/msg/detail/esc_report__struct.h\n'}
[1.126462] (px4_msgs) StdoutLine: {'line': b'-- Up-to-date: /home/harsh/ros2_project/install/px4_msgs/include/px4_msgs/px4_msgs/msg/detail/failure_detector_status__functions.h\n'}
[1.126531] (px4_msgs) StdoutLine: {'line': b'-- Up-to-date: /home/harsh/ros2_project/install/px4_msgs/include/px4_msgs/px4_msgs/msg/detail/rtl_time_estimate__description.c\n'}
[1.126573] (px4_msgs) StdoutLine: {'line': b'-- Installing: /home/harsh/ros2_project/install/px4_msgs/include/px4_msgs/px4_msgs/msg/detail/sensor_gyro_fft__type_support.c\n'}
[1.126616] (px4_msgs) StdoutLine: {'line': b'-- Installing: /home/harsh/ros2_project/install/px4_msgs/include/px4_msgs/px4_msgs/msg/detail/vehicle_global_position__type_support.c\n'}
[1.126657] (px4_msgs) StdoutLine: {'line': b'-- Up-to-date: /home/harsh/ros2_project/install/px4_msgs/include/px4_msgs/px4_msgs/msg/detail/mavlink_tunnel__functions.c\n'}
[1.126734] (px4_msgs) StdoutLine: {'line': b'-- Up-to-date: /home/harsh/ros2_project/install/px4_msgs/include/px4_msgs/px4_msgs/msg/detail/task_stack_info__functions.h\n'}
[1.126781] (px4_msgs) StdoutLine: {'line': b'-- Up-to-date: /home/harsh/ros2_project/install/px4_msgs/include/px4_msgs/px4_msgs/msg/detail/parameter_update__type_support.h\n'}
[1.126825] (px4_msgs) StdoutLine: {'line': b'-- Up-to-date: /home/harsh/ros2_project/install/px4_msgs/include/px4_msgs/px4_msgs/msg/detail/message_format_response__functions.c\n'}
[1.126867] (px4_msgs) StdoutLine: {'line': b'-- Up-to-date: /home/harsh/ros2_project/install/px4_msgs/include/px4_msgs/px4_msgs/msg/detail/qshell_req__type_support.h\n'}
[1.126913] (px4_msgs) StdoutLine: {'line': b'-- Up-to-date: /home/harsh/ros2_project/install/px4_msgs/include/px4_msgs/px4_msgs/msg/detail/estimator_bias__struct.h\n'}
[1.126959] (px4_msgs) StdoutLine: {'line': b'-- Up-to-date: /home/harsh/ros2_project/install/px4_msgs/include/px4_msgs/px4_msgs/msg/detail/vehicle_air_data__description.c\n'}
[1.127003] (px4_msgs) StdoutLine: {'line': b'-- Installing: /home/harsh/ros2_project/install/px4_msgs/include/px4_msgs/px4_msgs/msg/detail/power_button_state__type_support.c\n'}
[1.127188] (px4_msgs) StdoutLine: {'line': b'-- Installing: /home/harsh/ros2_project/install/px4_msgs/include/px4_msgs/px4_msgs/msg/detail/parameter_update__type_support.c\n'}
[1.127242] (px4_msgs) StdoutLine: {'line': b'-- Up-to-date: /home/harsh/ros2_project/install/px4_msgs/include/px4_msgs/px4_msgs/msg/detail/actuator_outputs__struct.h\n'}
[1.127289] (px4_msgs) StdoutLine: {'line': b'-- Up-to-date: /home/harsh/ros2_project/install/px4_msgs/include/px4_msgs/px4_msgs/msg/detail/sensor_gyro_fifo__type_support.h\n'}
[1.127336] (px4_msgs) StdoutLine: {'line': b'-- Up-to-date: /home/harsh/ros2_project/install/px4_msgs/include/px4_msgs/px4_msgs/msg/detail/uavcan_parameter_request__struct.h\n'}
[1.127383] (px4_msgs) StdoutLine: {'line': b'-- Up-to-date: /home/harsh/ros2_project/install/px4_msgs/include/px4_msgs/px4_msgs/msg/detail/normalized_unsigned_setpoint__type_support.h\n'}
[1.127429] (px4_msgs) StdoutLine: {'line': b'-- Up-to-date: /home/harsh/ros2_project/install/px4_msgs/include/px4_msgs/px4_msgs/msg/detail/esc_status__functions.h\n'}
[1.127477] (px4_msgs) StdoutLine: {'line': b'-- Up-to-date: /home/harsh/ros2_project/install/px4_msgs/include/px4_msgs/px4_msgs/msg/detail/trajectory_setpoint__functions.h\n'}
[1.127523] (px4_msgs) StdoutLine: {'line': b'-- Installing: /home/harsh/ros2_project/install/px4_msgs/include/px4_msgs/px4_msgs/msg/detail/estimator_event_flags__type_support.c\n'}
[1.127569] (px4_msgs) StdoutLine: {'line': b'-- Up-to-date: /home/harsh/ros2_project/install/px4_msgs/include/px4_msgs/px4_msgs/msg/detail/parameter_reset_request__type_support.h\n'}
[1.127614] (px4_msgs) StdoutLine: {'line': b'-- Up-to-date: /home/harsh/ros2_project/install/px4_msgs/include/px4_msgs/px4_msgs/msg/detail/estimator_event_flags__functions.c\n'}
[1.127758] (px4_msgs) StdoutLine: {'line': b'-- Up-to-date: /home/harsh/ros2_project/install/px4_msgs/include/px4_msgs/px4_msgs/msg/detail/rtl_status__struct.h\n'}
[1.127809] (px4_msgs) StdoutLine: {'line': b'-- Up-to-date: /home/harsh/ros2_project/install/px4_msgs/include/px4_msgs/px4_msgs/msg/detail/position_setpoint_triplet__type_support.h\n'}
[1.127893] (px4_msgs) StdoutLine: {'line': b'-- Up-to-date: /home/harsh/ros2_project/install/px4_msgs/include/px4_msgs/px4_msgs/msg/detail/register_ext_component_request__struct.h\n'}
[1.127947] (px4_msgs) StdoutLine: {'line': b'-- Up-to-date: /home/harsh/ros2_project/install/px4_msgs/include/px4_msgs/px4_msgs/msg/detail/generator_status__type_support.h\n'}
[1.128066] (px4_msgs) StdoutLine: {'line': b'-- Installing: /home/harsh/ros2_project/install/px4_msgs/include/px4_msgs/px4_msgs/msg/detail/estimator_aid_source1d__type_support.c\n'}
[1.128290] (px4_msgs) StdoutLine: {'line': b'-- Up-to-date: /home/harsh/ros2_project/install/px4_msgs/include/px4_msgs/px4_msgs/msg/detail/position_setpoint_triplet__description.c\n'}
[1.128377] (px4_msgs) StdoutLine: {'line': b'-- Up-to-date: /home/harsh/ros2_project/install/px4_msgs/include/px4_msgs/px4_msgs/msg/detail/sensor_gps__functions.h\n'}
[1.128440] (px4_msgs) StdoutLine: {'line': b'-- Up-to-date: /home/harsh/ros2_project/install/px4_msgs/include/px4_msgs/px4_msgs/msg/detail/follow_target_status__functions.h\n'}
[1.128500] (px4_msgs) StdoutLine: {'line': b'-- Installing: /home/harsh/ros2_project/install/px4_msgs/include/px4_msgs/px4_msgs/msg/detail/offboard_control_mode__type_support.c\n'}
[1.128669] (px4_msgs) StdoutLine: {'line': b'-- Up-to-date: /home/harsh/ros2_project/install/px4_msgs/include/px4_msgs/px4_msgs/msg/detail/estimator_status_flags__struct.h\n'}
[1.128734] (px4_msgs) StdoutLine: {'line': b'-- Installing: /home/harsh/ros2_project/install/px4_msgs/include/px4_msgs/px4_msgs/msg/detail/gpio_in__type_support.c\n'}
[1.128798] (px4_msgs) StdoutLine: {'line': b'-- Up-to-date: /home/harsh/ros2_project/install/px4_msgs/include/px4_msgs/px4_msgs/msg/detail/vehicle_imu_status__struct.h\n'}
[1.128864] (px4_msgs) StdoutLine: {'line': b'-- Installing: /home/harsh/ros2_project/install/px4_msgs/include/px4_msgs/px4_msgs/msg/detail/event__type_support.c\n'}
[1.128952] (px4_msgs) StdoutLine: {'line': b'-- Up-to-date: /home/harsh/ros2_project/install/px4_msgs/include/px4_msgs/px4_msgs/msg/detail/landing_gear__description.c\n'}
[1.129033] (px4_msgs) StdoutLine: {'line': b'-- Up-to-date: /home/harsh/ros2_project/install/px4_msgs/include/px4_msgs/px4_msgs/msg/detail/internal_combustion_engine_status__functions.c\n'}
[1.129110] (px4_msgs) StdoutLine: {'line': b'-- Up-to-date: /home/harsh/ros2_project/install/px4_msgs/include/px4_msgs/px4_msgs/msg/detail/sensor_hygrometer__functions.h\n'}
[1.129181] (px4_msgs) StdoutLine: {'line': b'-- Installing: /home/harsh/ros2_project/install/px4_msgs/include/px4_msgs/px4_msgs/msg/detail/vehicle_land_detected__type_support.c\n'}
[1.129261] (px4_msgs) StdoutLine: {'line': b'-- Up-to-date: /home/harsh/ros2_project/install/px4_msgs/include/px4_msgs/px4_msgs/msg/detail/uavcan_parameter_value__functions.h\n'}
[1.129341] (px4_msgs) StdoutLine: {'line': b'-- Up-to-date: /home/harsh/ros2_project/install/px4_msgs/include/px4_msgs/px4_msgs/msg/detail/internal_combustion_engine_status__struct.h\n'}
[1.129420] (px4_msgs) StdoutLine: {'line': b'-- Up-to-date: /home/harsh/ros2_project/install/px4_msgs/include/px4_msgs/px4_msgs/msg/detail/vehicle_local_position__functions.h\n'}
[1.129506] (px4_msgs) StdoutLine: {'line': b'-- Up-to-date: /home/harsh/ros2_project/install/px4_msgs/include/px4_msgs/px4_msgs/msg/detail/task_stack_info__description.c\n'}
[1.129595] (px4_msgs) StdoutLine: {'line': b'-- Up-to-date: /home/harsh/ros2_project/install/px4_msgs/include/px4_msgs/px4_msgs/msg/detail/buffer128__struct.h\n'}
[1.129685] (px4_msgs) StdoutLine: {'line': b'-- Up-to-date: /home/harsh/ros2_project/install/px4_msgs/include/px4_msgs/px4_msgs/msg/detail/task_stack_info__struct.h\n'}
[1.129768] (px4_msgs) StdoutLine: {'line': b'-- Up-to-date: /home/harsh/ros2_project/install/px4_msgs/include/px4_msgs/px4_msgs/msg/detail/rtl_status__type_support.h\n'}
[1.129854] (px4_msgs) StdoutLine: {'line': b'-- Up-to-date: /home/harsh/ros2_project/install/px4_msgs/include/px4_msgs/px4_msgs/msg/detail/estimator_states__type_support.h\n'}
[1.130023] (px4_msgs) StdoutLine: {'line': b'-- Up-to-date: /home/harsh/ros2_project/install/px4_msgs/include/px4_msgs/px4_msgs/msg/detail/gimbal_manager_status__type_support.h\n'}
[1.130201] (px4_msgs) StdoutLine: {'line': b'-- Up-to-date: /home/harsh/ros2_project/install/px4_msgs/include/px4_msgs/px4_msgs/msg/detail/pwm_input__struct.h\n'}
[1.130292] (px4_msgs) StdoutLine: {'line': b'-- Up-to-date: /home/harsh/ros2_project/install/px4_msgs/include/px4_msgs/px4_msgs/msg/detail/vehicle_optical_flow__description.c\n'}
[1.130379] (px4_msgs) StdoutLine: {'line': b'-- Up-to-date: /home/harsh/ros2_project/install/px4_msgs/include/px4_msgs/px4_msgs/msg/detail/estimator_aid_source3d__functions.c\n'}
[1.130474] (px4_msgs) StdoutLine: {'line': b'-- Up-to-date: /home/harsh/ros2_project/install/px4_msgs/include/px4_msgs/px4_msgs/msg/detail/vehicle_control_mode__functions.c\n'}
[1.130566] (px4_msgs) StdoutLine: {'line': b'-- Installing: /home/harsh/ros2_project/install/px4_msgs/include/px4_msgs/px4_msgs/msg/detail/sensor_combined__type_support.c\n'}
[1.130654] (px4_msgs) StdoutLine: {'line': b'-- Up-to-date: /home/harsh/ros2_project/install/px4_msgs/include/px4_msgs/px4_msgs/msg/detail/gimbal_manager_set_attitude__functions.h\n'}
[1.130744] (px4_msgs) StdoutLine: {'line': b'-- Up-to-date: /home/harsh/ros2_project/install/px4_msgs/include/px4_msgs/px4_msgs/msg/detail/mode_completed__functions.h\n'}
[1.130832] (px4_msgs) StdoutLine: {'line': b'-- Installing: /home/harsh/ros2_project/install/px4_msgs/include/px4_msgs/px4_msgs/msg/detail/failsafe_flags__type_support.c\n'}
[1.130923] (px4_msgs) StdoutLine: {'line': b'-- Installing: /home/harsh/ros2_project/install/px4_msgs/include/px4_msgs/px4_msgs/msg/detail/camera_status__type_support.c\n'}
[1.131023] (px4_msgs) StdoutLine: {'line': b'-- Up-to-date: /home/harsh/ros2_project/install/px4_msgs/include/px4_msgs/px4_msgs/msg/detail/ping__type_support.h\n'}
[1.131227] (px4_msgs) StdoutLine: {'line': b'-- Up-to-date: /home/harsh/ros2_project/install/px4_msgs/include/px4_msgs/px4_msgs/msg/detail/register_ext_component_reply__functions.h\n'}
[1.131340] (px4_msgs) StdoutLine: {'line': b'-- Up-to-date: /home/harsh/ros2_project/install/px4_msgs/include/px4_msgs/px4_msgs/msg/detail/sensor_selection__functions.h\n'}
[1.131440] (px4_msgs) StdoutLine: {'line': b'-- Up-to-date: /home/harsh/ros2_project/install/px4_msgs/include/px4_msgs/px4_msgs/msg/detail/differential_drive_setpoint__functions.c\n'}
[1.131547] (px4_msgs) StdoutLine: {'line': b'-- Installing: /home/harsh/ros2_project/install/px4_msgs/include/px4_msgs/px4_msgs/msg/detail/actuator_controls_status__type_support.c\n'}
[1.131652] (px4_msgs) StdoutLine: {'line': b'-- Up-to-date: /home/harsh/ros2_project/install/px4_msgs/include/px4_msgs/px4_msgs/msg/detail/onboard_computer_status__type_support.h\n'}
[1.131751] (px4_msgs) StdoutLine: {'line': b'-- Installing: /home/harsh/ros2_project/install/px4_msgs/include/px4_msgs/px4_msgs/msg/detail/vehicle_local_position_setpoint__type_support.c\n'}
[1.131850] (px4_msgs) StdoutLine: {'line': b'-- Up-to-date: /home/harsh/ros2_project/install/px4_msgs/include/px4_msgs/px4_msgs/msg/detail/hover_thrust_estimate__struct.h\n'}
[1.131977] (px4_msgs) StdoutLine: {'line': b'-- Installing: /home/harsh/ros2_project/install/px4_msgs/include/px4_msgs/px4_msgs/msg/detail/tecs_status__type_support.c\n'}
[1.132187] (px4_msgs) StdoutLine: {'line': b'-- Up-to-date: /home/harsh/ros2_project/install/px4_msgs/include/px4_msgs/px4_msgs/msg/detail/sensor_gnss_relative__description.c\n'}
[1.132307] (px4_msgs) StdoutLine: {'line': b'-- Up-to-date: /home/harsh/ros2_project/install/px4_msgs/include/px4_msgs/px4_msgs/msg/detail/sensor_optical_flow__description.c\n'}
[1.132407] (px4_msgs) StdoutLine: {'line': b'-- Up-to-date: /home/harsh/ros2_project/install/px4_msgs/include/px4_msgs/px4_msgs/msg/detail/vehicle_angular_acceleration_setpoint__description.c\n'}
[1.132515] (px4_msgs) StdoutLine: {'line': b'-- Up-to-date: /home/harsh/ros2_project/install/px4_msgs/include/px4_msgs/px4_msgs/msg/detail/vehicle_acceleration__functions.h\n'}
[1.132653] (px4_msgs) StdoutLine: {'line': b'-- Up-to-date: /home/harsh/ros2_project/install/px4_msgs/include/px4_msgs/px4_msgs/msg/detail/orbit_status__type_support.h\n'}
[1.132756] (px4_msgs) StdoutLine: {'line': b'-- Up-to-date: /home/harsh/ros2_project/install/px4_msgs/include/px4_msgs/px4_msgs/msg/detail/mission__type_support.h\n'}
[1.132863] (px4_msgs) StdoutLine: {'line': b'-- Up-to-date: /home/harsh/ros2_project/install/px4_msgs/include/px4_msgs/px4_msgs/msg/detail/px4io_status__functions.c\n'}
[1.132962] (px4_msgs) StdoutLine: {'line': b'-- Up-to-date: /home/harsh/ros2_project/install/px4_msgs/include/px4_msgs/px4_msgs/msg/detail/airspeed_validated__description.c\n'}
[1.133076] (px4_msgs) StdoutLine: {'line': b'-- Up-to-date: /home/harsh/ros2_project/install/px4_msgs/include/px4_msgs/px4_msgs/msg/detail/takeoff_status__functions.c\n'}
[1.133181] (px4_msgs) StdoutLine: {'line': b'-- Up-to-date: /home/harsh/ros2_project/install/px4_msgs/include/px4_msgs/px4_msgs/msg/detail/gimbal_device_information__type_support.h\n'}
[1.133283] (px4_msgs) StdoutLine: {'line': b'-- Up-to-date: /home/harsh/ros2_project/install/px4_msgs/include/px4_msgs/px4_msgs/msg/detail/actuator_servos__type_support.h\n'}
[1.133389] (px4_msgs) StdoutLine: {'line': b'-- Up-to-date: /home/harsh/ros2_project/install/px4_msgs/include/px4_msgs/px4_msgs/msg/detail/parameter_set_value_request__type_support.h\n'}
[1.133500] (px4_msgs) StdoutLine: {'line': b'-- Installing: /home/harsh/ros2_project/install/px4_msgs/include/px4_msgs/px4_msgs/msg/detail/velocity_limits__type_support.c\n'}
[1.133608] (px4_msgs) StdoutLine: {'line': b'-- Up-to-date: /home/harsh/ros2_project/install/px4_msgs/include/px4_msgs/px4_msgs/msg/detail/orb_test_medium__struct.h\n'}
[1.133717] (px4_msgs) StdoutLine: {'line': b'-- Up-to-date: /home/harsh/ros2_project/install/px4_msgs/include/px4_msgs/px4_msgs/msg/detail/cellular_status__struct.h\n'}
[1.133821] (px4_msgs) StdoutLine: {'line': b'-- Up-to-date: /home/harsh/ros2_project/install/px4_msgs/include/px4_msgs/px4_msgs/msg/detail/camera_trigger__description.c\n'}
[1.133927] (px4_msgs) StdoutLine: {'line': b'-- Up-to-date: /home/harsh/ros2_project/install/px4_msgs/include/px4_msgs/px4_msgs/msg/detail/vehicle_torque_setpoint__struct.h\n'}
[1.134121] (px4_msgs) StdoutLine: {'line': b'-- Up-to-date: /home/harsh/ros2_project/install/px4_msgs/include/px4_msgs/px4_msgs/msg/detail/position_controller_status__functions.c\n'}
[1.134346] (px4_msgs) StdoutLine: {'line': b'-- Installing: /home/harsh/ros2_project/install/px4_msgs/include/px4_msgs/px4_msgs/msg/detail/vehicle_angular_velocity__type_support.c\n'}
[1.134463] (px4_msgs) StdoutLine: {'line': b'-- Installing: /home/harsh/ros2_project/install/px4_msgs/include/px4_msgs/px4_msgs/msg/detail/debug_key_value__type_support.c\n'}
[1.134571] (px4_msgs) StdoutLine: {'line': b'-- Up-to-date: /home/harsh/ros2_project/install/px4_msgs/include/px4_msgs/px4_msgs/msg/detail/collision_constraints__functions.h\n'}
[1.134679] (px4_msgs) StdoutLine: {'line': b'-- Up-to-date: /home/harsh/ros2_project/install/px4_msgs/include/px4_msgs/px4_msgs/msg/detail/mavlink_log__functions.c\n'}
[1.134789] (px4_msgs) StdoutLine: {'line': b'-- Up-to-date: /home/harsh/ros2_project/install/px4_msgs/include/px4_msgs/px4_msgs/msg/detail/parameter_set_value_request__struct.h\n'}
[1.134905] (px4_msgs) StdoutLine: {'line': b'-- Up-to-date: /home/harsh/ros2_project/install/px4_msgs/include/px4_msgs/px4_msgs/msg/detail/vehicle_torque_setpoint__type_support.h\n'}
[1.135206] (px4_msgs) StdoutLine: {'line': b'-- Up-to-date: /home/harsh/ros2_project/install/px4_msgs/include/px4_msgs/px4_msgs/msg/detail/sensor_gyro_fft__functions.h\n'}
[1.135383] (px4_msgs) StdoutLine: {'line': b'-- Up-to-date: /home/harsh/ros2_project/install/px4_msgs/include/px4_msgs/px4_msgs/msg/detail/actuator_test__functions.c\n'}
[1.135507] (px4_msgs) StdoutLine: {'line': b'-- Up-to-date: /home/harsh/ros2_project/install/px4_msgs/include/px4_msgs/px4_msgs/msg/detail/gpio_config__functions.h\n'}
[1.135645] (px4_msgs) StdoutLine: {'line': b'-- Up-to-date: /home/harsh/ros2_project/install/px4_msgs/include/px4_msgs/px4_msgs/msg/detail/airspeed__struct.h\n'}
[1.135761] (px4_msgs) StdoutLine: {'line': b'-- Up-to-date: /home/harsh/ros2_project/install/px4_msgs/include/px4_msgs/px4_msgs/msg/detail/logger_status__type_support.h\n'}
[1.135873] (px4_msgs) StdoutLine: {'line': b'-- Up-to-date: /home/harsh/ros2_project/install/px4_msgs/include/px4_msgs/px4_msgs/msg/detail/uavcan_parameter_value__functions.c\n'}
[1.135992] (px4_msgs) StdoutLine: {'line': b'-- Up-to-date: /home/harsh/ros2_project/install/px4_msgs/include/px4_msgs/px4_msgs/msg/detail/actuator_test__description.c\n'}
[1.136134] (px4_msgs) StdoutLine: {'line': b'-- Up-to-date: /home/harsh/ros2_project/install/px4_msgs/include/px4_msgs/px4_msgs/msg/detail/gimbal_controls__type_support.h\n'}
[1.136245] (px4_msgs) StdoutLine: {'line': b'-- Installing: /home/harsh/ros2_project/install/px4_msgs/include/px4_msgs/px4_msgs/msg/detail/gpio_config__type_support.c\n'}
[1.136369] (px4_msgs) StdoutLine: {'line': b'-- Up-to-date: /home/harsh/ros2_project/install/px4_msgs/include/px4_msgs/px4_msgs/msg/detail/debug_value__struct.h\n'}
[1.136484] (px4_msgs) StdoutLine: {'line': b'-- Up-to-date: /home/harsh/ros2_project/install/px4_msgs/include/px4_msgs/px4_msgs/msg/detail/autotune_attitude_control_status__functions.c\n'}
[1.136628] (px4_msgs) StdoutLine: {'line': b'-- Up-to-date: /home/harsh/ros2_project/install/px4_msgs/include/px4_msgs/px4_msgs/msg/detail/camera_capture__functions.h\n'}
[1.136746] (px4_msgs) StdoutLine: {'line': b'-- Up-to-date: /home/harsh/ros2_project/install/px4_msgs/include/px4_msgs/px4_msgs/msg/detail/vehicle_local_position__functions.c\n'}
[1.136905] (px4_msgs) StdoutLine: {'line': b'-- Up-to-date: /home/harsh/ros2_project/install/px4_msgs/include/px4_msgs/px4_msgs/msg/detail/vehicle_air_data__functions.h\n'}
[1.137025] (px4_msgs) StdoutLine: {'line': b'-- Up-to-date: /home/harsh/ros2_project/install/px4_msgs/include/px4_msgs/px4_msgs/msg/detail/vehicle_global_position__functions.h\n'}
[1.137198] (px4_msgs) StdoutLine: {'line': b'-- Up-to-date: /home/harsh/ros2_project/install/px4_msgs/include/px4_msgs/px4_msgs/msg/detail/gps_inject_data__description.c\n'}
[1.137303] (px4_msgs) StdoutLine: {'line': b'-- Up-to-date: /home/harsh/ros2_project/install/px4_msgs/include/px4_msgs/px4_msgs/msg/detail/estimator_bias3d__functions.h\n'}
[1.137435] (px4_msgs) StdoutLine: {'line': b'-- Up-to-date: /home/harsh/ros2_project/install/px4_msgs/include/px4_msgs/px4_msgs/msg/detail/landing_target_pose__description.c\n'}
[1.137529] (px4_msgs) StdoutLine: {'line': b'-- Up-to-date: /home/harsh/ros2_project/install/px4_msgs/include/px4_msgs/px4_msgs/msg/detail/pwm_input__type_support.h\n'}
[1.137820] (px4_msgs) StdoutLine: {'line': b'-- Up-to-date: /home/harsh/ros2_project/install/px4_msgs/include/px4_msgs/px4_msgs/msg/detail/vehicle_global_position__type_support.h\n'}
[1.138024] (px4_msgs) StdoutLine: {'line': b'-- Installing: /home/harsh/ros2_project/install/px4_msgs/include/px4_msgs/px4_msgs/msg/detail/debug_array__type_support.c\n'}
[1.153382] (px4_msgs) StdoutLine: {'line': b'-- Up-to-date: /home/harsh/ros2_project/install/px4_msgs/include/px4_msgs/px4_msgs/msg/detail/actuator_motors__functions.c\n'}
[1.153574] (px4_msgs) StdoutLine: {'line': b'-- Up-to-date: /home/harsh/ros2_project/install/px4_msgs/include/px4_msgs/px4_msgs/msg/detail/manual_control_setpoint__functions.c\n'}
[1.153613] (px4_msgs) StdoutLine: {'line': b'-- Up-to-date: /home/harsh/ros2_project/install/px4_msgs/include/px4_msgs/px4_msgs/msg/detail/differential_drive_setpoint__type_support.h\n'}
[1.153651] (px4_msgs) StdoutLine: {'line': b'-- Up-to-date: /home/harsh/ros2_project/install/px4_msgs/include/px4_msgs/px4_msgs/msg/detail/transponder_report__functions.h\n'}
[1.153686] (px4_msgs) StdoutLine: {'line': b'-- Installing: /home/harsh/ros2_project/install/px4_msgs/include/px4_msgs/px4_msgs/msg/detail/input_rc__type_support.c\n'}
[1.153720] (px4_msgs) StdoutLine: {'line': b'-- Installing: /home/harsh/ros2_project/install/px4_msgs/include/px4_msgs/px4_msgs/msg/detail/radio_status__type_support.c\n'}
[1.153854] (px4_msgs) StdoutLine: {'line': b'-- Up-to-date: /home/harsh/ros2_project/install/px4_msgs/include/px4_msgs/px4_msgs/msg/detail/collision_constraints__type_support.h\n'}
[1.153889] (px4_msgs) StdoutLine: {'line': b'-- Up-to-date: /home/harsh/ros2_project/install/px4_msgs/include/px4_msgs/px4_msgs/msg/detail/orb_test__struct.h\n'}
[1.153922] (px4_msgs) StdoutLine: {'line': b'-- Installing: /home/harsh/ros2_project/install/px4_msgs/include/px4_msgs/px4_msgs/msg/detail/figure_eight_status__type_support.c\n'}
[1.153956] (px4_msgs) StdoutLine: {'line': b'-- Up-to-date: /home/harsh/ros2_project/install/px4_msgs/include/px4_msgs/px4_msgs/msg/detail/yaw_estimator_status__description.c\n'}
[1.153991] (px4_msgs) StdoutLine: {'line': b'-- Up-to-date: /home/harsh/ros2_project/install/px4_msgs/include/px4_msgs/px4_msgs/msg/detail/pps_capture__description.c\n'}
[1.154030] (px4_msgs) StdoutLine: {'line': b'-- Up-to-date: /home/harsh/ros2_project/install/px4_msgs/include/px4_msgs/px4_msgs/msg/detail/parameter_set_used_request__type_support.h\n'}
[1.154134] (px4_msgs) StdoutLine: {'line': b'-- Up-to-date: /home/harsh/ros2_project/install/px4_msgs/include/px4_msgs/px4_msgs/msg/detail/gimbal_device_information__functions.c\n'}
[1.154168] (px4_msgs) StdoutLine: {'line': b'-- Up-to-date: /home/harsh/ros2_project/install/px4_msgs/include/px4_msgs/px4_msgs/msg/detail/follow_target_status__struct.h\n'}
[1.154201] (px4_msgs) StdoutLine: {'line': b'-- Up-to-date: /home/harsh/ros2_project/install/px4_msgs/include/px4_msgs/px4_msgs/msg/detail/estimator_gps_status__description.c\n'}
[1.154234] (px4_msgs) StdoutLine: {'line': b'-- Up-to-date: /home/harsh/ros2_project/install/px4_msgs/include/px4_msgs/px4_msgs/msg/detail/trajectory_setpoint__type_support.h\n'}
[1.154266] (px4_msgs) StdoutLine: {'line': b'-- Up-to-date: /home/harsh/ros2_project/install/px4_msgs/include/px4_msgs/px4_msgs/msg/detail/rpm__functions.c\n'}
[1.154298] (px4_msgs) StdoutLine: {'line': b'-- Up-to-date: /home/harsh/ros2_project/install/px4_msgs/include/px4_msgs/px4_msgs/msg/detail/generator_status__functions.c\n'}
[1.154330] (px4_msgs) StdoutLine: {'line': b'-- Up-to-date: /home/harsh/ros2_project/install/px4_msgs/include/px4_msgs/px4_msgs/msg/detail/vehicle_optical_flow__functions.h\n'}
[1.154361] (px4_msgs) StdoutLine: {'line': b'-- Up-to-date: /home/harsh/ros2_project/install/px4_msgs/include/px4_msgs/px4_msgs/msg/detail/heater_status__struct.h\n'}
[1.154393] (px4_msgs) StdoutLine: {'line': b'-- Up-to-date: /home/harsh/ros2_project/install/px4_msgs/include/px4_msgs/px4_msgs/msg/detail/action_request__functions.c\n'}
[1.154426] (px4_msgs) StdoutLine: {'line': b'-- Up-to-date: /home/harsh/ros2_project/install/px4_msgs/include/px4_msgs/px4_msgs/msg/detail/geofence_status__type_support.h\n'}
[1.154459] (px4_msgs) StdoutLine: {'line': b'-- Installing: /home/harsh/ros2_project/install/px4_msgs/include/px4_msgs/px4_msgs/msg/detail/follow_target_status__type_support.c\n'}
[1.154491] (px4_msgs) StdoutLine: {'line': b'-- Up-to-date: /home/harsh/ros2_project/install/px4_msgs/include/px4_msgs/px4_msgs/msg/detail/debug_key_value__functions.c\n'}
[1.154524] (px4_msgs) StdoutLine: {'line': b'-- Installing: /home/harsh/ros2_project/install/px4_msgs/include/px4_msgs/px4_msgs/msg/detail/vehicle_air_data__type_support.c\n'}
[1.154557] (px4_msgs) StdoutLine: {'line': b'-- Installing: /home/harsh/ros2_project/install/px4_msgs/include/px4_msgs/px4_msgs/msg/detail/hover_thrust_estimate__type_support.c\n'}
[1.154663] (px4_msgs) StdoutLine: {'line': b'-- Up-to-date: /home/harsh/ros2_project/install/px4_msgs/include/px4_msgs/px4_msgs/msg/detail/cpuload__functions.c\n'}
[1.154701] (px4_msgs) StdoutLine: {'line': b'-- Up-to-date: /home/harsh/ros2_project/install/px4_msgs/include/px4_msgs/px4_msgs/msg/detail/message_format_request__struct.h\n'}
[1.154735] (px4_msgs) StdoutLine: {'line': b'-- Up-to-date: /home/harsh/ros2_project/install/px4_msgs/include/px4_msgs/px4_msgs/msg/detail/led_control__description.c\n'}
[1.154770] (px4_msgs) StdoutLine: {'line': b'-- Up-to-date: /home/harsh/ros2_project/install/px4_msgs/include/px4_msgs/px4_msgs/msg/detail/sensor_selection__functions.c\n'}
[1.154802] (px4_msgs) StdoutLine: {'line': b'-- Up-to-date: /home/harsh/ros2_project/install/px4_msgs/include/px4_msgs/px4_msgs/msg/detail/position_controller_landing_status__functions.h\n'}
[1.154834] (px4_msgs) StdoutLine: {'line': b'-- Up-to-date: /home/harsh/ros2_project/install/px4_msgs/include/px4_msgs/px4_msgs/msg/detail/event__type_support.h\n'}
[1.154867] (px4_msgs) StdoutLine: {'line': b'-- Installing: /home/harsh/ros2_project/install/px4_msgs/include/px4_msgs/px4_msgs/msg/detail/esc_report__type_support.c\n'}
[1.154908] (px4_msgs) StdoutLine: {'line': b'-- Up-to-date: /home/harsh/ros2_project/install/px4_msgs/include/px4_msgs/px4_msgs/msg/detail/position_setpoint__description.c\n'}
[1.154942] (px4_msgs) StdoutLine: {'line': b'-- Up-to-date: /home/harsh/ros2_project/install/px4_msgs/include/px4_msgs/px4_msgs/msg/detail/gimbal_device_set_attitude__functions.c\n'}
[1.154975] (px4_msgs) StdoutLine: {'line': b'-- Up-to-date: /home/harsh/ros2_project/install/px4_msgs/include/px4_msgs/px4_msgs/msg/detail/arming_check_request__description.c\n'}
[1.155018] (px4_msgs) StdoutLine: {'line': b'-- Up-to-date: /home/harsh/ros2_project/install/px4_msgs/include/px4_msgs/px4_msgs/msg/detail/sensor_gyro__type_support.h\n'}
[1.155054] (px4_msgs) StdoutLine: {'line': b'-- Up-to-date: /home/harsh/ros2_project/install/px4_msgs/include/px4_msgs/px4_msgs/msg/detail/vehicle_control_mode__functions.h\n'}
[1.155087] (px4_msgs) StdoutLine: {'line': b'-- Up-to-date: /home/harsh/ros2_project/install/px4_msgs/include/px4_msgs/px4_msgs/msg/detail/sensor_gnss_relative__struct.h\n'}
[1.155121] (px4_msgs) StdoutLine: {'line': b'-- Up-to-date: /home/harsh/ros2_project/install/px4_msgs/include/px4_msgs/px4_msgs/msg/detail/launch_detection_status__functions.h\n'}
[1.155154] (px4_msgs) StdoutLine: {'line': b'-- Up-to-date: /home/harsh/ros2_project/install/px4_msgs/include/px4_msgs/px4_msgs/msg/detail/sensor_accel__struct.h\n'}
[1.155186] (px4_msgs) StdoutLine: {'line': b'-- Up-to-date: /home/harsh/ros2_project/install/px4_msgs/include/px4_msgs/px4_msgs/msg/detail/parameter_update__functions.h\n'}
[1.155219] (px4_msgs) StdoutLine: {'line': b'-- Installing: /home/harsh/ros2_project/install/px4_msgs/include/px4_msgs/px4_msgs/msg/detail/failure_detector_status__type_support.c\n'}
[1.155251] (px4_msgs) StdoutLine: {'line': b'-- Installing: /home/harsh/ros2_project/install/px4_msgs/include/px4_msgs/px4_msgs/msg/detail/actuator_outputs__type_support.c\n'}
[1.155287] (px4_msgs) StdoutLine: {'line': b'-- Up-to-date: /home/harsh/ros2_project/install/px4_msgs/include/px4_msgs/px4_msgs/msg/detail/gpio_request__description.c\n'}
[1.155322] (px4_msgs) StdoutLine: {'line': b'-- Up-to-date: /home/harsh/ros2_project/install/px4_msgs/include/px4_msgs/px4_msgs/msg/detail/mount_orientation__type_support.h\n'}
[1.155357] (px4_msgs) StdoutLine: {'line': b'-- Up-to-date: /home/harsh/ros2_project/install/px4_msgs/include/px4_msgs/px4_msgs/msg/detail/differential_drive_setpoint__description.c\n'}
[1.155405] (px4_msgs) StdoutLine: {'line': b'-- Up-to-date: /home/harsh/ros2_project/install/px4_msgs/include/px4_msgs/px4_msgs/msg/detail/vehicle_land_detected__description.c\n'}
[1.155451] (px4_msgs) StdoutLine: {'line': b'-- Up-to-date: /home/harsh/ros2_project/install/px4_msgs/include/px4_msgs/px4_msgs/msg/detail/actuator_test__struct.h\n'}
[1.155500] (px4_msgs) StdoutLine: {'line': b'-- Up-to-date: /home/harsh/ros2_project/install/px4_msgs/include/px4_msgs/px4_msgs/msg/detail/estimator_selector_status__struct.h\n'}
[1.155544] (px4_msgs) StdoutLine: {'line': b'-- Up-to-date: /home/harsh/ros2_project/install/px4_msgs/include/px4_msgs/px4_msgs/msg/detail/debug_value__type_support.h\n'}
[1.155580] (px4_msgs) StdoutLine: {'line': b'-- Up-to-date: /home/harsh/ros2_project/install/px4_msgs/include/px4_msgs/px4_msgs/msg/detail/estimator_sensor_bias__functions.c\n'}
[1.155615] (px4_msgs) StdoutLine: {'line': b'-- Up-to-date: /home/harsh/ros2_project/install/px4_msgs/include/px4_msgs/px4_msgs/msg/detail/mission__functions.h\n'}
[1.155789] (px4_msgs) StdoutLine: {'line': b'-- Installing: /home/harsh/ros2_project/install/px4_msgs/include/px4_msgs/px4_msgs/msg/detail/actuator_test__type_support.c\n'}
[1.155827] (px4_msgs) StdoutLine: {'line': b'-- Up-to-date: /home/harsh/ros2_project/install/px4_msgs/include/px4_msgs/px4_msgs/msg/detail/sensor_correction__functions.c\n'}
[1.155863] (px4_msgs) StdoutLine: {'line': b'-- Up-to-date: /home/harsh/ros2_project/install/px4_msgs/include/px4_msgs/px4_msgs/msg/detail/onboard_computer_status__description.c\n'}
[1.155900] (px4_msgs) StdoutLine: {'line': b'-- Up-to-date: /home/harsh/ros2_project/install/px4_msgs/include/px4_msgs/px4_msgs/msg/detail/orb_test__description.c\n'}
[1.155938] (px4_msgs) StdoutLine: {'line': b'-- Up-to-date: /home/harsh/ros2_project/install/px4_msgs/include/px4_msgs/px4_msgs/msg/detail/dataman_request__description.c\n'}
[1.155974] (px4_msgs) StdoutLine: {'line': b'-- Up-to-date: /home/harsh/ros2_project/install/px4_msgs/include/px4_msgs/px4_msgs/msg/detail/velocity_limits__struct.h\n'}
[1.156009] (px4_msgs) StdoutLine: {'line': b'-- Up-to-date: /home/harsh/ros2_project/install/px4_msgs/include/px4_msgs/px4_msgs/msg/detail/estimator_status_flags__functions.h\n'}
[1.156052] (px4_msgs) StdoutLine: {'line': b'-- Up-to-date: /home/harsh/ros2_project/install/px4_msgs/include/px4_msgs/px4_msgs/msg/detail/hover_thrust_estimate__functions.c\n'}
[1.156086] (px4_msgs) StdoutLine: {'line': b'-- Installing: /home/harsh/ros2_project/install/px4_msgs/include/px4_msgs/px4_msgs/msg/detail/iridiumsbd_status__type_support.c\n'}
[1.156121] (px4_msgs) StdoutLine: {'line': b'-- Up-to-date: /home/harsh/ros2_project/install/px4_msgs/include/px4_msgs/px4_msgs/msg/detail/gimbal_manager_set_manual_control__description.c\n'}
[1.156156] (px4_msgs) StdoutLine: {'line': b'-- Up-to-date: /home/harsh/ros2_project/install/px4_msgs/include/px4_msgs/px4_msgs/msg/detail/mount_orientation__functions.c\n'}
[1.156189] (px4_msgs) StdoutLine: {'line': b'-- Up-to-date: /home/harsh/ros2_project/install/px4_msgs/include/px4_msgs/px4_msgs/msg/detail/gimbal_controls__functions.h\n'}
[1.156225] (px4_msgs) StdoutLine: {'line': b'-- Up-to-date: /home/harsh/ros2_project/install/px4_msgs/include/px4_msgs/px4_msgs/msg/detail/trajectory_waypoint__struct.h\n'}
[1.156262] (px4_msgs) StdoutLine: {'line': b'-- Up-to-date: /home/harsh/ros2_project/install/px4_msgs/include/px4_msgs/px4_msgs/msg/detail/control_allocator_status__functions.c\n'}
[1.156298] (px4_msgs) StdoutLine: {'line': b'-- Installing: /home/harsh/ros2_project/install/px4_msgs/include/px4_msgs/px4_msgs/msg/detail/normalized_unsigned_setpoint__type_support.c\n'}
[1.156335] (px4_msgs) StdoutLine: {'line': b'-- Up-to-date: /home/harsh/ros2_project/install/px4_msgs/include/px4_msgs/px4_msgs/msg/detail/orbit_status__description.c\n'}
[1.156371] (px4_msgs) StdoutLine: {'line': b'-- Up-to-date: /home/harsh/ros2_project/install/px4_msgs/include/px4_msgs/px4_msgs/msg/detail/goto_setpoint__struct.h\n'}
[1.156407] (px4_msgs) StdoutLine: {'line': b'-- Up-to-date: /home/harsh/ros2_project/install/px4_msgs/include/px4_msgs/px4_msgs/msg/detail/orb_test_medium__functions.h\n'}
[1.156442] (px4_msgs) StdoutLine: {'line': b'-- Up-to-date: /home/harsh/ros2_project/install/px4_msgs/include/px4_msgs/px4_msgs/msg/detail/message_format_request__type_support.h\n'}
[1.156478] (px4_msgs) StdoutLine: {'line': b'-- Up-to-date: /home/harsh/ros2_project/install/px4_msgs/include/px4_msgs/px4_msgs/msg/detail/event__functions.h\n'}
[1.156513] (px4_msgs) StdoutLine: {'line': b'-- Up-to-date: /home/harsh/ros2_project/install/px4_msgs/include/px4_msgs/px4_msgs/msg/detail/mount_orientation__description.c\n'}
[1.156548] (px4_msgs) StdoutLine: {'line': b'-- Up-to-date: /home/harsh/ros2_project/install/px4_msgs/include/px4_msgs/px4_msgs/msg/detail/landing_target_innovations__type_support.h\n'}
[1.156646] (px4_msgs) StdoutLine: {'line': b'-- Installing: /home/harsh/ros2_project/install/px4_msgs/include/px4_msgs/px4_msgs/msg/detail/vehicle_angular_acceleration_setpoint__type_support.c\n'}
[1.156694] (px4_msgs) StdoutLine: {'line': b'-- Up-to-date: /home/harsh/ros2_project/install/px4_msgs/include/px4_msgs/px4_msgs/msg/detail/action_request__functions.h\n'}
[1.156733] (px4_msgs) StdoutLine: {'line': b'-- Installing: /home/harsh/ros2_project/install/px4_msgs/include/px4_msgs/px4_msgs/msg/detail/qshell_req__type_support.c\n'}
[1.156771] (px4_msgs) StdoutLine: {'line': b'-- Up-to-date: /home/harsh/ros2_project/install/px4_msgs/include/px4_msgs/px4_msgs/msg/detail/sensor_correction__struct.h\n'}
[1.156807] (px4_msgs) StdoutLine: {'line': b'-- Up-to-date: /home/harsh/ros2_project/install/px4_msgs/include/px4_msgs/px4_msgs/msg/detail/magnetometer_bias_estimate__functions.c\n'}
[1.156845] (px4_msgs) StdoutLine: {'line': b'-- Up-to-date: /home/harsh/ros2_project/install/px4_msgs/include/px4_msgs/px4_msgs/msg/detail/qshell_retval__functions.h\n'}
[1.156884] (px4_msgs) StdoutLine: {'line': b'-- Installing: /home/harsh/ros2_project/install/px4_msgs/include/px4_msgs/px4_msgs/msg/detail/esc_status__type_support.c\n'}
[1.156923] (px4_msgs) StdoutLine: {'line': b'-- Up-to-date: /home/harsh/ros2_project/install/px4_msgs/include/px4_msgs/px4_msgs/msg/detail/sensor_gyro_fft__functions.c\n'}
[1.156960] (px4_msgs) StdoutLine: {'line': b'-- Up-to-date: /home/harsh/ros2_project/install/px4_msgs/include/px4_msgs/px4_msgs/msg/detail/vehicle_imu__struct.h\n'}
[1.157000] (px4_msgs) StdoutLine: {'line': b'-- Up-to-date: /home/harsh/ros2_project/install/px4_msgs/include/px4_msgs/px4_msgs/msg/detail/message_format_response__functions.h\n'}
[1.157048] (px4_msgs) StdoutLine: {'line': b'-- Up-to-date: /home/harsh/ros2_project/install/px4_msgs/include/px4_msgs/px4_msgs/msg/detail/actuator_controls_status__functions.h\n'}
[1.157089] (px4_msgs) StdoutLine: {'line': b'-- Up-to-date: /home/harsh/ros2_project/install/px4_msgs/include/px4_msgs/px4_msgs/msg/detail/vehicle_odometry__description.c\n'}
[1.157130] (px4_msgs) StdoutLine: {'line': b'-- Up-to-date: /home/harsh/ros2_project/install/px4_msgs/include/px4_msgs/px4_msgs/msg/detail/uavcan_parameter_value__struct.h\n'}
[1.157169] (px4_msgs) StdoutLine: {'line': b'-- Installing: /home/harsh/ros2_project/install/px4_msgs/include/px4_msgs/px4_msgs/msg/detail/actuator_armed__type_support.c\n'}
[1.157207] (px4_msgs) StdoutLine: {'line': b'-- Up-to-date: /home/harsh/ros2_project/install/px4_msgs/include/px4_msgs/px4_msgs/msg/detail/offboard_control_mode__struct.h\n'}
[1.157245] (px4_msgs) StdoutLine: {'line': b'-- Up-to-date: /home/harsh/ros2_project/install/px4_msgs/include/px4_msgs/px4_msgs/msg/detail/goto_setpoint__description.c\n'}
[1.157284] (px4_msgs) StdoutLine: {'line': b'-- Up-to-date: /home/harsh/ros2_project/install/px4_msgs/include/px4_msgs/px4_msgs/msg/detail/manual_control_switches__functions.h\n'}
[1.157321] (px4_msgs) StdoutLine: {'line': b'-- Installing: /home/harsh/ros2_project/install/px4_msgs/include/px4_msgs/px4_msgs/msg/detail/dataman_request__type_support.c\n'}
[1.157359] (px4_msgs) StdoutLine: {'line': b'-- Up-to-date: /home/harsh/ros2_project/install/px4_msgs/include/px4_msgs/px4_msgs/msg/detail/vehicle_imu__functions.h\n'}
[1.157397] (px4_msgs) StdoutLine: {'line': b'-- Installing: /home/harsh/ros2_project/install/px4_msgs/include/px4_msgs/px4_msgs/msg/detail/obstacle_distance__type_support.c\n'}
[1.157435] (px4_msgs) StdoutLine: {'line': b'-- Up-to-date: /home/harsh/ros2_project/install/px4_msgs/include/px4_msgs/px4_msgs/msg/detail/sensors_status_imu__description.c\n'}
[1.157473] (px4_msgs) StdoutLine: {'line': b'-- Up-to-date: /home/harsh/ros2_project/install/px4_msgs/include/px4_msgs/px4_msgs/msg/detail/mavlink_tunnel__struct.h\n'}
[1.157514] (px4_msgs) StdoutLine: {'line': b'-- Up-to-date: /home/harsh/ros2_project/install/px4_msgs/include/px4_msgs/px4_msgs/msg/detail/vehicle_odometry__struct.h\n'}
[1.157555] (px4_msgs) StdoutLine: {'line': b'-- Up-to-date: /home/harsh/ros2_project/install/px4_msgs/include/px4_msgs/px4_msgs/msg/detail/vehicle_command__type_support.h\n'}
[1.157595] (px4_msgs) StdoutLine: {'line': b'-- Up-to-date: /home/harsh/ros2_project/install/px4_msgs/include/px4_msgs/px4_msgs/msg/detail/gripper__type_support.h\n'}
[1.157700] (px4_msgs) StdoutLine: {'line': b'-- Up-to-date: /home/harsh/ros2_project/install/px4_msgs/include/px4_msgs/px4_msgs/msg/detail/flight_phase_estimation__functions.h\n'}
[1.157743] (px4_msgs) StdoutLine: {'line': b'-- Up-to-date: /home/harsh/ros2_project/install/px4_msgs/include/px4_msgs/px4_msgs/msg/detail/parameter_set_value_response__description.c\n'}
[1.157786] (px4_msgs) StdoutLine: {'line': b'-- Up-to-date: /home/harsh/ros2_project/install/px4_msgs/include/px4_msgs/px4_msgs/msg/detail/tiltrotor_extra_controls__functions.h\n'}
[1.157829] (px4_msgs) StdoutLine: {'line': b'-- Up-to-date: /home/harsh/ros2_project/install/px4_msgs/include/px4_msgs/px4_msgs/msg/detail/tune_control__functions.h\n'}
[1.157872] (px4_msgs) StdoutLine: {'line': b'-- Up-to-date: /home/harsh/ros2_project/install/px4_msgs/include/px4_msgs/px4_msgs/msg/detail/sensor_mag__functions.c\n'}
[1.157915] (px4_msgs) StdoutLine: {'line': b'-- Installing: /home/harsh/ros2_project/install/px4_msgs/include/px4_msgs/px4_msgs/msg/detail/ping__type_support.c\n'}
[1.157959] (px4_msgs) StdoutLine: {'line': b'-- Up-to-date: /home/harsh/ros2_project/install/px4_msgs/include/px4_msgs/px4_msgs/msg/detail/vehicle_attitude__functions.c\n'}
[1.158002] (px4_msgs) StdoutLine: {'line': b'-- Up-to-date: /home/harsh/ros2_project/install/px4_msgs/include/px4_msgs/px4_msgs/msg/detail/sensor_gyro_fft__type_support.h\n'}
[1.158053] (px4_msgs) StdoutLine: {'line': b'-- Up-to-date: /home/harsh/ros2_project/install/px4_msgs/include/px4_msgs/px4_msgs/msg/detail/landing_target_pose__functions.h\n'}
[1.158306] (px4_msgs) StdoutLine: {'line': b'-- Up-to-date: /home/harsh/ros2_project/install/px4_msgs/include/px4_msgs/px4_msgs/msg/detail/adc_report__description.c\n'}
[1.158356] (px4_msgs) StdoutLine: {'line': b'-- Up-to-date: /home/harsh/ros2_project/install/px4_msgs/include/px4_msgs/px4_msgs/msg/detail/gps_dump__description.c\n'}
[1.158402] (px4_msgs) StdoutLine: {'line': b'-- Up-to-date: /home/harsh/ros2_project/install/px4_msgs/include/px4_msgs/px4_msgs/msg/detail/gps_dump__functions.h\n'}
[1.158447] (px4_msgs) StdoutLine: {'line': b'-- Up-to-date: /home/harsh/ros2_project/install/px4_msgs/include/px4_msgs/px4_msgs/msg/detail/mag_worker_data__struct.h\n'}
[1.158489] (px4_msgs) StdoutLine: {'line': b'-- Up-to-date: /home/harsh/ros2_project/install/px4_msgs/include/px4_msgs/px4_msgs/msg/detail/heater_status__functions.c\n'}
[1.158532] (px4_msgs) StdoutLine: {'line': b'-- Up-to-date: /home/harsh/ros2_project/install/px4_msgs/include/px4_msgs/px4_msgs/msg/detail/iridiumsbd_status__description.c\n'}
[1.158574] (px4_msgs) StdoutLine: {'line': b'-- Up-to-date: /home/harsh/ros2_project/install/px4_msgs/include/px4_msgs/px4_msgs/msg/detail/gimbal_manager_information__description.c\n'}
[1.158619] (px4_msgs) StdoutLine: {'line': b'-- Up-to-date: /home/harsh/ros2_project/install/px4_msgs/include/px4_msgs/px4_msgs/msg/detail/ulog_stream__functions.c\n'}
[1.158664] (px4_msgs) StdoutLine: {'line': b'-- Installing: /home/harsh/ros2_project/install/px4_msgs/include/px4_msgs/px4_msgs/msg/detail/estimator_status_flags__type_support.c\n'}
[1.158708] (px4_msgs) StdoutLine: {'line': b'-- Installing: /home/harsh/ros2_project/install/px4_msgs/include/px4_msgs/px4_msgs/msg/detail/gpio_out__type_support.c\n'}
[1.158751] (px4_msgs) StdoutLine: {'line': b'-- Up-to-date: /home/harsh/ros2_project/install/px4_msgs/include/px4_msgs/px4_msgs/msg/detail/gripper__struct.h\n'}
[1.158794] (px4_msgs) StdoutLine: {'line': b'-- Up-to-date: /home/harsh/ros2_project/install/px4_msgs/include/px4_msgs/px4_msgs/msg/detail/cpuload__functions.h\n'}
[1.158839] (px4_msgs) StdoutLine: {'line': b'-- Up-to-date: /home/harsh/ros2_project/install/px4_msgs/include/px4_msgs/px4_msgs/msg/detail/internal_combustion_engine_status__type_support.h\n'}
[1.158884] (px4_msgs) StdoutLine: {'line': b'-- Up-to-date: /home/harsh/ros2_project/install/px4_msgs/include/px4_msgs/px4_msgs/msg/detail/sensor_baro__functions.c\n'}
[1.158931] (px4_msgs) StdoutLine: {'line': b'-- Up-to-date: /home/harsh/ros2_project/install/px4_msgs/include/px4_msgs/px4_msgs/srv\n'}
[1.158975] (px4_msgs) StdoutLine: {'line': b'-- Up-to-date: /home/harsh/ros2_project/install/px4_msgs/include/px4_msgs/px4_msgs/srv/vehicle_command.h\n'}
[1.159023] (px4_msgs) StdoutLine: {'line': b'-- Up-to-date: /home/harsh/ros2_project/install/px4_msgs/include/px4_msgs/px4_msgs/srv/detail\n'}
[1.159071] (px4_msgs) StdoutLine: {'line': b'-- Up-to-date: /home/harsh/ros2_project/install/px4_msgs/include/px4_msgs/px4_msgs/srv/detail/vehicle_command__functions.c\n'}
[1.159116] (px4_msgs) StdoutLine: {'line': b'-- Up-to-date: /home/harsh/ros2_project/install/px4_msgs/include/px4_msgs/px4_msgs/srv/detail/vehicle_command__functions.h\n'}
[1.159161] (px4_msgs) StdoutLine: {'line': b'-- Installing: /home/harsh/ros2_project/install/px4_msgs/include/px4_msgs/px4_msgs/srv/detail/vehicle_command__type_support.c\n'}
[1.159206] (px4_msgs) StdoutLine: {'line': b'-- Up-to-date: /home/harsh/ros2_project/install/px4_msgs/include/px4_msgs/px4_msgs/srv/detail/vehicle_command__struct.h\n'}
[1.159249] (px4_msgs) StdoutLine: {'line': b'-- Up-to-date: /home/harsh/ros2_project/install/px4_msgs/include/px4_msgs/px4_msgs/srv/detail/vehicle_command__description.c\n'}
[1.159294] (px4_msgs) StdoutLine: {'line': b'-- Up-to-date: /home/harsh/ros2_project/install/px4_msgs/include/px4_msgs/px4_msgs/srv/detail/vehicle_command__type_support.h\n'}
[1.159340] (px4_msgs) StdoutLine: {'line': b'-- Up-to-date: /home/harsh/ros2_project/install/px4_msgs/share/px4_msgs/environment/library_path.sh\n'}
[1.159393] (px4_msgs) StdoutLine: {'line': b'-- Up-to-date: /home/harsh/ros2_project/install/px4_msgs/share/px4_msgs/environment/library_path.dsv\n'}
[1.159450] (px4_msgs) StdoutLine: {'line': b'-- Up-to-date: /home/harsh/ros2_project/install/px4_msgs/lib/libpx4_msgs__rosidl_generator_c.so\n'}
[1.159496] (px4_msgs) StdoutLine: {'line': b'-- Up-to-date: /home/harsh/ros2_project/install/px4_msgs/include/px4_msgs/px4_msgs\n'}
[1.159539] (px4_msgs) StdoutLine: {'line': b'-- Up-to-date: /home/harsh/ros2_project/install/px4_msgs/include/px4_msgs/px4_msgs/msg\n'}
[1.159584] (px4_msgs) StdoutLine: {'line': b'-- Up-to-date: /home/harsh/ros2_project/install/px4_msgs/include/px4_msgs/px4_msgs/msg/rosidl_typesupport_fastrtps_c__visibility_control.h\n'}
[1.159675] (px4_msgs) StdoutLine: {'line': b'-- Up-to-date: /home/harsh/ros2_project/install/px4_msgs/include/px4_msgs/px4_msgs/msg/detail\n'}
[1.159725] (px4_msgs) StdoutLine: {'line': b'-- Up-to-date: /home/harsh/ros2_project/install/px4_msgs/include/px4_msgs/px4_msgs/msg/detail/airspeed_wind__rosidl_typesupport_fastrtps_c.h\n'}
[1.159772] (px4_msgs) StdoutLine: {'line': b'-- Up-to-date: /home/harsh/ros2_project/install/px4_msgs/include/px4_msgs/px4_msgs/msg/detail/power_monitor__rosidl_typesupport_fastrtps_c.h\n'}
[1.159818] (px4_msgs) StdoutLine: {'line': b'-- Up-to-date: /home/harsh/ros2_project/install/px4_msgs/include/px4_msgs/px4_msgs/msg/detail/can_interface_status__rosidl_typesupport_fastrtps_c.h\n'}
[1.159865] (px4_msgs) StdoutLine: {'line': b'-- Up-to-date: /home/harsh/ros2_project/install/px4_msgs/include/px4_msgs/px4_msgs/msg/detail/debug_value__rosidl_typesupport_fastrtps_c.h\n'}
[1.159913] (px4_msgs) StdoutLine: {'line': b'-- Up-to-date: /home/harsh/ros2_project/install/px4_msgs/include/px4_msgs/px4_msgs/msg/detail/geofence_status__rosidl_typesupport_fastrtps_c.h\n'}
[1.160051] (px4_msgs) StdoutLine: {'line': b'-- Up-to-date: /home/harsh/ros2_project/install/px4_msgs/include/px4_msgs/px4_msgs/msg/detail/vehicle_acceleration__rosidl_typesupport_fastrtps_c.h\n'}
[1.160108] (px4_msgs) StdoutLine: {'line': b'-- Up-to-date: /home/harsh/ros2_project/install/px4_msgs/include/px4_msgs/px4_msgs/msg/detail/esc_report__rosidl_typesupport_fastrtps_c.h\n'}
[1.160151] (px4_msgs) StdoutLine: {'line': b'-- Up-to-date: /home/harsh/ros2_project/install/px4_msgs/include/px4_msgs/px4_msgs/msg/detail/rc_parameter_map__rosidl_typesupport_fastrtps_c.h\n'}
[1.160194] (px4_msgs) StdoutLine: {'line': b'-- Up-to-date: /home/harsh/ros2_project/install/px4_msgs/include/px4_msgs/px4_msgs/msg/detail/register_ext_component_reply__rosidl_typesupport_fastrtps_c.h\n'}
[1.160243] (px4_msgs) StdoutLine: {'line': b'-- Up-to-date: /home/harsh/ros2_project/install/px4_msgs/include/px4_msgs/px4_msgs/msg/detail/estimator_aid_source3d__rosidl_typesupport_fastrtps_c.h\n'}
[1.160289] (px4_msgs) StdoutLine: {'line': b'-- Up-to-date: /home/harsh/ros2_project/install/px4_msgs/include/px4_msgs/px4_msgs/msg/detail/gpio_request__rosidl_typesupport_fastrtps_c.h\n'}
[1.160335] (px4_msgs) StdoutLine: {'line': b'-- Up-to-date: /home/harsh/ros2_project/install/px4_msgs/include/px4_msgs/px4_msgs/msg/detail/cpuload__rosidl_typesupport_fastrtps_c.h\n'}
[1.160381] (px4_msgs) StdoutLine: {'line': b'-- Up-to-date: /home/harsh/ros2_project/install/px4_msgs/include/px4_msgs/px4_msgs/msg/detail/differential_drive_setpoint__rosidl_typesupport_fastrtps_c.h\n'}
[1.160428] (px4_msgs) StdoutLine: {'line': b'-- Up-to-date: /home/harsh/ros2_project/install/px4_msgs/include/px4_msgs/px4_msgs/msg/detail/actuator_motors__rosidl_typesupport_fastrtps_c.h\n'}
[1.160475] (px4_msgs) StdoutLine: {'line': b'-- Up-to-date: /home/harsh/ros2_project/install/px4_msgs/include/px4_msgs/px4_msgs/msg/detail/trajectory_waypoint__rosidl_typesupport_fastrtps_c.h\n'}
[1.160523] (px4_msgs) StdoutLine: {'line': b'-- Up-to-date: /home/harsh/ros2_project/install/px4_msgs/include/px4_msgs/px4_msgs/msg/detail/launch_detection_status__rosidl_typesupport_fastrtps_c.h\n'}
[1.160570] (px4_msgs) StdoutLine: {'line': b'-- Up-to-date: /home/harsh/ros2_project/install/px4_msgs/include/px4_msgs/px4_msgs/msg/detail/dataman_response__rosidl_typesupport_fastrtps_c.h\n'}
[1.160616] (px4_msgs) StdoutLine: {'line': b'-- Up-to-date: /home/harsh/ros2_project/install/px4_msgs/include/px4_msgs/px4_msgs/msg/detail/vehicle_control_mode__rosidl_typesupport_fastrtps_c.h\n'}
[1.160662] (px4_msgs) StdoutLine: {'line': b'-- Up-to-date: /home/harsh/ros2_project/install/px4_msgs/include/px4_msgs/px4_msgs/msg/detail/estimator_selector_status__rosidl_typesupport_fastrtps_c.h\n'}
[1.160707] (px4_msgs) StdoutLine: {'line': b'-- Up-to-date: /home/harsh/ros2_project/install/px4_msgs/include/px4_msgs/px4_msgs/msg/detail/log_message__rosidl_typesupport_fastrtps_c.h\n'}
[1.160753] (px4_msgs) StdoutLine: {'line': b'-- Up-to-date: /home/harsh/ros2_project/install/px4_msgs/include/px4_msgs/px4_msgs/msg/detail/collision_report__rosidl_typesupport_fastrtps_c.h\n'}
[1.160799] (px4_msgs) StdoutLine: {'line': b'-- Up-to-date: /home/harsh/ros2_project/install/px4_msgs/include/px4_msgs/px4_msgs/msg/detail/sensor_gyro__rosidl_typesupport_fastrtps_c.h\n'}
[1.160846] (px4_msgs) StdoutLine: {'line': b'-- Up-to-date: /home/harsh/ros2_project/install/px4_msgs/include/px4_msgs/px4_msgs/msg/detail/vehicle_command_ack__rosidl_typesupport_fastrtps_c.h\n'}
[1.160892] (px4_msgs) StdoutLine: {'line': b'-- Up-to-date: /home/harsh/ros2_project/install/px4_msgs/include/px4_msgs/px4_msgs/msg/detail/onboard_computer_status__rosidl_typesupport_fastrtps_c.h\n'}
[1.160936] (px4_msgs) StdoutLine: {'line': b'-- Up-to-date: /home/harsh/ros2_project/install/px4_msgs/include/px4_msgs/px4_msgs/msg/detail/telemetry_status__rosidl_typesupport_fastrtps_c.h\n'}
[1.160980] (px4_msgs) StdoutLine: {'line': b'-- Up-to-date: /home/harsh/ros2_project/install/px4_msgs/include/px4_msgs/px4_msgs/msg/detail/vtol_vehicle_status__rosidl_typesupport_fastrtps_c.h\n'}
[1.161041] (px4_msgs) StdoutLine: {'line': b'-- Up-to-date: /home/harsh/ros2_project/install/px4_msgs/include/px4_msgs/px4_msgs/msg/detail/estimator_bias__rosidl_typesupport_fastrtps_c.h\n'}
[1.161165] (px4_msgs) StdoutLine: {'line': b'-- Up-to-date: /home/harsh/ros2_project/install/px4_msgs/include/px4_msgs/px4_msgs/msg/detail/parameter_set_value_request__rosidl_typesupport_fastrtps_c.h\n'}
[1.161212] (px4_msgs) StdoutLine: {'line': b'-- Up-to-date: /home/harsh/ros2_project/install/px4_msgs/include/px4_msgs/px4_msgs/msg/detail/trajectory_setpoint__rosidl_typesupport_fastrtps_c.h\n'}
[1.161261] (px4_msgs) StdoutLine: {'line': b'-- Up-to-date: /home/harsh/ros2_project/install/px4_msgs/include/px4_msgs/px4_msgs/msg/detail/trajectory_bezier__rosidl_typesupport_fastrtps_c.h\n'}
[1.161310] (px4_msgs) StdoutLine: {'line': b'-- Up-to-date: /home/harsh/ros2_project/install/px4_msgs/include/px4_msgs/px4_msgs/msg/detail/failsafe_flags__rosidl_typesupport_fastrtps_c.h\n'}
[1.161359] (px4_msgs) StdoutLine: {'line': b'-- Up-to-date: /home/harsh/ros2_project/install/px4_msgs/include/px4_msgs/px4_msgs/msg/detail/battery_status__rosidl_typesupport_fastrtps_c.h\n'}
[1.161407] (px4_msgs) StdoutLine: {'line': b'-- Up-to-date: /home/harsh/ros2_project/install/px4_msgs/include/px4_msgs/px4_msgs/msg/detail/estimator_aid_source1d__rosidl_typesupport_fastrtps_c.h\n'}
[1.161547] (px4_msgs) StdoutLine: {'line': b'-- Up-to-date: /home/harsh/ros2_project/install/px4_msgs/include/px4_msgs/px4_msgs/msg/detail/mission_result__rosidl_typesupport_fastrtps_c.h\n'}
[1.161599] (px4_msgs) StdoutLine: {'line': b'-- Up-to-date: /home/harsh/ros2_project/install/px4_msgs/include/px4_msgs/px4_msgs/msg/detail/rpm__rosidl_typesupport_fastrtps_c.h\n'}
[1.161650] (px4_msgs) StdoutLine: {'line': b'-- Up-to-date: /home/harsh/ros2_project/install/px4_msgs/include/px4_msgs/px4_msgs/msg/detail/figure_eight_status__rosidl_typesupport_fastrtps_c.h\n'}
[1.161701] (px4_msgs) StdoutLine: {'line': b'-- Up-to-date: /home/harsh/ros2_project/install/px4_msgs/include/px4_msgs/px4_msgs/msg/detail/gps_inject_data__rosidl_typesupport_fastrtps_c.h\n'}
[1.161751] (px4_msgs) StdoutLine: {'line': b'-- Up-to-date: /home/harsh/ros2_project/install/px4_msgs/include/px4_msgs/px4_msgs/msg/detail/px4io_status__rosidl_typesupport_fastrtps_c.h\n'}
[1.161800] (px4_msgs) StdoutLine: {'line': b'-- Up-to-date: /home/harsh/ros2_project/install/px4_msgs/include/px4_msgs/px4_msgs/msg/detail/sensor_optical_flow__rosidl_typesupport_fastrtps_c.h\n'}
[1.161849] (px4_msgs) StdoutLine: {'line': b'-- Up-to-date: /home/harsh/ros2_project/install/px4_msgs/include/px4_msgs/px4_msgs/msg/detail/internal_combustion_engine_status__rosidl_typesupport_fastrtps_c.h\n'}
[1.161894] (px4_msgs) StdoutLine: {'line': b'-- Up-to-date: /home/harsh/ros2_project/install/px4_msgs/include/px4_msgs/px4_msgs/msg/detail/gimbal_manager_set_manual_control__rosidl_typesupport_fastrtps_c.h\n'}
[1.161941] (px4_msgs) StdoutLine: {'line': b'-- Up-to-date: /home/harsh/ros2_project/install/px4_msgs/include/px4_msgs/px4_msgs/msg/detail/actuator_controls_status__rosidl_typesupport_fastrtps_c.h\n'}
[1.161986] (px4_msgs) StdoutLine: {'line': b'-- Up-to-date: /home/harsh/ros2_project/install/px4_msgs/include/px4_msgs/px4_msgs/msg/detail/follow_target__rosidl_typesupport_fastrtps_c.h\n'}
[1.162039] (px4_msgs) StdoutLine: {'line': b'-- Up-to-date: /home/harsh/ros2_project/install/px4_msgs/include/px4_msgs/px4_msgs/msg/detail/gimbal_device_set_attitude__rosidl_typesupport_fastrtps_c.h\n'}
[1.162087] (px4_msgs) StdoutLine: {'line': b'-- Up-to-date: /home/harsh/ros2_project/install/px4_msgs/include/px4_msgs/px4_msgs/msg/detail/satellite_info__rosidl_typesupport_fastrtps_c.h\n'}
[1.162135] (px4_msgs) StdoutLine: {'line': b'-- Up-to-date: /home/harsh/ros2_project/install/px4_msgs/include/px4_msgs/px4_msgs/msg/detail/takeoff_status__rosidl_typesupport_fastrtps_c.h\n'}
[1.162182] (px4_msgs) StdoutLine: {'line': b'-- Up-to-date: /home/harsh/ros2_project/install/px4_msgs/include/px4_msgs/px4_msgs/msg/detail/sensor_accel_fifo__rosidl_typesupport_fastrtps_c.h\n'}
[1.162232] (px4_msgs) StdoutLine: {'line': b'-- Up-to-date: /home/harsh/ros2_project/install/px4_msgs/include/px4_msgs/px4_msgs/msg/detail/vehicle_rates_setpoint__rosidl_typesupport_fastrtps_c.h\n'}
[1.162280] (px4_msgs) StdoutLine: {'line': b'-- Up-to-date: /home/harsh/ros2_project/install/px4_msgs/include/px4_msgs/px4_msgs/msg/detail/npfg_status__rosidl_typesupport_fastrtps_c.h\n'}
[1.162327] (px4_msgs) StdoutLine: {'line': b'-- Up-to-date: /home/harsh/ros2_project/install/px4_msgs/include/px4_msgs/px4_msgs/msg/detail/home_position__rosidl_typesupport_fastrtps_c.h\n'}
[1.162374] (px4_msgs) StdoutLine: {'line': b'-- Up-to-date: /home/harsh/ros2_project/install/px4_msgs/include/px4_msgs/px4_msgs/msg/detail/position_controller_landing_status__rosidl_typesupport_fastrtps_c.h\n'}
[1.162423] (px4_msgs) StdoutLine: {'line': b'-- Up-to-date: /home/harsh/ros2_project/install/px4_msgs/include/px4_msgs/px4_msgs/msg/detail/mavlink_tunnel__rosidl_typesupport_fastrtps_c.h\n'}
[1.162469] (px4_msgs) StdoutLine: {'line': b'-- Up-to-date: /home/harsh/ros2_project/install/px4_msgs/include/px4_msgs/px4_msgs/msg/detail/wind__rosidl_typesupport_fastrtps_c.h\n'}
[1.162519] (px4_msgs) StdoutLine: {'line': b'-- Up-to-date: /home/harsh/ros2_project/install/px4_msgs/include/px4_msgs/px4_msgs/msg/detail/arming_check_request__rosidl_typesupport_fastrtps_c.h\n'}
[1.162567] (px4_msgs) StdoutLine: {'line': b'-- Up-to-date: /home/harsh/ros2_project/install/px4_msgs/include/px4_msgs/px4_msgs/msg/detail/debug_array__rosidl_typesupport_fastrtps_c.h\n'}
[1.162614] (px4_msgs) StdoutLine: {'line': b'-- Up-to-date: /home/harsh/ros2_project/install/px4_msgs/include/px4_msgs/px4_msgs/msg/detail/sensor_accel__rosidl_typesupport_fastrtps_c.h\n'}
[1.162660] (px4_msgs) StdoutLine: {'line': b'-- Up-to-date: /home/harsh/ros2_project/install/px4_msgs/include/px4_msgs/px4_msgs/msg/detail/gripper__rosidl_typesupport_fastrtps_c.h\n'}
[1.162705] (px4_msgs) StdoutLine: {'line': b'-- Up-to-date: /home/harsh/ros2_project/install/px4_msgs/include/px4_msgs/px4_msgs/msg/detail/debug_vect__rosidl_typesupport_fastrtps_c.h\n'}
[1.162752] (px4_msgs) StdoutLine: {'line': b'-- Up-to-date: /home/harsh/ros2_project/install/px4_msgs/include/px4_msgs/px4_msgs/msg/detail/task_stack_info__rosidl_typesupport_fastrtps_c.h\n'}
[1.162798] (px4_msgs) StdoutLine: {'line': b'-- Up-to-date: /home/harsh/ros2_project/install/px4_msgs/include/px4_msgs/px4_msgs/msg/detail/estimator_gps_status__rosidl_typesupport_fastrtps_c.h\n'}
[1.162846] (px4_msgs) StdoutLine: {'line': b'-- Up-to-date: /home/harsh/ros2_project/install/px4_msgs/include/px4_msgs/px4_msgs/msg/detail/sensor_gps__rosidl_typesupport_fastrtps_c.h\n'}
[1.162908] (px4_msgs) StdoutLine: {'line': b'-- Up-to-date: /home/harsh/ros2_project/install/px4_msgs/include/px4_msgs/px4_msgs/msg/detail/estimator_status_flags__rosidl_typesupport_fastrtps_c.h\n'}
[1.162957] (px4_msgs) StdoutLine: {'line': b'-- Up-to-date: /home/harsh/ros2_project/install/px4_msgs/include/px4_msgs/px4_msgs/msg/detail/sensor_gyro_fifo__rosidl_typesupport_fastrtps_c.h\n'}
[1.163006] (px4_msgs) StdoutLine: {'line': b'-- Up-to-date: /home/harsh/ros2_project/install/px4_msgs/include/px4_msgs/px4_msgs/msg/detail/velocity_limits__rosidl_typesupport_fastrtps_c.h\n'}
[1.163168] (px4_msgs) StdoutLine: {'line': b'-- Up-to-date: /home/harsh/ros2_project/install/px4_msgs/include/px4_msgs/px4_msgs/msg/detail/tiltrotor_extra_controls__rosidl_typesupport_fastrtps_c.h\n'}
[1.163222] (px4_msgs) StdoutLine: {'line': b'-- Up-to-date: /home/harsh/ros2_project/install/px4_msgs/include/px4_msgs/px4_msgs/msg/detail/tecs_status__rosidl_typesupport_fastrtps_c.h\n'}
[1.163272] (px4_msgs) StdoutLine: {'line': b'-- Up-to-date: /home/harsh/ros2_project/install/px4_msgs/include/px4_msgs/px4_msgs/msg/detail/vehicle_imu__rosidl_typesupport_fastrtps_c.h\n'}
[1.163333] (px4_msgs) StdoutLine: {'line': b'-- Up-to-date: /home/harsh/ros2_project/install/px4_msgs/include/px4_msgs/px4_msgs/msg/detail/actuator_test__rosidl_typesupport_fastrtps_c.h\n'}
[1.163413] (px4_msgs) StdoutLine: {'line': b'-- Up-to-date: /home/harsh/ros2_project/install/px4_msgs/include/px4_msgs/px4_msgs/msg/detail/rc_channels__rosidl_typesupport_fastrtps_c.h\n'}
[1.163490] (px4_msgs) StdoutLine: {'line': b'-- Up-to-date: /home/harsh/ros2_project/install/px4_msgs/include/px4_msgs/px4_msgs/msg/detail/airspeed_validated__rosidl_typesupport_fastrtps_c.h\n'}
[1.163801] (px4_msgs) StdoutLine: {'line': b'-- Up-to-date: /home/harsh/ros2_project/install/px4_msgs/include/px4_msgs/px4_msgs/msg/detail/geofence_result__rosidl_typesupport_fastrtps_c.h\n'}
[1.163891] (px4_msgs) StdoutLine: {'line': b'-- Up-to-date: /home/harsh/ros2_project/install/px4_msgs/include/px4_msgs/px4_msgs/msg/detail/vehicle_local_position_setpoint__rosidl_typesupport_fastrtps_c.h\n'}
[1.164004] (px4_msgs) StdoutLine: {'line': b'-- Up-to-date: /home/harsh/ros2_project/install/px4_msgs/include/px4_msgs/px4_msgs/msg/detail/vehicle_trajectory_bezier__rosidl_typesupport_fastrtps_c.h\n'}
[1.164206] (px4_msgs) StdoutLine: {'line': b'-- Up-to-date: /home/harsh/ros2_project/install/px4_msgs/include/px4_msgs/px4_msgs/msg/detail/landing_target_innovations__rosidl_typesupport_fastrtps_c.h\n'}
[1.164441] (px4_msgs) StdoutLine: {'line': b'-- Up-to-date: /home/harsh/ros2_project/install/px4_msgs/include/px4_msgs/px4_msgs/msg/detail/hover_thrust_estimate__rosidl_typesupport_fastrtps_c.h\n'}
[1.164589] (px4_msgs) StdoutLine: {'line': b'-- Up-to-date: /home/harsh/ros2_project/install/px4_msgs/include/px4_msgs/px4_msgs/msg/detail/gimbal_manager_information__rosidl_typesupport_fastrtps_c.h\n'}
[1.164640] (px4_msgs) StdoutLine: {'line': b'-- Up-to-date: /home/harsh/ros2_project/install/px4_msgs/include/px4_msgs/px4_msgs/msg/detail/mode_completed__rosidl_typesupport_fastrtps_c.h\n'}
[1.164685] (px4_msgs) StdoutLine: {'line': b'-- Up-to-date: /home/harsh/ros2_project/install/px4_msgs/include/px4_msgs/px4_msgs/msg/detail/led_control__rosidl_typesupport_fastrtps_c.h\n'}
[1.164728] (px4_msgs) StdoutLine: {'line': b'-- Up-to-date: /home/harsh/ros2_project/install/px4_msgs/include/px4_msgs/px4_msgs/msg/detail/mount_orientation__rosidl_typesupport_fastrtps_c.h\n'}
[1.164800] (px4_msgs) StdoutLine: {'line': b'-- Up-to-date: /home/harsh/ros2_project/install/px4_msgs/include/px4_msgs/px4_msgs/msg/detail/vehicle_optical_flow_vel__rosidl_typesupport_fastrtps_c.h\n'}
[1.164844] (px4_msgs) StdoutLine: {'line': b'-- Up-to-date: /home/harsh/ros2_project/install/px4_msgs/include/px4_msgs/px4_msgs/msg/detail/estimator_status__rosidl_typesupport_fastrtps_c.h\n'}
[1.164879] (px4_msgs) StdoutLine: {'line': b'-- Up-to-date: /home/harsh/ros2_project/install/px4_msgs/include/px4_msgs/px4_msgs/msg/detail/cellular_status__rosidl_typesupport_fastrtps_c.h\n'}
[1.164920] (px4_msgs) StdoutLine: {'line': b'-- Up-to-date: /home/harsh/ros2_project/install/px4_msgs/include/px4_msgs/px4_msgs/msg/detail/vehicle_attitude__rosidl_typesupport_fastrtps_c.h\n'}
[1.164967] (px4_msgs) StdoutLine: {'line': b'-- Up-to-date: /home/harsh/ros2_project/install/px4_msgs/include/px4_msgs/px4_msgs/msg/detail/position_setpoint_triplet__rosidl_typesupport_fastrtps_c.h\n'}
[1.165023] (px4_msgs) StdoutLine: {'line': b'-- Up-to-date: /home/harsh/ros2_project/install/px4_msgs/include/px4_msgs/px4_msgs/msg/detail/wheel_encoders__rosidl_typesupport_fastrtps_c.h\n'}
[1.165075] (px4_msgs) StdoutLine: {'line': b'-- Up-to-date: /home/harsh/ros2_project/install/px4_msgs/include/px4_msgs/px4_msgs/msg/detail/buffer128__rosidl_typesupport_fastrtps_c.h\n'}
[1.165121] (px4_msgs) StdoutLine: {'line': b'-- Up-to-date: /home/harsh/ros2_project/install/px4_msgs/include/px4_msgs/px4_msgs/msg/detail/landing_target_pose__rosidl_typesupport_fastrtps_c.h\n'}
[1.165195] (px4_msgs) StdoutLine: {'line': b'-- Up-to-date: /home/harsh/ros2_project/install/px4_msgs/include/px4_msgs/px4_msgs/msg/detail/gpio_in__rosidl_typesupport_fastrtps_c.h\n'}
[1.165237] (px4_msgs) StdoutLine: {'line': b'-- Up-to-date: /home/harsh/ros2_project/install/px4_msgs/include/px4_msgs/px4_msgs/msg/detail/normalized_unsigned_setpoint__rosidl_typesupport_fastrtps_c.h\n'}
[1.165439] (px4_msgs) StdoutLine: {'line': b'-- Up-to-date: /home/harsh/ros2_project/install/px4_msgs/include/px4_msgs/px4_msgs/msg/detail/parameter_reset_request__rosidl_typesupport_fastrtps_c.h\n'}
[1.165510] (px4_msgs) StdoutLine: {'line': b'-- Up-to-date: /home/harsh/ros2_project/install/px4_msgs/include/px4_msgs/px4_msgs/msg/detail/vehicle_global_position__rosidl_typesupport_fastrtps_c.h\n'}
[1.165556] (px4_msgs) StdoutLine: {'line': b'-- Up-to-date: /home/harsh/ros2_project/install/px4_msgs/include/px4_msgs/px4_msgs/msg/detail/sensor_correction__rosidl_typesupport_fastrtps_c.h\n'}
[1.165594] (px4_msgs) StdoutLine: {'line': b'-- Up-to-date: /home/harsh/ros2_project/install/px4_msgs/include/px4_msgs/px4_msgs/msg/detail/control_allocator_status__rosidl_typesupport_fastrtps_c.h\n'}
[1.165653] (px4_msgs) StdoutLine: {'line': b'-- Up-to-date: /home/harsh/ros2_project/install/px4_msgs/include/px4_msgs/px4_msgs/msg/detail/estimator_innovations__rosidl_typesupport_fastrtps_c.h\n'}
[1.165687] (px4_msgs) StdoutLine: {'line': b'-- Up-to-date: /home/harsh/ros2_project/install/px4_msgs/include/px4_msgs/px4_msgs/msg/detail/vehicle_imu_status__rosidl_typesupport_fastrtps_c.h\n'}
[1.165719] (px4_msgs) StdoutLine: {'line': b'-- Up-to-date: /home/harsh/ros2_project/install/px4_msgs/include/px4_msgs/px4_msgs/msg/detail/mission__rosidl_typesupport_fastrtps_c.h\n'}
[1.165751] (px4_msgs) StdoutLine: {'line': b'-- Up-to-date: /home/harsh/ros2_project/install/px4_msgs/include/px4_msgs/px4_msgs/msg/detail/sensor_mag__rosidl_typesupport_fastrtps_c.h\n'}
[1.165784] (px4_msgs) StdoutLine: {'line': b'-- Up-to-date: /home/harsh/ros2_project/install/px4_msgs/include/px4_msgs/px4_msgs/msg/detail/vehicle_air_data__rosidl_typesupport_fastrtps_c.h\n'}
[1.165817] (px4_msgs) StdoutLine: {'line': b'-- Up-to-date: /home/harsh/ros2_project/install/px4_msgs/include/px4_msgs/px4_msgs/msg/detail/vehicle_attitude_setpoint__rosidl_typesupport_fastrtps_c.h\n'}
[1.165849] (px4_msgs) StdoutLine: {'line': b'-- Up-to-date: /home/harsh/ros2_project/install/px4_msgs/include/px4_msgs/px4_msgs/msg/detail/manual_control_switches__rosidl_typesupport_fastrtps_c.h\n'}
[1.165886] (px4_msgs) StdoutLine: {'line': b'-- Up-to-date: /home/harsh/ros2_project/install/px4_msgs/include/px4_msgs/px4_msgs/msg/detail/gpio_out__rosidl_typesupport_fastrtps_c.h\n'}
[1.165925] (px4_msgs) StdoutLine: {'line': b'-- Up-to-date: /home/harsh/ros2_project/install/px4_msgs/include/px4_msgs/px4_msgs/msg/detail/sensor_uwb__rosidl_typesupport_fastrtps_c.h\n'}
[1.165966] (px4_msgs) StdoutLine: {'line': b'-- Up-to-date: /home/harsh/ros2_project/install/px4_msgs/include/px4_msgs/px4_msgs/msg/detail/actuator_armed__rosidl_typesupport_fastrtps_c.h\n'}
[1.166008] (px4_msgs) StdoutLine: {'line': b'-- Up-to-date: /home/harsh/ros2_project/install/px4_msgs/include/px4_msgs/px4_msgs/msg/detail/system_power__rosidl_typesupport_fastrtps_c.h\n'}
[1.166063] (px4_msgs) StdoutLine: {'line': b'-- Up-to-date: /home/harsh/ros2_project/install/px4_msgs/include/px4_msgs/px4_msgs/msg/detail/estimator_bias3d__rosidl_typesupport_fastrtps_c.h\n'}
[1.166099] (px4_msgs) StdoutLine: {'line': b'-- Up-to-date: /home/harsh/ros2_project/install/px4_msgs/include/px4_msgs/px4_msgs/msg/detail/vehicle_roi__rosidl_typesupport_fastrtps_c.h\n'}
[1.166135] (px4_msgs) StdoutLine: {'line': b'-- Up-to-date: /home/harsh/ros2_project/install/px4_msgs/include/px4_msgs/px4_msgs/msg/detail/parameter_set_value_response__rosidl_typesupport_fastrtps_c.h\n'}
[1.166175] (px4_msgs) StdoutLine: {'line': b'-- Up-to-date: /home/harsh/ros2_project/install/px4_msgs/include/px4_msgs/px4_msgs/msg/detail/tune_control__rosidl_typesupport_fastrtps_c.h\n'}
[1.166212] (px4_msgs) StdoutLine: {'line': b'-- Up-to-date: /home/harsh/ros2_project/install/px4_msgs/include/px4_msgs/px4_msgs/msg/detail/iridiumsbd_status__rosidl_typesupport_fastrtps_c.h\n'}
[1.166243] (px4_msgs) StdoutLine: {'line': b'-- Up-to-date: /home/harsh/ros2_project/install/px4_msgs/include/px4_msgs/px4_msgs/msg/detail/vehicle_land_detected__rosidl_typesupport_fastrtps_c.h\n'}
[1.166274] (px4_msgs) StdoutLine: {'line': b'-- Up-to-date: /home/harsh/ros2_project/install/px4_msgs/include/px4_msgs/px4_msgs/msg/detail/autotune_attitude_control_status__rosidl_typesupport_fastrtps_c.h\n'}
[1.166305] (px4_msgs) StdoutLine: {'line': b'-- Up-to-date: /home/harsh/ros2_project/install/px4_msgs/include/px4_msgs/px4_msgs/msg/detail/vehicle_angular_velocity__rosidl_typesupport_fastrtps_c.h\n'}
[1.166339] (px4_msgs) StdoutLine: {'line': b'-- Up-to-date: /home/harsh/ros2_project/install/px4_msgs/include/px4_msgs/px4_msgs/msg/detail/pwm_input__rosidl_typesupport_fastrtps_c.h\n'}
[1.166371] (px4_msgs) StdoutLine: {'line': b'-- Up-to-date: /home/harsh/ros2_project/install/px4_msgs/include/px4_msgs/px4_msgs/msg/detail/yaw_estimator_status__rosidl_typesupport_fastrtps_c.h\n'}
[1.166404] (px4_msgs) StdoutLine: {'line': b'-- Up-to-date: /home/harsh/ros2_project/install/px4_msgs/include/px4_msgs/px4_msgs/msg/detail/gpio_config__rosidl_typesupport_fastrtps_c.h\n'}
[1.166434] (px4_msgs) StdoutLine: {'line': b'-- Up-to-date: /home/harsh/ros2_project/install/px4_msgs/include/px4_msgs/px4_msgs/msg/detail/transponder_report__rosidl_typesupport_fastrtps_c.h\n'}
[1.166463] (px4_msgs) StdoutLine: {'line': b'-- Up-to-date: /home/harsh/ros2_project/install/px4_msgs/include/px4_msgs/px4_msgs/msg/detail/failure_detector_status__rosidl_typesupport_fastrtps_c.h\n'}
[1.166502] (px4_msgs) StdoutLine: {'line': b'-- Up-to-date: /home/harsh/ros2_project/install/px4_msgs/include/px4_msgs/px4_msgs/msg/detail/sensor_baro__rosidl_typesupport_fastrtps_c.h\n'}
[1.166533] (px4_msgs) StdoutLine: {'line': b'-- Up-to-date: /home/harsh/ros2_project/install/px4_msgs/include/px4_msgs/px4_msgs/msg/detail/message_format_request__rosidl_typesupport_fastrtps_c.h\n'}
[1.166567] (px4_msgs) StdoutLine: {'line': b'-- Up-to-date: /home/harsh/ros2_project/install/px4_msgs/include/px4_msgs/px4_msgs/msg/detail/estimator_aid_source2d__rosidl_typesupport_fastrtps_c.h\n'}
[1.166597] (px4_msgs) StdoutLine: {'line': b'-- Up-to-date: /home/harsh/ros2_project/install/px4_msgs/include/px4_msgs/px4_msgs/msg/detail/vehicle_odometry__rosidl_typesupport_fastrtps_c.h\n'}
[1.166627] (px4_msgs) StdoutLine: {'line': b'-- Up-to-date: /home/harsh/ros2_project/install/px4_msgs/include/px4_msgs/px4_msgs/msg/detail/sensor_airflow__rosidl_typesupport_fastrtps_c.h\n'}
[1.166658] (px4_msgs) StdoutLine: {'line': b'-- Up-to-date: /home/harsh/ros2_project/install/px4_msgs/include/px4_msgs/px4_msgs/msg/detail/sensor_gyro_fft__rosidl_typesupport_fastrtps_c.h\n'}
[1.166688] (px4_msgs) StdoutLine: {'line': b'-- Up-to-date: /home/harsh/ros2_project/install/px4_msgs/include/px4_msgs/px4_msgs/msg/detail/gimbal_device_attitude_status__rosidl_typesupport_fastrtps_c.h\n'}
[1.166720] (px4_msgs) StdoutLine: {'line': b'-- Up-to-date: /home/harsh/ros2_project/install/px4_msgs/include/px4_msgs/px4_msgs/msg/detail/camera_capture__rosidl_typesupport_fastrtps_c.h\n'}
[1.166752] (px4_msgs) StdoutLine: {'line': b'-- Up-to-date: /home/harsh/ros2_project/install/px4_msgs/include/px4_msgs/px4_msgs/msg/detail/gimbal_device_information__rosidl_typesupport_fastrtps_c.h\n'}
[1.166784] (px4_msgs) StdoutLine: {'line': b'-- Up-to-date: /home/harsh/ros2_project/install/px4_msgs/include/px4_msgs/px4_msgs/msg/detail/landing_gear__rosidl_typesupport_fastrtps_c.h\n'}
[1.166815] (px4_msgs) StdoutLine: {'line': b'-- Up-to-date: /home/harsh/ros2_project/install/px4_msgs/include/px4_msgs/px4_msgs/msg/detail/position_setpoint__rosidl_typesupport_fastrtps_c.h\n'}
[1.166846] (px4_msgs) StdoutLine: {'line': b'-- Up-to-date: /home/harsh/ros2_project/install/px4_msgs/include/px4_msgs/px4_msgs/msg/detail/radio_status__rosidl_typesupport_fastrtps_c.h\n'}
[1.166876] (px4_msgs) StdoutLine: {'line': b'-- Up-to-date: /home/harsh/ros2_project/install/px4_msgs/include/px4_msgs/px4_msgs/msg/detail/vehicle_angular_acceleration_setpoint__rosidl_typesupport_fastrtps_c.h\n'}
[1.166907] (px4_msgs) StdoutLine: {'line': b'-- Up-to-date: /home/harsh/ros2_project/install/px4_msgs/include/px4_msgs/px4_msgs/msg/detail/logger_status__rosidl_typesupport_fastrtps_c.h\n'}
[1.166938] (px4_msgs) StdoutLine: {'line': b'-- Up-to-date: /home/harsh/ros2_project/install/px4_msgs/include/px4_msgs/px4_msgs/msg/detail/config_overrides__rosidl_typesupport_fastrtps_c.h\n'}
[1.166970] (px4_msgs) StdoutLine: {'line': b'-- Up-to-date: /home/harsh/ros2_project/install/px4_msgs/include/px4_msgs/px4_msgs/msg/detail/sensor_selection__rosidl_typesupport_fastrtps_c.h\n'}
[1.167002] (px4_msgs) StdoutLine: {'line': b'-- Up-to-date: /home/harsh/ros2_project/install/px4_msgs/include/px4_msgs/px4_msgs/msg/detail/uavcan_parameter_request__rosidl_typesupport_fastrtps_c.h\n'}
[1.167051] (px4_msgs) StdoutLine: {'line': b'-- Up-to-date: /home/harsh/ros2_project/install/px4_msgs/include/px4_msgs/px4_msgs/msg/detail/sensor_preflight_mag__rosidl_typesupport_fastrtps_c.h\n'}
[1.167088] (px4_msgs) StdoutLine: {'line': b'-- Up-to-date: /home/harsh/ros2_project/install/px4_msgs/include/px4_msgs/px4_msgs/msg/detail/message_format_response__rosidl_typesupport_fastrtps_c.h\n'}
[1.167121] (px4_msgs) StdoutLine: {'line': b'-- Up-to-date: /home/harsh/ros2_project/install/px4_msgs/include/px4_msgs/px4_msgs/msg/detail/gimbal_manager_set_attitude__rosidl_typesupport_fastrtps_c.h\n'}
[1.167152] (px4_msgs) StdoutLine: {'line': b'-- Up-to-date: /home/harsh/ros2_project/install/px4_msgs/include/px4_msgs/px4_msgs/msg/detail/button_event__rosidl_typesupport_fastrtps_c.h\n'}
[1.167184] (px4_msgs) StdoutLine: {'line': b'-- Up-to-date: /home/harsh/ros2_project/install/px4_msgs/include/px4_msgs/px4_msgs/msg/detail/offboard_control_mode__rosidl_typesupport_fastrtps_c.h\n'}
[1.167216] (px4_msgs) StdoutLine: {'line': b'-- Up-to-date: /home/harsh/ros2_project/install/px4_msgs/include/px4_msgs/px4_msgs/msg/detail/flight_phase_estimation__rosidl_typesupport_fastrtps_c.h\n'}
[1.167247] (px4_msgs) StdoutLine: {'line': b'-- Up-to-date: /home/harsh/ros2_project/install/px4_msgs/include/px4_msgs/px4_msgs/msg/detail/action_request__rosidl_typesupport_fastrtps_c.h\n'}
[1.167280] (px4_msgs) StdoutLine: {'line': b'-- Up-to-date: /home/harsh/ros2_project/install/px4_msgs/include/px4_msgs/px4_msgs/msg/detail/vehicle_constraints__rosidl_typesupport_fastrtps_c.h\n'}
[1.167313] (px4_msgs) StdoutLine: {'line': b'-- Up-to-date: /home/harsh/ros2_project/install/px4_msgs/include/px4_msgs/px4_msgs/msg/detail/ekf2_timestamps__rosidl_typesupport_fastrtps_c.h\n'}
[1.167345] (px4_msgs) StdoutLine: {'line': b'-- Up-to-date: /home/harsh/ros2_project/install/px4_msgs/include/px4_msgs/px4_msgs/msg/detail/adc_report__rosidl_typesupport_fastrtps_c.h\n'}
[1.167378] (px4_msgs) StdoutLine: {'line': b'-- Up-to-date: /home/harsh/ros2_project/install/px4_msgs/include/px4_msgs/px4_msgs/msg/detail/orbit_status__rosidl_typesupport_fastrtps_c.h\n'}
[1.167415] (px4_msgs) StdoutLine: {'line': b'-- Up-to-date: /home/harsh/ros2_project/install/px4_msgs/include/px4_msgs/px4_msgs/msg/detail/rtl_time_estimate__rosidl_typesupport_fastrtps_c.h\n'}
[1.167447] (px4_msgs) StdoutLine: {'line': b'-- Up-to-date: /home/harsh/ros2_project/install/px4_msgs/include/px4_msgs/px4_msgs/msg/detail/orb_test_medium__rosidl_typesupport_fastrtps_c.h\n'}
[1.167478] (px4_msgs) StdoutLine: {'line': b'-- Up-to-date: /home/harsh/ros2_project/install/px4_msgs/include/px4_msgs/px4_msgs/msg/detail/pps_capture__rosidl_typesupport_fastrtps_c.h\n'}
[1.167509] (px4_msgs) StdoutLine: {'line': b'-- Up-to-date: /home/harsh/ros2_project/install/px4_msgs/include/px4_msgs/px4_msgs/msg/detail/sensor_combined__rosidl_typesupport_fastrtps_c.h\n'}
[1.167540] (px4_msgs) StdoutLine: {'line': b'-- Up-to-date: /home/harsh/ros2_project/install/px4_msgs/include/px4_msgs/px4_msgs/msg/detail/manual_control_setpoint__rosidl_typesupport_fastrtps_c.h\n'}
[1.167572] (px4_msgs) StdoutLine: {'line': b'-- Up-to-date: /home/harsh/ros2_project/install/px4_msgs/include/px4_msgs/px4_msgs/msg/detail/vehicle_status__rosidl_typesupport_fastrtps_c.h\n'}
[1.167603] (px4_msgs) StdoutLine: {'line': b'-- Up-to-date: /home/harsh/ros2_project/install/px4_msgs/include/px4_msgs/px4_msgs/msg/detail/timesync_status__rosidl_typesupport_fastrtps_c.h\n'}
[1.167635] (px4_msgs) StdoutLine: {'line': b'-- Up-to-date: /home/harsh/ros2_project/install/px4_msgs/include/px4_msgs/px4_msgs/msg/detail/sensors_status__rosidl_typesupport_fastrtps_c.h\n'}
[1.167667] (px4_msgs) StdoutLine: {'line': b'-- Up-to-date: /home/harsh/ros2_project/install/px4_msgs/include/px4_msgs/px4_msgs/msg/detail/qshell_retval__rosidl_typesupport_fastrtps_c.h\n'}
[1.167699] (px4_msgs) StdoutLine: {'line': b'-- Up-to-date: /home/harsh/ros2_project/install/px4_msgs/include/px4_msgs/px4_msgs/msg/detail/esc_status__rosidl_typesupport_fastrtps_c.h\n'}
[1.167731] (px4_msgs) StdoutLine: {'line': b'-- Up-to-date: /home/harsh/ros2_project/install/px4_msgs/include/px4_msgs/px4_msgs/msg/detail/mavlink_log__rosidl_typesupport_fastrtps_c.h\n'}
[1.167766] (px4_msgs) StdoutLine: {'line': b'-- Up-to-date: /home/harsh/ros2_project/install/px4_msgs/include/px4_msgs/px4_msgs/msg/detail/ulog_stream_ack__rosidl_typesupport_fastrtps_c.h\n'}
[1.167798] (px4_msgs) StdoutLine: {'line': b'-- Up-to-date: /home/harsh/ros2_project/install/px4_msgs/include/px4_msgs/px4_msgs/msg/detail/camera_trigger__rosidl_typesupport_fastrtps_c.h\n'}
[1.167832] (px4_msgs) StdoutLine: {'line': b'-- Up-to-date: /home/harsh/ros2_project/install/px4_msgs/include/px4_msgs/px4_msgs/msg/detail/health_report__rosidl_typesupport_fastrtps_c.h\n'}
[1.167872] (px4_msgs) StdoutLine: {'line': b'-- Up-to-date: /home/harsh/ros2_project/install/px4_msgs/include/px4_msgs/px4_msgs/msg/detail/gimbal_controls__rosidl_typesupport_fastrtps_c.h\n'}
[1.167906] (px4_msgs) StdoutLine: {'line': b'-- Up-to-date: /home/harsh/ros2_project/install/px4_msgs/include/px4_msgs/px4_msgs/msg/detail/vehicle_torque_setpoint__rosidl_typesupport_fastrtps_c.h\n'}
[1.167942] (px4_msgs) StdoutLine: {'line': b'-- Up-to-date: /home/harsh/ros2_project/install/px4_msgs/include/px4_msgs/px4_msgs/msg/detail/ulog_stream__rosidl_typesupport_fastrtps_c.h\n'}
[1.167977] (px4_msgs) StdoutLine: {'line': b'-- Up-to-date: /home/harsh/ros2_project/install/px4_msgs/include/px4_msgs/px4_msgs/msg/detail/vehicle_optical_flow__rosidl_typesupport_fastrtps_c.h\n'}
[1.168016] (px4_msgs) StdoutLine: {'line': b'-- Up-to-date: /home/harsh/ros2_project/install/px4_msgs/include/px4_msgs/px4_msgs/msg/detail/follow_target_status__rosidl_typesupport_fastrtps_c.h\n'}
[1.168054] (px4_msgs) StdoutLine: {'line': b'-- Up-to-date: /home/harsh/ros2_project/install/px4_msgs/include/px4_msgs/px4_msgs/msg/detail/event__rosidl_typesupport_fastrtps_c.h\n'}
[1.168088] (px4_msgs) StdoutLine: {'line': b'-- Up-to-date: /home/harsh/ros2_project/install/px4_msgs/include/px4_msgs/px4_msgs/msg/detail/orb_test__rosidl_typesupport_fastrtps_c.h\n'}
[1.168122] (px4_msgs) StdoutLine: {'line': b'-- Up-to-date: /home/harsh/ros2_project/install/px4_msgs/include/px4_msgs/px4_msgs/msg/detail/rtl_status__rosidl_typesupport_fastrtps_c.h\n'}
[1.168156] (px4_msgs) StdoutLine: {'line': b'-- Up-to-date: /home/harsh/ros2_project/install/px4_msgs/include/px4_msgs/px4_msgs/msg/detail/landing_gear_wheel__rosidl_typesupport_fastrtps_c.h\n'}
[1.168189] (px4_msgs) StdoutLine: {'line': b'-- Up-to-date: /home/harsh/ros2_project/install/px4_msgs/include/px4_msgs/px4_msgs/msg/detail/unregister_ext_component__rosidl_typesupport_fastrtps_c.h\n'}
[1.168223] (px4_msgs) StdoutLine: {'line': b'-- Up-to-date: /home/harsh/ros2_project/install/px4_msgs/include/px4_msgs/px4_msgs/msg/detail/sensors_status_imu__rosidl_typesupport_fastrtps_c.h\n'}
[1.168255] (px4_msgs) StdoutLine: {'line': b'-- Up-to-date: /home/harsh/ros2_project/install/px4_msgs/include/px4_msgs/px4_msgs/msg/detail/input_rc__rosidl_typesupport_fastrtps_c.h\n'}
[1.168291] (px4_msgs) StdoutLine: {'line': b'-- Up-to-date: /home/harsh/ros2_project/install/px4_msgs/include/px4_msgs/px4_msgs/msg/detail/generator_status__rosidl_typesupport_fastrtps_c.h\n'}
[1.168324] (px4_msgs) StdoutLine: {'line': b'-- Up-to-date: /home/harsh/ros2_project/install/px4_msgs/include/px4_msgs/px4_msgs/msg/detail/qshell_req__rosidl_typesupport_fastrtps_c.h\n'}
[1.168358] (px4_msgs) StdoutLine: {'line': b'-- Up-to-date: /home/harsh/ros2_project/install/px4_msgs/include/px4_msgs/px4_msgs/msg/detail/dataman_request__rosidl_typesupport_fastrtps_c.h\n'}
[1.168399] (px4_msgs) StdoutLine: {'line': b'-- Up-to-date: /home/harsh/ros2_project/install/px4_msgs/include/px4_msgs/px4_msgs/msg/detail/sensor_hygrometer__rosidl_typesupport_fastrtps_c.h\n'}
[1.168433] (px4_msgs) StdoutLine: {'line': b'-- Up-to-date: /home/harsh/ros2_project/install/px4_msgs/include/px4_msgs/px4_msgs/msg/detail/vehicle_local_position__rosidl_typesupport_fastrtps_c.h\n'}
[1.168469] (px4_msgs) StdoutLine: {'line': b'-- Up-to-date: /home/harsh/ros2_project/install/px4_msgs/include/px4_msgs/px4_msgs/msg/detail/goto_setpoint__rosidl_typesupport_fastrtps_c.h\n'}
[1.168505] (px4_msgs) StdoutLine: {'line': b'-- Up-to-date: /home/harsh/ros2_project/install/px4_msgs/include/px4_msgs/px4_msgs/msg/detail/actuator_outputs__rosidl_typesupport_fastrtps_c.h\n'}
[1.168542] (px4_msgs) StdoutLine: {'line': b'-- Up-to-date: /home/harsh/ros2_project/install/px4_msgs/include/px4_msgs/px4_msgs/msg/detail/navigator_mission_item__rosidl_typesupport_fastrtps_c.h\n'}
[1.168578] (px4_msgs) StdoutLine: {'line': b'-- Up-to-date: /home/harsh/ros2_project/install/px4_msgs/include/px4_msgs/px4_msgs/msg/detail/position_controller_status__rosidl_typesupport_fastrtps_c.h\n'}
[1.168614] (px4_msgs) StdoutLine: {'line': b'-- Up-to-date: /home/harsh/ros2_project/install/px4_msgs/include/px4_msgs/px4_msgs/msg/detail/power_button_state__rosidl_typesupport_fastrtps_c.h\n'}
[1.168649] (px4_msgs) StdoutLine: {'line': b'-- Up-to-date: /home/harsh/ros2_project/install/px4_msgs/include/px4_msgs/px4_msgs/msg/detail/differential_pressure__rosidl_typesupport_fastrtps_c.h\n'}
[1.168683] (px4_msgs) StdoutLine: {'line': b'-- Up-to-date: /home/harsh/ros2_project/install/px4_msgs/include/px4_msgs/px4_msgs/msg/detail/camera_status__rosidl_typesupport_fastrtps_c.h\n'}
[1.168719] (px4_msgs) StdoutLine: {'line': b'-- Up-to-date: /home/harsh/ros2_project/install/px4_msgs/include/px4_msgs/px4_msgs/msg/detail/estimator_sensor_bias__rosidl_typesupport_fastrtps_c.h\n'}
[1.168753] (px4_msgs) StdoutLine: {'line': b'-- Up-to-date: /home/harsh/ros2_project/install/px4_msgs/include/px4_msgs/px4_msgs/msg/detail/heater_status__rosidl_typesupport_fastrtps_c.h\n'}
[1.168787] (px4_msgs) StdoutLine: {'line': b'-- Up-to-date: /home/harsh/ros2_project/install/px4_msgs/include/px4_msgs/px4_msgs/msg/detail/rate_ctrl_status__rosidl_typesupport_fastrtps_c.h\n'}
[1.168823] (px4_msgs) StdoutLine: {'line': b'-- Up-to-date: /home/harsh/ros2_project/install/px4_msgs/include/px4_msgs/px4_msgs/msg/detail/orb_test_large__rosidl_typesupport_fastrtps_c.h\n'}
[1.168858] (px4_msgs) StdoutLine: {'line': b'-- Up-to-date: /home/harsh/ros2_project/install/px4_msgs/include/px4_msgs/px4_msgs/msg/detail/arming_check_reply__rosidl_typesupport_fastrtps_c.h\n'}
[1.168893] (px4_msgs) StdoutLine: {'line': b'-- Up-to-date: /home/harsh/ros2_project/install/px4_msgs/include/px4_msgs/px4_msgs/msg/detail/follow_target_estimator__rosidl_typesupport_fastrtps_c.h\n'}
[1.168929] (px4_msgs) StdoutLine: {'line': b'-- Up-to-date: /home/harsh/ros2_project/install/px4_msgs/include/px4_msgs/px4_msgs/msg/detail/collision_constraints__rosidl_typesupport_fastrtps_c.h\n'}
[1.168962] (px4_msgs) StdoutLine: {'line': b'-- Up-to-date: /home/harsh/ros2_project/install/px4_msgs/include/px4_msgs/px4_msgs/msg/detail/mag_worker_data__rosidl_typesupport_fastrtps_c.h\n'}
[1.168996] (px4_msgs) StdoutLine: {'line': b'-- Up-to-date: /home/harsh/ros2_project/install/px4_msgs/include/px4_msgs/px4_msgs/msg/detail/distance_sensor__rosidl_typesupport_fastrtps_c.h\n'}
[1.169035] (px4_msgs) StdoutLine: {'line': b'-- Up-to-date: /home/harsh/ros2_project/install/px4_msgs/include/px4_msgs/px4_msgs/msg/detail/vehicle_thrust_setpoint__rosidl_typesupport_fastrtps_c.h\n'}
[1.169071] (px4_msgs) StdoutLine: {'line': b'-- Up-to-date: /home/harsh/ros2_project/install/px4_msgs/include/px4_msgs/px4_msgs/msg/detail/obstacle_distance__rosidl_typesupport_fastrtps_c.h\n'}
[1.169104] (px4_msgs) StdoutLine: {'line': b'-- Up-to-date: /home/harsh/ros2_project/install/px4_msgs/include/px4_msgs/px4_msgs/msg/detail/gimbal_manager_status__rosidl_typesupport_fastrtps_c.h\n'}
[1.169137] (px4_msgs) StdoutLine: {'line': b'-- Up-to-date: /home/harsh/ros2_project/install/px4_msgs/include/px4_msgs/px4_msgs/msg/detail/debug_key_value__rosidl_typesupport_fastrtps_c.h\n'}
[1.169170] (px4_msgs) StdoutLine: {'line': b'-- Up-to-date: /home/harsh/ros2_project/install/px4_msgs/include/px4_msgs/px4_msgs/msg/detail/magnetometer_bias_estimate__rosidl_typesupport_fastrtps_c.h\n'}
[1.169202] (px4_msgs) StdoutLine: {'line': b'-- Up-to-date: /home/harsh/ros2_project/install/px4_msgs/include/px4_msgs/px4_msgs/msg/detail/ping__rosidl_typesupport_fastrtps_c.h\n'}
[1.169239] (px4_msgs) StdoutLine: {'line': b'-- Up-to-date: /home/harsh/ros2_project/install/px4_msgs/include/px4_msgs/px4_msgs/msg/detail/irlock_report__rosidl_typesupport_fastrtps_c.h\n'}
[1.169272] (px4_msgs) StdoutLine: {'line': b'-- Up-to-date: /home/harsh/ros2_project/install/px4_msgs/include/px4_msgs/px4_msgs/msg/detail/uavcan_parameter_value__rosidl_typesupport_fastrtps_c.h\n'}
[1.169307] (px4_msgs) StdoutLine: {'line': b'-- Up-to-date: /home/harsh/ros2_project/install/px4_msgs/include/px4_msgs/px4_msgs/msg/detail/register_ext_component_request__rosidl_typesupport_fastrtps_c.h\n'}
[1.169343] (px4_msgs) StdoutLine: {'line': b'-- Up-to-date: /home/harsh/ros2_project/install/px4_msgs/include/px4_msgs/px4_msgs/msg/detail/actuator_servos_trim__rosidl_typesupport_fastrtps_c.h\n'}
[1.169380] (px4_msgs) StdoutLine: {'line': b'-- Up-to-date: /home/harsh/ros2_project/install/px4_msgs/include/px4_msgs/px4_msgs/msg/detail/parameter_set_used_request__rosidl_typesupport_fastrtps_c.h\n'}
[1.169414] (px4_msgs) StdoutLine: {'line': b'-- Up-to-date: /home/harsh/ros2_project/install/px4_msgs/include/px4_msgs/px4_msgs/msg/detail/sensor_gnss_relative__rosidl_typesupport_fastrtps_c.h\n'}
[1.169449] (px4_msgs) StdoutLine: {'line': b'-- Up-to-date: /home/harsh/ros2_project/install/px4_msgs/include/px4_msgs/px4_msgs/msg/detail/airspeed__rosidl_typesupport_fastrtps_c.h\n'}
[1.169483] (px4_msgs) StdoutLine: {'line': b'-- Up-to-date: /home/harsh/ros2_project/install/px4_msgs/include/px4_msgs/px4_msgs/msg/detail/parameter_update__rosidl_typesupport_fastrtps_c.h\n'}
[1.169517] (px4_msgs) StdoutLine: {'line': b'-- Up-to-date: /home/harsh/ros2_project/install/px4_msgs/include/px4_msgs/px4_msgs/msg/detail/vehicle_magnetometer__rosidl_typesupport_fastrtps_c.h\n'}
[1.169550] (px4_msgs) StdoutLine: {'line': b'-- Up-to-date: /home/harsh/ros2_project/install/px4_msgs/include/px4_msgs/px4_msgs/msg/detail/vehicle_command__rosidl_typesupport_fastrtps_c.h\n'}
[1.169583] (px4_msgs) StdoutLine: {'line': b'-- Up-to-date: /home/harsh/ros2_project/install/px4_msgs/include/px4_msgs/px4_msgs/msg/detail/gps_dump__rosidl_typesupport_fastrtps_c.h\n'}
[1.169617] (px4_msgs) StdoutLine: {'line': b'-- Up-to-date: /home/harsh/ros2_project/install/px4_msgs/include/px4_msgs/px4_msgs/msg/detail/estimator_states__rosidl_typesupport_fastrtps_c.h\n'}
[1.169652] (px4_msgs) StdoutLine: {'line': b'-- Up-to-date: /home/harsh/ros2_project/install/px4_msgs/include/px4_msgs/px4_msgs/msg/detail/estimator_event_flags__rosidl_typesupport_fastrtps_c.h\n'}
[1.169688] (px4_msgs) StdoutLine: {'line': b'-- Up-to-date: /home/harsh/ros2_project/install/px4_msgs/include/px4_msgs/px4_msgs/msg/detail/vehicle_trajectory_waypoint__rosidl_typesupport_fastrtps_c.h\n'}
[1.169724] (px4_msgs) StdoutLine: {'line': b'-- Up-to-date: /home/harsh/ros2_project/install/px4_msgs/include/px4_msgs/px4_msgs/msg/detail/actuator_servos__rosidl_typesupport_fastrtps_c.h\n'}
[1.169759] (px4_msgs) StdoutLine: {'line': b'-- Up-to-date: /home/harsh/ros2_project/install/px4_msgs/include/px4_msgs/px4_msgs/srv\n'}
[1.169793] (px4_msgs) StdoutLine: {'line': b'-- Up-to-date: /home/harsh/ros2_project/install/px4_msgs/include/px4_msgs/px4_msgs/srv/detail\n'}
[1.169829] (px4_msgs) StdoutLine: {'line': b'-- Up-to-date: /home/harsh/ros2_project/install/px4_msgs/include/px4_msgs/px4_msgs/srv/detail/vehicle_command__rosidl_typesupport_fastrtps_c.h\n'}
[1.169866] (px4_msgs) StdoutLine: {'line': b'-- Up-to-date: /home/harsh/ros2_project/install/px4_msgs/lib/libpx4_msgs__rosidl_typesupport_fastrtps_c.so\n'}
[1.169904] (px4_msgs) StdoutLine: {'line': b'-- Up-to-date: /home/harsh/ros2_project/install/px4_msgs/include/px4_msgs/px4_msgs\n'}
[1.169941] (px4_msgs) StdoutLine: {'line': b'-- Up-to-date: /home/harsh/ros2_project/install/px4_msgs/include/px4_msgs/px4_msgs/msg\n'}
[1.169976] (px4_msgs) StdoutLine: {'line': b'-- Up-to-date: /home/harsh/ros2_project/install/px4_msgs/include/px4_msgs/px4_msgs/msg/figure_eight_status.hpp\n'}
[1.170015] (px4_msgs) StdoutLine: {'line': b'-- Up-to-date: /home/harsh/ros2_project/install/px4_msgs/include/px4_msgs/px4_msgs/msg/sensor_gyro.hpp\n'}
[1.170056] (px4_msgs) StdoutLine: {'line': b'-- Up-to-date: /home/harsh/ros2_project/install/px4_msgs/include/px4_msgs/px4_msgs/msg/actuator_armed.hpp\n'}
[1.170092] (px4_msgs) StdoutLine: {'line': b'-- Up-to-date: /home/harsh/ros2_project/install/px4_msgs/include/px4_msgs/px4_msgs/msg/pps_capture.hpp\n'}
[1.170127] (px4_msgs) StdoutLine: {'line': b'-- Up-to-date: /home/harsh/ros2_project/install/px4_msgs/include/px4_msgs/px4_msgs/msg/estimator_aid_source3d.hpp\n'}
[1.170163] (px4_msgs) StdoutLine: {'line': b'-- Up-to-date: /home/harsh/ros2_project/install/px4_msgs/include/px4_msgs/px4_msgs/msg/sensors_status.hpp\n'}
[1.170199] (px4_msgs) StdoutLine: {'line': b'-- Up-to-date: /home/harsh/ros2_project/install/px4_msgs/include/px4_msgs/px4_msgs/msg/vehicle_attitude_setpoint.hpp\n'}
[1.170236] (px4_msgs) StdoutLine: {'line': b'-- Up-to-date: /home/harsh/ros2_project/install/px4_msgs/include/px4_msgs/px4_msgs/msg/trajectory_bezier.hpp\n'}
[1.170272] (px4_msgs) StdoutLine: {'line': b'-- Up-to-date: /home/harsh/ros2_project/install/px4_msgs/include/px4_msgs/px4_msgs/msg/onboard_computer_status.hpp\n'}
[1.170307] (px4_msgs) StdoutLine: {'line': b'-- Up-to-date: /home/harsh/ros2_project/install/px4_msgs/include/px4_msgs/px4_msgs/msg/estimator_event_flags.hpp\n'}
[1.170343] (px4_msgs) StdoutLine: {'line': b'-- Up-to-date: /home/harsh/ros2_project/install/px4_msgs/include/px4_msgs/px4_msgs/msg/gimbal_device_information.hpp\n'}
[1.170379] (px4_msgs) StdoutLine: {'line': b'-- Up-to-date: /home/harsh/ros2_project/install/px4_msgs/include/px4_msgs/px4_msgs/msg/timesync_status.hpp\n'}
[1.170415] (px4_msgs) StdoutLine: {'line': b'-- Up-to-date: /home/harsh/ros2_project/install/px4_msgs/include/px4_msgs/px4_msgs/msg/mag_worker_data.hpp\n'}
[1.170452] (px4_msgs) StdoutLine: {'line': b'-- Up-to-date: /home/harsh/ros2_project/install/px4_msgs/include/px4_msgs/px4_msgs/msg/tecs_status.hpp\n'}
[1.170488] (px4_msgs) StdoutLine: {'line': b'-- Up-to-date: /home/harsh/ros2_project/install/px4_msgs/include/px4_msgs/px4_msgs/msg/qshell_req.hpp\n'}
[1.170524] (px4_msgs) StdoutLine: {'line': b'-- Up-to-date: /home/harsh/ros2_project/install/px4_msgs/include/px4_msgs/px4_msgs/msg/parameter_set_value_response.hpp\n'}
[1.170560] (px4_msgs) StdoutLine: {'line': b'-- Up-to-date: /home/harsh/ros2_project/install/px4_msgs/include/px4_msgs/px4_msgs/msg/vehicle_control_mode.hpp\n'}
[1.170600] (px4_msgs) StdoutLine: {'line': b'-- Up-to-date: /home/harsh/ros2_project/install/px4_msgs/include/px4_msgs/px4_msgs/msg/goto_setpoint.hpp\n'}
[1.170637] (px4_msgs) StdoutLine: {'line': b'-- Up-to-date: /home/harsh/ros2_project/install/px4_msgs/include/px4_msgs/px4_msgs/msg/estimator_status.hpp\n'}
[1.170674] (px4_msgs) StdoutLine: {'line': b'-- Up-to-date: /home/harsh/ros2_project/install/px4_msgs/include/px4_msgs/px4_msgs/msg/vehicle_torque_setpoint.hpp\n'}
[1.170709] (px4_msgs) StdoutLine: {'line': b'-- Up-to-date: /home/harsh/ros2_project/install/px4_msgs/include/px4_msgs/px4_msgs/msg/vehicle_thrust_setpoint.hpp\n'}
[1.170744] (px4_msgs) StdoutLine: {'line': b'-- Up-to-date: /home/harsh/ros2_project/install/px4_msgs/include/px4_msgs/px4_msgs/msg/mavlink_tunnel.hpp\n'}
[1.170779] (px4_msgs) StdoutLine: {'line': b'-- Up-to-date: /home/harsh/ros2_project/install/px4_msgs/include/px4_msgs/px4_msgs/msg/camera_status.hpp\n'}
[1.170814] (px4_msgs) StdoutLine: {'line': b'-- Up-to-date: /home/harsh/ros2_project/install/px4_msgs/include/px4_msgs/px4_msgs/msg/vehicle_status.hpp\n'}
[1.170850] (px4_msgs) StdoutLine: {'line': b'-- Up-to-date: /home/harsh/ros2_project/install/px4_msgs/include/px4_msgs/px4_msgs/msg/px4io_status.hpp\n'}
[1.170887] (px4_msgs) StdoutLine: {'line': b'-- Up-to-date: /home/harsh/ros2_project/install/px4_msgs/include/px4_msgs/px4_msgs/msg/esc_status.hpp\n'}
[1.170923] (px4_msgs) StdoutLine: {'line': b'-- Up-to-date: /home/harsh/ros2_project/install/px4_msgs/include/px4_msgs/px4_msgs/msg/vehicle_local_position_setpoint.hpp\n'}
[1.170959] (px4_msgs) StdoutLine: {'line': b'-- Up-to-date: /home/harsh/ros2_project/install/px4_msgs/include/px4_msgs/px4_msgs/msg/adc_report.hpp\n'}
[1.171001] (px4_msgs) StdoutLine: {'line': b'-- Up-to-date: /home/harsh/ros2_project/install/px4_msgs/include/px4_msgs/px4_msgs/msg/gpio_config.hpp\n'}
[1.171043] (px4_msgs) StdoutLine: {'line': b'-- Up-to-date: /home/harsh/ros2_project/install/px4_msgs/include/px4_msgs/px4_msgs/msg/unregister_ext_component.hpp\n'}
[1.171081] (px4_msgs) StdoutLine: {'line': b'-- Up-to-date: /home/harsh/ros2_project/install/px4_msgs/include/px4_msgs/px4_msgs/msg/rpm.hpp\n'}
[1.171118] (px4_msgs) StdoutLine: {'line': b'-- Up-to-date: /home/harsh/ros2_project/install/px4_msgs/include/px4_msgs/px4_msgs/msg/sensor_combined.hpp\n'}
[1.171154] (px4_msgs) StdoutLine: {'line': b'-- Up-to-date: /home/harsh/ros2_project/install/px4_msgs/include/px4_msgs/px4_msgs/msg/sensor_selection.hpp\n'}
[1.171193] (px4_msgs) StdoutLine: {'line': b'-- Up-to-date: /home/harsh/ros2_project/install/px4_msgs/include/px4_msgs/px4_msgs/msg/system_power.hpp\n'}
[1.171229] (px4_msgs) StdoutLine: {'line': b'-- Up-to-date: /home/harsh/ros2_project/install/px4_msgs/include/px4_msgs/px4_msgs/msg/debug_vect.hpp\n'}
[1.171264] (px4_msgs) StdoutLine: {'line': b'-- Up-to-date: /home/harsh/ros2_project/install/px4_msgs/include/px4_msgs/px4_msgs/msg/vehicle_angular_velocity.hpp\n'}
[1.171301] (px4_msgs) StdoutLine: {'line': b'-- Up-to-date: /home/harsh/ros2_project/install/px4_msgs/include/px4_msgs/px4_msgs/msg/uavcan_parameter_value.hpp\n'}
[1.171337] (px4_msgs) StdoutLine: {'line': b'-- Up-to-date: /home/harsh/ros2_project/install/px4_msgs/include/px4_msgs/px4_msgs/msg/estimator_gps_status.hpp\n'}
[1.171373] (px4_msgs) StdoutLine: {'line': b'-- Up-to-date: /home/harsh/ros2_project/install/px4_msgs/include/px4_msgs/px4_msgs/msg/position_setpoint.hpp\n'}
[1.171410] (px4_msgs) StdoutLine: {'line': b'-- Up-to-date: /home/harsh/ros2_project/install/px4_msgs/include/px4_msgs/px4_msgs/msg/actuator_motors.hpp\n'}
[1.171447] (px4_msgs) StdoutLine: {'line': b'-- Up-to-date: /home/harsh/ros2_project/install/px4_msgs/include/px4_msgs/px4_msgs/msg/cellular_status.hpp\n'}
[1.171483] (px4_msgs) StdoutLine: {'line': b'-- Up-to-date: /home/harsh/ros2_project/install/px4_msgs/include/px4_msgs/px4_msgs/msg/power_monitor.hpp\n'}
[1.171519] (px4_msgs) StdoutLine: {'line': b'-- Up-to-date: /home/harsh/ros2_project/install/px4_msgs/include/px4_msgs/px4_msgs/msg/offboard_control_mode.hpp\n'}
[1.171555] (px4_msgs) StdoutLine: {'line': b'-- Up-to-date: /home/harsh/ros2_project/install/px4_msgs/include/px4_msgs/px4_msgs/msg/estimator_sensor_bias.hpp\n'}
[1.171590] (px4_msgs) StdoutLine: {'line': b'-- Up-to-date: /home/harsh/ros2_project/install/px4_msgs/include/px4_msgs/px4_msgs/msg/gps_inject_data.hpp\n'}
[1.171628] (px4_msgs) StdoutLine: {'line': b'-- Up-to-date: /home/harsh/ros2_project/install/px4_msgs/include/px4_msgs/px4_msgs/msg/vehicle_trajectory_waypoint.hpp\n'}
[1.171665] (px4_msgs) StdoutLine: {'line': b'-- Up-to-date: /home/harsh/ros2_project/install/px4_msgs/include/px4_msgs/px4_msgs/msg/vehicle_imu.hpp\n'}
[1.171702] (px4_msgs) StdoutLine: {'line': b'-- Up-to-date: /home/harsh/ros2_project/install/px4_msgs/include/px4_msgs/px4_msgs/msg/parameter_update.hpp\n'}
[1.171740] (px4_msgs) StdoutLine: {'line': b'-- Up-to-date: /home/harsh/ros2_project/install/px4_msgs/include/px4_msgs/px4_msgs/msg/vehicle_local_position.hpp\n'}
[1.171777] (px4_msgs) StdoutLine: {'line': b'-- Up-to-date: /home/harsh/ros2_project/install/px4_msgs/include/px4_msgs/px4_msgs/msg/task_stack_info.hpp\n'}
[1.171814] (px4_msgs) StdoutLine: {'line': b'-- Up-to-date: /home/harsh/ros2_project/install/px4_msgs/include/px4_msgs/px4_msgs/msg/vehicle_constraints.hpp\n'}
[1.171853] (px4_msgs) StdoutLine: {'line': b'-- Up-to-date: /home/harsh/ros2_project/install/px4_msgs/include/px4_msgs/px4_msgs/msg/vehicle_angular_acceleration_setpoint.hpp\n'}
[1.171889] (px4_msgs) StdoutLine: {'line': b'-- Up-to-date: /home/harsh/ros2_project/install/px4_msgs/include/px4_msgs/px4_msgs/msg/actuator_controls_status.hpp\n'}
[1.171925] (px4_msgs) StdoutLine: {'line': b'-- Up-to-date: /home/harsh/ros2_project/install/px4_msgs/include/px4_msgs/px4_msgs/msg/vehicle_command.hpp\n'}
[1.171965] (px4_msgs) StdoutLine: {'line': b'-- Up-to-date: /home/harsh/ros2_project/install/px4_msgs/include/px4_msgs/px4_msgs/msg/velocity_limits.hpp\n'}
[1.172007] (px4_msgs) StdoutLine: {'line': b'-- Up-to-date: /home/harsh/ros2_project/install/px4_msgs/include/px4_msgs/px4_msgs/msg/sensor_baro.hpp\n'}
[1.172049] (px4_msgs) StdoutLine: {'line': b'-- Up-to-date: /home/harsh/ros2_project/install/px4_msgs/include/px4_msgs/px4_msgs/msg/estimator_status_flags.hpp\n'}
[1.172086] (px4_msgs) StdoutLine: {'line': b'-- Up-to-date: /home/harsh/ros2_project/install/px4_msgs/include/px4_msgs/px4_msgs/msg/trajectory_setpoint.hpp\n'}
[1.172122] (px4_msgs) StdoutLine: {'line': b'-- Up-to-date: /home/harsh/ros2_project/install/px4_msgs/include/px4_msgs/px4_msgs/msg/sensor_accel.hpp\n'}
[1.172159] (px4_msgs) StdoutLine: {'line': b'-- Up-to-date: /home/harsh/ros2_project/install/px4_msgs/include/px4_msgs/px4_msgs/msg/health_report.hpp\n'}
[1.172196] (px4_msgs) StdoutLine: {'line': b'-- Up-to-date: /home/harsh/ros2_project/install/px4_msgs/include/px4_msgs/px4_msgs/msg/sensor_correction.hpp\n'}
[1.172233] (px4_msgs) StdoutLine: {'line': b'-- Up-to-date: /home/harsh/ros2_project/install/px4_msgs/include/px4_msgs/px4_msgs/msg/flight_phase_estimation.hpp\n'}
[1.172268] (px4_msgs) StdoutLine: {'line': b'-- Up-to-date: /home/harsh/ros2_project/install/px4_msgs/include/px4_msgs/px4_msgs/msg/mission.hpp\n'}
[1.172307] (px4_msgs) StdoutLine: {'line': b'-- Up-to-date: /home/harsh/ros2_project/install/px4_msgs/include/px4_msgs/px4_msgs/msg/log_message.hpp\n'}
[1.172342] (px4_msgs) StdoutLine: {'line': b'-- Up-to-date: /home/harsh/ros2_project/install/px4_msgs/include/px4_msgs/px4_msgs/msg/wind.hpp\n'}
[1.172381] (px4_msgs) StdoutLine: {'line': b'-- Up-to-date: /home/harsh/ros2_project/install/px4_msgs/include/px4_msgs/px4_msgs/msg/geofence_status.hpp\n'}
[1.172419] (px4_msgs) StdoutLine: {'line': b'-- Up-to-date: /home/harsh/ros2_project/install/px4_msgs/include/px4_msgs/px4_msgs/msg/sensor_gyro_fft.hpp\n'}
[1.172457] (px4_msgs) StdoutLine: {'line': b'-- Up-to-date: /home/harsh/ros2_project/install/px4_msgs/include/px4_msgs/px4_msgs/msg/vehicle_optical_flow_vel.hpp\n'}
[1.172495] (px4_msgs) StdoutLine: {'line': b'-- Up-to-date: /home/harsh/ros2_project/install/px4_msgs/include/px4_msgs/px4_msgs/msg/gimbal_manager_set_manual_control.hpp\n'}
[1.172534] (px4_msgs) StdoutLine: {'line': b'-- Up-to-date: /home/harsh/ros2_project/install/px4_msgs/include/px4_msgs/px4_msgs/msg/rtl_status.hpp\n'}
[1.172571] (px4_msgs) StdoutLine: {'line': b'-- Up-to-date: /home/harsh/ros2_project/install/px4_msgs/include/px4_msgs/px4_msgs/msg/vehicle_rates_setpoint.hpp\n'}
[1.172608] (px4_msgs) StdoutLine: {'line': b'-- Up-to-date: /home/harsh/ros2_project/install/px4_msgs/include/px4_msgs/px4_msgs/msg/ping.hpp\n'}
[1.172647] (px4_msgs) StdoutLine: {'line': b'-- Up-to-date: /home/harsh/ros2_project/install/px4_msgs/include/px4_msgs/px4_msgs/msg/landing_gear_wheel.hpp\n'}
[1.172684] (px4_msgs) StdoutLine: {'line': b'-- Up-to-date: /home/harsh/ros2_project/install/px4_msgs/include/px4_msgs/px4_msgs/msg/autotune_attitude_control_status.hpp\n'}
[1.172720] (px4_msgs) StdoutLine: {'line': b'-- Up-to-date: /home/harsh/ros2_project/install/px4_msgs/include/px4_msgs/px4_msgs/msg/position_controller_landing_status.hpp\n'}
[1.172756] (px4_msgs) StdoutLine: {'line': b'-- Up-to-date: /home/harsh/ros2_project/install/px4_msgs/include/px4_msgs/px4_msgs/msg/vehicle_land_detected.hpp\n'}
[1.172791] (px4_msgs) StdoutLine: {'line': b'-- Up-to-date: /home/harsh/ros2_project/install/px4_msgs/include/px4_msgs/px4_msgs/msg/actuator_test.hpp\n'}
[1.172827] (px4_msgs) StdoutLine: {'line': b'-- Up-to-date: /home/harsh/ros2_project/install/px4_msgs/include/px4_msgs/px4_msgs/msg/orb_test.hpp\n'}
[1.172863] (px4_msgs) StdoutLine: {'line': b'-- Up-to-date: /home/harsh/ros2_project/install/px4_msgs/include/px4_msgs/px4_msgs/msg/airspeed_wind.hpp\n'}
[1.172899] (px4_msgs) StdoutLine: {'line': b'-- Up-to-date: /home/harsh/ros2_project/install/px4_msgs/include/px4_msgs/px4_msgs/msg/actuator_outputs.hpp\n'}
[1.172937] (px4_msgs) StdoutLine: {'line': b'-- Up-to-date: /home/harsh/ros2_project/install/px4_msgs/include/px4_msgs/px4_msgs/msg/differential_pressure.hpp\n'}
[1.172974] (px4_msgs) StdoutLine: {'line': b'-- Up-to-date: /home/harsh/ros2_project/install/px4_msgs/include/px4_msgs/px4_msgs/msg/differential_drive_setpoint.hpp\n'}
[1.173012] (px4_msgs) StdoutLine: {'line': b'-- Up-to-date: /home/harsh/ros2_project/install/px4_msgs/include/px4_msgs/px4_msgs/msg/position_controller_status.hpp\n'}
[1.173052] (px4_msgs) StdoutLine: {'line': b'-- Up-to-date: /home/harsh/ros2_project/install/px4_msgs/include/px4_msgs/px4_msgs/msg/failsafe_flags.hpp\n'}
[1.173090] (px4_msgs) StdoutLine: {'line': b'-- Up-to-date: /home/harsh/ros2_project/install/px4_msgs/include/px4_msgs/px4_msgs/msg/heater_status.hpp\n'}
[1.173127] (px4_msgs) StdoutLine: {'line': b'-- Up-to-date: /home/harsh/ros2_project/install/px4_msgs/include/px4_msgs/px4_msgs/msg/sensor_optical_flow.hpp\n'}
[1.173164] (px4_msgs) StdoutLine: {'line': b'-- Up-to-date: /home/harsh/ros2_project/install/px4_msgs/include/px4_msgs/px4_msgs/msg/estimator_bias3d.hpp\n'}
[1.173201] (px4_msgs) StdoutLine: {'line': b'-- Up-to-date: /home/harsh/ros2_project/install/px4_msgs/include/px4_msgs/px4_msgs/msg/battery_status.hpp\n'}
[1.173238] (px4_msgs) StdoutLine: {'line': b'-- Up-to-date: /home/harsh/ros2_project/install/px4_msgs/include/px4_msgs/px4_msgs/msg/rate_ctrl_status.hpp\n'}
[1.173274] (px4_msgs) StdoutLine: {'line': b'-- Up-to-date: /home/harsh/ros2_project/install/px4_msgs/include/px4_msgs/px4_msgs/msg/sensor_gnss_relative.hpp\n'}
[1.173311] (px4_msgs) StdoutLine: {'line': b'-- Up-to-date: /home/harsh/ros2_project/install/px4_msgs/include/px4_msgs/px4_msgs/msg/sensor_hygrometer.hpp\n'}
[1.173347] (px4_msgs) StdoutLine: {'line': b'-- Up-to-date: /home/harsh/ros2_project/install/px4_msgs/include/px4_msgs/px4_msgs/msg/actuator_servos_trim.hpp\n'}
[1.173387] (px4_msgs) StdoutLine: {'line': b'-- Up-to-date: /home/harsh/ros2_project/install/px4_msgs/include/px4_msgs/px4_msgs/msg/gimbal_device_attitude_status.hpp\n'}
[1.173422] (px4_msgs) StdoutLine: {'line': b'-- Up-to-date: /home/harsh/ros2_project/install/px4_msgs/include/px4_msgs/px4_msgs/msg/estimator_aid_source1d.hpp\n'}
[1.173458] (px4_msgs) StdoutLine: {'line': b'-- Up-to-date: /home/harsh/ros2_project/install/px4_msgs/include/px4_msgs/px4_msgs/msg/action_request.hpp\n'}
[1.173494] (px4_msgs) StdoutLine: {'line': b'-- Up-to-date: /home/harsh/ros2_project/install/px4_msgs/include/px4_msgs/px4_msgs/msg/vehicle_global_position.hpp\n'}
[1.173530] (px4_msgs) StdoutLine: {'line': b'-- Up-to-date: /home/harsh/ros2_project/install/px4_msgs/include/px4_msgs/px4_msgs/msg/gimbal_controls.hpp\n'}
[1.173567] (px4_msgs) StdoutLine: {'line': b'-- Up-to-date: /home/harsh/ros2_project/install/px4_msgs/include/px4_msgs/px4_msgs/msg/navigator_mission_item.hpp\n'}
[1.173605] (px4_msgs) StdoutLine: {'line': b'-- Up-to-date: /home/harsh/ros2_project/install/px4_msgs/include/px4_msgs/px4_msgs/msg/launch_detection_status.hpp\n'}
[1.173642] (px4_msgs) StdoutLine: {'line': b'-- Up-to-date: /home/harsh/ros2_project/install/px4_msgs/include/px4_msgs/px4_msgs/msg/mount_orientation.hpp\n'}
[1.173677] (px4_msgs) StdoutLine: {'line': b'-- Up-to-date: /home/harsh/ros2_project/install/px4_msgs/include/px4_msgs/px4_msgs/msg/gimbal_manager_set_attitude.hpp\n'}
[1.173713] (px4_msgs) StdoutLine: {'line': b'-- Up-to-date: /home/harsh/ros2_project/install/px4_msgs/include/px4_msgs/px4_msgs/msg/vtol_vehicle_status.hpp\n'}
[1.173749] (px4_msgs) StdoutLine: {'line': b'-- Up-to-date: /home/harsh/ros2_project/install/px4_msgs/include/px4_msgs/px4_msgs/msg/gimbal_manager_information.hpp\n'}
[1.173786] (px4_msgs) StdoutLine: {'line': b'-- Up-to-date: /home/harsh/ros2_project/install/px4_msgs/include/px4_msgs/px4_msgs/msg/logger_status.hpp\n'}
[1.173822] (px4_msgs) StdoutLine: {'line': b'-- Up-to-date: /home/harsh/ros2_project/install/px4_msgs/include/px4_msgs/px4_msgs/msg/internal_combustion_engine_status.hpp\n'}
[1.173861] (px4_msgs) StdoutLine: {'line': b'-- Up-to-date: /home/harsh/ros2_project/install/px4_msgs/include/px4_msgs/px4_msgs/msg/takeoff_status.hpp\n'}
[1.173898] (px4_msgs) StdoutLine: {'line': b'-- Up-to-date: /home/harsh/ros2_project/install/px4_msgs/include/px4_msgs/px4_msgs/msg/vehicle_imu_status.hpp\n'}
[1.173936] (px4_msgs) StdoutLine: {'line': b'-- Up-to-date: /home/harsh/ros2_project/install/px4_msgs/include/px4_msgs/px4_msgs/msg/home_position.hpp\n'}
[1.173973] (px4_msgs) StdoutLine: {'line': b'-- Up-to-date: /home/harsh/ros2_project/install/px4_msgs/include/px4_msgs/px4_msgs/msg/follow_target.hpp\n'}
[1.174016] (px4_msgs) StdoutLine: {'line': b'-- Up-to-date: /home/harsh/ros2_project/install/px4_msgs/include/px4_msgs/px4_msgs/msg/pwm_input.hpp\n'}
[1.174056] (px4_msgs) StdoutLine: {'line': b'-- Up-to-date: /home/harsh/ros2_project/install/px4_msgs/include/px4_msgs/px4_msgs/msg/telemetry_status.hpp\n'}
[1.174094] (px4_msgs) StdoutLine: {'line': b'-- Up-to-date: /home/harsh/ros2_project/install/px4_msgs/include/px4_msgs/px4_msgs/msg/ulog_stream.hpp\n'}
[1.174134] (px4_msgs) StdoutLine: {'line': b'-- Up-to-date: /home/harsh/ros2_project/install/px4_msgs/include/px4_msgs/px4_msgs/msg/camera_trigger.hpp\n'}
[1.174171] (px4_msgs) StdoutLine: {'line': b'-- Up-to-date: /home/harsh/ros2_project/install/px4_msgs/include/px4_msgs/px4_msgs/msg/normalized_unsigned_setpoint.hpp\n'}
[1.174210] (px4_msgs) StdoutLine: {'line': b'-- Up-to-date: /home/harsh/ros2_project/install/px4_msgs/include/px4_msgs/px4_msgs/msg/sensor_airflow.hpp\n'}
[1.174249] (px4_msgs) StdoutLine: {'line': b'-- Up-to-date: /home/harsh/ros2_project/install/px4_msgs/include/px4_msgs/px4_msgs/msg/geofence_result.hpp\n'}
[1.174287] (px4_msgs) StdoutLine: {'line': b'-- Up-to-date: /home/harsh/ros2_project/install/px4_msgs/include/px4_msgs/px4_msgs/msg/buffer128.hpp\n'}
[1.174323] (px4_msgs) StdoutLine: {'line': b'-- Up-to-date: /home/harsh/ros2_project/install/px4_msgs/include/px4_msgs/px4_msgs/msg/config_overrides.hpp\n'}
[1.174360] (px4_msgs) StdoutLine: {'line': b'-- Up-to-date: /home/harsh/ros2_project/install/px4_msgs/include/px4_msgs/px4_msgs/msg/parameter_set_value_request.hpp\n'}
[1.174397] (px4_msgs) StdoutLine: {'line': b'-- Up-to-date: /home/harsh/ros2_project/install/px4_msgs/include/px4_msgs/px4_msgs/msg/wheel_encoders.hpp\n'}
[1.174434] (px4_msgs) StdoutLine: {'line': b'-- Up-to-date: /home/harsh/ros2_project/install/px4_msgs/include/px4_msgs/px4_msgs/msg/gps_dump.hpp\n'}
[1.174471] (px4_msgs) StdoutLine: {'line': b'-- Up-to-date: /home/harsh/ros2_project/install/px4_msgs/include/px4_msgs/px4_msgs/msg/led_control.hpp\n'}
[1.174509] (px4_msgs) StdoutLine: {'line': b'-- Up-to-date: /home/harsh/ros2_project/install/px4_msgs/include/px4_msgs/px4_msgs/msg/sensor_accel_fifo.hpp\n'}
[1.174547] (px4_msgs) StdoutLine: {'line': b'-- Up-to-date: /home/harsh/ros2_project/install/px4_msgs/include/px4_msgs/px4_msgs/msg/vehicle_acceleration.hpp\n'}
[1.174583] (px4_msgs) StdoutLine: {'line': b'-- Up-to-date: /home/harsh/ros2_project/install/px4_msgs/include/px4_msgs/px4_msgs/msg/vehicle_optical_flow.hpp\n'}
[1.174621] (px4_msgs) StdoutLine: {'line': b'-- Up-to-date: /home/harsh/ros2_project/install/px4_msgs/include/px4_msgs/px4_msgs/msg/rc_channels.hpp\n'}
[1.174658] (px4_msgs) StdoutLine: {'line': b'-- Up-to-date: /home/harsh/ros2_project/install/px4_msgs/include/px4_msgs/px4_msgs/msg/dataman_response.hpp\n'}
[1.174696] (px4_msgs) StdoutLine: {'line': b'-- Up-to-date: /home/harsh/ros2_project/install/px4_msgs/include/px4_msgs/px4_msgs/msg/estimator_states.hpp\n'}
[1.174731] (px4_msgs) StdoutLine: {'line': b'-- Up-to-date: /home/harsh/ros2_project/install/px4_msgs/include/px4_msgs/px4_msgs/msg/landing_target_pose.hpp\n'}
[1.174769] (px4_msgs) StdoutLine: {'line': b'-- Up-to-date: /home/harsh/ros2_project/install/px4_msgs/include/px4_msgs/px4_msgs/msg/orbit_status.hpp\n'}
[1.174814] (px4_msgs) StdoutLine: {'line': b'-- Up-to-date: /home/harsh/ros2_project/install/px4_msgs/include/px4_msgs/px4_msgs/msg/npfg_status.hpp\n'}
[1.174852] (px4_msgs) StdoutLine: {'line': b'-- Up-to-date: /home/harsh/ros2_project/install/px4_msgs/include/px4_msgs/px4_msgs/msg/vehicle_magnetometer.hpp\n'}
[1.174891] (px4_msgs) StdoutLine: {'line': b'-- Up-to-date: /home/harsh/ros2_project/install/px4_msgs/include/px4_msgs/px4_msgs/msg/uavcan_parameter_request.hpp\n'}
[1.174929] (px4_msgs) StdoutLine: {'line': b'-- Up-to-date: /home/harsh/ros2_project/install/px4_msgs/include/px4_msgs/px4_msgs/msg/mavlink_log.hpp\n'}
[1.174966] (px4_msgs) StdoutLine: {'line': b'-- Up-to-date: /home/harsh/ros2_project/install/px4_msgs/include/px4_msgs/px4_msgs/msg/satellite_info.hpp\n'}
[1.175003] (px4_msgs) StdoutLine: {'line': b'-- Up-to-date: /home/harsh/ros2_project/install/px4_msgs/include/px4_msgs/px4_msgs/msg/transponder_report.hpp\n'}
[1.175046] (px4_msgs) StdoutLine: {'line': b'-- Up-to-date: /home/harsh/ros2_project/install/px4_msgs/include/px4_msgs/px4_msgs/msg/event.hpp\n'}
[1.175085] (px4_msgs) StdoutLine: {'line': b'-- Up-to-date: /home/harsh/ros2_project/install/px4_msgs/include/px4_msgs/px4_msgs/msg/input_rc.hpp\n'}
[1.175123] (px4_msgs) StdoutLine: {'line': b'-- Up-to-date: /home/harsh/ros2_project/install/px4_msgs/include/px4_msgs/px4_msgs/msg/rtl_time_estimate.hpp\n'}
[1.175162] (px4_msgs) StdoutLine: {'line': b'-- Up-to-date: /home/harsh/ros2_project/install/px4_msgs/include/px4_msgs/px4_msgs/msg/vehicle_roi.hpp\n'}
[1.175200] (px4_msgs) StdoutLine: {'line': b'-- Up-to-date: /home/harsh/ros2_project/install/px4_msgs/include/px4_msgs/px4_msgs/msg/sensor_gyro_fifo.hpp\n'}
[1.175240] (px4_msgs) StdoutLine: {'line': b'-- Up-to-date: /home/harsh/ros2_project/install/px4_msgs/include/px4_msgs/px4_msgs/msg/power_button_state.hpp\n'}
[1.175279] (px4_msgs) StdoutLine: {'line': b'-- Up-to-date: /home/harsh/ros2_project/install/px4_msgs/include/px4_msgs/px4_msgs/msg/debug_value.hpp\n'}
[1.175316] (px4_msgs) StdoutLine: {'line': b'-- Up-to-date: /home/harsh/ros2_project/install/px4_msgs/include/px4_msgs/px4_msgs/msg/debug_array.hpp\n'}
[1.175354] (px4_msgs) StdoutLine: {'line': b'-- Up-to-date: /home/harsh/ros2_project/install/px4_msgs/include/px4_msgs/px4_msgs/msg/follow_target_estimator.hpp\n'}
[1.175392] (px4_msgs) StdoutLine: {'line': b'-- Up-to-date: /home/harsh/ros2_project/install/px4_msgs/include/px4_msgs/px4_msgs/msg/distance_sensor.hpp\n'}
[1.175429] (px4_msgs) StdoutLine: {'line': b'-- Up-to-date: /home/harsh/ros2_project/install/px4_msgs/include/px4_msgs/px4_msgs/msg/can_interface_status.hpp\n'}
[1.175467] (px4_msgs) StdoutLine: {'line': b'-- Up-to-date: /home/harsh/ros2_project/install/px4_msgs/include/px4_msgs/px4_msgs/msg/cpuload.hpp\n'}
[1.175507] (px4_msgs) StdoutLine: {'line': b'-- Up-to-date: /home/harsh/ros2_project/install/px4_msgs/include/px4_msgs/px4_msgs/msg/sensor_gps.hpp\n'}
[1.175547] (px4_msgs) StdoutLine: {'line': b'-- Up-to-date: /home/harsh/ros2_project/install/px4_msgs/include/px4_msgs/px4_msgs/msg/mission_result.hpp\n'}
[1.175585] (px4_msgs) StdoutLine: {'line': b'-- Up-to-date: /home/harsh/ros2_project/install/px4_msgs/include/px4_msgs/px4_msgs/msg/generator_status.hpp\n'}
[1.175625] (px4_msgs) StdoutLine: {'line': b'-- Up-to-date: /home/harsh/ros2_project/install/px4_msgs/include/px4_msgs/px4_msgs/msg/sensor_uwb.hpp\n'}
[1.175663] (px4_msgs) StdoutLine: {'line': b'-- Up-to-date: /home/harsh/ros2_project/install/px4_msgs/include/px4_msgs/px4_msgs/msg/actuator_servos.hpp\n'}
[1.175702] (px4_msgs) StdoutLine: {'line': b'-- Up-to-date: /home/harsh/ros2_project/install/px4_msgs/include/px4_msgs/px4_msgs/msg/arming_check_request.hpp\n'}
[1.175742] (px4_msgs) StdoutLine: {'line': b'-- Up-to-date: /home/harsh/ros2_project/install/px4_msgs/include/px4_msgs/px4_msgs/msg/register_ext_component_request.hpp\n'}
[1.175782] (px4_msgs) StdoutLine: {'line': b'-- Up-to-date: /home/harsh/ros2_project/install/px4_msgs/include/px4_msgs/px4_msgs/msg/trajectory_waypoint.hpp\n'}
[1.175822] (px4_msgs) StdoutLine: {'line': b'-- Up-to-date: /home/harsh/ros2_project/install/px4_msgs/include/px4_msgs/px4_msgs/msg/airspeed.hpp\n'}
[1.175861] (px4_msgs) StdoutLine: {'line': b'-- Up-to-date: /home/harsh/ros2_project/install/px4_msgs/include/px4_msgs/px4_msgs/msg/estimator_selector_status.hpp\n'}
[1.175904] (px4_msgs) StdoutLine: {'line': b'-- Up-to-date: /home/harsh/ros2_project/install/px4_msgs/include/px4_msgs/px4_msgs/msg/sensor_mag.hpp\n'}
[1.175943] (px4_msgs) StdoutLine: {'line': b'-- Up-to-date: /home/harsh/ros2_project/install/px4_msgs/include/px4_msgs/px4_msgs/msg/tune_control.hpp\n'}
[1.175982] (px4_msgs) StdoutLine: {'line': b'-- Up-to-date: /home/harsh/ros2_project/install/px4_msgs/include/px4_msgs/px4_msgs/msg/gripper.hpp\n'}
[1.176026] (px4_msgs) StdoutLine: {'line': b'-- Up-to-date: /home/harsh/ros2_project/install/px4_msgs/include/px4_msgs/px4_msgs/msg/radio_status.hpp\n'}
[1.176068] (px4_msgs) StdoutLine: {'line': b'-- Up-to-date: /home/harsh/ros2_project/install/px4_msgs/include/px4_msgs/px4_msgs/msg/rc_parameter_map.hpp\n'}
[1.176107] (px4_msgs) StdoutLine: {'line': b'-- Up-to-date: /home/harsh/ros2_project/install/px4_msgs/include/px4_msgs/px4_msgs/msg/follow_target_status.hpp\n'}
[1.176147] (px4_msgs) StdoutLine: {'line': b'-- Up-to-date: /home/harsh/ros2_project/install/px4_msgs/include/px4_msgs/px4_msgs/msg/collision_constraints.hpp\n'}
[1.176188] (px4_msgs) StdoutLine: {'line': b'-- Up-to-date: /home/harsh/ros2_project/install/px4_msgs/include/px4_msgs/px4_msgs/msg/ulog_stream_ack.hpp\n'}
[1.176229] (px4_msgs) StdoutLine: {'line': b'-- Up-to-date: /home/harsh/ros2_project/install/px4_msgs/include/px4_msgs/px4_msgs/msg/airspeed_validated.hpp\n'}
[1.176269] (px4_msgs) StdoutLine: {'line': b'-- Up-to-date: /home/harsh/ros2_project/install/px4_msgs/include/px4_msgs/px4_msgs/msg/parameter_set_used_request.hpp\n'}
[1.176313] (px4_msgs) StdoutLine: {'line': b'-- Up-to-date: /home/harsh/ros2_project/install/px4_msgs/include/px4_msgs/px4_msgs/msg/tiltrotor_extra_controls.hpp\n'}
[1.176355] (px4_msgs) StdoutLine: {'line': b'-- Up-to-date: /home/harsh/ros2_project/install/px4_msgs/include/px4_msgs/px4_msgs/msg/magnetometer_bias_estimate.hpp\n'}
[1.176394] (px4_msgs) StdoutLine: {'line': b'-- Up-to-date: /home/harsh/ros2_project/install/px4_msgs/include/px4_msgs/px4_msgs/msg/vehicle_trajectory_bezier.hpp\n'}
[1.176433] (px4_msgs) StdoutLine: {'line': b'-- Up-to-date: /home/harsh/ros2_project/install/px4_msgs/include/px4_msgs/px4_msgs/msg/yaw_estimator_status.hpp\n'}
[1.176473] (px4_msgs) StdoutLine: {'line': b'-- Up-to-date: /home/harsh/ros2_project/install/px4_msgs/include/px4_msgs/px4_msgs/msg/vehicle_command_ack.hpp\n'}
[1.176513] (px4_msgs) StdoutLine: {'line': b'-- Up-to-date: /home/harsh/ros2_project/install/px4_msgs/include/px4_msgs/px4_msgs/msg/failure_detector_status.hpp\n'}
[1.176553] (px4_msgs) StdoutLine: {'line': b'-- Up-to-date: /home/harsh/ros2_project/install/px4_msgs/include/px4_msgs/px4_msgs/msg/dataman_request.hpp\n'}
[1.176592] (px4_msgs) StdoutLine: {'line': b'-- Up-to-date: /home/harsh/ros2_project/install/px4_msgs/include/px4_msgs/px4_msgs/msg/gpio_in.hpp\n'}
[1.176632] (px4_msgs) StdoutLine: {'line': b'-- Up-to-date: /home/harsh/ros2_project/install/px4_msgs/include/px4_msgs/px4_msgs/msg/landing_target_innovations.hpp\n'}
[1.176673] (px4_msgs) StdoutLine: {'line': b'-- Up-to-date: /home/harsh/ros2_project/install/px4_msgs/include/px4_msgs/px4_msgs/msg/message_format_response.hpp\n'}
[1.176714] (px4_msgs) StdoutLine: {'line': b'-- Up-to-date: /home/harsh/ros2_project/install/px4_msgs/include/px4_msgs/px4_msgs/msg/landing_gear.hpp\n'}
[1.176756] (px4_msgs) StdoutLine: {'line': b'-- Up-to-date: /home/harsh/ros2_project/install/px4_msgs/include/px4_msgs/px4_msgs/msg/manual_control_setpoint.hpp\n'}
[1.176798] (px4_msgs) StdoutLine: {'line': b'-- Up-to-date: /home/harsh/ros2_project/install/px4_msgs/include/px4_msgs/px4_msgs/msg/orb_test_large.hpp\n'}
[1.176841] (px4_msgs) StdoutLine: {'line': b'-- Up-to-date: /home/harsh/ros2_project/install/px4_msgs/include/px4_msgs/px4_msgs/msg/orb_test_medium.hpp\n'}
[1.176882] (px4_msgs) StdoutLine: {'line': b'-- Up-to-date: /home/harsh/ros2_project/install/px4_msgs/include/px4_msgs/px4_msgs/msg/hover_thrust_estimate.hpp\n'}
[1.176925] (px4_msgs) StdoutLine: {'line': b'-- Up-to-date: /home/harsh/ros2_project/install/px4_msgs/include/px4_msgs/px4_msgs/msg/manual_control_switches.hpp\n'}
[1.176967] (px4_msgs) StdoutLine: {'line': b'-- Up-to-date: /home/harsh/ros2_project/install/px4_msgs/include/px4_msgs/px4_msgs/msg/irlock_report.hpp\n'}
[1.177008] (px4_msgs) StdoutLine: {'line': b'-- Up-to-date: /home/harsh/ros2_project/install/px4_msgs/include/px4_msgs/px4_msgs/msg/esc_report.hpp\n'}
[1.177056] (px4_msgs) StdoutLine: {'line': b'-- Up-to-date: /home/harsh/ros2_project/install/px4_msgs/include/px4_msgs/px4_msgs/msg/mode_completed.hpp\n'}
[1.177097] (px4_msgs) StdoutLine: {'line': b'-- Up-to-date: /home/harsh/ros2_project/install/px4_msgs/include/px4_msgs/px4_msgs/msg/vehicle_attitude.hpp\n'}
[1.177140] (px4_msgs) StdoutLine: {'line': b'-- Up-to-date: /home/harsh/ros2_project/install/px4_msgs/include/px4_msgs/px4_msgs/msg/rosidl_generator_cpp__visibility_control.hpp\n'}
[1.177183] (px4_msgs) StdoutLine: {'line': b'-- Up-to-date: /home/harsh/ros2_project/install/px4_msgs/include/px4_msgs/px4_msgs/msg/debug_key_value.hpp\n'}
[1.177224] (px4_msgs) StdoutLine: {'line': b'-- Up-to-date: /home/harsh/ros2_project/install/px4_msgs/include/px4_msgs/px4_msgs/msg/collision_report.hpp\n'}
[1.177263] (px4_msgs) StdoutLine: {'line': b'-- Up-to-date: /home/harsh/ros2_project/install/px4_msgs/include/px4_msgs/px4_msgs/msg/estimator_bias.hpp\n'}
[1.177304] (px4_msgs) StdoutLine: {'line': b'-- Up-to-date: /home/harsh/ros2_project/install/px4_msgs/include/px4_msgs/px4_msgs/msg/gpio_request.hpp\n'}
[1.177344] (px4_msgs) StdoutLine: {'line': b'-- Up-to-date: /home/harsh/ros2_project/install/px4_msgs/include/px4_msgs/px4_msgs/msg/arming_check_reply.hpp\n'}
[1.177384] (px4_msgs) StdoutLine: {'line': b'-- Up-to-date: /home/harsh/ros2_project/install/px4_msgs/include/px4_msgs/px4_msgs/msg/ekf2_timestamps.hpp\n'}
[1.177424] (px4_msgs) StdoutLine: {'line': b'-- Up-to-date: /home/harsh/ros2_project/install/px4_msgs/include/px4_msgs/px4_msgs/msg/sensors_status_imu.hpp\n'}
[1.177464] (px4_msgs) StdoutLine: {'line': b'-- Up-to-date: /home/harsh/ros2_project/install/px4_msgs/include/px4_msgs/px4_msgs/msg/qshell_retval.hpp\n'}
[1.177505] (px4_msgs) StdoutLine: {'line': b'-- Up-to-date: /home/harsh/ros2_project/install/px4_msgs/include/px4_msgs/px4_msgs/msg/sensor_preflight_mag.hpp\n'}
[1.177545] (px4_msgs) StdoutLine: {'line': b'-- Up-to-date: /home/harsh/ros2_project/install/px4_msgs/include/px4_msgs/px4_msgs/msg/gimbal_manager_status.hpp\n'}
[1.177586] (px4_msgs) StdoutLine: {'line': b'-- Up-to-date: /home/harsh/ros2_project/install/px4_msgs/include/px4_msgs/px4_msgs/msg/message_format_request.hpp\n'}
[1.177626] (px4_msgs) StdoutLine: {'line': b'-- Up-to-date: /home/harsh/ros2_project/install/px4_msgs/include/px4_msgs/px4_msgs/msg/iridiumsbd_status.hpp\n'}
[1.177667] (px4_msgs) StdoutLine: {'line': b'-- Up-to-date: /home/harsh/ros2_project/install/px4_msgs/include/px4_msgs/px4_msgs/msg/gpio_out.hpp\n'}
[1.177709] (px4_msgs) StdoutLine: {'line': b'-- Up-to-date: /home/harsh/ros2_project/install/px4_msgs/include/px4_msgs/px4_msgs/msg/gimbal_device_set_attitude.hpp\n'}
[1.177750] (px4_msgs) StdoutLine: {'line': b'-- Up-to-date: /home/harsh/ros2_project/install/px4_msgs/include/px4_msgs/px4_msgs/msg/position_setpoint_triplet.hpp\n'}
[1.177792] (px4_msgs) StdoutLine: {'line': b'-- Up-to-date: /home/harsh/ros2_project/install/px4_msgs/include/px4_msgs/px4_msgs/msg/estimator_aid_source2d.hpp\n'}
[1.177837] (px4_msgs) StdoutLine: {'line': b'-- Up-to-date: /home/harsh/ros2_project/install/px4_msgs/include/px4_msgs/px4_msgs/msg/obstacle_distance.hpp\n'}
[1.177880] (px4_msgs) StdoutLine: {'line': b'-- Up-to-date: /home/harsh/ros2_project/install/px4_msgs/include/px4_msgs/px4_msgs/msg/register_ext_component_reply.hpp\n'}
[1.177923] (px4_msgs) StdoutLine: {'line': b'-- Up-to-date: /home/harsh/ros2_project/install/px4_msgs/include/px4_msgs/px4_msgs/msg/camera_capture.hpp\n'}
[1.177965] (px4_msgs) StdoutLine: {'line': b'-- Up-to-date: /home/harsh/ros2_project/install/px4_msgs/include/px4_msgs/px4_msgs/msg/control_allocator_status.hpp\n'}
[1.178009] (px4_msgs) StdoutLine: {'line': b'-- Up-to-date: /home/harsh/ros2_project/install/px4_msgs/include/px4_msgs/px4_msgs/msg/parameter_reset_request.hpp\n'}
[1.178058] (px4_msgs) StdoutLine: {'line': b'-- Up-to-date: /home/harsh/ros2_project/install/px4_msgs/include/px4_msgs/px4_msgs/msg/button_event.hpp\n'}
[1.178101] (px4_msgs) StdoutLine: {'line': b'-- Up-to-date: /home/harsh/ros2_project/install/px4_msgs/include/px4_msgs/px4_msgs/msg/estimator_innovations.hpp\n'}
[1.178143] (px4_msgs) StdoutLine: {'line': b'-- Up-to-date: /home/harsh/ros2_project/install/px4_msgs/include/px4_msgs/px4_msgs/msg/vehicle_odometry.hpp\n'}
[1.178184] (px4_msgs) StdoutLine: {'line': b'-- Up-to-date: /home/harsh/ros2_project/install/px4_msgs/include/px4_msgs/px4_msgs/msg/detail\n'}
[1.178225] (px4_msgs) StdoutLine: {'line': b'-- Up-to-date: /home/harsh/ros2_project/install/px4_msgs/include/px4_msgs/px4_msgs/msg/detail/task_stack_info__traits.hpp\n'}
[1.178267] (px4_msgs) StdoutLine: {'line': b'-- Up-to-date: /home/harsh/ros2_project/install/px4_msgs/include/px4_msgs/px4_msgs/msg/detail/estimator_event_flags__type_support.hpp\n'}
[1.178309] (px4_msgs) StdoutLine: {'line': b'-- Up-to-date: /home/harsh/ros2_project/install/px4_msgs/include/px4_msgs/px4_msgs/msg/detail/estimator_aid_source1d__builder.hpp\n'}
[1.178351] (px4_msgs) StdoutLine: {'line': b'-- Up-to-date: /home/harsh/ros2_project/install/px4_msgs/include/px4_msgs/px4_msgs/msg/detail/vehicle_angular_velocity__traits.hpp\n'}
[1.178394] (px4_msgs) StdoutLine: {'line': b'-- Up-to-date: /home/harsh/ros2_project/install/px4_msgs/include/px4_msgs/px4_msgs/msg/detail/trajectory_bezier__type_support.hpp\n'}
[1.178437] (px4_msgs) StdoutLine: {'line': b'-- Up-to-date: /home/harsh/ros2_project/install/px4_msgs/include/px4_msgs/px4_msgs/msg/detail/gimbal_controls__type_support.hpp\n'}
[1.178481] (px4_msgs) StdoutLine: {'line': b'-- Up-to-date: /home/harsh/ros2_project/install/px4_msgs/include/px4_msgs/px4_msgs/msg/detail/actuator_motors__traits.hpp\n'}
[1.178524] (px4_msgs) StdoutLine: {'line': b'-- Up-to-date: /home/harsh/ros2_project/install/px4_msgs/include/px4_msgs/px4_msgs/msg/detail/collision_constraints__builder.hpp\n'}
[1.178567] (px4_msgs) StdoutLine: {'line': b'-- Up-to-date: /home/harsh/ros2_project/install/px4_msgs/include/px4_msgs/px4_msgs/msg/detail/navigator_mission_item__traits.hpp\n'}
[1.178608] (px4_msgs) StdoutLine: {'line': b'-- Up-to-date: /home/harsh/ros2_project/install/px4_msgs/include/px4_msgs/px4_msgs/msg/detail/gpio_config__traits.hpp\n'}
[1.178649] (px4_msgs) StdoutLine: {'line': b'-- Up-to-date: /home/harsh/ros2_project/install/px4_msgs/include/px4_msgs/px4_msgs/msg/detail/rc_parameter_map__struct.hpp\n'}
[1.178690] (px4_msgs) StdoutLine: {'line': b'-- Up-to-date: /home/harsh/ros2_project/install/px4_msgs/include/px4_msgs/px4_msgs/msg/detail/gimbal_device_information__struct.hpp\n'}
[1.178733] (px4_msgs) StdoutLine: {'line': b'-- Up-to-date: /home/harsh/ros2_project/install/px4_msgs/include/px4_msgs/px4_msgs/msg/detail/airspeed_validated__builder.hpp\n'}
[1.178776] (px4_msgs) StdoutLine: {'line': b'-- Up-to-date: /home/harsh/ros2_project/install/px4_msgs/include/px4_msgs/px4_msgs/msg/detail/pps_capture__type_support.hpp\n'}
[1.178816] (px4_msgs) StdoutLine: {'line': b'-- Up-to-date: /home/harsh/ros2_project/install/px4_msgs/include/px4_msgs/px4_msgs/msg/detail/dataman_response__builder.hpp\n'}
[1.178857] (px4_msgs) StdoutLine: {'line': b'-- Up-to-date: /home/harsh/ros2_project/install/px4_msgs/include/px4_msgs/px4_msgs/msg/detail/parameter_reset_request__type_support.hpp\n'}
[1.178901] (px4_msgs) StdoutLine: {'line': b'-- Up-to-date: /home/harsh/ros2_project/install/px4_msgs/include/px4_msgs/px4_msgs/msg/detail/uavcan_parameter_request__struct.hpp\n'}
[1.178944] (px4_msgs) StdoutLine: {'line': b'-- Up-to-date: /home/harsh/ros2_project/install/px4_msgs/include/px4_msgs/px4_msgs/msg/detail/position_controller_landing_status__struct.hpp\n'}
[1.178989] (px4_msgs) StdoutLine: {'line': b'-- Up-to-date: /home/harsh/ros2_project/install/px4_msgs/include/px4_msgs/px4_msgs/msg/detail/button_event__type_support.hpp\n'}
[1.179049] (px4_msgs) StdoutLine: {'line': b'-- Up-to-date: /home/harsh/ros2_project/install/px4_msgs/include/px4_msgs/px4_msgs/msg/detail/estimator_bias3d__struct.hpp\n'}
[1.179094] (px4_msgs) StdoutLine: {'line': b'-- Up-to-date: /home/harsh/ros2_project/install/px4_msgs/include/px4_msgs/px4_msgs/msg/detail/parameter_set_value_request__type_support.hpp\n'}
[1.179139] (px4_msgs) StdoutLine: {'line': b'-- Up-to-date: /home/harsh/ros2_project/install/px4_msgs/include/px4_msgs/px4_msgs/msg/detail/sensor_gnss_relative__traits.hpp\n'}
[1.179184] (px4_msgs) StdoutLine: {'line': b'-- Up-to-date: /home/harsh/ros2_project/install/px4_msgs/include/px4_msgs/px4_msgs/msg/detail/vehicle_land_detected__traits.hpp\n'}
[1.179229] (px4_msgs) StdoutLine: {'line': b'-- Up-to-date: /home/harsh/ros2_project/install/px4_msgs/include/px4_msgs/px4_msgs/msg/detail/vehicle_constraints__type_support.hpp\n'}
[1.179279] (px4_msgs) StdoutLine: {'line': b'-- Up-to-date: /home/harsh/ros2_project/install/px4_msgs/include/px4_msgs/px4_msgs/msg/detail/vehicle_odometry__type_support.hpp\n'}
[1.179323] (px4_msgs) StdoutLine: {'line': b'-- Up-to-date: /home/harsh/ros2_project/install/px4_msgs/include/px4_msgs/px4_msgs/msg/detail/vehicle_trajectory_waypoint__builder.hpp\n'}
[1.179368] (px4_msgs) StdoutLine: {'line': b'-- Up-to-date: /home/harsh/ros2_project/install/px4_msgs/include/px4_msgs/px4_msgs/msg/detail/actuator_controls_status__builder.hpp\n'}
[1.179413] (px4_msgs) StdoutLine: {'line': b'-- Up-to-date: /home/harsh/ros2_project/install/px4_msgs/include/px4_msgs/px4_msgs/msg/detail/mavlink_log__traits.hpp\n'}
[1.179459] (px4_msgs) StdoutLine: {'line': b'-- Up-to-date: /home/harsh/ros2_project/install/px4_msgs/include/px4_msgs/px4_msgs/msg/detail/wheel_encoders__traits.hpp\n'}
[1.179506] (px4_msgs) StdoutLine: {'line': b'-- Up-to-date: /home/harsh/ros2_project/install/px4_msgs/include/px4_msgs/px4_msgs/msg/detail/battery_status__traits.hpp\n'}
[1.179555] (px4_msgs) StdoutLine: {'line': b'-- Up-to-date: /home/harsh/ros2_project/install/px4_msgs/include/px4_msgs/px4_msgs/msg/detail/timesync_status__builder.hpp\n'}
[1.179602] (px4_msgs) StdoutLine: {'line': b'-- Up-to-date: /home/harsh/ros2_project/install/px4_msgs/include/px4_msgs/px4_msgs/msg/detail/estimator_sensor_bias__builder.hpp\n'}
[1.179648] (px4_msgs) StdoutLine: {'line': b'-- Up-to-date: /home/harsh/ros2_project/install/px4_msgs/include/px4_msgs/px4_msgs/msg/detail/trajectory_waypoint__builder.hpp\n'}
[1.179694] (px4_msgs) StdoutLine: {'line': b'-- Up-to-date: /home/harsh/ros2_project/install/px4_msgs/include/px4_msgs/px4_msgs/msg/detail/logger_status__traits.hpp\n'}
[1.179741] (px4_msgs) StdoutLine: {'line': b'-- Up-to-date: /home/harsh/ros2_project/install/px4_msgs/include/px4_msgs/px4_msgs/msg/detail/health_report__struct.hpp\n'}
[1.179786] (px4_msgs) StdoutLine: {'line': b'-- Up-to-date: /home/harsh/ros2_project/install/px4_msgs/include/px4_msgs/px4_msgs/msg/detail/esc_status__struct.hpp\n'}
[1.179830] (px4_msgs) StdoutLine: {'line': b'-- Up-to-date: /home/harsh/ros2_project/install/px4_msgs/include/px4_msgs/px4_msgs/msg/detail/qshell_retval__type_support.hpp\n'}
[1.179876] (px4_msgs) StdoutLine: {'line': b'-- Up-to-date: /home/harsh/ros2_project/install/px4_msgs/include/px4_msgs/px4_msgs/msg/detail/vehicle_optical_flow__traits.hpp\n'}
[1.179924] (px4_msgs) StdoutLine: {'line': b'-- Up-to-date: /home/harsh/ros2_project/install/px4_msgs/include/px4_msgs/px4_msgs/msg/detail/obstacle_distance__traits.hpp\n'}
[1.179971] (px4_msgs) StdoutLine: {'line': b'-- Up-to-date: /home/harsh/ros2_project/install/px4_msgs/include/px4_msgs/px4_msgs/msg/detail/vehicle_roi__type_support.hpp\n'}
[1.180020] (px4_msgs) StdoutLine: {'line': b'-- Up-to-date: /home/harsh/ros2_project/install/px4_msgs/include/px4_msgs/px4_msgs/msg/detail/normalized_unsigned_setpoint__traits.hpp\n'}
[1.180072] (px4_msgs) StdoutLine: {'line': b'-- Up-to-date: /home/harsh/ros2_project/install/px4_msgs/include/px4_msgs/px4_msgs/msg/detail/estimator_aid_source3d__type_support.hpp\n'}
[1.180120] (px4_msgs) StdoutLine: {'line': b'-- Up-to-date: /home/harsh/ros2_project/install/px4_msgs/include/px4_msgs/px4_msgs/msg/detail/vehicle_odometry__struct.hpp\n'}
[1.180163] (px4_msgs) StdoutLine: {'line': b'-- Up-to-date: /home/harsh/ros2_project/install/px4_msgs/include/px4_msgs/px4_msgs/msg/detail/rate_ctrl_status__struct.hpp\n'}
[1.180205] (px4_msgs) StdoutLine: {'line': b'-- Up-to-date: /home/harsh/ros2_project/install/px4_msgs/include/px4_msgs/px4_msgs/msg/detail/gimbal_device_information__builder.hpp\n'}
[1.180248] (px4_msgs) StdoutLine: {'line': b'-- Up-to-date: /home/harsh/ros2_project/install/px4_msgs/include/px4_msgs/px4_msgs/msg/detail/vehicle_thrust_setpoint__struct.hpp\n'}
[1.180291] (px4_msgs) StdoutLine: {'line': b'-- Up-to-date: /home/harsh/ros2_project/install/px4_msgs/include/px4_msgs/px4_msgs/msg/detail/airspeed_validated__traits.hpp\n'}
[1.180333] (px4_msgs) StdoutLine: {'line': b'-- Up-to-date: /home/harsh/ros2_project/install/px4_msgs/include/px4_msgs/px4_msgs/msg/detail/register_ext_component_reply__traits.hpp\n'}
[1.180378] (px4_msgs) StdoutLine: {'line': b'-- Up-to-date: /home/harsh/ros2_project/install/px4_msgs/include/px4_msgs/px4_msgs/msg/detail/dataman_response__traits.hpp\n'}
[1.180426] (px4_msgs) StdoutLine: {'line': b'-- Up-to-date: /home/harsh/ros2_project/install/px4_msgs/include/px4_msgs/px4_msgs/msg/detail/estimator_event_flags__traits.hpp\n'}
[1.180471] (px4_msgs) StdoutLine: {'line': b'-- Up-to-date: /home/harsh/ros2_project/install/px4_msgs/include/px4_msgs/px4_msgs/msg/detail/sensor_correction__traits.hpp\n'}
[1.180518] (px4_msgs) StdoutLine: {'line': b'-- Up-to-date: /home/harsh/ros2_project/install/px4_msgs/include/px4_msgs/px4_msgs/msg/detail/takeoff_status__type_support.hpp\n'}
[1.180563] (px4_msgs) StdoutLine: {'line': b'-- Up-to-date: /home/harsh/ros2_project/install/px4_msgs/include/px4_msgs/px4_msgs/msg/detail/rc_parameter_map__traits.hpp\n'}
[1.180607] (px4_msgs) StdoutLine: {'line': b'-- Up-to-date: /home/harsh/ros2_project/install/px4_msgs/include/px4_msgs/px4_msgs/msg/detail/vehicle_local_position__builder.hpp\n'}
[1.180652] (px4_msgs) StdoutLine: {'line': b'-- Up-to-date: /home/harsh/ros2_project/install/px4_msgs/include/px4_msgs/px4_msgs/msg/detail/actuator_motors__type_support.hpp\n'}
[1.180694] (px4_msgs) StdoutLine: {'line': b'-- Up-to-date: /home/harsh/ros2_project/install/px4_msgs/include/px4_msgs/px4_msgs/msg/detail/mag_worker_data__type_support.hpp\n'}
[1.180737] (px4_msgs) StdoutLine: {'line': b'-- Up-to-date: /home/harsh/ros2_project/install/px4_msgs/include/px4_msgs/px4_msgs/msg/detail/camera_capture__type_support.hpp\n'}
[1.180784] (px4_msgs) StdoutLine: {'line': b'-- Up-to-date: /home/harsh/ros2_project/install/px4_msgs/include/px4_msgs/px4_msgs/msg/detail/orb_test_medium__builder.hpp\n'}
[1.180827] (px4_msgs) StdoutLine: {'line': b'-- Up-to-date: /home/harsh/ros2_project/install/px4_msgs/include/px4_msgs/px4_msgs/msg/detail/vehicle_magnetometer__struct.hpp\n'}
[1.180871] (px4_msgs) StdoutLine: {'line': b'-- Up-to-date: /home/harsh/ros2_project/install/px4_msgs/include/px4_msgs/px4_msgs/msg/detail/estimator_sensor_bias__type_support.hpp\n'}
[1.180915] (px4_msgs) StdoutLine: {'line': b'-- Up-to-date: /home/harsh/ros2_project/install/px4_msgs/include/px4_msgs/px4_msgs/msg/detail/npfg_status__traits.hpp\n'}
[1.180958] (px4_msgs) StdoutLine: {'line': b'-- Up-to-date: /home/harsh/ros2_project/install/px4_msgs/include/px4_msgs/px4_msgs/msg/detail/vehicle_local_position__type_support.hpp\n'}
[1.181000] (px4_msgs) StdoutLine: {'line': b'-- Up-to-date: /home/harsh/ros2_project/install/px4_msgs/include/px4_msgs/px4_msgs/msg/detail/log_message__type_support.hpp\n'}
[1.181051] (px4_msgs) StdoutLine: {'line': b'-- Up-to-date: /home/harsh/ros2_project/install/px4_msgs/include/px4_msgs/px4_msgs/msg/detail/orbit_status__builder.hpp\n'}
[1.181096] (px4_msgs) StdoutLine: {'line': b'-- Up-to-date: /home/harsh/ros2_project/install/px4_msgs/include/px4_msgs/px4_msgs/msg/detail/rtl_time_estimate__builder.hpp\n'}
[1.181141] (px4_msgs) StdoutLine: {'line': b'-- Up-to-date: /home/harsh/ros2_project/install/px4_msgs/include/px4_msgs/px4_msgs/msg/detail/dataman_response__struct.hpp\n'}
[1.181184] (px4_msgs) StdoutLine: {'line': b'-- Up-to-date: /home/harsh/ros2_project/install/px4_msgs/include/px4_msgs/px4_msgs/msg/detail/sensor_gyro__builder.hpp\n'}
[1.181228] (px4_msgs) StdoutLine: {'line': b'-- Up-to-date: /home/harsh/ros2_project/install/px4_msgs/include/px4_msgs/px4_msgs/msg/detail/camera_trigger__traits.hpp\n'}
[1.181271] (px4_msgs) StdoutLine: {'line': b'-- Up-to-date: /home/harsh/ros2_project/install/px4_msgs/include/px4_msgs/px4_msgs/msg/detail/gripper__builder.hpp\n'}
[1.181316] (px4_msgs) StdoutLine: {'line': b'-- Up-to-date: /home/harsh/ros2_project/install/px4_msgs/include/px4_msgs/px4_msgs/msg/detail/vehicle_attitude__type_support.hpp\n'}
[1.181360] (px4_msgs) StdoutLine: {'line': b'-- Up-to-date: /home/harsh/ros2_project/install/px4_msgs/include/px4_msgs/px4_msgs/msg/detail/control_allocator_status__traits.hpp\n'}
[1.181403] (px4_msgs) StdoutLine: {'line': b'-- Up-to-date: /home/harsh/ros2_project/install/px4_msgs/include/px4_msgs/px4_msgs/msg/detail/esc_report__builder.hpp\n'}
[1.181446] (px4_msgs) StdoutLine: {'line': b'-- Up-to-date: /home/harsh/ros2_project/install/px4_msgs/include/px4_msgs/px4_msgs/msg/detail/differential_pressure__builder.hpp\n'}
[1.181489] (px4_msgs) StdoutLine: {'line': b'-- Up-to-date: /home/harsh/ros2_project/install/px4_msgs/include/px4_msgs/px4_msgs/msg/detail/mission_result__struct.hpp\n'}
[1.181533] (px4_msgs) StdoutLine: {'line': b'-- Up-to-date: /home/harsh/ros2_project/install/px4_msgs/include/px4_msgs/px4_msgs/msg/detail/event__type_support.hpp\n'}
[1.181574] (px4_msgs) StdoutLine: {'line': b'-- Up-to-date: /home/harsh/ros2_project/install/px4_msgs/include/px4_msgs/px4_msgs/msg/detail/gimbal_manager_information__traits.hpp\n'}
[1.181617] (px4_msgs) StdoutLine: {'line': b'-- Up-to-date: /home/harsh/ros2_project/install/px4_msgs/include/px4_msgs/px4_msgs/msg/detail/uavcan_parameter_request__type_support.hpp\n'}
[1.181661] (px4_msgs) StdoutLine: {'line': b'-- Up-to-date: /home/harsh/ros2_project/install/px4_msgs/include/px4_msgs/px4_msgs/msg/detail/parameter_set_value_response__traits.hpp\n'}
[1.181703] (px4_msgs) StdoutLine: {'line': b'-- Up-to-date: /home/harsh/ros2_project/install/px4_msgs/include/px4_msgs/px4_msgs/msg/detail/mode_completed__builder.hpp\n'}
[1.181748] (px4_msgs) StdoutLine: {'line': b'-- Up-to-date: /home/harsh/ros2_project/install/px4_msgs/include/px4_msgs/px4_msgs/msg/detail/sensor_accel__struct.hpp\n'}
[1.181792] (px4_msgs) StdoutLine: {'line': b'-- Up-to-date: /home/harsh/ros2_project/install/px4_msgs/include/px4_msgs/px4_msgs/msg/detail/mission__traits.hpp\n'}
[1.181835] (px4_msgs) StdoutLine: {'line': b'-- Up-to-date: /home/harsh/ros2_project/install/px4_msgs/include/px4_msgs/px4_msgs/msg/detail/camera_trigger__type_support.hpp\n'}
[1.181878] (px4_msgs) StdoutLine: {'line': b'-- Up-to-date: /home/harsh/ros2_project/install/px4_msgs/include/px4_msgs/px4_msgs/msg/detail/heater_status__builder.hpp\n'}
[1.181922] (px4_msgs) StdoutLine: {'line': b'-- Up-to-date: /home/harsh/ros2_project/install/px4_msgs/include/px4_msgs/px4_msgs/msg/detail/ping__builder.hpp\n'}
[1.181967] (px4_msgs) StdoutLine: {'line': b'-- Up-to-date: /home/harsh/ros2_project/install/px4_msgs/include/px4_msgs/px4_msgs/msg/detail/yaw_estimator_status__traits.hpp\n'}
[1.182016] (px4_msgs) StdoutLine: {'line': b'-- Up-to-date: /home/harsh/ros2_project/install/px4_msgs/include/px4_msgs/px4_msgs/msg/detail/rc_channels__struct.hpp\n'}
[1.182065] (px4_msgs) StdoutLine: {'line': b'-- Up-to-date: /home/harsh/ros2_project/install/px4_msgs/include/px4_msgs/px4_msgs/msg/detail/landing_gear_wheel__builder.hpp\n'}
[1.182112] (px4_msgs) StdoutLine: {'line': b'-- Up-to-date: /home/harsh/ros2_project/install/px4_msgs/include/px4_msgs/px4_msgs/msg/detail/register_ext_component_request__struct.hpp\n'}
[1.182156] (px4_msgs) StdoutLine: {'line': b'-- Up-to-date: /home/harsh/ros2_project/install/px4_msgs/include/px4_msgs/px4_msgs/msg/detail/register_ext_component_request__type_support.hpp\n'}
[1.182208] (px4_msgs) StdoutLine: {'line': b'-- Up-to-date: /home/harsh/ros2_project/install/px4_msgs/include/px4_msgs/px4_msgs/msg/detail/vehicle_attitude__struct.hpp\n'}
[1.182251] (px4_msgs) StdoutLine: {'line': b'-- Up-to-date: /home/harsh/ros2_project/install/px4_msgs/include/px4_msgs/px4_msgs/msg/detail/vehicle_local_position_setpoint__struct.hpp\n'}
[1.182297] (px4_msgs) StdoutLine: {'line': b'-- Up-to-date: /home/harsh/ros2_project/install/px4_msgs/include/px4_msgs/px4_msgs/msg/detail/actuator_servos__struct.hpp\n'}
[1.182342] (px4_msgs) StdoutLine: {'line': b'-- Up-to-date: /home/harsh/ros2_project/install/px4_msgs/include/px4_msgs/px4_msgs/msg/detail/heater_status__traits.hpp\n'}
[1.182388] (px4_msgs) StdoutLine: {'line': b'-- Up-to-date: /home/harsh/ros2_project/install/px4_msgs/include/px4_msgs/px4_msgs/msg/detail/log_message__traits.hpp\n'}
[1.182433] (px4_msgs) StdoutLine: {'line': b'-- Up-to-date: /home/harsh/ros2_project/install/px4_msgs/include/px4_msgs/px4_msgs/msg/detail/trajectory_bezier__builder.hpp\n'}
[1.182477] (px4_msgs) StdoutLine: {'line': b'-- Up-to-date: /home/harsh/ros2_project/install/px4_msgs/include/px4_msgs/px4_msgs/msg/detail/parameter_set_used_request__type_support.hpp\n'}
[1.182523] (px4_msgs) StdoutLine: {'line': b'-- Up-to-date: /home/harsh/ros2_project/install/px4_msgs/include/px4_msgs/px4_msgs/msg/detail/gimbal_manager_information__struct.hpp\n'}
[1.182570] (px4_msgs) StdoutLine: {'line': b'-- Up-to-date: /home/harsh/ros2_project/install/px4_msgs/include/px4_msgs/px4_msgs/msg/detail/follow_target_status__struct.hpp\n'}
[1.182614] (px4_msgs) StdoutLine: {'line': b'-- Up-to-date: /home/harsh/ros2_project/install/px4_msgs/include/px4_msgs/px4_msgs/msg/detail/sensor_gyro__traits.hpp\n'}
[1.182661] (px4_msgs) StdoutLine: {'line': b'-- Up-to-date: /home/harsh/ros2_project/install/px4_msgs/include/px4_msgs/px4_msgs/msg/detail/gps_inject_data__type_support.hpp\n'}
[1.182706] (px4_msgs) StdoutLine: {'line': b'-- Up-to-date: /home/harsh/ros2_project/install/px4_msgs/include/px4_msgs/px4_msgs/msg/detail/landing_target_innovations__builder.hpp\n'}
[1.182751] (px4_msgs) StdoutLine: {'line': b'-- Up-to-date: /home/harsh/ros2_project/install/px4_msgs/include/px4_msgs/px4_msgs/msg/detail/landing_target_pose__struct.hpp\n'}
[1.182794] (px4_msgs) StdoutLine: {'line': b'-- Up-to-date: /home/harsh/ros2_project/install/px4_msgs/include/px4_msgs/px4_msgs/msg/detail/vehicle_command_ack__traits.hpp\n'}
[1.182838] (px4_msgs) StdoutLine: {'line': b'-- Up-to-date: /home/harsh/ros2_project/install/px4_msgs/include/px4_msgs/px4_msgs/msg/detail/estimator_bias__builder.hpp\n'}
[1.182883] (px4_msgs) StdoutLine: {'line': b'-- Up-to-date: /home/harsh/ros2_project/install/px4_msgs/include/px4_msgs/px4_msgs/msg/detail/generator_status__traits.hpp\n'}
[1.182928] (px4_msgs) StdoutLine: {'line': b'-- Up-to-date: /home/harsh/ros2_project/install/px4_msgs/include/px4_msgs/px4_msgs/msg/detail/camera_capture__struct.hpp\n'}
[1.182973] (px4_msgs) StdoutLine: {'line': b'-- Up-to-date: /home/harsh/ros2_project/install/px4_msgs/include/px4_msgs/px4_msgs/msg/detail/cellular_status__traits.hpp\n'}
[1.183026] (px4_msgs) StdoutLine: {'line': b'-- Up-to-date: /home/harsh/ros2_project/install/px4_msgs/include/px4_msgs/px4_msgs/msg/detail/collision_report__struct.hpp\n'}
[1.183075] (px4_msgs) StdoutLine: {'line': b'-- Up-to-date: /home/harsh/ros2_project/install/px4_msgs/include/px4_msgs/px4_msgs/msg/detail/manual_control_switches__traits.hpp\n'}
[1.183121] (px4_msgs) StdoutLine: {'line': b'-- Up-to-date: /home/harsh/ros2_project/install/px4_msgs/include/px4_msgs/px4_msgs/msg/detail/collision_constraints__struct.hpp\n'}
[1.183169] (px4_msgs) StdoutLine: {'line': b'-- Up-to-date: /home/harsh/ros2_project/install/px4_msgs/include/px4_msgs/px4_msgs/msg/detail/rtl_status__builder.hpp\n'}
[1.183216] (px4_msgs) StdoutLine: {'line': b'-- Up-to-date: /home/harsh/ros2_project/install/px4_msgs/include/px4_msgs/px4_msgs/msg/detail/vehicle_attitude_setpoint__traits.hpp\n'}
[1.183264] (px4_msgs) StdoutLine: {'line': b'-- Up-to-date: /home/harsh/ros2_project/install/px4_msgs/include/px4_msgs/px4_msgs/msg/detail/goto_setpoint__type_support.hpp\n'}
[1.183311] (px4_msgs) StdoutLine: {'line': b'-- Up-to-date: /home/harsh/ros2_project/install/px4_msgs/include/px4_msgs/px4_msgs/msg/detail/mavlink_tunnel__builder.hpp\n'}
[1.183355] (px4_msgs) StdoutLine: {'line': b'-- Up-to-date: /home/harsh/ros2_project/install/px4_msgs/include/px4_msgs/px4_msgs/msg/detail/offboard_control_mode__builder.hpp\n'}
[1.183401] (px4_msgs) StdoutLine: {'line': b'-- Up-to-date: /home/harsh/ros2_project/install/px4_msgs/include/px4_msgs/px4_msgs/msg/detail/tune_control__struct.hpp\n'}
[1.183446] (px4_msgs) StdoutLine: {'line': b'-- Up-to-date: /home/harsh/ros2_project/install/px4_msgs/include/px4_msgs/px4_msgs/msg/detail/vehicle_control_mode__type_support.hpp\n'}
[1.183491] (px4_msgs) StdoutLine: {'line': b'-- Up-to-date: /home/harsh/ros2_project/install/px4_msgs/include/px4_msgs/px4_msgs/msg/detail/sensor_gyro_fifo__traits.hpp\n'}
[1.183534] (px4_msgs) StdoutLine: {'line': b'-- Up-to-date: /home/harsh/ros2_project/install/px4_msgs/include/px4_msgs/px4_msgs/msg/detail/navigator_mission_item__builder.hpp\n'}
[1.183578] (px4_msgs) StdoutLine: {'line': b'-- Up-to-date: /home/harsh/ros2_project/install/px4_msgs/include/px4_msgs/px4_msgs/msg/detail/actuator_test__traits.hpp\n'}
[1.183624] (px4_msgs) StdoutLine: {'line': b'-- Up-to-date: /home/harsh/ros2_project/install/px4_msgs/include/px4_msgs/px4_msgs/msg/detail/home_position__builder.hpp\n'}
[1.183667] (px4_msgs) StdoutLine: {'line': b'-- Up-to-date: /home/harsh/ros2_project/install/px4_msgs/include/px4_msgs/px4_msgs/msg/detail/debug_vect__struct.hpp\n'}
[1.183717] (px4_msgs) StdoutLine: {'line': b'-- Up-to-date: /home/harsh/ros2_project/install/px4_msgs/include/px4_msgs/px4_msgs/msg/detail/estimator_aid_source1d__traits.hpp\n'}
[1.183760] (px4_msgs) StdoutLine: {'line': b'-- Up-to-date: /home/harsh/ros2_project/install/px4_msgs/include/px4_msgs/px4_msgs/msg/detail/vehicle_acceleration__traits.hpp\n'}
[1.183804] (px4_msgs) StdoutLine: {'line': b'-- Up-to-date: /home/harsh/ros2_project/install/px4_msgs/include/px4_msgs/px4_msgs/msg/detail/normalized_unsigned_setpoint__struct.hpp\n'}
[1.183847] (px4_msgs) StdoutLine: {'line': b'-- Up-to-date: /home/harsh/ros2_project/install/px4_msgs/include/px4_msgs/px4_msgs/msg/detail/actuator_servos__builder.hpp\n'}
[1.183890] (px4_msgs) StdoutLine: {'line': b'-- Up-to-date: /home/harsh/ros2_project/install/px4_msgs/include/px4_msgs/px4_msgs/msg/detail/radio_status__type_support.hpp\n'}
[1.183933] (px4_msgs) StdoutLine: {'line': b'-- Up-to-date: /home/harsh/ros2_project/install/px4_msgs/include/px4_msgs/px4_msgs/msg/detail/vehicle_thrust_setpoint__builder.hpp\n'}
[1.183978] (px4_msgs) StdoutLine: {'line': b'-- Up-to-date: /home/harsh/ros2_project/install/px4_msgs/include/px4_msgs/px4_msgs/msg/detail/dataman_request__builder.hpp\n'}
[1.184026] (px4_msgs) StdoutLine: {'line': b'-- Up-to-date: /home/harsh/ros2_project/install/px4_msgs/include/px4_msgs/px4_msgs/msg/detail/sensor_combined__builder.hpp\n'}
[1.184072] (px4_msgs) StdoutLine: {'line': b'-- Up-to-date: /home/harsh/ros2_project/install/px4_msgs/include/px4_msgs/px4_msgs/msg/detail/dataman_request__type_support.hpp\n'}
[1.184115] (px4_msgs) StdoutLine: {'line': b'-- Up-to-date: /home/harsh/ros2_project/install/px4_msgs/include/px4_msgs/px4_msgs/msg/detail/vehicle_trajectory_bezier__struct.hpp\n'}
[1.184158] (px4_msgs) StdoutLine: {'line': b'-- Up-to-date: /home/harsh/ros2_project/install/px4_msgs/include/px4_msgs/px4_msgs/msg/detail/wind__builder.hpp\n'}
[1.184201] (px4_msgs) StdoutLine: {'line': b'-- Up-to-date: /home/harsh/ros2_project/install/px4_msgs/include/px4_msgs/px4_msgs/msg/detail/task_stack_info__type_support.hpp\n'}
[1.184251] (px4_msgs) StdoutLine: {'line': b'-- Up-to-date: /home/harsh/ros2_project/install/px4_msgs/include/px4_msgs/px4_msgs/msg/detail/dataman_request__struct.hpp\n'}
[1.184307] (px4_msgs) StdoutLine: {'line': b'-- Up-to-date: /home/harsh/ros2_project/install/px4_msgs/include/px4_msgs/px4_msgs/msg/detail/vehicle_angular_velocity__struct.hpp\n'}
[1.184373] (px4_msgs) StdoutLine: {'line': b'-- Up-to-date: /home/harsh/ros2_project/install/px4_msgs/include/px4_msgs/px4_msgs/msg/detail/px4io_status__type_support.hpp\n'}
[1.184442] (px4_msgs) StdoutLine: {'line': b'-- Up-to-date: /home/harsh/ros2_project/install/px4_msgs/include/px4_msgs/px4_msgs/msg/detail/power_monitor__traits.hpp\n'}
[1.184507] (px4_msgs) StdoutLine: {'line': b'-- Up-to-date: /home/harsh/ros2_project/install/px4_msgs/include/px4_msgs/px4_msgs/msg/detail/gpio_out__struct.hpp\n'}
[1.184571] (px4_msgs) StdoutLine: {'line': b'-- Up-to-date: /home/harsh/ros2_project/install/px4_msgs/include/px4_msgs/px4_msgs/msg/detail/normalized_unsigned_setpoint__type_support.hpp\n'}
[1.184630] (px4_msgs) StdoutLine: {'line': b'-- Up-to-date: /home/harsh/ros2_project/install/px4_msgs/include/px4_msgs/px4_msgs/msg/detail/estimator_states__builder.hpp\n'}
[1.184685] (px4_msgs) StdoutLine: {'line': b'-- Up-to-date: /home/harsh/ros2_project/install/px4_msgs/include/px4_msgs/px4_msgs/msg/detail/tiltrotor_extra_controls__type_support.hpp\n'}
[1.184739] (px4_msgs) StdoutLine: {'line': b'-- Up-to-date: /home/harsh/ros2_project/install/px4_msgs/include/px4_msgs/px4_msgs/msg/detail/camera_status__type_support.hpp\n'}
[1.184802] (px4_msgs) StdoutLine: {'line': b'-- Up-to-date: /home/harsh/ros2_project/install/px4_msgs/include/px4_msgs/px4_msgs/msg/detail/estimator_status__builder.hpp\n'}
[1.184868] (px4_msgs) StdoutLine: {'line': b'-- Up-to-date: /home/harsh/ros2_project/install/px4_msgs/include/px4_msgs/px4_msgs/msg/detail/estimator_status_flags__struct.hpp\n'}
[1.184932] (px4_msgs) StdoutLine: {'line': b'-- Up-to-date: /home/harsh/ros2_project/install/px4_msgs/include/px4_msgs/px4_msgs/msg/detail/input_rc__struct.hpp\n'}
[1.184995] (px4_msgs) StdoutLine: {'line': b'-- Up-to-date: /home/harsh/ros2_project/install/px4_msgs/include/px4_msgs/px4_msgs/msg/detail/rate_ctrl_status__traits.hpp\n'}
[1.185077] (px4_msgs) StdoutLine: {'line': b'-- Up-to-date: /home/harsh/ros2_project/install/px4_msgs/include/px4_msgs/px4_msgs/msg/detail/orbit_status__struct.hpp\n'}
[1.185151] (px4_msgs) StdoutLine: {'line': b'-- Up-to-date: /home/harsh/ros2_project/install/px4_msgs/include/px4_msgs/px4_msgs/msg/detail/camera_status__struct.hpp\n'}
[1.185229] (px4_msgs) StdoutLine: {'line': b'-- Up-to-date: /home/harsh/ros2_project/install/px4_msgs/include/px4_msgs/px4_msgs/msg/detail/airspeed_validated__type_support.hpp\n'}
[1.185309] (px4_msgs) StdoutLine: {'line': b'-- Up-to-date: /home/harsh/ros2_project/install/px4_msgs/include/px4_msgs/px4_msgs/msg/detail/unregister_ext_component__traits.hpp\n'}
[1.185390] (px4_msgs) StdoutLine: {'line': b'-- Up-to-date: /home/harsh/ros2_project/install/px4_msgs/include/px4_msgs/px4_msgs/msg/detail/vehicle_thrust_setpoint__type_support.hpp\n'}
[1.185461] (px4_msgs) StdoutLine: {'line': b'-- Up-to-date: /home/harsh/ros2_project/install/px4_msgs/include/px4_msgs/px4_msgs/msg/detail/sensor_optical_flow__builder.hpp\n'}
[1.185537] (px4_msgs) StdoutLine: {'line': b'-- Up-to-date: /home/harsh/ros2_project/install/px4_msgs/include/px4_msgs/px4_msgs/msg/detail/rc_channels__traits.hpp\n'}
[1.185615] (px4_msgs) StdoutLine: {'line': b'-- Up-to-date: /home/harsh/ros2_project/install/px4_msgs/include/px4_msgs/px4_msgs/msg/detail/goto_setpoint__struct.hpp\n'}
[1.185700] (px4_msgs) StdoutLine: {'line': b'-- Up-to-date: /home/harsh/ros2_project/install/px4_msgs/include/px4_msgs/px4_msgs/msg/detail/vehicle_imu_status__traits.hpp\n'}
[1.185762] (px4_msgs) StdoutLine: {'line': b'-- Up-to-date: /home/harsh/ros2_project/install/px4_msgs/include/px4_msgs/px4_msgs/msg/detail/position_controller_landing_status__traits.hpp\n'}
[1.185827] (px4_msgs) StdoutLine: {'line': b'-- Up-to-date: /home/harsh/ros2_project/install/px4_msgs/include/px4_msgs/px4_msgs/msg/detail/failure_detector_status__type_support.hpp\n'}
[1.185902] (px4_msgs) StdoutLine: {'line': b'-- Up-to-date: /home/harsh/ros2_project/install/px4_msgs/include/px4_msgs/px4_msgs/msg/detail/vehicle_trajectory_bezier__traits.hpp\n'}
[1.185985] (px4_msgs) StdoutLine: {'line': b'-- Up-to-date: /home/harsh/ros2_project/install/px4_msgs/include/px4_msgs/px4_msgs/msg/detail/telemetry_status__type_support.hpp\n'}
[1.186065] (px4_msgs) StdoutLine: {'line': b'-- Up-to-date: /home/harsh/ros2_project/install/px4_msgs/include/px4_msgs/px4_msgs/msg/detail/vehicle_land_detected__builder.hpp\n'}
[1.186143] (px4_msgs) StdoutLine: {'line': b'-- Up-to-date: /home/harsh/ros2_project/install/px4_msgs/include/px4_msgs/px4_msgs/msg/detail/iridiumsbd_status__type_support.hpp\n'}
[1.186229] (px4_msgs) StdoutLine: {'line': b'-- Up-to-date: /home/harsh/ros2_project/install/px4_msgs/include/px4_msgs/px4_msgs/msg/detail/iridiumsbd_status__traits.hpp\n'}
[1.186309] (px4_msgs) StdoutLine: {'line': b'-- Up-to-date: /home/harsh/ros2_project/install/px4_msgs/include/px4_msgs/px4_msgs/msg/detail/vtol_vehicle_status__struct.hpp\n'}
[1.186364] (px4_msgs) StdoutLine: {'line': b'-- Up-to-date: /home/harsh/ros2_project/install/px4_msgs/include/px4_msgs/px4_msgs/msg/detail/gimbal_manager_set_manual_control__builder.hpp\n'}
[1.186411] (px4_msgs) StdoutLine: {'line': b'-- Up-to-date: /home/harsh/ros2_project/install/px4_msgs/include/px4_msgs/px4_msgs/msg/detail/gpio_request__builder.hpp\n'}
[1.186458] (px4_msgs) StdoutLine: {'line': b'-- Up-to-date: /home/harsh/ros2_project/install/px4_msgs/include/px4_msgs/px4_msgs/msg/detail/vehicle_local_position__traits.hpp\n'}
[1.186505] (px4_msgs) StdoutLine: {'line': b'-- Up-to-date: /home/harsh/ros2_project/install/px4_msgs/include/px4_msgs/px4_msgs/msg/detail/sensor_uwb__struct.hpp\n'}
[1.186548] (px4_msgs) StdoutLine: {'line': b'-- Up-to-date: /home/harsh/ros2_project/install/px4_msgs/include/px4_msgs/px4_msgs/msg/detail/adc_report__struct.hpp\n'}
[1.186591] (px4_msgs) StdoutLine: {'line': b'-- Up-to-date: /home/harsh/ros2_project/install/px4_msgs/include/px4_msgs/px4_msgs/msg/detail/differential_pressure__struct.hpp\n'}
[1.186634] (px4_msgs) StdoutLine: {'line': b'-- Up-to-date: /home/harsh/ros2_project/install/px4_msgs/include/px4_msgs/px4_msgs/msg/detail/landing_target_innovations__struct.hpp\n'}
[1.186681] (px4_msgs) StdoutLine: {'line': b'-- Up-to-date: /home/harsh/ros2_project/install/px4_msgs/include/px4_msgs/px4_msgs/msg/detail/sensor_mag__traits.hpp\n'}
[1.186724] (px4_msgs) StdoutLine: {'line': b'-- Up-to-date: /home/harsh/ros2_project/install/px4_msgs/include/px4_msgs/px4_msgs/msg/detail/position_controller_status__builder.hpp\n'}
[1.186769] (px4_msgs) StdoutLine: {'line': b'-- Up-to-date: /home/harsh/ros2_project/install/px4_msgs/include/px4_msgs/px4_msgs/msg/detail/vehicle_imu_status__struct.hpp\n'}
[1.186813] (px4_msgs) StdoutLine: {'line': b'-- Up-to-date: /home/harsh/ros2_project/install/px4_msgs/include/px4_msgs/px4_msgs/msg/detail/camera_trigger__builder.hpp\n'}
[1.186856] (px4_msgs) StdoutLine: {'line': b'-- Up-to-date: /home/harsh/ros2_project/install/px4_msgs/include/px4_msgs/px4_msgs/msg/detail/vehicle_local_position_setpoint__type_support.hpp\n'}
[1.186901] (px4_msgs) StdoutLine: {'line': b'-- Up-to-date: /home/harsh/ros2_project/install/px4_msgs/include/px4_msgs/px4_msgs/msg/detail/vehicle_air_data__type_support.hpp\n'}
[1.186944] (px4_msgs) StdoutLine: {'line': b'-- Up-to-date: /home/harsh/ros2_project/install/px4_msgs/include/px4_msgs/px4_msgs/msg/detail/vehicle_angular_acceleration_setpoint__struct.hpp\n'}
[1.186988] (px4_msgs) StdoutLine: {'line': b'-- Up-to-date: /home/harsh/ros2_project/install/px4_msgs/include/px4_msgs/px4_msgs/msg/detail/control_allocator_status__struct.hpp\n'}
[1.187118] (px4_msgs) StdoutLine: {'line': b'-- Up-to-date: /home/harsh/ros2_project/install/px4_msgs/include/px4_msgs/px4_msgs/msg/detail/differential_pressure__type_support.hpp\n'}
[1.187189] (px4_msgs) StdoutLine: {'line': b'-- Up-to-date: /home/harsh/ros2_project/install/px4_msgs/include/px4_msgs/px4_msgs/msg/detail/pwm_input__type_support.hpp\n'}
[1.187248] (px4_msgs) StdoutLine: {'line': b'-- Up-to-date: /home/harsh/ros2_project/install/px4_msgs/include/px4_msgs/px4_msgs/msg/detail/led_control__traits.hpp\n'}
[1.187314] (px4_msgs) StdoutLine: {'line': b'-- Up-to-date: /home/harsh/ros2_project/install/px4_msgs/include/px4_msgs/px4_msgs/msg/detail/battery_status__struct.hpp\n'}
[1.187372] (px4_msgs) StdoutLine: {'line': b'-- Up-to-date: /home/harsh/ros2_project/install/px4_msgs/include/px4_msgs/px4_msgs/msg/detail/rpm__struct.hpp\n'}
[1.187430] (px4_msgs) StdoutLine: {'line': b'-- Up-to-date: /home/harsh/ros2_project/install/px4_msgs/include/px4_msgs/px4_msgs/msg/detail/vehicle_imu__traits.hpp\n'}
[1.187485] (px4_msgs) StdoutLine: {'line': b'-- Up-to-date: /home/harsh/ros2_project/install/px4_msgs/include/px4_msgs/px4_msgs/msg/detail/velocity_limits__builder.hpp\n'}
[1.187541] (px4_msgs) StdoutLine: {'line': b'-- Up-to-date: /home/harsh/ros2_project/install/px4_msgs/include/px4_msgs/px4_msgs/msg/detail/yaw_estimator_status__type_support.hpp\n'}
[1.187614] (px4_msgs) StdoutLine: {'line': b'-- Up-to-date: /home/harsh/ros2_project/install/px4_msgs/include/px4_msgs/px4_msgs/msg/detail/generator_status__struct.hpp\n'}
[1.187670] (px4_msgs) StdoutLine: {'line': b'-- Up-to-date: /home/harsh/ros2_project/install/px4_msgs/include/px4_msgs/px4_msgs/msg/detail/gimbal_manager_status__traits.hpp\n'}
[1.187726] (px4_msgs) StdoutLine: {'line': b'-- Up-to-date: /home/harsh/ros2_project/install/px4_msgs/include/px4_msgs/px4_msgs/msg/detail/debug_key_value__type_support.hpp\n'}
[1.187778] (px4_msgs) StdoutLine: {'line': b'-- Up-to-date: /home/harsh/ros2_project/install/px4_msgs/include/px4_msgs/px4_msgs/msg/detail/follow_target_status__builder.hpp\n'}
[1.187831] (px4_msgs) StdoutLine: {'line': b'-- Up-to-date: /home/harsh/ros2_project/install/px4_msgs/include/px4_msgs/px4_msgs/msg/detail/sensors_status_imu__type_support.hpp\n'}
[1.187884] (px4_msgs) StdoutLine: {'line': b'-- Up-to-date: /home/harsh/ros2_project/install/px4_msgs/include/px4_msgs/px4_msgs/msg/detail/mavlink_tunnel__struct.hpp\n'}
[1.187936] (px4_msgs) StdoutLine: {'line': b'-- Up-to-date: /home/harsh/ros2_project/install/px4_msgs/include/px4_msgs/px4_msgs/msg/detail/sensor_gyro__struct.hpp\n'}
[1.187989] (px4_msgs) StdoutLine: {'line': b'-- Up-to-date: /home/harsh/ros2_project/install/px4_msgs/include/px4_msgs/px4_msgs/msg/detail/mavlink_tunnel__type_support.hpp\n'}
[1.188052] (px4_msgs) StdoutLine: {'line': b'-- Up-to-date: /home/harsh/ros2_project/install/px4_msgs/include/px4_msgs/px4_msgs/msg/detail/tune_control__builder.hpp\n'}
[1.188107] (px4_msgs) StdoutLine: {'line': b'-- Up-to-date: /home/harsh/ros2_project/install/px4_msgs/include/px4_msgs/px4_msgs/msg/detail/satellite_info__struct.hpp\n'}
[1.188161] (px4_msgs) StdoutLine: {'line': b'-- Up-to-date: /home/harsh/ros2_project/install/px4_msgs/include/px4_msgs/px4_msgs/msg/detail/dataman_response__type_support.hpp\n'}
[1.188213] (px4_msgs) StdoutLine: {'line': b'-- Up-to-date: /home/harsh/ros2_project/install/px4_msgs/include/px4_msgs/px4_msgs/msg/detail/esc_status__type_support.hpp\n'}
[1.188266] (px4_msgs) StdoutLine: {'line': b'-- Up-to-date: /home/harsh/ros2_project/install/px4_msgs/include/px4_msgs/px4_msgs/msg/detail/gps_dump__traits.hpp\n'}
[1.188319] (px4_msgs) StdoutLine: {'line': b'-- Up-to-date: /home/harsh/ros2_project/install/px4_msgs/include/px4_msgs/px4_msgs/msg/detail/distance_sensor__struct.hpp\n'}
[1.188376] (px4_msgs) StdoutLine: {'line': b'-- Up-to-date: /home/harsh/ros2_project/install/px4_msgs/include/px4_msgs/px4_msgs/msg/detail/message_format_request__struct.hpp\n'}
[1.188429] (px4_msgs) StdoutLine: {'line': b'-- Up-to-date: /home/harsh/ros2_project/install/px4_msgs/include/px4_msgs/px4_msgs/msg/detail/failsafe_flags__builder.hpp\n'}
[1.188481] (px4_msgs) StdoutLine: {'line': b'-- Up-to-date: /home/harsh/ros2_project/install/px4_msgs/include/px4_msgs/px4_msgs/msg/detail/geofence_status__traits.hpp\n'}
[1.188532] (px4_msgs) StdoutLine: {'line': b'-- Up-to-date: /home/harsh/ros2_project/install/px4_msgs/include/px4_msgs/px4_msgs/msg/detail/cellular_status__struct.hpp\n'}
[1.188586] (px4_msgs) StdoutLine: {'line': b'-- Up-to-date: /home/harsh/ros2_project/install/px4_msgs/include/px4_msgs/px4_msgs/msg/detail/gpio_config__type_support.hpp\n'}
[1.188624] (px4_msgs) StdoutLine: {'line': b'-- Up-to-date: /home/harsh/ros2_project/install/px4_msgs/include/px4_msgs/px4_msgs/msg/detail/iridiumsbd_status__struct.hpp\n'}
[1.188655] (px4_msgs) StdoutLine: {'line': b'-- Up-to-date: /home/harsh/ros2_project/install/px4_msgs/include/px4_msgs/px4_msgs/msg/detail/sensors_status__type_support.hpp\n'}
[1.188686] (px4_msgs) StdoutLine: {'line': b'-- Up-to-date: /home/harsh/ros2_project/install/px4_msgs/include/px4_msgs/px4_msgs/msg/detail/landing_gear_wheel__type_support.hpp\n'}
[1.188719] (px4_msgs) StdoutLine: {'line': b'-- Up-to-date: /home/harsh/ros2_project/install/px4_msgs/include/px4_msgs/px4_msgs/msg/detail/logger_status__type_support.hpp\n'}
[1.188752] (px4_msgs) StdoutLine: {'line': b'-- Up-to-date: /home/harsh/ros2_project/install/px4_msgs/include/px4_msgs/px4_msgs/msg/detail/vehicle_status__builder.hpp\n'}
[1.188784] (px4_msgs) StdoutLine: {'line': b'-- Up-to-date: /home/harsh/ros2_project/install/px4_msgs/include/px4_msgs/px4_msgs/msg/detail/ping__type_support.hpp\n'}
[1.188815] (px4_msgs) StdoutLine: {'line': b'-- Up-to-date: /home/harsh/ros2_project/install/px4_msgs/include/px4_msgs/px4_msgs/msg/detail/arming_check_request__struct.hpp\n'}
[1.188847] (px4_msgs) StdoutLine: {'line': b'-- Up-to-date: /home/harsh/ros2_project/install/px4_msgs/include/px4_msgs/px4_msgs/msg/detail/wind__type_support.hpp\n'}
[1.188879] (px4_msgs) StdoutLine: {'line': b'-- Up-to-date: /home/harsh/ros2_project/install/px4_msgs/include/px4_msgs/px4_msgs/msg/detail/vehicle_magnetometer__traits.hpp\n'}
[1.188911] (px4_msgs) StdoutLine: {'line': b'-- Up-to-date: /home/harsh/ros2_project/install/px4_msgs/include/px4_msgs/px4_msgs/msg/detail/trajectory_bezier__struct.hpp\n'}
[1.188943] (px4_msgs) StdoutLine: {'line': b'-- Up-to-date: /home/harsh/ros2_project/install/px4_msgs/include/px4_msgs/px4_msgs/msg/detail/mission_result__builder.hpp\n'}
[1.188976] (px4_msgs) StdoutLine: {'line': b'-- Up-to-date: /home/harsh/ros2_project/install/px4_msgs/include/px4_msgs/px4_msgs/msg/detail/orb_test_medium__type_support.hpp\n'}
[1.189008] (px4_msgs) StdoutLine: {'line': b'-- Up-to-date: /home/harsh/ros2_project/install/px4_msgs/include/px4_msgs/px4_msgs/msg/detail/navigator_mission_item__struct.hpp\n'}
[1.189046] (px4_msgs) StdoutLine: {'line': b'-- Up-to-date: /home/harsh/ros2_project/install/px4_msgs/include/px4_msgs/px4_msgs/msg/detail/sensor_uwb__traits.hpp\n'}
[1.189082] (px4_msgs) StdoutLine: {'line': b'-- Up-to-date: /home/harsh/ros2_project/install/px4_msgs/include/px4_msgs/px4_msgs/msg/detail/actuator_motors__builder.hpp\n'}
[1.189115] (px4_msgs) StdoutLine: {'line': b'-- Up-to-date: /home/harsh/ros2_project/install/px4_msgs/include/px4_msgs/px4_msgs/msg/detail/gps_dump__struct.hpp\n'}
[1.189147] (px4_msgs) StdoutLine: {'line': b'-- Up-to-date: /home/harsh/ros2_project/install/px4_msgs/include/px4_msgs/px4_msgs/msg/detail/sensor_optical_flow__type_support.hpp\n'}
[1.189178] (px4_msgs) StdoutLine: {'line': b'-- Up-to-date: /home/harsh/ros2_project/install/px4_msgs/include/px4_msgs/px4_msgs/msg/detail/led_control__type_support.hpp\n'}
[1.189209] (px4_msgs) StdoutLine: {'line': b'-- Up-to-date: /home/harsh/ros2_project/install/px4_msgs/include/px4_msgs/px4_msgs/msg/detail/gimbal_device_set_attitude__type_support.hpp\n'}
[1.189241] (px4_msgs) StdoutLine: {'line': b'-- Up-to-date: /home/harsh/ros2_project/install/px4_msgs/include/px4_msgs/px4_msgs/msg/detail/vehicle_trajectory_waypoint__struct.hpp\n'}
[1.189272] (px4_msgs) StdoutLine: {'line': b'-- Up-to-date: /home/harsh/ros2_project/install/px4_msgs/include/px4_msgs/px4_msgs/msg/detail/gimbal_device_attitude_status__builder.hpp\n'}
[1.189305] (px4_msgs) StdoutLine: {'line': b'-- Up-to-date: /home/harsh/ros2_project/install/px4_msgs/include/px4_msgs/px4_msgs/msg/detail/estimator_aid_source3d__struct.hpp\n'}
[1.189337] (px4_msgs) StdoutLine: {'line': b'-- Up-to-date: /home/harsh/ros2_project/install/px4_msgs/include/px4_msgs/px4_msgs/msg/detail/npfg_status__type_support.hpp\n'}
[1.189370] (px4_msgs) StdoutLine: {'line': b'-- Up-to-date: /home/harsh/ros2_project/install/px4_msgs/include/px4_msgs/px4_msgs/msg/detail/estimator_status__traits.hpp\n'}
[1.189404] (px4_msgs) StdoutLine: {'line': b'-- Up-to-date: /home/harsh/ros2_project/install/px4_msgs/include/px4_msgs/px4_msgs/msg/detail/estimator_gps_status__type_support.hpp\n'}
[1.189437] (px4_msgs) StdoutLine: {'line': b'-- Up-to-date: /home/harsh/ros2_project/install/px4_msgs/include/px4_msgs/px4_msgs/msg/detail/log_message__builder.hpp\n'}
[1.189469] (px4_msgs) StdoutLine: {'line': b'-- Up-to-date: /home/harsh/ros2_project/install/px4_msgs/include/px4_msgs/px4_msgs/msg/detail/logger_status__struct.hpp\n'}
[1.189500] (px4_msgs) StdoutLine: {'line': b'-- Up-to-date: /home/harsh/ros2_project/install/px4_msgs/include/px4_msgs/px4_msgs/msg/detail/gpio_in__struct.hpp\n'}
[1.189531] (px4_msgs) StdoutLine: {'line': b'-- Up-to-date: /home/harsh/ros2_project/install/px4_msgs/include/px4_msgs/px4_msgs/msg/detail/heater_status__type_support.hpp\n'}
[1.189562] (px4_msgs) StdoutLine: {'line': b'-- Up-to-date: /home/harsh/ros2_project/install/px4_msgs/include/px4_msgs/px4_msgs/msg/detail/trajectory_bezier__traits.hpp\n'}
[1.189595] (px4_msgs) StdoutLine: {'line': b'-- Up-to-date: /home/harsh/ros2_project/install/px4_msgs/include/px4_msgs/px4_msgs/msg/detail/magnetometer_bias_estimate__struct.hpp\n'}
[1.189627] (px4_msgs) StdoutLine: {'line': b'-- Up-to-date: /home/harsh/ros2_project/install/px4_msgs/include/px4_msgs/px4_msgs/msg/detail/radio_status__builder.hpp\n'}
[1.189658] (px4_msgs) StdoutLine: {'line': b'-- Up-to-date: /home/harsh/ros2_project/install/px4_msgs/include/px4_msgs/px4_msgs/msg/detail/vehicle_status__type_support.hpp\n'}
[1.189691] (px4_msgs) StdoutLine: {'line': b'-- Up-to-date: /home/harsh/ros2_project/install/px4_msgs/include/px4_msgs/px4_msgs/msg/detail/debug_value__traits.hpp\n'}
[1.189722] (px4_msgs) StdoutLine: {'line': b'-- Up-to-date: /home/harsh/ros2_project/install/px4_msgs/include/px4_msgs/px4_msgs/msg/detail/landing_target_pose__type_support.hpp\n'}
[1.189753] (px4_msgs) StdoutLine: {'line': b'-- Up-to-date: /home/harsh/ros2_project/install/px4_msgs/include/px4_msgs/px4_msgs/msg/detail/estimator_aid_source2d__type_support.hpp\n'}
[1.189785] (px4_msgs) StdoutLine: {'line': b'-- Up-to-date: /home/harsh/ros2_project/install/px4_msgs/include/px4_msgs/px4_msgs/msg/detail/led_control__struct.hpp\n'}
[1.189816] (px4_msgs) StdoutLine: {'line': b'-- Up-to-date: /home/harsh/ros2_project/install/px4_msgs/include/px4_msgs/px4_msgs/msg/detail/config_overrides__type_support.hpp\n'}
[1.189847] (px4_msgs) StdoutLine: {'line': b'-- Up-to-date: /home/harsh/ros2_project/install/px4_msgs/include/px4_msgs/px4_msgs/msg/detail/led_control__builder.hpp\n'}
[1.189877] (px4_msgs) StdoutLine: {'line': b'-- Up-to-date: /home/harsh/ros2_project/install/px4_msgs/include/px4_msgs/px4_msgs/msg/detail/vehicle_global_position__traits.hpp\n'}
[1.189905] (px4_msgs) StdoutLine: {'line': b'-- Up-to-date: /home/harsh/ros2_project/install/px4_msgs/include/px4_msgs/px4_msgs/msg/detail/differential_drive_setpoint__builder.hpp\n'}
[1.189933] (px4_msgs) StdoutLine: {'line': b'-- Up-to-date: /home/harsh/ros2_project/install/px4_msgs/include/px4_msgs/px4_msgs/msg/detail/sensor_baro__traits.hpp\n'}
[1.189963] (px4_msgs) StdoutLine: {'line': b'-- Up-to-date: /home/harsh/ros2_project/install/px4_msgs/include/px4_msgs/px4_msgs/msg/detail/sensor_airflow__traits.hpp\n'}
[1.189991] (px4_msgs) StdoutLine: {'line': b'-- Up-to-date: /home/harsh/ros2_project/install/px4_msgs/include/px4_msgs/px4_msgs/msg/detail/distance_sensor__builder.hpp\n'}
[1.190023] (px4_msgs) StdoutLine: {'line': b'-- Up-to-date: /home/harsh/ros2_project/install/px4_msgs/include/px4_msgs/px4_msgs/msg/detail/takeoff_status__builder.hpp\n'}
[1.190053] (px4_msgs) StdoutLine: {'line': b'-- Up-to-date: /home/harsh/ros2_project/install/px4_msgs/include/px4_msgs/px4_msgs/msg/detail/actuator_armed__struct.hpp\n'}
[1.190085] (px4_msgs) StdoutLine: {'line': b'-- Up-to-date: /home/harsh/ros2_project/install/px4_msgs/include/px4_msgs/px4_msgs/msg/detail/vehicle_trajectory_bezier__builder.hpp\n'}
[1.190115] (px4_msgs) StdoutLine: {'line': b'-- Up-to-date: /home/harsh/ros2_project/install/px4_msgs/include/px4_msgs/px4_msgs/msg/detail/camera_trigger__struct.hpp\n'}
[1.190143] (px4_msgs) StdoutLine: {'line': b'-- Up-to-date: /home/harsh/ros2_project/install/px4_msgs/include/px4_msgs/px4_msgs/msg/detail/estimator_bias__struct.hpp\n'}
[1.190170] (px4_msgs) StdoutLine: {'line': b'-- Up-to-date: /home/harsh/ros2_project/install/px4_msgs/include/px4_msgs/px4_msgs/msg/detail/magnetometer_bias_estimate__type_support.hpp\n'}
[1.190198] (px4_msgs) StdoutLine: {'line': b'-- Up-to-date: /home/harsh/ros2_project/install/px4_msgs/include/px4_msgs/px4_msgs/msg/detail/estimator_event_flags__builder.hpp\n'}
[1.190226] (px4_msgs) StdoutLine: {'line': b'-- Up-to-date: /home/harsh/ros2_project/install/px4_msgs/include/px4_msgs/px4_msgs/msg/detail/heater_status__struct.hpp\n'}
[1.190253] (px4_msgs) StdoutLine: {'line': b'-- Up-to-date: /home/harsh/ros2_project/install/px4_msgs/include/px4_msgs/px4_msgs/msg/detail/uavcan_parameter_value__traits.hpp\n'}
[1.190280] (px4_msgs) StdoutLine: {'line': b'-- Up-to-date: /home/harsh/ros2_project/install/px4_msgs/include/px4_msgs/px4_msgs/msg/detail/gpio_in__builder.hpp\n'}
[1.190306] (px4_msgs) StdoutLine: {'line': b'-- Up-to-date: /home/harsh/ros2_project/install/px4_msgs/include/px4_msgs/px4_msgs/msg/detail/estimator_aid_source2d__struct.hpp\n'}
[1.190334] (px4_msgs) StdoutLine: {'line': b'-- Up-to-date: /home/harsh/ros2_project/install/px4_msgs/include/px4_msgs/px4_msgs/msg/detail/estimator_aid_source1d__struct.hpp\n'}
[1.190368] (px4_msgs) StdoutLine: {'line': b'-- Up-to-date: /home/harsh/ros2_project/install/px4_msgs/include/px4_msgs/px4_msgs/msg/detail/geofence_status__struct.hpp\n'}
[1.190401] (px4_msgs) StdoutLine: {'line': b'-- Up-to-date: /home/harsh/ros2_project/install/px4_msgs/include/px4_msgs/px4_msgs/msg/detail/figure_eight_status__traits.hpp\n'}
[1.190429] (px4_msgs) StdoutLine: {'line': b'-- Up-to-date: /home/harsh/ros2_project/install/px4_msgs/include/px4_msgs/px4_msgs/msg/detail/debug_vect__builder.hpp\n'}
[1.190457] (px4_msgs) StdoutLine: {'line': b'-- Up-to-date: /home/harsh/ros2_project/install/px4_msgs/include/px4_msgs/px4_msgs/msg/detail/parameter_update__traits.hpp\n'}
[1.190485] (px4_msgs) StdoutLine: {'line': b'-- Up-to-date: /home/harsh/ros2_project/install/px4_msgs/include/px4_msgs/px4_msgs/msg/detail/mode_completed__traits.hpp\n'}
[1.190513] (px4_msgs) StdoutLine: {'line': b'-- Up-to-date: /home/harsh/ros2_project/install/px4_msgs/include/px4_msgs/px4_msgs/msg/detail/vehicle_command_ack__type_support.hpp\n'}
[1.190541] (px4_msgs) StdoutLine: {'line': b'-- Up-to-date: /home/harsh/ros2_project/install/px4_msgs/include/px4_msgs/px4_msgs/msg/detail/collision_report__traits.hpp\n'}
[1.190570] (px4_msgs) StdoutLine: {'line': b'-- Up-to-date: /home/harsh/ros2_project/install/px4_msgs/include/px4_msgs/px4_msgs/msg/detail/actuator_controls_status__traits.hpp\n'}
[1.190597] (px4_msgs) StdoutLine: {'line': b'-- Up-to-date: /home/harsh/ros2_project/install/px4_msgs/include/px4_msgs/px4_msgs/msg/detail/gpio_out__traits.hpp\n'}
[1.190626] (px4_msgs) StdoutLine: {'line': b'-- Up-to-date: /home/harsh/ros2_project/install/px4_msgs/include/px4_msgs/px4_msgs/msg/detail/mount_orientation__type_support.hpp\n'}
[1.190654] (px4_msgs) StdoutLine: {'line': b'-- Up-to-date: /home/harsh/ros2_project/install/px4_msgs/include/px4_msgs/px4_msgs/msg/detail/gps_inject_data__struct.hpp\n'}
[1.190682] (px4_msgs) StdoutLine: {'line': b'-- Up-to-date: /home/harsh/ros2_project/install/px4_msgs/include/px4_msgs/px4_msgs/msg/detail/estimator_event_flags__struct.hpp\n'}
[1.190709] (px4_msgs) StdoutLine: {'line': b'-- Up-to-date: /home/harsh/ros2_project/install/px4_msgs/include/px4_msgs/px4_msgs/msg/detail/log_message__struct.hpp\n'}
[1.190737] (px4_msgs) StdoutLine: {'line': b'-- Up-to-date: /home/harsh/ros2_project/install/px4_msgs/include/px4_msgs/px4_msgs/msg/detail/control_allocator_status__builder.hpp\n'}
[1.190764] (px4_msgs) StdoutLine: {'line': b'-- Up-to-date: /home/harsh/ros2_project/install/px4_msgs/include/px4_msgs/px4_msgs/msg/detail/vehicle_optical_flow_vel__struct.hpp\n'}
[1.190794] (px4_msgs) StdoutLine: {'line': b'-- Up-to-date: /home/harsh/ros2_project/install/px4_msgs/include/px4_msgs/px4_msgs/msg/detail/geofence_status__type_support.hpp\n'}
[1.190821] (px4_msgs) StdoutLine: {'line': b'-- Up-to-date: /home/harsh/ros2_project/install/px4_msgs/include/px4_msgs/px4_msgs/msg/detail/figure_eight_status__builder.hpp\n'}
[1.190848] (px4_msgs) StdoutLine: {'line': b'-- Up-to-date: /home/harsh/ros2_project/install/px4_msgs/include/px4_msgs/px4_msgs/msg/detail/qshell_retval__struct.hpp\n'}
[1.190876] (px4_msgs) StdoutLine: {'line': b'-- Up-to-date: /home/harsh/ros2_project/install/px4_msgs/include/px4_msgs/px4_msgs/msg/detail/gps_dump__builder.hpp\n'}
[1.190903] (px4_msgs) StdoutLine: {'line': b'-- Up-to-date: /home/harsh/ros2_project/install/px4_msgs/include/px4_msgs/px4_msgs/msg/detail/onboard_computer_status__struct.hpp\n'}
[1.190931] (px4_msgs) StdoutLine: {'line': b'-- Up-to-date: /home/harsh/ros2_project/install/px4_msgs/include/px4_msgs/px4_msgs/msg/detail/vehicle_rates_setpoint__builder.hpp\n'}
[1.190958] (px4_msgs) StdoutLine: {'line': b'-- Up-to-date: /home/harsh/ros2_project/install/px4_msgs/include/px4_msgs/px4_msgs/msg/detail/tiltrotor_extra_controls__builder.hpp\n'}
[1.190986] (px4_msgs) StdoutLine: {'line': b'-- Up-to-date: /home/harsh/ros2_project/install/px4_msgs/include/px4_msgs/px4_msgs/msg/detail/actuator_outputs__type_support.hpp\n'}
[1.191024] (px4_msgs) StdoutLine: {'line': b'-- Up-to-date: /home/harsh/ros2_project/install/px4_msgs/include/px4_msgs/px4_msgs/msg/detail/vehicle_rates_setpoint__traits.hpp\n'}
[1.191058] (px4_msgs) StdoutLine: {'line': b'-- Up-to-date: /home/harsh/ros2_project/install/px4_msgs/include/px4_msgs/px4_msgs/msg/detail/qshell_retval__builder.hpp\n'}
[1.191091] (px4_msgs) StdoutLine: {'line': b'-- Up-to-date: /home/harsh/ros2_project/install/px4_msgs/include/px4_msgs/px4_msgs/msg/detail/trajectory_setpoint__type_support.hpp\n'}
[1.191126] (px4_msgs) StdoutLine: {'line': b'-- Up-to-date: /home/harsh/ros2_project/install/px4_msgs/include/px4_msgs/px4_msgs/msg/detail/px4io_status__traits.hpp\n'}
[1.191158] (px4_msgs) StdoutLine: {'line': b'-- Up-to-date: /home/harsh/ros2_project/install/px4_msgs/include/px4_msgs/px4_msgs/msg/detail/actuator_outputs__traits.hpp\n'}
[1.191190] (px4_msgs) StdoutLine: {'line': b'-- Up-to-date: /home/harsh/ros2_project/install/px4_msgs/include/px4_msgs/px4_msgs/msg/detail/mag_worker_data__builder.hpp\n'}
[1.191221] (px4_msgs) StdoutLine: {'line': b'-- Up-to-date: /home/harsh/ros2_project/install/px4_msgs/include/px4_msgs/px4_msgs/msg/detail/gimbal_manager_information__builder.hpp\n'}
[1.191256] (px4_msgs) StdoutLine: {'line': b'-- Up-to-date: /home/harsh/ros2_project/install/px4_msgs/include/px4_msgs/px4_msgs/msg/detail/register_ext_component_reply__type_support.hpp\n'}
[1.191288] (px4_msgs) StdoutLine: {'line': b'-- Up-to-date: /home/harsh/ros2_project/install/px4_msgs/include/px4_msgs/px4_msgs/msg/detail/estimator_gps_status__traits.hpp\n'}
[1.191319] (px4_msgs) StdoutLine: {'line': b'-- Up-to-date: /home/harsh/ros2_project/install/px4_msgs/include/px4_msgs/px4_msgs/msg/detail/orbit_status__type_support.hpp\n'}
[1.191352] (px4_msgs) StdoutLine: {'line': b'-- Up-to-date: /home/harsh/ros2_project/install/px4_msgs/include/px4_msgs/px4_msgs/msg/detail/buffer128__struct.hpp\n'}
[1.191384] (px4_msgs) StdoutLine: {'line': b'-- Up-to-date: /home/harsh/ros2_project/install/px4_msgs/include/px4_msgs/px4_msgs/msg/detail/estimator_states__struct.hpp\n'}
[1.191417] (px4_msgs) StdoutLine: {'line': b'-- Up-to-date: /home/harsh/ros2_project/install/px4_msgs/include/px4_msgs/px4_msgs/msg/detail/gpio_config__builder.hpp\n'}
[1.191450] (px4_msgs) StdoutLine: {'line': b'-- Up-to-date: /home/harsh/ros2_project/install/px4_msgs/include/px4_msgs/px4_msgs/msg/detail/vehicle_torque_setpoint__type_support.hpp\n'}
[1.191481] (px4_msgs) StdoutLine: {'line': b'-- Up-to-date: /home/harsh/ros2_project/install/px4_msgs/include/px4_msgs/px4_msgs/msg/detail/ulog_stream__type_support.hpp\n'}
[1.191514] (px4_msgs) StdoutLine: {'line': b'-- Up-to-date: /home/harsh/ros2_project/install/px4_msgs/include/px4_msgs/px4_msgs/msg/detail/vehicle_rates_setpoint__type_support.hpp\n'}
[1.191545] (px4_msgs) StdoutLine: {'line': b'-- Up-to-date: /home/harsh/ros2_project/install/px4_msgs/include/px4_msgs/px4_msgs/msg/detail/action_request__struct.hpp\n'}
[1.191577] (px4_msgs) StdoutLine: {'line': b'-- Up-to-date: /home/harsh/ros2_project/install/px4_msgs/include/px4_msgs/px4_msgs/msg/detail/vehicle_angular_acceleration_setpoint__traits.hpp\n'}
[1.191609] (px4_msgs) StdoutLine: {'line': b'-- Up-to-date: /home/harsh/ros2_project/install/px4_msgs/include/px4_msgs/px4_msgs/msg/detail/tecs_status__builder.hpp\n'}
[1.191642] (px4_msgs) StdoutLine: {'line': b'-- Up-to-date: /home/harsh/ros2_project/install/px4_msgs/include/px4_msgs/px4_msgs/msg/detail/vehicle_magnetometer__type_support.hpp\n'}
[1.191675] (px4_msgs) StdoutLine: {'line': b'-- Up-to-date: /home/harsh/ros2_project/install/px4_msgs/include/px4_msgs/px4_msgs/msg/detail/follow_target__struct.hpp\n'}
[1.191706] (px4_msgs) StdoutLine: {'line': b'-- Up-to-date: /home/harsh/ros2_project/install/px4_msgs/include/px4_msgs/px4_msgs/msg/detail/power_button_state__traits.hpp\n'}
[1.191738] (px4_msgs) StdoutLine: {'line': b'-- Up-to-date: /home/harsh/ros2_project/install/px4_msgs/include/px4_msgs/px4_msgs/msg/detail/vehicle_optical_flow_vel__builder.hpp\n'}
[1.191771] (px4_msgs) StdoutLine: {'line': b'-- Up-to-date: /home/harsh/ros2_project/install/px4_msgs/include/px4_msgs/px4_msgs/msg/detail/onboard_computer_status__traits.hpp\n'}
[1.191804] (px4_msgs) StdoutLine: {'line': b'-- Up-to-date: /home/harsh/ros2_project/install/px4_msgs/include/px4_msgs/px4_msgs/msg/detail/offboard_control_mode__traits.hpp\n'}
[1.191838] (px4_msgs) StdoutLine: {'line': b'-- Up-to-date: /home/harsh/ros2_project/install/px4_msgs/include/px4_msgs/px4_msgs/msg/detail/orb_test__struct.hpp\n'}
[1.191871] (px4_msgs) StdoutLine: {'line': b'-- Up-to-date: /home/harsh/ros2_project/install/px4_msgs/include/px4_msgs/px4_msgs/msg/detail/follow_target__type_support.hpp\n'}
[1.191905] (px4_msgs) StdoutLine: {'line': b'-- Up-to-date: /home/harsh/ros2_project/install/px4_msgs/include/px4_msgs/px4_msgs/msg/detail/sensor_airflow__struct.hpp\n'}
[1.191941] (px4_msgs) StdoutLine: {'line': b'-- Up-to-date: /home/harsh/ros2_project/install/px4_msgs/include/px4_msgs/px4_msgs/msg/detail/health_report__traits.hpp\n'}
[1.191979] (px4_msgs) StdoutLine: {'line': b'-- Up-to-date: /home/harsh/ros2_project/install/px4_msgs/include/px4_msgs/px4_msgs/msg/detail/takeoff_status__struct.hpp\n'}
[1.192027] (px4_msgs) StdoutLine: {'line': b'-- Up-to-date: /home/harsh/ros2_project/install/px4_msgs/include/px4_msgs/px4_msgs/msg/detail/rate_ctrl_status__builder.hpp\n'}
[1.192070] (px4_msgs) StdoutLine: {'line': b'-- Up-to-date: /home/harsh/ros2_project/install/px4_msgs/include/px4_msgs/px4_msgs/msg/detail/sensor_combined__type_support.hpp\n'}
[1.192116] (px4_msgs) StdoutLine: {'line': b'-- Up-to-date: /home/harsh/ros2_project/install/px4_msgs/include/px4_msgs/px4_msgs/msg/detail/rate_ctrl_status__type_support.hpp\n'}
[1.192157] (px4_msgs) StdoutLine: {'line': b'-- Up-to-date: /home/harsh/ros2_project/install/px4_msgs/include/px4_msgs/px4_msgs/msg/detail/estimator_gps_status__struct.hpp\n'}
[1.192197] (px4_msgs) StdoutLine: {'line': b'-- Up-to-date: /home/harsh/ros2_project/install/px4_msgs/include/px4_msgs/px4_msgs/msg/detail/trajectory_waypoint__type_support.hpp\n'}
[1.192232] (px4_msgs) StdoutLine: {'line': b'-- Up-to-date: /home/harsh/ros2_project/install/px4_msgs/include/px4_msgs/px4_msgs/msg/detail/health_report__builder.hpp\n'}
[1.192268] (px4_msgs) StdoutLine: {'line': b'-- Up-to-date: /home/harsh/ros2_project/install/px4_msgs/include/px4_msgs/px4_msgs/msg/detail/wind__traits.hpp\n'}
[1.192306] (px4_msgs) StdoutLine: {'line': b'-- Up-to-date: /home/harsh/ros2_project/install/px4_msgs/include/px4_msgs/px4_msgs/msg/detail/gimbal_device_information__traits.hpp\n'}
[1.192346] (px4_msgs) StdoutLine: {'line': b'-- Up-to-date: /home/harsh/ros2_project/install/px4_msgs/include/px4_msgs/px4_msgs/msg/detail/cpuload__builder.hpp\n'}
[1.192382] (px4_msgs) StdoutLine: {'line': b'-- Up-to-date: /home/harsh/ros2_project/install/px4_msgs/include/px4_msgs/px4_msgs/msg/detail/message_format_request__type_support.hpp\n'}
[1.192419] (px4_msgs) StdoutLine: {'line': b'-- Up-to-date: /home/harsh/ros2_project/install/px4_msgs/include/px4_msgs/px4_msgs/msg/detail/estimator_aid_source1d__type_support.hpp\n'}
[1.192457] (px4_msgs) StdoutLine: {'line': b'-- Up-to-date: /home/harsh/ros2_project/install/px4_msgs/include/px4_msgs/px4_msgs/msg/detail/parameter_update__struct.hpp\n'}
[1.192496] (px4_msgs) StdoutLine: {'line': b'-- Up-to-date: /home/harsh/ros2_project/install/px4_msgs/include/px4_msgs/px4_msgs/msg/detail/vehicle_status__traits.hpp\n'}
[1.192533] (px4_msgs) StdoutLine: {'line': b'-- Up-to-date: /home/harsh/ros2_project/install/px4_msgs/include/px4_msgs/px4_msgs/msg/detail/cpuload__struct.hpp\n'}
[1.192569] (px4_msgs) StdoutLine: {'line': b'-- Up-to-date: /home/harsh/ros2_project/install/px4_msgs/include/px4_msgs/px4_msgs/msg/detail/differential_drive_setpoint__struct.hpp\n'}
[1.192604] (px4_msgs) StdoutLine: {'line': b'-- Up-to-date: /home/harsh/ros2_project/install/px4_msgs/include/px4_msgs/px4_msgs/msg/detail/parameter_reset_request__traits.hpp\n'}
[1.192641] (px4_msgs) StdoutLine: {'line': b'-- Up-to-date: /home/harsh/ros2_project/install/px4_msgs/include/px4_msgs/px4_msgs/msg/detail/trajectory_waypoint__struct.hpp\n'}
[1.192678] (px4_msgs) StdoutLine: {'line': b'-- Up-to-date: /home/harsh/ros2_project/install/px4_msgs/include/px4_msgs/px4_msgs/msg/detail/can_interface_status__builder.hpp\n'}
[1.192719] (px4_msgs) StdoutLine: {'line': b'-- Up-to-date: /home/harsh/ros2_project/install/px4_msgs/include/px4_msgs/px4_msgs/msg/detail/telemetry_status__traits.hpp\n'}
[1.192756] (px4_msgs) StdoutLine: {'line': b'-- Up-to-date: /home/harsh/ros2_project/install/px4_msgs/include/px4_msgs/px4_msgs/msg/detail/estimator_selector_status__traits.hpp\n'}
[1.192793] (px4_msgs) StdoutLine: {'line': b'-- Up-to-date: /home/harsh/ros2_project/install/px4_msgs/include/px4_msgs/px4_msgs/msg/detail/sensor_optical_flow__struct.hpp\n'}
[1.192830] (px4_msgs) StdoutLine: {'line': b'-- Up-to-date: /home/harsh/ros2_project/install/px4_msgs/include/px4_msgs/px4_msgs/msg/detail/gimbal_manager_status__builder.hpp\n'}
[1.192868] (px4_msgs) StdoutLine: {'line': b'-- Up-to-date: /home/harsh/ros2_project/install/px4_msgs/include/px4_msgs/px4_msgs/msg/detail/mount_orientation__struct.hpp\n'}
[1.192907] (px4_msgs) StdoutLine: {'line': b'-- Up-to-date: /home/harsh/ros2_project/install/px4_msgs/include/px4_msgs/px4_msgs/msg/detail/vehicle_rates_setpoint__struct.hpp\n'}
[1.192946] (px4_msgs) StdoutLine: {'line': b'-- Up-to-date: /home/harsh/ros2_project/install/px4_msgs/include/px4_msgs/px4_msgs/msg/detail/unregister_ext_component__struct.hpp\n'}
[1.192987] (px4_msgs) StdoutLine: {'line': b'-- Up-to-date: /home/harsh/ros2_project/install/px4_msgs/include/px4_msgs/px4_msgs/msg/detail/geofence_status__builder.hpp\n'}
[1.193037] (px4_msgs) StdoutLine: {'line': b'-- Up-to-date: /home/harsh/ros2_project/install/px4_msgs/include/px4_msgs/px4_msgs/msg/detail/hover_thrust_estimate__traits.hpp\n'}
[1.193079] (px4_msgs) StdoutLine: {'line': b'-- Up-to-date: /home/harsh/ros2_project/install/px4_msgs/include/px4_msgs/px4_msgs/msg/detail/estimator_selector_status__type_support.hpp\n'}
[1.193121] (px4_msgs) StdoutLine: {'line': b'-- Up-to-date: /home/harsh/ros2_project/install/px4_msgs/include/px4_msgs/px4_msgs/msg/detail/mission_result__traits.hpp\n'}
[1.193162] (px4_msgs) StdoutLine: {'line': b'-- Up-to-date: /home/harsh/ros2_project/install/px4_msgs/include/px4_msgs/px4_msgs/msg/detail/gimbal_manager_set_attitude__struct.hpp\n'}
[1.193201] (px4_msgs) StdoutLine: {'line': b'-- Up-to-date: /home/harsh/ros2_project/install/px4_msgs/include/px4_msgs/px4_msgs/msg/detail/config_overrides__struct.hpp\n'}
[1.193239] (px4_msgs) StdoutLine: {'line': b'-- Up-to-date: /home/harsh/ros2_project/install/px4_msgs/include/px4_msgs/px4_msgs/msg/detail/gimbal_manager_set_attitude__type_support.hpp\n'}
[1.193287] (px4_msgs) StdoutLine: {'line': b'-- Up-to-date: /home/harsh/ros2_project/install/px4_msgs/include/px4_msgs/px4_msgs/msg/detail/npfg_status__struct.hpp\n'}
[1.193325] (px4_msgs) StdoutLine: {'line': b'-- Up-to-date: /home/harsh/ros2_project/install/px4_msgs/include/px4_msgs/px4_msgs/msg/detail/mission__type_support.hpp\n'}
[1.193364] (px4_msgs) StdoutLine: {'line': b'-- Up-to-date: /home/harsh/ros2_project/install/px4_msgs/include/px4_msgs/px4_msgs/msg/detail/sensor_gps__type_support.hpp\n'}
[1.193411] (px4_msgs) StdoutLine: {'line': b'-- Up-to-date: /home/harsh/ros2_project/install/px4_msgs/include/px4_msgs/px4_msgs/msg/detail/vehicle_acceleration__type_support.hpp\n'}
[1.193454] (px4_msgs) StdoutLine: {'line': b'-- Up-to-date: /home/harsh/ros2_project/install/px4_msgs/include/px4_msgs/px4_msgs/msg/detail/tiltrotor_extra_controls__traits.hpp\n'}
[1.193492] (px4_msgs) StdoutLine: {'line': b'-- Up-to-date: /home/harsh/ros2_project/install/px4_msgs/include/px4_msgs/px4_msgs/msg/detail/internal_combustion_engine_status__struct.hpp\n'}
[1.193536] (px4_msgs) StdoutLine: {'line': b'-- Up-to-date: /home/harsh/ros2_project/install/px4_msgs/include/px4_msgs/px4_msgs/msg/detail/logger_status__builder.hpp\n'}
[1.193578] (px4_msgs) StdoutLine: {'line': b'-- Up-to-date: /home/harsh/ros2_project/install/px4_msgs/include/px4_msgs/px4_msgs/msg/detail/qshell_req__type_support.hpp\n'}
[1.193616] (px4_msgs) StdoutLine: {'line': b'-- Up-to-date: /home/harsh/ros2_project/install/px4_msgs/include/px4_msgs/px4_msgs/msg/detail/gimbal_manager_status__type_support.hpp\n'}
[1.193655] (px4_msgs) StdoutLine: {'line': b'-- Up-to-date: /home/harsh/ros2_project/install/px4_msgs/include/px4_msgs/px4_msgs/msg/detail/orb_test_medium__struct.hpp\n'}
[1.193693] (px4_msgs) StdoutLine: {'line': b'-- Up-to-date: /home/harsh/ros2_project/install/px4_msgs/include/px4_msgs/px4_msgs/msg/detail/transponder_report__struct.hpp\n'}
[1.193733] (px4_msgs) StdoutLine: {'line': b'-- Up-to-date: /home/harsh/ros2_project/install/px4_msgs/include/px4_msgs/px4_msgs/msg/detail/esc_report__traits.hpp\n'}
[1.193768] (px4_msgs) StdoutLine: {'line': b'-- Up-to-date: /home/harsh/ros2_project/install/px4_msgs/include/px4_msgs/px4_msgs/msg/detail/task_stack_info__builder.hpp\n'}
[1.193806] (px4_msgs) StdoutLine: {'line': b'-- Up-to-date: /home/harsh/ros2_project/install/px4_msgs/include/px4_msgs/px4_msgs/msg/detail/gimbal_device_attitude_status__traits.hpp\n'}
[1.193845] (px4_msgs) StdoutLine: {'line': b'-- Up-to-date: /home/harsh/ros2_project/install/px4_msgs/include/px4_msgs/px4_msgs/msg/detail/offboard_control_mode__type_support.hpp\n'}
[1.193884] (px4_msgs) StdoutLine: {'line': b'-- Up-to-date: /home/harsh/ros2_project/install/px4_msgs/include/px4_msgs/px4_msgs/msg/detail/vehicle_land_detected__type_support.hpp\n'}
[1.193924] (px4_msgs) StdoutLine: {'line': b'-- Up-to-date: /home/harsh/ros2_project/install/px4_msgs/include/px4_msgs/px4_msgs/msg/detail/vehicle_global_position__builder.hpp\n'}
[1.193962] (px4_msgs) StdoutLine: {'line': b'-- Up-to-date: /home/harsh/ros2_project/install/px4_msgs/include/px4_msgs/px4_msgs/msg/detail/sensors_status_imu__traits.hpp\n'}
[1.194000] (px4_msgs) StdoutLine: {'line': b'-- Up-to-date: /home/harsh/ros2_project/install/px4_msgs/include/px4_msgs/px4_msgs/msg/detail/irlock_report__traits.hpp\n'}
[1.194046] (px4_msgs) StdoutLine: {'line': b'-- Up-to-date: /home/harsh/ros2_project/install/px4_msgs/include/px4_msgs/px4_msgs/msg/detail/follow_target_estimator__traits.hpp\n'}
[1.194088] (px4_msgs) StdoutLine: {'line': b'-- Up-to-date: /home/harsh/ros2_project/install/px4_msgs/include/px4_msgs/px4_msgs/msg/detail/internal_combustion_engine_status__traits.hpp\n'}
[1.194128] (px4_msgs) StdoutLine: {'line': b'-- Up-to-date: /home/harsh/ros2_project/install/px4_msgs/include/px4_msgs/px4_msgs/msg/detail/sensor_preflight_mag__builder.hpp\n'}
[1.194169] (px4_msgs) StdoutLine: {'line': b'-- Up-to-date: /home/harsh/ros2_project/install/px4_msgs/include/px4_msgs/px4_msgs/msg/detail/launch_detection_status__type_support.hpp\n'}
[1.194216] (px4_msgs) StdoutLine: {'line': b'-- Up-to-date: /home/harsh/ros2_project/install/px4_msgs/include/px4_msgs/px4_msgs/msg/detail/position_setpoint__traits.hpp\n'}
[1.194255] (px4_msgs) StdoutLine: {'line': b'-- Up-to-date: /home/harsh/ros2_project/install/px4_msgs/include/px4_msgs/px4_msgs/msg/detail/landing_gear__traits.hpp\n'}
[1.194295] (px4_msgs) StdoutLine: {'line': b'-- Up-to-date: /home/harsh/ros2_project/install/px4_msgs/include/px4_msgs/px4_msgs/msg/detail/vehicle_torque_setpoint__traits.hpp\n'}
[1.194334] (px4_msgs) StdoutLine: {'line': b'-- Up-to-date: /home/harsh/ros2_project/install/px4_msgs/include/px4_msgs/px4_msgs/msg/detail/sensor_selection__struct.hpp\n'}
[1.194375] (px4_msgs) StdoutLine: {'line': b'-- Up-to-date: /home/harsh/ros2_project/install/px4_msgs/include/px4_msgs/px4_msgs/msg/detail/gps_inject_data__builder.hpp\n'}
[1.194418] (px4_msgs) StdoutLine: {'line': b'-- Up-to-date: /home/harsh/ros2_project/install/px4_msgs/include/px4_msgs/px4_msgs/msg/detail/sensor_correction__builder.hpp\n'}
[1.194459] (px4_msgs) StdoutLine: {'line': b'-- Up-to-date: /home/harsh/ros2_project/install/px4_msgs/include/px4_msgs/px4_msgs/msg/detail/sensor_gps__traits.hpp\n'}
[1.194498] (px4_msgs) StdoutLine: {'line': b'-- Up-to-date: /home/harsh/ros2_project/install/px4_msgs/include/px4_msgs/px4_msgs/msg/detail/telemetry_status__builder.hpp\n'}
[1.194539] (px4_msgs) StdoutLine: {'line': b'-- Up-to-date: /home/harsh/ros2_project/install/px4_msgs/include/px4_msgs/px4_msgs/msg/detail/timesync_status__struct.hpp\n'}
[1.194579] (px4_msgs) StdoutLine: {'line': b'-- Up-to-date: /home/harsh/ros2_project/install/px4_msgs/include/px4_msgs/px4_msgs/msg/detail/ulog_stream_ack__builder.hpp\n'}
[1.194619] (px4_msgs) StdoutLine: {'line': b'-- Up-to-date: /home/harsh/ros2_project/install/px4_msgs/include/px4_msgs/px4_msgs/msg/detail/gpio_request__traits.hpp\n'}
[1.194662] (px4_msgs) StdoutLine: {'line': b'-- Up-to-date: /home/harsh/ros2_project/install/px4_msgs/include/px4_msgs/px4_msgs/msg/detail/position_controller_status__traits.hpp\n'}
[1.194707] (px4_msgs) StdoutLine: {'line': b'-- Up-to-date: /home/harsh/ros2_project/install/px4_msgs/include/px4_msgs/px4_msgs/msg/detail/geofence_result__builder.hpp\n'}
[1.194754] (px4_msgs) StdoutLine: {'line': b'-- Up-to-date: /home/harsh/ros2_project/install/px4_msgs/include/px4_msgs/px4_msgs/msg/detail/vehicle_command__type_support.hpp\n'}
[1.194801] (px4_msgs) StdoutLine: {'line': b'-- Up-to-date: /home/harsh/ros2_project/install/px4_msgs/include/px4_msgs/px4_msgs/msg/detail/actuator_outputs__builder.hpp\n'}
[1.194842] (px4_msgs) StdoutLine: {'line': b'-- Up-to-date: /home/harsh/ros2_project/install/px4_msgs/include/px4_msgs/px4_msgs/msg/detail/power_button_state__builder.hpp\n'}
[1.194886] (px4_msgs) StdoutLine: {'line': b'-- Up-to-date: /home/harsh/ros2_project/install/px4_msgs/include/px4_msgs/px4_msgs/msg/detail/tiltrotor_extra_controls__struct.hpp\n'}
[1.194928] (px4_msgs) StdoutLine: {'line': b'-- Up-to-date: /home/harsh/ros2_project/install/px4_msgs/include/px4_msgs/px4_msgs/msg/detail/estimator_aid_source3d__traits.hpp\n'}
[1.194971] (px4_msgs) StdoutLine: {'line': b'-- Up-to-date: /home/harsh/ros2_project/install/px4_msgs/include/px4_msgs/px4_msgs/msg/detail/takeoff_status__traits.hpp\n'}
[1.195018] (px4_msgs) StdoutLine: {'line': b'-- Up-to-date: /home/harsh/ros2_project/install/px4_msgs/include/px4_msgs/px4_msgs/msg/detail/yaw_estimator_status__struct.hpp\n'}
[1.195069] (px4_msgs) StdoutLine: {'line': b'-- Up-to-date: /home/harsh/ros2_project/install/px4_msgs/include/px4_msgs/px4_msgs/msg/detail/vehicle_odometry__builder.hpp\n'}
[1.195112] (px4_msgs) StdoutLine: {'line': b'-- Up-to-date: /home/harsh/ros2_project/install/px4_msgs/include/px4_msgs/px4_msgs/msg/detail/ulog_stream_ack__traits.hpp\n'}
[1.195157] (px4_msgs) StdoutLine: {'line': b'-- Up-to-date: /home/harsh/ros2_project/install/px4_msgs/include/px4_msgs/px4_msgs/msg/detail/rpm__type_support.hpp\n'}
[1.195210] (px4_msgs) StdoutLine: {'line': b'-- Up-to-date: /home/harsh/ros2_project/install/px4_msgs/include/px4_msgs/px4_msgs/msg/detail/gripper__traits.hpp\n'}
[1.195254] (px4_msgs) StdoutLine: {'line': b'-- Up-to-date: /home/harsh/ros2_project/install/px4_msgs/include/px4_msgs/px4_msgs/msg/detail/estimator_selector_status__struct.hpp\n'}
[1.195297] (px4_msgs) StdoutLine: {'line': b'-- Up-to-date: /home/harsh/ros2_project/install/px4_msgs/include/px4_msgs/px4_msgs/msg/detail/estimator_innovations__builder.hpp\n'}
[1.195337] (px4_msgs) StdoutLine: {'line': b'-- Up-to-date: /home/harsh/ros2_project/install/px4_msgs/include/px4_msgs/px4_msgs/msg/detail/power_monitor__builder.hpp\n'}
[1.195383] (px4_msgs) StdoutLine: {'line': b'-- Up-to-date: /home/harsh/ros2_project/install/px4_msgs/include/px4_msgs/px4_msgs/msg/detail/camera_capture__builder.hpp\n'}
[1.195424] (px4_msgs) StdoutLine: {'line': b'-- Up-to-date: /home/harsh/ros2_project/install/px4_msgs/include/px4_msgs/px4_msgs/msg/detail/vehicle_trajectory_bezier__type_support.hpp\n'}
[1.195465] (px4_msgs) StdoutLine: {'line': b'-- Up-to-date: /home/harsh/ros2_project/install/px4_msgs/include/px4_msgs/px4_msgs/msg/detail/sensor_combined__traits.hpp\n'}
[1.195531] (px4_msgs) StdoutLine: {'line': b'-- Up-to-date: /home/harsh/ros2_project/install/px4_msgs/include/px4_msgs/px4_msgs/msg/detail/tecs_status__type_support.hpp\n'}
[1.195583] (px4_msgs) StdoutLine: {'line': b'-- Up-to-date: /home/harsh/ros2_project/install/px4_msgs/include/px4_msgs/px4_msgs/msg/detail/vehicle_optical_flow_vel__traits.hpp\n'}
[1.195629] (px4_msgs) StdoutLine: {'line': b'-- Up-to-date: /home/harsh/ros2_project/install/px4_msgs/include/px4_msgs/px4_msgs/msg/detail/vehicle_angular_acceleration_setpoint__type_support.hpp\n'}
[1.195669] (px4_msgs) StdoutLine: {'line': b'-- Up-to-date: /home/harsh/ros2_project/install/px4_msgs/include/px4_msgs/px4_msgs/msg/detail/arming_check_request__builder.hpp\n'}
[1.195706] (px4_msgs) StdoutLine: {'line': b'-- Up-to-date: /home/harsh/ros2_project/install/px4_msgs/include/px4_msgs/px4_msgs/msg/detail/sensor_airflow__builder.hpp\n'}
[1.195748] (px4_msgs) StdoutLine: {'line': b'-- Up-to-date: /home/harsh/ros2_project/install/px4_msgs/include/px4_msgs/px4_msgs/msg/detail/sensor_optical_flow__traits.hpp\n'}
[1.195788] (px4_msgs) StdoutLine: {'line': b'-- Up-to-date: /home/harsh/ros2_project/install/px4_msgs/include/px4_msgs/px4_msgs/msg/detail/sensors_status_imu__struct.hpp\n'}
[1.195830] (px4_msgs) StdoutLine: {'line': b'-- Up-to-date: /home/harsh/ros2_project/install/px4_msgs/include/px4_msgs/px4_msgs/msg/detail/follow_target_estimator__builder.hpp\n'}
[1.195869] (px4_msgs) StdoutLine: {'line': b'-- Up-to-date: /home/harsh/ros2_project/install/px4_msgs/include/px4_msgs/px4_msgs/msg/detail/position_setpoint_triplet__builder.hpp\n'}
[1.195910] (px4_msgs) StdoutLine: {'line': b'-- Up-to-date: /home/harsh/ros2_project/install/px4_msgs/include/px4_msgs/px4_msgs/msg/detail/sensor_uwb__builder.hpp\n'}
[1.195950] (px4_msgs) StdoutLine: {'line': b'-- Up-to-date: /home/harsh/ros2_project/install/px4_msgs/include/px4_msgs/px4_msgs/msg/detail/wind__struct.hpp\n'}
[1.196029] (px4_msgs) StdoutLine: {'line': b'-- Up-to-date: /home/harsh/ros2_project/install/px4_msgs/include/px4_msgs/px4_msgs/msg/detail/mount_orientation__traits.hpp\n'}
[1.196097] (px4_msgs) StdoutLine: {'line': b'-- Up-to-date: /home/harsh/ros2_project/install/px4_msgs/include/px4_msgs/px4_msgs/msg/detail/sensor_gyro_fft__traits.hpp\n'}
[1.196141] (px4_msgs) StdoutLine: {'line': b'-- Up-to-date: /home/harsh/ros2_project/install/px4_msgs/include/px4_msgs/px4_msgs/msg/detail/satellite_info__builder.hpp\n'}
[1.196188] (px4_msgs) StdoutLine: {'line': b'-- Up-to-date: /home/harsh/ros2_project/install/px4_msgs/include/px4_msgs/px4_msgs/msg/detail/actuator_test__type_support.hpp\n'}
[1.196231] (px4_msgs) StdoutLine: {'line': b'-- Up-to-date: /home/harsh/ros2_project/install/px4_msgs/include/px4_msgs/px4_msgs/msg/detail/power_monitor__struct.hpp\n'}
[1.196271] (px4_msgs) StdoutLine: {'line': b'-- Up-to-date: /home/harsh/ros2_project/install/px4_msgs/include/px4_msgs/px4_msgs/msg/detail/gpio_config__struct.hpp\n'}
[1.196314] (px4_msgs) StdoutLine: {'line': b'-- Up-to-date: /home/harsh/ros2_project/install/px4_msgs/include/px4_msgs/px4_msgs/msg/detail/collision_report__type_support.hpp\n'}
[1.196355] (px4_msgs) StdoutLine: {'line': b'-- Up-to-date: /home/harsh/ros2_project/install/px4_msgs/include/px4_msgs/px4_msgs/msg/detail/sensor_uwb__type_support.hpp\n'}
[1.196395] (px4_msgs) StdoutLine: {'line': b'-- Up-to-date: /home/harsh/ros2_project/install/px4_msgs/include/px4_msgs/px4_msgs/msg/detail/gpio_out__builder.hpp\n'}
[1.196453] (px4_msgs) StdoutLine: {'line': b'-- Up-to-date: /home/harsh/ros2_project/install/px4_msgs/include/px4_msgs/px4_msgs/msg/detail/arming_check_reply__traits.hpp\n'}
[1.196509] (px4_msgs) StdoutLine: {'line': b'-- Up-to-date: /home/harsh/ros2_project/install/px4_msgs/include/px4_msgs/px4_msgs/msg/detail/onboard_computer_status__builder.hpp\n'}
[1.196554] (px4_msgs) StdoutLine: {'line': b'-- Up-to-date: /home/harsh/ros2_project/install/px4_msgs/include/px4_msgs/px4_msgs/msg/detail/debug_key_value__traits.hpp\n'}
[1.196636] (px4_msgs) StdoutLine: {'line': b'-- Up-to-date: /home/harsh/ros2_project/install/px4_msgs/include/px4_msgs/px4_msgs/msg/detail/message_format_response__type_support.hpp\n'}
[1.196681] (px4_msgs) StdoutLine: {'line': b'-- Up-to-date: /home/harsh/ros2_project/install/px4_msgs/include/px4_msgs/px4_msgs/msg/detail/trajectory_setpoint__struct.hpp\n'}
[1.196724] (px4_msgs) StdoutLine: {'line': b'-- Up-to-date: /home/harsh/ros2_project/install/px4_msgs/include/px4_msgs/px4_msgs/msg/detail/health_report__type_support.hpp\n'}
[1.196782] (px4_msgs) StdoutLine: {'line': b'-- Up-to-date: /home/harsh/ros2_project/install/px4_msgs/include/px4_msgs/px4_msgs/msg/detail/vehicle_imu__builder.hpp\n'}
[1.196916] (px4_msgs) StdoutLine: {'line': b'-- Up-to-date: /home/harsh/ros2_project/install/px4_msgs/include/px4_msgs/px4_msgs/msg/detail/ulog_stream_ack__struct.hpp\n'}
[1.196970] (px4_msgs) StdoutLine: {'line': b'-- Up-to-date: /home/harsh/ros2_project/install/px4_msgs/include/px4_msgs/px4_msgs/msg/detail/gps_dump__type_support.hpp\n'}
[1.197006] (px4_msgs) StdoutLine: {'line': b'-- Up-to-date: /home/harsh/ros2_project/install/px4_msgs/include/px4_msgs/px4_msgs/msg/detail/debug_array__type_support.hpp\n'}
[1.197057] (px4_msgs) StdoutLine: {'line': b'-- Up-to-date: /home/harsh/ros2_project/install/px4_msgs/include/px4_msgs/px4_msgs/msg/detail/arming_check_request__type_support.hpp\n'}
[1.197105] (px4_msgs) StdoutLine: {'line': b'-- Up-to-date: /home/harsh/ros2_project/install/px4_msgs/include/px4_msgs/px4_msgs/msg/detail/parameter_set_used_request__traits.hpp\n'}
[1.197148] (px4_msgs) StdoutLine: {'line': b'-- Up-to-date: /home/harsh/ros2_project/install/px4_msgs/include/px4_msgs/px4_msgs/msg/detail/tecs_status__struct.hpp\n'}
[1.197197] (px4_msgs) StdoutLine: {'line': b'-- Up-to-date: /home/harsh/ros2_project/install/px4_msgs/include/px4_msgs/px4_msgs/msg/detail/velocity_limits__traits.hpp\n'}
[1.197237] (px4_msgs) StdoutLine: {'line': b'-- Up-to-date: /home/harsh/ros2_project/install/px4_msgs/include/px4_msgs/px4_msgs/msg/detail/failure_detector_status__builder.hpp\n'}
[1.197269] (px4_msgs) StdoutLine: {'line': b'-- Up-to-date: /home/harsh/ros2_project/install/px4_msgs/include/px4_msgs/px4_msgs/msg/detail/mission__struct.hpp\n'}
[1.197299] (px4_msgs) StdoutLine: {'line': b'-- Up-to-date: /home/harsh/ros2_project/install/px4_msgs/include/px4_msgs/px4_msgs/msg/detail/flight_phase_estimation__struct.hpp\n'}
[1.197330] (px4_msgs) StdoutLine: {'line': b'-- Up-to-date: /home/harsh/ros2_project/install/px4_msgs/include/px4_msgs/px4_msgs/msg/detail/actuator_servos_trim__builder.hpp\n'}
[1.197361] (px4_msgs) StdoutLine: {'line': b'-- Up-to-date: /home/harsh/ros2_project/install/px4_msgs/include/px4_msgs/px4_msgs/msg/detail/system_power__builder.hpp\n'}
[1.197391] (px4_msgs) StdoutLine: {'line': b'-- Up-to-date: /home/harsh/ros2_project/install/px4_msgs/include/px4_msgs/px4_msgs/msg/detail/message_format_response__traits.hpp\n'}
[1.197442] (px4_msgs) StdoutLine: {'line': b'-- Up-to-date: /home/harsh/ros2_project/install/px4_msgs/include/px4_msgs/px4_msgs/msg/detail/position_controller_status__type_support.hpp\n'}
[1.197475] (px4_msgs) StdoutLine: {'line': b'-- Up-to-date: /home/harsh/ros2_project/install/px4_msgs/include/px4_msgs/px4_msgs/msg/detail/gimbal_controls__struct.hpp\n'}
[1.197511] (px4_msgs) StdoutLine: {'line': b'-- Up-to-date: /home/harsh/ros2_project/install/px4_msgs/include/px4_msgs/px4_msgs/msg/detail/generator_status__builder.hpp\n'}
[1.197553] (px4_msgs) StdoutLine: {'line': b'-- Up-to-date: /home/harsh/ros2_project/install/px4_msgs/include/px4_msgs/px4_msgs/msg/detail/trajectory_setpoint__traits.hpp\n'}
[1.197592] (px4_msgs) StdoutLine: {'line': b'-- Up-to-date: /home/harsh/ros2_project/install/px4_msgs/include/px4_msgs/px4_msgs/msg/detail/sensor_hygrometer__traits.hpp\n'}
[1.197639] (px4_msgs) StdoutLine: {'line': b'-- Up-to-date: /home/harsh/ros2_project/install/px4_msgs/include/px4_msgs/px4_msgs/msg/detail/ping__struct.hpp\n'}
[1.197700] (px4_msgs) StdoutLine: {'line': b'-- Up-to-date: /home/harsh/ros2_project/install/px4_msgs/include/px4_msgs/px4_msgs/msg/detail/event__builder.hpp\n'}
[1.197746] (px4_msgs) StdoutLine: {'line': b'-- Up-to-date: /home/harsh/ros2_project/install/px4_msgs/include/px4_msgs/px4_msgs/msg/detail/position_controller_landing_status__builder.hpp\n'}
[1.197790] (px4_msgs) StdoutLine: {'line': b'-- Up-to-date: /home/harsh/ros2_project/install/px4_msgs/include/px4_msgs/px4_msgs/msg/detail/gimbal_device_set_attitude__traits.hpp\n'}
[1.197825] (px4_msgs) StdoutLine: {'line': b'-- Up-to-date: /home/harsh/ros2_project/install/px4_msgs/include/px4_msgs/px4_msgs/msg/detail/airspeed__struct.hpp\n'}
[1.197858] (px4_msgs) StdoutLine: {'line': b'-- Up-to-date: /home/harsh/ros2_project/install/px4_msgs/include/px4_msgs/px4_msgs/msg/detail/estimator_gps_status__builder.hpp\n'}
[1.197915] (px4_msgs) StdoutLine: {'line': b'-- Up-to-date: /home/harsh/ros2_project/install/px4_msgs/include/px4_msgs/px4_msgs/msg/detail/estimator_selector_status__builder.hpp\n'}
[1.197953] (px4_msgs) StdoutLine: {'line': b'-- Up-to-date: /home/harsh/ros2_project/install/px4_msgs/include/px4_msgs/px4_msgs/msg/detail/sensor_hygrometer__struct.hpp\n'}
[1.197988] (px4_msgs) StdoutLine: {'line': b'-- Up-to-date: /home/harsh/ros2_project/install/px4_msgs/include/px4_msgs/px4_msgs/msg/detail/vehicle_control_mode__traits.hpp\n'}
[1.198027] (px4_msgs) StdoutLine: {'line': b'-- Up-to-date: /home/harsh/ros2_project/install/px4_msgs/include/px4_msgs/px4_msgs/msg/detail/trajectory_waypoint__traits.hpp\n'}
[1.198058] (px4_msgs) StdoutLine: {'line': b'-- Up-to-date: /home/harsh/ros2_project/install/px4_msgs/include/px4_msgs/px4_msgs/msg/detail/sensor_accel_fifo__type_support.hpp\n'}
[1.198089] (px4_msgs) StdoutLine: {'line': b'-- Up-to-date: /home/harsh/ros2_project/install/px4_msgs/include/px4_msgs/px4_msgs/msg/detail/uavcan_parameter_request__traits.hpp\n'}
[1.198142] (px4_msgs) StdoutLine: {'line': b'-- Up-to-date: /home/harsh/ros2_project/install/px4_msgs/include/px4_msgs/px4_msgs/msg/detail/actuator_armed__type_support.hpp\n'}
[1.198180] (px4_msgs) StdoutLine: {'line': b'-- Up-to-date: /home/harsh/ros2_project/install/px4_msgs/include/px4_msgs/px4_msgs/msg/detail/parameter_set_value_request__traits.hpp\n'}
[1.198228] (px4_msgs) StdoutLine: {'line': b'-- Up-to-date: /home/harsh/ros2_project/install/px4_msgs/include/px4_msgs/px4_msgs/msg/detail/sensor_baro__type_support.hpp\n'}
[1.198262] (px4_msgs) StdoutLine: {'line': b'-- Up-to-date: /home/harsh/ros2_project/install/px4_msgs/include/px4_msgs/px4_msgs/msg/detail/failure_detector_status__traits.hpp\n'}
[1.198293] (px4_msgs) StdoutLine: {'line': b'-- Up-to-date: /home/harsh/ros2_project/install/px4_msgs/include/px4_msgs/px4_msgs/msg/detail/home_position__struct.hpp\n'}
[1.198323] (px4_msgs) StdoutLine: {'line': b'-- Up-to-date: /home/harsh/ros2_project/install/px4_msgs/include/px4_msgs/px4_msgs/msg/detail/wheel_encoders__type_support.hpp\n'}
[1.198354] (px4_msgs) StdoutLine: {'line': b'-- Up-to-date: /home/harsh/ros2_project/install/px4_msgs/include/px4_msgs/px4_msgs/msg/detail/mavlink_log__type_support.hpp\n'}
[1.198386] (px4_msgs) StdoutLine: {'line': b'-- Up-to-date: /home/harsh/ros2_project/install/px4_msgs/include/px4_msgs/px4_msgs/msg/detail/satellite_info__type_support.hpp\n'}
[1.198415] (px4_msgs) StdoutLine: {'line': b'-- Up-to-date: /home/harsh/ros2_project/install/px4_msgs/include/px4_msgs/px4_msgs/msg/detail/orb_test_large__type_support.hpp\n'}
[1.198446] (px4_msgs) StdoutLine: {'line': b'-- Up-to-date: /home/harsh/ros2_project/install/px4_msgs/include/px4_msgs/px4_msgs/msg/detail/vehicle_local_position__struct.hpp\n'}
[1.198477] (px4_msgs) StdoutLine: {'line': b'-- Up-to-date: /home/harsh/ros2_project/install/px4_msgs/include/px4_msgs/px4_msgs/msg/detail/sensor_combined__struct.hpp\n'}
[1.198507] (px4_msgs) StdoutLine: {'line': b'-- Up-to-date: /home/harsh/ros2_project/install/px4_msgs/include/px4_msgs/px4_msgs/msg/detail/register_ext_component_reply__builder.hpp\n'}
[1.198538] (px4_msgs) StdoutLine: {'line': b'-- Up-to-date: /home/harsh/ros2_project/install/px4_msgs/include/px4_msgs/px4_msgs/msg/detail/vehicle_angular_acceleration_setpoint__builder.hpp\n'}
[1.198568] (px4_msgs) StdoutLine: {'line': b'-- Up-to-date: /home/harsh/ros2_project/install/px4_msgs/include/px4_msgs/px4_msgs/msg/detail/vehicle_attitude_setpoint__type_support.hpp\n'}
[1.198599] (px4_msgs) StdoutLine: {'line': b'-- Up-to-date: /home/harsh/ros2_project/install/px4_msgs/include/px4_msgs/px4_msgs/msg/detail/actuator_servos_trim__type_support.hpp\n'}
[1.198640] (px4_msgs) StdoutLine: {'line': b'-- Up-to-date: /home/harsh/ros2_project/install/px4_msgs/include/px4_msgs/px4_msgs/msg/detail/mavlink_tunnel__traits.hpp\n'}
[1.198682] (px4_msgs) StdoutLine: {'line': b'-- Up-to-date: /home/harsh/ros2_project/install/px4_msgs/include/px4_msgs/px4_msgs/msg/detail/obstacle_distance__struct.hpp\n'}
[1.198721] (px4_msgs) StdoutLine: {'line': b'-- Up-to-date: /home/harsh/ros2_project/install/px4_msgs/include/px4_msgs/px4_msgs/msg/detail/rc_channels__type_support.hpp\n'}
[1.198757] (px4_msgs) StdoutLine: {'line': b'-- Up-to-date: /home/harsh/ros2_project/install/px4_msgs/include/px4_msgs/px4_msgs/msg/detail/message_format_request__builder.hpp\n'}
[1.198794] (px4_msgs) StdoutLine: {'line': b'-- Up-to-date: /home/harsh/ros2_project/install/px4_msgs/include/px4_msgs/px4_msgs/msg/detail/gimbal_manager_set_attitude__builder.hpp\n'}
[1.198831] (px4_msgs) StdoutLine: {'line': b'-- Up-to-date: /home/harsh/ros2_project/install/px4_msgs/include/px4_msgs/px4_msgs/msg/detail/position_setpoint_triplet__traits.hpp\n'}
[1.198867] (px4_msgs) StdoutLine: {'line': b'-- Up-to-date: /home/harsh/ros2_project/install/px4_msgs/include/px4_msgs/px4_msgs/msg/detail/rc_channels__builder.hpp\n'}
[1.198907] (px4_msgs) StdoutLine: {'line': b'-- Up-to-date: /home/harsh/ros2_project/install/px4_msgs/include/px4_msgs/px4_msgs/msg/detail/input_rc__builder.hpp\n'}
[1.198947] (px4_msgs) StdoutLine: {'line': b'-- Up-to-date: /home/harsh/ros2_project/install/px4_msgs/include/px4_msgs/px4_msgs/msg/detail/vtol_vehicle_status__builder.hpp\n'}
[1.198987] (px4_msgs) StdoutLine: {'line': b'-- Up-to-date: /home/harsh/ros2_project/install/px4_msgs/include/px4_msgs/px4_msgs/msg/detail/power_button_state__struct.hpp\n'}
[1.199087] (px4_msgs) StdoutLine: {'line': b'-- Up-to-date: /home/harsh/ros2_project/install/px4_msgs/include/px4_msgs/px4_msgs/msg/detail/manual_control_setpoint__type_support.hpp\n'}
[1.199124] (px4_msgs) StdoutLine: {'line': b'-- Up-to-date: /home/harsh/ros2_project/install/px4_msgs/include/px4_msgs/px4_msgs/msg/detail/airspeed__type_support.hpp\n'}
[1.199157] (px4_msgs) StdoutLine: {'line': b'-- Up-to-date: /home/harsh/ros2_project/install/px4_msgs/include/px4_msgs/px4_msgs/msg/detail/timesync_status__type_support.hpp\n'}
[1.199191] (px4_msgs) StdoutLine: {'line': b'-- Up-to-date: /home/harsh/ros2_project/install/px4_msgs/include/px4_msgs/px4_msgs/msg/detail/parameter_reset_request__builder.hpp\n'}
[1.199227] (px4_msgs) StdoutLine: {'line': b'-- Up-to-date: /home/harsh/ros2_project/install/px4_msgs/include/px4_msgs/px4_msgs/msg/detail/adc_report__builder.hpp\n'}
[1.199265] (px4_msgs) StdoutLine: {'line': b'-- Up-to-date: /home/harsh/ros2_project/install/px4_msgs/include/px4_msgs/px4_msgs/msg/detail/manual_control_setpoint__struct.hpp\n'}
[1.199297] (px4_msgs) StdoutLine: {'line': b'-- Up-to-date: /home/harsh/ros2_project/install/px4_msgs/include/px4_msgs/px4_msgs/msg/detail/obstacle_distance__builder.hpp\n'}
[1.199330] (px4_msgs) StdoutLine: {'line': b'-- Up-to-date: /home/harsh/ros2_project/install/px4_msgs/include/px4_msgs/px4_msgs/msg/detail/estimator_innovations__traits.hpp\n'}
[1.199366] (px4_msgs) StdoutLine: {'line': b'-- Up-to-date: /home/harsh/ros2_project/install/px4_msgs/include/px4_msgs/px4_msgs/msg/detail/gimbal_controls__builder.hpp\n'}
[1.199401] (px4_msgs) StdoutLine: {'line': b'-- Up-to-date: /home/harsh/ros2_project/install/px4_msgs/include/px4_msgs/px4_msgs/msg/detail/vehicle_attitude__traits.hpp\n'}
[1.199434] (px4_msgs) StdoutLine: {'line': b'-- Up-to-date: /home/harsh/ros2_project/install/px4_msgs/include/px4_msgs/px4_msgs/msg/detail/landing_gear_wheel__traits.hpp\n'}
[1.199470] (px4_msgs) StdoutLine: {'line': b'-- Up-to-date: /home/harsh/ros2_project/install/px4_msgs/include/px4_msgs/px4_msgs/msg/detail/gimbal_device_attitude_status__struct.hpp\n'}
[1.199505] (px4_msgs) StdoutLine: {'line': b'-- Up-to-date: /home/harsh/ros2_project/install/px4_msgs/include/px4_msgs/px4_msgs/msg/detail/hover_thrust_estimate__struct.hpp\n'}
[1.199543] (px4_msgs) StdoutLine: {'line': b'-- Up-to-date: /home/harsh/ros2_project/install/px4_msgs/include/px4_msgs/px4_msgs/msg/detail/estimator_bias3d__traits.hpp\n'}
[1.199578] (px4_msgs) StdoutLine: {'line': b'-- Up-to-date: /home/harsh/ros2_project/install/px4_msgs/include/px4_msgs/px4_msgs/msg/detail/estimator_status__type_support.hpp\n'}
[1.199615] (px4_msgs) StdoutLine: {'line': b'-- Up-to-date: /home/harsh/ros2_project/install/px4_msgs/include/px4_msgs/px4_msgs/msg/detail/pps_capture__traits.hpp\n'}
[1.199648] (px4_msgs) StdoutLine: {'line': b'-- Up-to-date: /home/harsh/ros2_project/install/px4_msgs/include/px4_msgs/px4_msgs/msg/detail/goto_setpoint__builder.hpp\n'}
[1.199681] (px4_msgs) StdoutLine: {'line': b'-- Up-to-date: /home/harsh/ros2_project/install/px4_msgs/include/px4_msgs/px4_msgs/msg/detail/differential_drive_setpoint__traits.hpp\n'}
[1.199716] (px4_msgs) StdoutLine: {'line': b'-- Up-to-date: /home/harsh/ros2_project/install/px4_msgs/include/px4_msgs/px4_msgs/msg/detail/sensor_airflow__type_support.hpp\n'}
[1.199750] (px4_msgs) StdoutLine: {'line': b'-- Up-to-date: /home/harsh/ros2_project/install/px4_msgs/include/px4_msgs/px4_msgs/msg/detail/obstacle_distance__type_support.hpp\n'}
[1.199785] (px4_msgs) StdoutLine: {'line': b'-- Up-to-date: /home/harsh/ros2_project/install/px4_msgs/include/px4_msgs/px4_msgs/msg/detail/input_rc__type_support.hpp\n'}
[1.199817] (px4_msgs) StdoutLine: {'line': b'-- Up-to-date: /home/harsh/ros2_project/install/px4_msgs/include/px4_msgs/px4_msgs/msg/detail/orb_test_medium__traits.hpp\n'}
[1.199858] (px4_msgs) StdoutLine: {'line': b'-- Up-to-date: /home/harsh/ros2_project/install/px4_msgs/include/px4_msgs/px4_msgs/msg/detail/estimator_bias__traits.hpp\n'}
[1.199890] (px4_msgs) StdoutLine: {'line': b'-- Up-to-date: /home/harsh/ros2_project/install/px4_msgs/include/px4_msgs/px4_msgs/msg/detail/vehicle_odometry__traits.hpp\n'}
[1.199921] (px4_msgs) StdoutLine: {'line': b'-- Up-to-date: /home/harsh/ros2_project/install/px4_msgs/include/px4_msgs/px4_msgs/msg/detail/rc_parameter_map__type_support.hpp\n'}
[1.199950] (px4_msgs) StdoutLine: {'line': b'-- Up-to-date: /home/harsh/ros2_project/install/px4_msgs/include/px4_msgs/px4_msgs/msg/detail/cpuload__traits.hpp\n'}
[1.199980] (px4_msgs) StdoutLine: {'line': b'-- Up-to-date: /home/harsh/ros2_project/install/px4_msgs/include/px4_msgs/px4_msgs/msg/detail/debug_value__builder.hpp\n'}
[1.200015] (px4_msgs) StdoutLine: {'line': b'-- Up-to-date: /home/harsh/ros2_project/install/px4_msgs/include/px4_msgs/px4_msgs/msg/detail/gpio_in__traits.hpp\n'}
[1.200049] (px4_msgs) StdoutLine: {'line': b'-- Up-to-date: /home/harsh/ros2_project/install/px4_msgs/include/px4_msgs/px4_msgs/msg/detail/sensors_status__struct.hpp\n'}
[1.200084] (px4_msgs) StdoutLine: {'line': b'-- Up-to-date: /home/harsh/ros2_project/install/px4_msgs/include/px4_msgs/px4_msgs/msg/detail/actuator_controls_status__type_support.hpp\n'}
[1.200120] (px4_msgs) StdoutLine: {'line': b'-- Up-to-date: /home/harsh/ros2_project/install/px4_msgs/include/px4_msgs/px4_msgs/msg/detail/goto_setpoint__traits.hpp\n'}
[1.200151] (px4_msgs) StdoutLine: {'line': b'-- Up-to-date: /home/harsh/ros2_project/install/px4_msgs/include/px4_msgs/px4_msgs/msg/detail/vehicle_optical_flow_vel__type_support.hpp\n'}
[1.200183] (px4_msgs) StdoutLine: {'line': b'-- Up-to-date: /home/harsh/ros2_project/install/px4_msgs/include/px4_msgs/px4_msgs/msg/detail/can_interface_status__type_support.hpp\n'}
[1.200213] (px4_msgs) StdoutLine: {'line': b'-- Up-to-date: /home/harsh/ros2_project/install/px4_msgs/include/px4_msgs/px4_msgs/msg/detail/position_setpoint__struct.hpp\n'}
[1.200246] (px4_msgs) StdoutLine: {'line': b'-- Up-to-date: /home/harsh/ros2_project/install/px4_msgs/include/px4_msgs/px4_msgs/msg/detail/irlock_report__type_support.hpp\n'}
[1.200279] (px4_msgs) StdoutLine: {'line': b'-- Up-to-date: /home/harsh/ros2_project/install/px4_msgs/include/px4_msgs/px4_msgs/msg/detail/parameter_update__builder.hpp\n'}
[1.200312] (px4_msgs) StdoutLine: {'line': b'-- Up-to-date: /home/harsh/ros2_project/install/px4_msgs/include/px4_msgs/px4_msgs/msg/detail/estimator_status_flags__builder.hpp\n'}
[1.200345] (px4_msgs) StdoutLine: {'line': b'-- Up-to-date: /home/harsh/ros2_project/install/px4_msgs/include/px4_msgs/px4_msgs/msg/detail/tune_control__traits.hpp\n'}
[1.200379] (px4_msgs) StdoutLine: {'line': b'-- Up-to-date: /home/harsh/ros2_project/install/px4_msgs/include/px4_msgs/px4_msgs/msg/detail/home_position__traits.hpp\n'}
[1.200412] (px4_msgs) StdoutLine: {'line': b'-- Up-to-date: /home/harsh/ros2_project/install/px4_msgs/include/px4_msgs/px4_msgs/msg/detail/gimbal_manager_set_manual_control__traits.hpp\n'}
[1.200447] (px4_msgs) StdoutLine: {'line': b'-- Up-to-date: /home/harsh/ros2_project/install/px4_msgs/include/px4_msgs/px4_msgs/msg/detail/tecs_status__traits.hpp\n'}
[1.200481] (px4_msgs) StdoutLine: {'line': b'-- Up-to-date: /home/harsh/ros2_project/install/px4_msgs/include/px4_msgs/px4_msgs/msg/detail/action_request__builder.hpp\n'}
[1.200516] (px4_msgs) StdoutLine: {'line': b'-- Up-to-date: /home/harsh/ros2_project/install/px4_msgs/include/px4_msgs/px4_msgs/msg/detail/npfg_status__builder.hpp\n'}
[1.200552] (px4_msgs) StdoutLine: {'line': b'-- Up-to-date: /home/harsh/ros2_project/install/px4_msgs/include/px4_msgs/px4_msgs/msg/detail/orb_test__traits.hpp\n'}
[1.200586] (px4_msgs) StdoutLine: {'line': b'-- Up-to-date: /home/harsh/ros2_project/install/px4_msgs/include/px4_msgs/px4_msgs/msg/detail/ekf2_timestamps__builder.hpp\n'}
[1.200623] (px4_msgs) StdoutLine: {'line': b'-- Up-to-date: /home/harsh/ros2_project/install/px4_msgs/include/px4_msgs/px4_msgs/msg/detail/estimator_sensor_bias__struct.hpp\n'}
[1.200660] (px4_msgs) StdoutLine: {'line': b'-- Up-to-date: /home/harsh/ros2_project/install/px4_msgs/include/px4_msgs/px4_msgs/msg/detail/orb_test_large__traits.hpp\n'}
[1.200695] (px4_msgs) StdoutLine: {'line': b'-- Up-to-date: /home/harsh/ros2_project/install/px4_msgs/include/px4_msgs/px4_msgs/msg/detail/vtol_vehicle_status__traits.hpp\n'}
[1.200730] (px4_msgs) StdoutLine: {'line': b'-- Up-to-date: /home/harsh/ros2_project/install/px4_msgs/include/px4_msgs/px4_msgs/msg/detail/hover_thrust_estimate__builder.hpp\n'}
[1.200766] (px4_msgs) StdoutLine: {'line': b'-- Up-to-date: /home/harsh/ros2_project/install/px4_msgs/include/px4_msgs/px4_msgs/msg/detail/sensor_mag__builder.hpp\n'}
[1.200803] (px4_msgs) StdoutLine: {'line': b'-- Up-to-date: /home/harsh/ros2_project/install/px4_msgs/include/px4_msgs/px4_msgs/msg/detail/register_ext_component_request__traits.hpp\n'}
[1.200837] (px4_msgs) StdoutLine: {'line': b'-- Up-to-date: /home/harsh/ros2_project/install/px4_msgs/include/px4_msgs/px4_msgs/msg/detail/px4io_status__builder.hpp\n'}
[1.200878] (px4_msgs) StdoutLine: {'line': b'-- Up-to-date: /home/harsh/ros2_project/install/px4_msgs/include/px4_msgs/px4_msgs/msg/detail/vehicle_command_ack__builder.hpp\n'}
[1.200915] (px4_msgs) StdoutLine: {'line': b'-- Up-to-date: /home/harsh/ros2_project/install/px4_msgs/include/px4_msgs/px4_msgs/msg/detail/landing_gear__builder.hpp\n'}
[1.200951] (px4_msgs) StdoutLine: {'line': b'-- Up-to-date: /home/harsh/ros2_project/install/px4_msgs/include/px4_msgs/px4_msgs/msg/detail/landing_gear__type_support.hpp\n'}
[1.200993] (px4_msgs) StdoutLine: {'line': b'-- Up-to-date: /home/harsh/ros2_project/install/px4_msgs/include/px4_msgs/px4_msgs/msg/detail/ulog_stream__builder.hpp\n'}
[1.201042] (px4_msgs) StdoutLine: {'line': b'-- Up-to-date: /home/harsh/ros2_project/install/px4_msgs/include/px4_msgs/px4_msgs/msg/detail/estimator_bias3d__builder.hpp\n'}
[1.201084] (px4_msgs) StdoutLine: {'line': b'-- Up-to-date: /home/harsh/ros2_project/install/px4_msgs/include/px4_msgs/px4_msgs/msg/detail/arming_check_reply__builder.hpp\n'}
[1.201121] (px4_msgs) StdoutLine: {'line': b'-- Up-to-date: /home/harsh/ros2_project/install/px4_msgs/include/px4_msgs/px4_msgs/msg/detail/cpuload__type_support.hpp\n'}
[1.201157] (px4_msgs) StdoutLine: {'line': b'-- Up-to-date: /home/harsh/ros2_project/install/px4_msgs/include/px4_msgs/px4_msgs/msg/detail/vehicle_angular_velocity__type_support.hpp\n'}
[1.201197] (px4_msgs) StdoutLine: {'line': b'-- Up-to-date: /home/harsh/ros2_project/install/px4_msgs/include/px4_msgs/px4_msgs/msg/detail/event__traits.hpp\n'}
[1.201237] (px4_msgs) StdoutLine: {'line': b'-- Up-to-date: /home/harsh/ros2_project/install/px4_msgs/include/px4_msgs/px4_msgs/msg/detail/normalized_unsigned_setpoint__builder.hpp\n'}
[1.201275] (px4_msgs) StdoutLine: {'line': b'-- Up-to-date: /home/harsh/ros2_project/install/px4_msgs/include/px4_msgs/px4_msgs/msg/detail/gps_inject_data__traits.hpp\n'}
[1.201328] (px4_msgs) StdoutLine: {'line': b'-- Up-to-date: /home/harsh/ros2_project/install/px4_msgs/include/px4_msgs/px4_msgs/msg/detail/follow_target_status__type_support.hpp\n'}
[1.201369] (px4_msgs) StdoutLine: {'line': b'-- Up-to-date: /home/harsh/ros2_project/install/px4_msgs/include/px4_msgs/px4_msgs/msg/detail/hover_thrust_estimate__type_support.hpp\n'}
[1.201412] (px4_msgs) StdoutLine: {'line': b'-- Up-to-date: /home/harsh/ros2_project/install/px4_msgs/include/px4_msgs/px4_msgs/msg/detail/airspeed__traits.hpp\n'}
[1.201454] (px4_msgs) StdoutLine: {'line': b'-- Up-to-date: /home/harsh/ros2_project/install/px4_msgs/include/px4_msgs/px4_msgs/msg/detail/estimator_innovations__struct.hpp\n'}
[1.201503] (px4_msgs) StdoutLine: {'line': b'-- Up-to-date: /home/harsh/ros2_project/install/px4_msgs/include/px4_msgs/px4_msgs/msg/detail/pwm_input__builder.hpp\n'}
[1.201546] (px4_msgs) StdoutLine: {'line': b'-- Up-to-date: /home/harsh/ros2_project/install/px4_msgs/include/px4_msgs/px4_msgs/msg/detail/manual_control_switches__struct.hpp\n'}
[1.201584] (px4_msgs) StdoutLine: {'line': b'-- Up-to-date: /home/harsh/ros2_project/install/px4_msgs/include/px4_msgs/px4_msgs/msg/detail/airspeed_wind__builder.hpp\n'}
[1.201622] (px4_msgs) StdoutLine: {'line': b'-- Up-to-date: /home/harsh/ros2_project/install/px4_msgs/include/px4_msgs/px4_msgs/msg/detail/sensor_accel_fifo__traits.hpp\n'}
[1.201665] (px4_msgs) StdoutLine: {'line': b'-- Up-to-date: /home/harsh/ros2_project/install/px4_msgs/include/px4_msgs/px4_msgs/msg/detail/vehicle_air_data__traits.hpp\n'}
[1.201705] (px4_msgs) StdoutLine: {'line': b'-- Up-to-date: /home/harsh/ros2_project/install/px4_msgs/include/px4_msgs/px4_msgs/msg/detail/timesync_status__traits.hpp\n'}
[1.201758] (px4_msgs) StdoutLine: {'line': b'-- Up-to-date: /home/harsh/ros2_project/install/px4_msgs/include/px4_msgs/px4_msgs/msg/detail/sensor_gps__builder.hpp\n'}
[1.201800] (px4_msgs) StdoutLine: {'line': b'-- Up-to-date: /home/harsh/ros2_project/install/px4_msgs/include/px4_msgs/px4_msgs/msg/detail/flight_phase_estimation__builder.hpp\n'}
[1.201839] (-) TimerEvent: {}
[1.201946] (px4_msgs) StdoutLine: {'line': b'-- Up-to-date: /home/harsh/ros2_project/install/px4_msgs/include/px4_msgs/px4_msgs/msg/detail/vtol_vehicle_status__type_support.hpp\n'}
[1.202004] (px4_msgs) StdoutLine: {'line': b'-- Up-to-date: /home/harsh/ros2_project/install/px4_msgs/include/px4_msgs/px4_msgs/msg/detail/camera_capture__traits.hpp\n'}
[1.202065] (px4_msgs) StdoutLine: {'line': b'-- Up-to-date: /home/harsh/ros2_project/install/px4_msgs/include/px4_msgs/px4_msgs/msg/detail/airspeed_validated__struct.hpp\n'}
[1.202115] (px4_msgs) StdoutLine: {'line': b'-- Up-to-date: /home/harsh/ros2_project/install/px4_msgs/include/px4_msgs/px4_msgs/msg/detail/battery_status__builder.hpp\n'}
[1.202155] (px4_msgs) StdoutLine: {'line': b'-- Up-to-date: /home/harsh/ros2_project/install/px4_msgs/include/px4_msgs/px4_msgs/msg/detail/sensor_accel__builder.hpp\n'}
[1.202197] (px4_msgs) StdoutLine: {'line': b'-- Up-to-date: /home/harsh/ros2_project/install/px4_msgs/include/px4_msgs/px4_msgs/msg/detail/collision_constraints__type_support.hpp\n'}
[1.202237] (px4_msgs) StdoutLine: {'line': b'-- Up-to-date: /home/harsh/ros2_project/install/px4_msgs/include/px4_msgs/px4_msgs/msg/detail/manual_control_switches__builder.hpp\n'}
[1.202278] (px4_msgs) StdoutLine: {'line': b'-- Up-to-date: /home/harsh/ros2_project/install/px4_msgs/include/px4_msgs/px4_msgs/msg/detail/failsafe_flags__struct.hpp\n'}
[1.202316] (px4_msgs) StdoutLine: {'line': b'-- Up-to-date: /home/harsh/ros2_project/install/px4_msgs/include/px4_msgs/px4_msgs/msg/detail/actuator_armed__traits.hpp\n'}
[1.202357] (px4_msgs) StdoutLine: {'line': b'-- Up-to-date: /home/harsh/ros2_project/install/px4_msgs/include/px4_msgs/px4_msgs/msg/detail/message_format_request__traits.hpp\n'}
[1.202402] (px4_msgs) StdoutLine: {'line': b'-- Up-to-date: /home/harsh/ros2_project/install/px4_msgs/include/px4_msgs/px4_msgs/msg/detail/figure_eight_status__type_support.hpp\n'}
[1.202441] (px4_msgs) StdoutLine: {'line': b'-- Up-to-date: /home/harsh/ros2_project/install/px4_msgs/include/px4_msgs/px4_msgs/msg/detail/geofence_result__type_support.hpp\n'}
[1.202483] (px4_msgs) StdoutLine: {'line': b'-- Up-to-date: /home/harsh/ros2_project/install/px4_msgs/include/px4_msgs/px4_msgs/msg/detail/irlock_report__builder.hpp\n'}
[1.202525] (px4_msgs) StdoutLine: {'line': b'-- Up-to-date: /home/harsh/ros2_project/install/px4_msgs/include/px4_msgs/px4_msgs/msg/detail/failsafe_flags__traits.hpp\n'}
[1.202567] (px4_msgs) StdoutLine: {'line': b'-- Up-to-date: /home/harsh/ros2_project/install/px4_msgs/include/px4_msgs/px4_msgs/msg/detail/vehicle_air_data__builder.hpp\n'}
[1.202606] (px4_msgs) StdoutLine: {'line': b'-- Up-to-date: /home/harsh/ros2_project/install/px4_msgs/include/px4_msgs/px4_msgs/msg/detail/action_request__traits.hpp\n'}
[1.202652] (px4_msgs) StdoutLine: {'line': b'-- Up-to-date: /home/harsh/ros2_project/install/px4_msgs/include/px4_msgs/px4_msgs/msg/detail/estimator_status_flags__type_support.hpp\n'}
[1.202692] (px4_msgs) StdoutLine: {'line': b'-- Up-to-date: /home/harsh/ros2_project/install/px4_msgs/include/px4_msgs/px4_msgs/msg/detail/sensor_gyro_fifo__struct.hpp\n'}
[1.202731] (px4_msgs) StdoutLine: {'line': b'-- Up-to-date: /home/harsh/ros2_project/install/px4_msgs/include/px4_msgs/px4_msgs/msg/detail/debug_value__type_support.hpp\n'}
[1.202770] (px4_msgs) StdoutLine: {'line': b'-- Up-to-date: /home/harsh/ros2_project/install/px4_msgs/include/px4_msgs/px4_msgs/msg/detail/vehicle_optical_flow__builder.hpp\n'}
[1.202808] (px4_msgs) StdoutLine: {'line': b'-- Up-to-date: /home/harsh/ros2_project/install/px4_msgs/include/px4_msgs/px4_msgs/msg/detail/wheel_encoders__struct.hpp\n'}
[1.202857] (px4_msgs) StdoutLine: {'line': b'-- Up-to-date: /home/harsh/ros2_project/install/px4_msgs/include/px4_msgs/px4_msgs/msg/detail/home_position__type_support.hpp\n'}
[1.202895] (px4_msgs) StdoutLine: {'line': b'-- Up-to-date: /home/harsh/ros2_project/install/px4_msgs/include/px4_msgs/px4_msgs/msg/detail/velocity_limits__type_support.hpp\n'}
[1.202936] (px4_msgs) StdoutLine: {'line': b'-- Up-to-date: /home/harsh/ros2_project/install/px4_msgs/include/px4_msgs/px4_msgs/msg/detail/unregister_ext_component__type_support.hpp\n'}
[1.202981] (px4_msgs) StdoutLine: {'line': b'-- Up-to-date: /home/harsh/ros2_project/install/px4_msgs/include/px4_msgs/px4_msgs/msg/detail/estimator_status_flags__traits.hpp\n'}
[1.203035] (px4_msgs) StdoutLine: {'line': b'-- Up-to-date: /home/harsh/ros2_project/install/px4_msgs/include/px4_msgs/px4_msgs/msg/detail/landing_target_innovations__type_support.hpp\n'}
[1.203079] (px4_msgs) StdoutLine: {'line': b'-- Up-to-date: /home/harsh/ros2_project/install/px4_msgs/include/px4_msgs/px4_msgs/msg/detail/rtl_time_estimate__traits.hpp\n'}
[1.203117] (px4_msgs) StdoutLine: {'line': b'-- Up-to-date: /home/harsh/ros2_project/install/px4_msgs/include/px4_msgs/px4_msgs/msg/detail/sensor_preflight_mag__struct.hpp\n'}
[1.203161] (px4_msgs) StdoutLine: {'line': b'-- Up-to-date: /home/harsh/ros2_project/install/px4_msgs/include/px4_msgs/px4_msgs/msg/detail/parameter_set_value_response__type_support.hpp\n'}
[1.203197] (px4_msgs) StdoutLine: {'line': b'-- Up-to-date: /home/harsh/ros2_project/install/px4_msgs/include/px4_msgs/px4_msgs/msg/detail/onboard_computer_status__type_support.hpp\n'}
[1.203233] (px4_msgs) StdoutLine: {'line': b'-- Up-to-date: /home/harsh/ros2_project/install/px4_msgs/include/px4_msgs/px4_msgs/msg/detail/failsafe_flags__type_support.hpp\n'}
[1.203269] (px4_msgs) StdoutLine: {'line': b'-- Up-to-date: /home/harsh/ros2_project/install/px4_msgs/include/px4_msgs/px4_msgs/msg/detail/parameter_set_value_response__struct.hpp\n'}
[1.203305] (px4_msgs) StdoutLine: {'line': b'-- Up-to-date: /home/harsh/ros2_project/install/px4_msgs/include/px4_msgs/px4_msgs/msg/detail/debug_array__builder.hpp\n'}
[1.203339] (px4_msgs) StdoutLine: {'line': b'-- Up-to-date: /home/harsh/ros2_project/install/px4_msgs/include/px4_msgs/px4_msgs/msg/detail/uavcan_parameter_value__struct.hpp\n'}
[1.203377] (px4_msgs) StdoutLine: {'line': b'-- Up-to-date: /home/harsh/ros2_project/install/px4_msgs/include/px4_msgs/px4_msgs/msg/detail/sensor_gnss_relative__type_support.hpp\n'}
[1.203412] (px4_msgs) StdoutLine: {'line': b'-- Up-to-date: /home/harsh/ros2_project/install/px4_msgs/include/px4_msgs/px4_msgs/msg/detail/actuator_controls_status__struct.hpp\n'}
[1.203448] (px4_msgs) StdoutLine: {'line': b'-- Up-to-date: /home/harsh/ros2_project/install/px4_msgs/include/px4_msgs/px4_msgs/msg/detail/autotune_attitude_control_status__type_support.hpp\n'}
[1.203485] (px4_msgs) StdoutLine: {'line': b'-- Up-to-date: /home/harsh/ros2_project/install/px4_msgs/include/px4_msgs/px4_msgs/msg/detail/estimator_bias3d__type_support.hpp\n'}
[1.203526] (px4_msgs) StdoutLine: {'line': b'-- Up-to-date: /home/harsh/ros2_project/install/px4_msgs/include/px4_msgs/px4_msgs/msg/detail/ekf2_timestamps__type_support.hpp\n'}
[1.203564] (px4_msgs) StdoutLine: {'line': b'-- Up-to-date: /home/harsh/ros2_project/install/px4_msgs/include/px4_msgs/px4_msgs/msg/detail/actuator_outputs__struct.hpp\n'}
[1.203601] (px4_msgs) StdoutLine: {'line': b'-- Up-to-date: /home/harsh/ros2_project/install/px4_msgs/include/px4_msgs/px4_msgs/msg/detail/qshell_req__traits.hpp\n'}
[1.203637] (px4_msgs) StdoutLine: {'line': b'-- Up-to-date: /home/harsh/ros2_project/install/px4_msgs/include/px4_msgs/px4_msgs/msg/detail/landing_gear_wheel__struct.hpp\n'}
[1.203673] (px4_msgs) StdoutLine: {'line': b'-- Up-to-date: /home/harsh/ros2_project/install/px4_msgs/include/px4_msgs/px4_msgs/msg/detail/adc_report__type_support.hpp\n'}
[1.203710] (px4_msgs) StdoutLine: {'line': b'-- Up-to-date: /home/harsh/ros2_project/install/px4_msgs/include/px4_msgs/px4_msgs/msg/detail/sensor_gyro_fft__struct.hpp\n'}
[1.203749] (px4_msgs) StdoutLine: {'line': b'-- Up-to-date: /home/harsh/ros2_project/install/px4_msgs/include/px4_msgs/px4_msgs/msg/detail/ekf2_timestamps__traits.hpp\n'}
[1.203786] (px4_msgs) StdoutLine: {'line': b'-- Up-to-date: /home/harsh/ros2_project/install/px4_msgs/include/px4_msgs/px4_msgs/msg/detail/sensor_accel_fifo__builder.hpp\n'}
[1.203824] (px4_msgs) StdoutLine: {'line': b'-- Up-to-date: /home/harsh/ros2_project/install/px4_msgs/include/px4_msgs/px4_msgs/msg/detail/sensor_baro__builder.hpp\n'}
[1.203867] (px4_msgs) StdoutLine: {'line': b'-- Up-to-date: /home/harsh/ros2_project/install/px4_msgs/include/px4_msgs/px4_msgs/msg/detail/control_allocator_status__type_support.hpp\n'}
[1.203907] (px4_msgs) StdoutLine: {'line': b'-- Up-to-date: /home/harsh/ros2_project/install/px4_msgs/include/px4_msgs/px4_msgs/msg/detail/qshell_retval__traits.hpp\n'}
[1.203945] (px4_msgs) StdoutLine: {'line': b'-- Up-to-date: /home/harsh/ros2_project/install/px4_msgs/include/px4_msgs/px4_msgs/msg/detail/vehicle_roi__builder.hpp\n'}
[1.203983] (px4_msgs) StdoutLine: {'line': b'-- Up-to-date: /home/harsh/ros2_project/install/px4_msgs/include/px4_msgs/px4_msgs/msg/detail/position_setpoint_triplet__type_support.hpp\n'}
[1.204030] (px4_msgs) StdoutLine: {'line': b'-- Up-to-date: /home/harsh/ros2_project/install/px4_msgs/include/px4_msgs/px4_msgs/msg/detail/parameter_reset_request__struct.hpp\n'}
[1.204069] (px4_msgs) StdoutLine: {'line': b'-- Up-to-date: /home/harsh/ros2_project/install/px4_msgs/include/px4_msgs/px4_msgs/msg/detail/ulog_stream__traits.hpp\n'}
[1.204109] (px4_msgs) StdoutLine: {'line': b'-- Up-to-date: /home/harsh/ros2_project/install/px4_msgs/include/px4_msgs/px4_msgs/msg/detail/vehicle_torque_setpoint__struct.hpp\n'}
[1.204146] (px4_msgs) StdoutLine: {'line': b'-- Up-to-date: /home/harsh/ros2_project/install/px4_msgs/include/px4_msgs/px4_msgs/msg/detail/actuator_servos_trim__struct.hpp\n'}
[1.204182] (px4_msgs) StdoutLine: {'line': b'-- Up-to-date: /home/harsh/ros2_project/install/px4_msgs/include/px4_msgs/px4_msgs/msg/detail/actuator_test__struct.hpp\n'}
[1.204219] (px4_msgs) StdoutLine: {'line': b'-- Up-to-date: /home/harsh/ros2_project/install/px4_msgs/include/px4_msgs/px4_msgs/msg/detail/vehicle_imu__struct.hpp\n'}
[1.204255] (px4_msgs) StdoutLine: {'line': b'-- Up-to-date: /home/harsh/ros2_project/install/px4_msgs/include/px4_msgs/px4_msgs/msg/detail/mag_worker_data__traits.hpp\n'}
[1.204291] (px4_msgs) StdoutLine: {'line': b'-- Up-to-date: /home/harsh/ros2_project/install/px4_msgs/include/px4_msgs/px4_msgs/msg/detail/qshell_req__builder.hpp\n'}
[1.204327] (px4_msgs) StdoutLine: {'line': b'-- Up-to-date: /home/harsh/ros2_project/install/px4_msgs/include/px4_msgs/px4_msgs/msg/detail/mission__builder.hpp\n'}
[1.204363] (px4_msgs) StdoutLine: {'line': b'-- Up-to-date: /home/harsh/ros2_project/install/px4_msgs/include/px4_msgs/px4_msgs/msg/detail/estimator_aid_source2d__traits.hpp\n'}
[1.204398] (px4_msgs) StdoutLine: {'line': b'-- Up-to-date: /home/harsh/ros2_project/install/px4_msgs/include/px4_msgs/px4_msgs/msg/detail/manual_control_setpoint__traits.hpp\n'}
[1.204433] (px4_msgs) StdoutLine: {'line': b'-- Up-to-date: /home/harsh/ros2_project/install/px4_msgs/include/px4_msgs/px4_msgs/msg/detail/vehicle_magnetometer__builder.hpp\n'}
[1.204469] (px4_msgs) StdoutLine: {'line': b'-- Up-to-date: /home/harsh/ros2_project/install/px4_msgs/include/px4_msgs/px4_msgs/msg/detail/power_monitor__type_support.hpp\n'}
[1.204504] (px4_msgs) StdoutLine: {'line': b'-- Up-to-date: /home/harsh/ros2_project/install/px4_msgs/include/px4_msgs/px4_msgs/msg/detail/sensor_selection__type_support.hpp\n'}
[1.204539] (px4_msgs) StdoutLine: {'line': b'-- Up-to-date: /home/harsh/ros2_project/install/px4_msgs/include/px4_msgs/px4_msgs/msg/detail/vehicle_status__struct.hpp\n'}
[1.204576] (px4_msgs) StdoutLine: {'line': b'-- Up-to-date: /home/harsh/ros2_project/install/px4_msgs/include/px4_msgs/px4_msgs/msg/detail/flight_phase_estimation__traits.hpp\n'}
[1.204612] (px4_msgs) StdoutLine: {'line': b'-- Up-to-date: /home/harsh/ros2_project/install/px4_msgs/include/px4_msgs/px4_msgs/msg/detail/airspeed_wind__type_support.hpp\n'}
[1.204655] (px4_msgs) StdoutLine: {'line': b'-- Up-to-date: /home/harsh/ros2_project/install/px4_msgs/include/px4_msgs/px4_msgs/msg/detail/transponder_report__builder.hpp\n'}
[1.204704] (px4_msgs) StdoutLine: {'line': b'-- Up-to-date: /home/harsh/ros2_project/install/px4_msgs/include/px4_msgs/px4_msgs/msg/detail/actuator_servos__type_support.hpp\n'}
[1.204756] (px4_msgs) StdoutLine: {'line': b'-- Up-to-date: /home/harsh/ros2_project/install/px4_msgs/include/px4_msgs/px4_msgs/msg/detail/trajectory_setpoint__builder.hpp\n'}
[1.204807] (px4_msgs) StdoutLine: {'line': b'-- Up-to-date: /home/harsh/ros2_project/install/px4_msgs/include/px4_msgs/px4_msgs/msg/detail/estimator_states__traits.hpp\n'}
[1.204846] (px4_msgs) StdoutLine: {'line': b'-- Up-to-date: /home/harsh/ros2_project/install/px4_msgs/include/px4_msgs/px4_msgs/msg/detail/rtl_status__type_support.hpp\n'}
[1.204883] (px4_msgs) StdoutLine: {'line': b'-- Up-to-date: /home/harsh/ros2_project/install/px4_msgs/include/px4_msgs/px4_msgs/msg/detail/irlock_report__struct.hpp\n'}
[1.204922] (px4_msgs) StdoutLine: {'line': b'-- Up-to-date: /home/harsh/ros2_project/install/px4_msgs/include/px4_msgs/px4_msgs/msg/detail/qshell_req__struct.hpp\n'}
[1.204960] (px4_msgs) StdoutLine: {'line': b'-- Up-to-date: /home/harsh/ros2_project/install/px4_msgs/include/px4_msgs/px4_msgs/msg/detail/esc_status__traits.hpp\n'}
[1.204999] (px4_msgs) StdoutLine: {'line': b'-- Up-to-date: /home/harsh/ros2_project/install/px4_msgs/include/px4_msgs/px4_msgs/msg/detail/mode_completed__struct.hpp\n'}
[1.205054] (px4_msgs) StdoutLine: {'line': b'-- Up-to-date: /home/harsh/ros2_project/install/px4_msgs/include/px4_msgs/px4_msgs/msg/detail/vehicle_air_data__struct.hpp\n'}
[1.205095] (px4_msgs) StdoutLine: {'line': b'-- Up-to-date: /home/harsh/ros2_project/install/px4_msgs/include/px4_msgs/px4_msgs/msg/detail/vehicle_command__struct.hpp\n'}
[1.205133] (px4_msgs) StdoutLine: {'line': b'-- Up-to-date: /home/harsh/ros2_project/install/px4_msgs/include/px4_msgs/px4_msgs/msg/detail/orb_test__type_support.hpp\n'}
[1.205170] (px4_msgs) StdoutLine: {'line': b'-- Up-to-date: /home/harsh/ros2_project/install/px4_msgs/include/px4_msgs/px4_msgs/msg/detail/pwm_input__struct.hpp\n'}
[1.205219] (px4_msgs) StdoutLine: {'line': b'-- Up-to-date: /home/harsh/ros2_project/install/px4_msgs/include/px4_msgs/px4_msgs/msg/detail/rtl_status__struct.hpp\n'}
[1.205261] (px4_msgs) StdoutLine: {'line': b'-- Up-to-date: /home/harsh/ros2_project/install/px4_msgs/include/px4_msgs/px4_msgs/msg/detail/sensors_status__builder.hpp\n'}
[1.205300] (px4_msgs) StdoutLine: {'line': b'-- Up-to-date: /home/harsh/ros2_project/install/px4_msgs/include/px4_msgs/px4_msgs/msg/detail/mavlink_log__struct.hpp\n'}
[1.205337] (px4_msgs) StdoutLine: {'line': b'-- Up-to-date: /home/harsh/ros2_project/install/px4_msgs/include/px4_msgs/px4_msgs/msg/detail/manual_control_setpoint__builder.hpp\n'}
[1.205376] (px4_msgs) StdoutLine: {'line': b'-- Up-to-date: /home/harsh/ros2_project/install/px4_msgs/include/px4_msgs/px4_msgs/msg/detail/px4io_status__struct.hpp\n'}
[1.205419] (px4_msgs) StdoutLine: {'line': b'-- Up-to-date: /home/harsh/ros2_project/install/px4_msgs/include/px4_msgs/px4_msgs/msg/detail/launch_detection_status__traits.hpp\n'}
[1.205457] (px4_msgs) StdoutLine: {'line': b'-- Up-to-date: /home/harsh/ros2_project/install/px4_msgs/include/px4_msgs/px4_msgs/msg/detail/actuator_servos__traits.hpp\n'}
[1.205494] (px4_msgs) StdoutLine: {'line': b'-- Up-to-date: /home/harsh/ros2_project/install/px4_msgs/include/px4_msgs/px4_msgs/msg/detail/config_overrides__builder.hpp\n'}
[1.205532] (px4_msgs) StdoutLine: {'line': b'-- Up-to-date: /home/harsh/ros2_project/install/px4_msgs/include/px4_msgs/px4_msgs/msg/detail/satellite_info__traits.hpp\n'}
[1.205573] (px4_msgs) StdoutLine: {'line': b'-- Up-to-date: /home/harsh/ros2_project/install/px4_msgs/include/px4_msgs/px4_msgs/msg/detail/gimbal_device_information__type_support.hpp\n'}
[1.205780] (px4_msgs) StdoutLine: {'line': b'-- Up-to-date: /home/harsh/ros2_project/install/px4_msgs/include/px4_msgs/px4_msgs/msg/detail/sensor_gyro_fifo__builder.hpp\n'}
[1.205877] (px4_msgs) StdoutLine: {'line': b'-- Up-to-date: /home/harsh/ros2_project/install/px4_msgs/include/px4_msgs/px4_msgs/msg/detail/mode_completed__type_support.hpp\n'}
[1.205954] (px4_msgs) StdoutLine: {'line': b'-- Up-to-date: /home/harsh/ros2_project/install/px4_msgs/include/px4_msgs/px4_msgs/msg/detail/vehicle_thrust_setpoint__traits.hpp\n'}
[1.206087] (px4_msgs) StdoutLine: {'line': b'-- Up-to-date: /home/harsh/ros2_project/install/px4_msgs/include/px4_msgs/px4_msgs/msg/detail/dataman_request__traits.hpp\n'}
[1.206163] (px4_msgs) StdoutLine: {'line': b'-- Up-to-date: /home/harsh/ros2_project/install/px4_msgs/include/px4_msgs/px4_msgs/msg/detail/sensor_correction__type_support.hpp\n'}
[1.206233] (px4_msgs) StdoutLine: {'line': b'-- Up-to-date: /home/harsh/ros2_project/install/px4_msgs/include/px4_msgs/px4_msgs/msg/detail/uavcan_parameter_value__builder.hpp\n'}
[1.206301] (px4_msgs) StdoutLine: {'line': b'-- Up-to-date: /home/harsh/ros2_project/install/px4_msgs/include/px4_msgs/px4_msgs/msg/detail/debug_array__struct.hpp\n'}
[1.206372] (px4_msgs) StdoutLine: {'line': b'-- Up-to-date: /home/harsh/ros2_project/install/px4_msgs/include/px4_msgs/px4_msgs/msg/detail/gimbal_controls__traits.hpp\n'}
[1.206468] (px4_msgs) StdoutLine: {'line': b'-- Up-to-date: /home/harsh/ros2_project/install/px4_msgs/include/px4_msgs/px4_msgs/msg/detail/position_setpoint_triplet__struct.hpp\n'}
[1.206545] (px4_msgs) StdoutLine: {'line': b'-- Up-to-date: /home/harsh/ros2_project/install/px4_msgs/include/px4_msgs/px4_msgs/msg/detail/rpm__builder.hpp\n'}
[1.206621] (px4_msgs) StdoutLine: {'line': b'-- Up-to-date: /home/harsh/ros2_project/install/px4_msgs/include/px4_msgs/px4_msgs/msg/detail/sensor_preflight_mag__traits.hpp\n'}
[1.206692] (px4_msgs) StdoutLine: {'line': b'-- Up-to-date: /home/harsh/ros2_project/install/px4_msgs/include/px4_msgs/px4_msgs/msg/detail/airspeed_wind__struct.hpp\n'}
[1.206766] (px4_msgs) StdoutLine: {'line': b'-- Up-to-date: /home/harsh/ros2_project/install/px4_msgs/include/px4_msgs/px4_msgs/msg/detail/sensor_gps__struct.hpp\n'}
[1.206835] (px4_msgs) StdoutLine: {'line': b'-- Up-to-date: /home/harsh/ros2_project/install/px4_msgs/include/px4_msgs/px4_msgs/msg/detail/sensors_status__traits.hpp\n'}
[1.206902] (px4_msgs) StdoutLine: {'line': b'-- Up-to-date: /home/harsh/ros2_project/install/px4_msgs/include/px4_msgs/px4_msgs/msg/detail/gripper__type_support.hpp\n'}
[1.206970] (px4_msgs) StdoutLine: {'line': b'-- Up-to-date: /home/harsh/ros2_project/install/px4_msgs/include/px4_msgs/px4_msgs/msg/detail/can_interface_status__struct.hpp\n'}
[1.207053] (px4_msgs) StdoutLine: {'line': b'-- Up-to-date: /home/harsh/ros2_project/install/px4_msgs/include/px4_msgs/px4_msgs/msg/detail/sensor_preflight_mag__type_support.hpp\n'}
[1.207124] (px4_msgs) StdoutLine: {'line': b'-- Up-to-date: /home/harsh/ros2_project/install/px4_msgs/include/px4_msgs/px4_msgs/msg/detail/task_stack_info__struct.hpp\n'}
[1.207191] (px4_msgs) StdoutLine: {'line': b'-- Up-to-date: /home/harsh/ros2_project/install/px4_msgs/include/px4_msgs/px4_msgs/msg/detail/esc_status__builder.hpp\n'}
[1.207258] (px4_msgs) StdoutLine: {'line': b'-- Up-to-date: /home/harsh/ros2_project/install/px4_msgs/include/px4_msgs/px4_msgs/msg/detail/magnetometer_bias_estimate__traits.hpp\n'}
[1.207323] (px4_msgs) StdoutLine: {'line': b'-- Up-to-date: /home/harsh/ros2_project/install/px4_msgs/include/px4_msgs/px4_msgs/msg/detail/ulog_stream_ack__type_support.hpp\n'}
[1.207389] (px4_msgs) StdoutLine: {'line': b'-- Up-to-date: /home/harsh/ros2_project/install/px4_msgs/include/px4_msgs/px4_msgs/msg/detail/position_controller_status__struct.hpp\n'}
[1.207456] (px4_msgs) StdoutLine: {'line': b'-- Up-to-date: /home/harsh/ros2_project/install/px4_msgs/include/px4_msgs/px4_msgs/msg/detail/transponder_report__traits.hpp\n'}
[1.207522] (px4_msgs) StdoutLine: {'line': b'-- Up-to-date: /home/harsh/ros2_project/install/px4_msgs/include/px4_msgs/px4_msgs/msg/detail/mount_orientation__builder.hpp\n'}
[1.207588] (px4_msgs) StdoutLine: {'line': b'-- Up-to-date: /home/harsh/ros2_project/install/px4_msgs/include/px4_msgs/px4_msgs/msg/detail/position_controller_landing_status__type_support.hpp\n'}
[1.207655] (px4_msgs) StdoutLine: {'line': b'-- Up-to-date: /home/harsh/ros2_project/install/px4_msgs/include/px4_msgs/px4_msgs/msg/detail/uavcan_parameter_value__type_support.hpp\n'}
[1.207720] (px4_msgs) StdoutLine: {'line': b'-- Up-to-date: /home/harsh/ros2_project/install/px4_msgs/include/px4_msgs/px4_msgs/msg/detail/mag_worker_data__struct.hpp\n'}
[1.207817] (px4_msgs) StdoutLine: {'line': b'-- Up-to-date: /home/harsh/ros2_project/install/px4_msgs/include/px4_msgs/px4_msgs/msg/detail/button_event__struct.hpp\n'}
[1.207885] (px4_msgs) StdoutLine: {'line': b'-- Up-to-date: /home/harsh/ros2_project/install/px4_msgs/include/px4_msgs/px4_msgs/msg/detail/sensor_mag__type_support.hpp\n'}
[1.207946] (px4_msgs) StdoutLine: {'line': b'-- Up-to-date: /home/harsh/ros2_project/install/px4_msgs/include/px4_msgs/px4_msgs/msg/detail/gimbal_manager_information__type_support.hpp\n'}
[1.208014] (px4_msgs) StdoutLine: {'line': b'-- Up-to-date: /home/harsh/ros2_project/install/px4_msgs/include/px4_msgs/px4_msgs/msg/detail/gpio_request__type_support.hpp\n'}
[1.208168] (px4_msgs) StdoutLine: {'line': b'-- Up-to-date: /home/harsh/ros2_project/install/px4_msgs/include/px4_msgs/px4_msgs/msg/detail/sensor_accel__traits.hpp\n'}
[1.208214] (px4_msgs) StdoutLine: {'line': b'-- Up-to-date: /home/harsh/ros2_project/install/px4_msgs/include/px4_msgs/px4_msgs/msg/detail/vehicle_command_ack__struct.hpp\n'}
[1.208252] (px4_msgs) StdoutLine: {'line': b'-- Up-to-date: /home/harsh/ros2_project/install/px4_msgs/include/px4_msgs/px4_msgs/msg/detail/config_overrides__traits.hpp\n'}
[1.208287] (px4_msgs) StdoutLine: {'line': b'-- Up-to-date: /home/harsh/ros2_project/install/px4_msgs/include/px4_msgs/px4_msgs/msg/detail/autotune_attitude_control_status__builder.hpp\n'}
[1.208324] (px4_msgs) StdoutLine: {'line': b'-- Up-to-date: /home/harsh/ros2_project/install/px4_msgs/include/px4_msgs/px4_msgs/msg/detail/debug_array__traits.hpp\n'}
[1.208359] (px4_msgs) StdoutLine: {'line': b'-- Up-to-date: /home/harsh/ros2_project/install/px4_msgs/include/px4_msgs/px4_msgs/msg/detail/vehicle_attitude__builder.hpp\n'}
[1.208393] (px4_msgs) StdoutLine: {'line': b'-- Up-to-date: /home/harsh/ros2_project/install/px4_msgs/include/px4_msgs/px4_msgs/msg/detail/button_event__builder.hpp\n'}
[1.208427] (px4_msgs) StdoutLine: {'line': b'-- Up-to-date: /home/harsh/ros2_project/install/px4_msgs/include/px4_msgs/px4_msgs/msg/detail/arming_check_reply__struct.hpp\n'}
[1.208466] (px4_msgs) StdoutLine: {'line': b'-- Up-to-date: /home/harsh/ros2_project/install/px4_msgs/include/px4_msgs/px4_msgs/msg/detail/flight_phase_estimation__type_support.hpp\n'}
[1.208522] (px4_msgs) StdoutLine: {'line': b'-- Up-to-date: /home/harsh/ros2_project/install/px4_msgs/include/px4_msgs/px4_msgs/msg/detail/vehicle_command__builder.hpp\n'}
[1.208555] (px4_msgs) StdoutLine: {'line': b'-- Up-to-date: /home/harsh/ros2_project/install/px4_msgs/include/px4_msgs/px4_msgs/msg/detail/vehicle_imu__type_support.hpp\n'}
[1.208586] (px4_msgs) StdoutLine: {'line': b'-- Up-to-date: /home/harsh/ros2_project/install/px4_msgs/include/px4_msgs/px4_msgs/msg/detail/distance_sensor__type_support.hpp\n'}
[1.208619] (px4_msgs) StdoutLine: {'line': b'-- Up-to-date: /home/harsh/ros2_project/install/px4_msgs/include/px4_msgs/px4_msgs/msg/detail/collision_report__builder.hpp\n'}
[1.208654] (px4_msgs) StdoutLine: {'line': b'-- Up-to-date: /home/harsh/ros2_project/install/px4_msgs/include/px4_msgs/px4_msgs/msg/detail/airspeed_wind__traits.hpp\n'}
[1.208688] (px4_msgs) StdoutLine: {'line': b'-- Up-to-date: /home/harsh/ros2_project/install/px4_msgs/include/px4_msgs/px4_msgs/msg/detail/power_button_state__type_support.hpp\n'}
[1.208721] (px4_msgs) StdoutLine: {'line': b'-- Up-to-date: /home/harsh/ros2_project/install/px4_msgs/include/px4_msgs/px4_msgs/msg/detail/vehicle_acceleration__struct.hpp\n'}
[1.208754] (px4_msgs) StdoutLine: {'line': b'-- Up-to-date: /home/harsh/ros2_project/install/px4_msgs/include/px4_msgs/px4_msgs/msg/detail/vehicle_acceleration__builder.hpp\n'}
[1.208788] (px4_msgs) StdoutLine: {'line': b'-- Up-to-date: /home/harsh/ros2_project/install/px4_msgs/include/px4_msgs/px4_msgs/msg/detail/pps_capture__builder.hpp\n'}
[1.208822] (px4_msgs) StdoutLine: {'line': b'-- Up-to-date: /home/harsh/ros2_project/install/px4_msgs/include/px4_msgs/px4_msgs/msg/detail/vehicle_optical_flow__type_support.hpp\n'}
[1.208858] (px4_msgs) StdoutLine: {'line': b'-- Up-to-date: /home/harsh/ros2_project/install/px4_msgs/include/px4_msgs/px4_msgs/msg/detail/esc_report__type_support.hpp\n'}
[1.208892] (px4_msgs) StdoutLine: {'line': b'-- Up-to-date: /home/harsh/ros2_project/install/px4_msgs/include/px4_msgs/px4_msgs/msg/detail/ping__traits.hpp\n'}
[1.208926] (px4_msgs) StdoutLine: {'line': b'-- Up-to-date: /home/harsh/ros2_project/install/px4_msgs/include/px4_msgs/px4_msgs/msg/detail/estimator_status__struct.hpp\n'}
[1.208958] (px4_msgs) StdoutLine: {'line': b'-- Up-to-date: /home/harsh/ros2_project/install/px4_msgs/include/px4_msgs/px4_msgs/msg/detail/vehicle_global_position__struct.hpp\n'}
[1.208991] (px4_msgs) StdoutLine: {'line': b'-- Up-to-date: /home/harsh/ros2_project/install/px4_msgs/include/px4_msgs/px4_msgs/msg/detail/vehicle_torque_setpoint__builder.hpp\n'}
[1.209032] (px4_msgs) StdoutLine: {'line': b'-- Up-to-date: /home/harsh/ros2_project/install/px4_msgs/include/px4_msgs/px4_msgs/msg/detail/orb_test_large__builder.hpp\n'}
[1.209066] (px4_msgs) StdoutLine: {'line': b'-- Up-to-date: /home/harsh/ros2_project/install/px4_msgs/include/px4_msgs/px4_msgs/msg/detail/offboard_control_mode__struct.hpp\n'}
[1.209100] (px4_msgs) StdoutLine: {'line': b'-- Up-to-date: /home/harsh/ros2_project/install/px4_msgs/include/px4_msgs/px4_msgs/msg/detail/sensor_hygrometer__builder.hpp\n'}
[1.209162] (px4_msgs) StdoutLine: {'line': b'-- Up-to-date: /home/harsh/ros2_project/install/px4_msgs/include/px4_msgs/px4_msgs/msg/detail/camera_status__builder.hpp\n'}
[1.209192] (px4_msgs) StdoutLine: {'line': b'-- Up-to-date: /home/harsh/ros2_project/install/px4_msgs/include/px4_msgs/px4_msgs/msg/detail/estimator_states__type_support.hpp\n'}
[1.209226] (px4_msgs) StdoutLine: {'line': b'-- Up-to-date: /home/harsh/ros2_project/install/px4_msgs/include/px4_msgs/px4_msgs/msg/detail/tune_control__type_support.hpp\n'}
[1.209260] (px4_msgs) StdoutLine: {'line': b'-- Up-to-date: /home/harsh/ros2_project/install/px4_msgs/include/px4_msgs/px4_msgs/msg/detail/vehicle_trajectory_waypoint__type_support.hpp\n'}
[1.209294] (px4_msgs) StdoutLine: {'line': b'-- Up-to-date: /home/harsh/ros2_project/install/px4_msgs/include/px4_msgs/px4_msgs/msg/detail/arming_check_reply__type_support.hpp\n'}
[1.209327] (px4_msgs) StdoutLine: {'line': b'-- Up-to-date: /home/harsh/ros2_project/install/px4_msgs/include/px4_msgs/px4_msgs/msg/detail/parameter_set_used_request__struct.hpp\n'}
[1.209360] (px4_msgs) StdoutLine: {'line': b'-- Up-to-date: /home/harsh/ros2_project/install/px4_msgs/include/px4_msgs/px4_msgs/msg/detail/generator_status__type_support.hpp\n'}
[1.209394] (px4_msgs) StdoutLine: {'line': b'-- Up-to-date: /home/harsh/ros2_project/install/px4_msgs/include/px4_msgs/px4_msgs/msg/detail/rtl_time_estimate__struct.hpp\n'}
[1.209427] (px4_msgs) StdoutLine: {'line': b'-- Up-to-date: /home/harsh/ros2_project/install/px4_msgs/include/px4_msgs/px4_msgs/msg/detail/vehicle_optical_flow__struct.hpp\n'}
[1.209461] (px4_msgs) StdoutLine: {'line': b'-- Up-to-date: /home/harsh/ros2_project/install/px4_msgs/include/px4_msgs/px4_msgs/msg/detail/mavlink_log__builder.hpp\n'}
[1.209495] (px4_msgs) StdoutLine: {'line': b'-- Up-to-date: /home/harsh/ros2_project/install/px4_msgs/include/px4_msgs/px4_msgs/msg/detail/gimbal_device_set_attitude__struct.hpp\n'}
[1.209528] (px4_msgs) StdoutLine: {'line': b'-- Up-to-date: /home/harsh/ros2_project/install/px4_msgs/include/px4_msgs/px4_msgs/msg/detail/action_request__type_support.hpp\n'}
[1.209563] (px4_msgs) StdoutLine: {'line': b'-- Up-to-date: /home/harsh/ros2_project/install/px4_msgs/include/px4_msgs/px4_msgs/msg/detail/input_rc__traits.hpp\n'}
[1.209596] (px4_msgs) StdoutLine: {'line': b'-- Up-to-date: /home/harsh/ros2_project/install/px4_msgs/include/px4_msgs/px4_msgs/msg/detail/debug_vect__type_support.hpp\n'}
[1.209628] (px4_msgs) StdoutLine: {'line': b'-- Up-to-date: /home/harsh/ros2_project/install/px4_msgs/include/px4_msgs/px4_msgs/msg/detail/differential_pressure__traits.hpp\n'}
[1.209661] (px4_msgs) StdoutLine: {'line': b'-- Up-to-date: /home/harsh/ros2_project/install/px4_msgs/include/px4_msgs/px4_msgs/msg/detail/rtl_status__traits.hpp\n'}
[1.209696] (px4_msgs) StdoutLine: {'line': b'-- Up-to-date: /home/harsh/ros2_project/install/px4_msgs/include/px4_msgs/px4_msgs/msg/detail/ulog_stream__struct.hpp\n'}
[1.209727] (px4_msgs) StdoutLine: {'line': b'-- Up-to-date: /home/harsh/ros2_project/install/px4_msgs/include/px4_msgs/px4_msgs/msg/detail/register_ext_component_reply__struct.hpp\n'}
[1.209767] (px4_msgs) StdoutLine: {'line': b'-- Up-to-date: /home/harsh/ros2_project/install/px4_msgs/include/px4_msgs/px4_msgs/msg/detail/debug_vect__traits.hpp\n'}
[1.209802] (px4_msgs) StdoutLine: {'line': b'-- Up-to-date: /home/harsh/ros2_project/install/px4_msgs/include/px4_msgs/px4_msgs/msg/detail/vehicle_attitude_setpoint__builder.hpp\n'}
[1.209834] (px4_msgs) StdoutLine: {'line': b'-- Up-to-date: /home/harsh/ros2_project/install/px4_msgs/include/px4_msgs/px4_msgs/msg/detail/manual_control_switches__type_support.hpp\n'}
[1.209867] (px4_msgs) StdoutLine: {'line': b'-- Up-to-date: /home/harsh/ros2_project/install/px4_msgs/include/px4_msgs/px4_msgs/msg/detail/radio_status__traits.hpp\n'}
[1.209901] (px4_msgs) StdoutLine: {'line': b'-- Up-to-date: /home/harsh/ros2_project/install/px4_msgs/include/px4_msgs/px4_msgs/msg/detail/geofence_result__struct.hpp\n'}
[1.209934] (px4_msgs) StdoutLine: {'line': b'-- Up-to-date: /home/harsh/ros2_project/install/px4_msgs/include/px4_msgs/px4_msgs/msg/detail/radio_status__struct.hpp\n'}
[1.209967] (px4_msgs) StdoutLine: {'line': b'-- Up-to-date: /home/harsh/ros2_project/install/px4_msgs/include/px4_msgs/px4_msgs/msg/detail/can_interface_status__traits.hpp\n'}
[1.210000] (px4_msgs) StdoutLine: {'line': b'-- Up-to-date: /home/harsh/ros2_project/install/px4_msgs/include/px4_msgs/px4_msgs/msg/detail/adc_report__traits.hpp\n'}
[1.210041] (px4_msgs) StdoutLine: {'line': b'-- Up-to-date: /home/harsh/ros2_project/install/px4_msgs/include/px4_msgs/px4_msgs/msg/detail/system_power__traits.hpp\n'}
[1.210090] (px4_msgs) StdoutLine: {'line': b'-- Up-to-date: /home/harsh/ros2_project/install/px4_msgs/include/px4_msgs/px4_msgs/msg/detail/estimator_innovations__type_support.hpp\n'}
[1.210126] (px4_msgs) StdoutLine: {'line': b'-- Up-to-date: /home/harsh/ros2_project/install/px4_msgs/include/px4_msgs/px4_msgs/msg/detail/follow_target_estimator__type_support.hpp\n'}
[1.210161] (px4_msgs) StdoutLine: {'line': b'-- Up-to-date: /home/harsh/ros2_project/install/px4_msgs/include/px4_msgs/px4_msgs/msg/detail/orb_test__builder.hpp\n'}
[1.210195] (px4_msgs) StdoutLine: {'line': b'-- Up-to-date: /home/harsh/ros2_project/install/px4_msgs/include/px4_msgs/px4_msgs/msg/detail/buffer128__builder.hpp\n'}
[1.210228] (px4_msgs) StdoutLine: {'line': b'-- Up-to-date: /home/harsh/ros2_project/install/px4_msgs/include/px4_msgs/px4_msgs/msg/detail/event__struct.hpp\n'}
[1.210260] (px4_msgs) StdoutLine: {'line': b'-- Up-to-date: /home/harsh/ros2_project/install/px4_msgs/include/px4_msgs/px4_msgs/msg/detail/system_power__type_support.hpp\n'}
[1.210335] (px4_msgs) StdoutLine: {'line': b'-- Up-to-date: /home/harsh/ros2_project/install/px4_msgs/include/px4_msgs/px4_msgs/msg/detail/vehicle_angular_velocity__builder.hpp\n'}
[1.210372] (px4_msgs) StdoutLine: {'line': b'-- Up-to-date: /home/harsh/ros2_project/install/px4_msgs/include/px4_msgs/px4_msgs/msg/detail/transponder_report__type_support.hpp\n'}
[1.210412] (px4_msgs) StdoutLine: {'line': b'-- Up-to-date: /home/harsh/ros2_project/install/px4_msgs/include/px4_msgs/px4_msgs/msg/detail/pps_capture__struct.hpp\n'}
[1.210464] (px4_msgs) StdoutLine: {'line': b'-- Up-to-date: /home/harsh/ros2_project/install/px4_msgs/include/px4_msgs/px4_msgs/msg/detail/sensor_selection__traits.hpp\n'}
[1.210497] (px4_msgs) StdoutLine: {'line': b'-- Up-to-date: /home/harsh/ros2_project/install/px4_msgs/include/px4_msgs/px4_msgs/msg/detail/magnetometer_bias_estimate__builder.hpp\n'}
[1.210530] (px4_msgs) StdoutLine: {'line': b'-- Up-to-date: /home/harsh/ros2_project/install/px4_msgs/include/px4_msgs/px4_msgs/msg/detail/parameter_set_value_request__struct.hpp\n'}
[1.210564] (px4_msgs) StdoutLine: {'line': b'-- Up-to-date: /home/harsh/ros2_project/install/px4_msgs/include/px4_msgs/px4_msgs/msg/detail/follow_target__traits.hpp\n'}
[1.210598] (px4_msgs) StdoutLine: {'line': b'-- Up-to-date: /home/harsh/ros2_project/install/px4_msgs/include/px4_msgs/px4_msgs/msg/detail/camera_status__traits.hpp\n'}
[1.210638] (px4_msgs) StdoutLine: {'line': b'-- Up-to-date: /home/harsh/ros2_project/install/px4_msgs/include/px4_msgs/px4_msgs/msg/detail/cellular_status__type_support.hpp\n'}
[1.210678] (px4_msgs) StdoutLine: {'line': b'-- Up-to-date: /home/harsh/ros2_project/install/px4_msgs/include/px4_msgs/px4_msgs/msg/detail/sensor_gyro__type_support.hpp\n'}
[1.210716] (px4_msgs) StdoutLine: {'line': b'-- Up-to-date: /home/harsh/ros2_project/install/px4_msgs/include/px4_msgs/px4_msgs/msg/detail/sensor_accel__type_support.hpp\n'}
[1.210754] (px4_msgs) StdoutLine: {'line': b'-- Up-to-date: /home/harsh/ros2_project/install/px4_msgs/include/px4_msgs/px4_msgs/msg/detail/register_ext_component_request__builder.hpp\n'}
[1.210791] (px4_msgs) StdoutLine: {'line': b'-- Up-to-date: /home/harsh/ros2_project/install/px4_msgs/include/px4_msgs/px4_msgs/msg/detail/arming_check_request__traits.hpp\n'}
[1.210827] (px4_msgs) StdoutLine: {'line': b'-- Up-to-date: /home/harsh/ros2_project/install/px4_msgs/include/px4_msgs/px4_msgs/msg/detail/vehicle_local_position_setpoint__builder.hpp\n'}
[1.210864] (px4_msgs) StdoutLine: {'line': b'-- Up-to-date: /home/harsh/ros2_project/install/px4_msgs/include/px4_msgs/px4_msgs/msg/detail/cellular_status__builder.hpp\n'}
[1.210901] (px4_msgs) StdoutLine: {'line': b'-- Up-to-date: /home/harsh/ros2_project/install/px4_msgs/include/px4_msgs/px4_msgs/msg/detail/airspeed__builder.hpp\n'}
[1.210938] (px4_msgs) StdoutLine: {'line': b'-- Up-to-date: /home/harsh/ros2_project/install/px4_msgs/include/px4_msgs/px4_msgs/msg/detail/follow_target__builder.hpp\n'}
[1.210989] (px4_msgs) StdoutLine: {'line': b'-- Up-to-date: /home/harsh/ros2_project/install/px4_msgs/include/px4_msgs/px4_msgs/msg/detail/sensor_baro__struct.hpp\n'}
[1.211162] (px4_msgs) StdoutLine: {'line': b'-- Up-to-date: /home/harsh/ros2_project/install/px4_msgs/include/px4_msgs/px4_msgs/msg/detail/sensor_correction__struct.hpp\n'}
[1.211274] (px4_msgs) StdoutLine: {'line': b'-- Up-to-date: /home/harsh/ros2_project/install/px4_msgs/include/px4_msgs/px4_msgs/msg/detail/follow_target_estimator__struct.hpp\n'}
[1.211313] (px4_msgs) StdoutLine: {'line': b'-- Up-to-date: /home/harsh/ros2_project/install/px4_msgs/include/px4_msgs/px4_msgs/msg/detail/gripper__struct.hpp\n'}
[1.211348] (px4_msgs) StdoutLine: {'line': b'-- Up-to-date: /home/harsh/ros2_project/install/px4_msgs/include/px4_msgs/px4_msgs/msg/detail/sensor_gnss_relative__struct.hpp\n'}
[1.211383] (px4_msgs) StdoutLine: {'line': b'-- Up-to-date: /home/harsh/ros2_project/install/px4_msgs/include/px4_msgs/px4_msgs/msg/detail/failure_detector_status__struct.hpp\n'}
[1.211419] (px4_msgs) StdoutLine: {'line': b'-- Up-to-date: /home/harsh/ros2_project/install/px4_msgs/include/px4_msgs/px4_msgs/msg/detail/estimator_aid_source3d__builder.hpp\n'}
[1.211454] (px4_msgs) StdoutLine: {'line': b'-- Up-to-date: /home/harsh/ros2_project/install/px4_msgs/include/px4_msgs/px4_msgs/msg/detail/telemetry_status__struct.hpp\n'}
[1.211489] (px4_msgs) StdoutLine: {'line': b'-- Up-to-date: /home/harsh/ros2_project/install/px4_msgs/include/px4_msgs/px4_msgs/msg/detail/gimbal_manager_status__struct.hpp\n'}
[1.211523] (px4_msgs) StdoutLine: {'line': b'-- Up-to-date: /home/harsh/ros2_project/install/px4_msgs/include/px4_msgs/px4_msgs/msg/detail/landing_target_pose__builder.hpp\n'}
[1.211557] (px4_msgs) StdoutLine: {'line': b'-- Up-to-date: /home/harsh/ros2_project/install/px4_msgs/include/px4_msgs/px4_msgs/msg/detail/follow_target_status__traits.hpp\n'}
[1.211592] (px4_msgs) StdoutLine: {'line': b'-- Up-to-date: /home/harsh/ros2_project/install/px4_msgs/include/px4_msgs/px4_msgs/msg/detail/sensors_status_imu__builder.hpp\n'}
[1.211626] (px4_msgs) StdoutLine: {'line': b'-- Up-to-date: /home/harsh/ros2_project/install/px4_msgs/include/px4_msgs/px4_msgs/msg/detail/internal_combustion_engine_status__type_support.hpp\n'}
[1.211687] (px4_msgs) StdoutLine: {'line': b'-- Up-to-date: /home/harsh/ros2_project/install/px4_msgs/include/px4_msgs/px4_msgs/msg/detail/autotune_attitude_control_status__struct.hpp\n'}
[1.211722] (px4_msgs) StdoutLine: {'line': b'-- Up-to-date: /home/harsh/ros2_project/install/px4_msgs/include/px4_msgs/px4_msgs/msg/detail/launch_detection_status__builder.hpp\n'}
[1.211757] (px4_msgs) StdoutLine: {'line': b'-- Up-to-date: /home/harsh/ros2_project/install/px4_msgs/include/px4_msgs/px4_msgs/msg/detail/actuator_servos_trim__traits.hpp\n'}
[1.211791] (px4_msgs) StdoutLine: {'line': b'-- Up-to-date: /home/harsh/ros2_project/install/px4_msgs/include/px4_msgs/px4_msgs/msg/detail/system_power__struct.hpp\n'}
[1.211828] (px4_msgs) StdoutLine: {'line': b'-- Up-to-date: /home/harsh/ros2_project/install/px4_msgs/include/px4_msgs/px4_msgs/msg/detail/vehicle_land_detected__struct.hpp\n'}
[1.211862] (px4_msgs) StdoutLine: {'line': b'-- Up-to-date: /home/harsh/ros2_project/install/px4_msgs/include/px4_msgs/px4_msgs/msg/detail/estimator_bias__type_support.hpp\n'}
[1.211896] (px4_msgs) StdoutLine: {'line': b'-- Up-to-date: /home/harsh/ros2_project/install/px4_msgs/include/px4_msgs/px4_msgs/msg/detail/vehicle_roi__struct.hpp\n'}
[1.211930] (px4_msgs) StdoutLine: {'line': b'-- Up-to-date: /home/harsh/ros2_project/install/px4_msgs/include/px4_msgs/px4_msgs/msg/detail/pwm_input__traits.hpp\n'}
[1.211964] (px4_msgs) StdoutLine: {'line': b'-- Up-to-date: /home/harsh/ros2_project/install/px4_msgs/include/px4_msgs/px4_msgs/msg/detail/position_setpoint__type_support.hpp\n'}
[1.211998] (px4_msgs) StdoutLine: {'line': b'-- Up-to-date: /home/harsh/ros2_project/install/px4_msgs/include/px4_msgs/px4_msgs/msg/detail/rc_parameter_map__builder.hpp\n'}
[1.212040] (px4_msgs) StdoutLine: {'line': b'-- Up-to-date: /home/harsh/ros2_project/install/px4_msgs/include/px4_msgs/px4_msgs/msg/detail/vehicle_constraints__builder.hpp\n'}
[1.212076] (px4_msgs) StdoutLine: {'line': b'-- Up-to-date: /home/harsh/ros2_project/install/px4_msgs/include/px4_msgs/px4_msgs/msg/detail/sensor_gyro_fft__builder.hpp\n'}
[1.212108] (px4_msgs) StdoutLine: {'line': b'-- Up-to-date: /home/harsh/ros2_project/install/px4_msgs/include/px4_msgs/px4_msgs/msg/detail/velocity_limits__struct.hpp\n'}
[1.212142] (px4_msgs) StdoutLine: {'line': b'-- Up-to-date: /home/harsh/ros2_project/install/px4_msgs/include/px4_msgs/px4_msgs/msg/detail/message_format_response__struct.hpp\n'}
[1.212176] (px4_msgs) StdoutLine: {'line': b'-- Up-to-date: /home/harsh/ros2_project/install/px4_msgs/include/px4_msgs/px4_msgs/msg/detail/parameter_update__type_support.hpp\n'}
[1.212209] (px4_msgs) StdoutLine: {'line': b'-- Up-to-date: /home/harsh/ros2_project/install/px4_msgs/include/px4_msgs/px4_msgs/msg/detail/estimator_sensor_bias__traits.hpp\n'}
[1.212242] (px4_msgs) StdoutLine: {'line': b'-- Up-to-date: /home/harsh/ros2_project/install/px4_msgs/include/px4_msgs/px4_msgs/msg/detail/geofence_result__traits.hpp\n'}
[1.212275] (px4_msgs) StdoutLine: {'line': b'-- Up-to-date: /home/harsh/ros2_project/install/px4_msgs/include/px4_msgs/px4_msgs/msg/detail/gimbal_manager_set_manual_control__struct.hpp\n'}
[1.212308] (px4_msgs) StdoutLine: {'line': b'-- Up-to-date: /home/harsh/ros2_project/install/px4_msgs/include/px4_msgs/px4_msgs/msg/detail/vehicle_local_position_setpoint__traits.hpp\n'}
[1.212342] (px4_msgs) StdoutLine: {'line': b'-- Up-to-date: /home/harsh/ros2_project/install/px4_msgs/include/px4_msgs/px4_msgs/msg/detail/sensor_mag__struct.hpp\n'}
[1.212374] (px4_msgs) StdoutLine: {'line': b'-- Up-to-date: /home/harsh/ros2_project/install/px4_msgs/include/px4_msgs/px4_msgs/msg/detail/debug_key_value__builder.hpp\n'}
[1.212407] (px4_msgs) StdoutLine: {'line': b'-- Up-to-date: /home/harsh/ros2_project/install/px4_msgs/include/px4_msgs/px4_msgs/msg/detail/differential_drive_setpoint__type_support.hpp\n'}
[1.212440] (px4_msgs) StdoutLine: {'line': b'-- Up-to-date: /home/harsh/ros2_project/install/px4_msgs/include/px4_msgs/px4_msgs/msg/detail/vehicle_constraints__struct.hpp\n'}
[1.212499] (px4_msgs) StdoutLine: {'line': b'-- Up-to-date: /home/harsh/ros2_project/install/px4_msgs/include/px4_msgs/px4_msgs/msg/detail/vehicle_constraints__traits.hpp\n'}
[1.212530] (px4_msgs) StdoutLine: {'line': b'-- Up-to-date: /home/harsh/ros2_project/install/px4_msgs/include/px4_msgs/px4_msgs/msg/detail/mission_result__type_support.hpp\n'}
[1.212562] (px4_msgs) StdoutLine: {'line': b'-- Up-to-date: /home/harsh/ros2_project/install/px4_msgs/include/px4_msgs/px4_msgs/msg/detail/orbit_status__traits.hpp\n'}
[1.212596] (px4_msgs) StdoutLine: {'line': b'-- Up-to-date: /home/harsh/ros2_project/install/px4_msgs/include/px4_msgs/px4_msgs/msg/detail/sensor_hygrometer__type_support.hpp\n'}
[1.212629] (px4_msgs) StdoutLine: {'line': b'-- Up-to-date: /home/harsh/ros2_project/install/px4_msgs/include/px4_msgs/px4_msgs/msg/detail/unregister_ext_component__builder.hpp\n'}
[1.212662] (px4_msgs) StdoutLine: {'line': b'-- Up-to-date: /home/harsh/ros2_project/install/px4_msgs/include/px4_msgs/px4_msgs/msg/detail/buffer128__traits.hpp\n'}
[1.212695] (px4_msgs) StdoutLine: {'line': b'-- Up-to-date: /home/harsh/ros2_project/install/px4_msgs/include/px4_msgs/px4_msgs/msg/detail/yaw_estimator_status__builder.hpp\n'}
[1.212728] (px4_msgs) StdoutLine: {'line': b'-- Up-to-date: /home/harsh/ros2_project/install/px4_msgs/include/px4_msgs/px4_msgs/msg/detail/button_event__traits.hpp\n'}
[1.212761] (px4_msgs) StdoutLine: {'line': b'-- Up-to-date: /home/harsh/ros2_project/install/px4_msgs/include/px4_msgs/px4_msgs/msg/detail/ekf2_timestamps__struct.hpp\n'}
[1.212794] (px4_msgs) StdoutLine: {'line': b'-- Up-to-date: /home/harsh/ros2_project/install/px4_msgs/include/px4_msgs/px4_msgs/msg/detail/sensor_gyro_fft__type_support.hpp\n'}
[1.212828] (px4_msgs) StdoutLine: {'line': b'-- Up-to-date: /home/harsh/ros2_project/install/px4_msgs/include/px4_msgs/px4_msgs/msg/detail/landing_target_innovations__traits.hpp\n'}
[1.212860] (px4_msgs) StdoutLine: {'line': b'-- Up-to-date: /home/harsh/ros2_project/install/px4_msgs/include/px4_msgs/px4_msgs/msg/detail/gimbal_manager_set_attitude__traits.hpp\n'}
[1.212893] (px4_msgs) StdoutLine: {'line': b'-- Up-to-date: /home/harsh/ros2_project/install/px4_msgs/include/px4_msgs/px4_msgs/msg/detail/launch_detection_status__struct.hpp\n'}
[1.212926] (px4_msgs) StdoutLine: {'line': b'-- Up-to-date: /home/harsh/ros2_project/install/px4_msgs/include/px4_msgs/px4_msgs/msg/detail/vehicle_roi__traits.hpp\n'}
[1.212961] (px4_msgs) StdoutLine: {'line': b'-- Up-to-date: /home/harsh/ros2_project/install/px4_msgs/include/px4_msgs/px4_msgs/msg/detail/distance_sensor__traits.hpp\n'}
[1.212995] (px4_msgs) StdoutLine: {'line': b'-- Up-to-date: /home/harsh/ros2_project/install/px4_msgs/include/px4_msgs/px4_msgs/msg/detail/position_setpoint__builder.hpp\n'}
[1.213033] (px4_msgs) StdoutLine: {'line': b'-- Up-to-date: /home/harsh/ros2_project/install/px4_msgs/include/px4_msgs/px4_msgs/msg/detail/estimator_aid_source2d__builder.hpp\n'}
[1.213069] (px4_msgs) StdoutLine: {'line': b'-- Up-to-date: /home/harsh/ros2_project/install/px4_msgs/include/px4_msgs/px4_msgs/msg/detail/landing_target_pose__traits.hpp\n'}
[1.213102] (px4_msgs) StdoutLine: {'line': b'-- Up-to-date: /home/harsh/ros2_project/install/px4_msgs/include/px4_msgs/px4_msgs/msg/detail/esc_report__struct.hpp\n'}
[1.213134] (px4_msgs) StdoutLine: {'line': b'-- Up-to-date: /home/harsh/ros2_project/install/px4_msgs/include/px4_msgs/px4_msgs/msg/detail/sensor_accel_fifo__struct.hpp\n'}
[1.213168] (px4_msgs) StdoutLine: {'line': b'-- Up-to-date: /home/harsh/ros2_project/install/px4_msgs/include/px4_msgs/px4_msgs/msg/detail/orb_test_large__struct.hpp\n'}
[1.213201] (px4_msgs) StdoutLine: {'line': b'-- Up-to-date: /home/harsh/ros2_project/install/px4_msgs/include/px4_msgs/px4_msgs/msg/detail/actuator_armed__builder.hpp\n'}
[1.213234] (px4_msgs) StdoutLine: {'line': b'-- Up-to-date: /home/harsh/ros2_project/install/px4_msgs/include/px4_msgs/px4_msgs/msg/detail/figure_eight_status__struct.hpp\n'}
[1.213269] (px4_msgs) StdoutLine: {'line': b'-- Up-to-date: /home/harsh/ros2_project/install/px4_msgs/include/px4_msgs/px4_msgs/msg/detail/buffer128__type_support.hpp\n'}
[1.213303] (px4_msgs) StdoutLine: {'line': b'-- Up-to-date: /home/harsh/ros2_project/install/px4_msgs/include/px4_msgs/px4_msgs/msg/detail/uavcan_parameter_request__builder.hpp\n'}
[1.213336] (px4_msgs) StdoutLine: {'line': b'-- Up-to-date: /home/harsh/ros2_project/install/px4_msgs/include/px4_msgs/px4_msgs/msg/detail/vehicle_trajectory_waypoint__traits.hpp\n'}
[1.213369] (px4_msgs) StdoutLine: {'line': b'-- Up-to-date: /home/harsh/ros2_project/install/px4_msgs/include/px4_msgs/px4_msgs/msg/detail/gpio_in__type_support.hpp\n'}
[1.213403] (px4_msgs) StdoutLine: {'line': b'-- Up-to-date: /home/harsh/ros2_project/install/px4_msgs/include/px4_msgs/px4_msgs/msg/detail/gimbal_manager_set_manual_control__type_support.hpp\n'}
[1.213437] (px4_msgs) StdoutLine: {'line': b'-- Up-to-date: /home/harsh/ros2_project/install/px4_msgs/include/px4_msgs/px4_msgs/msg/detail/rtl_time_estimate__type_support.hpp\n'}
[1.213471] (px4_msgs) StdoutLine: {'line': b'-- Up-to-date: /home/harsh/ros2_project/install/px4_msgs/include/px4_msgs/px4_msgs/msg/detail/debug_value__struct.hpp\n'}
[1.213503] (px4_msgs) StdoutLine: {'line': b'-- Up-to-date: /home/harsh/ros2_project/install/px4_msgs/include/px4_msgs/px4_msgs/msg/detail/parameter_set_value_response__builder.hpp\n'}
[1.213537] (px4_msgs) StdoutLine: {'line': b'-- Up-to-date: /home/harsh/ros2_project/install/px4_msgs/include/px4_msgs/px4_msgs/msg/detail/gimbal_device_attitude_status__type_support.hpp\n'}
[1.213571] (px4_msgs) StdoutLine: {'line': b'-- Up-to-date: /home/harsh/ros2_project/install/px4_msgs/include/px4_msgs/px4_msgs/msg/detail/vehicle_attitude_setpoint__struct.hpp\n'}
[1.213604] (px4_msgs) StdoutLine: {'line': b'-- Up-to-date: /home/harsh/ros2_project/install/px4_msgs/include/px4_msgs/px4_msgs/msg/detail/actuator_test__builder.hpp\n'}
[1.213637] (px4_msgs) StdoutLine: {'line': b'-- Up-to-date: /home/harsh/ros2_project/install/px4_msgs/include/px4_msgs/px4_msgs/msg/detail/vehicle_imu_status__type_support.hpp\n'}
[1.213671] (px4_msgs) StdoutLine: {'line': b'-- Up-to-date: /home/harsh/ros2_project/install/px4_msgs/include/px4_msgs/px4_msgs/msg/detail/sensor_gnss_relative__builder.hpp\n'}
[1.213704] (px4_msgs) StdoutLine: {'line': b'-- Up-to-date: /home/harsh/ros2_project/install/px4_msgs/include/px4_msgs/px4_msgs/msg/detail/iridiumsbd_status__builder.hpp\n'}
[1.213737] (px4_msgs) StdoutLine: {'line': b'-- Up-to-date: /home/harsh/ros2_project/install/px4_msgs/include/px4_msgs/px4_msgs/msg/detail/rpm__traits.hpp\n'}
[1.213770] (px4_msgs) StdoutLine: {'line': b'-- Up-to-date: /home/harsh/ros2_project/install/px4_msgs/include/px4_msgs/px4_msgs/msg/detail/gpio_request__struct.hpp\n'}
[1.213806] (px4_msgs) StdoutLine: {'line': b'-- Up-to-date: /home/harsh/ros2_project/install/px4_msgs/include/px4_msgs/px4_msgs/msg/detail/message_format_response__builder.hpp\n'}
[1.213842] (px4_msgs) StdoutLine: {'line': b'-- Up-to-date: /home/harsh/ros2_project/install/px4_msgs/include/px4_msgs/px4_msgs/msg/detail/gpio_out__type_support.hpp\n'}
[1.213876] (px4_msgs) StdoutLine: {'line': b'-- Up-to-date: /home/harsh/ros2_project/install/px4_msgs/include/px4_msgs/px4_msgs/msg/detail/internal_combustion_engine_status__builder.hpp\n'}
[1.213915] (px4_msgs) StdoutLine: {'line': b'-- Up-to-date: /home/harsh/ros2_project/install/px4_msgs/include/px4_msgs/px4_msgs/msg/detail/gimbal_device_set_attitude__builder.hpp\n'}
[1.213951] (px4_msgs) StdoutLine: {'line': b'-- Up-to-date: /home/harsh/ros2_project/install/px4_msgs/include/px4_msgs/px4_msgs/msg/detail/battery_status__type_support.hpp\n'}
[1.213986] (px4_msgs) StdoutLine: {'line': b'-- Up-to-date: /home/harsh/ros2_project/install/px4_msgs/include/px4_msgs/px4_msgs/msg/detail/parameter_set_value_request__builder.hpp\n'}
[1.214027] (px4_msgs) StdoutLine: {'line': b'-- Up-to-date: /home/harsh/ros2_project/install/px4_msgs/include/px4_msgs/px4_msgs/msg/detail/vehicle_command__traits.hpp\n'}
[1.214084] (px4_msgs) StdoutLine: {'line': b'-- Up-to-date: /home/harsh/ros2_project/install/px4_msgs/include/px4_msgs/px4_msgs/msg/detail/collision_constraints__traits.hpp\n'}
[1.214143] (px4_msgs) StdoutLine: {'line': b'-- Up-to-date: /home/harsh/ros2_project/install/px4_msgs/include/px4_msgs/px4_msgs/msg/detail/wheel_encoders__builder.hpp\n'}
[1.214186] (px4_msgs) StdoutLine: {'line': b'-- Up-to-date: /home/harsh/ros2_project/install/px4_msgs/include/px4_msgs/px4_msgs/msg/detail/actuator_motors__struct.hpp\n'}
[1.214217] (px4_msgs) StdoutLine: {'line': b'-- Up-to-date: /home/harsh/ros2_project/install/px4_msgs/include/px4_msgs/px4_msgs/msg/detail/vehicle_global_position__type_support.hpp\n'}
[1.214248] (px4_msgs) StdoutLine: {'line': b'-- Up-to-date: /home/harsh/ros2_project/install/px4_msgs/include/px4_msgs/px4_msgs/msg/detail/sensor_selection__builder.hpp\n'}
[1.214278] (px4_msgs) StdoutLine: {'line': b'-- Up-to-date: /home/harsh/ros2_project/install/px4_msgs/include/px4_msgs/px4_msgs/msg/detail/parameter_set_used_request__builder.hpp\n'}
[1.214308] (px4_msgs) StdoutLine: {'line': b'-- Up-to-date: /home/harsh/ros2_project/install/px4_msgs/include/px4_msgs/px4_msgs/msg/detail/landing_gear__struct.hpp\n'}
[1.214338] (px4_msgs) StdoutLine: {'line': b'-- Up-to-date: /home/harsh/ros2_project/install/px4_msgs/include/px4_msgs/px4_msgs/msg/detail/debug_key_value__struct.hpp\n'}
[1.214370] (px4_msgs) StdoutLine: {'line': b'-- Up-to-date: /home/harsh/ros2_project/install/px4_msgs/include/px4_msgs/px4_msgs/msg/detail/vehicle_control_mode__builder.hpp\n'}
[1.214405] (px4_msgs) StdoutLine: {'line': b'-- Up-to-date: /home/harsh/ros2_project/install/px4_msgs/include/px4_msgs/px4_msgs/msg/detail/vehicle_imu_status__builder.hpp\n'}
[1.214439] (px4_msgs) StdoutLine: {'line': b'-- Up-to-date: /home/harsh/ros2_project/install/px4_msgs/include/px4_msgs/px4_msgs/msg/detail/vehicle_control_mode__struct.hpp\n'}
[1.214472] (px4_msgs) StdoutLine: {'line': b'-- Up-to-date: /home/harsh/ros2_project/install/px4_msgs/include/px4_msgs/px4_msgs/msg/detail/autotune_attitude_control_status__traits.hpp\n'}
[1.214505] (px4_msgs) StdoutLine: {'line': b'-- Up-to-date: /home/harsh/ros2_project/install/px4_msgs/include/px4_msgs/px4_msgs/msg/detail/sensor_gyro_fifo__type_support.hpp\n'}
[1.214538] (px4_msgs) StdoutLine: {'line': b'-- Up-to-date: /home/harsh/ros2_project/install/px4_msgs/include/px4_msgs/px4_msgs/msg/detail/navigator_mission_item__type_support.hpp\n'}
[1.214571] (px4_msgs) StdoutLine: {'line': b'-- Up-to-date: /home/harsh/ros2_project/install/px4_msgs/include/px4_msgs/px4_msgs/msg/vehicle_air_data.hpp\n'}
[1.214603] (px4_msgs) StdoutLine: {'line': b'-- Up-to-date: /home/harsh/ros2_project/install/px4_msgs/include/px4_msgs/px4_msgs/srv\n'}
[1.214637] (px4_msgs) StdoutLine: {'line': b'-- Up-to-date: /home/harsh/ros2_project/install/px4_msgs/include/px4_msgs/px4_msgs/srv/vehicle_command.hpp\n'}
[1.214670] (px4_msgs) StdoutLine: {'line': b'-- Up-to-date: /home/harsh/ros2_project/install/px4_msgs/include/px4_msgs/px4_msgs/srv/detail\n'}
[1.214704] (px4_msgs) StdoutLine: {'line': b'-- Up-to-date: /home/harsh/ros2_project/install/px4_msgs/include/px4_msgs/px4_msgs/srv/detail/vehicle_command__type_support.hpp\n'}
[1.214737] (px4_msgs) StdoutLine: {'line': b'-- Up-to-date: /home/harsh/ros2_project/install/px4_msgs/include/px4_msgs/px4_msgs/srv/detail/vehicle_command__struct.hpp\n'}
[1.214770] (px4_msgs) StdoutLine: {'line': b'-- Up-to-date: /home/harsh/ros2_project/install/px4_msgs/include/px4_msgs/px4_msgs/srv/detail/vehicle_command__builder.hpp\n'}
[1.214803] (px4_msgs) StdoutLine: {'line': b'-- Up-to-date: /home/harsh/ros2_project/install/px4_msgs/include/px4_msgs/px4_msgs/srv/detail/vehicle_command__traits.hpp\n'}
[1.214835] (px4_msgs) StdoutLine: {'line': b'-- Up-to-date: /home/harsh/ros2_project/install/px4_msgs/include/px4_msgs/px4_msgs\n'}
[1.214868] (px4_msgs) StdoutLine: {'line': b'-- Up-to-date: /home/harsh/ros2_project/install/px4_msgs/include/px4_msgs/px4_msgs/msg\n'}
[1.214900] (px4_msgs) StdoutLine: {'line': b'-- Up-to-date: /home/harsh/ros2_project/install/px4_msgs/include/px4_msgs/px4_msgs/msg/rosidl_typesupport_fastrtps_cpp__visibility_control.h\n'}
[1.214936] (px4_msgs) StdoutLine: {'line': b'-- Up-to-date: /home/harsh/ros2_project/install/px4_msgs/include/px4_msgs/px4_msgs/msg/detail\n'}
[1.214969] (px4_msgs) StdoutLine: {'line': b'-- Up-to-date: /home/harsh/ros2_project/install/px4_msgs/include/px4_msgs/px4_msgs/msg/detail/task_stack_info__rosidl_typesupport_fastrtps_cpp.hpp\n'}
[1.215003] (px4_msgs) StdoutLine: {'line': b'-- Up-to-date: /home/harsh/ros2_project/install/px4_msgs/include/px4_msgs/px4_msgs/msg/detail/vehicle_optical_flow_vel__rosidl_typesupport_fastrtps_cpp.hpp\n'}
[1.215041] (px4_msgs) StdoutLine: {'line': b'-- Up-to-date: /home/harsh/ros2_project/install/px4_msgs/include/px4_msgs/px4_msgs/msg/detail/navigator_mission_item__rosidl_typesupport_fastrtps_cpp.hpp\n'}
[1.215076] (px4_msgs) StdoutLine: {'line': b'-- Up-to-date: /home/harsh/ros2_project/install/px4_msgs/include/px4_msgs/px4_msgs/msg/detail/landing_target_innovations__rosidl_typesupport_fastrtps_cpp.hpp\n'}
[1.215110] (px4_msgs) StdoutLine: {'line': b'-- Up-to-date: /home/harsh/ros2_project/install/px4_msgs/include/px4_msgs/px4_msgs/msg/detail/camera_status__rosidl_typesupport_fastrtps_cpp.hpp\n'}
[1.215144] (px4_msgs) StdoutLine: {'line': b'-- Up-to-date: /home/harsh/ros2_project/install/px4_msgs/include/px4_msgs/px4_msgs/msg/detail/distance_sensor__rosidl_typesupport_fastrtps_cpp.hpp\n'}
[1.215180] (px4_msgs) StdoutLine: {'line': b'-- Up-to-date: /home/harsh/ros2_project/install/px4_msgs/include/px4_msgs/px4_msgs/msg/detail/arming_check_request__rosidl_typesupport_fastrtps_cpp.hpp\n'}
[1.215218] (px4_msgs) StdoutLine: {'line': b'-- Up-to-date: /home/harsh/ros2_project/install/px4_msgs/include/px4_msgs/px4_msgs/msg/detail/actuator_controls_status__rosidl_typesupport_fastrtps_cpp.hpp\n'}
[1.215252] (px4_msgs) StdoutLine: {'line': b'-- Up-to-date: /home/harsh/ros2_project/install/px4_msgs/include/px4_msgs/px4_msgs/msg/detail/debug_array__rosidl_typesupport_fastrtps_cpp.hpp\n'}
[1.215287] (px4_msgs) StdoutLine: {'line': b'-- Up-to-date: /home/harsh/ros2_project/install/px4_msgs/include/px4_msgs/px4_msgs/msg/detail/geofence_status__rosidl_typesupport_fastrtps_cpp.hpp\n'}
[1.215323] (px4_msgs) StdoutLine: {'line': b'-- Up-to-date: /home/harsh/ros2_project/install/px4_msgs/include/px4_msgs/px4_msgs/msg/detail/gimbal_controls__rosidl_typesupport_fastrtps_cpp.hpp\n'}
[1.215360] (px4_msgs) StdoutLine: {'line': b'-- Up-to-date: /home/harsh/ros2_project/install/px4_msgs/include/px4_msgs/px4_msgs/msg/detail/onboard_computer_status__rosidl_typesupport_fastrtps_cpp.hpp\n'}
[1.215396] (px4_msgs) StdoutLine: {'line': b'-- Up-to-date: /home/harsh/ros2_project/install/px4_msgs/include/px4_msgs/px4_msgs/msg/detail/buffer128__rosidl_typesupport_fastrtps_cpp.hpp\n'}
[1.215431] (px4_msgs) StdoutLine: {'line': b'-- Up-to-date: /home/harsh/ros2_project/install/px4_msgs/include/px4_msgs/px4_msgs/msg/detail/obstacle_distance__rosidl_typesupport_fastrtps_cpp.hpp\n'}
[1.215467] (px4_msgs) StdoutLine: {'line': b'-- Up-to-date: /home/harsh/ros2_project/install/px4_msgs/include/px4_msgs/px4_msgs/msg/detail/vehicle_constraints__rosidl_typesupport_fastrtps_cpp.hpp\n'}
[1.215502] (px4_msgs) StdoutLine: {'line': b'-- Up-to-date: /home/harsh/ros2_project/install/px4_msgs/include/px4_msgs/px4_msgs/msg/detail/message_format_request__rosidl_typesupport_fastrtps_cpp.hpp\n'}
[1.215537] (px4_msgs) StdoutLine: {'line': b'-- Up-to-date: /home/harsh/ros2_project/install/px4_msgs/include/px4_msgs/px4_msgs/msg/detail/vehicle_local_position__rosidl_typesupport_fastrtps_cpp.hpp\n'}
[1.215573] (px4_msgs) StdoutLine: {'line': b'-- Up-to-date: /home/harsh/ros2_project/install/px4_msgs/include/px4_msgs/px4_msgs/msg/detail/input_rc__rosidl_typesupport_fastrtps_cpp.hpp\n'}
[1.215611] (px4_msgs) StdoutLine: {'line': b'-- Up-to-date: /home/harsh/ros2_project/install/px4_msgs/include/px4_msgs/px4_msgs/msg/detail/sensor_gyro_fifo__rosidl_typesupport_fastrtps_cpp.hpp\n'}
[1.215650] (px4_msgs) StdoutLine: {'line': b'-- Up-to-date: /home/harsh/ros2_project/install/px4_msgs/include/px4_msgs/px4_msgs/msg/detail/control_allocator_status__rosidl_typesupport_fastrtps_cpp.hpp\n'}
[1.215690] (px4_msgs) StdoutLine: {'line': b'-- Up-to-date: /home/harsh/ros2_project/install/px4_msgs/include/px4_msgs/px4_msgs/msg/detail/gimbal_device_information__rosidl_typesupport_fastrtps_cpp.hpp\n'}
[1.215725] (px4_msgs) StdoutLine: {'line': b'-- Up-to-date: /home/harsh/ros2_project/install/px4_msgs/include/px4_msgs/px4_msgs/msg/detail/cellular_status__rosidl_typesupport_fastrtps_cpp.hpp\n'}
[1.215760] (px4_msgs) StdoutLine: {'line': b'-- Up-to-date: /home/harsh/ros2_project/install/px4_msgs/include/px4_msgs/px4_msgs/msg/detail/differential_drive_setpoint__rosidl_typesupport_fastrtps_cpp.hpp\n'}
[1.215796] (px4_msgs) StdoutLine: {'line': b'-- Up-to-date: /home/harsh/ros2_project/install/px4_msgs/include/px4_msgs/px4_msgs/msg/detail/sensor_preflight_mag__rosidl_typesupport_fastrtps_cpp.hpp\n'}
[1.215831] (px4_msgs) StdoutLine: {'line': b'-- Up-to-date: /home/harsh/ros2_project/install/px4_msgs/include/px4_msgs/px4_msgs/msg/detail/rc_parameter_map__rosidl_typesupport_fastrtps_cpp.hpp\n'}
[1.215866] (px4_msgs) StdoutLine: {'line': b'-- Up-to-date: /home/harsh/ros2_project/install/px4_msgs/include/px4_msgs/px4_msgs/msg/detail/mavlink_log__rosidl_typesupport_fastrtps_cpp.hpp\n'}
[1.215900] (px4_msgs) StdoutLine: {'line': b'-- Up-to-date: /home/harsh/ros2_project/install/px4_msgs/include/px4_msgs/px4_msgs/msg/detail/collision_constraints__rosidl_typesupport_fastrtps_cpp.hpp\n'}
[1.215934] (px4_msgs) StdoutLine: {'line': b'-- Up-to-date: /home/harsh/ros2_project/install/px4_msgs/include/px4_msgs/px4_msgs/msg/detail/position_setpoint_triplet__rosidl_typesupport_fastrtps_cpp.hpp\n'}
[1.215968] (px4_msgs) StdoutLine: {'line': b'-- Up-to-date: /home/harsh/ros2_project/install/px4_msgs/include/px4_msgs/px4_msgs/msg/detail/vtol_vehicle_status__rosidl_typesupport_fastrtps_cpp.hpp\n'}
[1.216004] (px4_msgs) StdoutLine: {'line': b'-- Up-to-date: /home/harsh/ros2_project/install/px4_msgs/include/px4_msgs/px4_msgs/msg/detail/message_format_response__rosidl_typesupport_fastrtps_cpp.hpp\n'}
[1.216042] (px4_msgs) StdoutLine: {'line': b'-- Up-to-date: /home/harsh/ros2_project/install/px4_msgs/include/px4_msgs/px4_msgs/msg/detail/sensors_status_imu__rosidl_typesupport_fastrtps_cpp.hpp\n'}
[1.216079] (px4_msgs) StdoutLine: {'line': b'-- Up-to-date: /home/harsh/ros2_project/install/px4_msgs/include/px4_msgs/px4_msgs/msg/detail/sensor_uwb__rosidl_typesupport_fastrtps_cpp.hpp\n'}
[1.216114] (px4_msgs) StdoutLine: {'line': b'-- Up-to-date: /home/harsh/ros2_project/install/px4_msgs/include/px4_msgs/px4_msgs/msg/detail/button_event__rosidl_typesupport_fastrtps_cpp.hpp\n'}
[1.216149] (px4_msgs) StdoutLine: {'line': b'-- Up-to-date: /home/harsh/ros2_project/install/px4_msgs/include/px4_msgs/px4_msgs/msg/detail/rc_channels__rosidl_typesupport_fastrtps_cpp.hpp\n'}
[1.216189] (px4_msgs) StdoutLine: {'line': b'-- Up-to-date: /home/harsh/ros2_project/install/px4_msgs/include/px4_msgs/px4_msgs/msg/detail/qshell_retval__rosidl_typesupport_fastrtps_cpp.hpp\n'}
[1.216225] (px4_msgs) StdoutLine: {'line': b'-- Up-to-date: /home/harsh/ros2_project/install/px4_msgs/include/px4_msgs/px4_msgs/msg/detail/estimator_selector_status__rosidl_typesupport_fastrtps_cpp.hpp\n'}
[1.216260] (px4_msgs) StdoutLine: {'line': b'-- Up-to-date: /home/harsh/ros2_project/install/px4_msgs/include/px4_msgs/px4_msgs/msg/detail/sensor_baro__rosidl_typesupport_fastrtps_cpp.hpp\n'}
[1.216297] (px4_msgs) StdoutLine: {'line': b'-- Up-to-date: /home/harsh/ros2_project/install/px4_msgs/include/px4_msgs/px4_msgs/msg/detail/vehicle_land_detected__rosidl_typesupport_fastrtps_cpp.hpp\n'}
[1.216334] (px4_msgs) StdoutLine: {'line': b'-- Up-to-date: /home/harsh/ros2_project/install/px4_msgs/include/px4_msgs/px4_msgs/msg/detail/collision_report__rosidl_typesupport_fastrtps_cpp.hpp\n'}
[1.216369] (px4_msgs) StdoutLine: {'line': b'-- Up-to-date: /home/harsh/ros2_project/install/px4_msgs/include/px4_msgs/px4_msgs/msg/detail/logger_status__rosidl_typesupport_fastrtps_cpp.hpp\n'}
[1.216408] (px4_msgs) StdoutLine: {'line': b'-- Up-to-date: /home/harsh/ros2_project/install/px4_msgs/include/px4_msgs/px4_msgs/msg/detail/parameter_set_value_request__rosidl_typesupport_fastrtps_cpp.hpp\n'}
[1.216443] (px4_msgs) StdoutLine: {'line': b'-- Up-to-date: /home/harsh/ros2_project/install/px4_msgs/include/px4_msgs/px4_msgs/msg/detail/gimbal_manager_status__rosidl_typesupport_fastrtps_cpp.hpp\n'}
[1.216478] (px4_msgs) StdoutLine: {'line': b'-- Up-to-date: /home/harsh/ros2_project/install/px4_msgs/include/px4_msgs/px4_msgs/msg/detail/rpm__rosidl_typesupport_fastrtps_cpp.hpp\n'}
[1.216515] (px4_msgs) StdoutLine: {'line': b'-- Up-to-date: /home/harsh/ros2_project/install/px4_msgs/include/px4_msgs/px4_msgs/msg/detail/vehicle_status__rosidl_typesupport_fastrtps_cpp.hpp\n'}
[1.216550] (px4_msgs) StdoutLine: {'line': b'-- Up-to-date: /home/harsh/ros2_project/install/px4_msgs/include/px4_msgs/px4_msgs/msg/detail/actuator_outputs__rosidl_typesupport_fastrtps_cpp.hpp\n'}
[1.216587] (px4_msgs) StdoutLine: {'line': b'-- Up-to-date: /home/harsh/ros2_project/install/px4_msgs/include/px4_msgs/px4_msgs/msg/detail/power_button_state__rosidl_typesupport_fastrtps_cpp.hpp\n'}
[1.216623] (px4_msgs) StdoutLine: {'line': b'-- Up-to-date: /home/harsh/ros2_project/install/px4_msgs/include/px4_msgs/px4_msgs/msg/detail/trajectory_setpoint__rosidl_typesupport_fastrtps_cpp.hpp\n'}
[1.216658] (px4_msgs) StdoutLine: {'line': b'-- Up-to-date: /home/harsh/ros2_project/install/px4_msgs/include/px4_msgs/px4_msgs/msg/detail/manual_control_setpoint__rosidl_typesupport_fastrtps_cpp.hpp\n'}
[1.216694] (px4_msgs) StdoutLine: {'line': b'-- Up-to-date: /home/harsh/ros2_project/install/px4_msgs/include/px4_msgs/px4_msgs/msg/detail/health_report__rosidl_typesupport_fastrtps_cpp.hpp\n'}
[1.216730] (px4_msgs) StdoutLine: {'line': b'-- Up-to-date: /home/harsh/ros2_project/install/px4_msgs/include/px4_msgs/px4_msgs/msg/detail/sensor_gyro__rosidl_typesupport_fastrtps_cpp.hpp\n'}
[1.216765] (px4_msgs) StdoutLine: {'line': b'-- Up-to-date: /home/harsh/ros2_project/install/px4_msgs/include/px4_msgs/px4_msgs/msg/detail/register_ext_component_reply__rosidl_typesupport_fastrtps_cpp.hpp\n'}
[1.216801] (px4_msgs) StdoutLine: {'line': b'-- Up-to-date: /home/harsh/ros2_project/install/px4_msgs/include/px4_msgs/px4_msgs/msg/detail/px4io_status__rosidl_typesupport_fastrtps_cpp.hpp\n'}
[1.216837] (px4_msgs) StdoutLine: {'line': b'-- Up-to-date: /home/harsh/ros2_project/install/px4_msgs/include/px4_msgs/px4_msgs/msg/detail/mavlink_tunnel__rosidl_typesupport_fastrtps_cpp.hpp\n'}
[1.216874] (px4_msgs) StdoutLine: {'line': b'-- Up-to-date: /home/harsh/ros2_project/install/px4_msgs/include/px4_msgs/px4_msgs/msg/detail/sensor_gps__rosidl_typesupport_fastrtps_cpp.hpp\n'}
[1.216911] (px4_msgs) StdoutLine: {'line': b'-- Up-to-date: /home/harsh/ros2_project/install/px4_msgs/include/px4_msgs/px4_msgs/msg/detail/trajectory_bezier__rosidl_typesupport_fastrtps_cpp.hpp\n'}
[1.216948] (px4_msgs) StdoutLine: {'line': b'-- Up-to-date: /home/harsh/ros2_project/install/px4_msgs/include/px4_msgs/px4_msgs/msg/detail/flight_phase_estimation__rosidl_typesupport_fastrtps_cpp.hpp\n'}
[1.216985] (px4_msgs) StdoutLine: {'line': b'-- Up-to-date: /home/harsh/ros2_project/install/px4_msgs/include/px4_msgs/px4_msgs/msg/detail/dataman_request__rosidl_typesupport_fastrtps_cpp.hpp\n'}
[1.217046] (px4_msgs) StdoutLine: {'line': b'-- Up-to-date: /home/harsh/ros2_project/install/px4_msgs/include/px4_msgs/px4_msgs/msg/detail/camera_capture__rosidl_typesupport_fastrtps_cpp.hpp\n'}
[1.217087] (px4_msgs) StdoutLine: {'line': b'-- Up-to-date: /home/harsh/ros2_project/install/px4_msgs/include/px4_msgs/px4_msgs/msg/detail/sensor_accel__rosidl_typesupport_fastrtps_cpp.hpp\n'}
[1.217125] (px4_msgs) StdoutLine: {'line': b'-- Up-to-date: /home/harsh/ros2_project/install/px4_msgs/include/px4_msgs/px4_msgs/msg/detail/position_controller_status__rosidl_typesupport_fastrtps_cpp.hpp\n'}
[1.217163] (px4_msgs) StdoutLine: {'line': b'-- Up-to-date: /home/harsh/ros2_project/install/px4_msgs/include/px4_msgs/px4_msgs/msg/detail/sensor_mag__rosidl_typesupport_fastrtps_cpp.hpp\n'}
[1.217202] (px4_msgs) StdoutLine: {'line': b'-- Up-to-date: /home/harsh/ros2_project/install/px4_msgs/include/px4_msgs/px4_msgs/msg/detail/airspeed_validated__rosidl_typesupport_fastrtps_cpp.hpp\n'}
[1.217243] (px4_msgs) StdoutLine: {'line': b'-- Up-to-date: /home/harsh/ros2_project/install/px4_msgs/include/px4_msgs/px4_msgs/msg/detail/failure_detector_status__rosidl_typesupport_fastrtps_cpp.hpp\n'}
[1.217280] (px4_msgs) StdoutLine: {'line': b'-- Up-to-date: /home/harsh/ros2_project/install/px4_msgs/include/px4_msgs/px4_msgs/msg/detail/sensor_combined__rosidl_typesupport_fastrtps_cpp.hpp\n'}
[1.217317] (px4_msgs) StdoutLine: {'line': b'-- Up-to-date: /home/harsh/ros2_project/install/px4_msgs/include/px4_msgs/px4_msgs/msg/detail/vehicle_angular_acceleration_setpoint__rosidl_typesupport_fastrtps_cpp.hpp\n'}
[1.217354] (px4_msgs) StdoutLine: {'line': b'-- Up-to-date: /home/harsh/ros2_project/install/px4_msgs/include/px4_msgs/px4_msgs/msg/detail/ulog_stream__rosidl_typesupport_fastrtps_cpp.hpp\n'}
[1.217393] (px4_msgs) StdoutLine: {'line': b'-- Up-to-date: /home/harsh/ros2_project/install/px4_msgs/include/px4_msgs/px4_msgs/msg/detail/npfg_status__rosidl_typesupport_fastrtps_cpp.hpp\n'}
[1.217431] (px4_msgs) StdoutLine: {'line': b'-- Up-to-date: /home/harsh/ros2_project/install/px4_msgs/include/px4_msgs/px4_msgs/msg/detail/gripper__rosidl_typesupport_fastrtps_cpp.hpp\n'}
[1.217469] (px4_msgs) StdoutLine: {'line': b'-- Up-to-date: /home/harsh/ros2_project/install/px4_msgs/include/px4_msgs/px4_msgs/msg/detail/home_position__rosidl_typesupport_fastrtps_cpp.hpp\n'}
[1.217508] (px4_msgs) StdoutLine: {'line': b'-- Up-to-date: /home/harsh/ros2_project/install/px4_msgs/include/px4_msgs/px4_msgs/msg/detail/parameter_set_value_response__rosidl_typesupport_fastrtps_cpp.hpp\n'}
[1.217548] (px4_msgs) StdoutLine: {'line': b'-- Up-to-date: /home/harsh/ros2_project/install/px4_msgs/include/px4_msgs/px4_msgs/msg/detail/sensor_accel_fifo__rosidl_typesupport_fastrtps_cpp.hpp\n'}
[1.217587] (px4_msgs) StdoutLine: {'line': b'-- Up-to-date: /home/harsh/ros2_project/install/px4_msgs/include/px4_msgs/px4_msgs/msg/detail/landing_gear_wheel__rosidl_typesupport_fastrtps_cpp.hpp\n'}
[1.217624] (px4_msgs) StdoutLine: {'line': b'-- Up-to-date: /home/harsh/ros2_project/install/px4_msgs/include/px4_msgs/px4_msgs/msg/detail/vehicle_air_data__rosidl_typesupport_fastrtps_cpp.hpp\n'}
[1.217664] (px4_msgs) StdoutLine: {'line': b'-- Up-to-date: /home/harsh/ros2_project/install/px4_msgs/include/px4_msgs/px4_msgs/msg/detail/parameter_set_used_request__rosidl_typesupport_fastrtps_cpp.hpp\n'}
[1.217703] (px4_msgs) StdoutLine: {'line': b'-- Up-to-date: /home/harsh/ros2_project/install/px4_msgs/include/px4_msgs/px4_msgs/msg/detail/offboard_control_mode__rosidl_typesupport_fastrtps_cpp.hpp\n'}
[1.217743] (px4_msgs) StdoutLine: {'line': b'-- Up-to-date: /home/harsh/ros2_project/install/px4_msgs/include/px4_msgs/px4_msgs/msg/detail/goto_setpoint__rosidl_typesupport_fastrtps_cpp.hpp\n'}
[1.217781] (px4_msgs) StdoutLine: {'line': b'-- Up-to-date: /home/harsh/ros2_project/install/px4_msgs/include/px4_msgs/px4_msgs/msg/detail/vehicle_attitude_setpoint__rosidl_typesupport_fastrtps_cpp.hpp\n'}
[1.217819] (px4_msgs) StdoutLine: {'line': b'-- Up-to-date: /home/harsh/ros2_project/install/px4_msgs/include/px4_msgs/px4_msgs/msg/detail/estimator_aid_source1d__rosidl_typesupport_fastrtps_cpp.hpp\n'}
[1.217860] (px4_msgs) StdoutLine: {'line': b'-- Up-to-date: /home/harsh/ros2_project/install/px4_msgs/include/px4_msgs/px4_msgs/msg/detail/estimator_status__rosidl_typesupport_fastrtps_cpp.hpp\n'}
[1.217899] (px4_msgs) StdoutLine: {'line': b'-- Up-to-date: /home/harsh/ros2_project/install/px4_msgs/include/px4_msgs/px4_msgs/msg/detail/irlock_report__rosidl_typesupport_fastrtps_cpp.hpp\n'}
[1.217940] (px4_msgs) StdoutLine: {'line': b'-- Up-to-date: /home/harsh/ros2_project/install/px4_msgs/include/px4_msgs/px4_msgs/msg/detail/pwm_input__rosidl_typesupport_fastrtps_cpp.hpp\n'}
[1.217980] (px4_msgs) StdoutLine: {'line': b'-- Up-to-date: /home/harsh/ros2_project/install/px4_msgs/include/px4_msgs/px4_msgs/msg/detail/gimbal_device_attitude_status__rosidl_typesupport_fastrtps_cpp.hpp\n'}
[1.218189] (px4_msgs) StdoutLine: {'line': b'-- Up-to-date: /home/harsh/ros2_project/install/px4_msgs/include/px4_msgs/px4_msgs/msg/detail/failsafe_flags__rosidl_typesupport_fastrtps_cpp.hpp\n'}
[1.218238] (px4_msgs) StdoutLine: {'line': b'-- Up-to-date: /home/harsh/ros2_project/install/px4_msgs/include/px4_msgs/px4_msgs/msg/detail/timesync_status__rosidl_typesupport_fastrtps_cpp.hpp\n'}
[1.218273] (px4_msgs) StdoutLine: {'line': b'-- Up-to-date: /home/harsh/ros2_project/install/px4_msgs/include/px4_msgs/px4_msgs/msg/detail/velocity_limits__rosidl_typesupport_fastrtps_cpp.hpp\n'}
[1.218306] (px4_msgs) StdoutLine: {'line': b'-- Up-to-date: /home/harsh/ros2_project/install/px4_msgs/include/px4_msgs/px4_msgs/msg/detail/action_request__rosidl_typesupport_fastrtps_cpp.hpp\n'}
[1.218337] (px4_msgs) StdoutLine: {'line': b'-- Up-to-date: /home/harsh/ros2_project/install/px4_msgs/include/px4_msgs/px4_msgs/msg/detail/vehicle_magnetometer__rosidl_typesupport_fastrtps_cpp.hpp\n'}
[1.218370] (px4_msgs) StdoutLine: {'line': b'-- Up-to-date: /home/harsh/ros2_project/install/px4_msgs/include/px4_msgs/px4_msgs/msg/detail/power_monitor__rosidl_typesupport_fastrtps_cpp.hpp\n'}
[1.218401] (px4_msgs) StdoutLine: {'line': b'-- Up-to-date: /home/harsh/ros2_project/install/px4_msgs/include/px4_msgs/px4_msgs/msg/detail/vehicle_control_mode__rosidl_typesupport_fastrtps_cpp.hpp\n'}
[1.218436] (px4_msgs) StdoutLine: {'line': b'-- Up-to-date: /home/harsh/ros2_project/install/px4_msgs/include/px4_msgs/px4_msgs/msg/detail/led_control__rosidl_typesupport_fastrtps_cpp.hpp\n'}
[1.218469] (px4_msgs) StdoutLine: {'line': b'-- Up-to-date: /home/harsh/ros2_project/install/px4_msgs/include/px4_msgs/px4_msgs/msg/detail/esc_report__rosidl_typesupport_fastrtps_cpp.hpp\n'}
[1.218500] (px4_msgs) StdoutLine: {'line': b'-- Up-to-date: /home/harsh/ros2_project/install/px4_msgs/include/px4_msgs/px4_msgs/msg/detail/vehicle_thrust_setpoint__rosidl_typesupport_fastrtps_cpp.hpp\n'}
[1.218531] (px4_msgs) StdoutLine: {'line': b'-- Up-to-date: /home/harsh/ros2_project/install/px4_msgs/include/px4_msgs/px4_msgs/msg/detail/vehicle_global_position__rosidl_typesupport_fastrtps_cpp.hpp\n'}
[1.218562] (px4_msgs) StdoutLine: {'line': b'-- Up-to-date: /home/harsh/ros2_project/install/px4_msgs/include/px4_msgs/px4_msgs/msg/detail/vehicle_torque_setpoint__rosidl_typesupport_fastrtps_cpp.hpp\n'}
[1.218594] (px4_msgs) StdoutLine: {'line': b'-- Up-to-date: /home/harsh/ros2_project/install/px4_msgs/include/px4_msgs/px4_msgs/msg/detail/manual_control_switches__rosidl_typesupport_fastrtps_cpp.hpp\n'}
[1.218625] (px4_msgs) StdoutLine: {'line': b'-- Up-to-date: /home/harsh/ros2_project/install/px4_msgs/include/px4_msgs/px4_msgs/msg/detail/vehicle_trajectory_bezier__rosidl_typesupport_fastrtps_cpp.hpp\n'}
[1.218657] (px4_msgs) StdoutLine: {'line': b'-- Up-to-date: /home/harsh/ros2_project/install/px4_msgs/include/px4_msgs/px4_msgs/msg/detail/system_power__rosidl_typesupport_fastrtps_cpp.hpp\n'}
[1.218689] (px4_msgs) StdoutLine: {'line': b'-- Up-to-date: /home/harsh/ros2_project/install/px4_msgs/include/px4_msgs/px4_msgs/msg/detail/iridiumsbd_status__rosidl_typesupport_fastrtps_cpp.hpp\n'}
[1.218721] (px4_msgs) StdoutLine: {'line': b'-- Up-to-date: /home/harsh/ros2_project/install/px4_msgs/include/px4_msgs/px4_msgs/msg/detail/orb_test_large__rosidl_typesupport_fastrtps_cpp.hpp\n'}
[1.218756] (px4_msgs) StdoutLine: {'line': b'-- Up-to-date: /home/harsh/ros2_project/install/px4_msgs/include/px4_msgs/px4_msgs/msg/detail/sensor_gyro_fft__rosidl_typesupport_fastrtps_cpp.hpp\n'}
[1.218806] (px4_msgs) StdoutLine: {'line': b'-- Up-to-date: /home/harsh/ros2_project/install/px4_msgs/include/px4_msgs/px4_msgs/msg/detail/vehicle_odometry__rosidl_typesupport_fastrtps_cpp.hpp\n'}
[1.218845] (px4_msgs) StdoutLine: {'line': b'-- Up-to-date: /home/harsh/ros2_project/install/px4_msgs/include/px4_msgs/px4_msgs/msg/detail/figure_eight_status__rosidl_typesupport_fastrtps_cpp.hpp\n'}
[1.218882] (px4_msgs) StdoutLine: {'line': b'-- Up-to-date: /home/harsh/ros2_project/install/px4_msgs/include/px4_msgs/px4_msgs/msg/detail/estimator_innovations__rosidl_typesupport_fastrtps_cpp.hpp\n'}
[1.218917] (px4_msgs) StdoutLine: {'line': b'-- Up-to-date: /home/harsh/ros2_project/install/px4_msgs/include/px4_msgs/px4_msgs/msg/detail/follow_target_status__rosidl_typesupport_fastrtps_cpp.hpp\n'}
[1.218952] (px4_msgs) StdoutLine: {'line': b'-- Up-to-date: /home/harsh/ros2_project/install/px4_msgs/include/px4_msgs/px4_msgs/msg/detail/actuator_armed__rosidl_typesupport_fastrtps_cpp.hpp\n'}
[1.218985] (px4_msgs) StdoutLine: {'line': b'-- Up-to-date: /home/harsh/ros2_project/install/px4_msgs/include/px4_msgs/px4_msgs/msg/detail/wheel_encoders__rosidl_typesupport_fastrtps_cpp.hpp\n'}
[1.219035] (px4_msgs) StdoutLine: {'line': b'-- Up-to-date: /home/harsh/ros2_project/install/px4_msgs/include/px4_msgs/px4_msgs/msg/detail/qshell_req__rosidl_typesupport_fastrtps_cpp.hpp\n'}
[1.219074] (px4_msgs) StdoutLine: {'line': b'-- Up-to-date: /home/harsh/ros2_project/install/px4_msgs/include/px4_msgs/px4_msgs/msg/detail/rate_ctrl_status__rosidl_typesupport_fastrtps_cpp.hpp\n'}
[1.219110] (px4_msgs) StdoutLine: {'line': b'-- Up-to-date: /home/harsh/ros2_project/install/px4_msgs/include/px4_msgs/px4_msgs/msg/detail/satellite_info__rosidl_typesupport_fastrtps_cpp.hpp\n'}
[1.219151] (px4_msgs) StdoutLine: {'line': b'-- Up-to-date: /home/harsh/ros2_project/install/px4_msgs/include/px4_msgs/px4_msgs/msg/detail/gpio_out__rosidl_typesupport_fastrtps_cpp.hpp\n'}
[1.219189] (px4_msgs) StdoutLine: {'line': b'-- Up-to-date: /home/harsh/ros2_project/install/px4_msgs/include/px4_msgs/px4_msgs/msg/detail/sensor_hygrometer__rosidl_typesupport_fastrtps_cpp.hpp\n'}
[1.219225] (px4_msgs) StdoutLine: {'line': b'-- Up-to-date: /home/harsh/ros2_project/install/px4_msgs/include/px4_msgs/px4_msgs/msg/detail/mission__rosidl_typesupport_fastrtps_cpp.hpp\n'}
[1.219261] (px4_msgs) StdoutLine: {'line': b'-- Up-to-date: /home/harsh/ros2_project/install/px4_msgs/include/px4_msgs/px4_msgs/msg/detail/actuator_servos_trim__rosidl_typesupport_fastrtps_cpp.hpp\n'}
[1.219304] (px4_msgs) StdoutLine: {'line': b'-- Up-to-date: /home/harsh/ros2_project/install/px4_msgs/include/px4_msgs/px4_msgs/msg/detail/gimbal_manager_information__rosidl_typesupport_fastrtps_cpp.hpp\n'}
[1.219346] (px4_msgs) StdoutLine: {'line': b'-- Up-to-date: /home/harsh/ros2_project/install/px4_msgs/include/px4_msgs/px4_msgs/msg/detail/vehicle_rates_setpoint__rosidl_typesupport_fastrtps_cpp.hpp\n'}
[1.219389] (px4_msgs) StdoutLine: {'line': b'-- Up-to-date: /home/harsh/ros2_project/install/px4_msgs/include/px4_msgs/px4_msgs/msg/detail/estimator_bias3d__rosidl_typesupport_fastrtps_cpp.hpp\n'}
[1.219462] (px4_msgs) StdoutLine: {'line': b'-- Up-to-date: /home/harsh/ros2_project/install/px4_msgs/include/px4_msgs/px4_msgs/msg/detail/mount_orientation__rosidl_typesupport_fastrtps_cpp.hpp\n'}
[1.219505] (px4_msgs) StdoutLine: {'line': b'-- Up-to-date: /home/harsh/ros2_project/install/px4_msgs/include/px4_msgs/px4_msgs/msg/detail/gimbal_manager_set_manual_control__rosidl_typesupport_fastrtps_cpp.hpp\n'}
[1.219547] (px4_msgs) StdoutLine: {'line': b'-- Up-to-date: /home/harsh/ros2_project/install/px4_msgs/include/px4_msgs/px4_msgs/msg/detail/trajectory_waypoint__rosidl_typesupport_fastrtps_cpp.hpp\n'}
[1.219590] (px4_msgs) StdoutLine: {'line': b'-- Up-to-date: /home/harsh/ros2_project/install/px4_msgs/include/px4_msgs/px4_msgs/msg/detail/estimator_bias__rosidl_typesupport_fastrtps_cpp.hpp\n'}
[1.219629] (px4_msgs) StdoutLine: {'line': b'-- Up-to-date: /home/harsh/ros2_project/install/px4_msgs/include/px4_msgs/px4_msgs/msg/detail/vehicle_acceleration__rosidl_typesupport_fastrtps_cpp.hpp\n'}
[1.219665] (px4_msgs) StdoutLine: {'line': b'-- Up-to-date: /home/harsh/ros2_project/install/px4_msgs/include/px4_msgs/px4_msgs/msg/detail/sensor_optical_flow__rosidl_typesupport_fastrtps_cpp.hpp\n'}
[1.219703] (px4_msgs) StdoutLine: {'line': b'-- Up-to-date: /home/harsh/ros2_project/install/px4_msgs/include/px4_msgs/px4_msgs/msg/detail/generator_status__rosidl_typesupport_fastrtps_cpp.hpp\n'}
[1.219752] (px4_msgs) StdoutLine: {'line': b'-- Up-to-date: /home/harsh/ros2_project/install/px4_msgs/include/px4_msgs/px4_msgs/msg/detail/sensor_correction__rosidl_typesupport_fastrtps_cpp.hpp\n'}
[1.219792] (px4_msgs) StdoutLine: {'line': b'-- Up-to-date: /home/harsh/ros2_project/install/px4_msgs/include/px4_msgs/px4_msgs/msg/detail/orbit_status__rosidl_typesupport_fastrtps_cpp.hpp\n'}
[1.219855] (px4_msgs) StdoutLine: {'line': b'-- Up-to-date: /home/harsh/ros2_project/install/px4_msgs/include/px4_msgs/px4_msgs/msg/detail/sensors_status__rosidl_typesupport_fastrtps_cpp.hpp\n'}
[1.219939] (px4_msgs) StdoutLine: {'line': b'-- Up-to-date: /home/harsh/ros2_project/install/px4_msgs/include/px4_msgs/px4_msgs/msg/detail/gimbal_device_set_attitude__rosidl_typesupport_fastrtps_cpp.hpp\n'}
[1.219986] (px4_msgs) StdoutLine: {'line': b'-- Up-to-date: /home/harsh/ros2_project/install/px4_msgs/include/px4_msgs/px4_msgs/msg/detail/hover_thrust_estimate__rosidl_typesupport_fastrtps_cpp.hpp\n'}
[1.220047] (px4_msgs) StdoutLine: {'line': b'-- Up-to-date: /home/harsh/ros2_project/install/px4_msgs/include/px4_msgs/px4_msgs/msg/detail/differential_pressure__rosidl_typesupport_fastrtps_cpp.hpp\n'}
[1.220086] (px4_msgs) StdoutLine: {'line': b'-- Up-to-date: /home/harsh/ros2_project/install/px4_msgs/include/px4_msgs/px4_msgs/msg/detail/debug_key_value__rosidl_typesupport_fastrtps_cpp.hpp\n'}
[1.220121] (px4_msgs) StdoutLine: {'line': b'-- Up-to-date: /home/harsh/ros2_project/install/px4_msgs/include/px4_msgs/px4_msgs/msg/detail/follow_target_estimator__rosidl_typesupport_fastrtps_cpp.hpp\n'}
[1.220156] (px4_msgs) StdoutLine: {'line': b'-- Up-to-date: /home/harsh/ros2_project/install/px4_msgs/include/px4_msgs/px4_msgs/msg/detail/esc_status__rosidl_typesupport_fastrtps_cpp.hpp\n'}
[1.220195] (px4_msgs) StdoutLine: {'line': b'-- Up-to-date: /home/harsh/ros2_project/install/px4_msgs/include/px4_msgs/px4_msgs/msg/detail/sensor_selection__rosidl_typesupport_fastrtps_cpp.hpp\n'}
[1.220235] (px4_msgs) StdoutLine: {'line': b'-- Up-to-date: /home/harsh/ros2_project/install/px4_msgs/include/px4_msgs/px4_msgs/msg/detail/launch_detection_status__rosidl_typesupport_fastrtps_cpp.hpp\n'}
[1.220301] (px4_msgs) StdoutLine: {'line': b'-- Up-to-date: /home/harsh/ros2_project/install/px4_msgs/include/px4_msgs/px4_msgs/msg/detail/estimator_states__rosidl_typesupport_fastrtps_cpp.hpp\n'}
[1.220368] (px4_msgs) StdoutLine: {'line': b'-- Up-to-date: /home/harsh/ros2_project/install/px4_msgs/include/px4_msgs/px4_msgs/msg/detail/vehicle_attitude__rosidl_typesupport_fastrtps_cpp.hpp\n'}
[1.220436] (px4_msgs) StdoutLine: {'line': b'-- Up-to-date: /home/harsh/ros2_project/install/px4_msgs/include/px4_msgs/px4_msgs/msg/detail/airspeed__rosidl_typesupport_fastrtps_cpp.hpp\n'}
[1.220484] (px4_msgs) StdoutLine: {'line': b'-- Up-to-date: /home/harsh/ros2_project/install/px4_msgs/include/px4_msgs/px4_msgs/msg/detail/dataman_response__rosidl_typesupport_fastrtps_cpp.hpp\n'}
[1.220532] (px4_msgs) StdoutLine: {'line': b'-- Up-to-date: /home/harsh/ros2_project/install/px4_msgs/include/px4_msgs/px4_msgs/msg/detail/tune_control__rosidl_typesupport_fastrtps_cpp.hpp\n'}
[1.220581] (px4_msgs) StdoutLine: {'line': b'-- Up-to-date: /home/harsh/ros2_project/install/px4_msgs/include/px4_msgs/px4_msgs/msg/detail/config_overrides__rosidl_typesupport_fastrtps_cpp.hpp\n'}
[1.220631] (px4_msgs) StdoutLine: {'line': b'-- Up-to-date: /home/harsh/ros2_project/install/px4_msgs/include/px4_msgs/px4_msgs/msg/detail/gps_dump__rosidl_typesupport_fastrtps_cpp.hpp\n'}
[1.220680] (px4_msgs) StdoutLine: {'line': b'-- Up-to-date: /home/harsh/ros2_project/install/px4_msgs/include/px4_msgs/px4_msgs/msg/detail/vehicle_trajectory_waypoint__rosidl_typesupport_fastrtps_cpp.hpp\n'}
[1.220731] (px4_msgs) StdoutLine: {'line': b'-- Up-to-date: /home/harsh/ros2_project/install/px4_msgs/include/px4_msgs/px4_msgs/msg/detail/geofence_result__rosidl_typesupport_fastrtps_cpp.hpp\n'}
[1.220780] (px4_msgs) StdoutLine: {'line': b'-- Up-to-date: /home/harsh/ros2_project/install/px4_msgs/include/px4_msgs/px4_msgs/msg/detail/gpio_config__rosidl_typesupport_fastrtps_cpp.hpp\n'}
[1.221206] (px4_msgs) StdoutLine: {'line': b'-- Up-to-date: /home/harsh/ros2_project/install/px4_msgs/include/px4_msgs/px4_msgs/msg/detail/autotune_attitude_control_status__rosidl_typesupport_fastrtps_cpp.hpp\n'}
[1.221271] (px4_msgs) StdoutLine: {'line': b'-- Up-to-date: /home/harsh/ros2_project/install/px4_msgs/include/px4_msgs/px4_msgs/msg/detail/actuator_test__rosidl_typesupport_fastrtps_cpp.hpp\n'}
[1.221313] (px4_msgs) StdoutLine: {'line': b'-- Up-to-date: /home/harsh/ros2_project/install/px4_msgs/include/px4_msgs/px4_msgs/msg/detail/estimator_sensor_bias__rosidl_typesupport_fastrtps_cpp.hpp\n'}
[1.221350] (px4_msgs) StdoutLine: {'line': b'-- Up-to-date: /home/harsh/ros2_project/install/px4_msgs/include/px4_msgs/px4_msgs/msg/detail/airspeed_wind__rosidl_typesupport_fastrtps_cpp.hpp\n'}
[1.221388] (px4_msgs) StdoutLine: {'line': b'-- Up-to-date: /home/harsh/ros2_project/install/px4_msgs/include/px4_msgs/px4_msgs/msg/detail/position_setpoint__rosidl_typesupport_fastrtps_cpp.hpp\n'}
[1.221425] (px4_msgs) StdoutLine: {'line': b'-- Up-to-date: /home/harsh/ros2_project/install/px4_msgs/include/px4_msgs/px4_msgs/msg/detail/camera_trigger__rosidl_typesupport_fastrtps_cpp.hpp\n'}
[1.221462] (px4_msgs) StdoutLine: {'line': b'-- Up-to-date: /home/harsh/ros2_project/install/px4_msgs/include/px4_msgs/px4_msgs/msg/detail/parameter_update__rosidl_typesupport_fastrtps_cpp.hpp\n'}
[1.221498] (px4_msgs) StdoutLine: {'line': b'-- Up-to-date: /home/harsh/ros2_project/install/px4_msgs/include/px4_msgs/px4_msgs/msg/detail/yaw_estimator_status__rosidl_typesupport_fastrtps_cpp.hpp\n'}
[1.221533] (px4_msgs) StdoutLine: {'line': b'-- Up-to-date: /home/harsh/ros2_project/install/px4_msgs/include/px4_msgs/px4_msgs/msg/detail/normalized_unsigned_setpoint__rosidl_typesupport_fastrtps_cpp.hpp\n'}
[1.221570] (px4_msgs) StdoutLine: {'line': b'-- Up-to-date: /home/harsh/ros2_project/install/px4_msgs/include/px4_msgs/px4_msgs/msg/detail/tecs_status__rosidl_typesupport_fastrtps_cpp.hpp\n'}
[1.221605] (px4_msgs) StdoutLine: {'line': b'-- Up-to-date: /home/harsh/ros2_project/install/px4_msgs/include/px4_msgs/px4_msgs/msg/detail/uavcan_parameter_value__rosidl_typesupport_fastrtps_cpp.hpp\n'}
[1.221642] (px4_msgs) StdoutLine: {'line': b'-- Up-to-date: /home/harsh/ros2_project/install/px4_msgs/include/px4_msgs/px4_msgs/msg/detail/vehicle_roi__rosidl_typesupport_fastrtps_cpp.hpp\n'}
[1.221677] (px4_msgs) StdoutLine: {'line': b'-- Up-to-date: /home/harsh/ros2_project/install/px4_msgs/include/px4_msgs/px4_msgs/msg/detail/rtl_time_estimate__rosidl_typesupport_fastrtps_cpp.hpp\n'}
[1.221741] (px4_msgs) StdoutLine: {'line': b'-- Up-to-date: /home/harsh/ros2_project/install/px4_msgs/include/px4_msgs/px4_msgs/msg/detail/estimator_aid_source2d__rosidl_typesupport_fastrtps_cpp.hpp\n'}
[1.221783] (px4_msgs) StdoutLine: {'line': b'-- Up-to-date: /home/harsh/ros2_project/install/px4_msgs/include/px4_msgs/px4_msgs/msg/detail/debug_value__rosidl_typesupport_fastrtps_cpp.hpp\n'}
[1.221845] (px4_msgs) StdoutLine: {'line': b'-- Up-to-date: /home/harsh/ros2_project/install/px4_msgs/include/px4_msgs/px4_msgs/msg/detail/parameter_reset_request__rosidl_typesupport_fastrtps_cpp.hpp\n'}
[1.221892] (px4_msgs) StdoutLine: {'line': b'-- Up-to-date: /home/harsh/ros2_project/install/px4_msgs/include/px4_msgs/px4_msgs/msg/detail/register_ext_component_request__rosidl_typesupport_fastrtps_cpp.hpp\n'}
[1.221959] (px4_msgs) StdoutLine: {'line': b'-- Up-to-date: /home/harsh/ros2_project/install/px4_msgs/include/px4_msgs/px4_msgs/msg/detail/vehicle_angular_velocity__rosidl_typesupport_fastrtps_cpp.hpp\n'}
[1.221998] (px4_msgs) StdoutLine: {'line': b'-- Up-to-date: /home/harsh/ros2_project/install/px4_msgs/include/px4_msgs/px4_msgs/msg/detail/dds_fastrtps\n'}
[1.222050] (px4_msgs) StdoutLine: {'line': b'-- Up-to-date: /home/harsh/ros2_project/install/px4_msgs/include/px4_msgs/px4_msgs/msg/detail/actuator_motors__rosidl_typesupport_fastrtps_cpp.hpp\n'}
[1.222090] (px4_msgs) StdoutLine: {'line': b'-- Up-to-date: /home/harsh/ros2_project/install/px4_msgs/include/px4_msgs/px4_msgs/msg/detail/vehicle_imu__rosidl_typesupport_fastrtps_cpp.hpp\n'}
[1.222128] (px4_msgs) StdoutLine: {'line': b'-- Up-to-date: /home/harsh/ros2_project/install/px4_msgs/include/px4_msgs/px4_msgs/msg/detail/position_controller_landing_status__rosidl_typesupport_fastrtps_cpp.hpp\n'}
[1.222165] (px4_msgs) StdoutLine: {'line': b'-- Up-to-date: /home/harsh/ros2_project/install/px4_msgs/include/px4_msgs/px4_msgs/msg/detail/heater_status__rosidl_typesupport_fastrtps_cpp.hpp\n'}
[1.222203] (px4_msgs) StdoutLine: {'line': b'-- Up-to-date: /home/harsh/ros2_project/install/px4_msgs/include/px4_msgs/px4_msgs/msg/detail/can_interface_status__rosidl_typesupport_fastrtps_cpp.hpp\n'}
[1.222240] (px4_msgs) StdoutLine: {'line': b'-- Up-to-date: /home/harsh/ros2_project/install/px4_msgs/include/px4_msgs/px4_msgs/msg/detail/transponder_report__rosidl_typesupport_fastrtps_cpp.hpp\n'}
[1.222279] (px4_msgs) StdoutLine: {'line': b'-- Up-to-date: /home/harsh/ros2_project/install/px4_msgs/include/px4_msgs/px4_msgs/msg/detail/follow_target__rosidl_typesupport_fastrtps_cpp.hpp\n'}
[1.222317] (px4_msgs) StdoutLine: {'line': b'-- Up-to-date: /home/harsh/ros2_project/install/px4_msgs/include/px4_msgs/px4_msgs/msg/detail/internal_combustion_engine_status__rosidl_typesupport_fastrtps_cpp.hpp\n'}
[1.222361] (px4_msgs) StdoutLine: {'line': b'-- Up-to-date: /home/harsh/ros2_project/install/px4_msgs/include/px4_msgs/px4_msgs/msg/detail/sensor_gnss_relative__rosidl_typesupport_fastrtps_cpp.hpp\n'}
[1.222400] (px4_msgs) StdoutLine: {'line': b'-- Up-to-date: /home/harsh/ros2_project/install/px4_msgs/include/px4_msgs/px4_msgs/msg/detail/landing_target_pose__rosidl_typesupport_fastrtps_cpp.hpp\n'}
[1.222460] (px4_msgs) StdoutLine: {'line': b'-- Up-to-date: /home/harsh/ros2_project/install/px4_msgs/include/px4_msgs/px4_msgs/msg/detail/wind__rosidl_typesupport_fastrtps_cpp.hpp\n'}
[1.222663] (px4_msgs) StdoutLine: {'line': b'-- Up-to-date: /home/harsh/ros2_project/install/px4_msgs/include/px4_msgs/px4_msgs/msg/detail/actuator_servos__rosidl_typesupport_fastrtps_cpp.hpp\n'}
[1.222716] (px4_msgs) StdoutLine: {'line': b'-- Up-to-date: /home/harsh/ros2_project/install/px4_msgs/include/px4_msgs/px4_msgs/msg/detail/estimator_gps_status__rosidl_typesupport_fastrtps_cpp.hpp\n'}
[1.222762] (px4_msgs) StdoutLine: {'line': b'-- Up-to-date: /home/harsh/ros2_project/install/px4_msgs/include/px4_msgs/px4_msgs/msg/detail/vehicle_command_ack__rosidl_typesupport_fastrtps_cpp.hpp\n'}
[1.222808] (px4_msgs) StdoutLine: {'line': b'-- Up-to-date: /home/harsh/ros2_project/install/px4_msgs/include/px4_msgs/px4_msgs/msg/detail/event__rosidl_typesupport_fastrtps_cpp.hpp\n'}
[1.222853] (px4_msgs) StdoutLine: {'line': b'-- Up-to-date: /home/harsh/ros2_project/install/px4_msgs/include/px4_msgs/px4_msgs/msg/detail/vehicle_imu_status__rosidl_typesupport_fastrtps_cpp.hpp\n'}
[1.222898] (px4_msgs) StdoutLine: {'line': b'-- Up-to-date: /home/harsh/ros2_project/install/px4_msgs/include/px4_msgs/px4_msgs/msg/detail/radio_status__rosidl_typesupport_fastrtps_cpp.hpp\n'}
[1.222953] (px4_msgs) StdoutLine: {'line': b'-- Up-to-date: /home/harsh/ros2_project/install/px4_msgs/include/px4_msgs/px4_msgs/msg/detail/estimator_event_flags__rosidl_typesupport_fastrtps_cpp.hpp\n'}
[1.223043] (px4_msgs) StdoutLine: {'line': b'-- Up-to-date: /home/harsh/ros2_project/install/px4_msgs/include/px4_msgs/px4_msgs/msg/detail/magnetometer_bias_estimate__rosidl_typesupport_fastrtps_cpp.hpp\n'}
[1.223213] (px4_msgs) StdoutLine: {'line': b'-- Up-to-date: /home/harsh/ros2_project/install/px4_msgs/include/px4_msgs/px4_msgs/msg/detail/gps_inject_data__rosidl_typesupport_fastrtps_cpp.hpp\n'}
[1.223337] (px4_msgs) StdoutLine: {'line': b'-- Up-to-date: /home/harsh/ros2_project/install/px4_msgs/include/px4_msgs/px4_msgs/msg/detail/cpuload__rosidl_typesupport_fastrtps_cpp.hpp\n'}
[1.223419] (px4_msgs) StdoutLine: {'line': b'-- Up-to-date: /home/harsh/ros2_project/install/px4_msgs/include/px4_msgs/px4_msgs/msg/detail/rtl_status__rosidl_typesupport_fastrtps_cpp.hpp\n'}
[1.223563] (px4_msgs) StdoutLine: {'line': b'-- Up-to-date: /home/harsh/ros2_project/install/px4_msgs/include/px4_msgs/px4_msgs/msg/detail/vehicle_optical_flow__rosidl_typesupport_fastrtps_cpp.hpp\n'}
[1.223629] (px4_msgs) StdoutLine: {'line': b'-- Up-to-date: /home/harsh/ros2_project/install/px4_msgs/include/px4_msgs/px4_msgs/msg/detail/mission_result__rosidl_typesupport_fastrtps_cpp.hpp\n'}
[1.223709] (px4_msgs) StdoutLine: {'line': b'-- Up-to-date: /home/harsh/ros2_project/install/px4_msgs/include/px4_msgs/px4_msgs/msg/detail/estimator_aid_source3d__rosidl_typesupport_fastrtps_cpp.hpp\n'}
[1.223755] (px4_msgs) StdoutLine: {'line': b'-- Up-to-date: /home/harsh/ros2_project/install/px4_msgs/include/px4_msgs/px4_msgs/msg/detail/mag_worker_data__rosidl_typesupport_fastrtps_cpp.hpp\n'}
[1.223809] (px4_msgs) StdoutLine: {'line': b'-- Up-to-date: /home/harsh/ros2_project/install/px4_msgs/include/px4_msgs/px4_msgs/msg/detail/pps_capture__rosidl_typesupport_fastrtps_cpp.hpp\n'}
[1.223846] (px4_msgs) StdoutLine: {'line': b'-- Up-to-date: /home/harsh/ros2_project/install/px4_msgs/include/px4_msgs/px4_msgs/msg/detail/orb_test_medium__rosidl_typesupport_fastrtps_cpp.hpp\n'}
[1.223876] (px4_msgs) StdoutLine: {'line': b'-- Up-to-date: /home/harsh/ros2_project/install/px4_msgs/include/px4_msgs/px4_msgs/msg/detail/ekf2_timestamps__rosidl_typesupport_fastrtps_cpp.hpp\n'}
[1.223906] (px4_msgs) StdoutLine: {'line': b'-- Up-to-date: /home/harsh/ros2_project/install/px4_msgs/include/px4_msgs/px4_msgs/msg/detail/uavcan_parameter_request__rosidl_typesupport_fastrtps_cpp.hpp\n'}
[1.223973] (px4_msgs) StdoutLine: {'line': b'-- Up-to-date: /home/harsh/ros2_project/install/px4_msgs/include/px4_msgs/px4_msgs/msg/detail/arming_check_reply__rosidl_typesupport_fastrtps_cpp.hpp\n'}
[1.224002] (px4_msgs) StdoutLine: {'line': b'-- Up-to-date: /home/harsh/ros2_project/install/px4_msgs/include/px4_msgs/px4_msgs/msg/detail/ulog_stream_ack__rosidl_typesupport_fastrtps_cpp.hpp\n'}
[1.224044] (px4_msgs) StdoutLine: {'line': b'-- Up-to-date: /home/harsh/ros2_project/install/px4_msgs/include/px4_msgs/px4_msgs/msg/detail/ping__rosidl_typesupport_fastrtps_cpp.hpp\n'}
[1.224083] (px4_msgs) StdoutLine: {'line': b'-- Up-to-date: /home/harsh/ros2_project/install/px4_msgs/include/px4_msgs/px4_msgs/msg/detail/estimator_status_flags__rosidl_typesupport_fastrtps_cpp.hpp\n'}
[1.224113] (px4_msgs) StdoutLine: {'line': b'-- Up-to-date: /home/harsh/ros2_project/install/px4_msgs/include/px4_msgs/px4_msgs/msg/detail/gpio_in__rosidl_typesupport_fastrtps_cpp.hpp\n'}
[1.224144] (px4_msgs) StdoutLine: {'line': b'-- Up-to-date: /home/harsh/ros2_project/install/px4_msgs/include/px4_msgs/px4_msgs/msg/detail/landing_gear__rosidl_typesupport_fastrtps_cpp.hpp\n'}
[1.224190] (px4_msgs) StdoutLine: {'line': b'-- Up-to-date: /home/harsh/ros2_project/install/px4_msgs/include/px4_msgs/px4_msgs/msg/detail/debug_vect__rosidl_typesupport_fastrtps_cpp.hpp\n'}
[1.224220] (px4_msgs) StdoutLine: {'line': b'-- Up-to-date: /home/harsh/ros2_project/install/px4_msgs/include/px4_msgs/px4_msgs/msg/detail/gimbal_manager_set_attitude__rosidl_typesupport_fastrtps_cpp.hpp\n'}
[1.224249] (px4_msgs) StdoutLine: {'line': b'-- Up-to-date: /home/harsh/ros2_project/install/px4_msgs/include/px4_msgs/px4_msgs/msg/detail/mode_completed__rosidl_typesupport_fastrtps_cpp.hpp\n'}
[1.224278] (px4_msgs) StdoutLine: {'line': b'-- Up-to-date: /home/harsh/ros2_project/install/px4_msgs/include/px4_msgs/px4_msgs/msg/detail/vehicle_command__rosidl_typesupport_fastrtps_cpp.hpp\n'}
[1.224308] (px4_msgs) StdoutLine: {'line': b'-- Up-to-date: /home/harsh/ros2_project/install/px4_msgs/include/px4_msgs/px4_msgs/msg/detail/log_message__rosidl_typesupport_fastrtps_cpp.hpp\n'}
[1.224337] (px4_msgs) StdoutLine: {'line': b'-- Up-to-date: /home/harsh/ros2_project/install/px4_msgs/include/px4_msgs/px4_msgs/msg/detail/tiltrotor_extra_controls__rosidl_typesupport_fastrtps_cpp.hpp\n'}
[1.224381] (px4_msgs) StdoutLine: {'line': b'-- Up-to-date: /home/harsh/ros2_project/install/px4_msgs/include/px4_msgs/px4_msgs/msg/detail/telemetry_status__rosidl_typesupport_fastrtps_cpp.hpp\n'}
[1.224428] (px4_msgs) StdoutLine: {'line': b'-- Up-to-date: /home/harsh/ros2_project/install/px4_msgs/include/px4_msgs/px4_msgs/msg/detail/takeoff_status__rosidl_typesupport_fastrtps_cpp.hpp\n'}
[1.224477] (px4_msgs) StdoutLine: {'line': b'-- Up-to-date: /home/harsh/ros2_project/install/px4_msgs/include/px4_msgs/px4_msgs/msg/detail/sensor_airflow__rosidl_typesupport_fastrtps_cpp.hpp\n'}
[1.224532] (px4_msgs) StdoutLine: {'line': b'-- Up-to-date: /home/harsh/ros2_project/install/px4_msgs/include/px4_msgs/px4_msgs/msg/detail/orb_test__rosidl_typesupport_fastrtps_cpp.hpp\n'}
[1.224606] (px4_msgs) StdoutLine: {'line': b'-- Up-to-date: /home/harsh/ros2_project/install/px4_msgs/include/px4_msgs/px4_msgs/msg/detail/unregister_ext_component__rosidl_typesupport_fastrtps_cpp.hpp\n'}
[1.224918] (px4_msgs) StdoutLine: {'line': b'-- Up-to-date: /home/harsh/ros2_project/install/px4_msgs/include/px4_msgs/px4_msgs/msg/detail/adc_report__rosidl_typesupport_fastrtps_cpp.hpp\n'}
[1.225220] (px4_msgs) StdoutLine: {'line': b'-- Up-to-date: /home/harsh/ros2_project/install/px4_msgs/include/px4_msgs/px4_msgs/msg/detail/gpio_request__rosidl_typesupport_fastrtps_cpp.hpp\n'}
[1.225390] (px4_msgs) StdoutLine: {'line': b'-- Up-to-date: /home/harsh/ros2_project/install/px4_msgs/include/px4_msgs/px4_msgs/msg/detail/vehicle_local_position_setpoint__rosidl_typesupport_fastrtps_cpp.hpp\n'}
[1.225591] (px4_msgs) StdoutLine: {'line': b'-- Up-to-date: /home/harsh/ros2_project/install/px4_msgs/include/px4_msgs/px4_msgs/msg/detail/battery_status__rosidl_typesupport_fastrtps_cpp.hpp\n'}
[1.225740] (px4_msgs) StdoutLine: {'line': b'-- Up-to-date: /home/harsh/ros2_project/install/px4_msgs/include/px4_msgs/px4_msgs/srv\n'}
[1.225885] (px4_msgs) StdoutLine: {'line': b'-- Up-to-date: /home/harsh/ros2_project/install/px4_msgs/include/px4_msgs/px4_msgs/srv/detail\n'}
[1.226050] (px4_msgs) StdoutLine: {'line': b'-- Up-to-date: /home/harsh/ros2_project/install/px4_msgs/include/px4_msgs/px4_msgs/srv/detail/dds_fastrtps\n'}
[1.226244] (px4_msgs) StdoutLine: {'line': b'-- Up-to-date: /home/harsh/ros2_project/install/px4_msgs/include/px4_msgs/px4_msgs/srv/detail/vehicle_command__rosidl_typesupport_fastrtps_cpp.hpp\n'}
[1.226391] (px4_msgs) StdoutLine: {'line': b'-- Up-to-date: /home/harsh/ros2_project/install/px4_msgs/lib/libpx4_msgs__rosidl_typesupport_fastrtps_cpp.so\n'}
[1.226537] (px4_msgs) StdoutLine: {'line': b'-- Up-to-date: /home/harsh/ros2_project/install/px4_msgs/include/px4_msgs/px4_msgs\n'}
[1.226679] (px4_msgs) StdoutLine: {'line': b'-- Up-to-date: /home/harsh/ros2_project/install/px4_msgs/include/px4_msgs/px4_msgs/msg\n'}
[1.226817] (px4_msgs) StdoutLine: {'line': b'-- Up-to-date: /home/harsh/ros2_project/install/px4_msgs/include/px4_msgs/px4_msgs/msg/rosidl_typesupport_introspection_c__visibility_control.h\n'}
[1.226957] (px4_msgs) StdoutLine: {'line': b'-- Up-to-date: /home/harsh/ros2_project/install/px4_msgs/include/px4_msgs/px4_msgs/msg/detail\n'}
[1.227148] (px4_msgs) StdoutLine: {'line': b'-- Up-to-date: /home/harsh/ros2_project/install/px4_msgs/include/px4_msgs/px4_msgs/msg/detail/hover_thrust_estimate__rosidl_typesupport_introspection_c.h\n'}
[1.227292] (px4_msgs) StdoutLine: {'line': b'-- Up-to-date: /home/harsh/ros2_project/install/px4_msgs/include/px4_msgs/px4_msgs/msg/detail/wind__rosidl_typesupport_introspection_c.h\n'}
[1.227427] (px4_msgs) StdoutLine: {'line': b'-- Installing: /home/harsh/ros2_project/install/px4_msgs/include/px4_msgs/px4_msgs/msg/detail/vehicle_magnetometer__type_support.c\n'}
[1.227556] (px4_msgs) StdoutLine: {'line': b'-- Installing: /home/harsh/ros2_project/install/px4_msgs/include/px4_msgs/px4_msgs/msg/detail/dataman_response__type_support.c\n'}
[1.227686] (px4_msgs) StdoutLine: {'line': b'-- Installing: /home/harsh/ros2_project/install/px4_msgs/include/px4_msgs/px4_msgs/msg/detail/sensor_gyro_fifo__type_support.c\n'}
[1.227816] (px4_msgs) StdoutLine: {'line': b'-- Up-to-date: /home/harsh/ros2_project/install/px4_msgs/include/px4_msgs/px4_msgs/msg/detail/obstacle_distance__rosidl_typesupport_introspection_c.h\n'}
[1.227983] (px4_msgs) StdoutLine: {'line': b'-- Up-to-date: /home/harsh/ros2_project/install/px4_msgs/include/px4_msgs/px4_msgs/msg/detail/gps_inject_data__rosidl_typesupport_introspection_c.h\n'}
[1.228165] (px4_msgs) StdoutLine: {'line': b'-- Up-to-date: /home/harsh/ros2_project/install/px4_msgs/include/px4_msgs/px4_msgs/msg/detail/actuator_controls_status__rosidl_typesupport_introspection_c.h\n'}
[1.228331] (px4_msgs) StdoutLine: {'line': b'-- Installing: /home/harsh/ros2_project/install/px4_msgs/include/px4_msgs/px4_msgs/msg/detail/sensor_accel__type_support.c\n'}
[1.228470] (px4_msgs) StdoutLine: {'line': b'-- Up-to-date: /home/harsh/ros2_project/install/px4_msgs/include/px4_msgs/px4_msgs/msg/detail/rtl_status__rosidl_typesupport_introspection_c.h\n'}
[1.228605] (px4_msgs) StdoutLine: {'line': b'-- Up-to-date: /home/harsh/ros2_project/install/px4_msgs/include/px4_msgs/px4_msgs/msg/detail/estimator_aid_source2d__rosidl_typesupport_introspection_c.h\n'}
[1.228742] (px4_msgs) StdoutLine: {'line': b'-- Installing: /home/harsh/ros2_project/install/px4_msgs/include/px4_msgs/px4_msgs/msg/detail/goto_setpoint__type_support.c\n'}
[1.228870] (px4_msgs) StdoutLine: {'line': b'-- Installing: /home/harsh/ros2_project/install/px4_msgs/include/px4_msgs/px4_msgs/msg/detail/power_monitor__type_support.c\n'}
[1.228992] (px4_msgs) StdoutLine: {'line': b'-- Up-to-date: /home/harsh/ros2_project/install/px4_msgs/include/px4_msgs/px4_msgs/msg/detail/parameter_set_value_response__rosidl_typesupport_introspection_c.h\n'}
[1.229192] (px4_msgs) StdoutLine: {'line': b'-- Up-to-date: /home/harsh/ros2_project/install/px4_msgs/include/px4_msgs/px4_msgs/msg/detail/pwm_input__rosidl_typesupport_introspection_c.h\n'}
[1.229318] (px4_msgs) StdoutLine: {'line': b'-- Installing: /home/harsh/ros2_project/install/px4_msgs/include/px4_msgs/px4_msgs/msg/detail/sensor_mag__type_support.c\n'}
[1.229440] (px4_msgs) StdoutLine: {'line': b'-- Installing: /home/harsh/ros2_project/install/px4_msgs/include/px4_msgs/px4_msgs/msg/detail/mode_completed__type_support.c\n'}
[1.229574] (px4_msgs) StdoutLine: {'line': b'-- Installing: /home/harsh/ros2_project/install/px4_msgs/include/px4_msgs/px4_msgs/msg/detail/sensors_status_imu__type_support.c\n'}
[1.229701] (px4_msgs) StdoutLine: {'line': b'-- Up-to-date: /home/harsh/ros2_project/install/px4_msgs/include/px4_msgs/px4_msgs/msg/detail/led_control__rosidl_typesupport_introspection_c.h\n'}
[1.229819] (px4_msgs) StdoutLine: {'line': b'-- Installing: /home/harsh/ros2_project/install/px4_msgs/include/px4_msgs/px4_msgs/msg/detail/wind__type_support.c\n'}
[1.229980] (px4_msgs) StdoutLine: {'line': b'-- Up-to-date: /home/harsh/ros2_project/install/px4_msgs/include/px4_msgs/px4_msgs/msg/detail/vehicle_trajectory_waypoint__rosidl_typesupport_introspection_c.h\n'}
[1.230149] (px4_msgs) StdoutLine: {'line': b'-- Up-to-date: /home/harsh/ros2_project/install/px4_msgs/include/px4_msgs/px4_msgs/msg/detail/rpm__rosidl_typesupport_introspection_c.h\n'}
[1.230272] (px4_msgs) StdoutLine: {'line': b'-- Up-to-date: /home/harsh/ros2_project/install/px4_msgs/include/px4_msgs/px4_msgs/msg/detail/vtol_vehicle_status__rosidl_typesupport_introspection_c.h\n'}
[1.230400] (px4_msgs) StdoutLine: {'line': b'-- Installing: /home/harsh/ros2_project/install/px4_msgs/include/px4_msgs/px4_msgs/msg/detail/uavcan_parameter_value__type_support.c\n'}
[1.230525] (px4_msgs) StdoutLine: {'line': b'-- Up-to-date: /home/harsh/ros2_project/install/px4_msgs/include/px4_msgs/px4_msgs/msg/detail/sensor_accel__rosidl_typesupport_introspection_c.h\n'}
[1.230654] (px4_msgs) StdoutLine: {'line': b'-- Up-to-date: /home/harsh/ros2_project/install/px4_msgs/include/px4_msgs/px4_msgs/msg/detail/cpuload__rosidl_typesupport_introspection_c.h\n'}
[1.230779] (px4_msgs) StdoutLine: {'line': b'-- Installing: /home/harsh/ros2_project/install/px4_msgs/include/px4_msgs/px4_msgs/msg/detail/sensor_gps__type_support.c\n'}
[1.230898] (px4_msgs) StdoutLine: {'line': b'-- Installing: /home/harsh/ros2_project/install/px4_msgs/include/px4_msgs/px4_msgs/msg/detail/vehicle_constraints__type_support.c\n'}
[1.231093] (px4_msgs) StdoutLine: {'line': b'-- Up-to-date: /home/harsh/ros2_project/install/px4_msgs/include/px4_msgs/px4_msgs/msg/detail/follow_target__rosidl_typesupport_introspection_c.h\n'}
[1.231205] (px4_msgs) StdoutLine: {'line': b'-- Installing: /home/harsh/ros2_project/install/px4_msgs/include/px4_msgs/px4_msgs/msg/detail/launch_detection_status__type_support.c\n'}
[1.231333] (px4_msgs) StdoutLine: {'line': b'-- Installing: /home/harsh/ros2_project/install/px4_msgs/include/px4_msgs/px4_msgs/msg/detail/manual_control_setpoint__type_support.c\n'}
[1.231438] (px4_msgs) StdoutLine: {'line': b'-- Installing: /home/harsh/ros2_project/install/px4_msgs/include/px4_msgs/px4_msgs/msg/detail/estimator_bias3d__type_support.c\n'}
[1.231535] (px4_msgs) StdoutLine: {'line': b'-- Installing: /home/harsh/ros2_project/install/px4_msgs/include/px4_msgs/px4_msgs/msg/detail/pwm_input__type_support.c\n'}
[1.231634] (px4_msgs) StdoutLine: {'line': b'-- Up-to-date: /home/harsh/ros2_project/install/px4_msgs/include/px4_msgs/px4_msgs/msg/detail/sensor_gnss_relative__rosidl_typesupport_introspection_c.h\n'}
[1.231735] (px4_msgs) StdoutLine: {'line': b'-- Up-to-date: /home/harsh/ros2_project/install/px4_msgs/include/px4_msgs/px4_msgs/msg/detail/mission_result__rosidl_typesupport_introspection_c.h\n'}
[1.231842] (px4_msgs) StdoutLine: {'line': b'-- Up-to-date: /home/harsh/ros2_project/install/px4_msgs/include/px4_msgs/px4_msgs/msg/detail/sensors_status_imu__rosidl_typesupport_introspection_c.h\n'}
[1.231976] (px4_msgs) StdoutLine: {'line': b'-- Installing: /home/harsh/ros2_project/install/px4_msgs/include/px4_msgs/px4_msgs/msg/detail/irlock_report__type_support.c\n'}
[1.232119] (px4_msgs) StdoutLine: {'line': b'-- Installing: /home/harsh/ros2_project/install/px4_msgs/include/px4_msgs/px4_msgs/msg/detail/actuator_servos_trim__type_support.c\n'}
[1.232236] (px4_msgs) StdoutLine: {'line': b'-- Up-to-date: /home/harsh/ros2_project/install/px4_msgs/include/px4_msgs/px4_msgs/msg/detail/qshell_req__rosidl_typesupport_introspection_c.h\n'}
[1.232346] (px4_msgs) StdoutLine: {'line': b'-- Up-to-date: /home/harsh/ros2_project/install/px4_msgs/include/px4_msgs/px4_msgs/msg/detail/trajectory_waypoint__rosidl_typesupport_introspection_c.h\n'}
[1.232451] (px4_msgs) StdoutLine: {'line': b'-- Installing: /home/harsh/ros2_project/install/px4_msgs/include/px4_msgs/px4_msgs/msg/detail/generator_status__type_support.c\n'}
[1.232558] (px4_msgs) StdoutLine: {'line': b'-- Up-to-date: /home/harsh/ros2_project/install/px4_msgs/include/px4_msgs/px4_msgs/msg/detail/gpio_request__rosidl_typesupport_introspection_c.h\n'}
[1.232665] (px4_msgs) StdoutLine: {'line': b'-- Up-to-date: /home/harsh/ros2_project/install/px4_msgs/include/px4_msgs/px4_msgs/msg/detail/parameter_set_value_request__rosidl_typesupport_introspection_c.h\n'}
[1.232792] (px4_msgs) StdoutLine: {'line': b'-- Up-to-date: /home/harsh/ros2_project/install/px4_msgs/include/px4_msgs/px4_msgs/msg/detail/generator_status__rosidl_typesupport_introspection_c.h\n'}
[1.232892] (px4_msgs) StdoutLine: {'line': b'-- Installing: /home/harsh/ros2_project/install/px4_msgs/include/px4_msgs/px4_msgs/msg/detail/can_interface_status__type_support.c\n'}
[1.233021] (px4_msgs) StdoutLine: {'line': b'-- Installing: /home/harsh/ros2_project/install/px4_msgs/include/px4_msgs/px4_msgs/msg/detail/gps_inject_data__type_support.c\n'}
[1.233143] (px4_msgs) StdoutLine: {'line': b'-- Up-to-date: /home/harsh/ros2_project/install/px4_msgs/include/px4_msgs/px4_msgs/msg/detail/estimator_sensor_bias__rosidl_typesupport_introspection_c.h\n'}
[1.233243] (px4_msgs) StdoutLine: {'line': b'-- Installing: /home/harsh/ros2_project/install/px4_msgs/include/px4_msgs/px4_msgs/msg/detail/buffer128__type_support.c\n'}
[1.233337] (px4_msgs) StdoutLine: {'line': b'-- Up-to-date: /home/harsh/ros2_project/install/px4_msgs/include/px4_msgs/px4_msgs/msg/detail/flight_phase_estimation__rosidl_typesupport_introspection_c.h\n'}
[1.233431] (px4_msgs) StdoutLine: {'line': b'-- Installing: /home/harsh/ros2_project/install/px4_msgs/include/px4_msgs/px4_msgs/msg/detail/vehicle_odometry__type_support.c\n'}
[1.233536] (px4_msgs) StdoutLine: {'line': b'-- Up-to-date: /home/harsh/ros2_project/install/px4_msgs/include/px4_msgs/px4_msgs/msg/detail/estimator_selector_status__rosidl_typesupport_introspection_c.h\n'}
[1.233633] (px4_msgs) StdoutLine: {'line': b'-- Installing: /home/harsh/ros2_project/install/px4_msgs/include/px4_msgs/px4_msgs/msg/detail/gimbal_controls__type_support.c\n'}
[1.233740] (px4_msgs) StdoutLine: {'line': b'-- Installing: /home/harsh/ros2_project/install/px4_msgs/include/px4_msgs/px4_msgs/msg/detail/cellular_status__type_support.c\n'}
[1.233841] (px4_msgs) StdoutLine: {'line': b'-- Up-to-date: /home/harsh/ros2_project/install/px4_msgs/include/px4_msgs/px4_msgs/msg/detail/logger_status__rosidl_typesupport_introspection_c.h\n'}
[1.233938] (px4_msgs) StdoutLine: {'line': b'-- Installing: /home/harsh/ros2_project/install/px4_msgs/include/px4_msgs/px4_msgs/msg/detail/system_power__type_support.c\n'}
[1.234054] (px4_msgs) StdoutLine: {'line': b'-- Installing: /home/harsh/ros2_project/install/px4_msgs/include/px4_msgs/px4_msgs/msg/detail/vtol_vehicle_status__type_support.c\n'}
[1.234158] (px4_msgs) StdoutLine: {'line': b'-- Up-to-date: /home/harsh/ros2_project/install/px4_msgs/include/px4_msgs/px4_msgs/msg/detail/estimator_bias3d__rosidl_typesupport_introspection_c.h\n'}
[1.234258] (px4_msgs) StdoutLine: {'line': b'-- Installing: /home/harsh/ros2_project/install/px4_msgs/include/px4_msgs/px4_msgs/msg/detail/gimbal_manager_information__type_support.c\n'}
[1.234354] (px4_msgs) StdoutLine: {'line': b'-- Installing: /home/harsh/ros2_project/install/px4_msgs/include/px4_msgs/px4_msgs/msg/detail/sensor_accel_fifo__type_support.c\n'}
[1.234447] (px4_msgs) StdoutLine: {'line': b'-- Up-to-date: /home/harsh/ros2_project/install/px4_msgs/include/px4_msgs/px4_msgs/msg/detail/autotune_attitude_control_status__rosidl_typesupport_introspection_c.h\n'}
[1.234536] (px4_msgs) StdoutLine: {'line': b'-- Up-to-date: /home/harsh/ros2_project/install/px4_msgs/include/px4_msgs/px4_msgs/msg/detail/manual_control_setpoint__rosidl_typesupport_introspection_c.h\n'}
[1.234624] (px4_msgs) StdoutLine: {'line': b'-- Installing: /home/harsh/ros2_project/install/px4_msgs/include/px4_msgs/px4_msgs/msg/detail/uavcan_parameter_request__type_support.c\n'}
[1.234717] (px4_msgs) StdoutLine: {'line': b'-- Installing: /home/harsh/ros2_project/install/px4_msgs/include/px4_msgs/px4_msgs/msg/detail/register_ext_component_reply__type_support.c\n'}
[1.234806] (px4_msgs) StdoutLine: {'line': b'-- Up-to-date: /home/harsh/ros2_project/install/px4_msgs/include/px4_msgs/px4_msgs/msg/detail/position_controller_status__rosidl_typesupport_introspection_c.h\n'}
[1.234894] (px4_msgs) StdoutLine: {'line': b'-- Installing: /home/harsh/ros2_project/install/px4_msgs/include/px4_msgs/px4_msgs/msg/detail/vehicle_acceleration__type_support.c\n'}
[1.234984] (px4_msgs) StdoutLine: {'line': b'-- Installing: /home/harsh/ros2_project/install/px4_msgs/include/px4_msgs/px4_msgs/msg/detail/orb_test_medium__type_support.c\n'}
[1.235129] (px4_msgs) StdoutLine: {'line': b'-- Up-to-date: /home/harsh/ros2_project/install/px4_msgs/include/px4_msgs/px4_msgs/msg/detail/follow_target_status__rosidl_typesupport_introspection_c.h\n'}
[1.235215] (px4_msgs) StdoutLine: {'line': b'-- Installing: /home/harsh/ros2_project/install/px4_msgs/include/px4_msgs/px4_msgs/msg/detail/position_setpoint__type_support.c\n'}
[1.235299] (px4_msgs) StdoutLine: {'line': b'-- Up-to-date: /home/harsh/ros2_project/install/px4_msgs/include/px4_msgs/px4_msgs/msg/detail/follow_target_estimator__rosidl_typesupport_introspection_c.h\n'}
[1.235387] (px4_msgs) StdoutLine: {'line': b'-- Up-to-date: /home/harsh/ros2_project/install/px4_msgs/include/px4_msgs/px4_msgs/msg/detail/actuator_test__rosidl_typesupport_introspection_c.h\n'}
[1.235476] (px4_msgs) StdoutLine: {'line': b'-- Installing: /home/harsh/ros2_project/install/px4_msgs/include/px4_msgs/px4_msgs/msg/detail/vehicle_optical_flow__type_support.c\n'}
[1.235568] (px4_msgs) StdoutLine: {'line': b'-- Installing: /home/harsh/ros2_project/install/px4_msgs/include/px4_msgs/px4_msgs/msg/detail/ulog_stream_ack__type_support.c\n'}
[1.235655] (px4_msgs) StdoutLine: {'line': b'-- Installing: /home/harsh/ros2_project/install/px4_msgs/include/px4_msgs/px4_msgs/msg/detail/trajectory_setpoint__type_support.c\n'}
[1.235744] (px4_msgs) StdoutLine: {'line': b'-- Installing: /home/harsh/ros2_project/install/px4_msgs/include/px4_msgs/px4_msgs/msg/detail/rpm__type_support.c\n'}
[1.235832] (px4_msgs) StdoutLine: {'line': b'-- Up-to-date: /home/harsh/ros2_project/install/px4_msgs/include/px4_msgs/px4_msgs/msg/detail/tune_control__rosidl_typesupport_introspection_c.h\n'}
[1.235949] (px4_msgs) StdoutLine: {'line': b'-- Installing: /home/harsh/ros2_project/install/px4_msgs/include/px4_msgs/px4_msgs/msg/detail/position_setpoint_triplet__type_support.c\n'}
[1.236044] (px4_msgs) StdoutLine: {'line': b'-- Installing: /home/harsh/ros2_project/install/px4_msgs/include/px4_msgs/px4_msgs/msg/detail/debug_value__type_support.c\n'}
[1.236128] (px4_msgs) StdoutLine: {'line': b'-- Up-to-date: /home/harsh/ros2_project/install/px4_msgs/include/px4_msgs/px4_msgs/msg/detail/sensor_uwb__rosidl_typesupport_introspection_c.h\n'}
[1.236208] (px4_msgs) StdoutLine: {'line': b'-- Up-to-date: /home/harsh/ros2_project/install/px4_msgs/include/px4_msgs/px4_msgs/msg/detail/actuator_servos__rosidl_typesupport_introspection_c.h\n'}
[1.236288] (px4_msgs) StdoutLine: {'line': b'-- Up-to-date: /home/harsh/ros2_project/install/px4_msgs/include/px4_msgs/px4_msgs/msg/detail/mavlink_log__rosidl_typesupport_introspection_c.h\n'}
[1.236364] (px4_msgs) StdoutLine: {'line': b'-- Up-to-date: /home/harsh/ros2_project/install/px4_msgs/include/px4_msgs/px4_msgs/msg/detail/goto_setpoint__rosidl_typesupport_introspection_c.h\n'}
[1.236446] (px4_msgs) StdoutLine: {'line': b'-- Up-to-date: /home/harsh/ros2_project/install/px4_msgs/include/px4_msgs/px4_msgs/msg/detail/uavcan_parameter_request__rosidl_typesupport_introspection_c.h\n'}
[1.236526] (px4_msgs) StdoutLine: {'line': b'-- Up-to-date: /home/harsh/ros2_project/install/px4_msgs/include/px4_msgs/px4_msgs/msg/detail/debug_value__rosidl_typesupport_introspection_c.h\n'}
[1.236609] (px4_msgs) StdoutLine: {'line': b'-- Up-to-date: /home/harsh/ros2_project/install/px4_msgs/include/px4_msgs/px4_msgs/msg/detail/action_request__rosidl_typesupport_introspection_c.h\n'}
[1.236696] (px4_msgs) StdoutLine: {'line': b'-- Up-to-date: /home/harsh/ros2_project/install/px4_msgs/include/px4_msgs/px4_msgs/msg/detail/telemetry_status__rosidl_typesupport_introspection_c.h\n'}
[1.236781] (px4_msgs) StdoutLine: {'line': b'-- Up-to-date: /home/harsh/ros2_project/install/px4_msgs/include/px4_msgs/px4_msgs/msg/detail/system_power__rosidl_typesupport_introspection_c.h\n'}
[1.236872] (px4_msgs) StdoutLine: {'line': b'-- Up-to-date: /home/harsh/ros2_project/install/px4_msgs/include/px4_msgs/px4_msgs/msg/detail/estimator_states__rosidl_typesupport_introspection_c.h\n'}
[1.236956] (px4_msgs) StdoutLine: {'line': b'-- Installing: /home/harsh/ros2_project/install/px4_msgs/include/px4_msgs/px4_msgs/msg/detail/estimator_status__type_support.c\n'}
[1.237047] (px4_msgs) StdoutLine: {'line': b'-- Up-to-date: /home/harsh/ros2_project/install/px4_msgs/include/px4_msgs/px4_msgs/msg/detail/vehicle_imu_status__rosidl_typesupport_introspection_c.h\n'}
[1.237136] (px4_msgs) StdoutLine: {'line': b'-- Installing: /home/harsh/ros2_project/install/px4_msgs/include/px4_msgs/px4_msgs/msg/detail/airspeed_validated__type_support.c\n'}
[1.237220] (px4_msgs) StdoutLine: {'line': b'-- Up-to-date: /home/harsh/ros2_project/install/px4_msgs/include/px4_msgs/px4_msgs/msg/detail/geofence_result__rosidl_typesupport_introspection_c.h\n'}
[1.237302] (px4_msgs) StdoutLine: {'line': b'-- Up-to-date: /home/harsh/ros2_project/install/px4_msgs/include/px4_msgs/px4_msgs/msg/detail/magnetometer_bias_estimate__rosidl_typesupport_introspection_c.h\n'}
[1.237385] (px4_msgs) StdoutLine: {'line': b'-- Installing: /home/harsh/ros2_project/install/px4_msgs/include/px4_msgs/px4_msgs/msg/detail/geofence_result__type_support.c\n'}
[1.237517] (px4_msgs) StdoutLine: {'line': b'-- Up-to-date: /home/harsh/ros2_project/install/px4_msgs/include/px4_msgs/px4_msgs/msg/detail/camera_status__rosidl_typesupport_introspection_c.h\n'}
[1.237600] (px4_msgs) StdoutLine: {'line': b'-- Up-to-date: /home/harsh/ros2_project/install/px4_msgs/include/px4_msgs/px4_msgs/msg/detail/iridiumsbd_status__rosidl_typesupport_introspection_c.h\n'}
[1.237700] (px4_msgs) StdoutLine: {'line': b'-- Up-to-date: /home/harsh/ros2_project/install/px4_msgs/include/px4_msgs/px4_msgs/msg/detail/orbit_status__rosidl_typesupport_introspection_c.h\n'}
[1.237782] (px4_msgs) StdoutLine: {'line': b'-- Installing: /home/harsh/ros2_project/install/px4_msgs/include/px4_msgs/px4_msgs/msg/detail/rtl_status__type_support.c\n'}
[1.237866] (px4_msgs) StdoutLine: {'line': b'-- Installing: /home/harsh/ros2_project/install/px4_msgs/include/px4_msgs/px4_msgs/msg/detail/geofence_status__type_support.c\n'}
[1.237945] (px4_msgs) StdoutLine: {'line': b'-- Installing: /home/harsh/ros2_project/install/px4_msgs/include/px4_msgs/px4_msgs/msg/detail/tiltrotor_extra_controls__type_support.c\n'}
[1.238030] (px4_msgs) StdoutLine: {'line': b'-- Installing: /home/harsh/ros2_project/install/px4_msgs/include/px4_msgs/px4_msgs/msg/detail/sensor_airflow__type_support.c\n'}
[1.238116] (px4_msgs) StdoutLine: {'line': b'-- Installing: /home/harsh/ros2_project/install/px4_msgs/include/px4_msgs/px4_msgs/msg/detail/message_format_response__type_support.c\n'}
[1.238195] (px4_msgs) StdoutLine: {'line': b'-- Up-to-date: /home/harsh/ros2_project/install/px4_msgs/include/px4_msgs/px4_msgs/msg/detail/takeoff_status__rosidl_typesupport_introspection_c.h\n'}
[1.238273] (px4_msgs) StdoutLine: {'line': b'-- Installing: /home/harsh/ros2_project/install/px4_msgs/include/px4_msgs/px4_msgs/msg/detail/battery_status__type_support.c\n'}
[1.238375] (px4_msgs) StdoutLine: {'line': b'-- Up-to-date: /home/harsh/ros2_project/install/px4_msgs/include/px4_msgs/px4_msgs/msg/detail/debug_vect__rosidl_typesupport_introspection_c.h\n'}
[1.238454] (px4_msgs) StdoutLine: {'line': b'-- Installing: /home/harsh/ros2_project/install/px4_msgs/include/px4_msgs/px4_msgs/msg/detail/sensor_correction__type_support.c\n'}
[1.238532] (px4_msgs) StdoutLine: {'line': b'-- Up-to-date: /home/harsh/ros2_project/install/px4_msgs/include/px4_msgs/px4_msgs/msg/detail/cellular_status__rosidl_typesupport_introspection_c.h\n'}
[1.238608] (px4_msgs) StdoutLine: {'line': b'-- Installing: /home/harsh/ros2_project/install/px4_msgs/include/px4_msgs/px4_msgs/msg/detail/home_position__type_support.c\n'}
[1.238684] (px4_msgs) StdoutLine: {'line': b'-- Up-to-date: /home/harsh/ros2_project/install/px4_msgs/include/px4_msgs/px4_msgs/msg/detail/gimbal_device_information__rosidl_typesupport_introspection_c.h\n'}
[1.238761] (px4_msgs) StdoutLine: {'line': b'-- Installing: /home/harsh/ros2_project/install/px4_msgs/include/px4_msgs/px4_msgs/msg/detail/vehicle_optical_flow_vel__type_support.c\n'}
[1.238836] (px4_msgs) StdoutLine: {'line': b'-- Up-to-date: /home/harsh/ros2_project/install/px4_msgs/include/px4_msgs/px4_msgs/msg/detail/debug_array__rosidl_typesupport_introspection_c.h\n'}
[1.238911] (px4_msgs) StdoutLine: {'line': b'-- Up-to-date: /home/harsh/ros2_project/install/px4_msgs/include/px4_msgs/px4_msgs/msg/detail/estimator_aid_source3d__rosidl_typesupport_introspection_c.h\n'}
[1.238988] (px4_msgs) StdoutLine: {'line': b'-- Installing: /home/harsh/ros2_project/install/px4_msgs/include/px4_msgs/px4_msgs/msg/detail/tune_control__type_support.c\n'}
[1.239075] (px4_msgs) StdoutLine: {'line': b'-- Installing: /home/harsh/ros2_project/install/px4_msgs/include/px4_msgs/px4_msgs/msg/detail/gimbal_manager_set_attitude__type_support.c\n'}
[1.239153] (px4_msgs) StdoutLine: {'line': b'-- Installing: /home/harsh/ros2_project/install/px4_msgs/include/px4_msgs/px4_msgs/msg/detail/mavlink_log__type_support.c\n'}
[1.239230] (px4_msgs) StdoutLine: {'line': b'-- Installing: /home/harsh/ros2_project/install/px4_msgs/include/px4_msgs/px4_msgs/msg/detail/estimator_innovations__type_support.c\n'}
[1.239354] (px4_msgs) StdoutLine: {'line': b'-- Up-to-date: /home/harsh/ros2_project/install/px4_msgs/include/px4_msgs/px4_msgs/msg/detail/event__rosidl_typesupport_introspection_c.h\n'}
[1.239431] (px4_msgs) StdoutLine: {'line': b'-- Installing: /home/harsh/ros2_project/install/px4_msgs/include/px4_msgs/px4_msgs/msg/detail/collision_report__type_support.c\n'}
[1.239504] (px4_msgs) StdoutLine: {'line': b'-- Up-to-date: /home/harsh/ros2_project/install/px4_msgs/include/px4_msgs/px4_msgs/msg/detail/figure_eight_status__rosidl_typesupport_introspection_c.h\n'}
[1.239576] (px4_msgs) StdoutLine: {'line': b'-- Up-to-date: /home/harsh/ros2_project/install/px4_msgs/include/px4_msgs/px4_msgs/msg/detail/position_setpoint_triplet__rosidl_typesupport_introspection_c.h\n'}
[1.239650] (px4_msgs) StdoutLine: {'line': b'-- Up-to-date: /home/harsh/ros2_project/install/px4_msgs/include/px4_msgs/px4_msgs/msg/detail/vehicle_odometry__rosidl_typesupport_introspection_c.h\n'}
[1.239720] (px4_msgs) StdoutLine: {'line': b'-- Up-to-date: /home/harsh/ros2_project/install/px4_msgs/include/px4_msgs/px4_msgs/msg/detail/uavcan_parameter_value__rosidl_typesupport_introspection_c.h\n'}
[1.239792] (px4_msgs) StdoutLine: {'line': b'-- Up-to-date: /home/harsh/ros2_project/install/px4_msgs/include/px4_msgs/px4_msgs/msg/detail/sensor_optical_flow__rosidl_typesupport_introspection_c.h\n'}
[1.239863] (px4_msgs) StdoutLine: {'line': b'-- Up-to-date: /home/harsh/ros2_project/install/px4_msgs/include/px4_msgs/px4_msgs/msg/detail/vehicle_control_mode__rosidl_typesupport_introspection_c.h\n'}
[1.239932] (px4_msgs) StdoutLine: {'line': b'-- Installing: /home/harsh/ros2_project/install/px4_msgs/include/px4_msgs/px4_msgs/msg/detail/landing_target_pose__type_support.c\n'}
[1.240039] (px4_msgs) StdoutLine: {'line': b'-- Up-to-date: /home/harsh/ros2_project/install/px4_msgs/include/px4_msgs/px4_msgs/msg/detail/register_ext_component_request__rosidl_typesupport_introspection_c.h\n'}
[1.240116] (px4_msgs) StdoutLine: {'line': b'-- Installing: /home/harsh/ros2_project/install/px4_msgs/include/px4_msgs/px4_msgs/msg/detail/trajectory_bezier__type_support.c\n'}
[1.240191] (px4_msgs) StdoutLine: {'line': b'-- Installing: /home/harsh/ros2_project/install/px4_msgs/include/px4_msgs/px4_msgs/msg/detail/message_format_request__type_support.c\n'}
[1.240261] (px4_msgs) StdoutLine: {'line': b'-- Up-to-date: /home/harsh/ros2_project/install/px4_msgs/include/px4_msgs/px4_msgs/msg/detail/gps_dump__rosidl_typesupport_introspection_c.h\n'}
[1.240335] (px4_msgs) StdoutLine: {'line': b'-- Installing: /home/harsh/ros2_project/install/px4_msgs/include/px4_msgs/px4_msgs/msg/detail/rate_ctrl_status__type_support.c\n'}
[1.240407] (px4_msgs) StdoutLine: {'line': b'-- Up-to-date: /home/harsh/ros2_project/install/px4_msgs/include/px4_msgs/px4_msgs/msg/detail/launch_detection_status__rosidl_typesupport_introspection_c.h\n'}
[1.240504] (px4_msgs) StdoutLine: {'line': b'-- Up-to-date: /home/harsh/ros2_project/install/px4_msgs/include/px4_msgs/px4_msgs/msg/detail/irlock_report__rosidl_typesupport_introspection_c.h\n'}
[1.240575] (px4_msgs) StdoutLine: {'line': b'-- Up-to-date: /home/harsh/ros2_project/install/px4_msgs/include/px4_msgs/px4_msgs/msg/detail/actuator_motors__rosidl_typesupport_introspection_c.h\n'}
[1.240645] (px4_msgs) StdoutLine: {'line': b'-- Up-to-date: /home/harsh/ros2_project/install/px4_msgs/include/px4_msgs/px4_msgs/msg/detail/position_setpoint__rosidl_typesupport_introspection_c.h\n'}
[1.240716] (px4_msgs) StdoutLine: {'line': b'-- Installing: /home/harsh/ros2_project/install/px4_msgs/include/px4_msgs/px4_msgs/msg/detail/gripper__type_support.c\n'}
[1.240784] (px4_msgs) StdoutLine: {'line': b'-- Up-to-date: /home/harsh/ros2_project/install/px4_msgs/include/px4_msgs/px4_msgs/msg/detail/distance_sensor__rosidl_typesupport_introspection_c.h\n'}
[1.240853] (px4_msgs) StdoutLine: {'line': b'-- Installing: /home/harsh/ros2_project/install/px4_msgs/include/px4_msgs/px4_msgs/msg/detail/log_message__type_support.c\n'}
[1.240938] (px4_msgs) StdoutLine: {'line': b'-- Installing: /home/harsh/ros2_project/install/px4_msgs/include/px4_msgs/px4_msgs/msg/detail/mag_worker_data__type_support.c\n'}
[1.241006] (px4_msgs) StdoutLine: {'line': b'-- Up-to-date: /home/harsh/ros2_project/install/px4_msgs/include/px4_msgs/px4_msgs/msg/detail/estimator_aid_source1d__rosidl_typesupport_introspection_c.h\n'}
[1.241084] (px4_msgs) StdoutLine: {'line': b'-- Installing: /home/harsh/ros2_project/install/px4_msgs/include/px4_msgs/px4_msgs/msg/detail/sensor_preflight_mag__type_support.c\n'}
[1.241156] (px4_msgs) StdoutLine: {'line': b'-- Up-to-date: /home/harsh/ros2_project/install/px4_msgs/include/px4_msgs/px4_msgs/msg/detail/failsafe_flags__rosidl_typesupport_introspection_c.h\n'}
[1.241226] (px4_msgs) StdoutLine: {'line': b'-- Up-to-date: /home/harsh/ros2_project/install/px4_msgs/include/px4_msgs/px4_msgs/msg/detail/ekf2_timestamps__rosidl_typesupport_introspection_c.h\n'}
[1.241293] (px4_msgs) StdoutLine: {'line': b'-- Up-to-date: /home/harsh/ros2_project/install/px4_msgs/include/px4_msgs/px4_msgs/msg/detail/vehicle_optical_flow__rosidl_typesupport_introspection_c.h\n'}
[1.241362] (px4_msgs) StdoutLine: {'line': b'-- Up-to-date: /home/harsh/ros2_project/install/px4_msgs/include/px4_msgs/px4_msgs/msg/detail/rc_parameter_map__rosidl_typesupport_introspection_c.h\n'}
[1.241432] (px4_msgs) StdoutLine: {'line': b'-- Installing: /home/harsh/ros2_project/install/px4_msgs/include/px4_msgs/px4_msgs/msg/detail/sensor_hygrometer__type_support.c\n'}
[1.241500] (px4_msgs) StdoutLine: {'line': b'-- Up-to-date: /home/harsh/ros2_project/install/px4_msgs/include/px4_msgs/px4_msgs/msg/detail/vehicle_rates_setpoint__rosidl_typesupport_introspection_c.h\n'}
[1.241570] (px4_msgs) StdoutLine: {'line': b'-- Installing: /home/harsh/ros2_project/install/px4_msgs/include/px4_msgs/px4_msgs/msg/detail/actuator_servos__type_support.c\n'}
[1.241640] (px4_msgs) StdoutLine: {'line': b'-- Up-to-date: /home/harsh/ros2_project/install/px4_msgs/include/px4_msgs/px4_msgs/msg/detail/heater_status__rosidl_typesupport_introspection_c.h\n'}
[1.241709] (px4_msgs) StdoutLine: {'line': b'-- Up-to-date: /home/harsh/ros2_project/install/px4_msgs/include/px4_msgs/px4_msgs/msg/detail/ulog_stream__rosidl_typesupport_introspection_c.h\n'}
[1.241777] (px4_msgs) StdoutLine: {'line': b'-- Up-to-date: /home/harsh/ros2_project/install/px4_msgs/include/px4_msgs/px4_msgs/msg/detail/vehicle_land_detected__rosidl_typesupport_introspection_c.h\n'}
[1.241845] (px4_msgs) StdoutLine: {'line': b'-- Installing: /home/harsh/ros2_project/install/px4_msgs/include/px4_msgs/px4_msgs/msg/detail/distance_sensor__type_support.c\n'}
[1.241914] (px4_msgs) StdoutLine: {'line': b'-- Installing: /home/harsh/ros2_project/install/px4_msgs/include/px4_msgs/px4_msgs/msg/detail/estimator_states__type_support.c\n'}
[1.241981] (px4_msgs) StdoutLine: {'line': b'-- Installing: /home/harsh/ros2_project/install/px4_msgs/include/px4_msgs/px4_msgs/msg/detail/led_control__type_support.c\n'}
[1.242055] (px4_msgs) StdoutLine: {'line': b'-- Up-to-date: /home/harsh/ros2_project/install/px4_msgs/include/px4_msgs/px4_msgs/msg/detail/estimator_event_flags__rosidl_typesupport_introspection_c.h\n'}
[1.242124] (px4_msgs) StdoutLine: {'line': b'-- Up-to-date: /home/harsh/ros2_project/install/px4_msgs/include/px4_msgs/px4_msgs/msg/detail/transponder_report__rosidl_typesupport_introspection_c.h\n'}
[1.242224] (px4_msgs) StdoutLine: {'line': b'-- Installing: /home/harsh/ros2_project/install/px4_msgs/include/px4_msgs/px4_msgs/msg/detail/heater_status__type_support.c\n'}
[1.242289] (px4_msgs) StdoutLine: {'line': b'-- Up-to-date: /home/harsh/ros2_project/install/px4_msgs/include/px4_msgs/px4_msgs/msg/detail/failure_detector_status__rosidl_typesupport_introspection_c.h\n'}
[1.242356] (px4_msgs) StdoutLine: {'line': b'-- Up-to-date: /home/harsh/ros2_project/install/px4_msgs/include/px4_msgs/px4_msgs/msg/detail/log_message__rosidl_typesupport_introspection_c.h\n'}
[1.242424] (px4_msgs) StdoutLine: {'line': b'-- Installing: /home/harsh/ros2_project/install/px4_msgs/include/px4_msgs/px4_msgs/msg/detail/qshell_retval__type_support.c\n'}
[1.242525] (px4_msgs) StdoutLine: {'line': b'-- Installing: /home/harsh/ros2_project/install/px4_msgs/include/px4_msgs/px4_msgs/msg/detail/gimbal_device_information__type_support.c\n'}
[1.242589] (px4_msgs) StdoutLine: {'line': b'-- Installing: /home/harsh/ros2_project/install/px4_msgs/include/px4_msgs/px4_msgs/msg/detail/unregister_ext_component__type_support.c\n'}
[1.242652] (px4_msgs) StdoutLine: {'line': b'-- Installing: /home/harsh/ros2_project/install/px4_msgs/include/px4_msgs/px4_msgs/msg/detail/control_allocator_status__type_support.c\n'}
[1.242713] (px4_msgs) StdoutLine: {'line': b'-- Installing: /home/harsh/ros2_project/install/px4_msgs/include/px4_msgs/px4_msgs/msg/detail/rtl_time_estimate__type_support.c\n'}
[1.242775] (px4_msgs) StdoutLine: {'line': b'-- Up-to-date: /home/harsh/ros2_project/install/px4_msgs/include/px4_msgs/px4_msgs/msg/detail/vehicle_optical_flow_vel__rosidl_typesupport_introspection_c.h\n'}
[1.242842] (px4_msgs) StdoutLine: {'line': b'-- Installing: /home/harsh/ros2_project/install/px4_msgs/include/px4_msgs/px4_msgs/msg/detail/magnetometer_bias_estimate__type_support.c\n'}
[1.242908] (px4_msgs) StdoutLine: {'line': b'-- Installing: /home/harsh/ros2_project/install/px4_msgs/include/px4_msgs/px4_msgs/msg/detail/mission__type_support.c\n'}
[1.242973] (px4_msgs) StdoutLine: {'line': b'-- Installing: /home/harsh/ros2_project/install/px4_msgs/include/px4_msgs/px4_msgs/msg/detail/trajectory_waypoint__type_support.c\n'}
[1.243048] (px4_msgs) StdoutLine: {'line': b'-- Installing: /home/harsh/ros2_project/install/px4_msgs/include/px4_msgs/px4_msgs/msg/detail/estimator_aid_source2d__type_support.c\n'}
[1.243116] (px4_msgs) StdoutLine: {'line': b'-- Installing: /home/harsh/ros2_project/install/px4_msgs/include/px4_msgs/px4_msgs/msg/detail/button_event__type_support.c\n'}
[1.243181] (px4_msgs) StdoutLine: {'line': b'-- Up-to-date: /home/harsh/ros2_project/install/px4_msgs/include/px4_msgs/px4_msgs/msg/detail/mount_orientation__rosidl_typesupport_introspection_c.h\n'}
[1.243246] (px4_msgs) StdoutLine: {'line': b'-- Installing: /home/harsh/ros2_project/install/px4_msgs/include/px4_msgs/px4_msgs/msg/detail/vehicle_rates_setpoint__type_support.c\n'}
[1.243312] (px4_msgs) StdoutLine: {'line': b'-- Up-to-date: /home/harsh/ros2_project/install/px4_msgs/include/px4_msgs/px4_msgs/msg/detail/gripper__rosidl_typesupport_introspection_c.h\n'}
[1.243378] (px4_msgs) StdoutLine: {'line': b'-- Installing: /home/harsh/ros2_project/install/px4_msgs/include/px4_msgs/px4_msgs/msg/detail/gimbal_device_set_attitude__type_support.c\n'}
[1.243444] (px4_msgs) StdoutLine: {'line': b'-- Installing: /home/harsh/ros2_project/install/px4_msgs/include/px4_msgs/px4_msgs/msg/detail/adc_report__type_support.c\n'}
[1.243507] (px4_msgs) StdoutLine: {'line': b'-- Installing: /home/harsh/ros2_project/install/px4_msgs/include/px4_msgs/px4_msgs/msg/detail/mount_orientation__type_support.c\n'}
[1.243570] (px4_msgs) StdoutLine: {'line': b'-- Up-to-date: /home/harsh/ros2_project/install/px4_msgs/include/px4_msgs/px4_msgs/msg/detail/power_monitor__rosidl_typesupport_introspection_c.h\n'}
[1.243634] (px4_msgs) StdoutLine: {'line': b'-- Up-to-date: /home/harsh/ros2_project/install/px4_msgs/include/px4_msgs/px4_msgs/msg/detail/position_controller_landing_status__rosidl_typesupport_introspection_c.h\n'}
[1.243696] (px4_msgs) StdoutLine: {'line': b'-- Up-to-date: /home/harsh/ros2_project/install/px4_msgs/include/px4_msgs/px4_msgs/msg/detail/normalized_unsigned_setpoint__rosidl_typesupport_introspection_c.h\n'}
[1.243761] (px4_msgs) StdoutLine: {'line': b'-- Up-to-date: /home/harsh/ros2_project/install/px4_msgs/include/px4_msgs/px4_msgs/msg/detail/gimbal_manager_set_manual_control__rosidl_typesupport_introspection_c.h\n'}
[1.243825] (px4_msgs) StdoutLine: {'line': b'-- Up-to-date: /home/harsh/ros2_project/install/px4_msgs/include/px4_msgs/px4_msgs/msg/detail/dataman_request__rosidl_typesupport_introspection_c.h\n'}
[1.243887] (px4_msgs) StdoutLine: {'line': b'-- Up-to-date: /home/harsh/ros2_project/install/px4_msgs/include/px4_msgs/px4_msgs/msg/detail/vehicle_magnetometer__rosidl_typesupport_introspection_c.h\n'}
[1.243999] (px4_msgs) StdoutLine: {'line': b'-- Up-to-date: /home/harsh/ros2_project/install/px4_msgs/include/px4_msgs/px4_msgs/msg/detail/dataman_response__rosidl_typesupport_introspection_c.h\n'}
[1.244069] (px4_msgs) StdoutLine: {'line': b'-- Installing: /home/harsh/ros2_project/install/px4_msgs/include/px4_msgs/px4_msgs/msg/detail/vehicle_control_mode__type_support.c\n'}
[1.244134] (px4_msgs) StdoutLine: {'line': b'-- Up-to-date: /home/harsh/ros2_project/install/px4_msgs/include/px4_msgs/px4_msgs/msg/detail/ulog_stream_ack__rosidl_typesupport_introspection_c.h\n'}
[1.244216] (px4_msgs) StdoutLine: {'line': b'-- Installing: /home/harsh/ros2_project/install/px4_msgs/include/px4_msgs/px4_msgs/msg/detail/sensor_uwb__type_support.c\n'}
[1.244276] (px4_msgs) StdoutLine: {'line': b'-- Installing: /home/harsh/ros2_project/install/px4_msgs/include/px4_msgs/px4_msgs/msg/detail/landing_target_innovations__type_support.c\n'}
[1.244340] (px4_msgs) StdoutLine: {'line': b'-- Installing: /home/harsh/ros2_project/install/px4_msgs/include/px4_msgs/px4_msgs/msg/detail/config_overrides__type_support.c\n'}
[1.244400] (px4_msgs) StdoutLine: {'line': b'-- Up-to-date: /home/harsh/ros2_project/install/px4_msgs/include/px4_msgs/px4_msgs/msg/detail/differential_drive_setpoint__rosidl_typesupport_introspection_c.h\n'}
[1.244465] (px4_msgs) StdoutLine: {'line': b'-- Installing: /home/harsh/ros2_project/install/px4_msgs/include/px4_msgs/px4_msgs/msg/detail/vehicle_thrust_setpoint__type_support.c\n'}
[1.244526] (px4_msgs) StdoutLine: {'line': b'-- Up-to-date: /home/harsh/ros2_project/install/px4_msgs/include/px4_msgs/px4_msgs/msg/detail/buffer128__rosidl_typesupport_introspection_c.h\n'}
[1.244586] (px4_msgs) StdoutLine: {'line': b'-- Installing: /home/harsh/ros2_project/install/px4_msgs/include/px4_msgs/px4_msgs/msg/detail/parameter_reset_request__type_support.c\n'}
[1.244646] (px4_msgs) StdoutLine: {'line': b'-- Up-to-date: /home/harsh/ros2_project/install/px4_msgs/include/px4_msgs/px4_msgs/msg/detail/px4io_status__rosidl_typesupport_introspection_c.h\n'}
[1.244708] (px4_msgs) StdoutLine: {'line': b'-- Installing: /home/harsh/ros2_project/install/px4_msgs/include/px4_msgs/px4_msgs/msg/detail/landing_gear__type_support.c\n'}
[1.244769] (px4_msgs) StdoutLine: {'line': b'-- Installing: /home/harsh/ros2_project/install/px4_msgs/include/px4_msgs/px4_msgs/msg/detail/mavlink_tunnel__type_support.c\n'}
[1.244830] (px4_msgs) StdoutLine: {'line': b'-- Installing: /home/harsh/ros2_project/install/px4_msgs/include/px4_msgs/px4_msgs/msg/detail/orbit_status__type_support.c\n'}
[1.244892] (px4_msgs) StdoutLine: {'line': b'-- Up-to-date: /home/harsh/ros2_project/install/px4_msgs/include/px4_msgs/px4_msgs/msg/detail/vehicle_thrust_setpoint__rosidl_typesupport_introspection_c.h\n'}
[1.244954] (px4_msgs) StdoutLine: {'line': b'-- Installing: /home/harsh/ros2_project/install/px4_msgs/include/px4_msgs/px4_msgs/msg/detail/px4io_status__type_support.c\n'}
[1.245022] (px4_msgs) StdoutLine: {'line': b'-- Up-to-date: /home/harsh/ros2_project/install/px4_msgs/include/px4_msgs/px4_msgs/msg/detail/home_position__rosidl_typesupport_introspection_c.h\n'}
[1.245088] (px4_msgs) StdoutLine: {'line': b'-- Up-to-date: /home/harsh/ros2_project/install/px4_msgs/include/px4_msgs/px4_msgs/msg/detail/mission__rosidl_typesupport_introspection_c.h\n'}
[1.245153] (px4_msgs) StdoutLine: {'line': b'-- Installing: /home/harsh/ros2_project/install/px4_msgs/include/px4_msgs/px4_msgs/msg/detail/timesync_status__type_support.c\n'}
[1.245215] (px4_msgs) StdoutLine: {'line': b'-- Installing: /home/harsh/ros2_project/install/px4_msgs/include/px4_msgs/px4_msgs/msg/detail/logger_status__type_support.c\n'}
[1.245279] (px4_msgs) StdoutLine: {'line': b'-- Installing: /home/harsh/ros2_project/install/px4_msgs/include/px4_msgs/px4_msgs/msg/detail/vehicle_command_ack__type_support.c\n'}
[1.245339] (px4_msgs) StdoutLine: {'line': b'-- Up-to-date: /home/harsh/ros2_project/install/px4_msgs/include/px4_msgs/px4_msgs/msg/detail/gimbal_controls__rosidl_typesupport_introspection_c.h\n'}
[1.245428] (px4_msgs) StdoutLine: {'line': b'-- Installing: /home/harsh/ros2_project/install/px4_msgs/include/px4_msgs/px4_msgs/msg/detail/airspeed__type_support.c\n'}
[1.245486] (px4_msgs) StdoutLine: {'line': b'-- Installing: /home/harsh/ros2_project/install/px4_msgs/include/px4_msgs/px4_msgs/msg/detail/arming_check_reply__type_support.c\n'}
[1.245547] (px4_msgs) StdoutLine: {'line': b'-- Up-to-date: /home/harsh/ros2_project/install/px4_msgs/include/px4_msgs/px4_msgs/msg/detail/sensor_preflight_mag__rosidl_typesupport_introspection_c.h\n'}
[1.245608] (px4_msgs) StdoutLine: {'line': b'-- Installing: /home/harsh/ros2_project/install/px4_msgs/include/px4_msgs/px4_msgs/msg/detail/flight_phase_estimation__type_support.c\n'}
[1.245669] (px4_msgs) StdoutLine: {'line': b'-- Up-to-date: /home/harsh/ros2_project/install/px4_msgs/include/px4_msgs/px4_msgs/msg/detail/gimbal_device_set_attitude__rosidl_typesupport_introspection_c.h\n'}
[1.245730] (px4_msgs) StdoutLine: {'line': b'-- Up-to-date: /home/harsh/ros2_project/install/px4_msgs/include/px4_msgs/px4_msgs/msg/detail/sensor_accel_fifo__rosidl_typesupport_introspection_c.h\n'}
[1.245790] (px4_msgs) StdoutLine: {'line': b'-- Installing: /home/harsh/ros2_project/install/px4_msgs/include/px4_msgs/px4_msgs/msg/detail/gimbal_manager_status__type_support.c\n'}
[1.245851] (px4_msgs) StdoutLine: {'line': b'-- Up-to-date: /home/harsh/ros2_project/install/px4_msgs/include/px4_msgs/px4_msgs/msg/detail/gimbal_manager_information__rosidl_typesupport_introspection_c.h\n'}
[1.245913] (px4_msgs) StdoutLine: {'line': b'-- Installing: /home/harsh/ros2_project/install/px4_msgs/include/px4_msgs/px4_msgs/msg/detail/gimbal_manager_set_manual_control__type_support.c\n'}
[1.245974] (px4_msgs) StdoutLine: {'line': b'-- Up-to-date: /home/harsh/ros2_project/install/px4_msgs/include/px4_msgs/px4_msgs/msg/detail/estimator_bias__rosidl_typesupport_introspection_c.h\n'}
[1.246066] (px4_msgs) StdoutLine: {'line': b'-- Installing: /home/harsh/ros2_project/install/px4_msgs/include/px4_msgs/px4_msgs/msg/detail/arming_check_request__type_support.c\n'}
[1.246131] (px4_msgs) StdoutLine: {'line': b'-- Installing: /home/harsh/ros2_project/install/px4_msgs/include/px4_msgs/px4_msgs/msg/detail/orb_test__type_support.c\n'}
[1.246190] (px4_msgs) StdoutLine: {'line': b'-- Installing: /home/harsh/ros2_project/install/px4_msgs/include/px4_msgs/px4_msgs/msg/detail/vehicle_attitude__type_support.c\n'}
[1.246246] (px4_msgs) StdoutLine: {'line': b'-- Up-to-date: /home/harsh/ros2_project/install/px4_msgs/include/px4_msgs/px4_msgs/msg/detail/collision_constraints__rosidl_typesupport_introspection_c.h\n'}
[1.246304] (px4_msgs) StdoutLine: {'line': b'-- Installing: /home/harsh/ros2_project/install/px4_msgs/include/px4_msgs/px4_msgs/msg/detail/vehicle_command__type_support.c\n'}
[1.246361] (px4_msgs) StdoutLine: {'line': b'-- Up-to-date: /home/harsh/ros2_project/install/px4_msgs/include/px4_msgs/px4_msgs/msg/detail/ping__rosidl_typesupport_introspection_c.h\n'}
[1.246416] (px4_msgs) StdoutLine: {'line': b'-- Up-to-date: /home/harsh/ros2_project/install/px4_msgs/include/px4_msgs/px4_msgs/msg/detail/vehicle_air_data__rosidl_typesupport_introspection_c.h\n'}
[1.246477] (px4_msgs) StdoutLine: {'line': b'-- Installing: /home/harsh/ros2_project/install/px4_msgs/include/px4_msgs/px4_msgs/msg/detail/gps_dump__type_support.c\n'}
[1.246536] (px4_msgs) StdoutLine: {'line': b'-- Up-to-date: /home/harsh/ros2_project/install/px4_msgs/include/px4_msgs/px4_msgs/msg/detail/vehicle_trajectory_bezier__rosidl_typesupport_introspection_c.h\n'}
[1.246597] (px4_msgs) StdoutLine: {'line': b'-- Installing: /home/harsh/ros2_project/install/px4_msgs/include/px4_msgs/px4_msgs/msg/detail/health_report__type_support.c\n'}
[1.246657] (px4_msgs) StdoutLine: {'line': b'-- Installing: /home/harsh/ros2_project/install/px4_msgs/include/px4_msgs/px4_msgs/msg/detail/task_stack_info__type_support.c\n'}
[1.246718] (px4_msgs) StdoutLine: {'line': b'-- Installing: /home/harsh/ros2_project/install/px4_msgs/include/px4_msgs/px4_msgs/msg/detail/differential_pressure__type_support.c\n'}
[1.246782] (px4_msgs) StdoutLine: {'line': b'-- Installing: /home/harsh/ros2_project/install/px4_msgs/include/px4_msgs/px4_msgs/msg/detail/parameter_set_value_request__type_support.c\n'}
[1.246842] (px4_msgs) StdoutLine: {'line': b'-- Installing: /home/harsh/ros2_project/install/px4_msgs/include/px4_msgs/px4_msgs/msg/detail/estimator_gps_status__type_support.c\n'}
[1.246902] (px4_msgs) StdoutLine: {'line': b'-- Installing: /home/harsh/ros2_project/install/px4_msgs/include/px4_msgs/px4_msgs/msg/detail/navigator_mission_item__type_support.c\n'}
[1.246962] (px4_msgs) StdoutLine: {'line': b'-- Installing: /home/harsh/ros2_project/install/px4_msgs/include/px4_msgs/px4_msgs/msg/detail/sensor_gyro__type_support.c\n'}
[1.247028] (px4_msgs) StdoutLine: {'line': b'-- Installing: /home/harsh/ros2_project/install/px4_msgs/include/px4_msgs/px4_msgs/msg/detail/cpuload__type_support.c\n'}
[1.247091] (px4_msgs) StdoutLine: {'line': b'-- Up-to-date: /home/harsh/ros2_project/install/px4_msgs/include/px4_msgs/px4_msgs/msg/detail/sensor_correction__rosidl_typesupport_introspection_c.h\n'}
[1.247152] (px4_msgs) StdoutLine: {'line': b'-- Installing: /home/harsh/ros2_project/install/px4_msgs/include/px4_msgs/px4_msgs/msg/detail/actuator_motors__type_support.c\n'}
[1.247213] (px4_msgs) StdoutLine: {'line': b'-- Installing: /home/harsh/ros2_project/install/px4_msgs/include/px4_msgs/px4_msgs/msg/detail/vehicle_attitude_setpoint__type_support.c\n'}
[1.247272] (px4_msgs) StdoutLine: {'line': b'-- Up-to-date: /home/harsh/ros2_project/install/px4_msgs/include/px4_msgs/px4_msgs/msg/detail/manual_control_switches__rosidl_typesupport_introspection_c.h\n'}
[1.247334] (px4_msgs) StdoutLine: {'line': b'-- Installing: /home/harsh/ros2_project/install/px4_msgs/include/px4_msgs/px4_msgs/msg/detail/sensor_optical_flow__type_support.c\n'}
[1.247393] (px4_msgs) StdoutLine: {'line': b'-- Installing: /home/harsh/ros2_project/install/px4_msgs/include/px4_msgs/px4_msgs/msg/detail/ekf2_timestamps__type_support.c\n'}
[1.247451] (px4_msgs) StdoutLine: {'line': b'-- Installing: /home/harsh/ros2_project/install/px4_msgs/include/px4_msgs/px4_msgs/msg/detail/vehicle_imu_status__type_support.c\n'}
[1.247509] (px4_msgs) StdoutLine: {'line': b'-- Up-to-date: /home/harsh/ros2_project/install/px4_msgs/include/px4_msgs/px4_msgs/msg/detail/landing_gear_wheel__rosidl_typesupport_introspection_c.h\n'}
[1.247570] (px4_msgs) StdoutLine: {'line': b'-- Up-to-date: /home/harsh/ros2_project/install/px4_msgs/include/px4_msgs/px4_msgs/msg/detail/sensors_status__rosidl_typesupport_introspection_c.h\n'}
[1.247629] (px4_msgs) StdoutLine: {'line': b'-- Up-to-date: /home/harsh/ros2_project/install/px4_msgs/include/px4_msgs/px4_msgs/msg/detail/sensor_baro__rosidl_typesupport_introspection_c.h\n'}
[1.247686] (px4_msgs) StdoutLine: {'line': b'-- Up-to-date: /home/harsh/ros2_project/install/px4_msgs/include/px4_msgs/px4_msgs/msg/detail/mag_worker_data__rosidl_typesupport_introspection_c.h\n'}
[1.247744] (px4_msgs) StdoutLine: {'line': b'-- Up-to-date: /home/harsh/ros2_project/install/px4_msgs/include/px4_msgs/px4_msgs/msg/detail/landing_gear__rosidl_typesupport_introspection_c.h\n'}
[1.247823] (px4_msgs) StdoutLine: {'line': b'-- Installing: /home/harsh/ros2_project/install/px4_msgs/include/px4_msgs/px4_msgs/msg/detail/satellite_info__type_support.c\n'}
[1.247883] (px4_msgs) StdoutLine: {'line': b'-- Up-to-date: /home/harsh/ros2_project/install/px4_msgs/include/px4_msgs/px4_msgs/msg/detail/vehicle_local_position__rosidl_typesupport_introspection_c.h\n'}
[1.247974] (px4_msgs) StdoutLine: {'line': b'-- Up-to-date: /home/harsh/ros2_project/install/px4_msgs/include/px4_msgs/px4_msgs/msg/detail/geofence_status__rosidl_typesupport_introspection_c.h\n'}
[1.248035] (px4_msgs) StdoutLine: {'line': b'-- Up-to-date: /home/harsh/ros2_project/install/px4_msgs/include/px4_msgs/px4_msgs/msg/detail/health_report__rosidl_typesupport_introspection_c.h\n'}
[1.248093] (px4_msgs) StdoutLine: {'line': b'-- Up-to-date: /home/harsh/ros2_project/install/px4_msgs/include/px4_msgs/px4_msgs/msg/detail/rc_channels__rosidl_typesupport_introspection_c.h\n'}
[1.248162] (px4_msgs) StdoutLine: {'line': b'-- Installing: /home/harsh/ros2_project/install/px4_msgs/include/px4_msgs/px4_msgs/msg/detail/vehicle_imu__type_support.c\n'}
[1.248215] (px4_msgs) StdoutLine: {'line': b'-- Up-to-date: /home/harsh/ros2_project/install/px4_msgs/include/px4_msgs/px4_msgs/msg/detail/can_interface_status__rosidl_typesupport_introspection_c.h\n'}
[1.248272] (px4_msgs) StdoutLine: {'line': b'-- Installing: /home/harsh/ros2_project/install/px4_msgs/include/px4_msgs/px4_msgs/msg/detail/vehicle_trajectory_bezier__type_support.c\n'}
[1.248331] (px4_msgs) StdoutLine: {'line': b'-- Installing: /home/harsh/ros2_project/install/px4_msgs/include/px4_msgs/px4_msgs/msg/detail/manual_control_switches__type_support.c\n'}
[1.248390] (px4_msgs) StdoutLine: {'line': b'-- Installing: /home/harsh/ros2_project/install/px4_msgs/include/px4_msgs/px4_msgs/msg/detail/position_controller_landing_status__type_support.c\n'}
[1.248451] (px4_msgs) StdoutLine: {'line': b'-- Up-to-date: /home/harsh/ros2_project/install/px4_msgs/include/px4_msgs/px4_msgs/msg/detail/tecs_status__rosidl_typesupport_introspection_c.h\n'}
[1.248514] (px4_msgs) StdoutLine: {'line': b'-- Up-to-date: /home/harsh/ros2_project/install/px4_msgs/include/px4_msgs/px4_msgs/msg/detail/wheel_encoders__rosidl_typesupport_introspection_c.h\n'}
[1.248576] (px4_msgs) StdoutLine: {'line': b'-- Installing: /home/harsh/ros2_project/install/px4_msgs/include/px4_msgs/px4_msgs/msg/detail/wheel_encoders__type_support.c\n'}
[1.248636] (px4_msgs) StdoutLine: {'line': b'-- Installing: /home/harsh/ros2_project/install/px4_msgs/include/px4_msgs/px4_msgs/msg/detail/vehicle_local_position__type_support.c\n'}
[1.248695] (px4_msgs) StdoutLine: {'line': b'-- Installing: /home/harsh/ros2_project/install/px4_msgs/include/px4_msgs/px4_msgs/msg/detail/npfg_status__type_support.c\n'}
[1.248753] (px4_msgs) StdoutLine: {'line': b'-- Up-to-date: /home/harsh/ros2_project/install/px4_msgs/include/px4_msgs/px4_msgs/msg/detail/mavlink_tunnel__rosidl_typesupport_introspection_c.h\n'}
[1.248811] (px4_msgs) StdoutLine: {'line': b'-- Installing: /home/harsh/ros2_project/install/px4_msgs/include/px4_msgs/px4_msgs/msg/detail/vehicle_status__type_support.c\n'}
[1.248870] (px4_msgs) StdoutLine: {'line': b'-- Up-to-date: /home/harsh/ros2_project/install/px4_msgs/include/px4_msgs/px4_msgs/msg/detail/yaw_estimator_status__rosidl_typesupport_introspection_c.h\n'}
[1.248928] (px4_msgs) StdoutLine: {'line': b'-- Up-to-date: /home/harsh/ros2_project/install/px4_msgs/include/px4_msgs/px4_msgs/msg/detail/esc_status__rosidl_typesupport_introspection_c.h\n'}
[1.248986] (px4_msgs) StdoutLine: {'line': b'-- Installing: /home/harsh/ros2_project/install/px4_msgs/include/px4_msgs/px4_msgs/msg/detail/parameter_set_used_request__type_support.c\n'}
[1.249090] (px4_msgs) StdoutLine: {'line': b'-- Installing: /home/harsh/ros2_project/install/px4_msgs/include/px4_msgs/px4_msgs/msg/detail/takeoff_status__type_support.c\n'}
[1.249149] (px4_msgs) StdoutLine: {'line': b'-- Up-to-date: /home/harsh/ros2_project/install/px4_msgs/include/px4_msgs/px4_msgs/msg/detail/vehicle_attitude__rosidl_typesupport_introspection_c.h\n'}
[1.249207] (px4_msgs) StdoutLine: {'line': b'-- Up-to-date: /home/harsh/ros2_project/install/px4_msgs/include/px4_msgs/px4_msgs/msg/detail/parameter_reset_request__rosidl_typesupport_introspection_c.h\n'}
[1.249267] (px4_msgs) StdoutLine: {'line': b'-- Up-to-date: /home/harsh/ros2_project/install/px4_msgs/include/px4_msgs/px4_msgs/msg/detail/sensor_gyro__rosidl_typesupport_introspection_c.h\n'}
[1.249326] (px4_msgs) StdoutLine: {'line': b'-- Installing: /home/harsh/ros2_project/install/px4_msgs/include/px4_msgs/px4_msgs/msg/detail/vehicle_torque_setpoint__type_support.c\n'}
[1.249384] (px4_msgs) StdoutLine: {'line': b'-- Up-to-date: /home/harsh/ros2_project/install/px4_msgs/include/px4_msgs/px4_msgs/msg/detail/vehicle_global_position__rosidl_typesupport_introspection_c.h\n'}
[1.249468] (px4_msgs) StdoutLine: {'line': b'-- Installing: /home/harsh/ros2_project/install/px4_msgs/include/px4_msgs/px4_msgs/msg/detail/register_ext_component_request__type_support.c\n'}
[1.249532] (px4_msgs) StdoutLine: {'line': b'-- Installing: /home/harsh/ros2_project/install/px4_msgs/include/px4_msgs/px4_msgs/msg/detail/rc_parameter_map__type_support.c\n'}
[1.249609] (px4_msgs) StdoutLine: {'line': b'-- Installing: /home/harsh/ros2_project/install/px4_msgs/include/px4_msgs/px4_msgs/msg/detail/orb_test_large__type_support.c\n'}
[1.249666] (px4_msgs) StdoutLine: {'line': b'-- Up-to-date: /home/harsh/ros2_project/install/px4_msgs/include/px4_msgs/px4_msgs/msg/detail/gpio_config__rosidl_typesupport_introspection_c.h\n'}
[1.249727] (px4_msgs) StdoutLine: {'line': b'-- Up-to-date: /home/harsh/ros2_project/install/px4_msgs/include/px4_msgs/px4_msgs/msg/detail/esc_report__rosidl_typesupport_introspection_c.h\n'}
[1.249802] (px4_msgs) StdoutLine: {'line': b'-- Up-to-date: /home/harsh/ros2_project/install/px4_msgs/include/px4_msgs/px4_msgs/msg/detail/airspeed_wind__rosidl_typesupport_introspection_c.h\n'}
[1.249859] (px4_msgs) StdoutLine: {'line': b'-- Up-to-date: /home/harsh/ros2_project/install/px4_msgs/include/px4_msgs/px4_msgs/msg/detail/sensor_selection__rosidl_typesupport_introspection_c.h\n'}
[1.249916] (px4_msgs) StdoutLine: {'line': b'-- Installing: /home/harsh/ros2_project/install/px4_msgs/include/px4_msgs/px4_msgs/msg/detail/position_controller_status__type_support.c\n'}
[1.249975] (px4_msgs) StdoutLine: {'line': b'-- Installing: /home/harsh/ros2_project/install/px4_msgs/include/px4_msgs/px4_msgs/msg/detail/autotune_attitude_control_status__type_support.c\n'}
[1.250042] (px4_msgs) StdoutLine: {'line': b'-- Installing: /home/harsh/ros2_project/install/px4_msgs/include/px4_msgs/px4_msgs/msg/detail/estimator_aid_source3d__type_support.c\n'}
[1.250102] (px4_msgs) StdoutLine: {'line': b'-- Up-to-date: /home/harsh/ros2_project/install/px4_msgs/include/px4_msgs/px4_msgs/msg/detail/unregister_ext_component__rosidl_typesupport_introspection_c.h\n'}
[1.250161] (px4_msgs) StdoutLine: {'line': b'-- Up-to-date: /home/harsh/ros2_project/install/px4_msgs/include/px4_msgs/px4_msgs/msg/detail/collision_report__rosidl_typesupport_introspection_c.h\n'}
[1.250219] (px4_msgs) StdoutLine: {'line': b'-- Up-to-date: /home/harsh/ros2_project/install/px4_msgs/include/px4_msgs/px4_msgs/msg/detail/orb_test__rosidl_typesupport_introspection_c.h\n'}
[1.250280] (px4_msgs) StdoutLine: {'line': b'-- Installing: /home/harsh/ros2_project/install/px4_msgs/include/px4_msgs/px4_msgs/msg/detail/collision_constraints__type_support.c\n'}
[1.250338] (px4_msgs) StdoutLine: {'line': b'-- Up-to-date: /home/harsh/ros2_project/install/px4_msgs/include/px4_msgs/px4_msgs/msg/detail/vehicle_torque_setpoint__rosidl_typesupport_introspection_c.h\n'}
[1.250398] (px4_msgs) StdoutLine: {'line': b'-- Installing: /home/harsh/ros2_project/install/px4_msgs/include/px4_msgs/px4_msgs/msg/detail/gpio_request__type_support.c\n'}
[1.250462] (px4_msgs) StdoutLine: {'line': b'-- Installing: /home/harsh/ros2_project/install/px4_msgs/include/px4_msgs/px4_msgs/msg/detail/onboard_computer_status__type_support.c\n'}
[1.250522] (px4_msgs) StdoutLine: {'line': b'-- Up-to-date: /home/harsh/ros2_project/install/px4_msgs/include/px4_msgs/px4_msgs/msg/detail/gimbal_manager_status__rosidl_typesupport_introspection_c.h\n'}
[1.250578] (px4_msgs) StdoutLine: {'line': b'-- Up-to-date: /home/harsh/ros2_project/install/px4_msgs/include/px4_msgs/px4_msgs/msg/detail/vehicle_angular_velocity__rosidl_typesupport_introspection_c.h\n'}
[1.250638] (px4_msgs) StdoutLine: {'line': b'-- Installing: /home/harsh/ros2_project/install/px4_msgs/include/px4_msgs/px4_msgs/msg/detail/estimator_sensor_bias__type_support.c\n'}
[1.250700] (px4_msgs) StdoutLine: {'line': b'-- Installing: /home/harsh/ros2_project/install/px4_msgs/include/px4_msgs/px4_msgs/msg/detail/debug_vect__type_support.c\n'}
[1.250760] (px4_msgs) StdoutLine: {'line': b'-- Up-to-date: /home/harsh/ros2_project/install/px4_msgs/include/px4_msgs/px4_msgs/msg/detail/npfg_status__rosidl_typesupport_introspection_c.h\n'}
[1.250850] (px4_msgs) StdoutLine: {'line': b'-- Installing: /home/harsh/ros2_project/install/px4_msgs/include/px4_msgs/px4_msgs/msg/detail/action_request__type_support.c\n'}
[1.250913] (px4_msgs) StdoutLine: {'line': b'-- Installing: /home/harsh/ros2_project/install/px4_msgs/include/px4_msgs/px4_msgs/msg/detail/estimator_bias__type_support.c\n'}
[1.250967] (px4_msgs) StdoutLine: {'line': b'-- Installing: /home/harsh/ros2_project/install/px4_msgs/include/px4_msgs/px4_msgs/msg/detail/sensor_gnss_relative__type_support.c\n'}
[1.251032] (px4_msgs) StdoutLine: {'line': b'-- Up-to-date: /home/harsh/ros2_project/install/px4_msgs/include/px4_msgs/px4_msgs/msg/detail/trajectory_setpoint__rosidl_typesupport_introspection_c.h\n'}
[1.251097] (px4_msgs) StdoutLine: {'line': b'-- Up-to-date: /home/harsh/ros2_project/install/px4_msgs/include/px4_msgs/px4_msgs/msg/detail/landing_target_pose__rosidl_typesupport_introspection_c.h\n'}
[1.251159] (px4_msgs) StdoutLine: {'line': b'-- Up-to-date: /home/harsh/ros2_project/install/px4_msgs/include/px4_msgs/px4_msgs/msg/detail/parameter_set_used_request__rosidl_typesupport_introspection_c.h\n'}
[1.251240] (px4_msgs) StdoutLine: {'line': b'-- Up-to-date: /home/harsh/ros2_project/install/px4_msgs/include/px4_msgs/px4_msgs/msg/detail/sensor_hygrometer__rosidl_typesupport_introspection_c.h\n'}
[1.251333] (px4_msgs) StdoutLine: {'line': b'-- Installing: /home/harsh/ros2_project/install/px4_msgs/include/px4_msgs/px4_msgs/msg/detail/parameter_set_value_response__type_support.c\n'}
[1.251395] (px4_msgs) StdoutLine: {'line': b'-- Up-to-date: /home/harsh/ros2_project/install/px4_msgs/include/px4_msgs/px4_msgs/msg/detail/estimator_gps_status__rosidl_typesupport_introspection_c.h\n'}
[1.251454] (px4_msgs) StdoutLine: {'line': b'-- Up-to-date: /home/harsh/ros2_project/install/px4_msgs/include/px4_msgs/px4_msgs/msg/detail/trajectory_bezier__rosidl_typesupport_introspection_c.h\n'}
[1.251512] (px4_msgs) StdoutLine: {'line': b'-- Installing: /home/harsh/ros2_project/install/px4_msgs/include/px4_msgs/px4_msgs/msg/detail/sensor_baro__type_support.c\n'}
[1.251570] (px4_msgs) StdoutLine: {'line': b'-- Installing: /home/harsh/ros2_project/install/px4_msgs/include/px4_msgs/px4_msgs/msg/detail/internal_combustion_engine_status__type_support.c\n'}
[1.251652] (px4_msgs) StdoutLine: {'line': b'-- Up-to-date: /home/harsh/ros2_project/install/px4_msgs/include/px4_msgs/px4_msgs/msg/detail/button_event__rosidl_typesupport_introspection_c.h\n'}
[1.251707] (px4_msgs) StdoutLine: {'line': b'-- Up-to-date: /home/harsh/ros2_project/install/px4_msgs/include/px4_msgs/px4_msgs/msg/detail/message_format_request__rosidl_typesupport_introspection_c.h\n'}
[1.251759] (px4_msgs) StdoutLine: {'line': b'-- Installing: /home/harsh/ros2_project/install/px4_msgs/include/px4_msgs/px4_msgs/msg/detail/rc_channels__type_support.c\n'}
[1.251814] (px4_msgs) StdoutLine: {'line': b'-- Up-to-date: /home/harsh/ros2_project/install/px4_msgs/include/px4_msgs/px4_msgs/msg/detail/airspeed_validated__rosidl_typesupport_introspection_c.h\n'}
[1.251874] (px4_msgs) StdoutLine: {'line': b'-- Up-to-date: /home/harsh/ros2_project/install/px4_msgs/include/px4_msgs/px4_msgs/msg/detail/offboard_control_mode__rosidl_typesupport_introspection_c.h\n'}
[1.251930] (px4_msgs) StdoutLine: {'line': b'-- Up-to-date: /home/harsh/ros2_project/install/px4_msgs/include/px4_msgs/px4_msgs/msg/detail/estimator_innovations__rosidl_typesupport_introspection_c.h\n'}
[1.251986] (px4_msgs) StdoutLine: {'line': b'-- Up-to-date: /home/harsh/ros2_project/install/px4_msgs/include/px4_msgs/px4_msgs/msg/detail/qshell_retval__rosidl_typesupport_introspection_c.h\n'}
[1.252049] (px4_msgs) StdoutLine: {'line': b'-- Up-to-date: /home/harsh/ros2_project/install/px4_msgs/include/px4_msgs/px4_msgs/msg/detail/estimator_status__rosidl_typesupport_introspection_c.h\n'}
[1.252128] (px4_msgs) StdoutLine: {'line': b'-- Up-to-date: /home/harsh/ros2_project/install/px4_msgs/include/px4_msgs/px4_msgs/msg/detail/actuator_outputs__rosidl_typesupport_introspection_c.h\n'}
[1.252186] (px4_msgs) StdoutLine: {'line': b'-- Up-to-date: /home/harsh/ros2_project/install/px4_msgs/include/px4_msgs/px4_msgs/msg/detail/airspeed__rosidl_typesupport_introspection_c.h\n'}
[1.252244] (px4_msgs) StdoutLine: {'line': b'-- Installing: /home/harsh/ros2_project/install/px4_msgs/include/px4_msgs/px4_msgs/msg/detail/differential_drive_setpoint__type_support.c\n'}
[1.252299] (px4_msgs) StdoutLine: {'line': b'-- Installing: /home/harsh/ros2_project/install/px4_msgs/include/px4_msgs/px4_msgs/msg/detail/transponder_report__type_support.c\n'}
[1.252362] (px4_msgs) StdoutLine: {'line': b'-- Up-to-date: /home/harsh/ros2_project/install/px4_msgs/include/px4_msgs/px4_msgs/msg/detail/camera_trigger__rosidl_typesupport_introspection_c.h\n'}
[1.252419] (px4_msgs) StdoutLine: {'line': b'-- Up-to-date: /home/harsh/ros2_project/install/px4_msgs/include/px4_msgs/px4_msgs/msg/detail/timesync_status__rosidl_typesupport_introspection_c.h\n'}
[1.252475] (px4_msgs) StdoutLine: {'line': b'-- Up-to-date: /home/harsh/ros2_project/install/px4_msgs/include/px4_msgs/px4_msgs/msg/detail/power_button_state__rosidl_typesupport_introspection_c.h\n'}
[1.252534] (px4_msgs) StdoutLine: {'line': b'-- Up-to-date: /home/harsh/ros2_project/install/px4_msgs/include/px4_msgs/px4_msgs/msg/detail/vehicle_roi__rosidl_typesupport_introspection_c.h\n'}
[1.252590] (px4_msgs) StdoutLine: {'line': b'-- Up-to-date: /home/harsh/ros2_project/install/px4_msgs/include/px4_msgs/px4_msgs/msg/detail/differential_pressure__rosidl_typesupport_introspection_c.h\n'}
[1.252646] (px4_msgs) StdoutLine: {'line': b'-- Installing: /home/harsh/ros2_project/install/px4_msgs/include/px4_msgs/px4_msgs/msg/detail/landing_gear_wheel__type_support.c\n'}
[1.252701] (px4_msgs) StdoutLine: {'line': b'-- Installing: /home/harsh/ros2_project/install/px4_msgs/include/px4_msgs/px4_msgs/msg/detail/sensors_status__type_support.c\n'}
[1.252761] (px4_msgs) StdoutLine: {'line': b'-- Up-to-date: /home/harsh/ros2_project/install/px4_msgs/include/px4_msgs/px4_msgs/msg/detail/message_format_response__rosidl_typesupport_introspection_c.h\n'}
[1.252816] (px4_msgs) StdoutLine: {'line': b'-- Installing: /home/harsh/ros2_project/install/px4_msgs/include/px4_msgs/px4_msgs/msg/detail/telemetry_status__type_support.c\n'}
[1.252872] (px4_msgs) StdoutLine: {'line': b'-- Up-to-date: /home/harsh/ros2_project/install/px4_msgs/include/px4_msgs/px4_msgs/msg/detail/input_rc__rosidl_typesupport_introspection_c.h\n'}
[1.252967] (px4_msgs) StdoutLine: {'line': b'-- Installing: /home/harsh/ros2_project/install/px4_msgs/include/px4_msgs/px4_msgs/msg/detail/mission_result__type_support.c\n'}
[1.253031] (px4_msgs) StdoutLine: {'line': b'-- Installing: /home/harsh/ros2_project/install/px4_msgs/include/px4_msgs/px4_msgs/msg/detail/airspeed_wind__type_support.c\n'}
[1.253090] (px4_msgs) StdoutLine: {'line': b'-- Up-to-date: /home/harsh/ros2_project/install/px4_msgs/include/px4_msgs/px4_msgs/msg/detail/orb_test_large__rosidl_typesupport_introspection_c.h\n'}
[1.253147] (px4_msgs) StdoutLine: {'line': b'-- Up-to-date: /home/harsh/ros2_project/install/px4_msgs/include/px4_msgs/px4_msgs/msg/detail/vehicle_angular_acceleration_setpoint__rosidl_typesupport_introspection_c.h\n'}
[1.253210] (px4_msgs) StdoutLine: {'line': b'-- Installing: /home/harsh/ros2_project/install/px4_msgs/include/px4_msgs/px4_msgs/msg/detail/gimbal_device_attitude_status__type_support.c\n'}
[1.253266] (px4_msgs) StdoutLine: {'line': b'-- Installing: /home/harsh/ros2_project/install/px4_msgs/include/px4_msgs/px4_msgs/msg/detail/camera_capture__type_support.c\n'}
[1.253322] (px4_msgs) StdoutLine: {'line': b'-- Installing: /home/harsh/ros2_project/install/px4_msgs/include/px4_msgs/px4_msgs/msg/detail/estimator_selector_status__type_support.c\n'}
[1.253407] (px4_msgs) StdoutLine: {'line': b'-- Installing: /home/harsh/ros2_project/install/px4_msgs/include/px4_msgs/px4_msgs/msg/detail/vehicle_roi__type_support.c\n'}
[1.253466] (px4_msgs) StdoutLine: {'line': b'-- Up-to-date: /home/harsh/ros2_project/install/px4_msgs/include/px4_msgs/px4_msgs/msg/detail/control_allocator_status__rosidl_typesupport_introspection_c.h\n'}
[1.253536] (px4_msgs) StdoutLine: {'line': b'-- Up-to-date: /home/harsh/ros2_project/install/px4_msgs/include/px4_msgs/px4_msgs/msg/detail/sensor_gyro_fifo__rosidl_typesupport_introspection_c.h\n'}
[1.253588] (px4_msgs) StdoutLine: {'line': b'-- Installing: /home/harsh/ros2_project/install/px4_msgs/include/px4_msgs/px4_msgs/msg/detail/follow_target__type_support.c\n'}
[1.253642] (px4_msgs) StdoutLine: {'line': b'-- Installing: /home/harsh/ros2_project/install/px4_msgs/include/px4_msgs/px4_msgs/msg/detail/vehicle_trajectory_waypoint__type_support.c\n'}
[1.253694] (px4_msgs) StdoutLine: {'line': b'-- Installing: /home/harsh/ros2_project/install/px4_msgs/include/px4_msgs/px4_msgs/msg/detail/yaw_estimator_status__type_support.c\n'}
[1.253750] (px4_msgs) StdoutLine: {'line': b'-- Installing: /home/harsh/ros2_project/install/px4_msgs/include/px4_msgs/px4_msgs/msg/detail/camera_trigger__type_support.c\n'}
[1.253807] (px4_msgs) StdoutLine: {'line': b'-- Installing: /home/harsh/ros2_project/install/px4_msgs/include/px4_msgs/px4_msgs/msg/detail/ulog_stream__type_support.c\n'}
[1.253863] (px4_msgs) StdoutLine: {'line': b'-- Up-to-date: /home/harsh/ros2_project/install/px4_msgs/include/px4_msgs/px4_msgs/msg/detail/adc_report__rosidl_typesupport_introspection_c.h\n'}
[1.253919] (px4_msgs) StdoutLine: {'line': b'-- Installing: /home/harsh/ros2_project/install/px4_msgs/include/px4_msgs/px4_msgs/msg/detail/pps_capture__type_support.c\n'}
[1.253974] (px4_msgs) StdoutLine: {'line': b'-- Installing: /home/harsh/ros2_project/install/px4_msgs/include/px4_msgs/px4_msgs/msg/detail/follow_target_estimator__type_support.c\n'}
[1.254035] (px4_msgs) StdoutLine: {'line': b'-- Installing: /home/harsh/ros2_project/install/px4_msgs/include/px4_msgs/px4_msgs/msg/detail/sensor_selection__type_support.c\n'}
[1.254094] (px4_msgs) StdoutLine: {'line': b'-- Up-to-date: /home/harsh/ros2_project/install/px4_msgs/include/px4_msgs/px4_msgs/msg/detail/battery_status__rosidl_typesupport_introspection_c.h\n'}
[1.254149] (px4_msgs) StdoutLine: {'line': b'-- Up-to-date: /home/harsh/ros2_project/install/px4_msgs/include/px4_msgs/px4_msgs/msg/detail/register_ext_component_reply__rosidl_typesupport_introspection_c.h\n'}
[1.254206] (px4_msgs) StdoutLine: {'line': b'-- Installing: /home/harsh/ros2_project/install/px4_msgs/include/px4_msgs/px4_msgs/msg/detail/sensor_gyro_fft__type_support.c\n'}
[1.254263] (px4_msgs) StdoutLine: {'line': b'-- Installing: /home/harsh/ros2_project/install/px4_msgs/include/px4_msgs/px4_msgs/msg/detail/vehicle_global_position__type_support.c\n'}
[1.254317] (px4_msgs) StdoutLine: {'line': b'-- Up-to-date: /home/harsh/ros2_project/install/px4_msgs/include/px4_msgs/px4_msgs/msg/detail/gpio_out__rosidl_typesupport_introspection_c.h\n'}
[1.254374] (px4_msgs) StdoutLine: {'line': b'-- Up-to-date: /home/harsh/ros2_project/install/px4_msgs/include/px4_msgs/px4_msgs/msg/detail/navigator_mission_item__rosidl_typesupport_introspection_c.h\n'}
[1.254430] (px4_msgs) StdoutLine: {'line': b'-- Installing: /home/harsh/ros2_project/install/px4_msgs/include/px4_msgs/px4_msgs/msg/detail/power_button_state__type_support.c\n'}
[1.254488] (px4_msgs) StdoutLine: {'line': b'-- Up-to-date: /home/harsh/ros2_project/install/px4_msgs/include/px4_msgs/px4_msgs/msg/detail/task_stack_info__rosidl_typesupport_introspection_c.h\n'}
[1.254544] (px4_msgs) StdoutLine: {'line': b'-- Installing: /home/harsh/ros2_project/install/px4_msgs/include/px4_msgs/px4_msgs/msg/detail/parameter_update__type_support.c\n'}
[1.254632] (px4_msgs) StdoutLine: {'line': b'-- Up-to-date: /home/harsh/ros2_project/install/px4_msgs/include/px4_msgs/px4_msgs/msg/detail/orb_test_medium__rosidl_typesupport_introspection_c.h\n'}
[1.254687] (px4_msgs) StdoutLine: {'line': b'-- Up-to-date: /home/harsh/ros2_project/install/px4_msgs/include/px4_msgs/px4_msgs/msg/detail/landing_target_innovations__rosidl_typesupport_introspection_c.h\n'}
[1.254740] (px4_msgs) StdoutLine: {'line': b'-- Installing: /home/harsh/ros2_project/install/px4_msgs/include/px4_msgs/px4_msgs/msg/detail/estimator_event_flags__type_support.c\n'}
[1.254795] (px4_msgs) StdoutLine: {'line': b'-- Installing: /home/harsh/ros2_project/install/px4_msgs/include/px4_msgs/px4_msgs/msg/detail/estimator_aid_source1d__type_support.c\n'}
[1.254852] (px4_msgs) StdoutLine: {'line': b'-- Installing: /home/harsh/ros2_project/install/px4_msgs/include/px4_msgs/px4_msgs/msg/detail/offboard_control_mode__type_support.c\n'}
[1.254906] (px4_msgs) StdoutLine: {'line': b'-- Installing: /home/harsh/ros2_project/install/px4_msgs/include/px4_msgs/px4_msgs/msg/detail/gpio_in__type_support.c\n'}
[1.254961] (px4_msgs) StdoutLine: {'line': b'-- Installing: /home/harsh/ros2_project/install/px4_msgs/include/px4_msgs/px4_msgs/msg/detail/event__type_support.c\n'}
[1.255040] (px4_msgs) StdoutLine: {'line': b'-- Installing: /home/harsh/ros2_project/install/px4_msgs/include/px4_msgs/px4_msgs/msg/detail/vehicle_land_detected__type_support.c\n'}
[1.255096] (px4_msgs) StdoutLine: {'line': b'-- Up-to-date: /home/harsh/ros2_project/install/px4_msgs/include/px4_msgs/px4_msgs/msg/detail/arming_check_request__rosidl_typesupport_introspection_c.h\n'}
[1.255151] (px4_msgs) StdoutLine: {'line': b'-- Up-to-date: /home/harsh/ros2_project/install/px4_msgs/include/px4_msgs/px4_msgs/msg/detail/onboard_computer_status__rosidl_typesupport_introspection_c.h\n'}
[1.255205] (px4_msgs) StdoutLine: {'line': b'-- Up-to-date: /home/harsh/ros2_project/install/px4_msgs/include/px4_msgs/px4_msgs/msg/detail/velocity_limits__rosidl_typesupport_introspection_c.h\n'}
[1.255261] (px4_msgs) StdoutLine: {'line': b'-- Up-to-date: /home/harsh/ros2_project/install/px4_msgs/include/px4_msgs/px4_msgs/msg/detail/actuator_servos_trim__rosidl_typesupport_introspection_c.h\n'}
[1.255318] (px4_msgs) StdoutLine: {'line': b'-- Up-to-date: /home/harsh/ros2_project/install/px4_msgs/include/px4_msgs/px4_msgs/msg/detail/arming_check_reply__rosidl_typesupport_introspection_c.h\n'}
[1.255375] (px4_msgs) StdoutLine: {'line': b'-- Installing: /home/harsh/ros2_project/install/px4_msgs/include/px4_msgs/px4_msgs/msg/detail/sensor_combined__type_support.c\n'}
[1.255433] (px4_msgs) StdoutLine: {'line': b'-- Installing: /home/harsh/ros2_project/install/px4_msgs/include/px4_msgs/px4_msgs/msg/detail/failsafe_flags__type_support.c\n'}
[1.255490] (px4_msgs) StdoutLine: {'line': b'-- Installing: /home/harsh/ros2_project/install/px4_msgs/include/px4_msgs/px4_msgs/msg/detail/camera_status__type_support.c\n'}
[1.255549] (px4_msgs) StdoutLine: {'line': b'-- Installing: /home/harsh/ros2_project/install/px4_msgs/include/px4_msgs/px4_msgs/msg/detail/actuator_controls_status__type_support.c\n'}
[1.255608] (px4_msgs) StdoutLine: {'line': b'-- Installing: /home/harsh/ros2_project/install/px4_msgs/include/px4_msgs/px4_msgs/msg/detail/vehicle_local_position_setpoint__type_support.c\n'}
[1.255665] (px4_msgs) StdoutLine: {'line': b'-- Installing: /home/harsh/ros2_project/install/px4_msgs/include/px4_msgs/px4_msgs/msg/detail/tecs_status__type_support.c\n'}
[1.255720] (px4_msgs) StdoutLine: {'line': b'-- Up-to-date: /home/harsh/ros2_project/install/px4_msgs/include/px4_msgs/px4_msgs/msg/detail/vehicle_status__rosidl_typesupport_introspection_c.h\n'}
[1.255789] (px4_msgs) StdoutLine: {'line': b'-- Up-to-date: /home/harsh/ros2_project/install/px4_msgs/include/px4_msgs/px4_msgs/msg/detail/sensor_airflow__rosidl_typesupport_introspection_c.h\n'}
[1.255941] (px4_msgs) StdoutLine: {'line': b'-- Up-to-date: /home/harsh/ros2_project/install/px4_msgs/include/px4_msgs/px4_msgs/msg/detail/sensor_gyro_fft__rosidl_typesupport_introspection_c.h\n'}
[1.256129] (px4_msgs) StdoutLine: {'line': b'-- Installing: /home/harsh/ros2_project/install/px4_msgs/include/px4_msgs/px4_msgs/msg/detail/velocity_limits__type_support.c\n'}
[1.256188] (px4_msgs) StdoutLine: {'line': b'-- Up-to-date: /home/harsh/ros2_project/install/px4_msgs/include/px4_msgs/px4_msgs/msg/detail/estimator_status_flags__rosidl_typesupport_introspection_c.h\n'}
[1.256241] (px4_msgs) StdoutLine: {'line': b'-- Installing: /home/harsh/ros2_project/install/px4_msgs/include/px4_msgs/px4_msgs/msg/detail/vehicle_angular_velocity__type_support.c\n'}
[1.256303] (px4_msgs) StdoutLine: {'line': b'-- Installing: /home/harsh/ros2_project/install/px4_msgs/include/px4_msgs/px4_msgs/msg/detail/debug_key_value__type_support.c\n'}
[1.256359] (px4_msgs) StdoutLine: {'line': b'-- Up-to-date: /home/harsh/ros2_project/install/px4_msgs/include/px4_msgs/px4_msgs/msg/detail/rtl_time_estimate__rosidl_typesupport_introspection_c.h\n'}
[1.256417] (px4_msgs) StdoutLine: {'line': b'-- Up-to-date: /home/harsh/ros2_project/install/px4_msgs/include/px4_msgs/px4_msgs/msg/detail/config_overrides__rosidl_typesupport_introspection_c.h\n'}
[1.256478] (px4_msgs) StdoutLine: {'line': b'-- Installing: /home/harsh/ros2_project/install/px4_msgs/include/px4_msgs/px4_msgs/msg/detail/gpio_config__type_support.c\n'}
[1.256534] (px4_msgs) StdoutLine: {'line': b'-- Up-to-date: /home/harsh/ros2_project/install/px4_msgs/include/px4_msgs/px4_msgs/msg/detail/gimbal_device_attitude_status__rosidl_typesupport_introspection_c.h\n'}
[1.256591] (px4_msgs) StdoutLine: {'line': b'-- Up-to-date: /home/harsh/ros2_project/install/px4_msgs/include/px4_msgs/px4_msgs/msg/detail/satellite_info__rosidl_typesupport_introspection_c.h\n'}
[1.256647] (px4_msgs) StdoutLine: {'line': b'-- Up-to-date: /home/harsh/ros2_project/install/px4_msgs/include/px4_msgs/px4_msgs/msg/detail/mode_completed__rosidl_typesupport_introspection_c.h\n'}
[1.256704] (px4_msgs) StdoutLine: {'line': b'-- Installing: /home/harsh/ros2_project/install/px4_msgs/include/px4_msgs/px4_msgs/msg/detail/debug_array__type_support.c\n'}
[1.256767] (px4_msgs) StdoutLine: {'line': b'-- Up-to-date: /home/harsh/ros2_project/install/px4_msgs/include/px4_msgs/px4_msgs/msg/detail/actuator_armed__rosidl_typesupport_introspection_c.h\n'}
[1.256828] (px4_msgs) StdoutLine: {'line': b'-- Up-to-date: /home/harsh/ros2_project/install/px4_msgs/include/px4_msgs/px4_msgs/msg/detail/gimbal_manager_set_attitude__rosidl_typesupport_introspection_c.h\n'}
[1.256892] (px4_msgs) StdoutLine: {'line': b'-- Installing: /home/harsh/ros2_project/install/px4_msgs/include/px4_msgs/px4_msgs/msg/detail/input_rc__type_support.c\n'}
[1.256955] (px4_msgs) StdoutLine: {'line': b'-- Up-to-date: /home/harsh/ros2_project/install/px4_msgs/include/px4_msgs/px4_msgs/msg/detail/parameter_update__rosidl_typesupport_introspection_c.h\n'}
[1.257026] (px4_msgs) StdoutLine: {'line': b'-- Installing: /home/harsh/ros2_project/install/px4_msgs/include/px4_msgs/px4_msgs/msg/detail/radio_status__type_support.c\n'}
[1.257132] (px4_msgs) StdoutLine: {'line': b'-- Installing: /home/harsh/ros2_project/install/px4_msgs/include/px4_msgs/px4_msgs/msg/detail/figure_eight_status__type_support.c\n'}
[1.257188] (px4_msgs) StdoutLine: {'line': b'-- Up-to-date: /home/harsh/ros2_project/install/px4_msgs/include/px4_msgs/px4_msgs/msg/detail/camera_capture__rosidl_typesupport_introspection_c.h\n'}
[1.257247] (px4_msgs) StdoutLine: {'line': b'-- Installing: /home/harsh/ros2_project/install/px4_msgs/include/px4_msgs/px4_msgs/msg/detail/follow_target_status__type_support.c\n'}
[1.257308] (px4_msgs) StdoutLine: {'line': b'-- Installing: /home/harsh/ros2_project/install/px4_msgs/include/px4_msgs/px4_msgs/msg/detail/vehicle_air_data__type_support.c\n'}
[1.257375] (px4_msgs) StdoutLine: {'line': b'-- Installing: /home/harsh/ros2_project/install/px4_msgs/include/px4_msgs/px4_msgs/msg/detail/hover_thrust_estimate__type_support.c\n'}
[1.257442] (px4_msgs) StdoutLine: {'line': b'-- Up-to-date: /home/harsh/ros2_project/install/px4_msgs/include/px4_msgs/px4_msgs/msg/detail/sensor_gps__rosidl_typesupport_introspection_c.h\n'}
[1.257516] (px4_msgs) StdoutLine: {'line': b'-- Installing: /home/harsh/ros2_project/install/px4_msgs/include/px4_msgs/px4_msgs/msg/detail/esc_report__type_support.c\n'}
[1.257576] (px4_msgs) StdoutLine: {'line': b'-- Up-to-date: /home/harsh/ros2_project/install/px4_msgs/include/px4_msgs/px4_msgs/msg/detail/pps_capture__rosidl_typesupport_introspection_c.h\n'}
[1.257635] (px4_msgs) StdoutLine: {'line': b'-- Installing: /home/harsh/ros2_project/install/px4_msgs/include/px4_msgs/px4_msgs/msg/detail/failure_detector_status__type_support.c\n'}
[1.257726] (px4_msgs) StdoutLine: {'line': b'-- Installing: /home/harsh/ros2_project/install/px4_msgs/include/px4_msgs/px4_msgs/msg/detail/actuator_outputs__type_support.c\n'}
[1.257782] (px4_msgs) StdoutLine: {'line': b'-- Installing: /home/harsh/ros2_project/install/px4_msgs/include/px4_msgs/px4_msgs/msg/detail/actuator_test__type_support.c\n'}
[1.257836] (px4_msgs) StdoutLine: {'line': b'-- Up-to-date: /home/harsh/ros2_project/install/px4_msgs/include/px4_msgs/px4_msgs/msg/detail/radio_status__rosidl_typesupport_introspection_c.h\n'}
[1.257886] (px4_msgs) StdoutLine: {'line': b'-- Up-to-date: /home/harsh/ros2_project/install/px4_msgs/include/px4_msgs/px4_msgs/msg/detail/debug_key_value__rosidl_typesupport_introspection_c.h\n'}
[1.257939] (px4_msgs) StdoutLine: {'line': b'-- Installing: /home/harsh/ros2_project/install/px4_msgs/include/px4_msgs/px4_msgs/msg/detail/iridiumsbd_status__type_support.c\n'}
[1.257994] (px4_msgs) StdoutLine: {'line': b'-- Up-to-date: /home/harsh/ros2_project/install/px4_msgs/include/px4_msgs/px4_msgs/msg/detail/vehicle_constraints__rosidl_typesupport_introspection_c.h\n'}
[1.258079] (px4_msgs) StdoutLine: {'line': b'-- Up-to-date: /home/harsh/ros2_project/install/px4_msgs/include/px4_msgs/px4_msgs/msg/detail/vehicle_command_ack__rosidl_typesupport_introspection_c.h\n'}
[1.258132] (px4_msgs) StdoutLine: {'line': b'-- Up-to-date: /home/harsh/ros2_project/install/px4_msgs/include/px4_msgs/px4_msgs/msg/detail/vehicle_attitude_setpoint__rosidl_typesupport_introspection_c.h\n'}
[1.258185] (px4_msgs) StdoutLine: {'line': b'-- Up-to-date: /home/harsh/ros2_project/install/px4_msgs/include/px4_msgs/px4_msgs/msg/detail/vehicle_local_position_setpoint__rosidl_typesupport_introspection_c.h\n'}
[1.258252] (px4_msgs) StdoutLine: {'line': b'-- Installing: /home/harsh/ros2_project/install/px4_msgs/include/px4_msgs/px4_msgs/msg/detail/normalized_unsigned_setpoint__type_support.c\n'}
[1.258305] (px4_msgs) StdoutLine: {'line': b'-- Up-to-date: /home/harsh/ros2_project/install/px4_msgs/include/px4_msgs/px4_msgs/msg/detail/internal_combustion_engine_status__rosidl_typesupport_introspection_c.h\n'}
[1.258357] (px4_msgs) StdoutLine: {'line': b'-- Up-to-date: /home/harsh/ros2_project/install/px4_msgs/include/px4_msgs/px4_msgs/msg/detail/vehicle_acceleration__rosidl_typesupport_introspection_c.h\n'}
[1.258420] (px4_msgs) StdoutLine: {'line': b'-- Installing: /home/harsh/ros2_project/install/px4_msgs/include/px4_msgs/px4_msgs/msg/detail/vehicle_angular_acceleration_setpoint__type_support.c\n'}
[1.258471] (px4_msgs) StdoutLine: {'line': b'-- Installing: /home/harsh/ros2_project/install/px4_msgs/include/px4_msgs/px4_msgs/msg/detail/qshell_req__type_support.c\n'}
[1.258520] (px4_msgs) StdoutLine: {'line': b'-- Installing: /home/harsh/ros2_project/install/px4_msgs/include/px4_msgs/px4_msgs/msg/detail/esc_status__type_support.c\n'}
[1.258571] (px4_msgs) StdoutLine: {'line': b'-- Up-to-date: /home/harsh/ros2_project/install/px4_msgs/include/px4_msgs/px4_msgs/msg/detail/vehicle_command__rosidl_typesupport_introspection_c.h\n'}
[1.258625] (px4_msgs) StdoutLine: {'line': b'-- Up-to-date: /home/harsh/ros2_project/install/px4_msgs/include/px4_msgs/px4_msgs/msg/detail/vehicle_imu__rosidl_typesupport_introspection_c.h\n'}
[1.258682] (px4_msgs) StdoutLine: {'line': b'-- Installing: /home/harsh/ros2_project/install/px4_msgs/include/px4_msgs/px4_msgs/msg/detail/actuator_armed__type_support.c\n'}
[1.258747] (px4_msgs) StdoutLine: {'line': b'-- Up-to-date: /home/harsh/ros2_project/install/px4_msgs/include/px4_msgs/px4_msgs/msg/detail/sensor_combined__rosidl_typesupport_introspection_c.h\n'}
[1.258812] (px4_msgs) StdoutLine: {'line': b'-- Installing: /home/harsh/ros2_project/install/px4_msgs/include/px4_msgs/px4_msgs/msg/detail/dataman_request__type_support.c\n'}
[1.258901] (px4_msgs) StdoutLine: {'line': b'-- Installing: /home/harsh/ros2_project/install/px4_msgs/include/px4_msgs/px4_msgs/msg/detail/obstacle_distance__type_support.c\n'}
[1.258961] (px4_msgs) StdoutLine: {'line': b'-- Up-to-date: /home/harsh/ros2_project/install/px4_msgs/include/px4_msgs/px4_msgs/msg/detail/rate_ctrl_status__rosidl_typesupport_introspection_c.h\n'}
[1.259023] (px4_msgs) StdoutLine: {'line': b'-- Up-to-date: /home/harsh/ros2_project/install/px4_msgs/include/px4_msgs/px4_msgs/msg/detail/tiltrotor_extra_controls__rosidl_typesupport_introspection_c.h\n'}
[1.259084] (px4_msgs) StdoutLine: {'line': b'-- Installing: /home/harsh/ros2_project/install/px4_msgs/include/px4_msgs/px4_msgs/msg/detail/ping__type_support.c\n'}
[1.259142] (px4_msgs) StdoutLine: {'line': b'-- Installing: /home/harsh/ros2_project/install/px4_msgs/include/px4_msgs/px4_msgs/msg/detail/estimator_status_flags__type_support.c\n'}
[1.259202] (px4_msgs) StdoutLine: {'line': b'-- Installing: /home/harsh/ros2_project/install/px4_msgs/include/px4_msgs/px4_msgs/msg/detail/gpio_out__type_support.c\n'}
[1.259265] (px4_msgs) StdoutLine: {'line': b'-- Up-to-date: /home/harsh/ros2_project/install/px4_msgs/include/px4_msgs/px4_msgs/msg/detail/sensor_mag__rosidl_typesupport_introspection_c.h\n'}
[1.259323] (px4_msgs) StdoutLine: {'line': b'-- Up-to-date: /home/harsh/ros2_project/install/px4_msgs/include/px4_msgs/px4_msgs/msg/detail/gpio_in__rosidl_typesupport_introspection_c.h\n'}
[1.259389] (px4_msgs) StdoutLine: {'line': b'-- Up-to-date: /home/harsh/ros2_project/install/px4_msgs/include/px4_msgs/px4_msgs/srv\n'}
[1.259460] (px4_msgs) StdoutLine: {'line': b'-- Up-to-date: /home/harsh/ros2_project/install/px4_msgs/include/px4_msgs/px4_msgs/srv/detail\n'}
[1.259529] (px4_msgs) StdoutLine: {'line': b'-- Installing: /home/harsh/ros2_project/install/px4_msgs/include/px4_msgs/px4_msgs/srv/detail/vehicle_command__type_support.c\n'}
[1.259593] (px4_msgs) StdoutLine: {'line': b'-- Up-to-date: /home/harsh/ros2_project/install/px4_msgs/include/px4_msgs/px4_msgs/srv/detail/vehicle_command__rosidl_typesupport_introspection_c.h\n'}
[1.259658] (px4_msgs) StdoutLine: {'line': b'-- Up-to-date: /home/harsh/ros2_project/install/px4_msgs/lib/libpx4_msgs__rosidl_typesupport_introspection_c.so\n'}
[1.259713] (px4_msgs) StdoutLine: {'line': b'-- Up-to-date: /home/harsh/ros2_project/install/px4_msgs/lib/libpx4_msgs__rosidl_typesupport_c.so\n'}
[1.259774] (px4_msgs) StdoutLine: {'line': b'-- Up-to-date: /home/harsh/ros2_project/install/px4_msgs/include/px4_msgs/px4_msgs\n'}
[1.259836] (px4_msgs) StdoutLine: {'line': b'-- Up-to-date: /home/harsh/ros2_project/install/px4_msgs/include/px4_msgs/px4_msgs/msg\n'}
[1.259897] (px4_msgs) StdoutLine: {'line': b'-- Up-to-date: /home/harsh/ros2_project/install/px4_msgs/include/px4_msgs/px4_msgs/msg/detail\n'}
[1.259954] (px4_msgs) StdoutLine: {'line': b'-- Up-to-date: /home/harsh/ros2_project/install/px4_msgs/include/px4_msgs/px4_msgs/msg/detail/transponder_report__type_support.cpp\n'}
[1.260074] (px4_msgs) StdoutLine: {'line': b'-- Up-to-date: /home/harsh/ros2_project/install/px4_msgs/include/px4_msgs/px4_msgs/msg/detail/vehicle_angular_acceleration_setpoint__type_support.cpp\n'}
[1.260136] (px4_msgs) StdoutLine: {'line': b'-- Up-to-date: /home/harsh/ros2_project/install/px4_msgs/include/px4_msgs/px4_msgs/msg/detail/camera_trigger__type_support.cpp\n'}
[1.260192] (px4_msgs) StdoutLine: {'line': b'-- Up-to-date: /home/harsh/ros2_project/install/px4_msgs/include/px4_msgs/px4_msgs/msg/detail/home_position__type_support.cpp\n'}
[1.260245] (px4_msgs) StdoutLine: {'line': b'-- Up-to-date: /home/harsh/ros2_project/install/px4_msgs/include/px4_msgs/px4_msgs/msg/detail/register_ext_component_request__type_support.cpp\n'}
[1.260298] (px4_msgs) StdoutLine: {'line': b'-- Up-to-date: /home/harsh/ros2_project/install/px4_msgs/include/px4_msgs/px4_msgs/msg/detail/wind__rosidl_typesupport_introspection_cpp.hpp\n'}
[1.260353] (px4_msgs) StdoutLine: {'line': b'-- Up-to-date: /home/harsh/ros2_project/install/px4_msgs/include/px4_msgs/px4_msgs/msg/detail/pps_capture__type_support.cpp\n'}
[1.260408] (px4_msgs) StdoutLine: {'line': b'-- Up-to-date: /home/harsh/ros2_project/install/px4_msgs/include/px4_msgs/px4_msgs/msg/detail/rtl_status__rosidl_typesupport_introspection_cpp.hpp\n'}
[1.260504] (px4_msgs) StdoutLine: {'line': b'-- Up-to-date: /home/harsh/ros2_project/install/px4_msgs/include/px4_msgs/px4_msgs/msg/detail/vehicle_odometry__type_support.cpp\n'}
[1.260554] (px4_msgs) StdoutLine: {'line': b'-- Up-to-date: /home/harsh/ros2_project/install/px4_msgs/include/px4_msgs/px4_msgs/msg/detail/message_format_request__rosidl_typesupport_introspection_cpp.hpp\n'}
[1.260618] (px4_msgs) StdoutLine: {'line': b'-- Up-to-date: /home/harsh/ros2_project/install/px4_msgs/include/px4_msgs/px4_msgs/msg/detail/manual_control_switches__type_support.cpp\n'}
[1.260672] (px4_msgs) StdoutLine: {'line': b'-- Up-to-date: /home/harsh/ros2_project/install/px4_msgs/include/px4_msgs/px4_msgs/msg/detail/debug_value__type_support.cpp\n'}
[1.260725] (px4_msgs) StdoutLine: {'line': b'-- Up-to-date: /home/harsh/ros2_project/install/px4_msgs/include/px4_msgs/px4_msgs/msg/detail/vehicle_trajectory_bezier__rosidl_typesupport_introspection_cpp.hpp\n'}
[1.260778] (px4_msgs) StdoutLine: {'line': b'-- Up-to-date: /home/harsh/ros2_project/install/px4_msgs/include/px4_msgs/px4_msgs/msg/detail/gps_inject_data__type_support.cpp\n'}
[1.260826] (px4_msgs) StdoutLine: {'line': b'-- Up-to-date: /home/harsh/ros2_project/install/px4_msgs/include/px4_msgs/px4_msgs/msg/detail/position_setpoint__type_support.cpp\n'}
[1.260875] (px4_msgs) StdoutLine: {'line': b'-- Up-to-date: /home/harsh/ros2_project/install/px4_msgs/include/px4_msgs/px4_msgs/msg/detail/can_interface_status__rosidl_typesupport_introspection_cpp.hpp\n'}
[1.260932] (px4_msgs) StdoutLine: {'line': b'-- Up-to-date: /home/harsh/ros2_project/install/px4_msgs/include/px4_msgs/px4_msgs/msg/detail/debug_key_value__rosidl_typesupport_introspection_cpp.hpp\n'}
[1.260989] (px4_msgs) StdoutLine: {'line': b'-- Up-to-date: /home/harsh/ros2_project/install/px4_msgs/include/px4_msgs/px4_msgs/msg/detail/vehicle_command_ack__type_support.cpp\n'}
[1.261074] (px4_msgs) StdoutLine: {'line': b'-- Up-to-date: /home/harsh/ros2_project/install/px4_msgs/include/px4_msgs/px4_msgs/msg/detail/gimbal_device_information__rosidl_typesupport_introspection_cpp.hpp\n'}
[1.261134] (px4_msgs) StdoutLine: {'line': b'-- Up-to-date: /home/harsh/ros2_project/install/px4_msgs/include/px4_msgs/px4_msgs/msg/detail/actuator_outputs__type_support.cpp\n'}
[1.261191] (px4_msgs) StdoutLine: {'line': b'-- Up-to-date: /home/harsh/ros2_project/install/px4_msgs/include/px4_msgs/px4_msgs/msg/detail/event__rosidl_typesupport_introspection_cpp.hpp\n'}
[1.261253] (px4_msgs) StdoutLine: {'line': b'-- Up-to-date: /home/harsh/ros2_project/install/px4_msgs/include/px4_msgs/px4_msgs/msg/detail/sensor_baro__rosidl_typesupport_introspection_cpp.hpp\n'}
[1.261318] (px4_msgs) StdoutLine: {'line': b'-- Up-to-date: /home/harsh/ros2_project/install/px4_msgs/include/px4_msgs/px4_msgs/msg/detail/debug_array__rosidl_typesupport_introspection_cpp.hpp\n'}
[1.261383] (px4_msgs) StdoutLine: {'line': b'-- Up-to-date: /home/harsh/ros2_project/install/px4_msgs/include/px4_msgs/px4_msgs/msg/detail/vehicle_rates_setpoint__rosidl_typesupport_introspection_cpp.hpp\n'}
[1.261442] (px4_msgs) StdoutLine: {'line': b'-- Up-to-date: /home/harsh/ros2_project/install/px4_msgs/include/px4_msgs/px4_msgs/msg/detail/vehicle_status__type_support.cpp\n'}
[1.261504] (px4_msgs) StdoutLine: {'line': b'-- Up-to-date: /home/harsh/ros2_project/install/px4_msgs/include/px4_msgs/px4_msgs/msg/detail/vehicle_command__rosidl_typesupport_introspection_cpp.hpp\n'}
[1.261567] (px4_msgs) StdoutLine: {'line': b'-- Up-to-date: /home/harsh/ros2_project/install/px4_msgs/include/px4_msgs/px4_msgs/msg/detail/gimbal_device_information__type_support.cpp\n'}
[1.261628] (px4_msgs) StdoutLine: {'line': b'-- Up-to-date: /home/harsh/ros2_project/install/px4_msgs/include/px4_msgs/px4_msgs/msg/detail/radio_status__type_support.cpp\n'}
[1.261688] (px4_msgs) StdoutLine: {'line': b'-- Up-to-date: /home/harsh/ros2_project/install/px4_msgs/include/px4_msgs/px4_msgs/msg/detail/collision_report__rosidl_typesupport_introspection_cpp.hpp\n'}
[1.261769] (px4_msgs) StdoutLine: {'line': b'-- Up-to-date: /home/harsh/ros2_project/install/px4_msgs/include/px4_msgs/px4_msgs/msg/detail/follow_target_status__type_support.cpp\n'}
[1.261827] (px4_msgs) StdoutLine: {'line': b'-- Up-to-date: /home/harsh/ros2_project/install/px4_msgs/include/px4_msgs/px4_msgs/msg/detail/vehicle_roi__type_support.cpp\n'}
[1.261883] (px4_msgs) StdoutLine: {'line': b'-- Up-to-date: /home/harsh/ros2_project/install/px4_msgs/include/px4_msgs/px4_msgs/msg/detail/failsafe_flags__type_support.cpp\n'}
[1.261945] (px4_msgs) StdoutLine: {'line': b'-- Up-to-date: /home/harsh/ros2_project/install/px4_msgs/include/px4_msgs/px4_msgs/msg/detail/event__type_support.cpp\n'}
[1.262004] (px4_msgs) StdoutLine: {'line': b'-- Up-to-date: /home/harsh/ros2_project/install/px4_msgs/include/px4_msgs/px4_msgs/msg/detail/actuator_servos_trim__type_support.cpp\n'}
[1.262111] (px4_msgs) StdoutLine: {'line': b'-- Up-to-date: /home/harsh/ros2_project/install/px4_msgs/include/px4_msgs/px4_msgs/msg/detail/vehicle_thrust_setpoint__rosidl_typesupport_introspection_cpp.hpp\n'}
[1.262166] (px4_msgs) StdoutLine: {'line': b'-- Up-to-date: /home/harsh/ros2_project/install/px4_msgs/include/px4_msgs/px4_msgs/msg/detail/sensor_gnss_relative__type_support.cpp\n'}
[1.262216] (px4_msgs) StdoutLine: {'line': b'-- Up-to-date: /home/harsh/ros2_project/install/px4_msgs/include/px4_msgs/px4_msgs/msg/detail/follow_target__type_support.cpp\n'}
[1.262268] (px4_msgs) StdoutLine: {'line': b'-- Up-to-date: /home/harsh/ros2_project/install/px4_msgs/include/px4_msgs/px4_msgs/msg/detail/npfg_status__rosidl_typesupport_introspection_cpp.hpp\n'}
[1.262324] (px4_msgs) StdoutLine: {'line': b'-- Up-to-date: /home/harsh/ros2_project/install/px4_msgs/include/px4_msgs/px4_msgs/msg/detail/trajectory_bezier__rosidl_typesupport_introspection_cpp.hpp\n'}
[1.262377] (px4_msgs) StdoutLine: {'line': b'-- Up-to-date: /home/harsh/ros2_project/install/px4_msgs/include/px4_msgs/px4_msgs/msg/detail/tiltrotor_extra_controls__type_support.cpp\n'}
[1.262433] (px4_msgs) StdoutLine: {'line': b'-- Up-to-date: /home/harsh/ros2_project/install/px4_msgs/include/px4_msgs/px4_msgs/msg/detail/control_allocator_status__rosidl_typesupport_introspection_cpp.hpp\n'}
[1.262489] (px4_msgs) StdoutLine: {'line': b'-- Up-to-date: /home/harsh/ros2_project/install/px4_msgs/include/px4_msgs/px4_msgs/msg/detail/irlock_report__rosidl_typesupport_introspection_cpp.hpp\n'}
[1.262549] (px4_msgs) StdoutLine: {'line': b'-- Up-to-date: /home/harsh/ros2_project/install/px4_msgs/include/px4_msgs/px4_msgs/msg/detail/manual_control_setpoint__rosidl_typesupport_introspection_cpp.hpp\n'}
[1.262612] (px4_msgs) StdoutLine: {'line': b'-- Up-to-date: /home/harsh/ros2_project/install/px4_msgs/include/px4_msgs/px4_msgs/msg/detail/follow_target_estimator__type_support.cpp\n'}
[1.262706] (px4_msgs) StdoutLine: {'line': b'-- Up-to-date: /home/harsh/ros2_project/install/px4_msgs/include/px4_msgs/px4_msgs/msg/detail/estimator_gps_status__type_support.cpp\n'}
[1.262760] (px4_msgs) StdoutLine: {'line': b'-- Up-to-date: /home/harsh/ros2_project/install/px4_msgs/include/px4_msgs/px4_msgs/msg/detail/mount_orientation__type_support.cpp\n'}
[1.262815] (px4_msgs) StdoutLine: {'line': b'-- Up-to-date: /home/harsh/ros2_project/install/px4_msgs/include/px4_msgs/px4_msgs/msg/detail/tecs_status__rosidl_typesupport_introspection_cpp.hpp\n'}
[1.262886] (px4_msgs) StdoutLine: {'line': b'-- Up-to-date: /home/harsh/ros2_project/install/px4_msgs/include/px4_msgs/px4_msgs/msg/detail/sensor_gyro__rosidl_typesupport_introspection_cpp.hpp\n'}
[1.262950] (px4_msgs) StdoutLine: {'line': b'-- Up-to-date: /home/harsh/ros2_project/install/px4_msgs/include/px4_msgs/px4_msgs/msg/detail/gimbal_manager_set_manual_control__rosidl_typesupport_introspection_cpp.hpp\n'}
[1.263021] (px4_msgs) StdoutLine: {'line': b'-- Up-to-date: /home/harsh/ros2_project/install/px4_msgs/include/px4_msgs/px4_msgs/msg/detail/power_monitor__rosidl_typesupport_introspection_cpp.hpp\n'}
[1.263100] (px4_msgs) StdoutLine: {'line': b'-- Up-to-date: /home/harsh/ros2_project/install/px4_msgs/include/px4_msgs/px4_msgs/msg/detail/rc_parameter_map__rosidl_typesupport_introspection_cpp.hpp\n'}
[1.263157] (px4_msgs) StdoutLine: {'line': b'-- Up-to-date: /home/harsh/ros2_project/install/px4_msgs/include/px4_msgs/px4_msgs/msg/detail/actuator_test__type_support.cpp\n'}
[1.263215] (px4_msgs) StdoutLine: {'line': b'-- Up-to-date: /home/harsh/ros2_project/install/px4_msgs/include/px4_msgs/px4_msgs/msg/detail/buffer128__rosidl_typesupport_introspection_cpp.hpp\n'}
[1.263272] (px4_msgs) StdoutLine: {'line': b'-- Up-to-date: /home/harsh/ros2_project/install/px4_msgs/include/px4_msgs/px4_msgs/msg/detail/estimator_selector_status__type_support.cpp\n'}
[1.263325] (px4_msgs) StdoutLine: {'line': b'-- Up-to-date: /home/harsh/ros2_project/install/px4_msgs/include/px4_msgs/px4_msgs/msg/detail/vehicle_angular_acceleration_setpoint__rosidl_typesupport_introspection_cpp.hpp\n'}
[1.263381] (px4_msgs) StdoutLine: {'line': b'-- Up-to-date: /home/harsh/ros2_project/install/px4_msgs/include/px4_msgs/px4_msgs/msg/detail/mode_completed__type_support.cpp\n'}
[1.263460] (px4_msgs) StdoutLine: {'line': b'-- Up-to-date: /home/harsh/ros2_project/install/px4_msgs/include/px4_msgs/px4_msgs/msg/detail/message_format_request__type_support.cpp\n'}
[1.263514] (px4_msgs) StdoutLine: {'line': b'-- Up-to-date: /home/harsh/ros2_project/install/px4_msgs/include/px4_msgs/px4_msgs/msg/detail/trajectory_setpoint__rosidl_typesupport_introspection_cpp.hpp\n'}
[1.263564] (px4_msgs) StdoutLine: {'line': b'-- Up-to-date: /home/harsh/ros2_project/install/px4_msgs/include/px4_msgs/px4_msgs/msg/detail/trajectory_waypoint__type_support.cpp\n'}
[1.263618] (px4_msgs) StdoutLine: {'line': b'-- Up-to-date: /home/harsh/ros2_project/install/px4_msgs/include/px4_msgs/px4_msgs/msg/detail/camera_capture__type_support.cpp\n'}
[1.263677] (px4_msgs) StdoutLine: {'line': b'-- Up-to-date: /home/harsh/ros2_project/install/px4_msgs/include/px4_msgs/px4_msgs/msg/detail/sensor_uwb__type_support.cpp\n'}
[1.263738] (px4_msgs) StdoutLine: {'line': b'-- Up-to-date: /home/harsh/ros2_project/install/px4_msgs/include/px4_msgs/px4_msgs/msg/detail/orbit_status__rosidl_typesupport_introspection_cpp.hpp\n'}
[1.263802] (px4_msgs) StdoutLine: {'line': b'-- Up-to-date: /home/harsh/ros2_project/install/px4_msgs/include/px4_msgs/px4_msgs/msg/detail/led_control__rosidl_typesupport_introspection_cpp.hpp\n'}
[1.263865] (px4_msgs) StdoutLine: {'line': b'-- Up-to-date: /home/harsh/ros2_project/install/px4_msgs/include/px4_msgs/px4_msgs/msg/detail/vehicle_imu_status__type_support.cpp\n'}
[1.263920] (px4_msgs) StdoutLine: {'line': b'-- Up-to-date: /home/harsh/ros2_project/install/px4_msgs/include/px4_msgs/px4_msgs/msg/detail/rate_ctrl_status__type_support.cpp\n'}
[1.263981] (px4_msgs) StdoutLine: {'line': b'-- Up-to-date: /home/harsh/ros2_project/install/px4_msgs/include/px4_msgs/px4_msgs/msg/detail/hover_thrust_estimate__rosidl_typesupport_introspection_cpp.hpp\n'}
[1.264049] (px4_msgs) StdoutLine: {'line': b'-- Up-to-date: /home/harsh/ros2_project/install/px4_msgs/include/px4_msgs/px4_msgs/msg/detail/sensor_combined__rosidl_typesupport_introspection_cpp.hpp\n'}
[1.264117] (px4_msgs) StdoutLine: {'line': b'-- Up-to-date: /home/harsh/ros2_project/install/px4_msgs/include/px4_msgs/px4_msgs/msg/detail/qshell_retval__type_support.cpp\n'}
[1.264176] (px4_msgs) StdoutLine: {'line': b'-- Up-to-date: /home/harsh/ros2_project/install/px4_msgs/include/px4_msgs/px4_msgs/msg/detail/orb_test_medium__type_support.cpp\n'}
[1.264238] (px4_msgs) StdoutLine: {'line': b'-- Up-to-date: /home/harsh/ros2_project/install/px4_msgs/include/px4_msgs/px4_msgs/msg/detail/gpio_config__type_support.cpp\n'}
[1.264305] (px4_msgs) StdoutLine: {'line': b'-- Up-to-date: /home/harsh/ros2_project/install/px4_msgs/include/px4_msgs/px4_msgs/msg/detail/estimator_sensor_bias__rosidl_typesupport_introspection_cpp.hpp\n'}
[1.264397] (px4_msgs) StdoutLine: {'line': b'-- Up-to-date: /home/harsh/ros2_project/install/px4_msgs/include/px4_msgs/px4_msgs/msg/detail/heater_status__type_support.cpp\n'}
[1.264489] (px4_msgs) StdoutLine: {'line': b'-- Up-to-date: /home/harsh/ros2_project/install/px4_msgs/include/px4_msgs/px4_msgs/msg/detail/sensor_mag__rosidl_typesupport_introspection_cpp.hpp\n'}
[1.264619] (px4_msgs) StdoutLine: {'line': b'-- Up-to-date: /home/harsh/ros2_project/install/px4_msgs/include/px4_msgs/px4_msgs/msg/detail/geofence_result__rosidl_typesupport_introspection_cpp.hpp\n'}
[1.264691] (px4_msgs) StdoutLine: {'line': b'-- Up-to-date: /home/harsh/ros2_project/install/px4_msgs/include/px4_msgs/px4_msgs/msg/detail/vehicle_angular_velocity__type_support.cpp\n'}
[1.264780] (px4_msgs) StdoutLine: {'line': b'-- Up-to-date: /home/harsh/ros2_project/install/px4_msgs/include/px4_msgs/px4_msgs/msg/detail/vehicle_status__rosidl_typesupport_introspection_cpp.hpp\n'}
[1.264857] (px4_msgs) StdoutLine: {'line': b'-- Up-to-date: /home/harsh/ros2_project/install/px4_msgs/include/px4_msgs/px4_msgs/msg/detail/vehicle_optical_flow_vel__rosidl_typesupport_introspection_cpp.hpp\n'}
[1.265175] (px4_msgs) StdoutLine: {'line': b'-- Up-to-date: /home/harsh/ros2_project/install/px4_msgs/include/px4_msgs/px4_msgs/msg/detail/offboard_control_mode__type_support.cpp\n'}
[1.265275] (px4_msgs) StdoutLine: {'line': b'-- Up-to-date: /home/harsh/ros2_project/install/px4_msgs/include/px4_msgs/px4_msgs/msg/detail/vehicle_local_position_setpoint__rosidl_typesupport_introspection_cpp.hpp\n'}
[1.265353] (px4_msgs) StdoutLine: {'line': b'-- Up-to-date: /home/harsh/ros2_project/install/px4_msgs/include/px4_msgs/px4_msgs/msg/detail/rate_ctrl_status__rosidl_typesupport_introspection_cpp.hpp\n'}
[1.265424] (px4_msgs) StdoutLine: {'line': b'-- Up-to-date: /home/harsh/ros2_project/install/px4_msgs/include/px4_msgs/px4_msgs/msg/detail/sensor_gps__rosidl_typesupport_introspection_cpp.hpp\n'}
[1.265491] (px4_msgs) StdoutLine: {'line': b'-- Up-to-date: /home/harsh/ros2_project/install/px4_msgs/include/px4_msgs/px4_msgs/msg/detail/vehicle_optical_flow_vel__type_support.cpp\n'}
[1.265561] (px4_msgs) StdoutLine: {'line': b'-- Up-to-date: /home/harsh/ros2_project/install/px4_msgs/include/px4_msgs/px4_msgs/msg/detail/sensor_preflight_mag__type_support.cpp\n'}
[1.265723] (px4_msgs) StdoutLine: {'line': b'-- Up-to-date: /home/harsh/ros2_project/install/px4_msgs/include/px4_msgs/px4_msgs/msg/detail/sensor_accel_fifo__type_support.cpp\n'}
[1.265811] (px4_msgs) StdoutLine: {'line': b'-- Up-to-date: /home/harsh/ros2_project/install/px4_msgs/include/px4_msgs/px4_msgs/msg/detail/differential_pressure__rosidl_typesupport_introspection_cpp.hpp\n'}
[1.265870] (px4_msgs) StdoutLine: {'line': b'-- Up-to-date: /home/harsh/ros2_project/install/px4_msgs/include/px4_msgs/px4_msgs/msg/detail/logger_status__type_support.cpp\n'}
[1.265936] (px4_msgs) StdoutLine: {'line': b'-- Up-to-date: /home/harsh/ros2_project/install/px4_msgs/include/px4_msgs/px4_msgs/msg/detail/airspeed__type_support.cpp\n'}
[1.266006] (px4_msgs) StdoutLine: {'line': b'-- Up-to-date: /home/harsh/ros2_project/install/px4_msgs/include/px4_msgs/px4_msgs/msg/detail/airspeed_validated__rosidl_typesupport_introspection_cpp.hpp\n'}
[1.266090] (px4_msgs) StdoutLine: {'line': b'-- Up-to-date: /home/harsh/ros2_project/install/px4_msgs/include/px4_msgs/px4_msgs/msg/detail/landing_target_pose__type_support.cpp\n'}
[1.266148] (px4_msgs) StdoutLine: {'line': b'-- Up-to-date: /home/harsh/ros2_project/install/px4_msgs/include/px4_msgs/px4_msgs/msg/detail/vehicle_command_ack__rosidl_typesupport_introspection_cpp.hpp\n'}
[1.266203] (px4_msgs) StdoutLine: {'line': b'-- Up-to-date: /home/harsh/ros2_project/install/px4_msgs/include/px4_msgs/px4_msgs/msg/detail/camera_capture__rosidl_typesupport_introspection_cpp.hpp\n'}
[1.266258] (px4_msgs) StdoutLine: {'line': b'-- Up-to-date: /home/harsh/ros2_project/install/px4_msgs/include/px4_msgs/px4_msgs/msg/detail/register_ext_component_request__rosidl_typesupport_introspection_cpp.hpp\n'}
[1.266356] (px4_msgs) StdoutLine: {'line': b'-- Up-to-date: /home/harsh/ros2_project/install/px4_msgs/include/px4_msgs/px4_msgs/msg/detail/message_format_response__type_support.cpp\n'}
[1.266403] (px4_msgs) StdoutLine: {'line': b'-- Up-to-date: /home/harsh/ros2_project/install/px4_msgs/include/px4_msgs/px4_msgs/msg/detail/sensor_optical_flow__type_support.cpp\n'}
[1.266528] (px4_msgs) StdoutLine: {'line': b'-- Up-to-date: /home/harsh/ros2_project/install/px4_msgs/include/px4_msgs/px4_msgs/msg/detail/airspeed_wind__type_support.cpp\n'}
[1.266669] (px4_msgs) StdoutLine: {'line': b'-- Up-to-date: /home/harsh/ros2_project/install/px4_msgs/include/px4_msgs/px4_msgs/msg/detail/landing_target_innovations__type_support.cpp\n'}
[1.266750] (px4_msgs) StdoutLine: {'line': b'-- Up-to-date: /home/harsh/ros2_project/install/px4_msgs/include/px4_msgs/px4_msgs/msg/detail/sensor_gps__type_support.cpp\n'}
[1.266838] (px4_msgs) StdoutLine: {'line': b'-- Up-to-date: /home/harsh/ros2_project/install/px4_msgs/include/px4_msgs/px4_msgs/msg/detail/tecs_status__type_support.cpp\n'}
[1.266953] (px4_msgs) StdoutLine: {'line': b'-- Up-to-date: /home/harsh/ros2_project/install/px4_msgs/include/px4_msgs/px4_msgs/msg/detail/actuator_motors__rosidl_typesupport_introspection_cpp.hpp\n'}
[1.267055] (px4_msgs) StdoutLine: {'line': b'-- Up-to-date: /home/harsh/ros2_project/install/px4_msgs/include/px4_msgs/px4_msgs/msg/detail/qshell_retval__rosidl_typesupport_introspection_cpp.hpp\n'}
[1.267136] (px4_msgs) StdoutLine: {'line': b'-- Up-to-date: /home/harsh/ros2_project/install/px4_msgs/include/px4_msgs/px4_msgs/msg/detail/vehicle_control_mode__rosidl_typesupport_introspection_cpp.hpp\n'}
[1.267203] (px4_msgs) StdoutLine: {'line': b'-- Up-to-date: /home/harsh/ros2_project/install/px4_msgs/include/px4_msgs/px4_msgs/msg/detail/position_controller_landing_status__rosidl_typesupport_introspection_cpp.hpp\n'}
[1.267292] (px4_msgs) StdoutLine: {'line': b'-- Up-to-date: /home/harsh/ros2_project/install/px4_msgs/include/px4_msgs/px4_msgs/msg/detail/sensor_gyro_fft__rosidl_typesupport_introspection_cpp.hpp\n'}
[1.267368] (px4_msgs) StdoutLine: {'line': b'-- Up-to-date: /home/harsh/ros2_project/install/px4_msgs/include/px4_msgs/px4_msgs/msg/detail/vehicle_local_position_setpoint__type_support.cpp\n'}
[1.267449] (px4_msgs) StdoutLine: {'line': b'-- Up-to-date: /home/harsh/ros2_project/install/px4_msgs/include/px4_msgs/px4_msgs/msg/detail/adc_report__rosidl_typesupport_introspection_cpp.hpp\n'}
[1.267546] (px4_msgs) StdoutLine: {'line': b'-- Up-to-date: /home/harsh/ros2_project/install/px4_msgs/include/px4_msgs/px4_msgs/msg/detail/gimbal_device_set_attitude__type_support.cpp\n'}
[1.267624] (px4_msgs) StdoutLine: {'line': b'-- Up-to-date: /home/harsh/ros2_project/install/px4_msgs/include/px4_msgs/px4_msgs/msg/detail/system_power__type_support.cpp\n'}
[1.267700] (px4_msgs) StdoutLine: {'line': b'-- Up-to-date: /home/harsh/ros2_project/install/px4_msgs/include/px4_msgs/px4_msgs/msg/detail/ping__type_support.cpp\n'}
[1.267917] (px4_msgs) StdoutLine: {'line': b'-- Up-to-date: /home/harsh/ros2_project/install/px4_msgs/include/px4_msgs/px4_msgs/msg/detail/manual_control_setpoint__type_support.cpp\n'}
[1.268094] (px4_msgs) StdoutLine: {'line': b'-- Up-to-date: /home/harsh/ros2_project/install/px4_msgs/include/px4_msgs/px4_msgs/msg/detail/vehicle_magnetometer__type_support.cpp\n'}
[1.268221] (px4_msgs) StdoutLine: {'line': b'-- Up-to-date: /home/harsh/ros2_project/install/px4_msgs/include/px4_msgs/px4_msgs/msg/detail/satellite_info__rosidl_typesupport_introspection_cpp.hpp\n'}
[1.268272] (px4_msgs) StdoutLine: {'line': b'-- Up-to-date: /home/harsh/ros2_project/install/px4_msgs/include/px4_msgs/px4_msgs/msg/detail/figure_eight_status__rosidl_typesupport_introspection_cpp.hpp\n'}
[1.268314] (px4_msgs) StdoutLine: {'line': b'-- Up-to-date: /home/harsh/ros2_project/install/px4_msgs/include/px4_msgs/px4_msgs/msg/detail/vehicle_air_data__type_support.cpp\n'}
[1.268350] (px4_msgs) StdoutLine: {'line': b'-- Up-to-date: /home/harsh/ros2_project/install/px4_msgs/include/px4_msgs/px4_msgs/msg/detail/gpio_out__type_support.cpp\n'}
[1.268382] (px4_msgs) StdoutLine: {'line': b'-- Up-to-date: /home/harsh/ros2_project/install/px4_msgs/include/px4_msgs/px4_msgs/msg/detail/vehicle_land_detected__type_support.cpp\n'}
[1.268419] (px4_msgs) StdoutLine: {'line': b'-- Up-to-date: /home/harsh/ros2_project/install/px4_msgs/include/px4_msgs/px4_msgs/msg/detail/landing_target_pose__rosidl_typesupport_introspection_cpp.hpp\n'}
[1.268453] (px4_msgs) StdoutLine: {'line': b'-- Up-to-date: /home/harsh/ros2_project/install/px4_msgs/include/px4_msgs/px4_msgs/msg/detail/mavlink_log__type_support.cpp\n'}
[1.268490] (px4_msgs) StdoutLine: {'line': b'-- Up-to-date: /home/harsh/ros2_project/install/px4_msgs/include/px4_msgs/px4_msgs/msg/detail/estimator_bias__rosidl_typesupport_introspection_cpp.hpp\n'}
[1.268535] (px4_msgs) StdoutLine: {'line': b'-- Up-to-date: /home/harsh/ros2_project/install/px4_msgs/include/px4_msgs/px4_msgs/msg/detail/sensor_accel_fifo__rosidl_typesupport_introspection_cpp.hpp\n'}
[1.268596] (px4_msgs) StdoutLine: {'line': b'-- Up-to-date: /home/harsh/ros2_project/install/px4_msgs/include/px4_msgs/px4_msgs/msg/detail/yaw_estimator_status__rosidl_typesupport_introspection_cpp.hpp\n'}
[1.268665] (px4_msgs) StdoutLine: {'line': b'-- Up-to-date: /home/harsh/ros2_project/install/px4_msgs/include/px4_msgs/px4_msgs/msg/detail/actuator_outputs__rosidl_typesupport_introspection_cpp.hpp\n'}
[1.268715] (px4_msgs) StdoutLine: {'line': b'-- Up-to-date: /home/harsh/ros2_project/install/px4_msgs/include/px4_msgs/px4_msgs/msg/detail/rtl_status__type_support.cpp\n'}
[1.268766] (px4_msgs) StdoutLine: {'line': b'-- Up-to-date: /home/harsh/ros2_project/install/px4_msgs/include/px4_msgs/px4_msgs/msg/detail/parameter_update__rosidl_typesupport_introspection_cpp.hpp\n'}
[1.268811] (px4_msgs) StdoutLine: {'line': b'-- Up-to-date: /home/harsh/ros2_project/install/px4_msgs/include/px4_msgs/px4_msgs/msg/detail/navigator_mission_item__rosidl_typesupport_introspection_cpp.hpp\n'}
[1.268868] (px4_msgs) StdoutLine: {'line': b'-- Up-to-date: /home/harsh/ros2_project/install/px4_msgs/include/px4_msgs/px4_msgs/msg/detail/vehicle_command__type_support.cpp\n'}
[1.268922] (px4_msgs) StdoutLine: {'line': b'-- Up-to-date: /home/harsh/ros2_project/install/px4_msgs/include/px4_msgs/px4_msgs/msg/detail/led_control__type_support.cpp\n'}
[1.268973] (px4_msgs) StdoutLine: {'line': b'-- Up-to-date: /home/harsh/ros2_project/install/px4_msgs/include/px4_msgs/px4_msgs/msg/detail/estimator_sensor_bias__type_support.cpp\n'}
[1.269057] (px4_msgs) StdoutLine: {'line': b'-- Up-to-date: /home/harsh/ros2_project/install/px4_msgs/include/px4_msgs/px4_msgs/msg/detail/log_message__type_support.cpp\n'}
[1.269108] (px4_msgs) StdoutLine: {'line': b'-- Up-to-date: /home/harsh/ros2_project/install/px4_msgs/include/px4_msgs/px4_msgs/msg/detail/orb_test_large__rosidl_typesupport_introspection_cpp.hpp\n'}
[1.269158] (px4_msgs) StdoutLine: {'line': b'-- Up-to-date: /home/harsh/ros2_project/install/px4_msgs/include/px4_msgs/px4_msgs/msg/detail/parameter_reset_request__rosidl_typesupport_introspection_cpp.hpp\n'}
[1.269219] (px4_msgs) StdoutLine: {'line': b'-- Up-to-date: /home/harsh/ros2_project/install/px4_msgs/include/px4_msgs/px4_msgs/msg/detail/gimbal_device_attitude_status__type_support.cpp\n'}
[1.269294] (px4_msgs) StdoutLine: {'line': b'-- Up-to-date: /home/harsh/ros2_project/install/px4_msgs/include/px4_msgs/px4_msgs/msg/detail/position_setpoint__rosidl_typesupport_introspection_cpp.hpp\n'}
[1.269340] (px4_msgs) StdoutLine: {'line': b'-- Up-to-date: /home/harsh/ros2_project/install/px4_msgs/include/px4_msgs/px4_msgs/msg/detail/vehicle_attitude__rosidl_typesupport_introspection_cpp.hpp\n'}
[1.269386] (px4_msgs) StdoutLine: {'line': b'-- Up-to-date: /home/harsh/ros2_project/install/px4_msgs/include/px4_msgs/px4_msgs/msg/detail/magnetometer_bias_estimate__rosidl_typesupport_introspection_cpp.hpp\n'}
[1.269429] (px4_msgs) StdoutLine: {'line': b'-- Up-to-date: /home/harsh/ros2_project/install/px4_msgs/include/px4_msgs/px4_msgs/msg/detail/vehicle_torque_setpoint__type_support.cpp\n'}
[1.269471] (px4_msgs) StdoutLine: {'line': b'-- Up-to-date: /home/harsh/ros2_project/install/px4_msgs/include/px4_msgs/px4_msgs/msg/detail/vehicle_imu__type_support.cpp\n'}
[1.269510] (px4_msgs) StdoutLine: {'line': b'-- Up-to-date: /home/harsh/ros2_project/install/px4_msgs/include/px4_msgs/px4_msgs/msg/detail/sensor_gyro__type_support.cpp\n'}
[1.269552] (px4_msgs) StdoutLine: {'line': b'-- Up-to-date: /home/harsh/ros2_project/install/px4_msgs/include/px4_msgs/px4_msgs/msg/detail/estimator_gps_status__rosidl_typesupport_introspection_cpp.hpp\n'}
[1.269589] (px4_msgs) StdoutLine: {'line': b'-- Up-to-date: /home/harsh/ros2_project/install/px4_msgs/include/px4_msgs/px4_msgs/msg/detail/estimator_status_flags__type_support.cpp\n'}
[1.269643] (px4_msgs) StdoutLine: {'line': b'-- Up-to-date: /home/harsh/ros2_project/install/px4_msgs/include/px4_msgs/px4_msgs/msg/detail/sensor_mag__type_support.cpp\n'}
[1.269679] (px4_msgs) StdoutLine: {'line': b'-- Up-to-date: /home/harsh/ros2_project/install/px4_msgs/include/px4_msgs/px4_msgs/msg/detail/cpuload__type_support.cpp\n'}
[1.269712] (px4_msgs) StdoutLine: {'line': b'-- Up-to-date: /home/harsh/ros2_project/install/px4_msgs/include/px4_msgs/px4_msgs/msg/detail/vehicle_local_position__rosidl_typesupport_introspection_cpp.hpp\n'}
[1.269745] (px4_msgs) StdoutLine: {'line': b'-- Up-to-date: /home/harsh/ros2_project/install/px4_msgs/include/px4_msgs/px4_msgs/msg/detail/battery_status__type_support.cpp\n'}
[1.269778] (px4_msgs) StdoutLine: {'line': b'-- Up-to-date: /home/harsh/ros2_project/install/px4_msgs/include/px4_msgs/px4_msgs/msg/detail/sensors_status_imu__type_support.cpp\n'}
[1.269810] (px4_msgs) StdoutLine: {'line': b'-- Up-to-date: /home/harsh/ros2_project/install/px4_msgs/include/px4_msgs/px4_msgs/msg/detail/mission__rosidl_typesupport_introspection_cpp.hpp\n'}
[1.269842] (px4_msgs) StdoutLine: {'line': b'-- Up-to-date: /home/harsh/ros2_project/install/px4_msgs/include/px4_msgs/px4_msgs/msg/detail/follow_target__rosidl_typesupport_introspection_cpp.hpp\n'}
[1.269879] (px4_msgs) StdoutLine: {'line': b'-- Up-to-date: /home/harsh/ros2_project/install/px4_msgs/include/px4_msgs/px4_msgs/msg/detail/rc_channels__type_support.cpp\n'}
[1.269914] (px4_msgs) StdoutLine: {'line': b'-- Up-to-date: /home/harsh/ros2_project/install/px4_msgs/include/px4_msgs/px4_msgs/msg/detail/config_overrides__type_support.cpp\n'}
[1.269948] (px4_msgs) StdoutLine: {'line': b'-- Up-to-date: /home/harsh/ros2_project/install/px4_msgs/include/px4_msgs/px4_msgs/msg/detail/hover_thrust_estimate__type_support.cpp\n'}
[1.269995] (px4_msgs) StdoutLine: {'line': b'-- Up-to-date: /home/harsh/ros2_project/install/px4_msgs/include/px4_msgs/px4_msgs/msg/detail/geofence_status__type_support.cpp\n'}
[1.270057] (px4_msgs) StdoutLine: {'line': b'-- Up-to-date: /home/harsh/ros2_project/install/px4_msgs/include/px4_msgs/px4_msgs/msg/detail/obstacle_distance__rosidl_typesupport_introspection_cpp.hpp\n'}
[1.270093] (px4_msgs) StdoutLine: {'line': b'-- Up-to-date: /home/harsh/ros2_project/install/px4_msgs/include/px4_msgs/px4_msgs/msg/detail/failsafe_flags__rosidl_typesupport_introspection_cpp.hpp\n'}
[1.270128] (px4_msgs) StdoutLine: {'line': b'-- Up-to-date: /home/harsh/ros2_project/install/px4_msgs/include/px4_msgs/px4_msgs/msg/detail/differential_drive_setpoint__rosidl_typesupport_introspection_cpp.hpp\n'}
[1.270165] (px4_msgs) StdoutLine: {'line': b'-- Up-to-date: /home/harsh/ros2_project/install/px4_msgs/include/px4_msgs/px4_msgs/msg/detail/gimbal_manager_set_attitude__type_support.cpp\n'}
[1.270203] (px4_msgs) StdoutLine: {'line': b'-- Up-to-date: /home/harsh/ros2_project/install/px4_msgs/include/px4_msgs/px4_msgs/msg/detail/vehicle_control_mode__type_support.cpp\n'}
[1.270251] (px4_msgs) StdoutLine: {'line': b'-- Up-to-date: /home/harsh/ros2_project/install/px4_msgs/include/px4_msgs/px4_msgs/msg/detail/ekf2_timestamps__rosidl_typesupport_introspection_cpp.hpp\n'}
[1.270303] (px4_msgs) StdoutLine: {'line': b'-- Up-to-date: /home/harsh/ros2_project/install/px4_msgs/include/px4_msgs/px4_msgs/msg/detail/buffer128__type_support.cpp\n'}
[1.270339] (px4_msgs) StdoutLine: {'line': b'-- Up-to-date: /home/harsh/ros2_project/install/px4_msgs/include/px4_msgs/px4_msgs/msg/detail/vtol_vehicle_status__rosidl_typesupport_introspection_cpp.hpp\n'}
[1.270387] (px4_msgs) StdoutLine: {'line': b'-- Up-to-date: /home/harsh/ros2_project/install/px4_msgs/include/px4_msgs/px4_msgs/msg/detail/iridiumsbd_status__type_support.cpp\n'}
[1.270438] (px4_msgs) StdoutLine: {'line': b'-- Up-to-date: /home/harsh/ros2_project/install/px4_msgs/include/px4_msgs/px4_msgs/msg/detail/health_report__type_support.cpp\n'}
[1.270504] (px4_msgs) StdoutLine: {'line': b'-- Up-to-date: /home/harsh/ros2_project/install/px4_msgs/include/px4_msgs/px4_msgs/msg/detail/rtl_time_estimate__rosidl_typesupport_introspection_cpp.hpp\n'}
[1.270546] (px4_msgs) StdoutLine: {'line': b'-- Up-to-date: /home/harsh/ros2_project/install/px4_msgs/include/px4_msgs/px4_msgs/msg/detail/gripper__type_support.cpp\n'}
[1.270586] (px4_msgs) StdoutLine: {'line': b'-- Up-to-date: /home/harsh/ros2_project/install/px4_msgs/include/px4_msgs/px4_msgs/msg/detail/landing_gear_wheel__rosidl_typesupport_introspection_cpp.hpp\n'}
[1.270622] (px4_msgs) StdoutLine: {'line': b'-- Up-to-date: /home/harsh/ros2_project/install/px4_msgs/include/px4_msgs/px4_msgs/msg/detail/sensor_airflow__type_support.cpp\n'}
[1.270662] (px4_msgs) StdoutLine: {'line': b'-- Up-to-date: /home/harsh/ros2_project/install/px4_msgs/include/px4_msgs/px4_msgs/msg/detail/estimator_bias__type_support.cpp\n'}
[1.270704] (px4_msgs) StdoutLine: {'line': b'-- Up-to-date: /home/harsh/ros2_project/install/px4_msgs/include/px4_msgs/px4_msgs/msg/detail/takeoff_status__type_support.cpp\n'}
[1.270742] (px4_msgs) StdoutLine: {'line': b'-- Up-to-date: /home/harsh/ros2_project/install/px4_msgs/include/px4_msgs/px4_msgs/msg/detail/transponder_report__rosidl_typesupport_introspection_cpp.hpp\n'}
[1.270783] (px4_msgs) StdoutLine: {'line': b'-- Up-to-date: /home/harsh/ros2_project/install/px4_msgs/include/px4_msgs/px4_msgs/msg/detail/vehicle_acceleration__type_support.cpp\n'}
[1.270826] (px4_msgs) StdoutLine: {'line': b'-- Up-to-date: /home/harsh/ros2_project/install/px4_msgs/include/px4_msgs/px4_msgs/msg/detail/mavlink_tunnel__type_support.cpp\n'}
[1.270869] (px4_msgs) StdoutLine: {'line': b'-- Up-to-date: /home/harsh/ros2_project/install/px4_msgs/include/px4_msgs/px4_msgs/msg/detail/sensor_accel__rosidl_typesupport_introspection_cpp.hpp\n'}
[1.270910] (px4_msgs) StdoutLine: {'line': b'-- Up-to-date: /home/harsh/ros2_project/install/px4_msgs/include/px4_msgs/px4_msgs/msg/detail/mag_worker_data__type_support.cpp\n'}
[1.270964] (px4_msgs) StdoutLine: {'line': b'-- Up-to-date: /home/harsh/ros2_project/install/px4_msgs/include/px4_msgs/px4_msgs/msg/detail/estimator_selector_status__rosidl_typesupport_introspection_cpp.hpp\n'}
[1.271019] (px4_msgs) StdoutLine: {'line': b'-- Up-to-date: /home/harsh/ros2_project/install/px4_msgs/include/px4_msgs/px4_msgs/msg/detail/camera_status__type_support.cpp\n'}
[1.271085] (px4_msgs) StdoutLine: {'line': b'-- Up-to-date: /home/harsh/ros2_project/install/px4_msgs/include/px4_msgs/px4_msgs/msg/detail/wind__type_support.cpp\n'}
[1.271125] (px4_msgs) StdoutLine: {'line': b'-- Up-to-date: /home/harsh/ros2_project/install/px4_msgs/include/px4_msgs/px4_msgs/msg/detail/esc_status__type_support.cpp\n'}
[1.271165] (px4_msgs) StdoutLine: {'line': b'-- Up-to-date: /home/harsh/ros2_project/install/px4_msgs/include/px4_msgs/px4_msgs/msg/detail/autotune_attitude_control_status__type_support.cpp\n'}
[1.271202] (px4_msgs) StdoutLine: {'line': b'-- Up-to-date: /home/harsh/ros2_project/install/px4_msgs/include/px4_msgs/px4_msgs/msg/detail/internal_combustion_engine_status__type_support.cpp\n'}
[1.271240] (px4_msgs) StdoutLine: {'line': b'-- Up-to-date: /home/harsh/ros2_project/install/px4_msgs/include/px4_msgs/px4_msgs/msg/detail/sensor_hygrometer__type_support.cpp\n'}
[1.271279] (px4_msgs) StdoutLine: {'line': b'-- Up-to-date: /home/harsh/ros2_project/install/px4_msgs/include/px4_msgs/px4_msgs/msg/detail/actuator_motors__type_support.cpp\n'}
[1.271316] (px4_msgs) StdoutLine: {'line': b'-- Up-to-date: /home/harsh/ros2_project/install/px4_msgs/include/px4_msgs/px4_msgs/msg/detail/iridiumsbd_status__rosidl_typesupport_introspection_cpp.hpp\n'}
[1.271353] (px4_msgs) StdoutLine: {'line': b'-- Up-to-date: /home/harsh/ros2_project/install/px4_msgs/include/px4_msgs/px4_msgs/msg/detail/ulog_stream_ack__type_support.cpp\n'}
[1.271393] (px4_msgs) StdoutLine: {'line': b'-- Up-to-date: /home/harsh/ros2_project/install/px4_msgs/include/px4_msgs/px4_msgs/msg/detail/position_controller_landing_status__type_support.cpp\n'}
[1.271432] (px4_msgs) StdoutLine: {'line': b'-- Up-to-date: /home/harsh/ros2_project/install/px4_msgs/include/px4_msgs/px4_msgs/msg/detail/power_button_state__type_support.cpp\n'}
[1.271472] (px4_msgs) StdoutLine: {'line': b'-- Up-to-date: /home/harsh/ros2_project/install/px4_msgs/include/px4_msgs/px4_msgs/msg/detail/estimator_aid_source2d__rosidl_typesupport_introspection_cpp.hpp\n'}
[1.271516] (px4_msgs) StdoutLine: {'line': b'-- Up-to-date: /home/harsh/ros2_project/install/px4_msgs/include/px4_msgs/px4_msgs/msg/detail/vehicle_trajectory_bezier__type_support.cpp\n'}
[1.271566] (px4_msgs) StdoutLine: {'line': b'-- Up-to-date: /home/harsh/ros2_project/install/px4_msgs/include/px4_msgs/px4_msgs/msg/detail/onboard_computer_status__rosidl_typesupport_introspection_cpp.hpp\n'}
[1.271625] (px4_msgs) StdoutLine: {'line': b'-- Up-to-date: /home/harsh/ros2_project/install/px4_msgs/include/px4_msgs/px4_msgs/msg/detail/mag_worker_data__rosidl_typesupport_introspection_cpp.hpp\n'}
[1.271677] (px4_msgs) StdoutLine: {'line': b'-- Up-to-date: /home/harsh/ros2_project/install/px4_msgs/include/px4_msgs/px4_msgs/msg/detail/parameter_reset_request__type_support.cpp\n'}
[1.271726] (px4_msgs) StdoutLine: {'line': b'-- Up-to-date: /home/harsh/ros2_project/install/px4_msgs/include/px4_msgs/px4_msgs/msg/detail/magnetometer_bias_estimate__type_support.cpp\n'}
[1.271787] (px4_msgs) StdoutLine: {'line': b'-- Up-to-date: /home/harsh/ros2_project/install/px4_msgs/include/px4_msgs/px4_msgs/msg/detail/debug_value__rosidl_typesupport_introspection_cpp.hpp\n'}
[1.271871] (px4_msgs) StdoutLine: {'line': b'-- Up-to-date: /home/harsh/ros2_project/install/px4_msgs/include/px4_msgs/px4_msgs/msg/detail/arming_check_request__rosidl_typesupport_introspection_cpp.hpp\n'}
[1.271913] (px4_msgs) StdoutLine: {'line': b'-- Up-to-date: /home/harsh/ros2_project/install/px4_msgs/include/px4_msgs/px4_msgs/msg/detail/gpio_out__rosidl_typesupport_introspection_cpp.hpp\n'}
[1.271950] (px4_msgs) StdoutLine: {'line': b'-- Up-to-date: /home/harsh/ros2_project/install/px4_msgs/include/px4_msgs/px4_msgs/msg/detail/gimbal_device_set_attitude__rosidl_typesupport_introspection_cpp.hpp\n'}
[1.271989] (px4_msgs) StdoutLine: {'line': b'-- Up-to-date: /home/harsh/ros2_project/install/px4_msgs/include/px4_msgs/px4_msgs/msg/detail/rpm__type_support.cpp\n'}
[1.272037] (px4_msgs) StdoutLine: {'line': b'-- Up-to-date: /home/harsh/ros2_project/install/px4_msgs/include/px4_msgs/px4_msgs/msg/detail/orb_test_medium__rosidl_typesupport_introspection_cpp.hpp\n'}
[1.272076] (px4_msgs) StdoutLine: {'line': b'-- Up-to-date: /home/harsh/ros2_project/install/px4_msgs/include/px4_msgs/px4_msgs/msg/detail/follow_target_estimator__rosidl_typesupport_introspection_cpp.hpp\n'}
[1.272113] (px4_msgs) StdoutLine: {'line': b'-- Up-to-date: /home/harsh/ros2_project/install/px4_msgs/include/px4_msgs/px4_msgs/msg/detail/actuator_servos__rosidl_typesupport_introspection_cpp.hpp\n'}
[1.272153] (px4_msgs) StdoutLine: {'line': b'-- Up-to-date: /home/harsh/ros2_project/install/px4_msgs/include/px4_msgs/px4_msgs/msg/detail/sensor_selection__rosidl_typesupport_introspection_cpp.hpp\n'}
[1.272217] (px4_msgs) StdoutLine: {'line': b'-- Up-to-date: /home/harsh/ros2_project/install/px4_msgs/include/px4_msgs/px4_msgs/msg/detail/uavcan_parameter_request__rosidl_typesupport_introspection_cpp.hpp\n'}
[1.272259] (px4_msgs) StdoutLine: {'line': b'-- Up-to-date: /home/harsh/ros2_project/install/px4_msgs/include/px4_msgs/px4_msgs/msg/detail/figure_eight_status__type_support.cpp\n'}
[1.272302] (px4_msgs) StdoutLine: {'line': b'-- Up-to-date: /home/harsh/ros2_project/install/px4_msgs/include/px4_msgs/px4_msgs/msg/detail/satellite_info__type_support.cpp\n'}
[1.272352] (px4_msgs) StdoutLine: {'line': b'-- Up-to-date: /home/harsh/ros2_project/install/px4_msgs/include/px4_msgs/px4_msgs/msg/detail/camera_trigger__rosidl_typesupport_introspection_cpp.hpp\n'}
[1.272413] (px4_msgs) StdoutLine: {'line': b'-- Up-to-date: /home/harsh/ros2_project/install/px4_msgs/include/px4_msgs/px4_msgs/msg/detail/gimbal_manager_information__type_support.cpp\n'}
[1.272453] (px4_msgs) StdoutLine: {'line': b'-- Up-to-date: /home/harsh/ros2_project/install/px4_msgs/include/px4_msgs/px4_msgs/msg/detail/uavcan_parameter_request__type_support.cpp\n'}
[1.272512] (px4_msgs) StdoutLine: {'line': b'-- Up-to-date: /home/harsh/ros2_project/install/px4_msgs/include/px4_msgs/px4_msgs/msg/detail/flight_phase_estimation__rosidl_typesupport_introspection_cpp.hpp\n'}
[1.272554] (px4_msgs) StdoutLine: {'line': b'-- Up-to-date: /home/harsh/ros2_project/install/px4_msgs/include/px4_msgs/px4_msgs/msg/detail/gimbal_device_attitude_status__rosidl_typesupport_introspection_cpp.hpp\n'}
[1.272596] (px4_msgs) StdoutLine: {'line': b'-- Up-to-date: /home/harsh/ros2_project/install/px4_msgs/include/px4_msgs/px4_msgs/msg/detail/vehicle_imu__rosidl_typesupport_introspection_cpp.hpp\n'}
[1.272635] (px4_msgs) StdoutLine: {'line': b'-- Up-to-date: /home/harsh/ros2_project/install/px4_msgs/include/px4_msgs/px4_msgs/msg/detail/gpio_request__rosidl_typesupport_introspection_cpp.hpp\n'}
[1.272674] (px4_msgs) StdoutLine: {'line': b'-- Up-to-date: /home/harsh/ros2_project/install/px4_msgs/include/px4_msgs/px4_msgs/msg/detail/uavcan_parameter_value__rosidl_typesupport_introspection_cpp.hpp\n'}
[1.272727] (px4_msgs) StdoutLine: {'line': b'-- Up-to-date: /home/harsh/ros2_project/install/px4_msgs/include/px4_msgs/px4_msgs/msg/detail/actuator_controls_status__type_support.cpp\n'}
[1.272909] (px4_msgs) StdoutLine: {'line': b'-- Up-to-date: /home/harsh/ros2_project/install/px4_msgs/include/px4_msgs/px4_msgs/msg/detail/esc_report__type_support.cpp\n'}
[1.273074] (px4_msgs) StdoutLine: {'line': b'-- Up-to-date: /home/harsh/ros2_project/install/px4_msgs/include/px4_msgs/px4_msgs/msg/detail/sensor_gyro_fft__type_support.cpp\n'}
[1.273161] (px4_msgs) StdoutLine: {'line': b'-- Up-to-date: /home/harsh/ros2_project/install/px4_msgs/include/px4_msgs/px4_msgs/msg/detail/debug_array__type_support.cpp\n'}
[1.273240] (px4_msgs) StdoutLine: {'line': b'-- Up-to-date: /home/harsh/ros2_project/install/px4_msgs/include/px4_msgs/px4_msgs/msg/detail/input_rc__rosidl_typesupport_introspection_cpp.hpp\n'}
[1.273391] (px4_msgs) StdoutLine: {'line': b'-- Up-to-date: /home/harsh/ros2_project/install/px4_msgs/include/px4_msgs/px4_msgs/msg/detail/vehicle_local_position__type_support.cpp\n'}
[1.273459] (px4_msgs) StdoutLine: {'line': b'-- Up-to-date: /home/harsh/ros2_project/install/px4_msgs/include/px4_msgs/px4_msgs/msg/detail/vehicle_attitude__type_support.cpp\n'}
[1.273506] (px4_msgs) StdoutLine: {'line': b'-- Up-to-date: /home/harsh/ros2_project/install/px4_msgs/include/px4_msgs/px4_msgs/msg/detail/collision_constraints__type_support.cpp\n'}
[1.273538] (px4_msgs) StdoutLine: {'line': b'-- Up-to-date: /home/harsh/ros2_project/install/px4_msgs/include/px4_msgs/px4_msgs/msg/detail/health_report__rosidl_typesupport_introspection_cpp.hpp\n'}
[1.273604] (px4_msgs) StdoutLine: {'line': b'-- Up-to-date: /home/harsh/ros2_project/install/px4_msgs/include/px4_msgs/px4_msgs/msg/detail/dataman_response__type_support.cpp\n'}
[1.273644] (px4_msgs) StdoutLine: {'line': b'-- Up-to-date: /home/harsh/ros2_project/install/px4_msgs/include/px4_msgs/px4_msgs/msg/detail/gpio_in__type_support.cpp\n'}
[1.273680] (px4_msgs) StdoutLine: {'line': b'-- Up-to-date: /home/harsh/ros2_project/install/px4_msgs/include/px4_msgs/px4_msgs/msg/detail/sensor_baro__type_support.cpp\n'}
[1.273713] (px4_msgs) StdoutLine: {'line': b'-- Up-to-date: /home/harsh/ros2_project/install/px4_msgs/include/px4_msgs/px4_msgs/msg/detail/camera_status__rosidl_typesupport_introspection_cpp.hpp\n'}
[1.273746] (px4_msgs) StdoutLine: {'line': b'-- Up-to-date: /home/harsh/ros2_project/install/px4_msgs/include/px4_msgs/px4_msgs/msg/detail/launch_detection_status__type_support.cpp\n'}
[1.273782] (px4_msgs) StdoutLine: {'line': b'-- Up-to-date: /home/harsh/ros2_project/install/px4_msgs/include/px4_msgs/px4_msgs/msg/detail/estimator_event_flags__rosidl_typesupport_introspection_cpp.hpp\n'}
[1.273815] (px4_msgs) StdoutLine: {'line': b'-- Up-to-date: /home/harsh/ros2_project/install/px4_msgs/include/px4_msgs/px4_msgs/msg/detail/vehicle_attitude_setpoint__rosidl_typesupport_introspection_cpp.hpp\n'}
[1.273854] (px4_msgs) StdoutLine: {'line': b'-- Up-to-date: /home/harsh/ros2_project/install/px4_msgs/include/px4_msgs/px4_msgs/msg/detail/position_setpoint_triplet__rosidl_typesupport_introspection_cpp.hpp\n'}
[1.273903] (px4_msgs) StdoutLine: {'line': b'-- Up-to-date: /home/harsh/ros2_project/install/px4_msgs/include/px4_msgs/px4_msgs/msg/detail/estimator_event_flags__type_support.cpp\n'}
[1.273955] (px4_msgs) StdoutLine: {'line': b'-- Up-to-date: /home/harsh/ros2_project/install/px4_msgs/include/px4_msgs/px4_msgs/msg/detail/task_stack_info__type_support.cpp\n'}
[1.274150] (px4_msgs) StdoutLine: {'line': b'-- Up-to-date: /home/harsh/ros2_project/install/px4_msgs/include/px4_msgs/px4_msgs/msg/detail/orb_test_large__type_support.cpp\n'}
[1.274202] (px4_msgs) StdoutLine: {'line': b'-- Up-to-date: /home/harsh/ros2_project/install/px4_msgs/include/px4_msgs/px4_msgs/msg/detail/tiltrotor_extra_controls__rosidl_typesupport_introspection_cpp.hpp\n'}
[1.274243] (px4_msgs) StdoutLine: {'line': b'-- Up-to-date: /home/harsh/ros2_project/install/px4_msgs/include/px4_msgs/px4_msgs/msg/detail/mount_orientation__rosidl_typesupport_introspection_cpp.hpp\n'}
[1.274289] (px4_msgs) StdoutLine: {'line': b'-- Up-to-date: /home/harsh/ros2_project/install/px4_msgs/include/px4_msgs/px4_msgs/msg/detail/yaw_estimator_status__type_support.cpp\n'}
[1.274334] (px4_msgs) StdoutLine: {'line': b'-- Up-to-date: /home/harsh/ros2_project/install/px4_msgs/include/px4_msgs/px4_msgs/msg/detail/goto_setpoint__rosidl_typesupport_introspection_cpp.hpp\n'}
[1.274371] (px4_msgs) StdoutLine: {'line': b'-- Up-to-date: /home/harsh/ros2_project/install/px4_msgs/include/px4_msgs/px4_msgs/msg/detail/vehicle_rates_setpoint__type_support.cpp\n'}
[1.274408] (px4_msgs) StdoutLine: {'line': b'-- Up-to-date: /home/harsh/ros2_project/install/px4_msgs/include/px4_msgs/px4_msgs/msg/detail/power_monitor__type_support.cpp\n'}
[1.274446] (px4_msgs) StdoutLine: {'line': b'-- Up-to-date: /home/harsh/ros2_project/install/px4_msgs/include/px4_msgs/px4_msgs/msg/detail/gps_dump__rosidl_typesupport_introspection_cpp.hpp\n'}
[1.274485] (px4_msgs) StdoutLine: {'line': b'-- Up-to-date: /home/harsh/ros2_project/install/px4_msgs/include/px4_msgs/px4_msgs/msg/detail/adc_report__type_support.cpp\n'}
[1.274523] (px4_msgs) StdoutLine: {'line': b'-- Up-to-date: /home/harsh/ros2_project/install/px4_msgs/include/px4_msgs/px4_msgs/msg/detail/cellular_status__rosidl_typesupport_introspection_cpp.hpp\n'}
[1.274560] (px4_msgs) StdoutLine: {'line': b'-- Up-to-date: /home/harsh/ros2_project/install/px4_msgs/include/px4_msgs/px4_msgs/msg/detail/qshell_req__rosidl_typesupport_introspection_cpp.hpp\n'}
[1.274598] (px4_msgs) StdoutLine: {'line': b'-- Up-to-date: /home/harsh/ros2_project/install/px4_msgs/include/px4_msgs/px4_msgs/msg/detail/px4io_status__type_support.cpp\n'}
[1.274635] (px4_msgs) StdoutLine: {'line': b'-- Up-to-date: /home/harsh/ros2_project/install/px4_msgs/include/px4_msgs/px4_msgs/msg/detail/vehicle_roi__rosidl_typesupport_introspection_cpp.hpp\n'}
[1.274673] (px4_msgs) StdoutLine: {'line': b'-- Up-to-date: /home/harsh/ros2_project/install/px4_msgs/include/px4_msgs/px4_msgs/msg/detail/rtl_time_estimate__type_support.cpp\n'}
[1.274711] (px4_msgs) StdoutLine: {'line': b'-- Up-to-date: /home/harsh/ros2_project/install/px4_msgs/include/px4_msgs/px4_msgs/msg/detail/gpio_in__rosidl_typesupport_introspection_cpp.hpp\n'}
[1.274854] (px4_msgs) StdoutLine: {'line': b'-- Up-to-date: /home/harsh/ros2_project/install/px4_msgs/include/px4_msgs/px4_msgs/msg/detail/npfg_status__type_support.cpp\n'}
[1.274900] (px4_msgs) StdoutLine: {'line': b'-- Up-to-date: /home/harsh/ros2_project/install/px4_msgs/include/px4_msgs/px4_msgs/msg/detail/wheel_encoders__rosidl_typesupport_introspection_cpp.hpp\n'}
[1.274951] (px4_msgs) StdoutLine: {'line': b'-- Up-to-date: /home/harsh/ros2_project/install/px4_msgs/include/px4_msgs/px4_msgs/msg/detail/vehicle_air_data__rosidl_typesupport_introspection_cpp.hpp\n'}
[1.274993] (px4_msgs) StdoutLine: {'line': b'-- Up-to-date: /home/harsh/ros2_project/install/px4_msgs/include/px4_msgs/px4_msgs/msg/detail/gps_inject_data__rosidl_typesupport_introspection_cpp.hpp\n'}
[1.275050] (px4_msgs) StdoutLine: {'line': b'-- Up-to-date: /home/harsh/ros2_project/install/px4_msgs/include/px4_msgs/px4_msgs/msg/detail/gimbal_controls__type_support.cpp\n'}
[1.275098] (px4_msgs) StdoutLine: {'line': b'-- Up-to-date: /home/harsh/ros2_project/install/px4_msgs/include/px4_msgs/px4_msgs/msg/detail/vehicle_optical_flow__type_support.cpp\n'}
[1.275143] (px4_msgs) StdoutLine: {'line': b'-- Up-to-date: /home/harsh/ros2_project/install/px4_msgs/include/px4_msgs/px4_msgs/msg/detail/ekf2_timestamps__type_support.cpp\n'}
[1.275192] (px4_msgs) StdoutLine: {'line': b'-- Up-to-date: /home/harsh/ros2_project/install/px4_msgs/include/px4_msgs/px4_msgs/msg/detail/esc_status__rosidl_typesupport_introspection_cpp.hpp\n'}
[1.275239] (px4_msgs) StdoutLine: {'line': b'-- Up-to-date: /home/harsh/ros2_project/install/px4_msgs/include/px4_msgs/px4_msgs/msg/detail/debug_vect__type_support.cpp\n'}
[1.275284] (px4_msgs) StdoutLine: {'line': b'-- Up-to-date: /home/harsh/ros2_project/install/px4_msgs/include/px4_msgs/px4_msgs/msg/detail/wheel_encoders__type_support.cpp\n'}
[1.275433] (px4_msgs) StdoutLine: {'line': b'-- Up-to-date: /home/harsh/ros2_project/install/px4_msgs/include/px4_msgs/px4_msgs/msg/detail/debug_key_value__type_support.cpp\n'}
[1.275480] (px4_msgs) StdoutLine: {'line': b'-- Up-to-date: /home/harsh/ros2_project/install/px4_msgs/include/px4_msgs/px4_msgs/msg/detail/config_overrides__rosidl_typesupport_introspection_cpp.hpp\n'}
[1.275529] (px4_msgs) StdoutLine: {'line': b'-- Up-to-date: /home/harsh/ros2_project/install/px4_msgs/include/px4_msgs/px4_msgs/msg/detail/generator_status__rosidl_typesupport_introspection_cpp.hpp\n'}
[1.275587] (px4_msgs) StdoutLine: {'line': b'-- Up-to-date: /home/harsh/ros2_project/install/px4_msgs/include/px4_msgs/px4_msgs/msg/detail/mission_result__type_support.cpp\n'}
[1.275648] (px4_msgs) StdoutLine: {'line': b'-- Up-to-date: /home/harsh/ros2_project/install/px4_msgs/include/px4_msgs/px4_msgs/msg/detail/rc_channels__rosidl_typesupport_introspection_cpp.hpp\n'}
[1.275700] (px4_msgs) StdoutLine: {'line': b'-- Up-to-date: /home/harsh/ros2_project/install/px4_msgs/include/px4_msgs/px4_msgs/msg/detail/estimator_bias3d__rosidl_typesupport_introspection_cpp.hpp\n'}
[1.275753] (px4_msgs) StdoutLine: {'line': b'-- Up-to-date: /home/harsh/ros2_project/install/px4_msgs/include/px4_msgs/px4_msgs/msg/detail/airspeed_validated__type_support.cpp\n'}
[1.275806] (px4_msgs) StdoutLine: {'line': b'-- Up-to-date: /home/harsh/ros2_project/install/px4_msgs/include/px4_msgs/px4_msgs/msg/detail/gimbal_manager_set_attitude__rosidl_typesupport_introspection_cpp.hpp\n'}
[1.275863] (px4_msgs) StdoutLine: {'line': b'-- Up-to-date: /home/harsh/ros2_project/install/px4_msgs/include/px4_msgs/px4_msgs/msg/detail/landing_gear__type_support.cpp\n'}
[1.276120] (px4_msgs) StdoutLine: {'line': b'-- Up-to-date: /home/harsh/ros2_project/install/px4_msgs/include/px4_msgs/px4_msgs/msg/detail/button_event__type_support.cpp\n'}
[1.276220] (px4_msgs) StdoutLine: {'line': b'-- Up-to-date: /home/harsh/ros2_project/install/px4_msgs/include/px4_msgs/px4_msgs/msg/detail/actuator_test__rosidl_typesupport_introspection_cpp.hpp\n'}
[1.276289] (px4_msgs) StdoutLine: {'line': b'-- Up-to-date: /home/harsh/ros2_project/install/px4_msgs/include/px4_msgs/px4_msgs/msg/detail/message_format_response__rosidl_typesupport_introspection_cpp.hpp\n'}
[1.276381] (px4_msgs) StdoutLine: {'line': b'-- Up-to-date: /home/harsh/ros2_project/install/px4_msgs/include/px4_msgs/px4_msgs/msg/detail/gps_dump__type_support.cpp\n'}
[1.276455] (px4_msgs) StdoutLine: {'line': b'-- Up-to-date: /home/harsh/ros2_project/install/px4_msgs/include/px4_msgs/px4_msgs/msg/detail/system_power__rosidl_typesupport_introspection_cpp.hpp\n'}
[1.276547] (px4_msgs) StdoutLine: {'line': b'-- Up-to-date: /home/harsh/ros2_project/install/px4_msgs/include/px4_msgs/px4_msgs/msg/detail/trajectory_waypoint__rosidl_typesupport_introspection_cpp.hpp\n'}
[1.276637] (px4_msgs) StdoutLine: {'line': b'-- Up-to-date: /home/harsh/ros2_project/install/px4_msgs/include/px4_msgs/px4_msgs/msg/detail/action_request__type_support.cpp\n'}
[1.276721] (px4_msgs) StdoutLine: {'line': b'-- Up-to-date: /home/harsh/ros2_project/install/px4_msgs/include/px4_msgs/px4_msgs/msg/detail/position_controller_status__rosidl_typesupport_introspection_cpp.hpp\n'}
[1.276800] (px4_msgs) StdoutLine: {'line': b'-- Up-to-date: /home/harsh/ros2_project/install/px4_msgs/include/px4_msgs/px4_msgs/msg/detail/vehicle_constraints__rosidl_typesupport_introspection_cpp.hpp\n'}
[1.276880] (px4_msgs) StdoutLine: {'line': b'-- Up-to-date: /home/harsh/ros2_project/install/px4_msgs/include/px4_msgs/px4_msgs/msg/detail/parameter_set_value_request__rosidl_typesupport_introspection_cpp.hpp\n'}
[1.276966] (px4_msgs) StdoutLine: {'line': b'-- Up-to-date: /home/harsh/ros2_project/install/px4_msgs/include/px4_msgs/px4_msgs/msg/detail/vehicle_odometry__rosidl_typesupport_introspection_cpp.hpp\n'}
[1.277075] (px4_msgs) StdoutLine: {'line': b'-- Up-to-date: /home/harsh/ros2_project/install/px4_msgs/include/px4_msgs/px4_msgs/msg/detail/ulog_stream__type_support.cpp\n'}
[1.277163] (px4_msgs) StdoutLine: {'line': b'-- Up-to-date: /home/harsh/ros2_project/install/px4_msgs/include/px4_msgs/px4_msgs/msg/detail/sensor_selection__type_support.cpp\n'}
[1.277240] (px4_msgs) StdoutLine: {'line': b'-- Up-to-date: /home/harsh/ros2_project/install/px4_msgs/include/px4_msgs/px4_msgs/msg/detail/parameter_set_value_request__type_support.cpp\n'}
[1.277325] (px4_msgs) StdoutLine: {'line': b'-- Up-to-date: /home/harsh/ros2_project/install/px4_msgs/include/px4_msgs/px4_msgs/msg/detail/pwm_input__type_support.cpp\n'}
[1.277414] (px4_msgs) StdoutLine: {'line': b'-- Up-to-date: /home/harsh/ros2_project/install/px4_msgs/include/px4_msgs/px4_msgs/msg/detail/vtol_vehicle_status__type_support.cpp\n'}
[1.277508] (px4_msgs) StdoutLine: {'line': b'-- Up-to-date: /home/harsh/ros2_project/install/px4_msgs/include/px4_msgs/px4_msgs/msg/detail/home_position__rosidl_typesupport_introspection_cpp.hpp\n'}
[1.277586] (px4_msgs) StdoutLine: {'line': b'-- Up-to-date: /home/harsh/ros2_project/install/px4_msgs/include/px4_msgs/px4_msgs/msg/detail/timesync_status__rosidl_typesupport_introspection_cpp.hpp\n'}
[1.277662] (px4_msgs) StdoutLine: {'line': b'-- Up-to-date: /home/harsh/ros2_project/install/px4_msgs/include/px4_msgs/px4_msgs/msg/detail/irlock_report__type_support.cpp\n'}
[1.277739] (px4_msgs) StdoutLine: {'line': b'-- Up-to-date: /home/harsh/ros2_project/install/px4_msgs/include/px4_msgs/px4_msgs/msg/detail/gimbal_manager_status__type_support.cpp\n'}
[1.277814] (px4_msgs) StdoutLine: {'line': b'-- Up-to-date: /home/harsh/ros2_project/install/px4_msgs/include/px4_msgs/px4_msgs/msg/detail/vehicle_imu_status__rosidl_typesupport_introspection_cpp.hpp\n'}
[1.277891] (px4_msgs) StdoutLine: {'line': b'-- Up-to-date: /home/harsh/ros2_project/install/px4_msgs/include/px4_msgs/px4_msgs/msg/detail/estimator_aid_source2d__type_support.cpp\n'}
[1.277968] (px4_msgs) StdoutLine: {'line': b'-- Up-to-date: /home/harsh/ros2_project/install/px4_msgs/include/px4_msgs/px4_msgs/msg/detail/estimator_status_flags__rosidl_typesupport_introspection_cpp.hpp\n'}
[1.278056] (px4_msgs) StdoutLine: {'line': b'-- Up-to-date: /home/harsh/ros2_project/install/px4_msgs/include/px4_msgs/px4_msgs/msg/detail/estimator_aid_source1d__type_support.cpp\n'}
[1.278159] (px4_msgs) StdoutLine: {'line': b'-- Up-to-date: /home/harsh/ros2_project/install/px4_msgs/include/px4_msgs/px4_msgs/msg/detail/mavlink_tunnel__rosidl_typesupport_introspection_cpp.hpp\n'}
[1.278238] (px4_msgs) StdoutLine: {'line': b'-- Up-to-date: /home/harsh/ros2_project/install/px4_msgs/include/px4_msgs/px4_msgs/msg/detail/uavcan_parameter_value__type_support.cpp\n'}
[1.278322] (px4_msgs) StdoutLine: {'line': b'-- Up-to-date: /home/harsh/ros2_project/install/px4_msgs/include/px4_msgs/px4_msgs/msg/detail/differential_pressure__type_support.cpp\n'}
[1.278399] (px4_msgs) StdoutLine: {'line': b'-- Up-to-date: /home/harsh/ros2_project/install/px4_msgs/include/px4_msgs/px4_msgs/msg/detail/register_ext_component_reply__rosidl_typesupport_introspection_cpp.hpp\n'}
[1.278473] (px4_msgs) StdoutLine: {'line': b'-- Up-to-date: /home/harsh/ros2_project/install/px4_msgs/include/px4_msgs/px4_msgs/msg/detail/parameter_set_used_request__type_support.cpp\n'}
[1.278553] (px4_msgs) StdoutLine: {'line': b'-- Up-to-date: /home/harsh/ros2_project/install/px4_msgs/include/px4_msgs/px4_msgs/msg/detail/mission_result__rosidl_typesupport_introspection_cpp.hpp\n'}
[1.278634] (px4_msgs) StdoutLine: {'line': b'-- Up-to-date: /home/harsh/ros2_project/install/px4_msgs/include/px4_msgs/px4_msgs/msg/detail/unregister_ext_component__rosidl_typesupport_introspection_cpp.hpp\n'}
[1.278710] (px4_msgs) StdoutLine: {'line': b'-- Up-to-date: /home/harsh/ros2_project/install/px4_msgs/include/px4_msgs/px4_msgs/msg/detail/velocity_limits__type_support.cpp\n'}
[1.278788] (px4_msgs) StdoutLine: {'line': b'-- Up-to-date: /home/harsh/ros2_project/install/px4_msgs/include/px4_msgs/px4_msgs/msg/detail/estimator_innovations__type_support.cpp\n'}
[1.278868] (px4_msgs) StdoutLine: {'line': b'-- Up-to-date: /home/harsh/ros2_project/install/px4_msgs/include/px4_msgs/px4_msgs/msg/detail/pps_capture__rosidl_typesupport_introspection_cpp.hpp\n'}
[1.278947] (px4_msgs) StdoutLine: {'line': b'-- Up-to-date: /home/harsh/ros2_project/install/px4_msgs/include/px4_msgs/px4_msgs/msg/detail/orbit_status__type_support.cpp\n'}
[1.279061] (px4_msgs) StdoutLine: {'line': b'-- Up-to-date: /home/harsh/ros2_project/install/px4_msgs/include/px4_msgs/px4_msgs/msg/detail/vehicle_land_detected__rosidl_typesupport_introspection_cpp.hpp\n'}
[1.279146] (px4_msgs) StdoutLine: {'line': b'-- Up-to-date: /home/harsh/ros2_project/install/px4_msgs/include/px4_msgs/px4_msgs/msg/detail/landing_gear_wheel__type_support.cpp\n'}
[1.279224] (px4_msgs) StdoutLine: {'line': b'-- Up-to-date: /home/harsh/ros2_project/install/px4_msgs/include/px4_msgs/px4_msgs/msg/detail/differential_drive_setpoint__type_support.cpp\n'}
[1.279305] (px4_msgs) StdoutLine: {'line': b'-- Up-to-date: /home/harsh/ros2_project/install/px4_msgs/include/px4_msgs/px4_msgs/msg/detail/landing_gear__rosidl_typesupport_introspection_cpp.hpp\n'}
[1.279406] (px4_msgs) StdoutLine: {'line': b'-- Up-to-date: /home/harsh/ros2_project/install/px4_msgs/include/px4_msgs/px4_msgs/msg/detail/failure_detector_status__type_support.cpp\n'}
[1.279483] (px4_msgs) StdoutLine: {'line': b'-- Up-to-date: /home/harsh/ros2_project/install/px4_msgs/include/px4_msgs/px4_msgs/msg/detail/vehicle_trajectory_waypoint__type_support.cpp\n'}
[1.279560] (px4_msgs) StdoutLine: {'line': b'-- Up-to-date: /home/harsh/ros2_project/install/px4_msgs/include/px4_msgs/px4_msgs/msg/detail/debug_vect__rosidl_typesupport_introspection_cpp.hpp\n'}
[1.279637] (px4_msgs) StdoutLine: {'line': b'-- Up-to-date: /home/harsh/ros2_project/install/px4_msgs/include/px4_msgs/px4_msgs/msg/detail/ulog_stream_ack__rosidl_typesupport_introspection_cpp.hpp\n'}
[1.279744] (px4_msgs) StdoutLine: {'line': b'-- Up-to-date: /home/harsh/ros2_project/install/px4_msgs/include/px4_msgs/px4_msgs/msg/detail/gripper__rosidl_typesupport_introspection_cpp.hpp\n'}
[1.279822] (px4_msgs) StdoutLine: {'line': b'-- Up-to-date: /home/harsh/ros2_project/install/px4_msgs/include/px4_msgs/px4_msgs/msg/detail/actuator_servos_trim__rosidl_typesupport_introspection_cpp.hpp\n'}
[1.279910] (px4_msgs) StdoutLine: {'line': b'-- Up-to-date: /home/harsh/ros2_project/install/px4_msgs/include/px4_msgs/px4_msgs/msg/detail/register_ext_component_reply__type_support.cpp\n'}
[1.279997] (px4_msgs) StdoutLine: {'line': b'-- Up-to-date: /home/harsh/ros2_project/install/px4_msgs/include/px4_msgs/px4_msgs/msg/detail/sensor_accel__type_support.cpp\n'}
[1.280119] (px4_msgs) StdoutLine: {'line': b'-- Up-to-date: /home/harsh/ros2_project/install/px4_msgs/include/px4_msgs/px4_msgs/msg/detail/trajectory_bezier__type_support.cpp\n'}
[1.280202] (px4_msgs) StdoutLine: {'line': b'-- Up-to-date: /home/harsh/ros2_project/install/px4_msgs/include/px4_msgs/px4_msgs/msg/detail/autotune_attitude_control_status__rosidl_typesupport_introspection_cpp.hpp\n'}
[1.280281] (px4_msgs) StdoutLine: {'line': b'-- Up-to-date: /home/harsh/ros2_project/install/px4_msgs/include/px4_msgs/px4_msgs/msg/detail/unregister_ext_component__type_support.cpp\n'}
[1.280359] (px4_msgs) StdoutLine: {'line': b'-- Up-to-date: /home/harsh/ros2_project/install/px4_msgs/include/px4_msgs/px4_msgs/msg/detail/sensor_correction__type_support.cpp\n'}
[1.280454] (px4_msgs) StdoutLine: {'line': b'-- Up-to-date: /home/harsh/ros2_project/install/px4_msgs/include/px4_msgs/px4_msgs/msg/detail/estimator_aid_source3d__rosidl_typesupport_introspection_cpp.hpp\n'}
[1.280542] (px4_msgs) StdoutLine: {'line': b'-- Up-to-date: /home/harsh/ros2_project/install/px4_msgs/include/px4_msgs/px4_msgs/msg/detail/sensor_combined__type_support.cpp\n'}
[1.280625] (px4_msgs) StdoutLine: {'line': b'-- Up-to-date: /home/harsh/ros2_project/install/px4_msgs/include/px4_msgs/px4_msgs/msg/detail/log_message__rosidl_typesupport_introspection_cpp.hpp\n'}
[1.280719] (px4_msgs) StdoutLine: {'line': b'-- Up-to-date: /home/harsh/ros2_project/install/px4_msgs/include/px4_msgs/px4_msgs/msg/detail/mission__type_support.cpp\n'}
[1.280807] (px4_msgs) StdoutLine: {'line': b'-- Up-to-date: /home/harsh/ros2_project/install/px4_msgs/include/px4_msgs/px4_msgs/msg/detail/orb_test__type_support.cpp\n'}
[1.280946] (px4_msgs) StdoutLine: {'line': b'-- Up-to-date: /home/harsh/ros2_project/install/px4_msgs/include/px4_msgs/px4_msgs/msg/detail/vehicle_optical_flow__rosidl_typesupport_introspection_cpp.hpp\n'}
[1.281065] (px4_msgs) StdoutLine: {'line': b'-- Up-to-date: /home/harsh/ros2_project/install/px4_msgs/include/px4_msgs/px4_msgs/msg/detail/mavlink_log__rosidl_typesupport_introspection_cpp.hpp\n'}
[1.281184] (px4_msgs) StdoutLine: {'line': b'-- Up-to-date: /home/harsh/ros2_project/install/px4_msgs/include/px4_msgs/px4_msgs/msg/detail/ulog_stream__rosidl_typesupport_introspection_cpp.hpp\n'}
[1.281280] (px4_msgs) StdoutLine: {'line': b'-- Up-to-date: /home/harsh/ros2_project/install/px4_msgs/include/px4_msgs/px4_msgs/msg/detail/vehicle_global_position__type_support.cpp\n'}
[1.281376] (px4_msgs) StdoutLine: {'line': b'-- Up-to-date: /home/harsh/ros2_project/install/px4_msgs/include/px4_msgs/px4_msgs/msg/detail/internal_combustion_engine_status__rosidl_typesupport_introspection_cpp.hpp\n'}
[1.281470] (px4_msgs) StdoutLine: {'line': b'-- Up-to-date: /home/harsh/ros2_project/install/px4_msgs/include/px4_msgs/px4_msgs/msg/detail/radio_status__rosidl_typesupport_introspection_cpp.hpp\n'}
[1.281563] (px4_msgs) StdoutLine: {'line': b'-- Up-to-date: /home/harsh/ros2_project/install/px4_msgs/include/px4_msgs/px4_msgs/msg/detail/arming_check_request__type_support.cpp\n'}
[1.281656] (px4_msgs) StdoutLine: {'line': b'-- Up-to-date: /home/harsh/ros2_project/install/px4_msgs/include/px4_msgs/px4_msgs/msg/detail/onboard_computer_status__type_support.cpp\n'}
[1.281761] (px4_msgs) StdoutLine: {'line': b'-- Up-to-date: /home/harsh/ros2_project/install/px4_msgs/include/px4_msgs/px4_msgs/msg/detail/distance_sensor__type_support.cpp\n'}
[1.281856] (px4_msgs) StdoutLine: {'line': b'-- Up-to-date: /home/harsh/ros2_project/install/px4_msgs/include/px4_msgs/px4_msgs/msg/detail/estimator_innovations__rosidl_typesupport_introspection_cpp.hpp\n'}
[1.281967] (px4_msgs) StdoutLine: {'line': b'-- Up-to-date: /home/harsh/ros2_project/install/px4_msgs/include/px4_msgs/px4_msgs/msg/detail/vehicle_magnetometer__rosidl_typesupport_introspection_cpp.hpp\n'}
[1.282091] (px4_msgs) StdoutLine: {'line': b'-- Up-to-date: /home/harsh/ros2_project/install/px4_msgs/include/px4_msgs/px4_msgs/msg/detail/orb_test__rosidl_typesupport_introspection_cpp.hpp\n'}
[1.282197] (px4_msgs) StdoutLine: {'line': b'-- Up-to-date: /home/harsh/ros2_project/install/px4_msgs/include/px4_msgs/px4_msgs/msg/detail/power_button_state__rosidl_typesupport_introspection_cpp.hpp\n'}
[1.282300] (px4_msgs) StdoutLine: {'line': b'-- Up-to-date: /home/harsh/ros2_project/install/px4_msgs/include/px4_msgs/px4_msgs/msg/detail/sensors_status__type_support.cpp\n'}
[1.282395] (px4_msgs) StdoutLine: {'line': b'-- Up-to-date: /home/harsh/ros2_project/install/px4_msgs/include/px4_msgs/px4_msgs/msg/detail/estimator_states__rosidl_typesupport_introspection_cpp.hpp\n'}
[1.282496] (px4_msgs) StdoutLine: {'line': b'-- Up-to-date: /home/harsh/ros2_project/install/px4_msgs/include/px4_msgs/px4_msgs/msg/detail/parameter_set_value_response__type_support.cpp\n'}
[1.282614] (px4_msgs) StdoutLine: {'line': b'-- Up-to-date: /home/harsh/ros2_project/install/px4_msgs/include/px4_msgs/px4_msgs/msg/detail/sensor_uwb__rosidl_typesupport_introspection_cpp.hpp\n'}
[1.282714] (px4_msgs) StdoutLine: {'line': b'-- Up-to-date: /home/harsh/ros2_project/install/px4_msgs/include/px4_msgs/px4_msgs/msg/detail/task_stack_info__rosidl_typesupport_introspection_cpp.hpp\n'}
[1.282814] (px4_msgs) StdoutLine: {'line': b'-- Up-to-date: /home/harsh/ros2_project/install/px4_msgs/include/px4_msgs/px4_msgs/msg/detail/parameter_set_value_response__rosidl_typesupport_introspection_cpp.hpp\n'}
[1.282922] (px4_msgs) StdoutLine: {'line': b'-- Up-to-date: /home/harsh/ros2_project/install/px4_msgs/include/px4_msgs/px4_msgs/msg/detail/gimbal_manager_status__rosidl_typesupport_introspection_cpp.hpp\n'}
[1.283039] (px4_msgs) StdoutLine: {'line': b'-- Up-to-date: /home/harsh/ros2_project/install/px4_msgs/include/px4_msgs/px4_msgs/msg/detail/telemetry_status__rosidl_typesupport_introspection_cpp.hpp\n'}
[1.283160] (px4_msgs) StdoutLine: {'line': b'-- Up-to-date: /home/harsh/ros2_project/install/px4_msgs/include/px4_msgs/px4_msgs/msg/detail/sensor_gyro_fifo__rosidl_typesupport_introspection_cpp.hpp\n'}
[1.283259] (px4_msgs) StdoutLine: {'line': b'-- Up-to-date: /home/harsh/ros2_project/install/px4_msgs/include/px4_msgs/px4_msgs/msg/detail/sensor_hygrometer__rosidl_typesupport_introspection_cpp.hpp\n'}
[1.283362] (px4_msgs) StdoutLine: {'line': b'-- Up-to-date: /home/harsh/ros2_project/install/px4_msgs/include/px4_msgs/px4_msgs/msg/detail/estimator_aid_source3d__type_support.cpp\n'}
[1.283476] (px4_msgs) StdoutLine: {'line': b'-- Up-to-date: /home/harsh/ros2_project/install/px4_msgs/include/px4_msgs/px4_msgs/msg/detail/gpio_request__type_support.cpp\n'}
[1.283587] (px4_msgs) StdoutLine: {'line': b'-- Up-to-date: /home/harsh/ros2_project/install/px4_msgs/include/px4_msgs/px4_msgs/msg/detail/gimbal_controls__rosidl_typesupport_introspection_cpp.hpp\n'}
[1.283683] (px4_msgs) StdoutLine: {'line': b'-- Up-to-date: /home/harsh/ros2_project/install/px4_msgs/include/px4_msgs/px4_msgs/msg/detail/estimator_status__type_support.cpp\n'}
[1.283775] (px4_msgs) StdoutLine: {'line': b'-- Up-to-date: /home/harsh/ros2_project/install/px4_msgs/include/px4_msgs/px4_msgs/msg/detail/button_event__rosidl_typesupport_introspection_cpp.hpp\n'}
[1.283881] (px4_msgs) StdoutLine: {'line': b'-- Up-to-date: /home/harsh/ros2_project/install/px4_msgs/include/px4_msgs/px4_msgs/msg/detail/actuator_armed__rosidl_typesupport_introspection_cpp.hpp\n'}
[1.283975] (px4_msgs) StdoutLine: {'line': b'-- Up-to-date: /home/harsh/ros2_project/install/px4_msgs/include/px4_msgs/px4_msgs/msg/detail/gimbal_manager_set_manual_control__type_support.cpp\n'}
[1.284113] (px4_msgs) StdoutLine: {'line': b'-- Up-to-date: /home/harsh/ros2_project/install/px4_msgs/include/px4_msgs/px4_msgs/msg/detail/normalized_unsigned_setpoint__rosidl_typesupport_introspection_cpp.hpp\n'}
[1.284215] (px4_msgs) StdoutLine: {'line': b'-- Up-to-date: /home/harsh/ros2_project/install/px4_msgs/include/px4_msgs/px4_msgs/msg/detail/vehicle_global_position__rosidl_typesupport_introspection_cpp.hpp\n'}
[1.284329] (px4_msgs) StdoutLine: {'line': b'-- Up-to-date: /home/harsh/ros2_project/install/px4_msgs/include/px4_msgs/px4_msgs/msg/detail/manual_control_switches__rosidl_typesupport_introspection_cpp.hpp\n'}
[1.284446] (px4_msgs) StdoutLine: {'line': b'-- Up-to-date: /home/harsh/ros2_project/install/px4_msgs/include/px4_msgs/px4_msgs/msg/detail/dataman_response__rosidl_typesupport_introspection_cpp.hpp\n'}
[1.284557] (px4_msgs) StdoutLine: {'line': b'-- Up-to-date: /home/harsh/ros2_project/install/px4_msgs/include/px4_msgs/px4_msgs/msg/detail/launch_detection_status__rosidl_typesupport_introspection_cpp.hpp\n'}
[1.284808] (px4_msgs) StdoutLine: {'line': b'-- Up-to-date: /home/harsh/ros2_project/install/px4_msgs/include/px4_msgs/px4_msgs/msg/detail/velocity_limits__rosidl_typesupport_introspection_cpp.hpp\n'}
[1.284933] (px4_msgs) StdoutLine: {'line': b'-- Up-to-date: /home/harsh/ros2_project/install/px4_msgs/include/px4_msgs/px4_msgs/msg/detail/dataman_request__type_support.cpp\n'}
[1.285019] (px4_msgs) StdoutLine: {'line': b'-- Up-to-date: /home/harsh/ros2_project/install/px4_msgs/include/px4_msgs/px4_msgs/msg/detail/control_allocator_status__type_support.cpp\n'}
[1.285101] (px4_msgs) StdoutLine: {'line': b'-- Up-to-date: /home/harsh/ros2_project/install/px4_msgs/include/px4_msgs/px4_msgs/msg/detail/collision_report__type_support.cpp\n'}
[1.285197] (px4_msgs) StdoutLine: {'line': b'-- Up-to-date: /home/harsh/ros2_project/install/px4_msgs/include/px4_msgs/px4_msgs/msg/detail/battery_status__rosidl_typesupport_introspection_cpp.hpp\n'}
[1.285262] (px4_msgs) StdoutLine: {'line': b'-- Up-to-date: /home/harsh/ros2_project/install/px4_msgs/include/px4_msgs/px4_msgs/msg/detail/generator_status__type_support.cpp\n'}
[1.285328] (px4_msgs) StdoutLine: {'line': b'-- Up-to-date: /home/harsh/ros2_project/install/px4_msgs/include/px4_msgs/px4_msgs/msg/detail/parameter_set_used_request__rosidl_typesupport_introspection_cpp.hpp\n'}
[1.285393] (px4_msgs) StdoutLine: {'line': b'-- Up-to-date: /home/harsh/ros2_project/install/px4_msgs/include/px4_msgs/px4_msgs/msg/detail/sensors_status__rosidl_typesupport_introspection_cpp.hpp\n'}
[1.285505] (px4_msgs) StdoutLine: {'line': b'-- Up-to-date: /home/harsh/ros2_project/install/px4_msgs/include/px4_msgs/px4_msgs/msg/detail/goto_setpoint__type_support.cpp\n'}
[1.285570] (px4_msgs) StdoutLine: {'line': b'-- Up-to-date: /home/harsh/ros2_project/install/px4_msgs/include/px4_msgs/px4_msgs/msg/detail/vehicle_angular_velocity__rosidl_typesupport_introspection_cpp.hpp\n'}
[1.285633] (px4_msgs) StdoutLine: {'line': b'-- Up-to-date: /home/harsh/ros2_project/install/px4_msgs/include/px4_msgs/px4_msgs/msg/detail/input_rc__type_support.cpp\n'}
[1.285695] (px4_msgs) StdoutLine: {'line': b'-- Up-to-date: /home/harsh/ros2_project/install/px4_msgs/include/px4_msgs/px4_msgs/msg/detail/vehicle_thrust_setpoint__type_support.cpp\n'}
[1.285760] (px4_msgs) StdoutLine: {'line': b'-- Up-to-date: /home/harsh/ros2_project/install/px4_msgs/include/px4_msgs/px4_msgs/msg/detail/sensor_correction__rosidl_typesupport_introspection_cpp.hpp\n'}
[1.285827] (px4_msgs) StdoutLine: {'line': b'-- Up-to-date: /home/harsh/ros2_project/install/px4_msgs/include/px4_msgs/px4_msgs/msg/detail/airspeed__rosidl_typesupport_introspection_cpp.hpp\n'}
[1.285894] (px4_msgs) StdoutLine: {'line': b'-- Up-to-date: /home/harsh/ros2_project/install/px4_msgs/include/px4_msgs/px4_msgs/msg/detail/navigator_mission_item__type_support.cpp\n'}
[1.285959] (px4_msgs) StdoutLine: {'line': b'-- Up-to-date: /home/harsh/ros2_project/install/px4_msgs/include/px4_msgs/px4_msgs/msg/detail/timesync_status__type_support.cpp\n'}
[1.286090] (px4_msgs) StdoutLine: {'line': b'-- Up-to-date: /home/harsh/ros2_project/install/px4_msgs/include/px4_msgs/px4_msgs/msg/detail/sensor_optical_flow__rosidl_typesupport_introspection_cpp.hpp\n'}
[1.286161] (px4_msgs) StdoutLine: {'line': b'-- Up-to-date: /home/harsh/ros2_project/install/px4_msgs/include/px4_msgs/px4_msgs/msg/detail/sensor_gnss_relative__rosidl_typesupport_introspection_cpp.hpp\n'}
[1.286235] (px4_msgs) StdoutLine: {'line': b'-- Up-to-date: /home/harsh/ros2_project/install/px4_msgs/include/px4_msgs/px4_msgs/msg/detail/heater_status__rosidl_typesupport_introspection_cpp.hpp\n'}
[1.286304] (px4_msgs) StdoutLine: {'line': b'-- Up-to-date: /home/harsh/ros2_project/install/px4_msgs/include/px4_msgs/px4_msgs/msg/detail/qshell_req__type_support.cpp\n'}
[1.286366] (px4_msgs) StdoutLine: {'line': b'-- Up-to-date: /home/harsh/ros2_project/install/px4_msgs/include/px4_msgs/px4_msgs/msg/detail/arming_check_reply__rosidl_typesupport_introspection_cpp.hpp\n'}
[1.286427] (px4_msgs) StdoutLine: {'line': b'-- Up-to-date: /home/harsh/ros2_project/install/px4_msgs/include/px4_msgs/px4_msgs/msg/detail/rpm__rosidl_typesupport_introspection_cpp.hpp\n'}
[1.286488] (px4_msgs) StdoutLine: {'line': b'-- Up-to-date: /home/harsh/ros2_project/install/px4_msgs/include/px4_msgs/px4_msgs/msg/detail/vehicle_attitude_setpoint__type_support.cpp\n'}
[1.286550] (px4_msgs) StdoutLine: {'line': b'-- Up-to-date: /home/harsh/ros2_project/install/px4_msgs/include/px4_msgs/px4_msgs/msg/detail/estimator_status__rosidl_typesupport_introspection_cpp.hpp\n'}
[1.286611] (px4_msgs) StdoutLine: {'line': b'-- Up-to-date: /home/harsh/ros2_project/install/px4_msgs/include/px4_msgs/px4_msgs/msg/detail/actuator_armed__type_support.cpp\n'}
[1.286676] (px4_msgs) StdoutLine: {'line': b'-- Up-to-date: /home/harsh/ros2_project/install/px4_msgs/include/px4_msgs/px4_msgs/msg/detail/collision_constraints__rosidl_typesupport_introspection_cpp.hpp\n'}
[1.286742] (px4_msgs) StdoutLine: {'line': b'-- Up-to-date: /home/harsh/ros2_project/install/px4_msgs/include/px4_msgs/px4_msgs/msg/detail/actuator_controls_status__rosidl_typesupport_introspection_cpp.hpp\n'}
[1.286807] (px4_msgs) StdoutLine: {'line': b'-- Up-to-date: /home/harsh/ros2_project/install/px4_msgs/include/px4_msgs/px4_msgs/msg/detail/flight_phase_estimation__type_support.cpp\n'}
[1.286882] (px4_msgs) StdoutLine: {'line': b'-- Up-to-date: /home/harsh/ros2_project/install/px4_msgs/include/px4_msgs/px4_msgs/msg/detail/sensors_status_imu__rosidl_typesupport_introspection_cpp.hpp\n'}
[1.286945] (px4_msgs) StdoutLine: {'line': b'-- Up-to-date: /home/harsh/ros2_project/install/px4_msgs/include/px4_msgs/px4_msgs/msg/detail/pwm_input__rosidl_typesupport_introspection_cpp.hpp\n'}
[1.287006] (px4_msgs) StdoutLine: {'line': b'-- Up-to-date: /home/harsh/ros2_project/install/px4_msgs/include/px4_msgs/px4_msgs/msg/detail/geofence_status__rosidl_typesupport_introspection_cpp.hpp\n'}
[1.287075] (px4_msgs) StdoutLine: {'line': b'-- Up-to-date: /home/harsh/ros2_project/install/px4_msgs/include/px4_msgs/px4_msgs/msg/detail/arming_check_reply__type_support.cpp\n'}
[1.287136] (px4_msgs) StdoutLine: {'line': b'-- Up-to-date: /home/harsh/ros2_project/install/px4_msgs/include/px4_msgs/px4_msgs/msg/detail/esc_report__rosidl_typesupport_introspection_cpp.hpp\n'}
[1.287207] (px4_msgs) StdoutLine: {'line': b'-- Up-to-date: /home/harsh/ros2_project/install/px4_msgs/include/px4_msgs/px4_msgs/msg/detail/cpuload__rosidl_typesupport_introspection_cpp.hpp\n'}
[1.287268] (px4_msgs) StdoutLine: {'line': b'-- Up-to-date: /home/harsh/ros2_project/install/px4_msgs/include/px4_msgs/px4_msgs/msg/detail/position_controller_status__type_support.cpp\n'}
[1.287327] (px4_msgs) StdoutLine: {'line': b'-- Up-to-date: /home/harsh/ros2_project/install/px4_msgs/include/px4_msgs/px4_msgs/msg/detail/sensor_airflow__rosidl_typesupport_introspection_cpp.hpp\n'}
[1.287390] (px4_msgs) StdoutLine: {'line': b'-- Up-to-date: /home/harsh/ros2_project/install/px4_msgs/include/px4_msgs/px4_msgs/msg/detail/logger_status__rosidl_typesupport_introspection_cpp.hpp\n'}
[1.287459] (px4_msgs) StdoutLine: {'line': b'-- Up-to-date: /home/harsh/ros2_project/install/px4_msgs/include/px4_msgs/px4_msgs/msg/detail/vehicle_torque_setpoint__rosidl_typesupport_introspection_cpp.hpp\n'}
[1.287520] (px4_msgs) StdoutLine: {'line': b'-- Up-to-date: /home/harsh/ros2_project/install/px4_msgs/include/px4_msgs/px4_msgs/msg/detail/tune_control__type_support.cpp\n'}
[1.287586] (px4_msgs) StdoutLine: {'line': b'-- Up-to-date: /home/harsh/ros2_project/install/px4_msgs/include/px4_msgs/px4_msgs/msg/detail/failure_detector_status__rosidl_typesupport_introspection_cpp.hpp\n'}
[1.287650] (px4_msgs) StdoutLine: {'line': b'-- Up-to-date: /home/harsh/ros2_project/install/px4_msgs/include/px4_msgs/px4_msgs/msg/detail/airspeed_wind__rosidl_typesupport_introspection_cpp.hpp\n'}
[1.287730] (px4_msgs) StdoutLine: {'line': b'-- Up-to-date: /home/harsh/ros2_project/install/px4_msgs/include/px4_msgs/px4_msgs/msg/detail/telemetry_status__type_support.cpp\n'}
[1.287794] (px4_msgs) StdoutLine: {'line': b'-- Up-to-date: /home/harsh/ros2_project/install/px4_msgs/include/px4_msgs/px4_msgs/msg/detail/gimbal_manager_information__rosidl_typesupport_introspection_cpp.hpp\n'}
[1.287859] (px4_msgs) StdoutLine: {'line': b'-- Up-to-date: /home/harsh/ros2_project/install/px4_msgs/include/px4_msgs/px4_msgs/msg/detail/position_setpoint_triplet__type_support.cpp\n'}
[1.287923] (px4_msgs) StdoutLine: {'line': b'-- Up-to-date: /home/harsh/ros2_project/install/px4_msgs/include/px4_msgs/px4_msgs/msg/detail/sensor_gyro_fifo__type_support.cpp\n'}
[1.287988] (px4_msgs) StdoutLine: {'line': b'-- Up-to-date: /home/harsh/ros2_project/install/px4_msgs/include/px4_msgs/px4_msgs/msg/detail/geofence_result__type_support.cpp\n'}
[1.288069] (px4_msgs) StdoutLine: {'line': b'-- Up-to-date: /home/harsh/ros2_project/install/px4_msgs/include/px4_msgs/px4_msgs/msg/detail/ping__rosidl_typesupport_introspection_cpp.hpp\n'}
[1.288132] (px4_msgs) StdoutLine: {'line': b'-- Up-to-date: /home/harsh/ros2_project/install/px4_msgs/include/px4_msgs/px4_msgs/msg/detail/sensor_preflight_mag__rosidl_typesupport_introspection_cpp.hpp\n'}
[1.288193] (px4_msgs) StdoutLine: {'line': b'-- Up-to-date: /home/harsh/ros2_project/install/px4_msgs/include/px4_msgs/px4_msgs/msg/detail/dataman_request__rosidl_typesupport_introspection_cpp.hpp\n'}
[1.288253] (px4_msgs) StdoutLine: {'line': b'-- Up-to-date: /home/harsh/ros2_project/install/px4_msgs/include/px4_msgs/px4_msgs/msg/detail/tune_control__rosidl_typesupport_introspection_cpp.hpp\n'}
[1.288319] (px4_msgs) StdoutLine: {'line': b'-- Up-to-date: /home/harsh/ros2_project/install/px4_msgs/include/px4_msgs/px4_msgs/msg/detail/parameter_update__type_support.cpp\n'}
[1.288385] (px4_msgs) StdoutLine: {'line': b'-- Up-to-date: /home/harsh/ros2_project/install/px4_msgs/include/px4_msgs/px4_msgs/msg/detail/vehicle_constraints__type_support.cpp\n'}
[1.288450] (px4_msgs) StdoutLine: {'line': b'-- Up-to-date: /home/harsh/ros2_project/install/px4_msgs/include/px4_msgs/px4_msgs/msg/detail/trajectory_setpoint__type_support.cpp\n'}
[1.288515] (px4_msgs) StdoutLine: {'line': b'-- Up-to-date: /home/harsh/ros2_project/install/px4_msgs/include/px4_msgs/px4_msgs/msg/detail/actuator_servos__type_support.cpp\n'}
[1.288583] (px4_msgs) StdoutLine: {'line': b'-- Up-to-date: /home/harsh/ros2_project/install/px4_msgs/include/px4_msgs/px4_msgs/msg/detail/estimator_bias3d__type_support.cpp\n'}
[1.288668] (px4_msgs) StdoutLine: {'line': b'-- Up-to-date: /home/harsh/ros2_project/install/px4_msgs/include/px4_msgs/px4_msgs/msg/detail/takeoff_status__rosidl_typesupport_introspection_cpp.hpp\n'}
[1.288734] (px4_msgs) StdoutLine: {'line': b'-- Up-to-date: /home/harsh/ros2_project/install/px4_msgs/include/px4_msgs/px4_msgs/msg/detail/estimator_aid_source1d__rosidl_typesupport_introspection_cpp.hpp\n'}
[1.288800] (px4_msgs) StdoutLine: {'line': b'-- Up-to-date: /home/harsh/ros2_project/install/px4_msgs/include/px4_msgs/px4_msgs/msg/detail/can_interface_status__type_support.cpp\n'}
[1.288862] (px4_msgs) StdoutLine: {'line': b'-- Up-to-date: /home/harsh/ros2_project/install/px4_msgs/include/px4_msgs/px4_msgs/msg/detail/mode_completed__rosidl_typesupport_introspection_cpp.hpp\n'}
[1.288929] (px4_msgs) StdoutLine: {'line': b'-- Up-to-date: /home/harsh/ros2_project/install/px4_msgs/include/px4_msgs/px4_msgs/msg/detail/cellular_status__type_support.cpp\n'}
[1.288994] (px4_msgs) StdoutLine: {'line': b'-- Up-to-date: /home/harsh/ros2_project/install/px4_msgs/include/px4_msgs/px4_msgs/msg/detail/offboard_control_mode__rosidl_typesupport_introspection_cpp.hpp\n'}
[1.289174] (px4_msgs) StdoutLine: {'line': b'-- Up-to-date: /home/harsh/ros2_project/install/px4_msgs/include/px4_msgs/px4_msgs/msg/detail/action_request__rosidl_typesupport_introspection_cpp.hpp\n'}
[1.289252] (px4_msgs) StdoutLine: {'line': b'-- Up-to-date: /home/harsh/ros2_project/install/px4_msgs/include/px4_msgs/px4_msgs/msg/detail/gpio_config__rosidl_typesupport_introspection_cpp.hpp\n'}
[1.289288] (px4_msgs) StdoutLine: {'line': b'-- Up-to-date: /home/harsh/ros2_project/install/px4_msgs/include/px4_msgs/px4_msgs/msg/detail/rc_parameter_map__type_support.cpp\n'}
[1.289320] (px4_msgs) StdoutLine: {'line': b'-- Up-to-date: /home/harsh/ros2_project/install/px4_msgs/include/px4_msgs/px4_msgs/msg/detail/distance_sensor__rosidl_typesupport_introspection_cpp.hpp\n'}
[1.289352] (px4_msgs) StdoutLine: {'line': b'-- Up-to-date: /home/harsh/ros2_project/install/px4_msgs/include/px4_msgs/px4_msgs/msg/detail/vehicle_trajectory_waypoint__rosidl_typesupport_introspection_cpp.hpp\n'}
[1.289386] (px4_msgs) StdoutLine: {'line': b'-- Up-to-date: /home/harsh/ros2_project/install/px4_msgs/include/px4_msgs/px4_msgs/msg/detail/follow_target_status__rosidl_typesupport_introspection_cpp.hpp\n'}
[1.289416] (px4_msgs) StdoutLine: {'line': b'-- Up-to-date: /home/harsh/ros2_project/install/px4_msgs/include/px4_msgs/px4_msgs/msg/detail/landing_target_innovations__rosidl_typesupport_introspection_cpp.hpp\n'}
[1.289461] (px4_msgs) StdoutLine: {'line': b'-- Up-to-date: /home/harsh/ros2_project/install/px4_msgs/include/px4_msgs/px4_msgs/msg/detail/estimator_states__type_support.cpp\n'}
[1.289507] (px4_msgs) StdoutLine: {'line': b'-- Up-to-date: /home/harsh/ros2_project/install/px4_msgs/include/px4_msgs/px4_msgs/msg/detail/obstacle_distance__type_support.cpp\n'}
[1.289554] (px4_msgs) StdoutLine: {'line': b'-- Up-to-date: /home/harsh/ros2_project/install/px4_msgs/include/px4_msgs/px4_msgs/msg/detail/px4io_status__rosidl_typesupport_introspection_cpp.hpp\n'}
[1.289600] (px4_msgs) StdoutLine: {'line': b'-- Up-to-date: /home/harsh/ros2_project/install/px4_msgs/include/px4_msgs/px4_msgs/msg/detail/normalized_unsigned_setpoint__type_support.cpp\n'}
[1.289649] (px4_msgs) StdoutLine: {'line': b'-- Up-to-date: /home/harsh/ros2_project/install/px4_msgs/include/px4_msgs/px4_msgs/msg/detail/vehicle_acceleration__rosidl_typesupport_introspection_cpp.hpp\n'}
[1.289690] (px4_msgs) StdoutLine: {'line': b'-- Up-to-date: /home/harsh/ros2_project/install/px4_msgs/include/px4_msgs/px4_msgs/srv\n'}
[1.289724] (px4_msgs) StdoutLine: {'line': b'-- Up-to-date: /home/harsh/ros2_project/install/px4_msgs/include/px4_msgs/px4_msgs/srv/detail\n'}
[1.289758] (px4_msgs) StdoutLine: {'line': b'-- Up-to-date: /home/harsh/ros2_project/install/px4_msgs/include/px4_msgs/px4_msgs/srv/detail/vehicle_command__rosidl_typesupport_introspection_cpp.hpp\n'}
[1.289792] (px4_msgs) StdoutLine: {'line': b'-- Up-to-date: /home/harsh/ros2_project/install/px4_msgs/include/px4_msgs/px4_msgs/srv/detail/vehicle_command__type_support.cpp\n'}
[1.289827] (px4_msgs) StdoutLine: {'line': b'-- Up-to-date: /home/harsh/ros2_project/install/px4_msgs/lib/libpx4_msgs__rosidl_typesupport_introspection_cpp.so\n'}
[1.289860] (px4_msgs) StdoutLine: {'line': b'-- Up-to-date: /home/harsh/ros2_project/install/px4_msgs/lib/libpx4_msgs__rosidl_typesupport_cpp.so\n'}
[1.289893] (px4_msgs) StdoutLine: {'line': b'-- Up-to-date: /home/harsh/ros2_project/install/px4_msgs/share/px4_msgs/environment/pythonpath.sh\n'}
[1.289925] (px4_msgs) StdoutLine: {'line': b'-- Up-to-date: /home/harsh/ros2_project/install/px4_msgs/share/px4_msgs/environment/pythonpath.dsv\n'}
[1.289957] (px4_msgs) StdoutLine: {'line': b'-- Up-to-date: /home/harsh/ros2_project/install/px4_msgs/lib/python3.12/site-packages/px4_msgs-2.0.1-py3.12.egg-info\n'}
[1.290016] (px4_msgs) StdoutLine: {'line': b'-- Installing: /home/harsh/ros2_project/install/px4_msgs/lib/python3.12/site-packages/px4_msgs-2.0.1-py3.12.egg-info/PKG-INFO\n'}
[1.290048] (px4_msgs) StdoutLine: {'line': b'-- Installing: /home/harsh/ros2_project/install/px4_msgs/lib/python3.12/site-packages/px4_msgs-2.0.1-py3.12.egg-info/SOURCES.txt\n'}
[1.290079] (px4_msgs) StdoutLine: {'line': b'-- Installing: /home/harsh/ros2_project/install/px4_msgs/lib/python3.12/site-packages/px4_msgs-2.0.1-py3.12.egg-info/top_level.txt\n'}
[1.290112] (px4_msgs) StdoutLine: {'line': b'-- Installing: /home/harsh/ros2_project/install/px4_msgs/lib/python3.12/site-packages/px4_msgs-2.0.1-py3.12.egg-info/dependency_links.txt\n'}
[1.290145] (px4_msgs) StdoutLine: {'line': b'-- Up-to-date: /home/harsh/ros2_project/install/px4_msgs/lib/python3.12/site-packages/px4_msgs\n'}
[1.290182] (px4_msgs) StdoutLine: {'line': b'-- Up-to-date: /home/harsh/ros2_project/install/px4_msgs/lib/python3.12/site-packages/px4_msgs/px4_msgs_s__rosidl_typesupport_c.so\n'}
[1.290217] (px4_msgs) StdoutLine: {'line': b'-- Up-to-date: /home/harsh/ros2_project/install/px4_msgs/lib/python3.12/site-packages/px4_msgs/__init__.py\n'}
[1.290252] (px4_msgs) StdoutLine: {'line': b'-- Up-to-date: /home/harsh/ros2_project/install/px4_msgs/lib/python3.12/site-packages/px4_msgs/px4_msgs_s__rosidl_typesupport_fastrtps_c.so\n'}
[1.290286] (px4_msgs) StdoutLine: {'line': b'-- Up-to-date: /home/harsh/ros2_project/install/px4_msgs/lib/python3.12/site-packages/px4_msgs/px4_msgs_s__rosidl_typesupport_introspection_c.so\n'}
[1.290320] (px4_msgs) StdoutLine: {'line': b'-- Up-to-date: /home/harsh/ros2_project/install/px4_msgs/lib/python3.12/site-packages/px4_msgs/msg\n'}
[1.290355] (px4_msgs) StdoutLine: {'line': b'-- Up-to-date: /home/harsh/ros2_project/install/px4_msgs/lib/python3.12/site-packages/px4_msgs/msg/_battery_status_s.c\n'}
[1.290390] (px4_msgs) StdoutLine: {'line': b'-- Up-to-date: /home/harsh/ros2_project/install/px4_msgs/lib/python3.12/site-packages/px4_msgs/msg/_telemetry_status.py\n'}
[1.290424] (px4_msgs) StdoutLine: {'line': b'-- Up-to-date: /home/harsh/ros2_project/install/px4_msgs/lib/python3.12/site-packages/px4_msgs/msg/_vehicle_status.py\n'}
[1.290458] (px4_msgs) StdoutLine: {'line': b'-- Up-to-date: /home/harsh/ros2_project/install/px4_msgs/lib/python3.12/site-packages/px4_msgs/msg/_hover_thrust_estimate_s.c\n'}
[1.290492] (px4_msgs) StdoutLine: {'line': b'-- Up-to-date: /home/harsh/ros2_project/install/px4_msgs/lib/python3.12/site-packages/px4_msgs/msg/_timesync_status.py\n'}
[1.290527] (px4_msgs) StdoutLine: {'line': b'-- Up-to-date: /home/harsh/ros2_project/install/px4_msgs/lib/python3.12/site-packages/px4_msgs/msg/_telemetry_status_s.c\n'}
[1.290563] (px4_msgs) StdoutLine: {'line': b'-- Up-to-date: /home/harsh/ros2_project/install/px4_msgs/lib/python3.12/site-packages/px4_msgs/msg/_estimator_bias.py\n'}
[1.290599] (px4_msgs) StdoutLine: {'line': b'-- Up-to-date: /home/harsh/ros2_project/install/px4_msgs/lib/python3.12/site-packages/px4_msgs/msg/_mission_result.py\n'}
[1.290635] (px4_msgs) StdoutLine: {'line': b'-- Up-to-date: /home/harsh/ros2_project/install/px4_msgs/lib/python3.12/site-packages/px4_msgs/msg/_gpio_out_s.c\n'}
[1.290671] (px4_msgs) StdoutLine: {'line': b'-- Up-to-date: /home/harsh/ros2_project/install/px4_msgs/lib/python3.12/site-packages/px4_msgs/msg/_power_button_state.py\n'}
[1.290705] (px4_msgs) StdoutLine: {'line': b'-- Up-to-date: /home/harsh/ros2_project/install/px4_msgs/lib/python3.12/site-packages/px4_msgs/msg/_camera_capture.py\n'}
[1.290740] (px4_msgs) StdoutLine: {'line': b'-- Up-to-date: /home/harsh/ros2_project/install/px4_msgs/lib/python3.12/site-packages/px4_msgs/msg/_dataman_response.py\n'}
[1.290776] (px4_msgs) StdoutLine: {'line': b'-- Up-to-date: /home/harsh/ros2_project/install/px4_msgs/lib/python3.12/site-packages/px4_msgs/msg/_debug_array_s.c\n'}
[1.290811] (px4_msgs) StdoutLine: {'line': b'-- Up-to-date: /home/harsh/ros2_project/install/px4_msgs/lib/python3.12/site-packages/px4_msgs/msg/_esc_status.py\n'}
[1.290848] (px4_msgs) StdoutLine: {'line': b'-- Up-to-date: /home/harsh/ros2_project/install/px4_msgs/lib/python3.12/site-packages/px4_msgs/msg/_register_ext_component_request_s.c\n'}
[1.290911] (px4_msgs) StdoutLine: {'line': b'-- Up-to-date: /home/harsh/ros2_project/install/px4_msgs/lib/python3.12/site-packages/px4_msgs/msg/_goto_setpoint.py\n'}
[1.290944] (px4_msgs) StdoutLine: {'line': b'-- Up-to-date: /home/harsh/ros2_project/install/px4_msgs/lib/python3.12/site-packages/px4_msgs/msg/_iridiumsbd_status_s.c\n'}
[1.290978] (px4_msgs) StdoutLine: {'line': b'-- Up-to-date: /home/harsh/ros2_project/install/px4_msgs/lib/python3.12/site-packages/px4_msgs/msg/_ping_s.c\n'}
[1.291013] (px4_msgs) StdoutLine: {'line': b'-- Up-to-date: /home/harsh/ros2_project/install/px4_msgs/lib/python3.12/site-packages/px4_msgs/msg/_vehicle_magnetometer_s.c\n'}
[1.291052] (px4_msgs) StdoutLine: {'line': b'-- Up-to-date: /home/harsh/ros2_project/install/px4_msgs/lib/python3.12/site-packages/px4_msgs/msg/_timesync_status_s.c\n'}
[1.291088] (px4_msgs) StdoutLine: {'line': b'-- Up-to-date: /home/harsh/ros2_project/install/px4_msgs/lib/python3.12/site-packages/px4_msgs/msg/_estimator_sensor_bias.py\n'}
[1.291139] (px4_msgs) StdoutLine: {'line': b'-- Up-to-date: /home/harsh/ros2_project/install/px4_msgs/lib/python3.12/site-packages/px4_msgs/msg/_cellular_status_s.c\n'}
[1.291172] (px4_msgs) StdoutLine: {'line': b'-- Up-to-date: /home/harsh/ros2_project/install/px4_msgs/lib/python3.12/site-packages/px4_msgs/msg/_home_position.py\n'}
[1.291207] (px4_msgs) StdoutLine: {'line': b'-- Up-to-date: /home/harsh/ros2_project/install/px4_msgs/lib/python3.12/site-packages/px4_msgs/msg/_vehicle_optical_flow.py\n'}
[1.291240] (px4_msgs) StdoutLine: {'line': b'-- Up-to-date: /home/harsh/ros2_project/install/px4_msgs/lib/python3.12/site-packages/px4_msgs/msg/_qshell_req_s.c\n'}
[1.291271] (px4_msgs) StdoutLine: {'line': b'-- Up-to-date: /home/harsh/ros2_project/install/px4_msgs/lib/python3.12/site-packages/px4_msgs/msg/_sensor_optical_flow.py\n'}
[1.291303] (px4_msgs) StdoutLine: {'line': b'-- Up-to-date: /home/harsh/ros2_project/install/px4_msgs/lib/python3.12/site-packages/px4_msgs/msg/_generator_status_s.c\n'}
[1.291337] (px4_msgs) StdoutLine: {'line': b'-- Up-to-date: /home/harsh/ros2_project/install/px4_msgs/lib/python3.12/site-packages/px4_msgs/msg/_dataman_response_s.c\n'}
[1.291374] (px4_msgs) StdoutLine: {'line': b'-- Up-to-date: /home/harsh/ros2_project/install/px4_msgs/lib/python3.12/site-packages/px4_msgs/msg/_gimbal_controls_s.c\n'}
[1.291411] (px4_msgs) StdoutLine: {'line': b'-- Up-to-date: /home/harsh/ros2_project/install/px4_msgs/lib/python3.12/site-packages/px4_msgs/msg/_landing_target_pose.py\n'}
[1.291447] (px4_msgs) StdoutLine: {'line': b'-- Up-to-date: /home/harsh/ros2_project/install/px4_msgs/lib/python3.12/site-packages/px4_msgs/msg/_orb_test_medium.py\n'}
[1.291485] (px4_msgs) StdoutLine: {'line': b'-- Up-to-date: /home/harsh/ros2_project/install/px4_msgs/lib/python3.12/site-packages/px4_msgs/msg/_heater_status.py\n'}
[1.291522] (px4_msgs) StdoutLine: {'line': b'-- Up-to-date: /home/harsh/ros2_project/install/px4_msgs/lib/python3.12/site-packages/px4_msgs/msg/_wheel_encoders_s.c\n'}
[1.291559] (px4_msgs) StdoutLine: {'line': b'-- Up-to-date: /home/harsh/ros2_project/install/px4_msgs/lib/python3.12/site-packages/px4_msgs/msg/_estimator_sensor_bias_s.c\n'}
[1.291597] (px4_msgs) StdoutLine: {'line': b'-- Up-to-date: /home/harsh/ros2_project/install/px4_msgs/lib/python3.12/site-packages/px4_msgs/msg/_mag_worker_data_s.c\n'}
[1.291634] (px4_msgs) StdoutLine: {'line': b'-- Up-to-date: /home/harsh/ros2_project/install/px4_msgs/lib/python3.12/site-packages/px4_msgs/msg/_gimbal_manager_status.py\n'}
[1.291673] (px4_msgs) StdoutLine: {'line': b'-- Up-to-date: /home/harsh/ros2_project/install/px4_msgs/lib/python3.12/site-packages/px4_msgs/msg/_sensor_baro.py\n'}
[1.291711] (px4_msgs) StdoutLine: {'line': b'-- Up-to-date: /home/harsh/ros2_project/install/px4_msgs/lib/python3.12/site-packages/px4_msgs/msg/_vehicle_angular_acceleration_setpoint_s.c\n'}
[1.291748] (px4_msgs) StdoutLine: {'line': b'-- Up-to-date: /home/harsh/ros2_project/install/px4_msgs/lib/python3.12/site-packages/px4_msgs/msg/_vehicle_trajectory_bezier_s.c\n'}
[1.291786] (px4_msgs) StdoutLine: {'line': b'-- Up-to-date: /home/harsh/ros2_project/install/px4_msgs/lib/python3.12/site-packages/px4_msgs/msg/_tune_control.py\n'}
[1.291827] (px4_msgs) StdoutLine: {'line': b'-- Up-to-date: /home/harsh/ros2_project/install/px4_msgs/lib/python3.12/site-packages/px4_msgs/msg/_estimator_aid_source3d.py\n'}
[1.291866] (px4_msgs) StdoutLine: {'line': b'-- Up-to-date: /home/harsh/ros2_project/install/px4_msgs/lib/python3.12/site-packages/px4_msgs/msg/_vehicle_torque_setpoint.py\n'}
[1.291905] (px4_msgs) StdoutLine: {'line': b'-- Up-to-date: /home/harsh/ros2_project/install/px4_msgs/lib/python3.12/site-packages/px4_msgs/msg/_sensor_hygrometer.py\n'}
[1.291943] (px4_msgs) StdoutLine: {'line': b'-- Up-to-date: /home/harsh/ros2_project/install/px4_msgs/lib/python3.12/site-packages/px4_msgs/msg/_mavlink_log.py\n'}
[1.291980] (px4_msgs) StdoutLine: {'line': b'-- Up-to-date: /home/harsh/ros2_project/install/px4_msgs/lib/python3.12/site-packages/px4_msgs/msg/_vehicle_global_position.py\n'}
[1.292024] (px4_msgs) StdoutLine: {'line': b'-- Up-to-date: /home/harsh/ros2_project/install/px4_msgs/lib/python3.12/site-packages/px4_msgs/msg/_mode_completed_s.c\n'}
[1.292065] (px4_msgs) StdoutLine: {'line': b'-- Up-to-date: /home/harsh/ros2_project/install/px4_msgs/lib/python3.12/site-packages/px4_msgs/msg/_actuator_servos_trim.py\n'}
[1.292102] (px4_msgs) StdoutLine: {'line': b'-- Up-to-date: /home/harsh/ros2_project/install/px4_msgs/lib/python3.12/site-packages/px4_msgs/msg/_gpio_config_s.c\n'}
[1.292141] (px4_msgs) StdoutLine: {'line': b'-- Up-to-date: /home/harsh/ros2_project/install/px4_msgs/lib/python3.12/site-packages/px4_msgs/msg/_gimbal_device_set_attitude_s.c\n'}
[1.292178] (px4_msgs) StdoutLine: {'line': b'-- Up-to-date: /home/harsh/ros2_project/install/px4_msgs/lib/python3.12/site-packages/px4_msgs/msg/_debug_vect.py\n'}
[1.292216] (px4_msgs) StdoutLine: {'line': b'-- Up-to-date: /home/harsh/ros2_project/install/px4_msgs/lib/python3.12/site-packages/px4_msgs/msg/_mag_worker_data.py\n'}
[1.292253] (px4_msgs) StdoutLine: {'line': b'-- Up-to-date: /home/harsh/ros2_project/install/px4_msgs/lib/python3.12/site-packages/px4_msgs/msg/_rpm_s.c\n'}
[1.292290] (px4_msgs) StdoutLine: {'line': b'-- Up-to-date: /home/harsh/ros2_project/install/px4_msgs/lib/python3.12/site-packages/px4_msgs/msg/_gpio_out.py\n'}
[1.292330] (px4_msgs) StdoutLine: {'line': b'-- Up-to-date: /home/harsh/ros2_project/install/px4_msgs/lib/python3.12/site-packages/px4_msgs/msg/_vehicle_local_position.py\n'}
[1.292369] (px4_msgs) StdoutLine: {'line': b'-- Up-to-date: /home/harsh/ros2_project/install/px4_msgs/lib/python3.12/site-packages/px4_msgs/msg/_iridiumsbd_status.py\n'}
[1.292412] (px4_msgs) StdoutLine: {'line': b'-- Up-to-date: /home/harsh/ros2_project/install/px4_msgs/lib/python3.12/site-packages/px4_msgs/msg/_estimator_innovations.py\n'}
[1.292453] (px4_msgs) StdoutLine: {'line': b'-- Up-to-date: /home/harsh/ros2_project/install/px4_msgs/lib/python3.12/site-packages/px4_msgs/msg/_collision_constraints_s.c\n'}
[1.292493] (px4_msgs) StdoutLine: {'line': b'-- Up-to-date: /home/harsh/ros2_project/install/px4_msgs/lib/python3.12/site-packages/px4_msgs/msg/_estimator_event_flags.py\n'}
[1.292533] (px4_msgs) StdoutLine: {'line': b'-- Up-to-date: /home/harsh/ros2_project/install/px4_msgs/lib/python3.12/site-packages/px4_msgs/msg/_uavcan_parameter_request_s.c\n'}
[1.292583] (px4_msgs) StdoutLine: {'line': b'-- Up-to-date: /home/harsh/ros2_project/install/px4_msgs/lib/python3.12/site-packages/px4_msgs/msg/_sensor_combined_s.c\n'}
[1.292633] (px4_msgs) StdoutLine: {'line': b'-- Up-to-date: /home/harsh/ros2_project/install/px4_msgs/lib/python3.12/site-packages/px4_msgs/msg/_esc_status_s.c\n'}
[1.292684] (px4_msgs) StdoutLine: {'line': b'-- Up-to-date: /home/harsh/ros2_project/install/px4_msgs/lib/python3.12/site-packages/px4_msgs/msg/_action_request_s.c\n'}
[1.292732] (px4_msgs) StdoutLine: {'line': b'-- Up-to-date: /home/harsh/ros2_project/install/px4_msgs/lib/python3.12/site-packages/px4_msgs/msg/_gimbal_manager_set_manual_control_s.c\n'}
[1.292784] (px4_msgs) StdoutLine: {'line': b'-- Up-to-date: /home/harsh/ros2_project/install/px4_msgs/lib/python3.12/site-packages/px4_msgs/msg/_ekf2_timestamps_s.c\n'}
[1.292834] (px4_msgs) StdoutLine: {'line': b'-- Up-to-date: /home/harsh/ros2_project/install/px4_msgs/lib/python3.12/site-packages/px4_msgs/msg/_config_overrides_s.c\n'}
[1.292913] (px4_msgs) StdoutLine: {'line': b'-- Up-to-date: /home/harsh/ros2_project/install/px4_msgs/lib/python3.12/site-packages/px4_msgs/msg/_parameter_set_value_response_s.c\n'}
[1.292954] (px4_msgs) StdoutLine: {'line': b'-- Up-to-date: /home/harsh/ros2_project/install/px4_msgs/lib/python3.12/site-packages/px4_msgs/msg/_sensor_gyro_fifo_s.c\n'}
[1.293000] (px4_msgs) StdoutLine: {'line': b'-- Up-to-date: /home/harsh/ros2_project/install/px4_msgs/lib/python3.12/site-packages/px4_msgs/msg/_figure_eight_status_s.c\n'}
[1.293060] (px4_msgs) StdoutLine: {'line': b'-- Up-to-date: /home/harsh/ros2_project/install/px4_msgs/lib/python3.12/site-packages/px4_msgs/msg/_gpio_in_s.c\n'}
[1.293112] (px4_msgs) StdoutLine: {'line': b'-- Up-to-date: /home/harsh/ros2_project/install/px4_msgs/lib/python3.12/site-packages/px4_msgs/msg/_autotune_attitude_control_status.py\n'}
[1.293164] (px4_msgs) StdoutLine: {'line': b'-- Up-to-date: /home/harsh/ros2_project/install/px4_msgs/lib/python3.12/site-packages/px4_msgs/msg/_gpio_config.py\n'}
[1.293214] (px4_msgs) StdoutLine: {'line': b'-- Up-to-date: /home/harsh/ros2_project/install/px4_msgs/lib/python3.12/site-packages/px4_msgs/msg/_sensor_mag_s.c\n'}
[1.293265] (px4_msgs) StdoutLine: {'line': b'-- Up-to-date: /home/harsh/ros2_project/install/px4_msgs/lib/python3.12/site-packages/px4_msgs/msg/_internal_combustion_engine_status.py\n'}
[1.293316] (px4_msgs) StdoutLine: {'line': b'-- Up-to-date: /home/harsh/ros2_project/install/px4_msgs/lib/python3.12/site-packages/px4_msgs/msg/_vehicle_attitude_setpoint.py\n'}
[1.293378] (px4_msgs) StdoutLine: {'line': b'-- Up-to-date: /home/harsh/ros2_project/install/px4_msgs/lib/python3.12/site-packages/px4_msgs/msg/_buffer128.py\n'}
[1.293430] (px4_msgs) StdoutLine: {'line': b'-- Up-to-date: /home/harsh/ros2_project/install/px4_msgs/lib/python3.12/site-packages/px4_msgs/msg/_sensor_gyro_fifo.py\n'}
[1.293482] (px4_msgs) StdoutLine: {'line': b'-- Up-to-date: /home/harsh/ros2_project/install/px4_msgs/lib/python3.12/site-packages/px4_msgs/msg/_transponder_report_s.c\n'}
[1.293533] (px4_msgs) StdoutLine: {'line': b'-- Up-to-date: /home/harsh/ros2_project/install/px4_msgs/lib/python3.12/site-packages/px4_msgs/msg/_adc_report.py\n'}
[1.293588] (px4_msgs) StdoutLine: {'line': b'-- Up-to-date: /home/harsh/ros2_project/install/px4_msgs/lib/python3.12/site-packages/px4_msgs/msg/_rc_channels.py\n'}
[1.293643] (px4_msgs) StdoutLine: {'line': b'-- Up-to-date: /home/harsh/ros2_project/install/px4_msgs/lib/python3.12/site-packages/px4_msgs/msg/_trajectory_waypoint.py\n'}
[1.293696] (px4_msgs) StdoutLine: {'line': b'-- Up-to-date: /home/harsh/ros2_project/install/px4_msgs/lib/python3.12/site-packages/px4_msgs/msg/_vehicle_land_detected_s.c\n'}
[1.293750] (px4_msgs) StdoutLine: {'line': b'-- Up-to-date: /home/harsh/ros2_project/install/px4_msgs/lib/python3.12/site-packages/px4_msgs/msg/_ping.py\n'}
[1.293804] (px4_msgs) StdoutLine: {'line': b'-- Up-to-date: /home/harsh/ros2_project/install/px4_msgs/lib/python3.12/site-packages/px4_msgs/msg/_launch_detection_status.py\n'}
[1.293859] (px4_msgs) StdoutLine: {'line': b'-- Up-to-date: /home/harsh/ros2_project/install/px4_msgs/lib/python3.12/site-packages/px4_msgs/msg/_obstacle_distance_s.c\n'}
[1.293911] (px4_msgs) StdoutLine: {'line': b'-- Up-to-date: /home/harsh/ros2_project/install/px4_msgs/lib/python3.12/site-packages/px4_msgs/msg/_log_message_s.c\n'}
[1.293964] (px4_msgs) StdoutLine: {'line': b'-- Up-to-date: /home/harsh/ros2_project/install/px4_msgs/lib/python3.12/site-packages/px4_msgs/msg/_sensor_accel_fifo_s.c\n'}
[1.294042] (px4_msgs) StdoutLine: {'line': b'-- Up-to-date: /home/harsh/ros2_project/install/px4_msgs/lib/python3.12/site-packages/px4_msgs/msg/_mission_result_s.c\n'}
[1.294094] (px4_msgs) StdoutLine: {'line': b'-- Up-to-date: /home/harsh/ros2_project/install/px4_msgs/lib/python3.12/site-packages/px4_msgs/msg/_tecs_status.py\n'}
[1.294136] (px4_msgs) StdoutLine: {'line': b'-- Up-to-date: /home/harsh/ros2_project/install/px4_msgs/lib/python3.12/site-packages/px4_msgs/msg/_position_controller_status_s.c\n'}
[1.294180] (px4_msgs) StdoutLine: {'line': b'-- Up-to-date: /home/harsh/ros2_project/install/px4_msgs/lib/python3.12/site-packages/px4_msgs/msg/_vehicle_imu_status_s.c\n'}
[1.294222] (px4_msgs) StdoutLine: {'line': b'-- Up-to-date: /home/harsh/ros2_project/install/px4_msgs/lib/python3.12/site-packages/px4_msgs/msg/_orb_test_medium_s.c\n'}
[1.294265] (px4_msgs) StdoutLine: {'line': b'-- Up-to-date: /home/harsh/ros2_project/install/px4_msgs/lib/python3.12/site-packages/px4_msgs/msg/_estimator_aid_source3d_s.c\n'}
[1.294311] (px4_msgs) StdoutLine: {'line': b'-- Up-to-date: /home/harsh/ros2_project/install/px4_msgs/lib/python3.12/site-packages/px4_msgs/msg/_control_allocator_status_s.c\n'}
[1.294366] (px4_msgs) StdoutLine: {'line': b'-- Up-to-date: /home/harsh/ros2_project/install/px4_msgs/lib/python3.12/site-packages/px4_msgs/msg/_sensor_selection.py\n'}
[1.294422] (px4_msgs) StdoutLine: {'line': b'-- Up-to-date: /home/harsh/ros2_project/install/px4_msgs/lib/python3.12/site-packages/px4_msgs/msg/_flight_phase_estimation_s.c\n'}
[1.294477] (px4_msgs) StdoutLine: {'line': b'-- Up-to-date: /home/harsh/ros2_project/install/px4_msgs/lib/python3.12/site-packages/px4_msgs/msg/_trajectory_bezier_s.c\n'}
[1.294532] (px4_msgs) StdoutLine: {'line': b'-- Up-to-date: /home/harsh/ros2_project/install/px4_msgs/lib/python3.12/site-packages/px4_msgs/msg/_camera_status_s.c\n'}
[1.294588] (px4_msgs) StdoutLine: {'line': b'-- Up-to-date: /home/harsh/ros2_project/install/px4_msgs/lib/python3.12/site-packages/px4_msgs/msg/_vehicle_optical_flow_s.c\n'}
[1.294642] (px4_msgs) StdoutLine: {'line': b'-- Up-to-date: /home/harsh/ros2_project/install/px4_msgs/lib/python3.12/site-packages/px4_msgs/msg/_estimator_status.py\n'}
[1.294701] (px4_msgs) StdoutLine: {'line': b'-- Up-to-date: /home/harsh/ros2_project/install/px4_msgs/lib/python3.12/site-packages/px4_msgs/msg/_collision_constraints.py\n'}
[1.294756] (px4_msgs) StdoutLine: {'line': b'-- Up-to-date: /home/harsh/ros2_project/install/px4_msgs/lib/python3.12/site-packages/px4_msgs/msg/_can_interface_status.py\n'}
[1.294813] (px4_msgs) StdoutLine: {'line': b'-- Up-to-date: /home/harsh/ros2_project/install/px4_msgs/lib/python3.12/site-packages/px4_msgs/msg/_gripper_s.c\n'}
[1.294870] (px4_msgs) StdoutLine: {'line': b'-- Up-to-date: /home/harsh/ros2_project/install/px4_msgs/lib/python3.12/site-packages/px4_msgs/msg/_estimator_gps_status.py\n'}
[1.294928] (px4_msgs) StdoutLine: {'line': b'-- Up-to-date: /home/harsh/ros2_project/install/px4_msgs/lib/python3.12/site-packages/px4_msgs/msg/_position_controller_landing_status.py\n'}
[1.294985] (px4_msgs) StdoutLine: {'line': b'-- Up-to-date: /home/harsh/ros2_project/install/px4_msgs/lib/python3.12/site-packages/px4_msgs/msg/__init__.py\n'}
[1.295050] (px4_msgs) StdoutLine: {'line': b'-- Up-to-date: /home/harsh/ros2_project/install/px4_msgs/lib/python3.12/site-packages/px4_msgs/msg/_figure_eight_status.py\n'}
[1.295111] (px4_msgs) StdoutLine: {'line': b'-- Up-to-date: /home/harsh/ros2_project/install/px4_msgs/lib/python3.12/site-packages/px4_msgs/msg/_npfg_status.py\n'}
[1.295192] (px4_msgs) StdoutLine: {'line': b'-- Up-to-date: /home/harsh/ros2_project/install/px4_msgs/lib/python3.12/site-packages/px4_msgs/msg/_power_monitor.py\n'}
[1.295240] (px4_msgs) StdoutLine: {'line': b'-- Up-to-date: /home/harsh/ros2_project/install/px4_msgs/lib/python3.12/site-packages/px4_msgs/msg/_tiltrotor_extra_controls_s.c\n'}
[1.295285] (px4_msgs) StdoutLine: {'line': b'-- Up-to-date: /home/harsh/ros2_project/install/px4_msgs/lib/python3.12/site-packages/px4_msgs/msg/_mission_s.c\n'}
[1.295329] (px4_msgs) StdoutLine: {'line': b'-- Up-to-date: /home/harsh/ros2_project/install/px4_msgs/lib/python3.12/site-packages/px4_msgs/msg/_flight_phase_estimation.py\n'}
[1.295372] (px4_msgs) StdoutLine: {'line': b'-- Up-to-date: /home/harsh/ros2_project/install/px4_msgs/lib/python3.12/site-packages/px4_msgs/msg/_debug_value.py\n'}
[1.295415] (px4_msgs) StdoutLine: {'line': b'-- Up-to-date: /home/harsh/ros2_project/install/px4_msgs/lib/python3.12/site-packages/px4_msgs/msg/_vehicle_local_position_setpoint_s.c\n'}
[1.295476] (px4_msgs) StdoutLine: {'line': b'-- Up-to-date: /home/harsh/ros2_project/install/px4_msgs/lib/python3.12/site-packages/px4_msgs/msg/_rc_parameter_map_s.c\n'}
[1.295536] (px4_msgs) StdoutLine: {'line': b'-- Up-to-date: /home/harsh/ros2_project/install/px4_msgs/lib/python3.12/site-packages/px4_msgs/msg/_wind_s.c\n'}
[1.295597] (px4_msgs) StdoutLine: {'line': b'-- Up-to-date: /home/harsh/ros2_project/install/px4_msgs/lib/python3.12/site-packages/px4_msgs/msg/_tiltrotor_extra_controls.py\n'}
[1.295656] (px4_msgs) StdoutLine: {'line': b'-- Up-to-date: /home/harsh/ros2_project/install/px4_msgs/lib/python3.12/site-packages/px4_msgs/msg/_vehicle_thrust_setpoint.py\n'}
[1.295731] (px4_msgs) StdoutLine: {'line': b'-- Up-to-date: /home/harsh/ros2_project/install/px4_msgs/lib/python3.12/site-packages/px4_msgs/msg/_esc_report_s.c\n'}
[1.295783] (px4_msgs) StdoutLine: {'line': b'-- Up-to-date: /home/harsh/ros2_project/install/px4_msgs/lib/python3.12/site-packages/px4_msgs/msg/_collision_report_s.c\n'}
[1.295845] (px4_msgs) StdoutLine: {'line': b'-- Up-to-date: /home/harsh/ros2_project/install/px4_msgs/lib/python3.12/site-packages/px4_msgs/msg/_register_ext_component_request.py\n'}
[1.295907] (px4_msgs) StdoutLine: {'line': b'-- Up-to-date: /home/harsh/ros2_project/install/px4_msgs/lib/python3.12/site-packages/px4_msgs/msg/_debug_key_value.py\n'}
[1.295968] (px4_msgs) StdoutLine: {'line': b'-- Up-to-date: /home/harsh/ros2_project/install/px4_msgs/lib/python3.12/site-packages/px4_msgs/msg/_register_ext_component_reply.py\n'}
[1.296037] (px4_msgs) StdoutLine: {'line': b'-- Up-to-date: /home/harsh/ros2_project/install/px4_msgs/lib/python3.12/site-packages/px4_msgs/msg/_geofence_result.py\n'}
[1.296101] (px4_msgs) StdoutLine: {'line': b'-- Up-to-date: /home/harsh/ros2_project/install/px4_msgs/lib/python3.12/site-packages/px4_msgs/msg/_differential_drive_setpoint_s.c\n'}
[1.296160] (px4_msgs) StdoutLine: {'line': b'-- Up-to-date: /home/harsh/ros2_project/install/px4_msgs/lib/python3.12/site-packages/px4_msgs/msg/_gimbal_manager_set_attitude_s.c\n'}
[1.296219] (px4_msgs) StdoutLine: {'line': b'-- Up-to-date: /home/harsh/ros2_project/install/px4_msgs/lib/python3.12/site-packages/px4_msgs/msg/_camera_status.py\n'}
[1.296276] (px4_msgs) StdoutLine: {'line': b'-- Up-to-date: /home/harsh/ros2_project/install/px4_msgs/lib/python3.12/site-packages/px4_msgs/msg/_actuator_test.py\n'}
[1.296336] (px4_msgs) StdoutLine: {'line': b'-- Up-to-date: /home/harsh/ros2_project/install/px4_msgs/lib/python3.12/site-packages/px4_msgs/msg/_led_control_s.c\n'}
[1.296393] (px4_msgs) StdoutLine: {'line': b'-- Up-to-date: /home/harsh/ros2_project/install/px4_msgs/lib/python3.12/site-packages/px4_msgs/msg/_vehicle_acceleration_s.c\n'}
[1.296449] (px4_msgs) StdoutLine: {'line': b'-- Up-to-date: /home/harsh/ros2_project/install/px4_msgs/lib/python3.12/site-packages/px4_msgs/msg/_vehicle_optical_flow_vel_s.c\n'}
[1.296507] (px4_msgs) StdoutLine: {'line': b'-- Up-to-date: /home/harsh/ros2_project/install/px4_msgs/lib/python3.12/site-packages/px4_msgs/msg/_task_stack_info.py\n'}
[1.296564] (px4_msgs) StdoutLine: {'line': b'-- Up-to-date: /home/harsh/ros2_project/install/px4_msgs/lib/python3.12/site-packages/px4_msgs/msg/_gimbal_device_information.py\n'}
[1.296626] (px4_msgs) StdoutLine: {'line': b'-- Up-to-date: /home/harsh/ros2_project/install/px4_msgs/lib/python3.12/site-packages/px4_msgs/msg/_gimbal_manager_set_manual_control.py\n'}
[1.296686] (px4_msgs) StdoutLine: {'line': b'-- Up-to-date: /home/harsh/ros2_project/install/px4_msgs/lib/python3.12/site-packages/px4_msgs/msg/_rc_parameter_map.py\n'}
[1.296749] (px4_msgs) StdoutLine: {'line': b'-- Up-to-date: /home/harsh/ros2_project/install/px4_msgs/lib/python3.12/site-packages/px4_msgs/msg/_rc_channels_s.c\n'}
[1.296809] (px4_msgs) StdoutLine: {'line': b'-- Up-to-date: /home/harsh/ros2_project/install/px4_msgs/lib/python3.12/site-packages/px4_msgs/msg/_geofence_status_s.c\n'}
[1.296871] (px4_msgs) StdoutLine: {'line': b'-- Up-to-date: /home/harsh/ros2_project/install/px4_msgs/lib/python3.12/site-packages/px4_msgs/msg/_parameter_reset_request.py\n'}
[1.296958] (px4_msgs) StdoutLine: {'line': b'-- Up-to-date: /home/harsh/ros2_project/install/px4_msgs/lib/python3.12/site-packages/px4_msgs/msg/_follow_target.py\n'}
[1.297008] (px4_msgs) StdoutLine: {'line': b'-- Up-to-date: /home/harsh/ros2_project/install/px4_msgs/lib/python3.12/site-packages/px4_msgs/msg/_mavlink_tunnel_s.c\n'}
[1.297064] (px4_msgs) StdoutLine: {'line': b'-- Up-to-date: /home/harsh/ros2_project/install/px4_msgs/lib/python3.12/site-packages/px4_msgs/msg/_velocity_limits_s.c\n'}
[1.297111] (px4_msgs) StdoutLine: {'line': b'-- Up-to-date: /home/harsh/ros2_project/install/px4_msgs/lib/python3.12/site-packages/px4_msgs/msg/_vehicle_optical_flow_vel.py\n'}
[1.297184] (px4_msgs) StdoutLine: {'line': b'-- Up-to-date: /home/harsh/ros2_project/install/px4_msgs/lib/python3.12/site-packages/px4_msgs/msg/_vehicle_angular_acceleration_setpoint.py\n'}
[1.297235] (px4_msgs) StdoutLine: {'line': b'-- Up-to-date: /home/harsh/ros2_project/install/px4_msgs/lib/python3.12/site-packages/px4_msgs/msg/_vehicle_constraints_s.c\n'}
[1.297282] (px4_msgs) StdoutLine: {'line': b'-- Up-to-date: /home/harsh/ros2_project/install/px4_msgs/lib/python3.12/site-packages/px4_msgs/msg/_mount_orientation_s.c\n'}
[1.297329] (px4_msgs) StdoutLine: {'line': b'-- Up-to-date: /home/harsh/ros2_project/install/px4_msgs/lib/python3.12/site-packages/px4_msgs/msg/_position_setpoint_s.c\n'}
[1.297391] (px4_msgs) StdoutLine: {'line': b'-- Up-to-date: /home/harsh/ros2_project/install/px4_msgs/lib/python3.12/site-packages/px4_msgs/msg/_gps_dump.py\n'}
[1.297453] (px4_msgs) StdoutLine: {'line': b'-- Up-to-date: /home/harsh/ros2_project/install/px4_msgs/lib/python3.12/site-packages/px4_msgs/msg/_vehicle_odometry_s.c\n'}
[1.297513] (px4_msgs) StdoutLine: {'line': b'-- Up-to-date: /home/harsh/ros2_project/install/px4_msgs/lib/python3.12/site-packages/px4_msgs/msg/_arming_check_request.py\n'}
[1.297590] (px4_msgs) StdoutLine: {'line': b'-- Up-to-date: /home/harsh/ros2_project/install/px4_msgs/lib/python3.12/site-packages/px4_msgs/msg/_uavcan_parameter_value.py\n'}
[1.297654] (px4_msgs) StdoutLine: {'line': b'-- Up-to-date: /home/harsh/ros2_project/install/px4_msgs/lib/python3.12/site-packages/px4_msgs/msg/_vehicle_odometry.py\n'}
[1.297714] (px4_msgs) StdoutLine: {'line': b'-- Up-to-date: /home/harsh/ros2_project/install/px4_msgs/lib/python3.12/site-packages/px4_msgs/msg/_sensors_status.py\n'}
[1.297774] (px4_msgs) StdoutLine: {'line': b'-- Up-to-date: /home/harsh/ros2_project/install/px4_msgs/lib/python3.12/site-packages/px4_msgs/msg/_trajectory_waypoint_s.c\n'}
[1.297833] (px4_msgs) StdoutLine: {'line': b'-- Up-to-date: /home/harsh/ros2_project/install/px4_msgs/lib/python3.12/site-packages/px4_msgs/msg/_vehicle_air_data.py\n'}
[1.297892] (px4_msgs) StdoutLine: {'line': b'-- Up-to-date: /home/harsh/ros2_project/install/px4_msgs/lib/python3.12/site-packages/px4_msgs/msg/_gimbal_manager_information.py\n'}
[1.297953] (px4_msgs) StdoutLine: {'line': b'-- Up-to-date: /home/harsh/ros2_project/install/px4_msgs/lib/python3.12/site-packages/px4_msgs/msg/_sensor_correction.py\n'}
[1.298017] (px4_msgs) StdoutLine: {'line': b'-- Up-to-date: /home/harsh/ros2_project/install/px4_msgs/lib/python3.12/site-packages/px4_msgs/msg/_sensors_status_imu.py\n'}
[1.298082] (px4_msgs) StdoutLine: {'line': b'-- Up-to-date: /home/harsh/ros2_project/install/px4_msgs/lib/python3.12/site-packages/px4_msgs/msg/_estimator_innovations_s.c\n'}
[1.298141] (px4_msgs) StdoutLine: {'line': b'-- Up-to-date: /home/harsh/ros2_project/install/px4_msgs/lib/python3.12/site-packages/px4_msgs/msg/_sensor_airflow_s.c\n'}
[1.298201] (px4_msgs) StdoutLine: {'line': b'-- Up-to-date: /home/harsh/ros2_project/install/px4_msgs/lib/python3.12/site-packages/px4_msgs/msg/_message_format_response.py\n'}
[1.298263] (px4_msgs) StdoutLine: {'line': b'-- Up-to-date: /home/harsh/ros2_project/install/px4_msgs/lib/python3.12/site-packages/px4_msgs/msg/_vehicle_attitude.py\n'}
[1.298324] (px4_msgs) StdoutLine: {'line': b'-- Up-to-date: /home/harsh/ros2_project/install/px4_msgs/lib/python3.12/site-packages/px4_msgs/msg/_camera_capture_s.c\n'}
[1.298406] (px4_msgs) StdoutLine: {'line': b'-- Up-to-date: /home/harsh/ros2_project/install/px4_msgs/lib/python3.12/site-packages/px4_msgs/msg/_estimator_aid_source1d.py\n'}
[1.298472] (px4_msgs) StdoutLine: {'line': b'-- Up-to-date: /home/harsh/ros2_project/install/px4_msgs/lib/python3.12/site-packages/px4_msgs/msg/_wind.py\n'}
[1.298522] (px4_msgs) StdoutLine: {'line': b'-- Up-to-date: /home/harsh/ros2_project/install/px4_msgs/lib/python3.12/site-packages/px4_msgs/msg/_buffer128_s.c\n'}
[1.298569] (px4_msgs) StdoutLine: {'line': b'-- Up-to-date: /home/harsh/ros2_project/install/px4_msgs/lib/python3.12/site-packages/px4_msgs/msg/_normalized_unsigned_setpoint_s.c\n'}
[1.298617] (px4_msgs) StdoutLine: {'line': b'-- Up-to-date: /home/harsh/ros2_project/install/px4_msgs/lib/python3.12/site-packages/px4_msgs/msg/_gimbal_manager_information_s.c\n'}
[1.298665] (px4_msgs) StdoutLine: {'line': b'-- Up-to-date: /home/harsh/ros2_project/install/px4_msgs/lib/python3.12/site-packages/px4_msgs/msg/_arming_check_reply_s.c\n'}
[1.298718] (px4_msgs) StdoutLine: {'line': b'-- Up-to-date: /home/harsh/ros2_project/install/px4_msgs/lib/python3.12/site-packages/px4_msgs/msg/_button_event_s.c\n'}
[1.298779] (px4_msgs) StdoutLine: {'line': b'-- Up-to-date: /home/harsh/ros2_project/install/px4_msgs/lib/python3.12/site-packages/px4_msgs/msg/_vehicle_attitude_s.c\n'}
[1.298839] (px4_msgs) StdoutLine: {'line': b'-- Up-to-date: /home/harsh/ros2_project/install/px4_msgs/lib/python3.12/site-packages/px4_msgs/msg/_vehicle_land_detected.py\n'}
[1.298900] (px4_msgs) StdoutLine: {'line': b'-- Up-to-date: /home/harsh/ros2_project/install/px4_msgs/lib/python3.12/site-packages/px4_msgs/msg/_airspeed_validated.py\n'}
[1.298961] (px4_msgs) StdoutLine: {'line': b'-- Up-to-date: /home/harsh/ros2_project/install/px4_msgs/lib/python3.12/site-packages/px4_msgs/msg/_rtl_time_estimate_s.c\n'}
[1.299041] (px4_msgs) StdoutLine: {'line': b'-- Up-to-date: /home/harsh/ros2_project/install/px4_msgs/lib/python3.12/site-packages/px4_msgs/msg/_esc_report.py\n'}
[1.299108] (px4_msgs) StdoutLine: {'line': b'-- Up-to-date: /home/harsh/ros2_project/install/px4_msgs/lib/python3.12/site-packages/px4_msgs/msg/_vehicle_imu_s.c\n'}
[1.299183] (px4_msgs) StdoutLine: {'line': b'-- Up-to-date: /home/harsh/ros2_project/install/px4_msgs/lib/python3.12/site-packages/px4_msgs/msg/_differential_drive_setpoint.py\n'}
[1.299231] (px4_msgs) StdoutLine: {'line': b'-- Up-to-date: /home/harsh/ros2_project/install/px4_msgs/lib/python3.12/site-packages/px4_msgs/msg/_gimbal_manager_set_attitude.py\n'}
[1.299278] (px4_msgs) StdoutLine: {'line': b'-- Up-to-date: /home/harsh/ros2_project/install/px4_msgs/lib/python3.12/site-packages/px4_msgs/msg/_manual_control_setpoint_s.c\n'}
[1.299343] (px4_msgs) StdoutLine: {'line': b'-- Up-to-date: /home/harsh/ros2_project/install/px4_msgs/lib/python3.12/site-packages/px4_msgs/msg/_vehicle_local_position_setpoint.py\n'}
[1.299391] (px4_msgs) StdoutLine: {'line': b'-- Up-to-date: /home/harsh/ros2_project/install/px4_msgs/lib/python3.12/site-packages/px4_msgs/msg/_failure_detector_status.py\n'}
[1.299440] (px4_msgs) StdoutLine: {'line': b'-- Up-to-date: /home/harsh/ros2_project/install/px4_msgs/lib/python3.12/site-packages/px4_msgs/msg/_manual_control_setpoint.py\n'}
[1.299487] (px4_msgs) StdoutLine: {'line': b'-- Up-to-date: /home/harsh/ros2_project/install/px4_msgs/lib/python3.12/site-packages/px4_msgs/msg/_qshell_retval.py\n'}
[1.299547] (px4_msgs) StdoutLine: {'line': b'-- Up-to-date: /home/harsh/ros2_project/install/px4_msgs/lib/python3.12/site-packages/px4_msgs/msg/_sensors_status_imu_s.c\n'}
[1.299608] (px4_msgs) StdoutLine: {'line': b'-- Up-to-date: /home/harsh/ros2_project/install/px4_msgs/lib/python3.12/site-packages/px4_msgs/msg/_sensor_preflight_mag_s.c\n'}
[1.299669] (px4_msgs) StdoutLine: {'line': b'-- Up-to-date: /home/harsh/ros2_project/install/px4_msgs/lib/python3.12/site-packages/px4_msgs/msg/_vehicle_constraints.py\n'}
[1.299738] (px4_msgs) StdoutLine: {'line': b'-- Up-to-date: /home/harsh/ros2_project/install/px4_msgs/lib/python3.12/site-packages/px4_msgs/msg/_vehicle_roi.py\n'}
[1.299799] (px4_msgs) StdoutLine: {'line': b'-- Up-to-date: /home/harsh/ros2_project/install/px4_msgs/lib/python3.12/site-packages/px4_msgs/msg/_sensor_optical_flow_s.c\n'}
[1.299862] (px4_msgs) StdoutLine: {'line': b'-- Up-to-date: /home/harsh/ros2_project/install/px4_msgs/lib/python3.12/site-packages/px4_msgs/msg/_offboard_control_mode.py\n'}
[1.299924] (px4_msgs) StdoutLine: {'line': b'-- Up-to-date: /home/harsh/ros2_project/install/px4_msgs/lib/python3.12/site-packages/px4_msgs/msg/_actuator_controls_status_s.c\n'}
[1.299985] (px4_msgs) StdoutLine: {'line': b'-- Up-to-date: /home/harsh/ros2_project/install/px4_msgs/lib/python3.12/site-packages/px4_msgs/msg/_actuator_controls_status.py\n'}
[1.300062] (px4_msgs) StdoutLine: {'line': b'-- Up-to-date: /home/harsh/ros2_project/install/px4_msgs/lib/python3.12/site-packages/px4_msgs/msg/_ulog_stream_ack_s.c\n'}
[1.300113] (px4_msgs) StdoutLine: {'line': b'-- Up-to-date: /home/harsh/ros2_project/install/px4_msgs/lib/python3.12/site-packages/px4_msgs/msg/_geofence_status.py\n'}
[1.300179] (px4_msgs) StdoutLine: {'line': b'-- Up-to-date: /home/harsh/ros2_project/install/px4_msgs/lib/python3.12/site-packages/px4_msgs/msg/_rate_ctrl_status.py\n'}
[1.300243] (px4_msgs) StdoutLine: {'line': b'-- Up-to-date: /home/harsh/ros2_project/install/px4_msgs/lib/python3.12/site-packages/px4_msgs/msg/_system_power_s.c\n'}
[1.300305] (px4_msgs) StdoutLine: {'line': b'-- Up-to-date: /home/harsh/ros2_project/install/px4_msgs/lib/python3.12/site-packages/px4_msgs/msg/_dataman_request_s.c\n'}
[1.300365] (px4_msgs) StdoutLine: {'line': b'-- Up-to-date: /home/harsh/ros2_project/install/px4_msgs/lib/python3.12/site-packages/px4_msgs/msg/_button_event.py\n'}
[1.300425] (px4_msgs) StdoutLine: {'line': b'-- Up-to-date: /home/harsh/ros2_project/install/px4_msgs/lib/python3.12/site-packages/px4_msgs/msg/_vehicle_rates_setpoint_s.c\n'}
[1.300504] (px4_msgs) StdoutLine: {'line': b'-- Up-to-date: /home/harsh/ros2_project/install/px4_msgs/lib/python3.12/site-packages/px4_msgs/msg/_px4io_status.py\n'}
[1.300571] (px4_msgs) StdoutLine: {'line': b'-- Up-to-date: /home/harsh/ros2_project/install/px4_msgs/lib/python3.12/site-packages/px4_msgs/msg/_arming_check_request_s.c\n'}
[1.300634] (px4_msgs) StdoutLine: {'line': b'-- Up-to-date: /home/harsh/ros2_project/install/px4_msgs/lib/python3.12/site-packages/px4_msgs/msg/_sensor_hygrometer_s.c\n'}
[1.300694] (px4_msgs) StdoutLine: {'line': b'-- Up-to-date: /home/harsh/ros2_project/install/px4_msgs/lib/python3.12/site-packages/px4_msgs/msg/_landing_gear_s.c\n'}
[1.300758] (px4_msgs) StdoutLine: {'line': b'-- Up-to-date: /home/harsh/ros2_project/install/px4_msgs/lib/python3.12/site-packages/px4_msgs/msg/_vehicle_roi_s.c\n'}
[1.300821] (px4_msgs) StdoutLine: {'line': b'-- Up-to-date: /home/harsh/ros2_project/install/px4_msgs/lib/python3.12/site-packages/px4_msgs/msg/_failsafe_flags_s.c\n'}
[1.300884] (px4_msgs) StdoutLine: {'line': b'-- Up-to-date: /home/harsh/ros2_project/install/px4_msgs/lib/python3.12/site-packages/px4_msgs/msg/_input_rc.py\n'}
[1.300946] (px4_msgs) StdoutLine: {'line': b'-- Up-to-date: /home/harsh/ros2_project/install/px4_msgs/lib/python3.12/site-packages/px4_msgs/msg/_generator_status.py\n'}
[1.301009] (px4_msgs) StdoutLine: {'line': b'-- Up-to-date: /home/harsh/ros2_project/install/px4_msgs/lib/python3.12/site-packages/px4_msgs/msg/_airspeed_s.c\n'}
[1.301080] (px4_msgs) StdoutLine: {'line': b'-- Up-to-date: /home/harsh/ros2_project/install/px4_msgs/lib/python3.12/site-packages/px4_msgs/msg/_manual_control_switches_s.c\n'}
[1.301142] (px4_msgs) StdoutLine: {'line': b'-- Up-to-date: /home/harsh/ros2_project/install/px4_msgs/lib/python3.12/site-packages/px4_msgs/msg/_trajectory_setpoint.py\n'}
[1.301203] (px4_msgs) StdoutLine: {'line': b'-- Up-to-date: /home/harsh/ros2_project/install/px4_msgs/lib/python3.12/site-packages/px4_msgs/msg/_estimator_status_s.c\n'}
[1.301286] (px4_msgs) StdoutLine: {'line': b'-- Up-to-date: /home/harsh/ros2_project/install/px4_msgs/lib/python3.12/site-packages/px4_msgs/msg/_actuator_armed_s.c\n'}
[1.301337] (px4_msgs) StdoutLine: {'line': b'-- Up-to-date: /home/harsh/ros2_project/install/px4_msgs/lib/python3.12/site-packages/px4_msgs/msg/_vehicle_magnetometer.py\n'}
[1.301400] (px4_msgs) StdoutLine: {'line': b'-- Up-to-date: /home/harsh/ros2_project/install/px4_msgs/lib/python3.12/site-packages/px4_msgs/msg/_estimator_event_flags_s.c\n'}
[1.301478] (px4_msgs) StdoutLine: {'line': b'-- Up-to-date: /home/harsh/ros2_project/install/px4_msgs/lib/python3.12/site-packages/px4_msgs/msg/_gimbal_device_attitude_status_s.c\n'}
[1.301531] (px4_msgs) StdoutLine: {'line': b'-- Up-to-date: /home/harsh/ros2_project/install/px4_msgs/lib/python3.12/site-packages/px4_msgs/msg/_sensor_gyro.py\n'}
[1.301592] (px4_msgs) StdoutLine: {'line': b'-- Up-to-date: /home/harsh/ros2_project/install/px4_msgs/lib/python3.12/site-packages/px4_msgs/msg/_vtol_vehicle_status_s.c\n'}
[1.301653] (px4_msgs) StdoutLine: {'line': b'-- Up-to-date: /home/harsh/ros2_project/install/px4_msgs/lib/python3.12/site-packages/px4_msgs/msg/_takeoff_status.py\n'}
[1.301714] (px4_msgs) StdoutLine: {'line': b'-- Up-to-date: /home/harsh/ros2_project/install/px4_msgs/lib/python3.12/site-packages/px4_msgs/msg/_task_stack_info_s.c\n'}
[1.301775] (px4_msgs) StdoutLine: {'line': b'-- Up-to-date: /home/harsh/ros2_project/install/px4_msgs/lib/python3.12/site-packages/px4_msgs/msg/_airspeed.py\n'}
[1.301837] (px4_msgs) StdoutLine: {'line': b'-- Up-to-date: /home/harsh/ros2_project/install/px4_msgs/lib/python3.12/site-packages/px4_msgs/msg/_differential_pressure_s.c\n'}
[1.301900] (-) TimerEvent: {}
[1.302053] (px4_msgs) StdoutLine: {'line': b'-- Up-to-date: /home/harsh/ros2_project/install/px4_msgs/lib/python3.12/site-packages/px4_msgs/msg/_onboard_computer_status.py\n'}
[1.302125] (px4_msgs) StdoutLine: {'line': b'-- Up-to-date: /home/harsh/ros2_project/install/px4_msgs/lib/python3.12/site-packages/px4_msgs/msg/_vehicle_attitude_setpoint_s.c\n'}
[1.302176] (px4_msgs) StdoutLine: {'line': b'-- Up-to-date: /home/harsh/ros2_project/install/px4_msgs/lib/python3.12/site-packages/px4_msgs/msg/_vehicle_angular_velocity.py\n'}
[1.302225] (px4_msgs) StdoutLine: {'line': b'-- Up-to-date: /home/harsh/ros2_project/install/px4_msgs/lib/python3.12/site-packages/px4_msgs/msg/_orb_test_large.py\n'}
[1.302274] (px4_msgs) StdoutLine: {'line': b'-- Up-to-date: /home/harsh/ros2_project/install/px4_msgs/lib/python3.12/site-packages/px4_msgs/msg/_position_setpoint.py\n'}
[1.302322] (px4_msgs) StdoutLine: {'line': b'-- Up-to-date: /home/harsh/ros2_project/install/px4_msgs/lib/python3.12/site-packages/px4_msgs/msg/_logger_status.py\n'}
[1.302369] (px4_msgs) StdoutLine: {'line': b'-- Up-to-date: /home/harsh/ros2_project/install/px4_msgs/lib/python3.12/site-packages/px4_msgs/msg/_gimbal_device_attitude_status.py\n'}
[1.302431] (px4_msgs) StdoutLine: {'line': b'-- Up-to-date: /home/harsh/ros2_project/install/px4_msgs/lib/python3.12/site-packages/px4_msgs/msg/_geofence_result_s.c\n'}
[1.302492] (px4_msgs) StdoutLine: {'line': b'-- Up-to-date: /home/harsh/ros2_project/install/px4_msgs/lib/python3.12/site-packages/px4_msgs/msg/_debug_value_s.c\n'}
[1.302552] (px4_msgs) StdoutLine: {'line': b'-- Up-to-date: /home/harsh/ros2_project/install/px4_msgs/lib/python3.12/site-packages/px4_msgs/msg/_cpuload.py\n'}
[1.302612] (px4_msgs) StdoutLine: {'line': b'-- Up-to-date: /home/harsh/ros2_project/install/px4_msgs/lib/python3.12/site-packages/px4_msgs/msg/_failure_detector_status_s.c\n'}
[1.302672] (px4_msgs) StdoutLine: {'line': b'-- Up-to-date: /home/harsh/ros2_project/install/px4_msgs/lib/python3.12/site-packages/px4_msgs/msg/_landing_gear_wheel_s.c\n'}
[1.302736] (px4_msgs) StdoutLine: {'line': b'-- Up-to-date: /home/harsh/ros2_project/install/px4_msgs/lib/python3.12/site-packages/px4_msgs/msg/_vehicle_trajectory_waypoint_s.c\n'}
[1.302795] (px4_msgs) StdoutLine: {'line': b'-- Up-to-date: /home/harsh/ros2_project/install/px4_msgs/lib/python3.12/site-packages/px4_msgs/msg/_estimator_gps_status_s.c\n'}
[1.302883] (px4_msgs) StdoutLine: {'line': b'-- Up-to-date: /home/harsh/ros2_project/install/px4_msgs/lib/python3.12/site-packages/px4_msgs/msg/_gpio_in.py\n'}
[1.302934] (px4_msgs) StdoutLine: {'line': b'-- Up-to-date: /home/harsh/ros2_project/install/px4_msgs/lib/python3.12/site-packages/px4_msgs/msg/_gimbal_device_set_attitude.py\n'}
[1.302983] (px4_msgs) StdoutLine: {'line': b'-- Up-to-date: /home/harsh/ros2_project/install/px4_msgs/lib/python3.12/site-packages/px4_msgs/msg/_obstacle_distance.py\n'}
[1.303042] (px4_msgs) StdoutLine: {'line': b'-- Up-to-date: /home/harsh/ros2_project/install/px4_msgs/lib/python3.12/site-packages/px4_msgs/msg/_follow_target_status_s.c\n'}
[1.303104] (px4_msgs) StdoutLine: {'line': b'-- Up-to-date: /home/harsh/ros2_project/install/px4_msgs/lib/python3.12/site-packages/px4_msgs/msg/_ulog_stream_ack.py\n'}
[1.303164] (px4_msgs) StdoutLine: {'line': b'-- Up-to-date: /home/harsh/ros2_project/install/px4_msgs/lib/python3.12/site-packages/px4_msgs/msg/_differential_pressure.py\n'}
[1.303224] (px4_msgs) StdoutLine: {'line': b'-- Up-to-date: /home/harsh/ros2_project/install/px4_msgs/lib/python3.12/site-packages/px4_msgs/msg/_rtl_status_s.c\n'}
[1.303283] (px4_msgs) StdoutLine: {'line': b'-- Up-to-date: /home/harsh/ros2_project/install/px4_msgs/lib/python3.12/site-packages/px4_msgs/msg/_yaw_estimator_status.py\n'}
[1.303344] (px4_msgs) StdoutLine: {'line': b'-- Up-to-date: /home/harsh/ros2_project/install/px4_msgs/lib/python3.12/site-packages/px4_msgs/msg/_estimator_bias_s.c\n'}
[1.303423] (px4_msgs) StdoutLine: {'line': b'-- Up-to-date: /home/harsh/ros2_project/install/px4_msgs/lib/python3.12/site-packages/px4_msgs/msg/_sensor_selection_s.c\n'}
[1.303500] (px4_msgs) StdoutLine: {'line': b'-- Up-to-date: /home/harsh/ros2_project/install/px4_msgs/lib/python3.12/site-packages/px4_msgs/msg/_estimator_status_flags_s.c\n'}
[1.303551] (px4_msgs) StdoutLine: {'line': b'-- Up-to-date: /home/harsh/ros2_project/install/px4_msgs/lib/python3.12/site-packages/px4_msgs/msg/_rtl_status.py\n'}
[1.303599] (px4_msgs) StdoutLine: {'line': b'-- Up-to-date: /home/harsh/ros2_project/install/px4_msgs/lib/python3.12/site-packages/px4_msgs/msg/_follow_target_estimator.py\n'}
[1.303660] (px4_msgs) StdoutLine: {'line': b'-- Up-to-date: /home/harsh/ros2_project/install/px4_msgs/lib/python3.12/site-packages/px4_msgs/msg/_goto_setpoint_s.c\n'}
[1.303722] (px4_msgs) StdoutLine: {'line': b'-- Up-to-date: /home/harsh/ros2_project/install/px4_msgs/lib/python3.12/site-packages/px4_msgs/msg/_sensor_accel_fifo.py\n'}
[1.303784] (px4_msgs) StdoutLine: {'line': b'-- Up-to-date: /home/harsh/ros2_project/install/px4_msgs/lib/python3.12/site-packages/px4_msgs/msg/_actuator_outputs.py\n'}
[1.303846] (px4_msgs) StdoutLine: {'line': b'-- Up-to-date: /home/harsh/ros2_project/install/px4_msgs/lib/python3.12/site-packages/px4_msgs/msg/_vehicle_air_data_s.c\n'}
[1.303906] (px4_msgs) StdoutLine: {'line': b'-- Up-to-date: /home/harsh/ros2_project/install/px4_msgs/lib/python3.12/site-packages/px4_msgs/msg/_vehicle_global_position_s.c\n'}
[1.303967] (px4_msgs) StdoutLine: {'line': b'-- Up-to-date: /home/harsh/ros2_project/install/px4_msgs/lib/python3.12/site-packages/px4_msgs/msg/_home_position_s.c\n'}
[1.304036] (px4_msgs) StdoutLine: {'line': b'-- Up-to-date: /home/harsh/ros2_project/install/px4_msgs/lib/python3.12/site-packages/px4_msgs/msg/_estimator_bias3d.py\n'}
[1.304100] (px4_msgs) StdoutLine: {'line': b'-- Up-to-date: /home/harsh/ros2_project/install/px4_msgs/lib/python3.12/site-packages/px4_msgs/msg/_parameter_set_value_request_s.c\n'}
[1.304161] (px4_msgs) StdoutLine: {'line': b'-- Up-to-date: /home/harsh/ros2_project/install/px4_msgs/lib/python3.12/site-packages/px4_msgs/msg/_estimator_aid_source2d_s.c\n'}
[1.304223] (px4_msgs) StdoutLine: {'line': b'-- Up-to-date: /home/harsh/ros2_project/install/px4_msgs/lib/python3.12/site-packages/px4_msgs/msg/_velocity_limits.py\n'}
[1.304283] (px4_msgs) StdoutLine: {'line': b'-- Up-to-date: /home/harsh/ros2_project/install/px4_msgs/lib/python3.12/site-packages/px4_msgs/msg/_estimator_aid_source1d_s.c\n'}
[1.304365] (px4_msgs) StdoutLine: {'line': b'-- Up-to-date: /home/harsh/ros2_project/install/px4_msgs/lib/python3.12/site-packages/px4_msgs/msg/_position_setpoint_triplet_s.c\n'}
[1.304415] (px4_msgs) StdoutLine: {'line': b'-- Up-to-date: /home/harsh/ros2_project/install/px4_msgs/lib/python3.12/site-packages/px4_msgs/msg/_vehicle_control_mode_s.c\n'}
[1.304482] (px4_msgs) StdoutLine: {'line': b'-- Up-to-date: /home/harsh/ros2_project/install/px4_msgs/lib/python3.12/site-packages/px4_msgs/msg/_vehicle_local_position_s.c\n'}
[1.304546] (px4_msgs) StdoutLine: {'line': b'-- Up-to-date: /home/harsh/ros2_project/install/px4_msgs/lib/python3.12/site-packages/px4_msgs/msg/_camera_trigger_s.c\n'}
[1.304609] (px4_msgs) StdoutLine: {'line': b'-- Up-to-date: /home/harsh/ros2_project/install/px4_msgs/lib/python3.12/site-packages/px4_msgs/msg/_sensor_gyro_s.c\n'}
[1.304670] (px4_msgs) StdoutLine: {'line': b'-- Up-to-date: /home/harsh/ros2_project/install/px4_msgs/lib/python3.12/site-packages/px4_msgs/msg/_actuator_armed.py\n'}
[1.304734] (px4_msgs) StdoutLine: {'line': b'-- Up-to-date: /home/harsh/ros2_project/install/px4_msgs/lib/python3.12/site-packages/px4_msgs/msg/_failsafe_flags.py\n'}
[1.304794] (px4_msgs) StdoutLine: {'line': b'-- Up-to-date: /home/harsh/ros2_project/install/px4_msgs/lib/python3.12/site-packages/px4_msgs/msg/_pps_capture.py\n'}
[1.304856] (px4_msgs) StdoutLine: {'line': b'-- Up-to-date: /home/harsh/ros2_project/install/px4_msgs/lib/python3.12/site-packages/px4_msgs/msg/_sensor_correction_s.c\n'}
[1.304918] (px4_msgs) StdoutLine: {'line': b'-- Up-to-date: /home/harsh/ros2_project/install/px4_msgs/lib/python3.12/site-packages/px4_msgs/msg/_system_power.py\n'}
[1.304979] (px4_msgs) StdoutLine: {'line': b'-- Up-to-date: /home/harsh/ros2_project/install/px4_msgs/lib/python3.12/site-packages/px4_msgs/msg/_arming_check_reply.py\n'}
[1.305049] (px4_msgs) StdoutLine: {'line': b'-- Up-to-date: /home/harsh/ros2_project/install/px4_msgs/lib/python3.12/site-packages/px4_msgs/msg/_trajectory_setpoint_s.c\n'}
[1.305113] (px4_msgs) StdoutLine: {'line': b'-- Up-to-date: /home/harsh/ros2_project/install/px4_msgs/lib/python3.12/site-packages/px4_msgs/msg/_power_button_state_s.c\n'}
[1.305176] (px4_msgs) StdoutLine: {'line': b'-- Up-to-date: /home/harsh/ros2_project/install/px4_msgs/lib/python3.12/site-packages/px4_msgs/msg/_wheel_encoders.py\n'}
[1.305238] (px4_msgs) StdoutLine: {'line': b'-- Up-to-date: /home/harsh/ros2_project/install/px4_msgs/lib/python3.12/site-packages/px4_msgs/msg/_battery_status.py\n'}
[1.305300] (px4_msgs) StdoutLine: {'line': b'-- Up-to-date: /home/harsh/ros2_project/install/px4_msgs/lib/python3.12/site-packages/px4_msgs/msg/_vehicle_torque_setpoint_s.c\n'}
[1.305359] (px4_msgs) StdoutLine: {'line': b'-- Up-to-date: /home/harsh/ros2_project/install/px4_msgs/lib/python3.12/site-packages/px4_msgs/msg/_autotune_attitude_control_status_s.c\n'}
[1.305455] (px4_msgs) StdoutLine: {'line': b'-- Up-to-date: /home/harsh/ros2_project/install/px4_msgs/lib/python3.12/site-packages/px4_msgs/msg/_irlock_report_s.c\n'}
[1.305509] (px4_msgs) StdoutLine: {'line': b'-- Up-to-date: /home/harsh/ros2_project/install/px4_msgs/lib/python3.12/site-packages/px4_msgs/msg/_message_format_request.py\n'}
[1.305562] (px4_msgs) StdoutLine: {'line': b'-- Up-to-date: /home/harsh/ros2_project/install/px4_msgs/lib/python3.12/site-packages/px4_msgs/msg/_power_monitor_s.c\n'}
[1.305611] (px4_msgs) StdoutLine: {'line': b'-- Up-to-date: /home/harsh/ros2_project/install/px4_msgs/lib/python3.12/site-packages/px4_msgs/msg/_landing_gear_wheel.py\n'}
[1.305676] (px4_msgs) StdoutLine: {'line': b'-- Up-to-date: /home/harsh/ros2_project/install/px4_msgs/lib/python3.12/site-packages/px4_msgs/msg/_takeoff_status_s.c\n'}
[1.305726] (px4_msgs) StdoutLine: {'line': b'-- Up-to-date: /home/harsh/ros2_project/install/px4_msgs/lib/python3.12/site-packages/px4_msgs/msg/_sensor_baro_s.c\n'}
[1.305772] (px4_msgs) StdoutLine: {'line': b'-- Up-to-date: /home/harsh/ros2_project/install/px4_msgs/lib/python3.12/site-packages/px4_msgs/msg/_sensor_airflow.py\n'}
[1.305821] (px4_msgs) StdoutLine: {'line': b'-- Up-to-date: /home/harsh/ros2_project/install/px4_msgs/lib/python3.12/site-packages/px4_msgs/msg/_gps_dump_s.c\n'}
[1.305878] (px4_msgs) StdoutLine: {'line': b'-- Up-to-date: /home/harsh/ros2_project/install/px4_msgs/lib/python3.12/site-packages/px4_msgs/msg/_adc_report_s.c\n'}
[1.305939] (px4_msgs) StdoutLine: {'line': b'-- Up-to-date: /home/harsh/ros2_project/install/px4_msgs/lib/python3.12/site-packages/px4_msgs/msg/_input_rc_s.c\n'}
[1.305999] (px4_msgs) StdoutLine: {'line': b'-- Up-to-date: /home/harsh/ros2_project/install/px4_msgs/lib/python3.12/site-packages/px4_msgs/msg/_estimator_selector_status_s.c\n'}
[1.306162] (px4_msgs) StdoutLine: {'line': b'-- Up-to-date: /home/harsh/ros2_project/install/px4_msgs/lib/python3.12/site-packages/px4_msgs/msg/_dataman_request.py\n'}
[1.306214] (px4_msgs) StdoutLine: {'line': b'-- Up-to-date: /home/harsh/ros2_project/install/px4_msgs/lib/python3.12/site-packages/px4_msgs/msg/_magnetometer_bias_estimate.py\n'}
[1.306251] (px4_msgs) StdoutLine: {'line': b'-- Up-to-date: /home/harsh/ros2_project/install/px4_msgs/lib/python3.12/site-packages/px4_msgs/msg/_distance_sensor.py\n'}
[1.306292] (px4_msgs) StdoutLine: {'line': b'-- Up-to-date: /home/harsh/ros2_project/install/px4_msgs/lib/python3.12/site-packages/px4_msgs/msg/_yaw_estimator_status_s.c\n'}
[1.306329] (px4_msgs) StdoutLine: {'line': b'-- Up-to-date: /home/harsh/ros2_project/install/px4_msgs/lib/python3.12/site-packages/px4_msgs/msg/_parameter_set_value_request.py\n'}
[1.306362] (px4_msgs) StdoutLine: {'line': b'-- Up-to-date: /home/harsh/ros2_project/install/px4_msgs/lib/python3.12/site-packages/px4_msgs/msg/_ulog_stream.py\n'}
[1.306393] (px4_msgs) StdoutLine: {'line': b'-- Up-to-date: /home/harsh/ros2_project/install/px4_msgs/lib/python3.12/site-packages/px4_msgs/msg/_radio_status.py\n'}
[1.306424] (px4_msgs) StdoutLine: {'line': b'-- Up-to-date: /home/harsh/ros2_project/install/px4_msgs/lib/python3.12/site-packages/px4_msgs/msg/_estimator_states.py\n'}
[1.306457] (px4_msgs) StdoutLine: {'line': b'-- Up-to-date: /home/harsh/ros2_project/install/px4_msgs/lib/python3.12/site-packages/px4_msgs/msg/_estimator_aid_source2d.py\n'}
[1.306492] (px4_msgs) StdoutLine: {'line': b'-- Up-to-date: /home/harsh/ros2_project/install/px4_msgs/lib/python3.12/site-packages/px4_msgs/msg/_transponder_report.py\n'}
[1.306525] (px4_msgs) StdoutLine: {'line': b'-- Up-to-date: /home/harsh/ros2_project/install/px4_msgs/lib/python3.12/site-packages/px4_msgs/msg/_qshell_req.py\n'}
[1.306560] (px4_msgs) StdoutLine: {'line': b'-- Up-to-date: /home/harsh/ros2_project/install/px4_msgs/lib/python3.12/site-packages/px4_msgs/msg/_actuator_servos_trim_s.c\n'}
[1.306592] (px4_msgs) StdoutLine: {'line': b'-- Up-to-date: /home/harsh/ros2_project/install/px4_msgs/lib/python3.12/site-packages/px4_msgs/msg/_airspeed_wind_s.c\n'}
[1.306625] (px4_msgs) StdoutLine: {'line': b'-- Up-to-date: /home/harsh/ros2_project/install/px4_msgs/lib/python3.12/site-packages/px4_msgs/msg/_pwm_input.py\n'}
[1.306657] (px4_msgs) StdoutLine: {'line': b'-- Up-to-date: /home/harsh/ros2_project/install/px4_msgs/lib/python3.12/site-packages/px4_msgs/msg/_sensor_uwb.py\n'}
[1.306689] (px4_msgs) StdoutLine: {'line': b'-- Up-to-date: /home/harsh/ros2_project/install/px4_msgs/lib/python3.12/site-packages/px4_msgs/msg/_vehicle_command_ack_s.c\n'}
[1.306721] (px4_msgs) StdoutLine: {'line': b'-- Up-to-date: /home/harsh/ros2_project/install/px4_msgs/lib/python3.12/site-packages/px4_msgs/msg/_landing_gear.py\n'}
[1.306753] (px4_msgs) StdoutLine: {'line': b'-- Up-to-date: /home/harsh/ros2_project/install/px4_msgs/lib/python3.12/site-packages/px4_msgs/msg/_airspeed_validated_s.c\n'}
[1.306786] (px4_msgs) StdoutLine: {'line': b'-- Up-to-date: /home/harsh/ros2_project/install/px4_msgs/lib/python3.12/site-packages/px4_msgs/msg/_hover_thrust_estimate.py\n'}
[1.306819] (px4_msgs) StdoutLine: {'line': b'-- Up-to-date: /home/harsh/ros2_project/install/px4_msgs/lib/python3.12/site-packages/px4_msgs/msg/_gps_inject_data_s.c\n'}
[1.306861] (px4_msgs) StdoutLine: {'line': b'-- Up-to-date: /home/harsh/ros2_project/install/px4_msgs/lib/python3.12/site-packages/px4_msgs/msg/_actuator_servos.py\n'}
[1.306908] (px4_msgs) StdoutLine: {'line': b'-- Up-to-date: /home/harsh/ros2_project/install/px4_msgs/lib/python3.12/site-packages/px4_msgs/msg/_sensor_gnss_relative_s.c\n'}
[1.306942] (px4_msgs) StdoutLine: {'line': b'-- Up-to-date: /home/harsh/ros2_project/install/px4_msgs/lib/python3.12/site-packages/px4_msgs/msg/_landing_target_innovations.py\n'}
[1.306973] (px4_msgs) StdoutLine: {'line': b'-- Up-to-date: /home/harsh/ros2_project/install/px4_msgs/lib/python3.12/site-packages/px4_msgs/msg/_debug_array.py\n'}
[1.307002] (px4_msgs) StdoutLine: {'line': b'-- Up-to-date: /home/harsh/ros2_project/install/px4_msgs/lib/python3.12/site-packages/px4_msgs/msg/_npfg_status_s.c\n'}
[1.307047] (px4_msgs) StdoutLine: {'line': b'-- Up-to-date: /home/harsh/ros2_project/install/px4_msgs/lib/python3.12/site-packages/px4_msgs/msg/_parameter_set_used_request.py\n'}
[1.307079] (px4_msgs) StdoutLine: {'line': b'-- Up-to-date: /home/harsh/ros2_project/install/px4_msgs/lib/python3.12/site-packages/px4_msgs/msg/_parameter_update_s.c\n'}
[1.307109] (px4_msgs) StdoutLine: {'line': b'-- Up-to-date: /home/harsh/ros2_project/install/px4_msgs/lib/python3.12/site-packages/px4_msgs/msg/_orb_test_large_s.c\n'}
[1.307139] (px4_msgs) StdoutLine: {'line': b'-- Up-to-date: /home/harsh/ros2_project/install/px4_msgs/lib/python3.12/site-packages/px4_msgs/msg/_event_s.c\n'}
[1.307169] (px4_msgs) StdoutLine: {'line': b'-- Up-to-date: /home/harsh/ros2_project/install/px4_msgs/lib/python3.12/site-packages/px4_msgs/msg/_orb_test_s.c\n'}
[1.307199] (px4_msgs) StdoutLine: {'line': b'-- Up-to-date: /home/harsh/ros2_project/install/px4_msgs/lib/python3.12/site-packages/px4_msgs/msg/_mavlink_log_s.c\n'}
[1.307229] (px4_msgs) StdoutLine: {'line': b'-- Up-to-date: /home/harsh/ros2_project/install/px4_msgs/lib/python3.12/site-packages/px4_msgs/msg/_launch_detection_status_s.c\n'}
[1.307260] (px4_msgs) StdoutLine: {'line': b'-- Up-to-date: /home/harsh/ros2_project/install/px4_msgs/lib/python3.12/site-packages/px4_msgs/msg/_estimator_bias3d_s.c\n'}
[1.307293] (px4_msgs) StdoutLine: {'line': b'-- Up-to-date: /home/harsh/ros2_project/install/px4_msgs/lib/python3.12/site-packages/px4_msgs/msg/_uavcan_parameter_value_s.c\n'}
[1.307325] (px4_msgs) StdoutLine: {'line': b'-- Up-to-date: /home/harsh/ros2_project/install/px4_msgs/lib/python3.12/site-packages/px4_msgs/msg/_sensors_status_s.c\n'}
[1.307357] (px4_msgs) StdoutLine: {'line': b'-- Up-to-date: /home/harsh/ros2_project/install/px4_msgs/lib/python3.12/site-packages/px4_msgs/msg/_vehicle_command_ack.py\n'}
[1.307391] (px4_msgs) StdoutLine: {'line': b'-- Up-to-date: /home/harsh/ros2_project/install/px4_msgs/lib/python3.12/site-packages/px4_msgs/msg/_position_controller_landing_status_s.c\n'}
[1.307424] (px4_msgs) StdoutLine: {'line': b'-- Up-to-date: /home/harsh/ros2_project/install/px4_msgs/lib/python3.12/site-packages/px4_msgs/msg/_vehicle_rates_setpoint.py\n'}
[1.307457] (px4_msgs) StdoutLine: {'line': b'-- Up-to-date: /home/harsh/ros2_project/install/px4_msgs/lib/python3.12/site-packages/px4_msgs/msg/_navigator_mission_item.py\n'}
[1.307490] (px4_msgs) StdoutLine: {'line': b'-- Up-to-date: /home/harsh/ros2_project/install/px4_msgs/lib/python3.12/site-packages/px4_msgs/msg/_navigator_mission_item_s.c\n'}
[1.307523] (px4_msgs) StdoutLine: {'line': b'-- Up-to-date: /home/harsh/ros2_project/install/px4_msgs/lib/python3.12/site-packages/px4_msgs/msg/_vtol_vehicle_status.py\n'}
[1.307557] (px4_msgs) StdoutLine: {'line': b'-- Up-to-date: /home/harsh/ros2_project/install/px4_msgs/lib/python3.12/site-packages/px4_msgs/msg/_orbit_status_s.c\n'}
[1.307592] (px4_msgs) StdoutLine: {'line': b'-- Up-to-date: /home/harsh/ros2_project/install/px4_msgs/lib/python3.12/site-packages/px4_msgs/msg/_sensor_gps.py\n'}
[1.307639] (px4_msgs) StdoutLine: {'line': b'-- Up-to-date: /home/harsh/ros2_project/install/px4_msgs/lib/python3.12/site-packages/px4_msgs/msg/_tecs_status_s.c\n'}
[1.307671] (px4_msgs) StdoutLine: {'line': b'-- Up-to-date: /home/harsh/ros2_project/install/px4_msgs/lib/python3.12/site-packages/px4_msgs/msg/_vehicle_acceleration.py\n'}
[1.307702] (px4_msgs) StdoutLine: {'line': b'-- Up-to-date: /home/harsh/ros2_project/install/px4_msgs/lib/python3.12/site-packages/px4_msgs/msg/_gps_inject_data.py\n'}
[1.307733] (px4_msgs) StdoutLine: {'line': b'-- Up-to-date: /home/harsh/ros2_project/install/px4_msgs/lib/python3.12/site-packages/px4_msgs/msg/_estimator_states_s.c\n'}
[1.307763] (px4_msgs) StdoutLine: {'line': b'-- Up-to-date: /home/harsh/ros2_project/install/px4_msgs/lib/python3.12/site-packages/px4_msgs/msg/_vehicle_trajectory_waypoint.py\n'}
[1.307798] (px4_msgs) StdoutLine: {'line': b'-- Up-to-date: /home/harsh/ros2_project/install/px4_msgs/lib/python3.12/site-packages/px4_msgs/msg/_parameter_set_value_response.py\n'}
[1.307832] (px4_msgs) StdoutLine: {'line': b'-- Up-to-date: /home/harsh/ros2_project/install/px4_msgs/lib/python3.12/site-packages/px4_msgs/msg/_mission.py\n'}
[1.307866] (px4_msgs) StdoutLine: {'line': b'-- Up-to-date: /home/harsh/ros2_project/install/px4_msgs/lib/python3.12/site-packages/px4_msgs/msg/_gimbal_device_information_s.c\n'}
[1.307899] (px4_msgs) StdoutLine: {'line': b'-- Up-to-date: /home/harsh/ros2_project/install/px4_msgs/lib/python3.12/site-packages/px4_msgs/msg/_event.py\n'}
[1.307941] (px4_msgs) StdoutLine: {'line': b'-- Up-to-date: /home/harsh/ros2_project/install/px4_msgs/lib/python3.12/site-packages/px4_msgs/msg/_sensor_preflight_mag.py\n'}
[1.307973] (px4_msgs) StdoutLine: {'line': b'-- Up-to-date: /home/harsh/ros2_project/install/px4_msgs/lib/python3.12/site-packages/px4_msgs/msg/_magnetometer_bias_estimate_s.c\n'}
[1.308005] (px4_msgs) StdoutLine: {'line': b'-- Up-to-date: /home/harsh/ros2_project/install/px4_msgs/lib/python3.12/site-packages/px4_msgs/msg/_gpio_request.py\n'}
[1.308044] (px4_msgs) StdoutLine: {'line': b'-- Up-to-date: /home/harsh/ros2_project/install/px4_msgs/lib/python3.12/site-packages/px4_msgs/msg/_gimbal_manager_status_s.c\n'}
[1.308078] (px4_msgs) StdoutLine: {'line': b'-- Up-to-date: /home/harsh/ros2_project/install/px4_msgs/lib/python3.12/site-packages/px4_msgs/msg/_unregister_ext_component_s.c\n'}
[1.308116] (px4_msgs) StdoutLine: {'line': b'-- Up-to-date: /home/harsh/ros2_project/install/px4_msgs/lib/python3.12/site-packages/px4_msgs/msg/_offboard_control_mode_s.c\n'}
[1.308164] (px4_msgs) StdoutLine: {'line': b'-- Up-to-date: /home/harsh/ros2_project/install/px4_msgs/lib/python3.12/site-packages/px4_msgs/msg/_follow_target_s.c\n'}
[1.308195] (px4_msgs) StdoutLine: {'line': b'-- Up-to-date: /home/harsh/ros2_project/install/px4_msgs/lib/python3.12/site-packages/px4_msgs/msg/_unregister_ext_component.py\n'}
[1.308226] (px4_msgs) StdoutLine: {'line': b'-- Up-to-date: /home/harsh/ros2_project/install/px4_msgs/lib/python3.12/site-packages/px4_msgs/msg/_internal_combustion_engine_status_s.c\n'}
[1.308260] (px4_msgs) StdoutLine: {'line': b'-- Up-to-date: /home/harsh/ros2_project/install/px4_msgs/lib/python3.12/site-packages/px4_msgs/msg/_vehicle_command.py\n'}
[1.308297] (px4_msgs) StdoutLine: {'line': b'-- Up-to-date: /home/harsh/ros2_project/install/px4_msgs/lib/python3.12/site-packages/px4_msgs/msg/_parameter_update.py\n'}
[1.308331] (px4_msgs) StdoutLine: {'line': b'-- Up-to-date: /home/harsh/ros2_project/install/px4_msgs/lib/python3.12/site-packages/px4_msgs/msg/_satellite_info.py\n'}
[1.308366] (px4_msgs) StdoutLine: {'line': b'-- Up-to-date: /home/harsh/ros2_project/install/px4_msgs/lib/python3.12/site-packages/px4_msgs/msg/_pps_capture_s.c\n'}
[1.308398] (px4_msgs) StdoutLine: {'line': b'-- Up-to-date: /home/harsh/ros2_project/install/px4_msgs/lib/python3.12/site-packages/px4_msgs/msg/_orbit_status.py\n'}
[1.308431] (px4_msgs) StdoutLine: {'line': b'-- Up-to-date: /home/harsh/ros2_project/install/px4_msgs/lib/python3.12/site-packages/px4_msgs/msg/_satellite_info_s.c\n'}
[1.308464] (px4_msgs) StdoutLine: {'line': b'-- Up-to-date: /home/harsh/ros2_project/install/px4_msgs/lib/python3.12/site-packages/px4_msgs/msg/_mavlink_tunnel.py\n'}
[1.308499] (px4_msgs) StdoutLine: {'line': b'-- Up-to-date: /home/harsh/ros2_project/install/px4_msgs/lib/python3.12/site-packages/px4_msgs/msg/_health_report_s.c\n'}
[1.308532] (px4_msgs) StdoutLine: {'line': b'-- Up-to-date: /home/harsh/ros2_project/install/px4_msgs/lib/python3.12/site-packages/px4_msgs/msg/_estimator_status_flags.py\n'}
[1.308567] (px4_msgs) StdoutLine: {'line': b'-- Up-to-date: /home/harsh/ros2_project/install/px4_msgs/lib/python3.12/site-packages/px4_msgs/msg/_parameter_reset_request_s.c\n'}
[1.308612] (px4_msgs) StdoutLine: {'line': b'-- Up-to-date: /home/harsh/ros2_project/install/px4_msgs/lib/python3.12/site-packages/px4_msgs/msg/_actuator_motors.py\n'}
[1.308657] (px4_msgs) StdoutLine: {'line': b'-- Up-to-date: /home/harsh/ros2_project/install/px4_msgs/lib/python3.12/site-packages/px4_msgs/msg/_rate_ctrl_status_s.c\n'}
[1.308719] (px4_msgs) StdoutLine: {'line': b'-- Up-to-date: /home/harsh/ros2_project/install/px4_msgs/lib/python3.12/site-packages/px4_msgs/msg/_sensor_gps_s.c\n'}
[1.308766] (px4_msgs) StdoutLine: {'line': b'-- Up-to-date: /home/harsh/ros2_project/install/px4_msgs/lib/python3.12/site-packages/px4_msgs/msg/_actuator_test_s.c\n'}
[1.308811] (px4_msgs) StdoutLine: {'line': b'-- Up-to-date: /home/harsh/ros2_project/install/px4_msgs/lib/python3.12/site-packages/px4_msgs/msg/_heater_status_s.c\n'}
[1.308856] (px4_msgs) StdoutLine: {'line': b'-- Up-to-date: /home/harsh/ros2_project/install/px4_msgs/lib/python3.12/site-packages/px4_msgs/msg/_airspeed_wind.py\n'}
[1.308894] (px4_msgs) StdoutLine: {'line': b'-- Up-to-date: /home/harsh/ros2_project/install/px4_msgs/lib/python3.12/site-packages/px4_msgs/msg/_register_ext_component_reply_s.c\n'}
[1.308929] (px4_msgs) StdoutLine: {'line': b'-- Up-to-date: /home/harsh/ros2_project/install/px4_msgs/lib/python3.12/site-packages/px4_msgs/msg/_estimator_selector_status.py\n'}
[1.308964] (px4_msgs) StdoutLine: {'line': b'-- Up-to-date: /home/harsh/ros2_project/install/px4_msgs/lib/python3.12/site-packages/px4_msgs/msg/_parameter_set_used_request_s.c\n'}
[1.308998] (px4_msgs) StdoutLine: {'line': b'-- Up-to-date: /home/harsh/ros2_project/install/px4_msgs/lib/python3.12/site-packages/px4_msgs/msg/_control_allocator_status.py\n'}
[1.309043] (px4_msgs) StdoutLine: {'line': b'-- Up-to-date: /home/harsh/ros2_project/install/px4_msgs/lib/python3.12/site-packages/px4_msgs/msg/_vehicle_imu.py\n'}
[1.309079] (px4_msgs) StdoutLine: {'line': b'-- Up-to-date: /home/harsh/ros2_project/install/px4_msgs/lib/python3.12/site-packages/px4_msgs/msg/_sensor_accel.py\n'}
[1.309141] (px4_msgs) StdoutLine: {'line': b'-- Up-to-date: /home/harsh/ros2_project/install/px4_msgs/lib/python3.12/site-packages/px4_msgs/msg/_mount_orientation.py\n'}
[1.309177] (px4_msgs) StdoutLine: {'line': b'-- Up-to-date: /home/harsh/ros2_project/install/px4_msgs/lib/python3.12/site-packages/px4_msgs/msg/_pwm_input_s.c\n'}
[1.309209] (px4_msgs) StdoutLine: {'line': b'-- Up-to-date: /home/harsh/ros2_project/install/px4_msgs/lib/python3.12/site-packages/px4_msgs/msg/_sensor_combined.py\n'}
[1.309240] (px4_msgs) StdoutLine: {'line': b'-- Up-to-date: /home/harsh/ros2_project/install/px4_msgs/lib/python3.12/site-packages/px4_msgs/msg/_vehicle_status_s.c\n'}
[1.309271] (px4_msgs) StdoutLine: {'line': b'-- Up-to-date: /home/harsh/ros2_project/install/px4_msgs/lib/python3.12/site-packages/px4_msgs/msg/_radio_status_s.c\n'}
[1.309302] (px4_msgs) StdoutLine: {'line': b'-- Up-to-date: /home/harsh/ros2_project/install/px4_msgs/lib/python3.12/site-packages/px4_msgs/msg/_can_interface_status_s.c\n'}
[1.309334] (px4_msgs) StdoutLine: {'line': b'-- Up-to-date: /home/harsh/ros2_project/install/px4_msgs/lib/python3.12/site-packages/px4_msgs/msg/_normalized_unsigned_setpoint.py\n'}
[1.309370] (px4_msgs) StdoutLine: {'line': b'-- Up-to-date: /home/harsh/ros2_project/install/px4_msgs/lib/python3.12/site-packages/px4_msgs/msg/_led_control.py\n'}
[1.309404] (px4_msgs) StdoutLine: {'line': b'-- Up-to-date: /home/harsh/ros2_project/install/px4_msgs/lib/python3.12/site-packages/px4_msgs/msg/_follow_target_estimator_s.c\n'}
[1.309445] (px4_msgs) StdoutLine: {'line': b'-- Up-to-date: /home/harsh/ros2_project/install/px4_msgs/lib/python3.12/site-packages/px4_msgs/msg/_sensor_uwb_s.c\n'}
[1.309483] (px4_msgs) StdoutLine: {'line': b'-- Up-to-date: /home/harsh/ros2_project/install/px4_msgs/lib/python3.12/site-packages/px4_msgs/msg/_distance_sensor_s.c\n'}
[1.309519] (px4_msgs) StdoutLine: {'line': b'-- Up-to-date: /home/harsh/ros2_project/install/px4_msgs/lib/python3.12/site-packages/px4_msgs/msg/_gimbal_controls.py\n'}
[1.309556] (px4_msgs) StdoutLine: {'line': b'-- Up-to-date: /home/harsh/ros2_project/install/px4_msgs/lib/python3.12/site-packages/px4_msgs/msg/_onboard_computer_status_s.c\n'}
[1.309596] (px4_msgs) StdoutLine: {'line': b'-- Up-to-date: /home/harsh/ros2_project/install/px4_msgs/lib/python3.12/site-packages/px4_msgs/msg/_log_message.py\n'}
[1.309635] (px4_msgs) StdoutLine: {'line': b'-- Up-to-date: /home/harsh/ros2_project/install/px4_msgs/lib/python3.12/site-packages/px4_msgs/msg/_follow_target_status.py\n'}
[1.309672] (px4_msgs) StdoutLine: {'line': b'-- Up-to-date: /home/harsh/ros2_project/install/px4_msgs/lib/python3.12/site-packages/px4_msgs/msg/_landing_target_innovations_s.c\n'}
[1.309709] (px4_msgs) StdoutLine: {'line': b'-- Up-to-date: /home/harsh/ros2_project/install/px4_msgs/lib/python3.12/site-packages/px4_msgs/msg/_landing_target_pose_s.c\n'}
[1.309751] (px4_msgs) StdoutLine: {'line': b'-- Up-to-date: /home/harsh/ros2_project/install/px4_msgs/lib/python3.12/site-packages/px4_msgs/msg/_cpuload_s.c\n'}
[1.309791] (px4_msgs) StdoutLine: {'line': b'-- Up-to-date: /home/harsh/ros2_project/install/px4_msgs/lib/python3.12/site-packages/px4_msgs/msg/_vehicle_imu_status.py\n'}
[1.309828] (px4_msgs) StdoutLine: {'line': b'-- Up-to-date: /home/harsh/ros2_project/install/px4_msgs/lib/python3.12/site-packages/px4_msgs/msg/_config_overrides.py\n'}
[1.309862] (px4_msgs) StdoutLine: {'line': b'-- Up-to-date: /home/harsh/ros2_project/install/px4_msgs/lib/python3.12/site-packages/px4_msgs/msg/_cellular_status.py\n'}
[1.309900] (px4_msgs) StdoutLine: {'line': b'-- Up-to-date: /home/harsh/ros2_project/install/px4_msgs/lib/python3.12/site-packages/px4_msgs/msg/_debug_vect_s.c\n'}
[1.309936] (px4_msgs) StdoutLine: {'line': b'-- Up-to-date: /home/harsh/ros2_project/install/px4_msgs/lib/python3.12/site-packages/px4_msgs/msg/_action_request.py\n'}
[1.309973] (px4_msgs) StdoutLine: {'line': b'-- Up-to-date: /home/harsh/ros2_project/install/px4_msgs/lib/python3.12/site-packages/px4_msgs/msg/_ulog_stream_s.c\n'}
[1.310013] (px4_msgs) StdoutLine: {'line': b'-- Up-to-date: /home/harsh/ros2_project/install/px4_msgs/lib/python3.12/site-packages/px4_msgs/msg/_position_controller_status.py\n'}
[1.310060] (px4_msgs) StdoutLine: {'line': b'-- Up-to-date: /home/harsh/ros2_project/install/px4_msgs/lib/python3.12/site-packages/px4_msgs/msg/_position_setpoint_triplet.py\n'}
[1.310097] (px4_msgs) StdoutLine: {'line': b'-- Up-to-date: /home/harsh/ros2_project/install/px4_msgs/lib/python3.12/site-packages/px4_msgs/msg/_gripper.py\n'}
[1.310135] (px4_msgs) StdoutLine: {'line': b'-- Up-to-date: /home/harsh/ros2_project/install/px4_msgs/lib/python3.12/site-packages/px4_msgs/msg/_tune_control_s.c\n'}
[1.310173] (px4_msgs) StdoutLine: {'line': b'-- Up-to-date: /home/harsh/ros2_project/install/px4_msgs/lib/python3.12/site-packages/px4_msgs/msg/_actuator_servos_s.c\n'}
[1.310210] (px4_msgs) StdoutLine: {'line': b'-- Up-to-date: /home/harsh/ros2_project/install/px4_msgs/lib/python3.12/site-packages/px4_msgs/msg/_health_report.py\n'}
[1.310247] (px4_msgs) StdoutLine: {'line': b'-- Up-to-date: /home/harsh/ros2_project/install/px4_msgs/lib/python3.12/site-packages/px4_msgs/msg/_sensor_accel_s.c\n'}
[1.310285] (px4_msgs) StdoutLine: {'line': b'-- Up-to-date: /home/harsh/ros2_project/install/px4_msgs/lib/python3.12/site-packages/px4_msgs/msg/_uavcan_parameter_request.py\n'}
[1.310360] (px4_msgs) StdoutLine: {'line': b'-- Up-to-date: /home/harsh/ros2_project/install/px4_msgs/lib/python3.12/site-packages/px4_msgs/msg/_orb_test.py\n'}
[1.310399] (px4_msgs) StdoutLine: {'line': b'-- Up-to-date: /home/harsh/ros2_project/install/px4_msgs/lib/python3.12/site-packages/px4_msgs/msg/_vehicle_angular_velocity_s.c\n'}
[1.310434] (px4_msgs) StdoutLine: {'line': b'-- Up-to-date: /home/harsh/ros2_project/install/px4_msgs/lib/python3.12/site-packages/px4_msgs/msg/_rtl_time_estimate.py\n'}
[1.310468] (px4_msgs) StdoutLine: {'line': b'-- Up-to-date: /home/harsh/ros2_project/install/px4_msgs/lib/python3.12/site-packages/px4_msgs/msg/_rpm.py\n'}
[1.310503] (px4_msgs) StdoutLine: {'line': b'-- Up-to-date: /home/harsh/ros2_project/install/px4_msgs/lib/python3.12/site-packages/px4_msgs/msg/_sensor_mag.py\n'}
[1.310538] (px4_msgs) StdoutLine: {'line': b'-- Up-to-date: /home/harsh/ros2_project/install/px4_msgs/lib/python3.12/site-packages/px4_msgs/msg/_debug_key_value_s.c\n'}
[1.310575] (px4_msgs) StdoutLine: {'line': b'-- Up-to-date: /home/harsh/ros2_project/install/px4_msgs/lib/python3.12/site-packages/px4_msgs/msg/_actuator_outputs_s.c\n'}
[1.310611] (px4_msgs) StdoutLine: {'line': b'-- Up-to-date: /home/harsh/ros2_project/install/px4_msgs/lib/python3.12/site-packages/px4_msgs/msg/_trajectory_bezier.py\n'}
[1.310648] (px4_msgs) StdoutLine: {'line': b'-- Up-to-date: /home/harsh/ros2_project/install/px4_msgs/lib/python3.12/site-packages/px4_msgs/msg/_mode_completed.py\n'}
[1.310686] (px4_msgs) StdoutLine: {'line': b'-- Up-to-date: /home/harsh/ros2_project/install/px4_msgs/lib/python3.12/site-packages/px4_msgs/msg/_gpio_request_s.c\n'}
[1.310724] (px4_msgs) StdoutLine: {'line': b'-- Up-to-date: /home/harsh/ros2_project/install/px4_msgs/lib/python3.12/site-packages/px4_msgs/msg/_vehicle_control_mode.py\n'}
[1.310779] (px4_msgs) StdoutLine: {'line': b'-- Up-to-date: /home/harsh/ros2_project/install/px4_msgs/lib/python3.12/site-packages/px4_msgs/msg/_sensor_gyro_fft_s.c\n'}
[1.310814] (px4_msgs) StdoutLine: {'line': b'-- Up-to-date: /home/harsh/ros2_project/install/px4_msgs/lib/python3.12/site-packages/px4_msgs/msg/_irlock_report.py\n'}
[1.310849] (px4_msgs) StdoutLine: {'line': b'-- Up-to-date: /home/harsh/ros2_project/install/px4_msgs/lib/python3.12/site-packages/px4_msgs/msg/_vehicle_thrust_setpoint_s.c\n'}
[1.310902] (px4_msgs) StdoutLine: {'line': b'-- Up-to-date: /home/harsh/ros2_project/install/px4_msgs/lib/python3.12/site-packages/px4_msgs/msg/_vehicle_command_s.c\n'}
[1.310939] (px4_msgs) StdoutLine: {'line': b'-- Up-to-date: /home/harsh/ros2_project/install/px4_msgs/lib/python3.12/site-packages/px4_msgs/msg/_actuator_motors_s.c\n'}
[1.310974] (px4_msgs) StdoutLine: {'line': b'-- Up-to-date: /home/harsh/ros2_project/install/px4_msgs/lib/python3.12/site-packages/px4_msgs/msg/_sensor_gnss_relative.py\n'}
[1.311009] (px4_msgs) StdoutLine: {'line': b'-- Up-to-date: /home/harsh/ros2_project/install/px4_msgs/lib/python3.12/site-packages/px4_msgs/msg/_camera_trigger.py\n'}
[1.311051] (px4_msgs) StdoutLine: {'line': b'-- Up-to-date: /home/harsh/ros2_project/install/px4_msgs/lib/python3.12/site-packages/px4_msgs/msg/_px4io_status_s.c\n'}
[1.311088] (px4_msgs) StdoutLine: {'line': b'-- Up-to-date: /home/harsh/ros2_project/install/px4_msgs/lib/python3.12/site-packages/px4_msgs/msg/_message_format_request_s.c\n'}
[1.311128] (px4_msgs) StdoutLine: {'line': b'-- Up-to-date: /home/harsh/ros2_project/install/px4_msgs/lib/python3.12/site-packages/px4_msgs/msg/_logger_status_s.c\n'}
[1.311167] (px4_msgs) StdoutLine: {'line': b'-- Up-to-date: /home/harsh/ros2_project/install/px4_msgs/lib/python3.12/site-packages/px4_msgs/msg/_qshell_retval_s.c\n'}
[1.311206] (px4_msgs) StdoutLine: {'line': b'-- Up-to-date: /home/harsh/ros2_project/install/px4_msgs/lib/python3.12/site-packages/px4_msgs/msg/_ekf2_timestamps.py\n'}
[1.311245] (px4_msgs) StdoutLine: {'line': b'-- Up-to-date: /home/harsh/ros2_project/install/px4_msgs/lib/python3.12/site-packages/px4_msgs/msg/_message_format_response_s.c\n'}
[1.311285] (px4_msgs) StdoutLine: {'line': b'-- Up-to-date: /home/harsh/ros2_project/install/px4_msgs/lib/python3.12/site-packages/px4_msgs/msg/_sensor_gyro_fft.py\n'}
[1.311324] (px4_msgs) StdoutLine: {'line': b'-- Up-to-date: /home/harsh/ros2_project/install/px4_msgs/lib/python3.12/site-packages/px4_msgs/msg/_vehicle_trajectory_bezier.py\n'}
[1.311385] (px4_msgs) StdoutLine: {'line': b'-- Up-to-date: /home/harsh/ros2_project/install/px4_msgs/lib/python3.12/site-packages/px4_msgs/msg/_manual_control_switches.py\n'}
[1.311420] (px4_msgs) StdoutLine: {'line': b'-- Up-to-date: /home/harsh/ros2_project/install/px4_msgs/lib/python3.12/site-packages/px4_msgs/msg/_collision_report.py\n'}
[1.311456] (px4_msgs) StdoutLine: {'line': b'-- Up-to-date: /home/harsh/ros2_project/install/px4_msgs/lib/python3.12/site-packages/px4_msgs/_px4_msgs_s.ep.rosidl_typesupport_introspection_c.c\n'}
[1.311490] (px4_msgs) StdoutLine: {'line': b'-- Up-to-date: /home/harsh/ros2_project/install/px4_msgs/lib/python3.12/site-packages/px4_msgs/_px4_msgs_s.ep.rosidl_typesupport_c.c\n'}
[1.311527] (px4_msgs) StdoutLine: {'line': b'-- Up-to-date: /home/harsh/ros2_project/install/px4_msgs/lib/python3.12/site-packages/px4_msgs/srv\n'}
[1.311566] (px4_msgs) StdoutLine: {'line': b'-- Up-to-date: /home/harsh/ros2_project/install/px4_msgs/lib/python3.12/site-packages/px4_msgs/srv/__init__.py\n'}
[1.311603] (px4_msgs) StdoutLine: {'line': b'-- Up-to-date: /home/harsh/ros2_project/install/px4_msgs/lib/python3.12/site-packages/px4_msgs/srv/_vehicle_command.py\n'}
[1.311642] (px4_msgs) StdoutLine: {'line': b'-- Up-to-date: /home/harsh/ros2_project/install/px4_msgs/lib/python3.12/site-packages/px4_msgs/srv/_vehicle_command_s.c\n'}
[1.311679] (px4_msgs) StdoutLine: {'line': b'-- Up-to-date: /home/harsh/ros2_project/install/px4_msgs/lib/python3.12/site-packages/px4_msgs/_px4_msgs_s.ep.rosidl_typesupport_fastrtps_c.c\n'}
[1.311719] (px4_msgs) StdoutLine: {'line': b"Listing '/home/harsh/ros2_project/install/px4_msgs/lib/python3.12/site-packages/px4_msgs'...\n"}
[1.311759] (px4_msgs) StdoutLine: {'line': b"Listing '/home/harsh/ros2_project/install/px4_msgs/lib/python3.12/site-packages/px4_msgs/msg'...\n"}
[1.311803] (px4_msgs) StdoutLine: {'line': b"Listing '/home/harsh/ros2_project/install/px4_msgs/lib/python3.12/site-packages/px4_msgs/srv'...\n"}
[1.311847] (px4_msgs) StdoutLine: {'line': b'-- Up-to-date: /home/harsh/ros2_project/install/px4_msgs/lib/python3.12/site-packages/px4_msgs/px4_msgs_s__rosidl_typesupport_fastrtps_c.so\n'}
[1.311888] (px4_msgs) StdoutLine: {'line': b'-- Up-to-date: /home/harsh/ros2_project/install/px4_msgs/lib/python3.12/site-packages/px4_msgs/px4_msgs_s__rosidl_typesupport_introspection_c.so\n'}
[1.311931] (px4_msgs) StdoutLine: {'line': b'-- Up-to-date: /home/harsh/ros2_project/install/px4_msgs/lib/python3.12/site-packages/px4_msgs/px4_msgs_s__rosidl_typesupport_c.so\n'}
[1.311973] (px4_msgs) StdoutLine: {'line': b'-- Up-to-date: /home/harsh/ros2_project/install/px4_msgs/lib/libpx4_msgs__rosidl_generator_py.so\n'}
[1.312020] (px4_msgs) StdoutLine: {'line': b'-- Up-to-date: /home/harsh/ros2_project/install/px4_msgs/share/px4_msgs/msg/ActionRequest.idl\n'}
[1.312068] (px4_msgs) StdoutLine: {'line': b'-- Up-to-date: /home/harsh/ros2_project/install/px4_msgs/share/px4_msgs/msg/ActuatorArmed.idl\n'}
[1.312112] (px4_msgs) StdoutLine: {'line': b'-- Up-to-date: /home/harsh/ros2_project/install/px4_msgs/share/px4_msgs/msg/ActuatorControlsStatus.idl\n'}
[1.312156] (px4_msgs) StdoutLine: {'line': b'-- Up-to-date: /home/harsh/ros2_project/install/px4_msgs/share/px4_msgs/msg/ActuatorMotors.idl\n'}
[1.312225] (px4_msgs) StdoutLine: {'line': b'-- Up-to-date: /home/harsh/ros2_project/install/px4_msgs/share/px4_msgs/msg/ActuatorOutputs.idl\n'}
[1.312270] (px4_msgs) StdoutLine: {'line': b'-- Up-to-date: /home/harsh/ros2_project/install/px4_msgs/share/px4_msgs/msg/ActuatorServos.idl\n'}
[1.312313] (px4_msgs) StdoutLine: {'line': b'-- Up-to-date: /home/harsh/ros2_project/install/px4_msgs/share/px4_msgs/msg/ActuatorServosTrim.idl\n'}
[1.312357] (px4_msgs) StdoutLine: {'line': b'-- Up-to-date: /home/harsh/ros2_project/install/px4_msgs/share/px4_msgs/msg/ActuatorTest.idl\n'}
[1.312399] (px4_msgs) StdoutLine: {'line': b'-- Up-to-date: /home/harsh/ros2_project/install/px4_msgs/share/px4_msgs/msg/AdcReport.idl\n'}
[1.312441] (px4_msgs) StdoutLine: {'line': b'-- Up-to-date: /home/harsh/ros2_project/install/px4_msgs/share/px4_msgs/msg/Airspeed.idl\n'}
[1.312483] (px4_msgs) StdoutLine: {'line': b'-- Up-to-date: /home/harsh/ros2_project/install/px4_msgs/share/px4_msgs/msg/AirspeedValidated.idl\n'}
[1.312527] (px4_msgs) StdoutLine: {'line': b'-- Up-to-date: /home/harsh/ros2_project/install/px4_msgs/share/px4_msgs/msg/AirspeedWind.idl\n'}
[1.312569] (px4_msgs) StdoutLine: {'line': b'-- Up-to-date: /home/harsh/ros2_project/install/px4_msgs/share/px4_msgs/msg/ArmingCheckReply.idl\n'}
[1.312609] (px4_msgs) StdoutLine: {'line': b'-- Up-to-date: /home/harsh/ros2_project/install/px4_msgs/share/px4_msgs/msg/ArmingCheckRequest.idl\n'}
[1.312652] (px4_msgs) StdoutLine: {'line': b'-- Up-to-date: /home/harsh/ros2_project/install/px4_msgs/share/px4_msgs/msg/AutotuneAttitudeControlStatus.idl\n'}
[1.312695] (px4_msgs) StdoutLine: {'line': b'-- Up-to-date: /home/harsh/ros2_project/install/px4_msgs/share/px4_msgs/msg/BatteryStatus.idl\n'}
[1.312737] (px4_msgs) StdoutLine: {'line': b'-- Up-to-date: /home/harsh/ros2_project/install/px4_msgs/share/px4_msgs/msg/Buffer128.idl\n'}
[1.312781] (px4_msgs) StdoutLine: {'line': b'-- Up-to-date: /home/harsh/ros2_project/install/px4_msgs/share/px4_msgs/msg/ButtonEvent.idl\n'}
[1.312823] (px4_msgs) StdoutLine: {'line': b'-- Up-to-date: /home/harsh/ros2_project/install/px4_msgs/share/px4_msgs/msg/CameraCapture.idl\n'}
[1.312866] (px4_msgs) StdoutLine: {'line': b'-- Up-to-date: /home/harsh/ros2_project/install/px4_msgs/share/px4_msgs/msg/CameraStatus.idl\n'}
[1.312907] (px4_msgs) StdoutLine: {'line': b'-- Up-to-date: /home/harsh/ros2_project/install/px4_msgs/share/px4_msgs/msg/CameraTrigger.idl\n'}
[1.312948] (px4_msgs) StdoutLine: {'line': b'-- Up-to-date: /home/harsh/ros2_project/install/px4_msgs/share/px4_msgs/msg/CanInterfaceStatus.idl\n'}
[1.312994] (px4_msgs) StdoutLine: {'line': b'-- Up-to-date: /home/harsh/ros2_project/install/px4_msgs/share/px4_msgs/msg/CellularStatus.idl\n'}
[1.313068] (px4_msgs) StdoutLine: {'line': b'-- Up-to-date: /home/harsh/ros2_project/install/px4_msgs/share/px4_msgs/msg/CollisionConstraints.idl\n'}
[1.313133] (px4_msgs) StdoutLine: {'line': b'-- Up-to-date: /home/harsh/ros2_project/install/px4_msgs/share/px4_msgs/msg/CollisionReport.idl\n'}
[1.313194] (px4_msgs) StdoutLine: {'line': b'-- Up-to-date: /home/harsh/ros2_project/install/px4_msgs/share/px4_msgs/msg/ConfigOverrides.idl\n'}
[1.313278] (px4_msgs) StdoutLine: {'line': b'-- Up-to-date: /home/harsh/ros2_project/install/px4_msgs/share/px4_msgs/msg/ControlAllocatorStatus.idl\n'}
[1.313322] (px4_msgs) StdoutLine: {'line': b'-- Up-to-date: /home/harsh/ros2_project/install/px4_msgs/share/px4_msgs/msg/Cpuload.idl\n'}
[1.313364] (px4_msgs) StdoutLine: {'line': b'-- Up-to-date: /home/harsh/ros2_project/install/px4_msgs/share/px4_msgs/msg/DatamanRequest.idl\n'}
[1.313405] (px4_msgs) StdoutLine: {'line': b'-- Up-to-date: /home/harsh/ros2_project/install/px4_msgs/share/px4_msgs/msg/DatamanResponse.idl\n'}
[1.313449] (px4_msgs) StdoutLine: {'line': b'-- Up-to-date: /home/harsh/ros2_project/install/px4_msgs/share/px4_msgs/msg/DebugArray.idl\n'}
[1.313492] (px4_msgs) StdoutLine: {'line': b'-- Up-to-date: /home/harsh/ros2_project/install/px4_msgs/share/px4_msgs/msg/DebugKeyValue.idl\n'}
[1.313536] (px4_msgs) StdoutLine: {'line': b'-- Up-to-date: /home/harsh/ros2_project/install/px4_msgs/share/px4_msgs/msg/DebugValue.idl\n'}
[1.313581] (px4_msgs) StdoutLine: {'line': b'-- Up-to-date: /home/harsh/ros2_project/install/px4_msgs/share/px4_msgs/msg/DebugVect.idl\n'}
[1.313624] (px4_msgs) StdoutLine: {'line': b'-- Up-to-date: /home/harsh/ros2_project/install/px4_msgs/share/px4_msgs/msg/DifferentialDriveSetpoint.idl\n'}
[1.313668] (px4_msgs) StdoutLine: {'line': b'-- Up-to-date: /home/harsh/ros2_project/install/px4_msgs/share/px4_msgs/msg/DifferentialPressure.idl\n'}
[1.313714] (px4_msgs) StdoutLine: {'line': b'-- Up-to-date: /home/harsh/ros2_project/install/px4_msgs/share/px4_msgs/msg/DistanceSensor.idl\n'}
[1.313775] (px4_msgs) StdoutLine: {'line': b'-- Up-to-date: /home/harsh/ros2_project/install/px4_msgs/share/px4_msgs/msg/Ekf2Timestamps.idl\n'}
[1.313821] (px4_msgs) StdoutLine: {'line': b'-- Up-to-date: /home/harsh/ros2_project/install/px4_msgs/share/px4_msgs/msg/EscReport.idl\n'}
[1.313864] (px4_msgs) StdoutLine: {'line': b'-- Up-to-date: /home/harsh/ros2_project/install/px4_msgs/share/px4_msgs/msg/EscStatus.idl\n'}
[1.313909] (px4_msgs) StdoutLine: {'line': b'-- Up-to-date: /home/harsh/ros2_project/install/px4_msgs/share/px4_msgs/msg/EstimatorAidSource1d.idl\n'}
[1.313953] (px4_msgs) StdoutLine: {'line': b'-- Up-to-date: /home/harsh/ros2_project/install/px4_msgs/share/px4_msgs/msg/EstimatorAidSource2d.idl\n'}
[1.313997] (px4_msgs) StdoutLine: {'line': b'-- Up-to-date: /home/harsh/ros2_project/install/px4_msgs/share/px4_msgs/msg/EstimatorAidSource3d.idl\n'}
[1.314068] (px4_msgs) StdoutLine: {'line': b'-- Up-to-date: /home/harsh/ros2_project/install/px4_msgs/share/px4_msgs/msg/EstimatorBias.idl\n'}
[1.314113] (px4_msgs) StdoutLine: {'line': b'-- Up-to-date: /home/harsh/ros2_project/install/px4_msgs/share/px4_msgs/msg/EstimatorBias3d.idl\n'}
[1.314158] (px4_msgs) StdoutLine: {'line': b'-- Up-to-date: /home/harsh/ros2_project/install/px4_msgs/share/px4_msgs/msg/EstimatorEventFlags.idl\n'}
[1.314201] (px4_msgs) StdoutLine: {'line': b'-- Up-to-date: /home/harsh/ros2_project/install/px4_msgs/share/px4_msgs/msg/EstimatorGpsStatus.idl\n'}
[1.314267] (px4_msgs) StdoutLine: {'line': b'-- Up-to-date: /home/harsh/ros2_project/install/px4_msgs/share/px4_msgs/msg/EstimatorInnovations.idl\n'}
[1.314309] (px4_msgs) StdoutLine: {'line': b'-- Up-to-date: /home/harsh/ros2_project/install/px4_msgs/share/px4_msgs/msg/EstimatorSelectorStatus.idl\n'}
[1.314350] (px4_msgs) StdoutLine: {'line': b'-- Up-to-date: /home/harsh/ros2_project/install/px4_msgs/share/px4_msgs/msg/EstimatorSensorBias.idl\n'}
[1.314390] (px4_msgs) StdoutLine: {'line': b'-- Up-to-date: /home/harsh/ros2_project/install/px4_msgs/share/px4_msgs/msg/EstimatorStates.idl\n'}
[1.314431] (px4_msgs) StdoutLine: {'line': b'-- Up-to-date: /home/harsh/ros2_project/install/px4_msgs/share/px4_msgs/msg/EstimatorStatus.idl\n'}
[1.314473] (px4_msgs) StdoutLine: {'line': b'-- Up-to-date: /home/harsh/ros2_project/install/px4_msgs/share/px4_msgs/msg/EstimatorStatusFlags.idl\n'}
[1.314514] (px4_msgs) StdoutLine: {'line': b'-- Up-to-date: /home/harsh/ros2_project/install/px4_msgs/share/px4_msgs/msg/Event.idl\n'}
[1.314556] (px4_msgs) StdoutLine: {'line': b'-- Up-to-date: /home/harsh/ros2_project/install/px4_msgs/share/px4_msgs/msg/FailsafeFlags.idl\n'}
[1.314599] (px4_msgs) StdoutLine: {'line': b'-- Up-to-date: /home/harsh/ros2_project/install/px4_msgs/share/px4_msgs/msg/FailureDetectorStatus.idl\n'}
[1.314643] (px4_msgs) StdoutLine: {'line': b'-- Up-to-date: /home/harsh/ros2_project/install/px4_msgs/share/px4_msgs/msg/FigureEightStatus.idl\n'}
[1.314686] (px4_msgs) StdoutLine: {'line': b'-- Up-to-date: /home/harsh/ros2_project/install/px4_msgs/share/px4_msgs/msg/FlightPhaseEstimation.idl\n'}
[1.314730] (px4_msgs) StdoutLine: {'line': b'-- Up-to-date: /home/harsh/ros2_project/install/px4_msgs/share/px4_msgs/msg/FollowTarget.idl\n'}
[1.314772] (px4_msgs) StdoutLine: {'line': b'-- Up-to-date: /home/harsh/ros2_project/install/px4_msgs/share/px4_msgs/msg/FollowTargetEstimator.idl\n'}
[1.314815] (px4_msgs) StdoutLine: {'line': b'-- Up-to-date: /home/harsh/ros2_project/install/px4_msgs/share/px4_msgs/msg/FollowTargetStatus.idl\n'}
[1.314857] (px4_msgs) StdoutLine: {'line': b'-- Up-to-date: /home/harsh/ros2_project/install/px4_msgs/share/px4_msgs/msg/GeneratorStatus.idl\n'}
[1.314900] (px4_msgs) StdoutLine: {'line': b'-- Up-to-date: /home/harsh/ros2_project/install/px4_msgs/share/px4_msgs/msg/GeofenceResult.idl\n'}
[1.314944] (px4_msgs) StdoutLine: {'line': b'-- Up-to-date: /home/harsh/ros2_project/install/px4_msgs/share/px4_msgs/msg/GeofenceStatus.idl\n'}
[1.314986] (px4_msgs) StdoutLine: {'line': b'-- Up-to-date: /home/harsh/ros2_project/install/px4_msgs/share/px4_msgs/msg/GimbalControls.idl\n'}
[1.315074] (px4_msgs) StdoutLine: {'line': b'-- Up-to-date: /home/harsh/ros2_project/install/px4_msgs/share/px4_msgs/msg/GimbalDeviceAttitudeStatus.idl\n'}
[1.315118] (px4_msgs) StdoutLine: {'line': b'-- Up-to-date: /home/harsh/ros2_project/install/px4_msgs/share/px4_msgs/msg/GimbalDeviceInformation.idl\n'}
[1.315161] (px4_msgs) StdoutLine: {'line': b'-- Up-to-date: /home/harsh/ros2_project/install/px4_msgs/share/px4_msgs/msg/GimbalDeviceSetAttitude.idl\n'}
[1.315202] (px4_msgs) StdoutLine: {'line': b'-- Up-to-date: /home/harsh/ros2_project/install/px4_msgs/share/px4_msgs/msg/GimbalManagerInformation.idl\n'}
[1.315244] (px4_msgs) StdoutLine: {'line': b'-- Up-to-date: /home/harsh/ros2_project/install/px4_msgs/share/px4_msgs/msg/GimbalManagerSetAttitude.idl\n'}
[1.315291] (px4_msgs) StdoutLine: {'line': b'-- Up-to-date: /home/harsh/ros2_project/install/px4_msgs/share/px4_msgs/msg/GimbalManagerSetManualControl.idl\n'}
[1.315336] (px4_msgs) StdoutLine: {'line': b'-- Up-to-date: /home/harsh/ros2_project/install/px4_msgs/share/px4_msgs/msg/GimbalManagerStatus.idl\n'}
[1.315379] (px4_msgs) StdoutLine: {'line': b'-- Up-to-date: /home/harsh/ros2_project/install/px4_msgs/share/px4_msgs/msg/GotoSetpoint.idl\n'}
[1.315422] (px4_msgs) StdoutLine: {'line': b'-- Up-to-date: /home/harsh/ros2_project/install/px4_msgs/share/px4_msgs/msg/GpioConfig.idl\n'}
[1.315466] (px4_msgs) StdoutLine: {'line': b'-- Up-to-date: /home/harsh/ros2_project/install/px4_msgs/share/px4_msgs/msg/GpioIn.idl\n'}
[1.315510] (px4_msgs) StdoutLine: {'line': b'-- Up-to-date: /home/harsh/ros2_project/install/px4_msgs/share/px4_msgs/msg/GpioOut.idl\n'}
[1.315554] (px4_msgs) StdoutLine: {'line': b'-- Up-to-date: /home/harsh/ros2_project/install/px4_msgs/share/px4_msgs/msg/GpioRequest.idl\n'}
[1.315597] (px4_msgs) StdoutLine: {'line': b'-- Up-to-date: /home/harsh/ros2_project/install/px4_msgs/share/px4_msgs/msg/GpsDump.idl\n'}
[1.315640] (px4_msgs) StdoutLine: {'line': b'-- Up-to-date: /home/harsh/ros2_project/install/px4_msgs/share/px4_msgs/msg/GpsInjectData.idl\n'}
[1.315683] (px4_msgs) StdoutLine: {'line': b'-- Up-to-date: /home/harsh/ros2_project/install/px4_msgs/share/px4_msgs/msg/Gripper.idl\n'}
[1.315727] (px4_msgs) StdoutLine: {'line': b'-- Up-to-date: /home/harsh/ros2_project/install/px4_msgs/share/px4_msgs/msg/HealthReport.idl\n'}
[1.315772] (px4_msgs) StdoutLine: {'line': b'-- Up-to-date: /home/harsh/ros2_project/install/px4_msgs/share/px4_msgs/msg/HeaterStatus.idl\n'}
[1.315818] (px4_msgs) StdoutLine: {'line': b'-- Up-to-date: /home/harsh/ros2_project/install/px4_msgs/share/px4_msgs/msg/HomePosition.idl\n'}
[1.315861] (px4_msgs) StdoutLine: {'line': b'-- Up-to-date: /home/harsh/ros2_project/install/px4_msgs/share/px4_msgs/msg/HoverThrustEstimate.idl\n'}
[1.315906] (px4_msgs) StdoutLine: {'line': b'-- Up-to-date: /home/harsh/ros2_project/install/px4_msgs/share/px4_msgs/msg/InputRc.idl\n'}
[1.315948] (px4_msgs) StdoutLine: {'line': b'-- Up-to-date: /home/harsh/ros2_project/install/px4_msgs/share/px4_msgs/msg/InternalCombustionEngineStatus.idl\n'}
[1.315992] (px4_msgs) StdoutLine: {'line': b'-- Up-to-date: /home/harsh/ros2_project/install/px4_msgs/share/px4_msgs/msg/IridiumsbdStatus.idl\n'}
[1.316041] (px4_msgs) StdoutLine: {'line': b'-- Up-to-date: /home/harsh/ros2_project/install/px4_msgs/share/px4_msgs/msg/IrlockReport.idl\n'}
[1.316085] (px4_msgs) StdoutLine: {'line': b'-- Up-to-date: /home/harsh/ros2_project/install/px4_msgs/share/px4_msgs/msg/LandingGear.idl\n'}
[1.316164] (px4_msgs) StdoutLine: {'line': b'-- Up-to-date: /home/harsh/ros2_project/install/px4_msgs/share/px4_msgs/msg/LandingGearWheel.idl\n'}
[1.316206] (px4_msgs) StdoutLine: {'line': b'-- Up-to-date: /home/harsh/ros2_project/install/px4_msgs/share/px4_msgs/msg/LandingTargetInnovations.idl\n'}
[1.316248] (px4_msgs) StdoutLine: {'line': b'-- Up-to-date: /home/harsh/ros2_project/install/px4_msgs/share/px4_msgs/msg/LandingTargetPose.idl\n'}
[1.316292] (px4_msgs) StdoutLine: {'line': b'-- Up-to-date: /home/harsh/ros2_project/install/px4_msgs/share/px4_msgs/msg/LaunchDetectionStatus.idl\n'}
[1.316352] (px4_msgs) StdoutLine: {'line': b'-- Up-to-date: /home/harsh/ros2_project/install/px4_msgs/share/px4_msgs/msg/LedControl.idl\n'}
[1.316392] (px4_msgs) StdoutLine: {'line': b'-- Up-to-date: /home/harsh/ros2_project/install/px4_msgs/share/px4_msgs/msg/LogMessage.idl\n'}
[1.316433] (px4_msgs) StdoutLine: {'line': b'-- Up-to-date: /home/harsh/ros2_project/install/px4_msgs/share/px4_msgs/msg/LoggerStatus.idl\n'}
[1.316475] (px4_msgs) StdoutLine: {'line': b'-- Up-to-date: /home/harsh/ros2_project/install/px4_msgs/share/px4_msgs/msg/MagWorkerData.idl\n'}
[1.316517] (px4_msgs) StdoutLine: {'line': b'-- Up-to-date: /home/harsh/ros2_project/install/px4_msgs/share/px4_msgs/msg/MagnetometerBiasEstimate.idl\n'}
[1.316562] (px4_msgs) StdoutLine: {'line': b'-- Up-to-date: /home/harsh/ros2_project/install/px4_msgs/share/px4_msgs/msg/ManualControlSetpoint.idl\n'}
[1.316606] (px4_msgs) StdoutLine: {'line': b'-- Up-to-date: /home/harsh/ros2_project/install/px4_msgs/share/px4_msgs/msg/ManualControlSwitches.idl\n'}
[1.316650] (px4_msgs) StdoutLine: {'line': b'-- Up-to-date: /home/harsh/ros2_project/install/px4_msgs/share/px4_msgs/msg/MavlinkLog.idl\n'}
[1.316694] (px4_msgs) StdoutLine: {'line': b'-- Up-to-date: /home/harsh/ros2_project/install/px4_msgs/share/px4_msgs/msg/MavlinkTunnel.idl\n'}
[1.316738] (px4_msgs) StdoutLine: {'line': b'-- Up-to-date: /home/harsh/ros2_project/install/px4_msgs/share/px4_msgs/msg/MessageFormatRequest.idl\n'}
[1.316781] (px4_msgs) StdoutLine: {'line': b'-- Up-to-date: /home/harsh/ros2_project/install/px4_msgs/share/px4_msgs/msg/MessageFormatResponse.idl\n'}
[1.316826] (px4_msgs) StdoutLine: {'line': b'-- Up-to-date: /home/harsh/ros2_project/install/px4_msgs/share/px4_msgs/msg/Mission.idl\n'}
[1.316870] (px4_msgs) StdoutLine: {'line': b'-- Up-to-date: /home/harsh/ros2_project/install/px4_msgs/share/px4_msgs/msg/MissionResult.idl\n'}
[1.316914] (px4_msgs) StdoutLine: {'line': b'-- Up-to-date: /home/harsh/ros2_project/install/px4_msgs/share/px4_msgs/msg/ModeCompleted.idl\n'}
[1.316957] (px4_msgs) StdoutLine: {'line': b'-- Up-to-date: /home/harsh/ros2_project/install/px4_msgs/share/px4_msgs/msg/MountOrientation.idl\n'}
[1.317000] (px4_msgs) StdoutLine: {'line': b'-- Up-to-date: /home/harsh/ros2_project/install/px4_msgs/share/px4_msgs/msg/NavigatorMissionItem.idl\n'}
[1.317054] (px4_msgs) StdoutLine: {'line': b'-- Up-to-date: /home/harsh/ros2_project/install/px4_msgs/share/px4_msgs/msg/NormalizedUnsignedSetpoint.idl\n'}
[1.317099] (px4_msgs) StdoutLine: {'line': b'-- Up-to-date: /home/harsh/ros2_project/install/px4_msgs/share/px4_msgs/msg/NpfgStatus.idl\n'}
[1.317143] (px4_msgs) StdoutLine: {'line': b'-- Up-to-date: /home/harsh/ros2_project/install/px4_msgs/share/px4_msgs/msg/ObstacleDistance.idl\n'}
[1.317185] (px4_msgs) StdoutLine: {'line': b'-- Up-to-date: /home/harsh/ros2_project/install/px4_msgs/share/px4_msgs/msg/OffboardControlMode.idl\n'}
[1.317228] (px4_msgs) StdoutLine: {'line': b'-- Up-to-date: /home/harsh/ros2_project/install/px4_msgs/share/px4_msgs/msg/OnboardComputerStatus.idl\n'}
[1.317271] (px4_msgs) StdoutLine: {'line': b'-- Up-to-date: /home/harsh/ros2_project/install/px4_msgs/share/px4_msgs/msg/OrbTest.idl\n'}
[1.317313] (px4_msgs) StdoutLine: {'line': b'-- Up-to-date: /home/harsh/ros2_project/install/px4_msgs/share/px4_msgs/msg/OrbTestLarge.idl\n'}
[1.317363] (px4_msgs) StdoutLine: {'line': b'-- Up-to-date: /home/harsh/ros2_project/install/px4_msgs/share/px4_msgs/msg/OrbTestMedium.idl\n'}
[1.317435] (px4_msgs) StdoutLine: {'line': b'-- Up-to-date: /home/harsh/ros2_project/install/px4_msgs/share/px4_msgs/msg/OrbitStatus.idl\n'}
[1.317502] (px4_msgs) StdoutLine: {'line': b'-- Up-to-date: /home/harsh/ros2_project/install/px4_msgs/share/px4_msgs/msg/ParameterResetRequest.idl\n'}
[1.317567] (px4_msgs) StdoutLine: {'line': b'-- Up-to-date: /home/harsh/ros2_project/install/px4_msgs/share/px4_msgs/msg/ParameterSetUsedRequest.idl\n'}
[1.317616] (px4_msgs) StdoutLine: {'line': b'-- Up-to-date: /home/harsh/ros2_project/install/px4_msgs/share/px4_msgs/msg/ParameterSetValueRequest.idl\n'}
[1.317664] (px4_msgs) StdoutLine: {'line': b'-- Up-to-date: /home/harsh/ros2_project/install/px4_msgs/share/px4_msgs/msg/ParameterSetValueResponse.idl\n'}
[1.317739] (px4_msgs) StdoutLine: {'line': b'-- Up-to-date: /home/harsh/ros2_project/install/px4_msgs/share/px4_msgs/msg/ParameterUpdate.idl\n'}
[1.317782] (px4_msgs) StdoutLine: {'line': b'-- Up-to-date: /home/harsh/ros2_project/install/px4_msgs/share/px4_msgs/msg/Ping.idl\n'}
[1.317823] (px4_msgs) StdoutLine: {'line': b'-- Up-to-date: /home/harsh/ros2_project/install/px4_msgs/share/px4_msgs/msg/PositionControllerLandingStatus.idl\n'}
[1.317866] (px4_msgs) StdoutLine: {'line': b'-- Up-to-date: /home/harsh/ros2_project/install/px4_msgs/share/px4_msgs/msg/PositionControllerStatus.idl\n'}
[1.317911] (px4_msgs) StdoutLine: {'line': b'-- Up-to-date: /home/harsh/ros2_project/install/px4_msgs/share/px4_msgs/msg/PositionSetpoint.idl\n'}
[1.317957] (px4_msgs) StdoutLine: {'line': b'-- Up-to-date: /home/harsh/ros2_project/install/px4_msgs/share/px4_msgs/msg/PositionSetpointTriplet.idl\n'}
[1.318004] (px4_msgs) StdoutLine: {'line': b'-- Up-to-date: /home/harsh/ros2_project/install/px4_msgs/share/px4_msgs/msg/PowerButtonState.idl\n'}
[1.318078] (px4_msgs) StdoutLine: {'line': b'-- Up-to-date: /home/harsh/ros2_project/install/px4_msgs/share/px4_msgs/msg/PowerMonitor.idl\n'}
[1.318125] (px4_msgs) StdoutLine: {'line': b'-- Up-to-date: /home/harsh/ros2_project/install/px4_msgs/share/px4_msgs/msg/PpsCapture.idl\n'}
[1.318190] (px4_msgs) StdoutLine: {'line': b'-- Up-to-date: /home/harsh/ros2_project/install/px4_msgs/share/px4_msgs/msg/PwmInput.idl\n'}
[1.318232] (px4_msgs) StdoutLine: {'line': b'-- Up-to-date: /home/harsh/ros2_project/install/px4_msgs/share/px4_msgs/msg/Px4ioStatus.idl\n'}
[1.318274] (px4_msgs) StdoutLine: {'line': b'-- Up-to-date: /home/harsh/ros2_project/install/px4_msgs/share/px4_msgs/msg/QshellReq.idl\n'}
[1.318318] (px4_msgs) StdoutLine: {'line': b'-- Up-to-date: /home/harsh/ros2_project/install/px4_msgs/share/px4_msgs/msg/QshellRetval.idl\n'}
[1.318364] (px4_msgs) StdoutLine: {'line': b'-- Up-to-date: /home/harsh/ros2_project/install/px4_msgs/share/px4_msgs/msg/RadioStatus.idl\n'}
[1.318409] (px4_msgs) StdoutLine: {'line': b'-- Up-to-date: /home/harsh/ros2_project/install/px4_msgs/share/px4_msgs/msg/RateCtrlStatus.idl\n'}
[1.318454] (px4_msgs) StdoutLine: {'line': b'-- Up-to-date: /home/harsh/ros2_project/install/px4_msgs/share/px4_msgs/msg/RcChannels.idl\n'}
[1.318498] (px4_msgs) StdoutLine: {'line': b'-- Up-to-date: /home/harsh/ros2_project/install/px4_msgs/share/px4_msgs/msg/RcParameterMap.idl\n'}
[1.318543] (px4_msgs) StdoutLine: {'line': b'-- Up-to-date: /home/harsh/ros2_project/install/px4_msgs/share/px4_msgs/msg/RegisterExtComponentReply.idl\n'}
[1.318589] (px4_msgs) StdoutLine: {'line': b'-- Up-to-date: /home/harsh/ros2_project/install/px4_msgs/share/px4_msgs/msg/RegisterExtComponentRequest.idl\n'}
[1.318636] (px4_msgs) StdoutLine: {'line': b'-- Up-to-date: /home/harsh/ros2_project/install/px4_msgs/share/px4_msgs/msg/Rpm.idl\n'}
[1.318705] (px4_msgs) StdoutLine: {'line': b'-- Up-to-date: /home/harsh/ros2_project/install/px4_msgs/share/px4_msgs/msg/RtlStatus.idl\n'}
[1.318749] (px4_msgs) StdoutLine: {'line': b'-- Up-to-date: /home/harsh/ros2_project/install/px4_msgs/share/px4_msgs/msg/RtlTimeEstimate.idl\n'}
[1.318792] (px4_msgs) StdoutLine: {'line': b'-- Up-to-date: /home/harsh/ros2_project/install/px4_msgs/share/px4_msgs/msg/SatelliteInfo.idl\n'}
[1.318833] (px4_msgs) StdoutLine: {'line': b'-- Up-to-date: /home/harsh/ros2_project/install/px4_msgs/share/px4_msgs/msg/SensorAccel.idl\n'}
[1.318875] (px4_msgs) StdoutLine: {'line': b'-- Up-to-date: /home/harsh/ros2_project/install/px4_msgs/share/px4_msgs/msg/SensorAccelFifo.idl\n'}
[1.318919] (px4_msgs) StdoutLine: {'line': b'-- Up-to-date: /home/harsh/ros2_project/install/px4_msgs/share/px4_msgs/msg/SensorAirflow.idl\n'}
[1.318964] (px4_msgs) StdoutLine: {'line': b'-- Up-to-date: /home/harsh/ros2_project/install/px4_msgs/share/px4_msgs/msg/SensorBaro.idl\n'}
[1.319009] (px4_msgs) StdoutLine: {'line': b'-- Up-to-date: /home/harsh/ros2_project/install/px4_msgs/share/px4_msgs/msg/SensorCombined.idl\n'}
[1.319077] (px4_msgs) StdoutLine: {'line': b'-- Up-to-date: /home/harsh/ros2_project/install/px4_msgs/share/px4_msgs/msg/SensorCorrection.idl\n'}
[1.319120] (px4_msgs) StdoutLine: {'line': b'-- Up-to-date: /home/harsh/ros2_project/install/px4_msgs/share/px4_msgs/msg/SensorGnssRelative.idl\n'}
[1.319165] (px4_msgs) StdoutLine: {'line': b'-- Up-to-date: /home/harsh/ros2_project/install/px4_msgs/share/px4_msgs/msg/SensorGps.idl\n'}
[1.319212] (px4_msgs) StdoutLine: {'line': b'-- Up-to-date: /home/harsh/ros2_project/install/px4_msgs/share/px4_msgs/msg/SensorGyro.idl\n'}
[1.319256] (px4_msgs) StdoutLine: {'line': b'-- Up-to-date: /home/harsh/ros2_project/install/px4_msgs/share/px4_msgs/msg/SensorGyroFft.idl\n'}
[1.319301] (px4_msgs) StdoutLine: {'line': b'-- Up-to-date: /home/harsh/ros2_project/install/px4_msgs/share/px4_msgs/msg/SensorGyroFifo.idl\n'}
[1.319345] (px4_msgs) StdoutLine: {'line': b'-- Up-to-date: /home/harsh/ros2_project/install/px4_msgs/share/px4_msgs/msg/SensorHygrometer.idl\n'}
[1.319390] (px4_msgs) StdoutLine: {'line': b'-- Up-to-date: /home/harsh/ros2_project/install/px4_msgs/share/px4_msgs/msg/SensorMag.idl\n'}
[1.319433] (px4_msgs) StdoutLine: {'line': b'-- Up-to-date: /home/harsh/ros2_project/install/px4_msgs/share/px4_msgs/msg/SensorOpticalFlow.idl\n'}
[1.319475] (px4_msgs) StdoutLine: {'line': b'-- Up-to-date: /home/harsh/ros2_project/install/px4_msgs/share/px4_msgs/msg/SensorPreflightMag.idl\n'}
[1.319522] (px4_msgs) StdoutLine: {'line': b'-- Up-to-date: /home/harsh/ros2_project/install/px4_msgs/share/px4_msgs/msg/SensorSelection.idl\n'}
[1.319567] (px4_msgs) StdoutLine: {'line': b'-- Up-to-date: /home/harsh/ros2_project/install/px4_msgs/share/px4_msgs/msg/SensorUwb.idl\n'}
[1.319613] (px4_msgs) StdoutLine: {'line': b'-- Up-to-date: /home/harsh/ros2_project/install/px4_msgs/share/px4_msgs/msg/SensorsStatus.idl\n'}
[1.319659] (px4_msgs) StdoutLine: {'line': b'-- Up-to-date: /home/harsh/ros2_project/install/px4_msgs/share/px4_msgs/msg/SensorsStatusImu.idl\n'}
[1.319708] (px4_msgs) StdoutLine: {'line': b'-- Up-to-date: /home/harsh/ros2_project/install/px4_msgs/share/px4_msgs/msg/SystemPower.idl\n'}
[1.319755] (px4_msgs) StdoutLine: {'line': b'-- Up-to-date: /home/harsh/ros2_project/install/px4_msgs/share/px4_msgs/msg/TakeoffStatus.idl\n'}
[1.319801] (px4_msgs) StdoutLine: {'line': b'-- Up-to-date: /home/harsh/ros2_project/install/px4_msgs/share/px4_msgs/msg/TaskStackInfo.idl\n'}
[1.319847] (px4_msgs) StdoutLine: {'line': b'-- Up-to-date: /home/harsh/ros2_project/install/px4_msgs/share/px4_msgs/msg/TecsStatus.idl\n'}
[1.319893] (px4_msgs) StdoutLine: {'line': b'-- Up-to-date: /home/harsh/ros2_project/install/px4_msgs/share/px4_msgs/msg/TelemetryStatus.idl\n'}
[1.319938] (px4_msgs) StdoutLine: {'line': b'-- Up-to-date: /home/harsh/ros2_project/install/px4_msgs/share/px4_msgs/msg/TiltrotorExtraControls.idl\n'}
[1.319984] (px4_msgs) StdoutLine: {'line': b'-- Up-to-date: /home/harsh/ros2_project/install/px4_msgs/share/px4_msgs/msg/TimesyncStatus.idl\n'}
[1.320040] (px4_msgs) StdoutLine: {'line': b'-- Up-to-date: /home/harsh/ros2_project/install/px4_msgs/share/px4_msgs/msg/TrajectoryBezier.idl\n'}
[1.320086] (px4_msgs) StdoutLine: {'line': b'-- Up-to-date: /home/harsh/ros2_project/install/px4_msgs/share/px4_msgs/msg/TrajectorySetpoint.idl\n'}
[1.320132] (px4_msgs) StdoutLine: {'line': b'-- Up-to-date: /home/harsh/ros2_project/install/px4_msgs/share/px4_msgs/msg/TrajectoryWaypoint.idl\n'}
[1.320210] (px4_msgs) StdoutLine: {'line': b'-- Up-to-date: /home/harsh/ros2_project/install/px4_msgs/share/px4_msgs/msg/TransponderReport.idl\n'}
[1.320253] (px4_msgs) StdoutLine: {'line': b'-- Up-to-date: /home/harsh/ros2_project/install/px4_msgs/share/px4_msgs/msg/TuneControl.idl\n'}
[1.320294] (px4_msgs) StdoutLine: {'line': b'-- Up-to-date: /home/harsh/ros2_project/install/px4_msgs/share/px4_msgs/msg/UavcanParameterRequest.idl\n'}
[1.320337] (px4_msgs) StdoutLine: {'line': b'-- Up-to-date: /home/harsh/ros2_project/install/px4_msgs/share/px4_msgs/msg/UavcanParameterValue.idl\n'}
[1.320384] (px4_msgs) StdoutLine: {'line': b'-- Up-to-date: /home/harsh/ros2_project/install/px4_msgs/share/px4_msgs/msg/UlogStream.idl\n'}
[1.320430] (px4_msgs) StdoutLine: {'line': b'-- Up-to-date: /home/harsh/ros2_project/install/px4_msgs/share/px4_msgs/msg/UlogStreamAck.idl\n'}
[1.320475] (px4_msgs) StdoutLine: {'line': b'-- Up-to-date: /home/harsh/ros2_project/install/px4_msgs/share/px4_msgs/msg/UnregisterExtComponent.idl\n'}
[1.320519] (px4_msgs) StdoutLine: {'line': b'-- Up-to-date: /home/harsh/ros2_project/install/px4_msgs/share/px4_msgs/msg/VehicleAcceleration.idl\n'}
[1.320567] (px4_msgs) StdoutLine: {'line': b'-- Up-to-date: /home/harsh/ros2_project/install/px4_msgs/share/px4_msgs/msg/VehicleAirData.idl\n'}
[1.320613] (px4_msgs) StdoutLine: {'line': b'-- Up-to-date: /home/harsh/ros2_project/install/px4_msgs/share/px4_msgs/msg/VehicleAngularAccelerationSetpoint.idl\n'}
[1.320660] (px4_msgs) StdoutLine: {'line': b'-- Up-to-date: /home/harsh/ros2_project/install/px4_msgs/share/px4_msgs/msg/VehicleAngularVelocity.idl\n'}
[1.320707] (px4_msgs) StdoutLine: {'line': b'-- Up-to-date: /home/harsh/ros2_project/install/px4_msgs/share/px4_msgs/msg/VehicleAttitude.idl\n'}
[1.320757] (px4_msgs) StdoutLine: {'line': b'-- Up-to-date: /home/harsh/ros2_project/install/px4_msgs/share/px4_msgs/msg/VehicleAttitudeSetpoint.idl\n'}
[1.320804] (px4_msgs) StdoutLine: {'line': b'-- Up-to-date: /home/harsh/ros2_project/install/px4_msgs/share/px4_msgs/msg/VehicleCommand.idl\n'}
[1.320851] (px4_msgs) StdoutLine: {'line': b'-- Up-to-date: /home/harsh/ros2_project/install/px4_msgs/share/px4_msgs/msg/VehicleCommandAck.idl\n'}
[1.320898] (px4_msgs) StdoutLine: {'line': b'-- Up-to-date: /home/harsh/ros2_project/install/px4_msgs/share/px4_msgs/msg/VehicleConstraints.idl\n'}
[1.320943] (px4_msgs) StdoutLine: {'line': b'-- Up-to-date: /home/harsh/ros2_project/install/px4_msgs/share/px4_msgs/msg/VehicleControlMode.idl\n'}
[1.320987] (px4_msgs) StdoutLine: {'line': b'-- Up-to-date: /home/harsh/ros2_project/install/px4_msgs/share/px4_msgs/msg/VehicleGlobalPosition.idl\n'}
[1.321043] (px4_msgs) StdoutLine: {'line': b'-- Up-to-date: /home/harsh/ros2_project/install/px4_msgs/share/px4_msgs/msg/VehicleImu.idl\n'}
[1.321093] (px4_msgs) StdoutLine: {'line': b'-- Up-to-date: /home/harsh/ros2_project/install/px4_msgs/share/px4_msgs/msg/VehicleImuStatus.idl\n'}
[1.321141] (px4_msgs) StdoutLine: {'line': b'-- Up-to-date: /home/harsh/ros2_project/install/px4_msgs/share/px4_msgs/msg/VehicleLandDetected.idl\n'}
[1.321189] (px4_msgs) StdoutLine: {'line': b'-- Up-to-date: /home/harsh/ros2_project/install/px4_msgs/share/px4_msgs/msg/VehicleLocalPosition.idl\n'}
[1.321237] (px4_msgs) StdoutLine: {'line': b'-- Up-to-date: /home/harsh/ros2_project/install/px4_msgs/share/px4_msgs/msg/VehicleLocalPositionSetpoint.idl\n'}
[1.321286] (px4_msgs) StdoutLine: {'line': b'-- Up-to-date: /home/harsh/ros2_project/install/px4_msgs/share/px4_msgs/msg/VehicleMagnetometer.idl\n'}
[1.321334] (px4_msgs) StdoutLine: {'line': b'-- Up-to-date: /home/harsh/ros2_project/install/px4_msgs/share/px4_msgs/msg/VehicleOdometry.idl\n'}
[1.321387] (px4_msgs) StdoutLine: {'line': b'-- Up-to-date: /home/harsh/ros2_project/install/px4_msgs/share/px4_msgs/msg/VehicleOpticalFlow.idl\n'}
[1.321440] (px4_msgs) StdoutLine: {'line': b'-- Up-to-date: /home/harsh/ros2_project/install/px4_msgs/share/px4_msgs/msg/VehicleOpticalFlowVel.idl\n'}
[1.321489] (px4_msgs) StdoutLine: {'line': b'-- Up-to-date: /home/harsh/ros2_project/install/px4_msgs/share/px4_msgs/msg/VehicleRatesSetpoint.idl\n'}
[1.321538] (px4_msgs) StdoutLine: {'line': b'-- Up-to-date: /home/harsh/ros2_project/install/px4_msgs/share/px4_msgs/msg/VehicleRoi.idl\n'}
[1.321586] (px4_msgs) StdoutLine: {'line': b'-- Up-to-date: /home/harsh/ros2_project/install/px4_msgs/share/px4_msgs/msg/VehicleStatus.idl\n'}
[1.321632] (px4_msgs) StdoutLine: {'line': b'-- Up-to-date: /home/harsh/ros2_project/install/px4_msgs/share/px4_msgs/msg/VehicleThrustSetpoint.idl\n'}
[1.321680] (px4_msgs) StdoutLine: {'line': b'-- Up-to-date: /home/harsh/ros2_project/install/px4_msgs/share/px4_msgs/msg/VehicleTorqueSetpoint.idl\n'}
[1.321805] (px4_msgs) StdoutLine: {'line': b'-- Up-to-date: /home/harsh/ros2_project/install/px4_msgs/share/px4_msgs/msg/VehicleTrajectoryBezier.idl\n'}
[1.321871] (px4_msgs) StdoutLine: {'line': b'-- Up-to-date: /home/harsh/ros2_project/install/px4_msgs/share/px4_msgs/msg/VehicleTrajectoryWaypoint.idl\n'}
[1.321944] (px4_msgs) StdoutLine: {'line': b'-- Up-to-date: /home/harsh/ros2_project/install/px4_msgs/share/px4_msgs/msg/VelocityLimits.idl\n'}
[1.322002] (px4_msgs) StdoutLine: {'line': b'-- Up-to-date: /home/harsh/ros2_project/install/px4_msgs/share/px4_msgs/msg/VtolVehicleStatus.idl\n'}
[1.322085] (px4_msgs) StdoutLine: {'line': b'-- Up-to-date: /home/harsh/ros2_project/install/px4_msgs/share/px4_msgs/msg/WheelEncoders.idl\n'}
[1.322136] (px4_msgs) StdoutLine: {'line': b'-- Up-to-date: /home/harsh/ros2_project/install/px4_msgs/share/px4_msgs/msg/Wind.idl\n'}
[1.322184] (px4_msgs) StdoutLine: {'line': b'-- Up-to-date: /home/harsh/ros2_project/install/px4_msgs/share/px4_msgs/msg/YawEstimatorStatus.idl\n'}
[1.322231] (px4_msgs) StdoutLine: {'line': b'-- Up-to-date: /home/harsh/ros2_project/install/px4_msgs/share/px4_msgs/srv/VehicleCommand.idl\n'}
[1.322279] (px4_msgs) StdoutLine: {'line': b'-- Up-to-date: /home/harsh/ros2_project/install/px4_msgs/share/px4_msgs/msg/ActionRequest.msg\n'}
[1.322355] (px4_msgs) StdoutLine: {'line': b'-- Up-to-date: /home/harsh/ros2_project/install/px4_msgs/share/px4_msgs/msg/ActuatorArmed.msg\n'}
[1.322400] (px4_msgs) StdoutLine: {'line': b'-- Up-to-date: /home/harsh/ros2_project/install/px4_msgs/share/px4_msgs/msg/ActuatorControlsStatus.msg\n'}
[1.322445] (px4_msgs) StdoutLine: {'line': b'-- Up-to-date: /home/harsh/ros2_project/install/px4_msgs/share/px4_msgs/msg/ActuatorMotors.msg\n'}
[1.322491] (px4_msgs) StdoutLine: {'line': b'-- Up-to-date: /home/harsh/ros2_project/install/px4_msgs/share/px4_msgs/msg/ActuatorOutputs.msg\n'}
[1.322537] (px4_msgs) StdoutLine: {'line': b'-- Up-to-date: /home/harsh/ros2_project/install/px4_msgs/share/px4_msgs/msg/ActuatorServos.msg\n'}
[1.322600] (px4_msgs) StdoutLine: {'line': b'-- Up-to-date: /home/harsh/ros2_project/install/px4_msgs/share/px4_msgs/msg/ActuatorServosTrim.msg\n'}
[1.322645] (px4_msgs) StdoutLine: {'line': b'-- Up-to-date: /home/harsh/ros2_project/install/px4_msgs/share/px4_msgs/msg/ActuatorTest.msg\n'}
[1.322691] (px4_msgs) StdoutLine: {'line': b'-- Up-to-date: /home/harsh/ros2_project/install/px4_msgs/share/px4_msgs/msg/AdcReport.msg\n'}
[1.322739] (px4_msgs) StdoutLine: {'line': b'-- Up-to-date: /home/harsh/ros2_project/install/px4_msgs/share/px4_msgs/msg/Airspeed.msg\n'}
[1.322787] (px4_msgs) StdoutLine: {'line': b'-- Up-to-date: /home/harsh/ros2_project/install/px4_msgs/share/px4_msgs/msg/AirspeedValidated.msg\n'}
[1.322836] (px4_msgs) StdoutLine: {'line': b'-- Up-to-date: /home/harsh/ros2_project/install/px4_msgs/share/px4_msgs/msg/AirspeedWind.msg\n'}
[1.322885] (px4_msgs) StdoutLine: {'line': b'-- Up-to-date: /home/harsh/ros2_project/install/px4_msgs/share/px4_msgs/msg/ArmingCheckReply.msg\n'}
[1.322933] (px4_msgs) StdoutLine: {'line': b'-- Up-to-date: /home/harsh/ros2_project/install/px4_msgs/share/px4_msgs/msg/ArmingCheckRequest.msg\n'}
[1.322983] (px4_msgs) StdoutLine: {'line': b'-- Up-to-date: /home/harsh/ros2_project/install/px4_msgs/share/px4_msgs/msg/AutotuneAttitudeControlStatus.msg\n'}
[1.323038] (px4_msgs) StdoutLine: {'line': b'-- Up-to-date: /home/harsh/ros2_project/install/px4_msgs/share/px4_msgs/msg/BatteryStatus.msg\n'}
[1.323087] (px4_msgs) StdoutLine: {'line': b'-- Up-to-date: /home/harsh/ros2_project/install/px4_msgs/share/px4_msgs/msg/Buffer128.msg\n'}
[1.323133] (px4_msgs) StdoutLine: {'line': b'-- Up-to-date: /home/harsh/ros2_project/install/px4_msgs/share/px4_msgs/msg/ButtonEvent.msg\n'}
[1.323181] (px4_msgs) StdoutLine: {'line': b'-- Up-to-date: /home/harsh/ros2_project/install/px4_msgs/share/px4_msgs/msg/CameraCapture.msg\n'}
[1.323227] (px4_msgs) StdoutLine: {'line': b'-- Up-to-date: /home/harsh/ros2_project/install/px4_msgs/share/px4_msgs/msg/CameraStatus.msg\n'}
[1.323299] (px4_msgs) StdoutLine: {'line': b'-- Up-to-date: /home/harsh/ros2_project/install/px4_msgs/share/px4_msgs/msg/CameraTrigger.msg\n'}
[1.323347] (px4_msgs) StdoutLine: {'line': b'-- Up-to-date: /home/harsh/ros2_project/install/px4_msgs/share/px4_msgs/msg/CanInterfaceStatus.msg\n'}
[1.323394] (px4_msgs) StdoutLine: {'line': b'-- Up-to-date: /home/harsh/ros2_project/install/px4_msgs/share/px4_msgs/msg/CellularStatus.msg\n'}
[1.323442] (px4_msgs) StdoutLine: {'line': b'-- Up-to-date: /home/harsh/ros2_project/install/px4_msgs/share/px4_msgs/msg/CollisionConstraints.msg\n'}
[1.323488] (px4_msgs) StdoutLine: {'line': b'-- Up-to-date: /home/harsh/ros2_project/install/px4_msgs/share/px4_msgs/msg/CollisionReport.msg\n'}
[1.323535] (px4_msgs) StdoutLine: {'line': b'-- Up-to-date: /home/harsh/ros2_project/install/px4_msgs/share/px4_msgs/msg/ConfigOverrides.msg\n'}
[1.323581] (px4_msgs) StdoutLine: {'line': b'-- Up-to-date: /home/harsh/ros2_project/install/px4_msgs/share/px4_msgs/msg/ControlAllocatorStatus.msg\n'}
[1.323628] (px4_msgs) StdoutLine: {'line': b'-- Up-to-date: /home/harsh/ros2_project/install/px4_msgs/share/px4_msgs/msg/Cpuload.msg\n'}
[1.323675] (px4_msgs) StdoutLine: {'line': b'-- Up-to-date: /home/harsh/ros2_project/install/px4_msgs/share/px4_msgs/msg/DatamanRequest.msg\n'}
[1.323722] (px4_msgs) StdoutLine: {'line': b'-- Up-to-date: /home/harsh/ros2_project/install/px4_msgs/share/px4_msgs/msg/DatamanResponse.msg\n'}
[1.323770] (px4_msgs) StdoutLine: {'line': b'-- Up-to-date: /home/harsh/ros2_project/install/px4_msgs/share/px4_msgs/msg/DebugArray.msg\n'}
[1.323817] (px4_msgs) StdoutLine: {'line': b'-- Up-to-date: /home/harsh/ros2_project/install/px4_msgs/share/px4_msgs/msg/DebugKeyValue.msg\n'}
[1.323863] (px4_msgs) StdoutLine: {'line': b'-- Up-to-date: /home/harsh/ros2_project/install/px4_msgs/share/px4_msgs/msg/DebugValue.msg\n'}
[1.323910] (px4_msgs) StdoutLine: {'line': b'-- Up-to-date: /home/harsh/ros2_project/install/px4_msgs/share/px4_msgs/msg/DebugVect.msg\n'}
[1.323954] (px4_msgs) StdoutLine: {'line': b'-- Up-to-date: /home/harsh/ros2_project/install/px4_msgs/share/px4_msgs/msg/DifferentialDriveSetpoint.msg\n'}
[1.324002] (px4_msgs) StdoutLine: {'line': b'-- Up-to-date: /home/harsh/ros2_project/install/px4_msgs/share/px4_msgs/msg/DifferentialPressure.msg\n'}
[1.324065] (px4_msgs) StdoutLine: {'line': b'-- Up-to-date: /home/harsh/ros2_project/install/px4_msgs/share/px4_msgs/msg/DistanceSensor.msg\n'}
[1.324114] (px4_msgs) StdoutLine: {'line': b'-- Up-to-date: /home/harsh/ros2_project/install/px4_msgs/share/px4_msgs/msg/Ekf2Timestamps.msg\n'}
[1.324164] (px4_msgs) StdoutLine: {'line': b'-- Up-to-date: /home/harsh/ros2_project/install/px4_msgs/share/px4_msgs/msg/EscReport.msg\n'}
[1.324212] (px4_msgs) StdoutLine: {'line': b'-- Up-to-date: /home/harsh/ros2_project/install/px4_msgs/share/px4_msgs/msg/EscStatus.msg\n'}
[1.324258] (px4_msgs) StdoutLine: {'line': b'-- Up-to-date: /home/harsh/ros2_project/install/px4_msgs/share/px4_msgs/msg/EstimatorAidSource1d.msg\n'}
[1.324305] (px4_msgs) StdoutLine: {'line': b'-- Up-to-date: /home/harsh/ros2_project/install/px4_msgs/share/px4_msgs/msg/EstimatorAidSource2d.msg\n'}
[1.324351] (px4_msgs) StdoutLine: {'line': b'-- Up-to-date: /home/harsh/ros2_project/install/px4_msgs/share/px4_msgs/msg/EstimatorAidSource3d.msg\n'}
[1.324399] (px4_msgs) StdoutLine: {'line': b'-- Up-to-date: /home/harsh/ros2_project/install/px4_msgs/share/px4_msgs/msg/EstimatorBias.msg\n'}
[1.324480] (px4_msgs) StdoutLine: {'line': b'-- Up-to-date: /home/harsh/ros2_project/install/px4_msgs/share/px4_msgs/msg/EstimatorBias3d.msg\n'}
[1.324560] (px4_msgs) StdoutLine: {'line': b'-- Up-to-date: /home/harsh/ros2_project/install/px4_msgs/share/px4_msgs/msg/EstimatorEventFlags.msg\n'}
[1.324618] (px4_msgs) StdoutLine: {'line': b'-- Up-to-date: /home/harsh/ros2_project/install/px4_msgs/share/px4_msgs/msg/EstimatorGpsStatus.msg\n'}
[1.324681] (px4_msgs) StdoutLine: {'line': b'-- Up-to-date: /home/harsh/ros2_project/install/px4_msgs/share/px4_msgs/msg/EstimatorInnovations.msg\n'}
[1.324734] (px4_msgs) StdoutLine: {'line': b'-- Up-to-date: /home/harsh/ros2_project/install/px4_msgs/share/px4_msgs/msg/EstimatorSelectorStatus.msg\n'}
[1.324779] (px4_msgs) StdoutLine: {'line': b'-- Up-to-date: /home/harsh/ros2_project/install/px4_msgs/share/px4_msgs/msg/EstimatorSensorBias.msg\n'}
[1.324823] (px4_msgs) StdoutLine: {'line': b'-- Up-to-date: /home/harsh/ros2_project/install/px4_msgs/share/px4_msgs/msg/EstimatorStates.msg\n'}
[1.324869] (px4_msgs) StdoutLine: {'line': b'-- Up-to-date: /home/harsh/ros2_project/install/px4_msgs/share/px4_msgs/msg/EstimatorStatus.msg\n'}
[1.324919] (px4_msgs) StdoutLine: {'line': b'-- Up-to-date: /home/harsh/ros2_project/install/px4_msgs/share/px4_msgs/msg/EstimatorStatusFlags.msg\n'}
[1.324969] (px4_msgs) StdoutLine: {'line': b'-- Up-to-date: /home/harsh/ros2_project/install/px4_msgs/share/px4_msgs/msg/Event.msg\n'}
[1.325029] (px4_msgs) StdoutLine: {'line': b'-- Up-to-date: /home/harsh/ros2_project/install/px4_msgs/share/px4_msgs/msg/FailsafeFlags.msg\n'}
[1.325081] (px4_msgs) StdoutLine: {'line': b'-- Up-to-date: /home/harsh/ros2_project/install/px4_msgs/share/px4_msgs/msg/FailureDetectorStatus.msg\n'}
[1.325152] (px4_msgs) StdoutLine: {'line': b'-- Up-to-date: /home/harsh/ros2_project/install/px4_msgs/share/px4_msgs/msg/FigureEightStatus.msg\n'}
[1.325223] (px4_msgs) StdoutLine: {'line': b'-- Up-to-date: /home/harsh/ros2_project/install/px4_msgs/share/px4_msgs/msg/FlightPhaseEstimation.msg\n'}
[1.325290] (px4_msgs) StdoutLine: {'line': b'-- Up-to-date: /home/harsh/ros2_project/install/px4_msgs/share/px4_msgs/msg/FollowTarget.msg\n'}
[1.325350] (px4_msgs) StdoutLine: {'line': b'-- Up-to-date: /home/harsh/ros2_project/install/px4_msgs/share/px4_msgs/msg/FollowTargetEstimator.msg\n'}
[1.325398] (px4_msgs) StdoutLine: {'line': b'-- Up-to-date: /home/harsh/ros2_project/install/px4_msgs/share/px4_msgs/msg/FollowTargetStatus.msg\n'}
[1.325451] (px4_msgs) StdoutLine: {'line': b'-- Up-to-date: /home/harsh/ros2_project/install/px4_msgs/share/px4_msgs/msg/GeneratorStatus.msg\n'}
[1.325500] (px4_msgs) StdoutLine: {'line': b'-- Up-to-date: /home/harsh/ros2_project/install/px4_msgs/share/px4_msgs/msg/GeofenceResult.msg\n'}
[1.325548] (px4_msgs) StdoutLine: {'line': b'-- Up-to-date: /home/harsh/ros2_project/install/px4_msgs/share/px4_msgs/msg/GeofenceStatus.msg\n'}
[1.325597] (px4_msgs) StdoutLine: {'line': b'-- Up-to-date: /home/harsh/ros2_project/install/px4_msgs/share/px4_msgs/msg/GimbalControls.msg\n'}
[1.325651] (px4_msgs) StdoutLine: {'line': b'-- Up-to-date: /home/harsh/ros2_project/install/px4_msgs/share/px4_msgs/msg/GimbalDeviceAttitudeStatus.msg\n'}
[1.325714] (px4_msgs) StdoutLine: {'line': b'-- Up-to-date: /home/harsh/ros2_project/install/px4_msgs/share/px4_msgs/msg/GimbalDeviceInformation.msg\n'}
[1.325780] (px4_msgs) StdoutLine: {'line': b'-- Up-to-date: /home/harsh/ros2_project/install/px4_msgs/share/px4_msgs/msg/GimbalDeviceSetAttitude.msg\n'}
[1.325847] (px4_msgs) StdoutLine: {'line': b'-- Up-to-date: /home/harsh/ros2_project/install/px4_msgs/share/px4_msgs/msg/GimbalManagerInformation.msg\n'}
[1.325916] (px4_msgs) StdoutLine: {'line': b'-- Up-to-date: /home/harsh/ros2_project/install/px4_msgs/share/px4_msgs/msg/GimbalManagerSetAttitude.msg\n'}
[1.325986] (px4_msgs) StdoutLine: {'line': b'-- Up-to-date: /home/harsh/ros2_project/install/px4_msgs/share/px4_msgs/msg/GimbalManagerSetManualControl.msg\n'}
[1.326068] (px4_msgs) StdoutLine: {'line': b'-- Up-to-date: /home/harsh/ros2_project/install/px4_msgs/share/px4_msgs/msg/GimbalManagerStatus.msg\n'}
[1.326135] (px4_msgs) StdoutLine: {'line': b'-- Up-to-date: /home/harsh/ros2_project/install/px4_msgs/share/px4_msgs/msg/GotoSetpoint.msg\n'}
[1.326200] (px4_msgs) StdoutLine: {'line': b'-- Up-to-date: /home/harsh/ros2_project/install/px4_msgs/share/px4_msgs/msg/GpioConfig.msg\n'}
[1.326278] (px4_msgs) StdoutLine: {'line': b'-- Up-to-date: /home/harsh/ros2_project/install/px4_msgs/share/px4_msgs/msg/GpioIn.msg\n'}
[1.326383] (px4_msgs) StdoutLine: {'line': b'-- Up-to-date: /home/harsh/ros2_project/install/px4_msgs/share/px4_msgs/msg/GpioOut.msg\n'}
[1.326473] (px4_msgs) StdoutLine: {'line': b'-- Up-to-date: /home/harsh/ros2_project/install/px4_msgs/share/px4_msgs/msg/GpioRequest.msg\n'}
[1.326524] (px4_msgs) StdoutLine: {'line': b'-- Up-to-date: /home/harsh/ros2_project/install/px4_msgs/share/px4_msgs/msg/GpsDump.msg\n'}
[1.326575] (px4_msgs) StdoutLine: {'line': b'-- Up-to-date: /home/harsh/ros2_project/install/px4_msgs/share/px4_msgs/msg/GpsInjectData.msg\n'}
[1.326643] (px4_msgs) StdoutLine: {'line': b'-- Up-to-date: /home/harsh/ros2_project/install/px4_msgs/share/px4_msgs/msg/Gripper.msg\n'}
[1.326855] (px4_msgs) StdoutLine: {'line': b'-- Up-to-date: /home/harsh/ros2_project/install/px4_msgs/share/px4_msgs/msg/HealthReport.msg\n'}
[1.326963] (px4_msgs) StdoutLine: {'line': b'-- Up-to-date: /home/harsh/ros2_project/install/px4_msgs/share/px4_msgs/msg/HeaterStatus.msg\n'}
[1.327231] (px4_msgs) StdoutLine: {'line': b'-- Up-to-date: /home/harsh/ros2_project/install/px4_msgs/share/px4_msgs/msg/HomePosition.msg\n'}
[1.327354] (px4_msgs) StdoutLine: {'line': b'-- Up-to-date: /home/harsh/ros2_project/install/px4_msgs/share/px4_msgs/msg/HoverThrustEstimate.msg\n'}
[1.327460] (px4_msgs) StdoutLine: {'line': b'-- Up-to-date: /home/harsh/ros2_project/install/px4_msgs/share/px4_msgs/msg/InputRc.msg\n'}
[1.327546] (px4_msgs) StdoutLine: {'line': b'-- Up-to-date: /home/harsh/ros2_project/install/px4_msgs/share/px4_msgs/msg/InternalCombustionEngineStatus.msg\n'}
[1.327635] (px4_msgs) StdoutLine: {'line': b'-- Up-to-date: /home/harsh/ros2_project/install/px4_msgs/share/px4_msgs/msg/IridiumsbdStatus.msg\n'}
[1.327736] (px4_msgs) StdoutLine: {'line': b'-- Up-to-date: /home/harsh/ros2_project/install/px4_msgs/share/px4_msgs/msg/IrlockReport.msg\n'}
[1.327835] (px4_msgs) StdoutLine: {'line': b'-- Up-to-date: /home/harsh/ros2_project/install/px4_msgs/share/px4_msgs/msg/LandingGear.msg\n'}
[1.327931] (px4_msgs) StdoutLine: {'line': b'-- Up-to-date: /home/harsh/ros2_project/install/px4_msgs/share/px4_msgs/msg/LandingGearWheel.msg\n'}
[1.328040] (px4_msgs) StdoutLine: {'line': b'-- Up-to-date: /home/harsh/ros2_project/install/px4_msgs/share/px4_msgs/msg/LandingTargetInnovations.msg\n'}
[1.328136] (px4_msgs) StdoutLine: {'line': b'-- Up-to-date: /home/harsh/ros2_project/install/px4_msgs/share/px4_msgs/msg/LandingTargetPose.msg\n'}
[1.328222] (px4_msgs) StdoutLine: {'line': b'-- Up-to-date: /home/harsh/ros2_project/install/px4_msgs/share/px4_msgs/msg/LaunchDetectionStatus.msg\n'}
[1.328298] (px4_msgs) StdoutLine: {'line': b'-- Up-to-date: /home/harsh/ros2_project/install/px4_msgs/share/px4_msgs/msg/LedControl.msg\n'}
[1.328382] (px4_msgs) StdoutLine: {'line': b'-- Up-to-date: /home/harsh/ros2_project/install/px4_msgs/share/px4_msgs/msg/LogMessage.msg\n'}
[1.328496] (px4_msgs) StdoutLine: {'line': b'-- Up-to-date: /home/harsh/ros2_project/install/px4_msgs/share/px4_msgs/msg/LoggerStatus.msg\n'}
[1.328579] (px4_msgs) StdoutLine: {'line': b'-- Up-to-date: /home/harsh/ros2_project/install/px4_msgs/share/px4_msgs/msg/MagWorkerData.msg\n'}
[1.328659] (px4_msgs) StdoutLine: {'line': b'-- Up-to-date: /home/harsh/ros2_project/install/px4_msgs/share/px4_msgs/msg/MagnetometerBiasEstimate.msg\n'}
[1.328765] (px4_msgs) StdoutLine: {'line': b'-- Up-to-date: /home/harsh/ros2_project/install/px4_msgs/share/px4_msgs/msg/ManualControlSetpoint.msg\n'}
[1.328939] (px4_msgs) StdoutLine: {'line': b'-- Up-to-date: /home/harsh/ros2_project/install/px4_msgs/share/px4_msgs/msg/ManualControlSwitches.msg\n'}
[1.329001] (px4_msgs) StdoutLine: {'line': b'-- Up-to-date: /home/harsh/ros2_project/install/px4_msgs/share/px4_msgs/msg/MavlinkLog.msg\n'}
[1.329065] (px4_msgs) StdoutLine: {'line': b'-- Up-to-date: /home/harsh/ros2_project/install/px4_msgs/share/px4_msgs/msg/MavlinkTunnel.msg\n'}
[1.329108] (px4_msgs) StdoutLine: {'line': b'-- Up-to-date: /home/harsh/ros2_project/install/px4_msgs/share/px4_msgs/msg/MessageFormatRequest.msg\n'}
[1.329170] (px4_msgs) StdoutLine: {'line': b'-- Up-to-date: /home/harsh/ros2_project/install/px4_msgs/share/px4_msgs/msg/MessageFormatResponse.msg\n'}
[1.329289] (px4_msgs) StdoutLine: {'line': b'-- Up-to-date: /home/harsh/ros2_project/install/px4_msgs/share/px4_msgs/msg/Mission.msg\n'}
[1.329334] (px4_msgs) StdoutLine: {'line': b'-- Up-to-date: /home/harsh/ros2_project/install/px4_msgs/share/px4_msgs/msg/MissionResult.msg\n'}
[1.329378] (px4_msgs) StdoutLine: {'line': b'-- Up-to-date: /home/harsh/ros2_project/install/px4_msgs/share/px4_msgs/msg/ModeCompleted.msg\n'}
[1.329417] (px4_msgs) StdoutLine: {'line': b'-- Up-to-date: /home/harsh/ros2_project/install/px4_msgs/share/px4_msgs/msg/MountOrientation.msg\n'}
[1.329457] (px4_msgs) StdoutLine: {'line': b'-- Up-to-date: /home/harsh/ros2_project/install/px4_msgs/share/px4_msgs/msg/NavigatorMissionItem.msg\n'}
[1.329585] (px4_msgs) StdoutLine: {'line': b'-- Up-to-date: /home/harsh/ros2_project/install/px4_msgs/share/px4_msgs/msg/NormalizedUnsignedSetpoint.msg\n'}
[1.329643] (px4_msgs) StdoutLine: {'line': b'-- Up-to-date: /home/harsh/ros2_project/install/px4_msgs/share/px4_msgs/msg/NpfgStatus.msg\n'}
[1.329700] (px4_msgs) StdoutLine: {'line': b'-- Up-to-date: /home/harsh/ros2_project/install/px4_msgs/share/px4_msgs/msg/ObstacleDistance.msg\n'}
[1.329758] (px4_msgs) StdoutLine: {'line': b'-- Up-to-date: /home/harsh/ros2_project/install/px4_msgs/share/px4_msgs/msg/OffboardControlMode.msg\n'}
[1.329827] (px4_msgs) StdoutLine: {'line': b'-- Up-to-date: /home/harsh/ros2_project/install/px4_msgs/share/px4_msgs/msg/OnboardComputerStatus.msg\n'}
[1.329903] (px4_msgs) StdoutLine: {'line': b'-- Up-to-date: /home/harsh/ros2_project/install/px4_msgs/share/px4_msgs/msg/OrbTest.msg\n'}
[1.329962] (px4_msgs) StdoutLine: {'line': b'-- Up-to-date: /home/harsh/ros2_project/install/px4_msgs/share/px4_msgs/msg/OrbTestLarge.msg\n'}
[1.330073] (px4_msgs) StdoutLine: {'line': b'-- Up-to-date: /home/harsh/ros2_project/install/px4_msgs/share/px4_msgs/msg/OrbTestMedium.msg\n'}
[1.330257] (px4_msgs) StdoutLine: {'line': b'-- Up-to-date: /home/harsh/ros2_project/install/px4_msgs/share/px4_msgs/msg/OrbitStatus.msg\n'}
[1.330342] (px4_msgs) StdoutLine: {'line': b'-- Up-to-date: /home/harsh/ros2_project/install/px4_msgs/share/px4_msgs/msg/ParameterResetRequest.msg\n'}
[1.330417] (px4_msgs) StdoutLine: {'line': b'-- Up-to-date: /home/harsh/ros2_project/install/px4_msgs/share/px4_msgs/msg/ParameterSetUsedRequest.msg\n'}
[1.330491] (px4_msgs) StdoutLine: {'line': b'-- Up-to-date: /home/harsh/ros2_project/install/px4_msgs/share/px4_msgs/msg/ParameterSetValueRequest.msg\n'}
[1.330562] (px4_msgs) StdoutLine: {'line': b'-- Up-to-date: /home/harsh/ros2_project/install/px4_msgs/share/px4_msgs/msg/ParameterSetValueResponse.msg\n'}
[1.330647] (px4_msgs) StdoutLine: {'line': b'-- Up-to-date: /home/harsh/ros2_project/install/px4_msgs/share/px4_msgs/msg/ParameterUpdate.msg\n'}
[1.330726] (px4_msgs) StdoutLine: {'line': b'-- Up-to-date: /home/harsh/ros2_project/install/px4_msgs/share/px4_msgs/msg/Ping.msg\n'}
[1.330811] (px4_msgs) StdoutLine: {'line': b'-- Up-to-date: /home/harsh/ros2_project/install/px4_msgs/share/px4_msgs/msg/PositionControllerLandingStatus.msg\n'}
[1.330889] (px4_msgs) StdoutLine: {'line': b'-- Up-to-date: /home/harsh/ros2_project/install/px4_msgs/share/px4_msgs/msg/PositionControllerStatus.msg\n'}
[1.330966] (px4_msgs) StdoutLine: {'line': b'-- Up-to-date: /home/harsh/ros2_project/install/px4_msgs/share/px4_msgs/msg/PositionSetpoint.msg\n'}
[1.331075] (px4_msgs) StdoutLine: {'line': b'-- Up-to-date: /home/harsh/ros2_project/install/px4_msgs/share/px4_msgs/msg/PositionSetpointTriplet.msg\n'}
[1.331163] (px4_msgs) StdoutLine: {'line': b'-- Up-to-date: /home/harsh/ros2_project/install/px4_msgs/share/px4_msgs/msg/PowerButtonState.msg\n'}
[1.331234] (px4_msgs) StdoutLine: {'line': b'-- Up-to-date: /home/harsh/ros2_project/install/px4_msgs/share/px4_msgs/msg/PowerMonitor.msg\n'}
[1.331304] (px4_msgs) StdoutLine: {'line': b'-- Up-to-date: /home/harsh/ros2_project/install/px4_msgs/share/px4_msgs/msg/PpsCapture.msg\n'}
[1.331374] (px4_msgs) StdoutLine: {'line': b'-- Up-to-date: /home/harsh/ros2_project/install/px4_msgs/share/px4_msgs/msg/PwmInput.msg\n'}
[1.331443] (px4_msgs) StdoutLine: {'line': b'-- Up-to-date: /home/harsh/ros2_project/install/px4_msgs/share/px4_msgs/msg/Px4ioStatus.msg\n'}
[1.331507] (px4_msgs) StdoutLine: {'line': b'-- Up-to-date: /home/harsh/ros2_project/install/px4_msgs/share/px4_msgs/msg/QshellReq.msg\n'}
[1.331574] (px4_msgs) StdoutLine: {'line': b'-- Up-to-date: /home/harsh/ros2_project/install/px4_msgs/share/px4_msgs/msg/QshellRetval.msg\n'}
[1.331669] (px4_msgs) StdoutLine: {'line': b'-- Up-to-date: /home/harsh/ros2_project/install/px4_msgs/share/px4_msgs/msg/RadioStatus.msg\n'}
[1.331734] (px4_msgs) StdoutLine: {'line': b'-- Up-to-date: /home/harsh/ros2_project/install/px4_msgs/share/px4_msgs/msg/RateCtrlStatus.msg\n'}
[1.331801] (px4_msgs) StdoutLine: {'line': b'-- Up-to-date: /home/harsh/ros2_project/install/px4_msgs/share/px4_msgs/msg/RcChannels.msg\n'}
[1.331867] (px4_msgs) StdoutLine: {'line': b'-- Up-to-date: /home/harsh/ros2_project/install/px4_msgs/share/px4_msgs/msg/RcParameterMap.msg\n'}
[1.331950] (px4_msgs) StdoutLine: {'line': b'-- Up-to-date: /home/harsh/ros2_project/install/px4_msgs/share/px4_msgs/msg/RegisterExtComponentReply.msg\n'}
[1.332023] (px4_msgs) StdoutLine: {'line': b'-- Up-to-date: /home/harsh/ros2_project/install/px4_msgs/share/px4_msgs/msg/RegisterExtComponentRequest.msg\n'}
[1.332099] (px4_msgs) StdoutLine: {'line': b'-- Up-to-date: /home/harsh/ros2_project/install/px4_msgs/share/px4_msgs/msg/Rpm.msg\n'}
[1.332170] (px4_msgs) StdoutLine: {'line': b'-- Up-to-date: /home/harsh/ros2_project/install/px4_msgs/share/px4_msgs/msg/RtlStatus.msg\n'}
[1.332249] (px4_msgs) StdoutLine: {'line': b'-- Up-to-date: /home/harsh/ros2_project/install/px4_msgs/share/px4_msgs/msg/RtlTimeEstimate.msg\n'}
[1.332331] (px4_msgs) StdoutLine: {'line': b'-- Up-to-date: /home/harsh/ros2_project/install/px4_msgs/share/px4_msgs/msg/SatelliteInfo.msg\n'}
[1.332402] (px4_msgs) StdoutLine: {'line': b'-- Up-to-date: /home/harsh/ros2_project/install/px4_msgs/share/px4_msgs/msg/SensorAccel.msg\n'}
[1.332470] (px4_msgs) StdoutLine: {'line': b'-- Up-to-date: /home/harsh/ros2_project/install/px4_msgs/share/px4_msgs/msg/SensorAccelFifo.msg\n'}
[1.332540] (px4_msgs) StdoutLine: {'line': b'-- Up-to-date: /home/harsh/ros2_project/install/px4_msgs/share/px4_msgs/msg/SensorAirflow.msg\n'}
[1.332613] (px4_msgs) StdoutLine: {'line': b'-- Up-to-date: /home/harsh/ros2_project/install/px4_msgs/share/px4_msgs/msg/SensorBaro.msg\n'}
[1.332690] (px4_msgs) StdoutLine: {'line': b'-- Up-to-date: /home/harsh/ros2_project/install/px4_msgs/share/px4_msgs/msg/SensorCombined.msg\n'}
[1.332766] (px4_msgs) StdoutLine: {'line': b'-- Up-to-date: /home/harsh/ros2_project/install/px4_msgs/share/px4_msgs/msg/SensorCorrection.msg\n'}
[1.332849] (px4_msgs) StdoutLine: {'line': b'-- Up-to-date: /home/harsh/ros2_project/install/px4_msgs/share/px4_msgs/msg/SensorGnssRelative.msg\n'}
[1.332927] (px4_msgs) StdoutLine: {'line': b'-- Up-to-date: /home/harsh/ros2_project/install/px4_msgs/share/px4_msgs/msg/SensorGps.msg\n'}
[1.333033] (px4_msgs) StdoutLine: {'line': b'-- Up-to-date: /home/harsh/ros2_project/install/px4_msgs/share/px4_msgs/msg/SensorGyro.msg\n'}
[1.333132] (px4_msgs) StdoutLine: {'line': b'-- Up-to-date: /home/harsh/ros2_project/install/px4_msgs/share/px4_msgs/msg/SensorGyroFft.msg\n'}
[1.333210] (px4_msgs) StdoutLine: {'line': b'-- Up-to-date: /home/harsh/ros2_project/install/px4_msgs/share/px4_msgs/msg/SensorGyroFifo.msg\n'}
[1.333287] (px4_msgs) StdoutLine: {'line': b'-- Up-to-date: /home/harsh/ros2_project/install/px4_msgs/share/px4_msgs/msg/SensorHygrometer.msg\n'}
[1.333368] (px4_msgs) StdoutLine: {'line': b'-- Up-to-date: /home/harsh/ros2_project/install/px4_msgs/share/px4_msgs/msg/SensorMag.msg\n'}
[1.333440] (px4_msgs) StdoutLine: {'line': b'-- Up-to-date: /home/harsh/ros2_project/install/px4_msgs/share/px4_msgs/msg/SensorOpticalFlow.msg\n'}
[1.333518] (px4_msgs) StdoutLine: {'line': b'-- Up-to-date: /home/harsh/ros2_project/install/px4_msgs/share/px4_msgs/msg/SensorPreflightMag.msg\n'}
[1.333600] (px4_msgs) StdoutLine: {'line': b'-- Up-to-date: /home/harsh/ros2_project/install/px4_msgs/share/px4_msgs/msg/SensorSelection.msg\n'}
[1.333705] (px4_msgs) StdoutLine: {'line': b'-- Up-to-date: /home/harsh/ros2_project/install/px4_msgs/share/px4_msgs/msg/SensorUwb.msg\n'}
[1.333804] (px4_msgs) StdoutLine: {'line': b'-- Up-to-date: /home/harsh/ros2_project/install/px4_msgs/share/px4_msgs/msg/SensorsStatus.msg\n'}
[1.333891] (px4_msgs) StdoutLine: {'line': b'-- Up-to-date: /home/harsh/ros2_project/install/px4_msgs/share/px4_msgs/msg/SensorsStatusImu.msg\n'}
[1.333981] (px4_msgs) StdoutLine: {'line': b'-- Up-to-date: /home/harsh/ros2_project/install/px4_msgs/share/px4_msgs/msg/SystemPower.msg\n'}
[1.334161] (px4_msgs) StdoutLine: {'line': b'-- Up-to-date: /home/harsh/ros2_project/install/px4_msgs/share/px4_msgs/msg/TakeoffStatus.msg\n'}
[1.334235] (px4_msgs) StdoutLine: {'line': b'-- Up-to-date: /home/harsh/ros2_project/install/px4_msgs/share/px4_msgs/msg/TaskStackInfo.msg\n'}
[1.334311] (px4_msgs) StdoutLine: {'line': b'-- Up-to-date: /home/harsh/ros2_project/install/px4_msgs/share/px4_msgs/msg/TecsStatus.msg\n'}
[1.334388] (px4_msgs) StdoutLine: {'line': b'-- Up-to-date: /home/harsh/ros2_project/install/px4_msgs/share/px4_msgs/msg/TelemetryStatus.msg\n'}
[1.334467] (px4_msgs) StdoutLine: {'line': b'-- Up-to-date: /home/harsh/ros2_project/install/px4_msgs/share/px4_msgs/msg/TiltrotorExtraControls.msg\n'}
[1.334547] (px4_msgs) StdoutLine: {'line': b'-- Up-to-date: /home/harsh/ros2_project/install/px4_msgs/share/px4_msgs/msg/TimesyncStatus.msg\n'}
[1.334626] (px4_msgs) StdoutLine: {'line': b'-- Up-to-date: /home/harsh/ros2_project/install/px4_msgs/share/px4_msgs/msg/TrajectoryBezier.msg\n'}
[1.334751] (px4_msgs) StdoutLine: {'line': b'-- Up-to-date: /home/harsh/ros2_project/install/px4_msgs/share/px4_msgs/msg/TrajectorySetpoint.msg\n'}
[1.334819] (px4_msgs) StdoutLine: {'line': b'-- Up-to-date: /home/harsh/ros2_project/install/px4_msgs/share/px4_msgs/msg/TrajectoryWaypoint.msg\n'}
[1.334888] (px4_msgs) StdoutLine: {'line': b'-- Up-to-date: /home/harsh/ros2_project/install/px4_msgs/share/px4_msgs/msg/TransponderReport.msg\n'}
[1.334954] (px4_msgs) StdoutLine: {'line': b'-- Up-to-date: /home/harsh/ros2_project/install/px4_msgs/share/px4_msgs/msg/TuneControl.msg\n'}
[1.335024] (px4_msgs) StdoutLine: {'line': b'-- Up-to-date: /home/harsh/ros2_project/install/px4_msgs/share/px4_msgs/msg/UavcanParameterRequest.msg\n'}
[1.335118] (px4_msgs) StdoutLine: {'line': b'-- Up-to-date: /home/harsh/ros2_project/install/px4_msgs/share/px4_msgs/msg/UavcanParameterValue.msg\n'}
[1.335180] (px4_msgs) StdoutLine: {'line': b'-- Up-to-date: /home/harsh/ros2_project/install/px4_msgs/share/px4_msgs/msg/UlogStream.msg\n'}
[1.335242] (px4_msgs) StdoutLine: {'line': b'-- Up-to-date: /home/harsh/ros2_project/install/px4_msgs/share/px4_msgs/msg/UlogStreamAck.msg\n'}
[1.335304] (px4_msgs) StdoutLine: {'line': b'-- Up-to-date: /home/harsh/ros2_project/install/px4_msgs/share/px4_msgs/msg/UnregisterExtComponent.msg\n'}
[1.335364] (px4_msgs) StdoutLine: {'line': b'-- Up-to-date: /home/harsh/ros2_project/install/px4_msgs/share/px4_msgs/msg/VehicleAcceleration.msg\n'}
[1.335434] (px4_msgs) StdoutLine: {'line': b'-- Up-to-date: /home/harsh/ros2_project/install/px4_msgs/share/px4_msgs/msg/VehicleAirData.msg\n'}
[1.335501] (px4_msgs) StdoutLine: {'line': b'-- Up-to-date: /home/harsh/ros2_project/install/px4_msgs/share/px4_msgs/msg/VehicleAngularAccelerationSetpoint.msg\n'}
[1.335569] (px4_msgs) StdoutLine: {'line': b'-- Up-to-date: /home/harsh/ros2_project/install/px4_msgs/share/px4_msgs/msg/VehicleAngularVelocity.msg\n'}
[1.335636] (px4_msgs) StdoutLine: {'line': b'-- Up-to-date: /home/harsh/ros2_project/install/px4_msgs/share/px4_msgs/msg/VehicleAttitude.msg\n'}
[1.335704] (px4_msgs) StdoutLine: {'line': b'-- Up-to-date: /home/harsh/ros2_project/install/px4_msgs/share/px4_msgs/msg/VehicleAttitudeSetpoint.msg\n'}
[1.335773] (px4_msgs) StdoutLine: {'line': b'-- Up-to-date: /home/harsh/ros2_project/install/px4_msgs/share/px4_msgs/msg/VehicleCommand.msg\n'}
[1.335844] (px4_msgs) StdoutLine: {'line': b'-- Up-to-date: /home/harsh/ros2_project/install/px4_msgs/share/px4_msgs/msg/VehicleCommandAck.msg\n'}
[1.335951] (px4_msgs) StdoutLine: {'line': b'-- Up-to-date: /home/harsh/ros2_project/install/px4_msgs/share/px4_msgs/msg/VehicleConstraints.msg\n'}
[1.336022] (px4_msgs) StdoutLine: {'line': b'-- Up-to-date: /home/harsh/ros2_project/install/px4_msgs/share/px4_msgs/msg/VehicleControlMode.msg\n'}
[1.336100] (px4_msgs) StdoutLine: {'line': b'-- Up-to-date: /home/harsh/ros2_project/install/px4_msgs/share/px4_msgs/msg/VehicleGlobalPosition.msg\n'}
[1.336168] (px4_msgs) StdoutLine: {'line': b'-- Up-to-date: /home/harsh/ros2_project/install/px4_msgs/share/px4_msgs/msg/VehicleImu.msg\n'}
[1.336240] (px4_msgs) StdoutLine: {'line': b'-- Up-to-date: /home/harsh/ros2_project/install/px4_msgs/share/px4_msgs/msg/VehicleImuStatus.msg\n'}
[1.336309] (px4_msgs) StdoutLine: {'line': b'-- Up-to-date: /home/harsh/ros2_project/install/px4_msgs/share/px4_msgs/msg/VehicleLandDetected.msg\n'}
[1.336377] (px4_msgs) StdoutLine: {'line': b'-- Up-to-date: /home/harsh/ros2_project/install/px4_msgs/share/px4_msgs/msg/VehicleLocalPosition.msg\n'}
[1.336444] (px4_msgs) StdoutLine: {'line': b'-- Up-to-date: /home/harsh/ros2_project/install/px4_msgs/share/px4_msgs/msg/VehicleLocalPositionSetpoint.msg\n'}
[1.336512] (px4_msgs) StdoutLine: {'line': b'-- Up-to-date: /home/harsh/ros2_project/install/px4_msgs/share/px4_msgs/msg/VehicleMagnetometer.msg\n'}
[1.336578] (px4_msgs) StdoutLine: {'line': b'-- Up-to-date: /home/harsh/ros2_project/install/px4_msgs/share/px4_msgs/msg/VehicleOdometry.msg\n'}
[1.336646] (px4_msgs) StdoutLine: {'line': b'-- Up-to-date: /home/harsh/ros2_project/install/px4_msgs/share/px4_msgs/msg/VehicleOpticalFlow.msg\n'}
[1.336751] (px4_msgs) StdoutLine: {'line': b'-- Up-to-date: /home/harsh/ros2_project/install/px4_msgs/share/px4_msgs/msg/VehicleOpticalFlowVel.msg\n'}
[1.336820] (px4_msgs) StdoutLine: {'line': b'-- Up-to-date: /home/harsh/ros2_project/install/px4_msgs/share/px4_msgs/msg/VehicleRatesSetpoint.msg\n'}
[1.336887] (px4_msgs) StdoutLine: {'line': b'-- Up-to-date: /home/harsh/ros2_project/install/px4_msgs/share/px4_msgs/msg/VehicleRoi.msg\n'}
[1.336953] (px4_msgs) StdoutLine: {'line': b'-- Up-to-date: /home/harsh/ros2_project/install/px4_msgs/share/px4_msgs/msg/VehicleStatus.msg\n'}
[1.337021] (px4_msgs) StdoutLine: {'line': b'-- Up-to-date: /home/harsh/ros2_project/install/px4_msgs/share/px4_msgs/msg/VehicleThrustSetpoint.msg\n'}
[1.337117] (px4_msgs) StdoutLine: {'line': b'-- Up-to-date: /home/harsh/ros2_project/install/px4_msgs/share/px4_msgs/msg/VehicleTorqueSetpoint.msg\n'}
[1.337182] (px4_msgs) StdoutLine: {'line': b'-- Up-to-date: /home/harsh/ros2_project/install/px4_msgs/share/px4_msgs/msg/VehicleTrajectoryBezier.msg\n'}
[1.337244] (px4_msgs) StdoutLine: {'line': b'-- Up-to-date: /home/harsh/ros2_project/install/px4_msgs/share/px4_msgs/msg/VehicleTrajectoryWaypoint.msg\n'}
[1.337307] (px4_msgs) StdoutLine: {'line': b'-- Up-to-date: /home/harsh/ros2_project/install/px4_msgs/share/px4_msgs/msg/VelocityLimits.msg\n'}
[1.337367] (px4_msgs) StdoutLine: {'line': b'-- Up-to-date: /home/harsh/ros2_project/install/px4_msgs/share/px4_msgs/msg/VtolVehicleStatus.msg\n'}
[1.337429] (px4_msgs) StdoutLine: {'line': b'-- Up-to-date: /home/harsh/ros2_project/install/px4_msgs/share/px4_msgs/msg/WheelEncoders.msg\n'}
[1.337489] (px4_msgs) StdoutLine: {'line': b'-- Up-to-date: /home/harsh/ros2_project/install/px4_msgs/share/px4_msgs/msg/Wind.msg\n'}
[1.337549] (px4_msgs) StdoutLine: {'line': b'-- Up-to-date: /home/harsh/ros2_project/install/px4_msgs/share/px4_msgs/msg/YawEstimatorStatus.msg\n'}
[1.337618] (px4_msgs) StdoutLine: {'line': b'-- Up-to-date: /home/harsh/ros2_project/install/px4_msgs/share/px4_msgs/srv/VehicleCommand.srv\n'}
[1.337680] (px4_msgs) StdoutLine: {'line': b'-- Up-to-date: /home/harsh/ros2_project/install/px4_msgs/share/ament_index/resource_index/package_run_dependencies/px4_msgs\n'}
[1.337743] (px4_msgs) StdoutLine: {'line': b'-- Up-to-date: /home/harsh/ros2_project/install/px4_msgs/share/ament_index/resource_index/parent_prefix_path/px4_msgs\n'}
[1.337823] (px4_msgs) StdoutLine: {'line': b'-- Up-to-date: /home/harsh/ros2_project/install/px4_msgs/share/px4_msgs/environment/ament_prefix_path.sh\n'}
[1.337885] (px4_msgs) StdoutLine: {'line': b'-- Up-to-date: /home/harsh/ros2_project/install/px4_msgs/share/px4_msgs/environment/ament_prefix_path.dsv\n'}
[1.337947] (px4_msgs) StdoutLine: {'line': b'-- Up-to-date: /home/harsh/ros2_project/install/px4_msgs/share/px4_msgs/environment/path.sh\n'}
[1.338007] (px4_msgs) StdoutLine: {'line': b'-- Up-to-date: /home/harsh/ros2_project/install/px4_msgs/share/px4_msgs/environment/path.dsv\n'}
[1.338076] (px4_msgs) StdoutLine: {'line': b'-- Up-to-date: /home/harsh/ros2_project/install/px4_msgs/share/px4_msgs/local_setup.bash\n'}
[1.338138] (px4_msgs) StdoutLine: {'line': b'-- Up-to-date: /home/harsh/ros2_project/install/px4_msgs/share/px4_msgs/local_setup.sh\n'}
[1.338199] (px4_msgs) StdoutLine: {'line': b'-- Up-to-date: /home/harsh/ros2_project/install/px4_msgs/share/px4_msgs/local_setup.zsh\n'}
[1.338260] (px4_msgs) StdoutLine: {'line': b'-- Up-to-date: /home/harsh/ros2_project/install/px4_msgs/share/px4_msgs/local_setup.dsv\n'}
[1.338321] (px4_msgs) StdoutLine: {'line': b'-- Installing: /home/harsh/ros2_project/install/px4_msgs/share/px4_msgs/package.dsv\n'}
[1.338382] (px4_msgs) StdoutLine: {'line': b'-- Up-to-date: /home/harsh/ros2_project/install/px4_msgs/share/ament_index/resource_index/packages/px4_msgs\n'}
[1.338473] (px4_msgs) StdoutLine: {'line': b'-- Up-to-date: /home/harsh/ros2_project/install/px4_msgs/share/px4_msgs/cmake/export_px4_msgs__rosidl_generator_cExport.cmake\n'}
[1.338773] (px4_msgs) StdoutLine: {'line': b'-- Up-to-date: /home/harsh/ros2_project/install/px4_msgs/share/px4_msgs/cmake/export_px4_msgs__rosidl_generator_cExport-noconfig.cmake\n'}
[1.339180] (px4_msgs) StdoutLine: {'line': b'-- Up-to-date: /home/harsh/ros2_project/install/px4_msgs/share/px4_msgs/cmake/export_px4_msgs__rosidl_typesupport_fastrtps_cExport.cmake\n'}
[1.339636] (px4_msgs) StdoutLine: {'line': b'-- Up-to-date: /home/harsh/ros2_project/install/px4_msgs/share/px4_msgs/cmake/export_px4_msgs__rosidl_typesupport_fastrtps_cExport-noconfig.cmake\n'}
[1.340303] (px4_msgs) StdoutLine: {'line': b'-- Up-to-date: /home/harsh/ros2_project/install/px4_msgs/share/px4_msgs/cmake/export_px4_msgs__rosidl_generator_cppExport.cmake\n'}
[1.341029] (px4_msgs) StdoutLine: {'line': b'-- Up-to-date: /home/harsh/ros2_project/install/px4_msgs/share/px4_msgs/cmake/export_px4_msgs__rosidl_typesupport_fastrtps_cppExport.cmake\n'}
[1.341135] (px4_msgs) StdoutLine: {'line': b'-- Up-to-date: /home/harsh/ros2_project/install/px4_msgs/share/px4_msgs/cmake/export_px4_msgs__rosidl_typesupport_fastrtps_cppExport-noconfig.cmake\n'}
[1.341763] (px4_msgs) StdoutLine: {'line': b'-- Up-to-date: /home/harsh/ros2_project/install/px4_msgs/share/px4_msgs/cmake/px4_msgs__rosidl_typesupport_introspection_cExport.cmake\n'}
[1.342298] (px4_msgs) StdoutLine: {'line': b'-- Up-to-date: /home/harsh/ros2_project/install/px4_msgs/share/px4_msgs/cmake/px4_msgs__rosidl_typesupport_introspection_cExport-noconfig.cmake\n'}
[1.342626] (px4_msgs) StdoutLine: {'line': b'-- Up-to-date: /home/harsh/ros2_project/install/px4_msgs/share/px4_msgs/cmake/px4_msgs__rosidl_typesupport_cExport.cmake\n'}
[1.342930] (px4_msgs) StdoutLine: {'line': b'-- Up-to-date: /home/harsh/ros2_project/install/px4_msgs/share/px4_msgs/cmake/px4_msgs__rosidl_typesupport_cExport-noconfig.cmake\n'}
[1.343366] (px4_msgs) StdoutLine: {'line': b'-- Up-to-date: /home/harsh/ros2_project/install/px4_msgs/share/px4_msgs/cmake/px4_msgs__rosidl_typesupport_introspection_cppExport.cmake\n'}
[1.343867] (px4_msgs) StdoutLine: {'line': b'-- Up-to-date: /home/harsh/ros2_project/install/px4_msgs/share/px4_msgs/cmake/px4_msgs__rosidl_typesupport_introspection_cppExport-noconfig.cmake\n'}
[1.344214] (px4_msgs) StdoutLine: {'line': b'-- Up-to-date: /home/harsh/ros2_project/install/px4_msgs/share/px4_msgs/cmake/px4_msgs__rosidl_typesupport_cppExport.cmake\n'}
[1.344499] (px4_msgs) StdoutLine: {'line': b'-- Up-to-date: /home/harsh/ros2_project/install/px4_msgs/share/px4_msgs/cmake/px4_msgs__rosidl_typesupport_cppExport-noconfig.cmake\n'}
[1.344921] (px4_msgs) StdoutLine: {'line': b'-- Up-to-date: /home/harsh/ros2_project/install/px4_msgs/share/px4_msgs/cmake/export_px4_msgs__rosidl_generator_pyExport.cmake\n'}
[1.345404] (px4_msgs) StdoutLine: {'line': b'-- Up-to-date: /home/harsh/ros2_project/install/px4_msgs/share/px4_msgs/cmake/export_px4_msgs__rosidl_generator_pyExport-noconfig.cmake\n'}
[1.345706] (px4_msgs) StdoutLine: {'line': b'-- Up-to-date: /home/harsh/ros2_project/install/px4_msgs/share/px4_msgs/cmake/rosidl_cmake-extras.cmake\n'}
[1.345983] (px4_msgs) StdoutLine: {'line': b'-- Up-to-date: /home/harsh/ros2_project/install/px4_msgs/share/px4_msgs/cmake/ament_cmake_export_dependencies-extras.cmake\n'}
[1.346494] (px4_msgs) StdoutLine: {'line': b'-- Up-to-date: /home/harsh/ros2_project/install/px4_msgs/share/px4_msgs/cmake/ament_cmake_export_include_directories-extras.cmake\n'}
[1.346810] (px4_msgs) StdoutLine: {'line': b'-- Up-to-date: /home/harsh/ros2_project/install/px4_msgs/share/px4_msgs/cmake/ament_cmake_export_libraries-extras.cmake\n'}
[1.347294] (px4_msgs) StdoutLine: {'line': b'-- Up-to-date: /home/harsh/ros2_project/install/px4_msgs/share/px4_msgs/cmake/ament_cmake_export_targets-extras.cmake\n'}
[1.347412] (px4_msgs) StdoutLine: {'line': b'-- Up-to-date: /home/harsh/ros2_project/install/px4_msgs/share/px4_msgs/cmake/rosidl_cmake_export_typesupport_targets-extras.cmake\n'}
[1.347939] (px4_msgs) StdoutLine: {'line': b'-- Up-to-date: /home/harsh/ros2_project/install/px4_msgs/share/px4_msgs/cmake/rosidl_cmake_export_typesupport_libraries-extras.cmake\n'}
[1.348416] (px4_msgs) StdoutLine: {'line': b'-- Up-to-date: /home/harsh/ros2_project/install/px4_msgs/share/px4_msgs/cmake/px4_msgsConfig.cmake\n'}
[1.348511] (px4_msgs) StdoutLine: {'line': b'-- Up-to-date: /home/harsh/ros2_project/install/px4_msgs/share/px4_msgs/cmake/px4_msgsConfig-version.cmake\n'}
[1.348753] (px4_msgs) StdoutLine: {'line': b'-- Up-to-date: /home/harsh/ros2_project/install/px4_msgs/share/px4_msgs/package.xml\n'}
[1.353789] (px4_msgs) CommandEnded: {'returncode': 0}
[1.379664] (px4_msgs) JobEnded: {'identifier': 'px4_msgs', 'rc': 0}
[1.380526] (ros2_project) JobStarted: {'identifier': 'ros2_project'}
[1.402073] (-) TimerEvent: {}
[1.502516] (-) TimerEvent: {}
[1.602923] (-) TimerEvent: {}
[1.703267] (-) TimerEvent: {}
[1.803535] (-) TimerEvent: {}
[1.903763] (-) TimerEvent: {}
[2.004007] (-) TimerEvent: {}
[2.104284] (-) TimerEvent: {}
[2.168876] (ros2_project) Command: {'cmd': ['/usr/bin/python3', '-W', 'ignore:setup.py install is deprecated', '-W', 'ignore:easy_install command is deprecated', 'setup.py', 'egg_info', '--egg-base', '../../../build/ros2_project', 'build', '--build-base', '/home/harsh/ros2_project/build/ros2_project/build', 'install', '--record', '/home/harsh/ros2_project/build/ros2_project/install.log', '--single-version-externally-managed', 'install_data'], 'cwd': '/home/harsh/ros2_project/src/ros2_project/ros2_project', 'env': {'GJS_DEBUG_TOPICS': 'JS ERROR;JS LOG', 'XDG_ACTIVATION_TOKEN': 'gnome-shell/Terminator/2901-1-harsh_TIME93268', 'LESSOPEN': '| /usr/bin/lesspipe %s', 'USER': 'harsh', 'GZ_CONFIG_PATH': '/opt/ros/jazzy/opt/gz_sim_vendor/share/gz:/opt/ros/jazzy/opt/sdformat_vendor/share/gz:/opt/ros/jazzy/opt/gz_gui_vendor/share/gz:/opt/ros/jazzy/opt/gz_transport_vendor/share/gz:/opt/ros/jazzy/opt/gz_rendering_vendor/share/gz:/opt/ros/jazzy/opt/gz_plugin_vendor/share/gz:/opt/ros/jazzy/opt/gz_fuel_tools_vendor/share/gz:/opt/ros/jazzy/opt/gz_msgs_vendor/share/gz:/opt/ros/jazzy/opt/gz_common_vendor/share/gz', 'XDG_SESSION_TYPE': 'x11', 'SHLVL': '1', 'LD_LIBRARY_PATH': '/home/harsh/ros2_project/install/px4_msgs/lib:/opt/ros/jazzy/opt/gz_sim_vendor/lib:/opt/ros/jazzy/opt/gz_sensors_vendor/lib:/opt/ros/jazzy/opt/gz_physics_vendor/lib:/opt/ros/jazzy/opt/sdformat_vendor/lib:/opt/ros/jazzy/opt/rviz_ogre_vendor/lib:/opt/ros/jazzy/lib/x86_64-linux-gnu:/opt/ros/jazzy/opt/gz_gui_vendor/lib:/opt/ros/jazzy/opt/gz_transport_vendor/lib:/opt/ros/jazzy/opt/gz_rendering_vendor/lib:/opt/ros/jazzy/opt/gz_plugin_vendor/lib:/opt/ros/jazzy/opt/gz_fuel_tools_vendor/lib:/opt/ros/jazzy/opt/gz_msgs_vendor/lib:/opt/ros/jazzy/opt/gz_common_vendor/lib:/opt/ros/jazzy/opt/gz_math_vendor/lib:/opt/ros/jazzy/opt/gz_utils_vendor/lib:/opt/ros/jazzy/opt/gz_tools_vendor/lib:/opt/ros/jazzy/opt/gz_ogre_next_vendor/lib:/opt/ros/jazzy/opt/gz_dartsim_vendor/lib:/opt/ros/jazzy/opt/gz_cmake_vendor/lib:/opt/ros/jazzy/lib', 'HOME': '/home/harsh', 'DESKTOP_SESSION': 'ubuntu', 'GIO_LAUNCHED_DESKTOP_FILE': '/usr/share/applications/terminator.desktop', 'ROS_PYTHON_VERSION': '3', 'GNOME_SHELL_SESSION_MODE': 'ubuntu', 'GTK_MODULES': 'gail:atk-bridge', 'PS1': '(yolo) \\[\\e]0;\\u@\\h: \\w\\a\\]${debian_chroot:+($debian_chroot)}\\[\\033[01;32m\\]\\u@\\h\\[\\033[00m\\]:\\[\\033[01;34m\\]\\w\\[\\033[00m\\]\\$', 'MANAGERPID': '2470', 'SYSTEMD_EXEC_PID': '2901', 'GSM_SKIP_SSH_AGENT_WORKAROUND': 'true', 'DBUS_SESSION_BUS_ADDRESS': 'unix:path=/run/user/1000/bus', 'COLORTERM': 'truecolor', 'TERMINATOR_DBUS_NAME': 'net.tenshu.Terminator23558193cd9818af7fe4d2c2f5bd9d00f', 'GIO_LAUNCHED_DESKTOP_FILE_PID': '4241', 'DEBUGINFOD_URLS': 'https://debuginfod.ubuntu.com', 'COLCON_PREFIX_PATH': '/home/harsh/ros2_project/install', 'ROS_DISTRO': 'jazzy', 'LOGNAME': 'harsh', 'JOURNAL_STREAM': '9:33124', '_': '/usr/bin/colcon', 'ROS_VERSION': '2', 'MEMORY_PRESSURE_WATCH': '/sys/fs/cgroup/user.slice/user-1000.slice/user@1000.service/session.slice/org.gnome.Shell@x11.service/memory.pressure', 'XDG_SESSION_CLASS': 'user', 'USERNAME': 'harsh', 'TERM': 'xterm-256color', 'GNOME_DESKTOP_SESSION_ID': 'this-is-deprecated', 'WINDOWPATH': '2', 'PATH': '/home/harsh/yolo/bin:/opt/ros/jazzy/opt/gz_msgs_vendor/bin:/opt/ros/jazzy/opt/gz_tools_vendor/bin:/opt/ros/jazzy/opt/gz_ogre_next_vendor/bin:/opt/ros/jazzy/bin:/home/harsh/.local/bin:/usr/local/sbin:/usr/local/bin:/usr/sbin:/usr/bin:/sbin:/bin:/usr/games:/usr/local/games:/snap/bin:/snap/bin', 'SESSION_MANAGER': 'local/harsh:@/tmp/.ICE-unix/2806,unix/harsh:/tmp/.ICE-unix/2806', 'INVOCATION_ID': '4e2239703d944941a029883b6660be4d', 'XDG_MENU_PREFIX': 'gnome-', 'XDG_RUNTIME_DIR': '/run/user/1000', 'DISPLAY': ':1', 'TERMINATOR_DBUS_PATH': '/net/tenshu/Terminator2', 'LANG': 'en_US.UTF-8', 'XDG_CURRENT_DESKTOP': 'ubuntu:GNOME', 'VIRTUAL_ENV_PROMPT': '(yolo)', 'XMODIFIERS': '@im=ibus', 'XDG_SESSION_DESKTOP': 'ubuntu', 'XAUTHORITY': '/run/user/1000/gdm/Xauthority', 'LS_COLORS': 'rs=0:di=01;34:ln=01;36:mh=00:pi=40;33:so=01;35:do=01;35:bd=40;33;01:cd=40;33;01:or=40;31;01:mi=00:su=37;41:sg=30;43:ca=00:tw=30;42:ow=34;42:st=37;44:ex=01;32:*.tar=01;31:*.tgz=01;31:*.arc=01;31:*.arj=01;31:*.taz=01;31:*.lha=01;31:*.lz4=01;31:*.lzh=01;31:*.lzma=01;31:*.tlz=01;31:*.txz=01;31:*.tzo=01;31:*.t7z=01;31:*.zip=01;31:*.z=01;31:*.dz=01;31:*.gz=01;31:*.lrz=01;31:*.lz=01;31:*.lzo=01;31:*.xz=01;31:*.zst=01;31:*.tzst=01;31:*.bz2=01;31:*.bz=01;31:*.tbz=01;31:*.tbz2=01;31:*.tz=01;31:*.deb=01;31:*.rpm=01;31:*.jar=01;31:*.war=01;31:*.ear=01;31:*.sar=01;31:*.rar=01;31:*.alz=01;31:*.ace=01;31:*.zoo=01;31:*.cpio=01;31:*.7z=01;31:*.rz=01;31:*.cab=01;31:*.wim=01;31:*.swm=01;31:*.dwm=01;31:*.esd=01;31:*.avif=01;35:*.jpg=01;35:*.jpeg=01;35:*.mjpg=01;35:*.mjpeg=01;35:*.gif=01;35:*.bmp=01;35:*.pbm=01;35:*.pgm=01;35:*.ppm=01;35:*.tga=01;35:*.xbm=01;35:*.xpm=01;35:*.tif=01;35:*.tiff=01;35:*.png=01;35:*.svg=01;35:*.svgz=01;35:*.mng=01;35:*.pcx=01;35:*.mov=01;35:*.mpg=01;35:*.mpeg=01;35:*.m2v=01;35:*.mkv=01;35:*.webm=01;35:*.webp=01;35:*.ogm=01;35:*.mp4=01;35:*.m4v=01;35:*.mp4v=01;35:*.vob=01;35:*.qt=01;35:*.nuv=01;35:*.wmv=01;35:*.asf=01;35:*.rm=01;35:*.rmvb=01;35:*.flc=01;35:*.avi=01;35:*.fli=01;35:*.flv=01;35:*.gl=01;35:*.dl=01;35:*.xcf=01;35:*.xwd=01;35:*.yuv=01;35:*.cgm=01;35:*.emf=01;35:*.ogv=01;35:*.ogx=01;35:*.aac=00;36:*.au=00;36:*.flac=00;36:*.m4a=00;36:*.mid=00;36:*.midi=00;36:*.mka=00;36:*.mp3=00;36:*.mpc=00;36:*.ogg=00;36:*.ra=00;36:*.wav=00;36:*.oga=00;36:*.opus=00;36:*.spx=00;36:*.xspf=00;36:*~=00;90:*#=00;90:*.bak=00;90:*.crdownload=00;90:*.dpkg-dist=00;90:*.dpkg-new=00;90:*.dpkg-old=00;90:*.dpkg-tmp=00;90:*.old=00;90:*.orig=00;90:*.part=00;90:*.rej=00;90:*.rpmnew=00;90:*.rpmorig=00;90:*.rpmsave=00;90:*.swp=00;90:*.tmp=00;90:*.ucf-dist=00;90:*.ucf-new=00;90:*.ucf-old=00;90:', 'SSH_AUTH_SOCK': '/run/user/1000/keyring/ssh', 'AMENT_PREFIX_PATH': '/home/harsh/ros2_project/install/ros2_project:/home/harsh/ros2_project/install/px4_msgs:/opt/ros/jazzy', 'SHELL': '/bin/bash', 'TERMINATOR_UUID': 'urn:uuid:6709cddb-6949-4e25-8283-2b735b801b48', 'QT_ACCESSIBILITY': '1', 'GDMSESSION': 'ubuntu', 'LESSCLOSE': '/usr/bin/lesspipe %s %s', 'GPG_AGENT_INFO': '/run/user/1000/gnupg/S.gpg-agent:0:1', 'GJS_DEBUG_OUTPUT': 'stderr', 'VIRTUAL_ENV': '/home/harsh/yolo', 'ROS_AUTOMATIC_DISCOVERY_RANGE': 'SUBNET', 'QT_IM_MODULE': 'ibus', 'PWD': '/home/harsh/ros2_project/build/ros2_project', 'LC_ALL': 'en_US.UTF-8', 'XDG_CONFIG_DIRS': '/etc/xdg/xdg-ubuntu:/etc/xdg', 'XDG_DATA_DIRS': '/usr/share/ubuntu:/usr/share/gnome:/usr/local/share/:/usr/share/:/var/lib/snapd/desktop', 'PYTHONPATH': '/home/harsh/ros2_project/build/ros2_project/prefix_override:/usr/lib/python3/dist-packages/colcon_core/task/python/colcon_distutils_commands:/home/harsh/ros2_project/install/ros2_project/lib/python3.12/site-packages:/home/harsh/ros2_project/install/px4_msgs/lib/python3.12/site-packages:/home/harsh/ros2_project/install/ros2_project/lib/python3.12/site-packages:/opt/ros/jazzy/lib/python3.12/site-packages:/home/harsh/ros2_project/install/ros2_project/lib/python3.12/site-packages:/home/harsh/ros2_project/install/px4_msgs/lib/python3.12/site-packages:/opt/ros/jazzy/lib/python3.12/site-packages:$PYTHONPATH:/home/harsh/yolo/lib/python3.12/site-packages:/home/harsh/yolo/lib/python3.12/site-packages', 'COLCON': '1', 'MEMORY_PRESSURE_WRITE': 'c29tZSAyMDAwMDAgMjAwMDAwMAA=', 'VTE_VERSION': '7600', 'CMAKE_PREFIX_PATH': '/home/harsh/ros2_project/install/px4_msgs:/opt/ros/jazzy/opt/gz_sim_vendor:/opt/ros/jazzy/opt/gz_sensors_vendor:/opt/ros/jazzy/opt/gz_physics_vendor:/opt/ros/jazzy/opt/sdformat_vendor:/opt/ros/jazzy/opt/gz_gui_vendor:/opt/ros/jazzy/opt/gz_transport_vendor:/opt/ros/jazzy/opt/gz_rendering_vendor:/opt/ros/jazzy/opt/gz_plugin_vendor:/opt/ros/jazzy/opt/gz_fuel_tools_vendor:/opt/ros/jazzy/opt/gz_msgs_vendor:/opt/ros/jazzy/opt/gz_common_vendor:/opt/ros/jazzy/opt/gz_math_vendor:/opt/ros/jazzy/opt/gz_utils_vendor:/opt/ros/jazzy/opt/gz_tools_vendor:/opt/ros/jazzy/opt/gz_ogre_next_vendor:/opt/ros/jazzy/opt/gz_dartsim_vendor:/opt/ros/jazzy/opt/gz_cmake_vendor'}, 'shell': False}
[2.204453] (-) TimerEvent: {}
[2.304980] (-) TimerEvent: {}
[2.317856] (ros2_project) StderrLine: {'line': b"/home/harsh/.local/lib/python3.12/site-packages/setuptools/_distutils/dist.py:289: UserWarning: Unknown distribution option: 'tests_require'\n"}
[2.318030] (ros2_project) StderrLine: {'line': b'  warnings.warn(msg)\n'}
[2.405103] (-) TimerEvent: {}
[2.437525] (ros2_project) StdoutLine: {'line': b'running egg_info\n'}
[2.453336] (ros2_project) StdoutLine: {'line': b'writing ../../../build/ros2_project/ros2_project.egg-info/PKG-INFO\n'}
[2.454005] (ros2_project) StdoutLine: {'line': b'writing dependency_links to ../../../build/ros2_project/ros2_project.egg-info/dependency_links.txt\n'}
[2.454381] (ros2_project) StdoutLine: {'line': b'writing entry points to ../../../build/ros2_project/ros2_project.egg-info/entry_points.txt\n'}
[2.454611] (ros2_project) StdoutLine: {'line': b'writing requirements to ../../../build/ros2_project/ros2_project.egg-info/requires.txt\n'}
[2.454749] (ros2_project) StdoutLine: {'line': b'writing top-level names to ../../../build/ros2_project/ros2_project.egg-info/top_level.txt\n'}
[2.505183] (-) TimerEvent: {}
[2.505366] (ros2_project) StdoutLine: {'line': b"reading manifest file '../../../build/ros2_project/ros2_project.egg-info/SOURCES.txt'\n"}
[2.505676] (ros2_project) StdoutLine: {'line': b"adding license file 'LICENSE'\n"}
[2.506461] (ros2_project) StdoutLine: {'line': b"writing manifest file '../../../build/ros2_project/ros2_project.egg-info/SOURCES.txt'\n"}
[2.506593] (ros2_project) StdoutLine: {'line': b'running build\n'}
[2.506658] (ros2_project) StdoutLine: {'line': b'running build_py\n'}
[2.506995] (ros2_project) StdoutLine: {'line': b'copying ros2_project/coordinates (Copy).py -> /home/harsh/ros2_project/build/ros2_project/build/lib/ros2_project\n'}
[2.507323] (ros2_project) StdoutLine: {'line': b'copying ros2_project/yolo.py -> /home/harsh/ros2_project/build/ros2_project/build/lib/ros2_project\n'}
[2.507478] (ros2_project) StdoutLine: {'line': b'copying ros2_project/coordinates.py -> /home/harsh/ros2_project/build/ros2_project/build/lib/ros2_project\n'}
[2.507833] (ros2_project) StdoutLine: {'line': b'running install\n'}
[2.512331] (ros2_project) StdoutLine: {'line': b'running install_lib\n'}
[2.530600] (ros2_project) StdoutLine: {'line': b'copying /home/harsh/ros2_project/build/ros2_project/build/lib/ros2_project/coordinates.py -> /home/harsh/ros2_project/install/ros2_project/lib/python3.12/site-packages/ros2_project\n'}
[2.531220] (ros2_project) StdoutLine: {'line': b'byte-compiling /home/harsh/ros2_project/install/ros2_project/lib/python3.12/site-packages/ros2_project/coordinates.py to coordinates.cpython-312.pyc\n'}
[2.532006] (ros2_project) StderrLine: {'line': b'Sorry: IndentationError: unexpected indent (coordinates.py, line 60)\n'}
[2.532117] (ros2_project) StdoutLine: {'line': b'running install_data\n'}
[2.532325] (ros2_project) StdoutLine: {'line': b'running install_egg_info\n'}
[2.550324] (ros2_project) StdoutLine: {'line': b"removing '/home/harsh/ros2_project/install/ros2_project/lib/python3.12/site-packages/ros2_project-0.0.0-py3.12.egg-info' (and everything under it)\n"}
[2.550678] (ros2_project) StdoutLine: {'line': b'Copying ../../../build/ros2_project/ros2_project.egg-info to /home/harsh/ros2_project/install/ros2_project/lib/python3.12/site-packages/ros2_project-0.0.0-py3.12.egg-info\n'}
[2.551833] (ros2_project) StdoutLine: {'line': b'running install_scripts\n'}
[2.605299] (-) TimerEvent: {}
[2.650335] (ros2_project) StdoutLine: {'line': b'Installing camera_info_publisher script to /home/harsh/ros2_project/install/ros2_project/lib/ros2_project\n'}
[2.650657] (ros2_project) StdoutLine: {'line': b'Installing control script to /home/harsh/ros2_project/install/ros2_project/lib/ros2_project\n'}
[2.650774] (ros2_project) StdoutLine: {'line': b'Installing coordinates script to /home/harsh/ros2_project/install/ros2_project/lib/ros2_project\n'}
[2.650876] (ros2_project) StdoutLine: {'line': b'Installing image_saver script to /home/harsh/ros2_project/install/ros2_project/lib/ros2_project\n'}
[2.651028] (ros2_project) StdoutLine: {'line': b'Installing odometry_tf_broadcaster script to /home/harsh/ros2_project/install/ros2_project/lib/ros2_project\n'}
[2.651146] (ros2_project) StdoutLine: {'line': b'Installing offboard_control script to /home/harsh/ros2_project/install/ros2_project/lib/ros2_project\n'}
[2.651238] (ros2_project) StdoutLine: {'line': b'Installing processes script to /home/harsh/ros2_project/install/ros2_project/lib/ros2_project\n'}
[2.651329] (ros2_project) StdoutLine: {'line': b'Installing velocity_control script to /home/harsh/ros2_project/install/ros2_project/lib/ros2_project\n'}
[2.651420] (ros2_project) StdoutLine: {'line': b'Installing visualizer script to /home/harsh/ros2_project/install/ros2_project/lib/ros2_project\n'}
[2.651509] (ros2_project) StdoutLine: {'line': b'Installing yolo script to /home/harsh/ros2_project/install/ros2_project/lib/ros2_project\n'}
[2.651621] (ros2_project) StdoutLine: {'line': b"writing list of installed files to '/home/harsh/ros2_project/build/ros2_project/install.log'\n"}
[2.686557] (ros2_project) CommandEnded: {'returncode': 0}
[2.691103] (ros2_project) JobEnded: {'identifier': 'ros2_project', 'rc': 0}
[2.691831] (-) EventReactorShutdown: {}
