[0.000000] (-) TimerEvent: {}
[0.000248] (px4_msgs) JobQueued: {'identifier': 'px4_msgs', 'dependencies': OrderedDict()}
[0.000413] (ros2_project) JobQueued: {'identifier': 'ros2_project', 'dependencies': OrderedDict({'px4_msgs': '/home/harsh/ros2_project/install/px4_msgs'})}
[0.000921] (px4_msgs) JobStarted: {'identifier': 'px4_msgs'}
[0.010449] (px4_msgs) JobProgress: {'identifier': 'px4_msgs', 'progress': 'cmake'}
[0.011082] (px4_msgs) JobProgress: {'identifier': 'px4_msgs', 'progress': 'build'}
[0.011749] (px4_msgs) Command: {'cmd': ['/usr/bin/cmake', '--build', '/home/harsh/ros2_project/build/px4_msgs', '--', '-j22', '-l22'], 'cwd': '/home/harsh/ros2_project/build/px4_msgs', 'env': OrderedDict({'GJS_DEBUG_TOPICS': 'JS ERROR;JS LOG', 'XDG_ACTIVATION_TOKEN': 'gnome-shell/Terminator/2901-1-harsh_TIME93268', 'LESSOPEN': '| /usr/bin/lesspipe %s', 'USER': 'harsh', 'GZ_CONFIG_PATH': '/opt/ros/jazzy/opt/gz_sim_vendor/share/gz:/opt/ros/jazzy/opt/sdformat_vendor/share/gz:/opt/ros/jazzy/opt/gz_gui_vendor/share/gz:/opt/ros/jazzy/opt/gz_transport_vendor/share/gz:/opt/ros/jazzy/opt/gz_rendering_vendor/share/gz:/opt/ros/jazzy/opt/gz_plugin_vendor/share/gz:/opt/ros/jazzy/opt/gz_fuel_tools_vendor/share/gz:/opt/ros/jazzy/opt/gz_msgs_vendor/share/gz:/opt/ros/jazzy/opt/gz_common_vendor/share/gz', 'XDG_SESSION_TYPE': 'x11', 'SHLVL': '1', 'LD_LIBRARY_PATH': '/home/harsh/ros2_project/install/px4_msgs/lib:/opt/ros/jazzy/opt/gz_sim_vendor/lib:/opt/ros/jazzy/opt/gz_sensors_vendor/lib:/opt/ros/jazzy/opt/gz_physics_vendor/lib:/opt/ros/jazzy/opt/sdformat_vendor/lib:/opt/ros/jazzy/opt/rviz_ogre_vendor/lib:/opt/ros/jazzy/lib/x86_64-linux-gnu:/opt/ros/jazzy/opt/gz_gui_vendor/lib:/opt/ros/jazzy/opt/gz_transport_vendor/lib:/opt/ros/jazzy/opt/gz_rendering_vendor/lib:/opt/ros/jazzy/opt/gz_plugin_vendor/lib:/opt/ros/jazzy/opt/gz_fuel_tools_vendor/lib:/opt/ros/jazzy/opt/gz_msgs_vendor/lib:/opt/ros/jazzy/opt/gz_common_vendor/lib:/opt/ros/jazzy/opt/gz_math_vendor/lib:/opt/ros/jazzy/opt/gz_utils_vendor/lib:/opt/ros/jazzy/opt/gz_tools_vendor/lib:/opt/ros/jazzy/opt/gz_ogre_next_vendor/lib:/opt/ros/jazzy/opt/gz_dartsim_vendor/lib:/opt/ros/jazzy/opt/gz_cmake_vendor/lib:/opt/ros/jazzy/lib', 'HOME': '/home/harsh', 'DESKTOP_SESSION': 'ubuntu', 'GIO_LAUNCHED_DESKTOP_FILE': '/usr/share/applications/terminator.desktop', 'ROS_PYTHON_VERSION': '3', 'GNOME_SHELL_SESSION_MODE': 'ubuntu', 'GTK_MODULES': 'gail:atk-bridge', 'PS1': '(yolo) \\[\\e]0;\\u@\\h: \\w\\a\\]${debian_chroot:+($debian_chroot)}\\[\\033[01;32m\\]\\u@\\h\\[\\033[00m\\]:\\[\\033[01;34m\\]\\w\\[\\033[00m\\]\\$', 'MANAGERPID': '2470', 'SYSTEMD_EXEC_PID': '2901', 'GSM_SKIP_SSH_AGENT_WORKAROUND': 'true', 'DBUS_SESSION_BUS_ADDRESS': 'unix:path=/run/user/1000/bus', 'COLORTERM': 'truecolor', 'TERMINATOR_DBUS_NAME': 'net.tenshu.Terminator23558193cd9818af7fe4d2c2f5bd9d00f', 'GIO_LAUNCHED_DESKTOP_FILE_PID': '4241', 'DEBUGINFOD_URLS': 'https://debuginfod.ubuntu.com', 'COLCON_PREFIX_PATH': '/home/harsh/ros2_project/install', 'ROS_DISTRO': 'jazzy', 'LOGNAME': 'harsh', 'JOURNAL_STREAM': '9:33124', '_': '/usr/bin/colcon', 'ROS_VERSION': '2', 'MEMORY_PRESSURE_WATCH': '/sys/fs/cgroup/user.slice/user-1000.slice/user@1000.service/session.slice/org.gnome.Shell@x11.service/memory.pressure', 'XDG_SESSION_CLASS': 'user', 'USERNAME': 'harsh', 'TERM': 'xterm-256color', 'GNOME_DESKTOP_SESSION_ID': 'this-is-deprecated', 'WINDOWPATH': '2', 'PATH': '/home/harsh/yolo/bin:/opt/ros/jazzy/opt/gz_msgs_vendor/bin:/opt/ros/jazzy/opt/gz_tools_vendor/bin:/opt/ros/jazzy/opt/gz_ogre_next_vendor/bin:/opt/ros/jazzy/bin:/home/harsh/.local/bin:/usr/local/sbin:/usr/local/bin:/usr/sbin:/usr/bin:/sbin:/bin:/usr/games:/usr/local/games:/snap/bin:/snap/bin', 'SESSION_MANAGER': 'local/harsh:@/tmp/.ICE-unix/2806,unix/harsh:/tmp/.ICE-unix/2806', 'INVOCATION_ID': '4e2239703d944941a029883b6660be4d', 'XDG_MENU_PREFIX': 'gnome-', 'XDG_RUNTIME_DIR': '/run/user/1000', 'DISPLAY': ':1', 'TERMINATOR_DBUS_PATH': '/net/tenshu/Terminator2', 'LANG': 'en_US.UTF-8', 'XDG_CURRENT_DESKTOP': 'ubuntu:GNOME', 'VIRTUAL_ENV_PROMPT': '(yolo)', 'XMODIFIERS': '@im=ibus', 'XDG_SESSION_DESKTOP': 'ubuntu', 'XAUTHORITY': '/run/user/1000/gdm/Xauthority', 'LS_COLORS': 'rs=0:di=01;34:ln=01;36:mh=00:pi=40;33:so=01;35:do=01;35:bd=40;33;01:cd=40;33;01:or=40;31;01:mi=00:su=37;41:sg=30;43:ca=00:tw=30;42:ow=34;42:st=37;44:ex=01;32:*.tar=01;31:*.tgz=01;31:*.arc=01;31:*.arj=01;31:*.taz=01;31:*.lha=01;31:*.lz4=01;31:*.lzh=01;31:*.lzma=01;31:*.tlz=01;31:*.txz=01;31:*.tzo=01;31:*.t7z=01;31:*.zip=01;31:*.z=01;31:*.dz=01;31:*.gz=01;31:*.lrz=01;31:*.lz=01;31:*.lzo=01;31:*.xz=01;31:*.zst=01;31:*.tzst=01;31:*.bz2=01;31:*.bz=01;31:*.tbz=01;31:*.tbz2=01;31:*.tz=01;31:*.deb=01;31:*.rpm=01;31:*.jar=01;31:*.war=01;31:*.ear=01;31:*.sar=01;31:*.rar=01;31:*.alz=01;31:*.ace=01;31:*.zoo=01;31:*.cpio=01;31:*.7z=01;31:*.rz=01;31:*.cab=01;31:*.wim=01;31:*.swm=01;31:*.dwm=01;31:*.esd=01;31:*.avif=01;35:*.jpg=01;35:*.jpeg=01;35:*.mjpg=01;35:*.mjpeg=01;35:*.gif=01;35:*.bmp=01;35:*.pbm=01;35:*.pgm=01;35:*.ppm=01;35:*.tga=01;35:*.xbm=01;35:*.xpm=01;35:*.tif=01;35:*.tiff=01;35:*.png=01;35:*.svg=01;35:*.svgz=01;35:*.mng=01;35:*.pcx=01;35:*.mov=01;35:*.mpg=01;35:*.mpeg=01;35:*.m2v=01;35:*.mkv=01;35:*.webm=01;35:*.webp=01;35:*.ogm=01;35:*.mp4=01;35:*.m4v=01;35:*.mp4v=01;35:*.vob=01;35:*.qt=01;35:*.nuv=01;35:*.wmv=01;35:*.asf=01;35:*.rm=01;35:*.rmvb=01;35:*.flc=01;35:*.avi=01;35:*.fli=01;35:*.flv=01;35:*.gl=01;35:*.dl=01;35:*.xcf=01;35:*.xwd=01;35:*.yuv=01;35:*.cgm=01;35:*.emf=01;35:*.ogv=01;35:*.ogx=01;35:*.aac=00;36:*.au=00;36:*.flac=00;36:*.m4a=00;36:*.mid=00;36:*.midi=00;36:*.mka=00;36:*.mp3=00;36:*.mpc=00;36:*.ogg=00;36:*.ra=00;36:*.wav=00;36:*.oga=00;36:*.opus=00;36:*.spx=00;36:*.xspf=00;36:*~=00;90:*#=00;90:*.bak=00;90:*.crdownload=00;90:*.dpkg-dist=00;90:*.dpkg-new=00;90:*.dpkg-old=00;90:*.dpkg-tmp=00;90:*.old=00;90:*.orig=00;90:*.part=00;90:*.rej=00;90:*.rpmnew=00;90:*.rpmorig=00;90:*.rpmsave=00;90:*.swp=00;90:*.tmp=00;90:*.ucf-dist=00;90:*.ucf-new=00;90:*.ucf-old=00;90:', 'SSH_AUTH_SOCK': '/run/user/1000/keyring/ssh', 'AMENT_PREFIX_PATH': '/home/harsh/ros2_project/install/ros2_project:/home/harsh/ros2_project/install/px4_msgs:/opt/ros/jazzy', 'SHELL': '/bin/bash', 'TERMINATOR_UUID': 'urn:uuid:6709cddb-6949-4e25-8283-2b735b801b48', 'QT_ACCESSIBILITY': '1', 'GDMSESSION': 'ubuntu', 'LESSCLOSE': '/usr/bin/lesspipe %s %s', 'GPG_AGENT_INFO': '/run/user/1000/gnupg/S.gpg-agent:0:1', 'GJS_DEBUG_OUTPUT': 'stderr', 'VIRTUAL_ENV': '/home/harsh/yolo', 'ROS_AUTOMATIC_DISCOVERY_RANGE': 'SUBNET', 'QT_IM_MODULE': 'ibus', 'PWD': '/home/harsh/ros2_project/build/px4_msgs', 'LC_ALL': 'en_US.UTF-8', 'XDG_CONFIG_DIRS': '/etc/xdg/xdg-ubuntu:/etc/xdg', 'XDG_DATA_DIRS': '/usr/share/ubuntu:/usr/share/gnome:/usr/local/share/:/usr/share/:/var/lib/snapd/desktop', 'PYTHONPATH': '/home/harsh/ros2_project/install/ros2_project/lib/python3.12/site-packages:/home/harsh/ros2_project/install/px4_msgs/lib/python3.12/site-packages:/opt/ros/jazzy/lib/python3.12/site-packages:$PYTHONPATH:/home/harsh/yolo/lib/python3.12/site-packages', 'COLCON': '1', 'MEMORY_PRESSURE_WRITE': 'c29tZSAyMDAwMDAgMjAwMDAwMAA=', 'VTE_VERSION': '7600', 'CMAKE_PREFIX_PATH': '/home/harsh/ros2_project/install/px4_msgs:/opt/ros/jazzy/opt/gz_sim_vendor:/opt/ros/jazzy/opt/gz_sensors_vendor:/opt/ros/jazzy/opt/gz_physics_vendor:/opt/ros/jazzy/opt/sdformat_vendor:/opt/ros/jazzy/opt/gz_gui_vendor:/opt/ros/jazzy/opt/gz_transport_vendor:/opt/ros/jazzy/opt/gz_rendering_vendor:/opt/ros/jazzy/opt/gz_plugin_vendor:/opt/ros/jazzy/opt/gz_fuel_tools_vendor:/opt/ros/jazzy/opt/gz_msgs_vendor:/opt/ros/jazzy/opt/gz_common_vendor:/opt/ros/jazzy/opt/gz_math_vendor:/opt/ros/jazzy/opt/gz_utils_vendor:/opt/ros/jazzy/opt/gz_tools_vendor:/opt/ros/jazzy/opt/gz_ogre_next_vendor:/opt/ros/jazzy/opt/gz_dartsim_vendor:/opt/ros/jazzy/opt/gz_cmake_vendor:/home/harsh/ros2_project/install/ros2_project:/opt/ros/jazzy'}), 'shell': False}
[0.099768] (-) TimerEvent: {}
[0.200089] (-) TimerEvent: {}
[0.300506] (-) TimerEvent: {}
[0.400973] (-) TimerEvent: {}
[0.501489] (-) TimerEvent: {}
[0.520641] (px4_msgs) StdoutLine: {'line': b'[  0%] Built target px4_msgs__rosidl_generator_type_description\n'}
[0.567698] (px4_msgs) StdoutLine: {'line': b'[  0%] Built target px4_msgs__cpp\n'}
[0.600195] (px4_msgs) StdoutLine: {'line': b'[  0%] Built target ament_cmake_python_copy_px4_msgs\n'}
[0.601541] (-) TimerEvent: {}
[0.701895] (-) TimerEvent: {}
[0.709044] (px4_msgs) StdoutLine: {'line': b'[ 29%] Built target px4_msgs__rosidl_generator_c\n'}
[0.788529] (px4_msgs) StdoutLine: {'line': b'[ 39%] Built target px4_msgs__rosidl_typesupport_c\n'}
[0.797833] (px4_msgs) StdoutLine: {'line': b'[ 49%] Built target px4_msgs__rosidl_typesupport_introspection_c\n'}
[0.801982] (-) TimerEvent: {}
[0.828574] (px4_msgs) StdoutLine: {'line': b'[ 59%] Built target px4_msgs__rosidl_typesupport_cpp\n'}
[0.839926] (px4_msgs) StdoutLine: {'line': b'[ 69%] Built target px4_msgs__rosidl_typesupport_fastrtps_c\n'}
[0.841113] (px4_msgs) StdoutLine: {'line': b'[ 79%] Built target px4_msgs__rosidl_typesupport_fastrtps_cpp\n'}
[0.846267] (px4_msgs) StdoutLine: {'line': b'[ 89%] Built target px4_msgs__rosidl_typesupport_introspection_cpp\n'}
[0.876411] (px4_msgs) StdoutLine: {'line': b'[ 89%] Built target px4_msgs\n'}
[0.878779] (px4_msgs) StdoutLine: {'line': b'running egg_info\n'}
[0.901632] (px4_msgs) StdoutLine: {'line': b'writing px4_msgs.egg-info/PKG-INFO\n'}
[0.901990] (-) TimerEvent: {}
[0.902191] (px4_msgs) StdoutLine: {'line': b'writing dependency_links to px4_msgs.egg-info/dependency_links.txt\n'}
[0.902404] (px4_msgs) StdoutLine: {'line': b'writing top-level names to px4_msgs.egg-info/top_level.txt\n'}
[0.913456] (px4_msgs) StdoutLine: {'line': b'[ 89%] Built target px4_msgs__py\n'}
[0.961556] (px4_msgs) StdoutLine: {'line': b"reading manifest file 'px4_msgs.egg-info/SOURCES.txt'\n"}
[0.966146] (px4_msgs) StdoutLine: {'line': b"writing manifest file 'px4_msgs.egg-info/SOURCES.txt'\n"}
[1.002109] (-) TimerEvent: {}
[1.024209] (px4_msgs) StdoutLine: {'line': b'[ 89%] Built target ament_cmake_python_build_px4_msgs_egg\n'}
[1.035828] (px4_msgs) StdoutLine: {'line': b'[ 99%] Built target px4_msgs__rosidl_generator_py\n'}
[1.065700] (px4_msgs) StdoutLine: {'line': b'[ 99%] Built target px4_msgs_s__rosidl_typesupport_c\n'}
[1.072902] (px4_msgs) StdoutLine: {'line': b'[ 99%] Built target px4_msgs_s__rosidl_typesupport_fastrtps_c\n'}
[1.073358] (px4_msgs) StdoutLine: {'line': b'[100%] Built target px4_msgs_s__rosidl_typesupport_introspection_c\n'}
[1.088737] (px4_msgs) CommandEnded: {'returncode': 0}
[1.089612] (px4_msgs) JobProgress: {'identifier': 'px4_msgs', 'progress': 'install'}
[1.102374] (px4_msgs) Command: {'cmd': ['/usr/bin/cmake', '--install', '/home/harsh/ros2_project/build/px4_msgs'], 'cwd': '/home/harsh/ros2_project/build/px4_msgs', 'env': OrderedDict({'GJS_DEBUG_TOPICS': 'JS ERROR;JS LOG', 'XDG_ACTIVATION_TOKEN': 'gnome-shell/Terminator/2901-1-harsh_TIME93268', 'LESSOPEN': '| /usr/bin/lesspipe %s', 'USER': 'harsh', 'GZ_CONFIG_PATH': '/opt/ros/jazzy/opt/gz_sim_vendor/share/gz:/opt/ros/jazzy/opt/sdformat_vendor/share/gz:/opt/ros/jazzy/opt/gz_gui_vendor/share/gz:/opt/ros/jazzy/opt/gz_transport_vendor/share/gz:/opt/ros/jazzy/opt/gz_rendering_vendor/share/gz:/opt/ros/jazzy/opt/gz_plugin_vendor/share/gz:/opt/ros/jazzy/opt/gz_fuel_tools_vendor/share/gz:/opt/ros/jazzy/opt/gz_msgs_vendor/share/gz:/opt/ros/jazzy/opt/gz_common_vendor/share/gz', 'XDG_SESSION_TYPE': 'x11', 'SHLVL': '1', 'LD_LIBRARY_PATH': '/home/harsh/ros2_project/install/px4_msgs/lib:/opt/ros/jazzy/opt/gz_sim_vendor/lib:/opt/ros/jazzy/opt/gz_sensors_vendor/lib:/opt/ros/jazzy/opt/gz_physics_vendor/lib:/opt/ros/jazzy/opt/sdformat_vendor/lib:/opt/ros/jazzy/opt/rviz_ogre_vendor/lib:/opt/ros/jazzy/lib/x86_64-linux-gnu:/opt/ros/jazzy/opt/gz_gui_vendor/lib:/opt/ros/jazzy/opt/gz_transport_vendor/lib:/opt/ros/jazzy/opt/gz_rendering_vendor/lib:/opt/ros/jazzy/opt/gz_plugin_vendor/lib:/opt/ros/jazzy/opt/gz_fuel_tools_vendor/lib:/opt/ros/jazzy/opt/gz_msgs_vendor/lib:/opt/ros/jazzy/opt/gz_common_vendor/lib:/opt/ros/jazzy/opt/gz_math_vendor/lib:/opt/ros/jazzy/opt/gz_utils_vendor/lib:/opt/ros/jazzy/opt/gz_tools_vendor/lib:/opt/ros/jazzy/opt/gz_ogre_next_vendor/lib:/opt/ros/jazzy/opt/gz_dartsim_vendor/lib:/opt/ros/jazzy/opt/gz_cmake_vendor/lib:/opt/ros/jazzy/lib', 'HOME': '/home/harsh', 'DESKTOP_SESSION': 'ubuntu', 'GIO_LAUNCHED_DESKTOP_FILE': '/usr/share/applications/terminator.desktop', 'ROS_PYTHON_VERSION': '3', 'GNOME_SHELL_SESSION_MODE': 'ubuntu', 'GTK_MODULES': 'gail:atk-bridge', 'PS1': '(yolo) \\[\\e]0;\\u@\\h: \\w\\a\\]${debian_chroot:+($debian_chroot)}\\[\\033[01;32m\\]\\u@\\h\\[\\033[00m\\]:\\[\\033[01;34m\\]\\w\\[\\033[00m\\]\\$', 'MANAGERPID': '2470', 'SYSTEMD_EXEC_PID': '2901', 'GSM_SKIP_SSH_AGENT_WORKAROUND': 'true', 'DBUS_SESSION_BUS_ADDRESS': 'unix:path=/run/user/1000/bus', 'COLORTERM': 'truecolor', 'TERMINATOR_DBUS_NAME': 'net.tenshu.Terminator23558193cd9818af7fe4d2c2f5bd9d00f', 'GIO_LAUNCHED_DESKTOP_FILE_PID': '4241', 'DEBUGINFOD_URLS': 'https://debuginfod.ubuntu.com', 'COLCON_PREFIX_PATH': '/home/harsh/ros2_project/install', 'ROS_DISTRO': 'jazzy', 'LOGNAME': 'harsh', 'JOURNAL_STREAM': '9:33124', '_': '/usr/bin/colcon', 'ROS_VERSION': '2', 'MEMORY_PRESSURE_WATCH': '/sys/fs/cgroup/user.slice/user-1000.slice/user@1000.service/session.slice/org.gnome.Shell@x11.service/memory.pressure', 'XDG_SESSION_CLASS': 'user', 'USERNAME': 'harsh', 'TERM': 'xterm-256color', 'GNOME_DESKTOP_SESSION_ID': 'this-is-deprecated', 'WINDOWPATH': '2', 'PATH': '/home/harsh/yolo/bin:/opt/ros/jazzy/opt/gz_msgs_vendor/bin:/opt/ros/jazzy/opt/gz_tools_vendor/bin:/opt/ros/jazzy/opt/gz_ogre_next_vendor/bin:/opt/ros/jazzy/bin:/home/harsh/.local/bin:/usr/local/sbin:/usr/local/bin:/usr/sbin:/usr/bin:/sbin:/bin:/usr/games:/usr/local/games:/snap/bin:/snap/bin', 'SESSION_MANAGER': 'local/harsh:@/tmp/.ICE-unix/2806,unix/harsh:/tmp/.ICE-unix/2806', 'INVOCATION_ID': '4e2239703d944941a029883b6660be4d', 'XDG_MENU_PREFIX': 'gnome-', 'XDG_RUNTIME_DIR': '/run/user/1000', 'DISPLAY': ':1', 'TERMINATOR_DBUS_PATH': '/net/tenshu/Terminator2', 'LANG': 'en_US.UTF-8', 'XDG_CURRENT_DESKTOP': 'ubuntu:GNOME', 'VIRTUAL_ENV_PROMPT': '(yolo)', 'XMODIFIERS': '@im=ibus', 'XDG_SESSION_DESKTOP': 'ubuntu', 'XAUTHORITY': '/run/user/1000/gdm/Xauthority', 'LS_COLORS': 'rs=0:di=01;34:ln=01;36:mh=00:pi=40;33:so=01;35:do=01;35:bd=40;33;01:cd=40;33;01:or=40;31;01:mi=00:su=37;41:sg=30;43:ca=00:tw=30;42:ow=34;42:st=37;44:ex=01;32:*.tar=01;31:*.tgz=01;31:*.arc=01;31:*.arj=01;31:*.taz=01;31:*.lha=01;31:*.lz4=01;31:*.lzh=01;31:*.lzma=01;31:*.tlz=01;31:*.txz=01;31:*.tzo=01;31:*.t7z=01;31:*.zip=01;31:*.z=01;31:*.dz=01;31:*.gz=01;31:*.lrz=01;31:*.lz=01;31:*.lzo=01;31:*.xz=01;31:*.zst=01;31:*.tzst=01;31:*.bz2=01;31:*.bz=01;31:*.tbz=01;31:*.tbz2=01;31:*.tz=01;31:*.deb=01;31:*.rpm=01;31:*.jar=01;31:*.war=01;31:*.ear=01;31:*.sar=01;31:*.rar=01;31:*.alz=01;31:*.ace=01;31:*.zoo=01;31:*.cpio=01;31:*.7z=01;31:*.rz=01;31:*.cab=01;31:*.wim=01;31:*.swm=01;31:*.dwm=01;31:*.esd=01;31:*.avif=01;35:*.jpg=01;35:*.jpeg=01;35:*.mjpg=01;35:*.mjpeg=01;35:*.gif=01;35:*.bmp=01;35:*.pbm=01;35:*.pgm=01;35:*.ppm=01;35:*.tga=01;35:*.xbm=01;35:*.xpm=01;35:*.tif=01;35:*.tiff=01;35:*.png=01;35:*.svg=01;35:*.svgz=01;35:*.mng=01;35:*.pcx=01;35:*.mov=01;35:*.mpg=01;35:*.mpeg=01;35:*.m2v=01;35:*.mkv=01;35:*.webm=01;35:*.webp=01;35:*.ogm=01;35:*.mp4=01;35:*.m4v=01;35:*.mp4v=01;35:*.vob=01;35:*.qt=01;35:*.nuv=01;35:*.wmv=01;35:*.asf=01;35:*.rm=01;35:*.rmvb=01;35:*.flc=01;35:*.avi=01;35:*.fli=01;35:*.flv=01;35:*.gl=01;35:*.dl=01;35:*.xcf=01;35:*.xwd=01;35:*.yuv=01;35:*.cgm=01;35:*.emf=01;35:*.ogv=01;35:*.ogx=01;35:*.aac=00;36:*.au=00;36:*.flac=00;36:*.m4a=00;36:*.mid=00;36:*.midi=00;36:*.mka=00;36:*.mp3=00;36:*.mpc=00;36:*.ogg=00;36:*.ra=00;36:*.wav=00;36:*.oga=00;36:*.opus=00;36:*.spx=00;36:*.xspf=00;36:*~=00;90:*#=00;90:*.bak=00;90:*.crdownload=00;90:*.dpkg-dist=00;90:*.dpkg-new=00;90:*.dpkg-old=00;90:*.dpkg-tmp=00;90:*.old=00;90:*.orig=00;90:*.part=00;90:*.rej=00;90:*.rpmnew=00;90:*.rpmorig=00;90:*.rpmsave=00;90:*.swp=00;90:*.tmp=00;90:*.ucf-dist=00;90:*.ucf-new=00;90:*.ucf-old=00;90:', 'SSH_AUTH_SOCK': '/run/user/1000/keyring/ssh', 'AMENT_PREFIX_PATH': '/home/harsh/ros2_project/install/ros2_project:/home/harsh/ros2_project/install/px4_msgs:/opt/ros/jazzy', 'SHELL': '/bin/bash', 'TERMINATOR_UUID': 'urn:uuid:6709cddb-6949-4e25-8283-2b735b801b48', 'QT_ACCESSIBILITY': '1', 'GDMSESSION': 'ubuntu', 'LESSCLOSE': '/usr/bin/lesspipe %s %s', 'GPG_AGENT_INFO': '/run/user/1000/gnupg/S.gpg-agent:0:1', 'GJS_DEBUG_OUTPUT': 'stderr', 'VIRTUAL_ENV': '/home/harsh/yolo', 'ROS_AUTOMATIC_DISCOVERY_RANGE': 'SUBNET', 'QT_IM_MODULE': 'ibus', 'PWD': '/home/harsh/ros2_project/build/px4_msgs', 'LC_ALL': 'en_US.UTF-8', 'XDG_CONFIG_DIRS': '/etc/xdg/xdg-ubuntu:/etc/xdg', 'XDG_DATA_DIRS': '/usr/share/ubuntu:/usr/share/gnome:/usr/local/share/:/usr/share/:/var/lib/snapd/desktop', 'PYTHONPATH': '/home/harsh/ros2_project/install/ros2_project/lib/python3.12/site-packages:/home/harsh/ros2_project/install/px4_msgs/lib/python3.12/site-packages:/opt/ros/jazzy/lib/python3.12/site-packages:$PYTHONPATH:/home/harsh/yolo/lib/python3.12/site-packages', 'COLCON': '1', 'MEMORY_PRESSURE_WRITE': 'c29tZSAyMDAwMDAgMjAwMDAwMAA=', 'VTE_VERSION': '7600', 'CMAKE_PREFIX_PATH': '/home/harsh/ros2_project/install/px4_msgs:/opt/ros/jazzy/opt/gz_sim_vendor:/opt/ros/jazzy/opt/gz_sensors_vendor:/opt/ros/jazzy/opt/gz_physics_vendor:/opt/ros/jazzy/opt/sdformat_vendor:/opt/ros/jazzy/opt/gz_gui_vendor:/opt/ros/jazzy/opt/gz_transport_vendor:/opt/ros/jazzy/opt/gz_rendering_vendor:/opt/ros/jazzy/opt/gz_plugin_vendor:/opt/ros/jazzy/opt/gz_fuel_tools_vendor:/opt/ros/jazzy/opt/gz_msgs_vendor:/opt/ros/jazzy/opt/gz_common_vendor:/opt/ros/jazzy/opt/gz_math_vendor:/opt/ros/jazzy/opt/gz_utils_vendor:/opt/ros/jazzy/opt/gz_tools_vendor:/opt/ros/jazzy/opt/gz_ogre_next_vendor:/opt/ros/jazzy/opt/gz_dartsim_vendor:/opt/ros/jazzy/opt/gz_cmake_vendor:/home/harsh/ros2_project/install/ros2_project:/opt/ros/jazzy'}), 'shell': False}
[1.103077] (-) TimerEvent: {}
[1.115971] (px4_msgs) StdoutLine: {'line': b'-- Install configuration: ""\n'}
[1.116469] (px4_msgs) StdoutLine: {'line': b'-- Up-to-date: /home/harsh/ros2_project/install/px4_msgs/share/ament_index/resource_index/rosidl_interfaces/px4_msgs\n'}
[1.116739] (px4_msgs) StdoutLine: {'line': b'-- Up-to-date: /home/harsh/ros2_project/install/px4_msgs/share/px4_msgs/msg/ActionRequest.json\n'}
[1.116837] (px4_msgs) StdoutLine: {'line': b'-- Up-to-date: /home/harsh/ros2_project/install/px4_msgs/share/px4_msgs/msg/ActuatorArmed.json\n'}
[1.116925] (px4_msgs) StdoutLine: {'line': b'-- Up-to-date: /home/harsh/ros2_project/install/px4_msgs/share/px4_msgs/msg/ActuatorControlsStatus.json\n'}
[1.117003] (px4_msgs) StdoutLine: {'line': b'-- Up-to-date: /home/harsh/ros2_project/install/px4_msgs/share/px4_msgs/msg/ActuatorMotors.json\n'}
[1.117076] (px4_msgs) StdoutLine: {'line': b'-- Up-to-date: /home/harsh/ros2_project/install/px4_msgs/share/px4_msgs/msg/ActuatorOutputs.json\n'}
[1.117145] (px4_msgs) StdoutLine: {'line': b'-- Up-to-date: /home/harsh/ros2_project/install/px4_msgs/share/px4_msgs/msg/ActuatorServos.json\n'}
[1.117216] (px4_msgs) StdoutLine: {'line': b'-- Up-to-date: /home/harsh/ros2_project/install/px4_msgs/share/px4_msgs/msg/ActuatorServosTrim.json\n'}
[1.117289] (px4_msgs) StdoutLine: {'line': b'-- Up-to-date: /home/harsh/ros2_project/install/px4_msgs/share/px4_msgs/msg/ActuatorTest.json\n'}
[1.117415] (px4_msgs) StdoutLine: {'line': b'-- Up-to-date: /home/harsh/ros2_project/install/px4_msgs/share/px4_msgs/msg/AdcReport.json\n'}
[1.117599] (px4_msgs) StdoutLine: {'line': b'-- Up-to-date: /home/harsh/ros2_project/install/px4_msgs/share/px4_msgs/msg/Airspeed.json\n'}
[1.117675] (px4_msgs) StdoutLine: {'line': b'-- Up-to-date: /home/harsh/ros2_project/install/px4_msgs/share/px4_msgs/msg/AirspeedValidated.json\n'}
[1.117748] (px4_msgs) StdoutLine: {'line': b'-- Up-to-date: /home/harsh/ros2_project/install/px4_msgs/share/px4_msgs/msg/AirspeedWind.json\n'}
[1.117846] (px4_msgs) StdoutLine: {'line': b'-- Up-to-date: /home/harsh/ros2_project/install/px4_msgs/share/px4_msgs/msg/ArmingCheckReply.json\n'}
[1.117921] (px4_msgs) StdoutLine: {'line': b'-- Up-to-date: /home/harsh/ros2_project/install/px4_msgs/share/px4_msgs/msg/ArmingCheckRequest.json\n'}
[1.117990] (px4_msgs) StdoutLine: {'line': b'-- Up-to-date: /home/harsh/ros2_project/install/px4_msgs/share/px4_msgs/msg/AutotuneAttitudeControlStatus.json\n'}
[1.118058] (px4_msgs) StdoutLine: {'line': b'-- Up-to-date: /home/harsh/ros2_project/install/px4_msgs/share/px4_msgs/msg/BatteryStatus.json\n'}
[1.118301] (px4_msgs) StdoutLine: {'line': b'-- Up-to-date: /home/harsh/ros2_project/install/px4_msgs/share/px4_msgs/msg/Buffer128.json\n'}
[1.118449] (px4_msgs) StdoutLine: {'line': b'-- Up-to-date: /home/harsh/ros2_project/install/px4_msgs/share/px4_msgs/msg/ButtonEvent.json\n'}
[1.118555] (px4_msgs) StdoutLine: {'line': b'-- Up-to-date: /home/harsh/ros2_project/install/px4_msgs/share/px4_msgs/msg/CameraCapture.json\n'}
[1.118635] (px4_msgs) StdoutLine: {'line': b'-- Up-to-date: /home/harsh/ros2_project/install/px4_msgs/share/px4_msgs/msg/CameraStatus.json\n'}
[1.118709] (px4_msgs) StdoutLine: {'line': b'-- Up-to-date: /home/harsh/ros2_project/install/px4_msgs/share/px4_msgs/msg/CameraTrigger.json\n'}
[1.118790] (px4_msgs) StdoutLine: {'line': b'-- Up-to-date: /home/harsh/ros2_project/install/px4_msgs/share/px4_msgs/msg/CanInterfaceStatus.json\n'}
[1.118869] (px4_msgs) StdoutLine: {'line': b'-- Up-to-date: /home/harsh/ros2_project/install/px4_msgs/share/px4_msgs/msg/CellularStatus.json\n'}
[1.118944] (px4_msgs) StdoutLine: {'line': b'-- Up-to-date: /home/harsh/ros2_project/install/px4_msgs/share/px4_msgs/msg/CollisionConstraints.json\n'}
[1.119018] (px4_msgs) StdoutLine: {'line': b'-- Up-to-date: /home/harsh/ros2_project/install/px4_msgs/share/px4_msgs/msg/CollisionReport.json\n'}
[1.119088] (px4_msgs) StdoutLine: {'line': b'-- Up-to-date: /home/harsh/ros2_project/install/px4_msgs/share/px4_msgs/msg/ConfigOverrides.json\n'}
[1.119160] (px4_msgs) StdoutLine: {'line': b'-- Up-to-date: /home/harsh/ros2_project/install/px4_msgs/share/px4_msgs/msg/ControlAllocatorStatus.json\n'}
[1.119231] (px4_msgs) StdoutLine: {'line': b'-- Up-to-date: /home/harsh/ros2_project/install/px4_msgs/share/px4_msgs/msg/Cpuload.json\n'}
[1.119305] (px4_msgs) StdoutLine: {'line': b'-- Up-to-date: /home/harsh/ros2_project/install/px4_msgs/share/px4_msgs/msg/DatamanRequest.json\n'}
[1.119467] (px4_msgs) StdoutLine: {'line': b'-- Up-to-date: /home/harsh/ros2_project/install/px4_msgs/share/px4_msgs/msg/DatamanResponse.json\n'}
[1.119538] (px4_msgs) StdoutLine: {'line': b'-- Up-to-date: /home/harsh/ros2_project/install/px4_msgs/share/px4_msgs/msg/DebugArray.json\n'}
[1.119606] (px4_msgs) StdoutLine: {'line': b'-- Up-to-date: /home/harsh/ros2_project/install/px4_msgs/share/px4_msgs/msg/DebugKeyValue.json\n'}
[1.119671] (px4_msgs) StdoutLine: {'line': b'-- Up-to-date: /home/harsh/ros2_project/install/px4_msgs/share/px4_msgs/msg/DebugValue.json\n'}
[1.119736] (px4_msgs) StdoutLine: {'line': b'-- Up-to-date: /home/harsh/ros2_project/install/px4_msgs/share/px4_msgs/msg/DebugVect.json\n'}
[1.119802] (px4_msgs) StdoutLine: {'line': b'-- Up-to-date: /home/harsh/ros2_project/install/px4_msgs/share/px4_msgs/msg/DifferentialDriveSetpoint.json\n'}
[1.119867] (px4_msgs) StdoutLine: {'line': b'-- Up-to-date: /home/harsh/ros2_project/install/px4_msgs/share/px4_msgs/msg/DifferentialPressure.json\n'}
[1.119933] (px4_msgs) StdoutLine: {'line': b'-- Up-to-date: /home/harsh/ros2_project/install/px4_msgs/share/px4_msgs/msg/DistanceSensor.json\n'}
[1.119998] (px4_msgs) StdoutLine: {'line': b'-- Up-to-date: /home/harsh/ros2_project/install/px4_msgs/share/px4_msgs/msg/Ekf2Timestamps.json\n'}
[1.120063] (px4_msgs) StdoutLine: {'line': b'-- Up-to-date: /home/harsh/ros2_project/install/px4_msgs/share/px4_msgs/msg/EscReport.json\n'}
[1.120128] (px4_msgs) StdoutLine: {'line': b'-- Up-to-date: /home/harsh/ros2_project/install/px4_msgs/share/px4_msgs/msg/EscStatus.json\n'}
[1.120193] (px4_msgs) StdoutLine: {'line': b'-- Up-to-date: /home/harsh/ros2_project/install/px4_msgs/share/px4_msgs/msg/EstimatorAidSource1d.json\n'}
[1.120256] (px4_msgs) StdoutLine: {'line': b'-- Up-to-date: /home/harsh/ros2_project/install/px4_msgs/share/px4_msgs/msg/EstimatorAidSource2d.json\n'}
[1.120327] (px4_msgs) StdoutLine: {'line': b'-- Up-to-date: /home/harsh/ros2_project/install/px4_msgs/share/px4_msgs/msg/EstimatorAidSource3d.json\n'}
[1.120412] (px4_msgs) StdoutLine: {'line': b'-- Up-to-date: /home/harsh/ros2_project/install/px4_msgs/share/px4_msgs/msg/EstimatorBias.json\n'}
[1.120541] (px4_msgs) StdoutLine: {'line': b'-- Up-to-date: /home/harsh/ros2_project/install/px4_msgs/share/px4_msgs/msg/EstimatorBias3d.json\n'}
[1.120605] (px4_msgs) StdoutLine: {'line': b'-- Up-to-date: /home/harsh/ros2_project/install/px4_msgs/share/px4_msgs/msg/EstimatorEventFlags.json\n'}
[1.120668] (px4_msgs) StdoutLine: {'line': b'-- Up-to-date: /home/harsh/ros2_project/install/px4_msgs/share/px4_msgs/msg/EstimatorGpsStatus.json\n'}
[1.120732] (px4_msgs) StdoutLine: {'line': b'-- Up-to-date: /home/harsh/ros2_project/install/px4_msgs/share/px4_msgs/msg/EstimatorInnovations.json\n'}
[1.120796] (px4_msgs) StdoutLine: {'line': b'-- Up-to-date: /home/harsh/ros2_project/install/px4_msgs/share/px4_msgs/msg/EstimatorSelectorStatus.json\n'}
[1.120861] (px4_msgs) StdoutLine: {'line': b'-- Up-to-date: /home/harsh/ros2_project/install/px4_msgs/share/px4_msgs/msg/EstimatorSensorBias.json\n'}
[1.120968] (px4_msgs) StdoutLine: {'line': b'-- Up-to-date: /home/harsh/ros2_project/install/px4_msgs/share/px4_msgs/msg/EstimatorStates.json\n'}
[1.121034] (px4_msgs) StdoutLine: {'line': b'-- Up-to-date: /home/harsh/ros2_project/install/px4_msgs/share/px4_msgs/msg/EstimatorStatus.json\n'}
[1.121098] (px4_msgs) StdoutLine: {'line': b'-- Up-to-date: /home/harsh/ros2_project/install/px4_msgs/share/px4_msgs/msg/EstimatorStatusFlags.json\n'}
[1.121165] (px4_msgs) StdoutLine: {'line': b'-- Up-to-date: /home/harsh/ros2_project/install/px4_msgs/share/px4_msgs/msg/Event.json\n'}
[1.121238] (px4_msgs) StdoutLine: {'line': b'-- Up-to-date: /home/harsh/ros2_project/install/px4_msgs/share/px4_msgs/msg/FailsafeFlags.json\n'}
[1.121308] (px4_msgs) StdoutLine: {'line': b'-- Up-to-date: /home/harsh/ros2_project/install/px4_msgs/share/px4_msgs/msg/FailureDetectorStatus.json\n'}
[1.121455] (px4_msgs) StdoutLine: {'line': b'-- Up-to-date: /home/harsh/ros2_project/install/px4_msgs/share/px4_msgs/msg/FigureEightStatus.json\n'}
[1.121525] (px4_msgs) StdoutLine: {'line': b'-- Up-to-date: /home/harsh/ros2_project/install/px4_msgs/share/px4_msgs/msg/FlightPhaseEstimation.json\n'}
[1.121593] (px4_msgs) StdoutLine: {'line': b'-- Up-to-date: /home/harsh/ros2_project/install/px4_msgs/share/px4_msgs/msg/FollowTarget.json\n'}
[1.121661] (px4_msgs) StdoutLine: {'line': b'-- Up-to-date: /home/harsh/ros2_project/install/px4_msgs/share/px4_msgs/msg/FollowTargetEstimator.json\n'}
[1.121736] (px4_msgs) StdoutLine: {'line': b'-- Up-to-date: /home/harsh/ros2_project/install/px4_msgs/share/px4_msgs/msg/FollowTargetStatus.json\n'}
[1.121802] (px4_msgs) StdoutLine: {'line': b'-- Up-to-date: /home/harsh/ros2_project/install/px4_msgs/share/px4_msgs/msg/GeneratorStatus.json\n'}
[1.121866] (px4_msgs) StdoutLine: {'line': b'-- Up-to-date: /home/harsh/ros2_project/install/px4_msgs/share/px4_msgs/msg/GeofenceResult.json\n'}
[1.121929] (px4_msgs) StdoutLine: {'line': b'-- Up-to-date: /home/harsh/ros2_project/install/px4_msgs/share/px4_msgs/msg/GeofenceStatus.json\n'}
[1.121992] (px4_msgs) StdoutLine: {'line': b'-- Up-to-date: /home/harsh/ros2_project/install/px4_msgs/share/px4_msgs/msg/GimbalControls.json\n'}
[1.122056] (px4_msgs) StdoutLine: {'line': b'-- Up-to-date: /home/harsh/ros2_project/install/px4_msgs/share/px4_msgs/msg/GimbalDeviceAttitudeStatus.json\n'}
[1.122119] (px4_msgs) StdoutLine: {'line': b'-- Up-to-date: /home/harsh/ros2_project/install/px4_msgs/share/px4_msgs/msg/GimbalDeviceInformation.json\n'}
[1.122183] (px4_msgs) StdoutLine: {'line': b'-- Up-to-date: /home/harsh/ros2_project/install/px4_msgs/share/px4_msgs/msg/GimbalDeviceSetAttitude.json\n'}
[1.122246] (px4_msgs) StdoutLine: {'line': b'-- Up-to-date: /home/harsh/ros2_project/install/px4_msgs/share/px4_msgs/msg/GimbalManagerInformation.json\n'}
[1.122309] (px4_msgs) StdoutLine: {'line': b'-- Up-to-date: /home/harsh/ros2_project/install/px4_msgs/share/px4_msgs/msg/GimbalManagerSetAttitude.json\n'}
[1.122488] (px4_msgs) StdoutLine: {'line': b'-- Up-to-date: /home/harsh/ros2_project/install/px4_msgs/share/px4_msgs/msg/GimbalManagerSetManualControl.json\n'}
[1.122574] (px4_msgs) StdoutLine: {'line': b'-- Up-to-date: /home/harsh/ros2_project/install/px4_msgs/share/px4_msgs/msg/GimbalManagerStatus.json\n'}
[1.122637] (px4_msgs) StdoutLine: {'line': b'-- Up-to-date: /home/harsh/ros2_project/install/px4_msgs/share/px4_msgs/msg/GotoSetpoint.json\n'}
[1.122700] (px4_msgs) StdoutLine: {'line': b'-- Up-to-date: /home/harsh/ros2_project/install/px4_msgs/share/px4_msgs/msg/GpioConfig.json\n'}
[1.122764] (px4_msgs) StdoutLine: {'line': b'-- Up-to-date: /home/harsh/ros2_project/install/px4_msgs/share/px4_msgs/msg/GpioIn.json\n'}
[1.122828] (px4_msgs) StdoutLine: {'line': b'-- Up-to-date: /home/harsh/ros2_project/install/px4_msgs/share/px4_msgs/msg/GpioOut.json\n'}
[1.122891] (px4_msgs) StdoutLine: {'line': b'-- Up-to-date: /home/harsh/ros2_project/install/px4_msgs/share/px4_msgs/msg/GpioRequest.json\n'}
[1.122954] (px4_msgs) StdoutLine: {'line': b'-- Up-to-date: /home/harsh/ros2_project/install/px4_msgs/share/px4_msgs/msg/GpsDump.json\n'}
[1.123017] (px4_msgs) StdoutLine: {'line': b'-- Up-to-date: /home/harsh/ros2_project/install/px4_msgs/share/px4_msgs/msg/GpsInjectData.json\n'}
[1.123081] (px4_msgs) StdoutLine: {'line': b'-- Up-to-date: /home/harsh/ros2_project/install/px4_msgs/share/px4_msgs/msg/Gripper.json\n'}
[1.123144] (px4_msgs) StdoutLine: {'line': b'-- Up-to-date: /home/harsh/ros2_project/install/px4_msgs/share/px4_msgs/msg/HealthReport.json\n'}
[1.123206] (px4_msgs) StdoutLine: {'line': b'-- Up-to-date: /home/harsh/ros2_project/install/px4_msgs/share/px4_msgs/msg/HeaterStatus.json\n'}
[1.123271] (px4_msgs) StdoutLine: {'line': b'-- Up-to-date: /home/harsh/ros2_project/install/px4_msgs/share/px4_msgs/msg/HomePosition.json\n'}
[1.123343] (px4_msgs) StdoutLine: {'line': b'-- Up-to-date: /home/harsh/ros2_project/install/px4_msgs/share/px4_msgs/msg/HoverThrustEstimate.json\n'}
[1.123413] (px4_msgs) StdoutLine: {'line': b'-- Up-to-date: /home/harsh/ros2_project/install/px4_msgs/share/px4_msgs/msg/InputRc.json\n'}
[1.123479] (px4_msgs) StdoutLine: {'line': b'-- Up-to-date: /home/harsh/ros2_project/install/px4_msgs/share/px4_msgs/msg/InternalCombustionEngineStatus.json\n'}
[1.123543] (px4_msgs) StdoutLine: {'line': b'-- Up-to-date: /home/harsh/ros2_project/install/px4_msgs/share/px4_msgs/msg/IridiumsbdStatus.json\n'}
[1.123609] (px4_msgs) StdoutLine: {'line': b'-- Up-to-date: /home/harsh/ros2_project/install/px4_msgs/share/px4_msgs/msg/IrlockReport.json\n'}
[1.123673] (px4_msgs) StdoutLine: {'line': b'-- Up-to-date: /home/harsh/ros2_project/install/px4_msgs/share/px4_msgs/msg/LandingGear.json\n'}
[1.123753] (px4_msgs) StdoutLine: {'line': b'-- Up-to-date: /home/harsh/ros2_project/install/px4_msgs/share/px4_msgs/msg/LandingGearWheel.json\n'}
[1.123822] (px4_msgs) StdoutLine: {'line': b'-- Up-to-date: /home/harsh/ros2_project/install/px4_msgs/share/px4_msgs/msg/LandingTargetInnovations.json\n'}
[1.123884] (px4_msgs) StdoutLine: {'line': b'-- Up-to-date: /home/harsh/ros2_project/install/px4_msgs/share/px4_msgs/msg/LandingTargetPose.json\n'}
[1.123947] (px4_msgs) StdoutLine: {'line': b'-- Up-to-date: /home/harsh/ros2_project/install/px4_msgs/share/px4_msgs/msg/LaunchDetectionStatus.json\n'}
[1.124009] (px4_msgs) StdoutLine: {'line': b'-- Up-to-date: /home/harsh/ros2_project/install/px4_msgs/share/px4_msgs/msg/LedControl.json\n'}
[1.124071] (px4_msgs) StdoutLine: {'line': b'-- Up-to-date: /home/harsh/ros2_project/install/px4_msgs/share/px4_msgs/msg/LogMessage.json\n'}
[1.124134] (px4_msgs) StdoutLine: {'line': b'-- Up-to-date: /home/harsh/ros2_project/install/px4_msgs/share/px4_msgs/msg/LoggerStatus.json\n'}
[1.124196] (px4_msgs) StdoutLine: {'line': b'-- Up-to-date: /home/harsh/ros2_project/install/px4_msgs/share/px4_msgs/msg/MagWorkerData.json\n'}
[1.124258] (px4_msgs) StdoutLine: {'line': b'-- Up-to-date: /home/harsh/ros2_project/install/px4_msgs/share/px4_msgs/msg/MagnetometerBiasEstimate.json\n'}
[1.124325] (px4_msgs) StdoutLine: {'line': b'-- Up-to-date: /home/harsh/ros2_project/install/px4_msgs/share/px4_msgs/msg/ManualControlSetpoint.json\n'}
[1.124475] (px4_msgs) StdoutLine: {'line': b'-- Up-to-date: /home/harsh/ros2_project/install/px4_msgs/share/px4_msgs/msg/ManualControlSwitches.json\n'}
[1.124538] (px4_msgs) StdoutLine: {'line': b'-- Up-to-date: /home/harsh/ros2_project/install/px4_msgs/share/px4_msgs/msg/MavlinkLog.json\n'}
[1.124600] (px4_msgs) StdoutLine: {'line': b'-- Up-to-date: /home/harsh/ros2_project/install/px4_msgs/share/px4_msgs/msg/MavlinkTunnel.json\n'}
[1.124663] (px4_msgs) StdoutLine: {'line': b'-- Up-to-date: /home/harsh/ros2_project/install/px4_msgs/share/px4_msgs/msg/MessageFormatRequest.json\n'}
[1.124725] (px4_msgs) StdoutLine: {'line': b'-- Up-to-date: /home/harsh/ros2_project/install/px4_msgs/share/px4_msgs/msg/MessageFormatResponse.json\n'}
[1.124787] (px4_msgs) StdoutLine: {'line': b'-- Up-to-date: /home/harsh/ros2_project/install/px4_msgs/share/px4_msgs/msg/Mission.json\n'}
[1.124849] (px4_msgs) StdoutLine: {'line': b'-- Up-to-date: /home/harsh/ros2_project/install/px4_msgs/share/px4_msgs/msg/MissionResult.json\n'}
[1.124911] (px4_msgs) StdoutLine: {'line': b'-- Up-to-date: /home/harsh/ros2_project/install/px4_msgs/share/px4_msgs/msg/ModeCompleted.json\n'}
[1.124973] (px4_msgs) StdoutLine: {'line': b'-- Up-to-date: /home/harsh/ros2_project/install/px4_msgs/share/px4_msgs/msg/MountOrientation.json\n'}
[1.125035] (px4_msgs) StdoutLine: {'line': b'-- Up-to-date: /home/harsh/ros2_project/install/px4_msgs/share/px4_msgs/msg/NavigatorMissionItem.json\n'}
[1.125097] (px4_msgs) StdoutLine: {'line': b'-- Up-to-date: /home/harsh/ros2_project/install/px4_msgs/share/px4_msgs/msg/NormalizedUnsignedSetpoint.json\n'}
[1.125159] (px4_msgs) StdoutLine: {'line': b'-- Up-to-date: /home/harsh/ros2_project/install/px4_msgs/share/px4_msgs/msg/NpfgStatus.json\n'}
[1.125223] (px4_msgs) StdoutLine: {'line': b'-- Up-to-date: /home/harsh/ros2_project/install/px4_msgs/share/px4_msgs/msg/ObstacleDistance.json\n'}
[1.125292] (px4_msgs) StdoutLine: {'line': b'-- Up-to-date: /home/harsh/ros2_project/install/px4_msgs/share/px4_msgs/msg/OffboardControlMode.json\n'}
[1.125533] (px4_msgs) StdoutLine: {'line': b'-- Up-to-date: /home/harsh/ros2_project/install/px4_msgs/share/px4_msgs/msg/OnboardComputerStatus.json\n'}
[1.125603] (px4_msgs) StdoutLine: {'line': b'-- Up-to-date: /home/harsh/ros2_project/install/px4_msgs/share/px4_msgs/msg/OrbTest.json\n'}
[1.125668] (px4_msgs) StdoutLine: {'line': b'-- Up-to-date: /home/harsh/ros2_project/install/px4_msgs/share/px4_msgs/msg/OrbTestLarge.json\n'}
[1.125730] (px4_msgs) StdoutLine: {'line': b'-- Up-to-date: /home/harsh/ros2_project/install/px4_msgs/share/px4_msgs/msg/OrbTestMedium.json\n'}
[1.125794] (px4_msgs) StdoutLine: {'line': b'-- Up-to-date: /home/harsh/ros2_project/install/px4_msgs/share/px4_msgs/msg/OrbitStatus.json\n'}
[1.125856] (px4_msgs) StdoutLine: {'line': b'-- Up-to-date: /home/harsh/ros2_project/install/px4_msgs/share/px4_msgs/msg/ParameterResetRequest.json\n'}
[1.125918] (px4_msgs) StdoutLine: {'line': b'-- Up-to-date: /home/harsh/ros2_project/install/px4_msgs/share/px4_msgs/msg/ParameterSetUsedRequest.json\n'}
[1.125981] (px4_msgs) StdoutLine: {'line': b'-- Up-to-date: /home/harsh/ros2_project/install/px4_msgs/share/px4_msgs/msg/ParameterSetValueRequest.json\n'}
[1.126043] (px4_msgs) StdoutLine: {'line': b'-- Up-to-date: /home/harsh/ros2_project/install/px4_msgs/share/px4_msgs/msg/ParameterSetValueResponse.json\n'}
[1.126105] (px4_msgs) StdoutLine: {'line': b'-- Up-to-date: /home/harsh/ros2_project/install/px4_msgs/share/px4_msgs/msg/ParameterUpdate.json\n'}
[1.126168] (px4_msgs) StdoutLine: {'line': b'-- Up-to-date: /home/harsh/ros2_project/install/px4_msgs/share/px4_msgs/msg/Ping.json\n'}
[1.126232] (px4_msgs) StdoutLine: {'line': b'-- Up-to-date: /home/harsh/ros2_project/install/px4_msgs/share/px4_msgs/msg/PositionControllerLandingStatus.json\n'}
[1.126295] (px4_msgs) StdoutLine: {'line': b'-- Up-to-date: /home/harsh/ros2_project/install/px4_msgs/share/px4_msgs/msg/PositionControllerStatus.json\n'}
[1.126444] (px4_msgs) StdoutLine: {'line': b'-- Up-to-date: /home/harsh/ros2_project/install/px4_msgs/share/px4_msgs/msg/PositionSetpoint.json\n'}
[1.126636] (px4_msgs) StdoutLine: {'line': b'-- Up-to-date: /home/harsh/ros2_project/install/px4_msgs/share/px4_msgs/msg/PositionSetpointTriplet.json\n'}
[1.126699] (px4_msgs) StdoutLine: {'line': b'-- Up-to-date: /home/harsh/ros2_project/install/px4_msgs/share/px4_msgs/msg/PowerButtonState.json\n'}
[1.126759] (px4_msgs) StdoutLine: {'line': b'-- Up-to-date: /home/harsh/ros2_project/install/px4_msgs/share/px4_msgs/msg/PowerMonitor.json\n'}
[1.126818] (px4_msgs) StdoutLine: {'line': b'-- Up-to-date: /home/harsh/ros2_project/install/px4_msgs/share/px4_msgs/msg/PpsCapture.json\n'}
[1.126877] (px4_msgs) StdoutLine: {'line': b'-- Up-to-date: /home/harsh/ros2_project/install/px4_msgs/share/px4_msgs/msg/PwmInput.json\n'}
[1.126935] (px4_msgs) StdoutLine: {'line': b'-- Up-to-date: /home/harsh/ros2_project/install/px4_msgs/share/px4_msgs/msg/Px4ioStatus.json\n'}
[1.126993] (px4_msgs) StdoutLine: {'line': b'-- Up-to-date: /home/harsh/ros2_project/install/px4_msgs/share/px4_msgs/msg/QshellReq.json\n'}
[1.127051] (px4_msgs) StdoutLine: {'line': b'-- Up-to-date: /home/harsh/ros2_project/install/px4_msgs/share/px4_msgs/msg/QshellRetval.json\n'}
[1.127109] (px4_msgs) StdoutLine: {'line': b'-- Up-to-date: /home/harsh/ros2_project/install/px4_msgs/share/px4_msgs/msg/RadioStatus.json\n'}
[1.127167] (px4_msgs) StdoutLine: {'line': b'-- Up-to-date: /home/harsh/ros2_project/install/px4_msgs/share/px4_msgs/msg/RateCtrlStatus.json\n'}
[1.127225] (px4_msgs) StdoutLine: {'line': b'-- Up-to-date: /home/harsh/ros2_project/install/px4_msgs/share/px4_msgs/msg/RcChannels.json\n'}
[1.127283] (px4_msgs) StdoutLine: {'line': b'-- Up-to-date: /home/harsh/ros2_project/install/px4_msgs/share/px4_msgs/msg/RcParameterMap.json\n'}
[1.127349] (px4_msgs) StdoutLine: {'line': b'-- Up-to-date: /home/harsh/ros2_project/install/px4_msgs/share/px4_msgs/msg/RegisterExtComponentReply.json\n'}
[1.127412] (px4_msgs) StdoutLine: {'line': b'-- Up-to-date: /home/harsh/ros2_project/install/px4_msgs/share/px4_msgs/msg/RegisterExtComponentRequest.json\n'}
[1.127472] (px4_msgs) StdoutLine: {'line': b'-- Up-to-date: /home/harsh/ros2_project/install/px4_msgs/share/px4_msgs/msg/Rpm.json\n'}
[1.127530] (px4_msgs) StdoutLine: {'line': b'-- Up-to-date: /home/harsh/ros2_project/install/px4_msgs/share/px4_msgs/msg/RtlStatus.json\n'}
[1.127588] (px4_msgs) StdoutLine: {'line': b'-- Up-to-date: /home/harsh/ros2_project/install/px4_msgs/share/px4_msgs/msg/RtlTimeEstimate.json\n'}
[1.127646] (px4_msgs) StdoutLine: {'line': b'-- Up-to-date: /home/harsh/ros2_project/install/px4_msgs/share/px4_msgs/msg/SatelliteInfo.json\n'}
[1.127705] (px4_msgs) StdoutLine: {'line': b'-- Up-to-date: /home/harsh/ros2_project/install/px4_msgs/share/px4_msgs/msg/SensorAccel.json\n'}
[1.127763] (px4_msgs) StdoutLine: {'line': b'-- Up-to-date: /home/harsh/ros2_project/install/px4_msgs/share/px4_msgs/msg/SensorAccelFifo.json\n'}
[1.127822] (px4_msgs) StdoutLine: {'line': b'-- Up-to-date: /home/harsh/ros2_project/install/px4_msgs/share/px4_msgs/msg/SensorAirflow.json\n'}
[1.127880] (px4_msgs) StdoutLine: {'line': b'-- Up-to-date: /home/harsh/ros2_project/install/px4_msgs/share/px4_msgs/msg/SensorBaro.json\n'}
[1.127940] (px4_msgs) StdoutLine: {'line': b'-- Up-to-date: /home/harsh/ros2_project/install/px4_msgs/share/px4_msgs/msg/SensorCombined.json\n'}
[1.127998] (px4_msgs) StdoutLine: {'line': b'-- Up-to-date: /home/harsh/ros2_project/install/px4_msgs/share/px4_msgs/msg/SensorCorrection.json\n'}
[1.128057] (px4_msgs) StdoutLine: {'line': b'-- Up-to-date: /home/harsh/ros2_project/install/px4_msgs/share/px4_msgs/msg/SensorGnssRelative.json\n'}
[1.128115] (px4_msgs) StdoutLine: {'line': b'-- Up-to-date: /home/harsh/ros2_project/install/px4_msgs/share/px4_msgs/msg/SensorGps.json\n'}
[1.128174] (px4_msgs) StdoutLine: {'line': b'-- Up-to-date: /home/harsh/ros2_project/install/px4_msgs/share/px4_msgs/msg/SensorGyro.json\n'}
[1.128236] (px4_msgs) StdoutLine: {'line': b'-- Up-to-date: /home/harsh/ros2_project/install/px4_msgs/share/px4_msgs/msg/SensorGyroFft.json\n'}
[1.128342] (px4_msgs) StdoutLine: {'line': b'-- Up-to-date: /home/harsh/ros2_project/install/px4_msgs/share/px4_msgs/msg/SensorGyroFifo.json\n'}
[1.128406] (px4_msgs) StdoutLine: {'line': b'-- Up-to-date: /home/harsh/ros2_project/install/px4_msgs/share/px4_msgs/msg/SensorHygrometer.json\n'}
[1.128479] (px4_msgs) StdoutLine: {'line': b'-- Up-to-date: /home/harsh/ros2_project/install/px4_msgs/share/px4_msgs/msg/SensorMag.json\n'}
[1.128539] (px4_msgs) StdoutLine: {'line': b'-- Up-to-date: /home/harsh/ros2_project/install/px4_msgs/share/px4_msgs/msg/SensorOpticalFlow.json\n'}
[1.128601] (px4_msgs) StdoutLine: {'line': b'-- Up-to-date: /home/harsh/ros2_project/install/px4_msgs/share/px4_msgs/msg/SensorPreflightMag.json\n'}
[1.128664] (px4_msgs) StdoutLine: {'line': b'-- Up-to-date: /home/harsh/ros2_project/install/px4_msgs/share/px4_msgs/msg/SensorSelection.json\n'}
[1.128726] (px4_msgs) StdoutLine: {'line': b'-- Up-to-date: /home/harsh/ros2_project/install/px4_msgs/share/px4_msgs/msg/SensorUwb.json\n'}
[1.128789] (px4_msgs) StdoutLine: {'line': b'-- Up-to-date: /home/harsh/ros2_project/install/px4_msgs/share/px4_msgs/msg/SensorsStatus.json\n'}
[1.128852] (px4_msgs) StdoutLine: {'line': b'-- Up-to-date: /home/harsh/ros2_project/install/px4_msgs/share/px4_msgs/msg/SensorsStatusImu.json\n'}
[1.128915] (px4_msgs) StdoutLine: {'line': b'-- Up-to-date: /home/harsh/ros2_project/install/px4_msgs/share/px4_msgs/msg/SystemPower.json\n'}
[1.128978] (px4_msgs) StdoutLine: {'line': b'-- Up-to-date: /home/harsh/ros2_project/install/px4_msgs/share/px4_msgs/msg/TakeoffStatus.json\n'}
[1.129053] (px4_msgs) StdoutLine: {'line': b'-- Up-to-date: /home/harsh/ros2_project/install/px4_msgs/share/px4_msgs/msg/TaskStackInfo.json\n'}
[1.129117] (px4_msgs) StdoutLine: {'line': b'-- Up-to-date: /home/harsh/ros2_project/install/px4_msgs/share/px4_msgs/msg/TecsStatus.json\n'}
[1.129181] (px4_msgs) StdoutLine: {'line': b'-- Up-to-date: /home/harsh/ros2_project/install/px4_msgs/share/px4_msgs/msg/TelemetryStatus.json\n'}
[1.129243] (px4_msgs) StdoutLine: {'line': b'-- Up-to-date: /home/harsh/ros2_project/install/px4_msgs/share/px4_msgs/msg/TiltrotorExtraControls.json\n'}
[1.129306] (px4_msgs) StdoutLine: {'line': b'-- Up-to-date: /home/harsh/ros2_project/install/px4_msgs/share/px4_msgs/msg/TimesyncStatus.json\n'}
[1.129383] (px4_msgs) StdoutLine: {'line': b'-- Up-to-date: /home/harsh/ros2_project/install/px4_msgs/share/px4_msgs/msg/TrajectoryBezier.json\n'}
[1.129447] (px4_msgs) StdoutLine: {'line': b'-- Up-to-date: /home/harsh/ros2_project/install/px4_msgs/share/px4_msgs/msg/TrajectorySetpoint.json\n'}
[1.129511] (px4_msgs) StdoutLine: {'line': b'-- Up-to-date: /home/harsh/ros2_project/install/px4_msgs/share/px4_msgs/msg/TrajectoryWaypoint.json\n'}
[1.129576] (px4_msgs) StdoutLine: {'line': b'-- Up-to-date: /home/harsh/ros2_project/install/px4_msgs/share/px4_msgs/msg/TransponderReport.json\n'}
[1.129639] (px4_msgs) StdoutLine: {'line': b'-- Up-to-date: /home/harsh/ros2_project/install/px4_msgs/share/px4_msgs/msg/TuneControl.json\n'}
[1.129701] (px4_msgs) StdoutLine: {'line': b'-- Up-to-date: /home/harsh/ros2_project/install/px4_msgs/share/px4_msgs/msg/UavcanParameterRequest.json\n'}
[1.129763] (px4_msgs) StdoutLine: {'line': b'-- Up-to-date: /home/harsh/ros2_project/install/px4_msgs/share/px4_msgs/msg/UavcanParameterValue.json\n'}
[1.129825] (px4_msgs) StdoutLine: {'line': b'-- Up-to-date: /home/harsh/ros2_project/install/px4_msgs/share/px4_msgs/msg/UlogStream.json\n'}
[1.129887] (px4_msgs) StdoutLine: {'line': b'-- Up-to-date: /home/harsh/ros2_project/install/px4_msgs/share/px4_msgs/msg/UlogStreamAck.json\n'}
[1.129949] (px4_msgs) StdoutLine: {'line': b'-- Up-to-date: /home/harsh/ros2_project/install/px4_msgs/share/px4_msgs/msg/UnregisterExtComponent.json\n'}
[1.130010] (px4_msgs) StdoutLine: {'line': b'-- Up-to-date: /home/harsh/ros2_project/install/px4_msgs/share/px4_msgs/msg/VehicleAcceleration.json\n'}
[1.130072] (px4_msgs) StdoutLine: {'line': b'-- Up-to-date: /home/harsh/ros2_project/install/px4_msgs/share/px4_msgs/msg/VehicleAirData.json\n'}
[1.130205] (px4_msgs) StdoutLine: {'line': b'-- Up-to-date: /home/harsh/ros2_project/install/px4_msgs/share/px4_msgs/msg/VehicleAngularAccelerationSetpoint.json\n'}
[1.130268] (px4_msgs) StdoutLine: {'line': b'-- Up-to-date: /home/harsh/ros2_project/install/px4_msgs/share/px4_msgs/msg/VehicleAngularVelocity.json\n'}
[1.130337] (px4_msgs) StdoutLine: {'line': b'-- Up-to-date: /home/harsh/ros2_project/install/px4_msgs/share/px4_msgs/msg/VehicleAttitude.json\n'}
[1.130404] (px4_msgs) StdoutLine: {'line': b'-- Up-to-date: /home/harsh/ros2_project/install/px4_msgs/share/px4_msgs/msg/VehicleAttitudeSetpoint.json\n'}
[1.130467] (px4_msgs) StdoutLine: {'line': b'-- Up-to-date: /home/harsh/ros2_project/install/px4_msgs/share/px4_msgs/msg/VehicleCommand.json\n'}
[1.130530] (px4_msgs) StdoutLine: {'line': b'-- Up-to-date: /home/harsh/ros2_project/install/px4_msgs/share/px4_msgs/msg/VehicleCommandAck.json\n'}
[1.130592] (px4_msgs) StdoutLine: {'line': b'-- Up-to-date: /home/harsh/ros2_project/install/px4_msgs/share/px4_msgs/msg/VehicleConstraints.json\n'}
[1.130654] (px4_msgs) StdoutLine: {'line': b'-- Up-to-date: /home/harsh/ros2_project/install/px4_msgs/share/px4_msgs/msg/VehicleControlMode.json\n'}
[1.130717] (px4_msgs) StdoutLine: {'line': b'-- Up-to-date: /home/harsh/ros2_project/install/px4_msgs/share/px4_msgs/msg/VehicleGlobalPosition.json\n'}
[1.130779] (px4_msgs) StdoutLine: {'line': b'-- Up-to-date: /home/harsh/ros2_project/install/px4_msgs/share/px4_msgs/msg/VehicleImu.json\n'}
[1.130841] (px4_msgs) StdoutLine: {'line': b'-- Up-to-date: /home/harsh/ros2_project/install/px4_msgs/share/px4_msgs/msg/VehicleImuStatus.json\n'}
[1.130905] (px4_msgs) StdoutLine: {'line': b'-- Up-to-date: /home/harsh/ros2_project/install/px4_msgs/share/px4_msgs/msg/VehicleLandDetected.json\n'}
[1.130969] (px4_msgs) StdoutLine: {'line': b'-- Up-to-date: /home/harsh/ros2_project/install/px4_msgs/share/px4_msgs/msg/VehicleLocalPosition.json\n'}
[1.131031] (px4_msgs) StdoutLine: {'line': b'-- Up-to-date: /home/harsh/ros2_project/install/px4_msgs/share/px4_msgs/msg/VehicleLocalPositionSetpoint.json\n'}
[1.131184] (px4_msgs) StdoutLine: {'line': b'-- Up-to-date: /home/harsh/ros2_project/install/px4_msgs/share/px4_msgs/msg/VehicleMagnetometer.json\n'}
[1.131249] (px4_msgs) StdoutLine: {'line': b'-- Up-to-date: /home/harsh/ros2_project/install/px4_msgs/share/px4_msgs/msg/VehicleOdometry.json\n'}
[1.131312] (px4_msgs) StdoutLine: {'line': b'-- Up-to-date: /home/harsh/ros2_project/install/px4_msgs/share/px4_msgs/msg/VehicleOpticalFlow.json\n'}
[1.131387] (px4_msgs) StdoutLine: {'line': b'-- Up-to-date: /home/harsh/ros2_project/install/px4_msgs/share/px4_msgs/msg/VehicleOpticalFlowVel.json\n'}
[1.131456] (px4_msgs) StdoutLine: {'line': b'-- Up-to-date: /home/harsh/ros2_project/install/px4_msgs/share/px4_msgs/msg/VehicleRatesSetpoint.json\n'}
[1.131520] (px4_msgs) StdoutLine: {'line': b'-- Up-to-date: /home/harsh/ros2_project/install/px4_msgs/share/px4_msgs/msg/VehicleRoi.json\n'}
[1.131583] (px4_msgs) StdoutLine: {'line': b'-- Up-to-date: /home/harsh/ros2_project/install/px4_msgs/share/px4_msgs/msg/VehicleStatus.json\n'}
[1.131845] (px4_msgs) StdoutLine: {'line': b'-- Up-to-date: /home/harsh/ros2_project/install/px4_msgs/share/px4_msgs/msg/VehicleThrustSetpoint.json\n'}
[1.131930] (px4_msgs) StdoutLine: {'line': b'-- Up-to-date: /home/harsh/ros2_project/install/px4_msgs/share/px4_msgs/msg/VehicleTorqueSetpoint.json\n'}
[1.131995] (px4_msgs) StdoutLine: {'line': b'-- Up-to-date: /home/harsh/ros2_project/install/px4_msgs/share/px4_msgs/msg/VehicleTrajectoryBezier.json\n'}
[1.132058] (px4_msgs) StdoutLine: {'line': b'-- Up-to-date: /home/harsh/ros2_project/install/px4_msgs/share/px4_msgs/msg/VehicleTrajectoryWaypoint.json\n'}
[1.132121] (px4_msgs) StdoutLine: {'line': b'-- Up-to-date: /home/harsh/ros2_project/install/px4_msgs/share/px4_msgs/msg/VelocityLimits.json\n'}
[1.132185] (px4_msgs) StdoutLine: {'line': b'-- Up-to-date: /home/harsh/ros2_project/install/px4_msgs/share/px4_msgs/msg/VtolVehicleStatus.json\n'}
[1.132249] (px4_msgs) StdoutLine: {'line': b'-- Up-to-date: /home/harsh/ros2_project/install/px4_msgs/share/px4_msgs/msg/WheelEncoders.json\n'}
[1.132427] (px4_msgs) StdoutLine: {'line': b'-- Up-to-date: /home/harsh/ros2_project/install/px4_msgs/share/px4_msgs/msg/Wind.json\n'}
[1.132494] (px4_msgs) StdoutLine: {'line': b'-- Up-to-date: /home/harsh/ros2_project/install/px4_msgs/share/px4_msgs/msg/YawEstimatorStatus.json\n'}
[1.132558] (px4_msgs) StdoutLine: {'line': b'-- Up-to-date: /home/harsh/ros2_project/install/px4_msgs/share/px4_msgs/srv/VehicleCommand.json\n'}
[1.132621] (px4_msgs) StdoutLine: {'line': b'-- Up-to-date: /home/harsh/ros2_project/install/px4_msgs/include/px4_msgs/px4_msgs\n'}
[1.132684] (px4_msgs) StdoutLine: {'line': b'-- Up-to-date: /home/harsh/ros2_project/install/px4_msgs/include/px4_msgs/px4_msgs/msg\n'}
[1.132747] (px4_msgs) StdoutLine: {'line': b'-- Up-to-date: /home/harsh/ros2_project/install/px4_msgs/include/px4_msgs/px4_msgs/msg/manual_control_switches.h\n'}
[1.132810] (px4_msgs) StdoutLine: {'line': b'-- Up-to-date: /home/harsh/ros2_project/install/px4_msgs/include/px4_msgs/px4_msgs/msg/debug_value.h\n'}
[1.132873] (px4_msgs) StdoutLine: {'line': b'-- Up-to-date: /home/harsh/ros2_project/install/px4_msgs/include/px4_msgs/px4_msgs/msg/gimbal_device_attitude_status.h\n'}
[1.132937] (px4_msgs) StdoutLine: {'line': b'-- Up-to-date: /home/harsh/ros2_project/install/px4_msgs/include/px4_msgs/px4_msgs/msg/system_power.h\n'}
[1.133001] (px4_msgs) StdoutLine: {'line': b'-- Up-to-date: /home/harsh/ros2_project/install/px4_msgs/include/px4_msgs/px4_msgs/msg/qshell_retval.h\n'}
[1.133063] (px4_msgs) StdoutLine: {'line': b'-- Up-to-date: /home/harsh/ros2_project/install/px4_msgs/include/px4_msgs/px4_msgs/msg/sensor_accel.h\n'}
[1.133125] (px4_msgs) StdoutLine: {'line': b'-- Up-to-date: /home/harsh/ros2_project/install/px4_msgs/include/px4_msgs/px4_msgs/msg/cpuload.h\n'}
[1.133187] (px4_msgs) StdoutLine: {'line': b'-- Up-to-date: /home/harsh/ros2_project/install/px4_msgs/include/px4_msgs/px4_msgs/msg/estimator_aid_source3d.h\n'}
[1.133250] (px4_msgs) StdoutLine: {'line': b'-- Up-to-date: /home/harsh/ros2_project/install/px4_msgs/include/px4_msgs/px4_msgs/msg/estimator_gps_status.h\n'}
[1.133312] (px4_msgs) StdoutLine: {'line': b'-- Up-to-date: /home/harsh/ros2_project/install/px4_msgs/include/px4_msgs/px4_msgs/msg/wheel_encoders.h\n'}
[1.133385] (px4_msgs) StdoutLine: {'line': b'-- Up-to-date: /home/harsh/ros2_project/install/px4_msgs/include/px4_msgs/px4_msgs/msg/landing_gear_wheel.h\n'}
[1.133456] (px4_msgs) StdoutLine: {'line': b'-- Up-to-date: /home/harsh/ros2_project/install/px4_msgs/include/px4_msgs/px4_msgs/msg/estimator_aid_source1d.h\n'}
[1.133523] (px4_msgs) StdoutLine: {'line': b'-- Up-to-date: /home/harsh/ros2_project/install/px4_msgs/include/px4_msgs/px4_msgs/msg/mag_worker_data.h\n'}
[1.133587] (px4_msgs) StdoutLine: {'line': b'-- Up-to-date: /home/harsh/ros2_project/install/px4_msgs/include/px4_msgs/px4_msgs/msg/adc_report.h\n'}
[1.133654] (px4_msgs) StdoutLine: {'line': b'-- Up-to-date: /home/harsh/ros2_project/install/px4_msgs/include/px4_msgs/px4_msgs/msg/orb_test.h\n'}
[1.133719] (px4_msgs) StdoutLine: {'line': b'-- Up-to-date: /home/harsh/ros2_project/install/px4_msgs/include/px4_msgs/px4_msgs/msg/launch_detection_status.h\n'}
[1.133784] (px4_msgs) StdoutLine: {'line': b'-- Up-to-date: /home/harsh/ros2_project/install/px4_msgs/include/px4_msgs/px4_msgs/msg/landing_gear.h\n'}
[1.133847] (px4_msgs) StdoutLine: {'line': b'-- Up-to-date: /home/harsh/ros2_project/install/px4_msgs/include/px4_msgs/px4_msgs/msg/vehicle_constraints.h\n'}
[1.133910] (px4_msgs) StdoutLine: {'line': b'-- Up-to-date: /home/harsh/ros2_project/install/px4_msgs/include/px4_msgs/px4_msgs/msg/sensor_combined.h\n'}
[1.133973] (px4_msgs) StdoutLine: {'line': b'-- Up-to-date: /home/harsh/ros2_project/install/px4_msgs/include/px4_msgs/px4_msgs/msg/debug_array.h\n'}
[1.134035] (px4_msgs) StdoutLine: {'line': b'-- Up-to-date: /home/harsh/ros2_project/install/px4_msgs/include/px4_msgs/px4_msgs/msg/ulog_stream_ack.h\n'}
[1.134187] (px4_msgs) StdoutLine: {'line': b'-- Up-to-date: /home/harsh/ros2_project/install/px4_msgs/include/px4_msgs/px4_msgs/msg/gps_dump.h\n'}
[1.134309] (px4_msgs) StdoutLine: {'line': b'-- Up-to-date: /home/harsh/ros2_project/install/px4_msgs/include/px4_msgs/px4_msgs/msg/gpio_request.h\n'}
[1.134549] (px4_msgs) StdoutLine: {'line': b'-- Up-to-date: /home/harsh/ros2_project/install/px4_msgs/include/px4_msgs/px4_msgs/msg/vehicle_command_ack.h\n'}
[1.134649] (px4_msgs) StdoutLine: {'line': b'-- Up-to-date: /home/harsh/ros2_project/install/px4_msgs/include/px4_msgs/px4_msgs/msg/debug_key_value.h\n'}
[1.134715] (px4_msgs) StdoutLine: {'line': b'-- Up-to-date: /home/harsh/ros2_project/install/px4_msgs/include/px4_msgs/px4_msgs/msg/estimator_bias.h\n'}
[1.134772] (px4_msgs) StdoutLine: {'line': b'-- Up-to-date: /home/harsh/ros2_project/install/px4_msgs/include/px4_msgs/px4_msgs/msg/mission.h\n'}
[1.134826] (px4_msgs) StdoutLine: {'line': b'-- Up-to-date: /home/harsh/ros2_project/install/px4_msgs/include/px4_msgs/px4_msgs/msg/estimator_aid_source2d.h\n'}
[1.134880] (px4_msgs) StdoutLine: {'line': b'-- Up-to-date: /home/harsh/ros2_project/install/px4_msgs/include/px4_msgs/px4_msgs/msg/airspeed.h\n'}
[1.134934] (px4_msgs) StdoutLine: {'line': b'-- Up-to-date: /home/harsh/ros2_project/install/px4_msgs/include/px4_msgs/px4_msgs/msg/vehicle_torque_setpoint.h\n'}
[1.134986] (px4_msgs) StdoutLine: {'line': b'-- Up-to-date: /home/harsh/ros2_project/install/px4_msgs/include/px4_msgs/px4_msgs/msg/actuator_controls_status.h\n'}
[1.135039] (px4_msgs) StdoutLine: {'line': b'-- Up-to-date: /home/harsh/ros2_project/install/px4_msgs/include/px4_msgs/px4_msgs/msg/logger_status.h\n'}
[1.135092] (px4_msgs) StdoutLine: {'line': b'-- Up-to-date: /home/harsh/ros2_project/install/px4_msgs/include/px4_msgs/px4_msgs/msg/actuator_test.h\n'}
[1.135143] (px4_msgs) StdoutLine: {'line': b'-- Up-to-date: /home/harsh/ros2_project/install/px4_msgs/include/px4_msgs/px4_msgs/msg/px4io_status.h\n'}
[1.135196] (px4_msgs) StdoutLine: {'line': b'-- Up-to-date: /home/harsh/ros2_project/install/px4_msgs/include/px4_msgs/px4_msgs/msg/npfg_status.h\n'}
[1.135247] (px4_msgs) StdoutLine: {'line': b'-- Up-to-date: /home/harsh/ros2_project/install/px4_msgs/include/px4_msgs/px4_msgs/msg/message_format_request.h\n'}
[1.135298] (px4_msgs) StdoutLine: {'line': b'-- Up-to-date: /home/harsh/ros2_project/install/px4_msgs/include/px4_msgs/px4_msgs/msg/button_event.h\n'}
[1.135402] (px4_msgs) StdoutLine: {'line': b'-- Up-to-date: /home/harsh/ros2_project/install/px4_msgs/include/px4_msgs/px4_msgs/msg/tiltrotor_extra_controls.h\n'}
[1.135471] (px4_msgs) StdoutLine: {'line': b'-- Up-to-date: /home/harsh/ros2_project/install/px4_msgs/include/px4_msgs/px4_msgs/msg/ekf2_timestamps.h\n'}
[1.135527] (px4_msgs) StdoutLine: {'line': b'-- Up-to-date: /home/harsh/ros2_project/install/px4_msgs/include/px4_msgs/px4_msgs/msg/position_controller_landing_status.h\n'}
[1.135581] (px4_msgs) StdoutLine: {'line': b'-- Up-to-date: /home/harsh/ros2_project/install/px4_msgs/include/px4_msgs/px4_msgs/msg/estimator_states.h\n'}
[1.135634] (px4_msgs) StdoutLine: {'line': b'-- Up-to-date: /home/harsh/ros2_project/install/px4_msgs/include/px4_msgs/px4_msgs/msg/collision_report.h\n'}
[1.135686] (px4_msgs) StdoutLine: {'line': b'-- Up-to-date: /home/harsh/ros2_project/install/px4_msgs/include/px4_msgs/px4_msgs/msg/camera_capture.h\n'}
[1.135737] (px4_msgs) StdoutLine: {'line': b'-- Up-to-date: /home/harsh/ros2_project/install/px4_msgs/include/px4_msgs/px4_msgs/msg/sensor_mag.h\n'}
[1.135787] (px4_msgs) StdoutLine: {'line': b'-- Up-to-date: /home/harsh/ros2_project/install/px4_msgs/include/px4_msgs/px4_msgs/msg/sensor_gps.h\n'}
[1.135839] (px4_msgs) StdoutLine: {'line': b'-- Up-to-date: /home/harsh/ros2_project/install/px4_msgs/include/px4_msgs/px4_msgs/msg/gpio_config.h\n'}
[1.135890] (px4_msgs) StdoutLine: {'line': b'-- Up-to-date: /home/harsh/ros2_project/install/px4_msgs/include/px4_msgs/px4_msgs/msg/telemetry_status.h\n'}
[1.135942] (px4_msgs) StdoutLine: {'line': b'-- Up-to-date: /home/harsh/ros2_project/install/px4_msgs/include/px4_msgs/px4_msgs/msg/gimbal_manager_set_manual_control.h\n'}
[1.136020] (px4_msgs) StdoutLine: {'line': b'-- Up-to-date: /home/harsh/ros2_project/install/px4_msgs/include/px4_msgs/px4_msgs/msg/esc_report.h\n'}
[1.136073] (px4_msgs) StdoutLine: {'line': b'-- Up-to-date: /home/harsh/ros2_project/install/px4_msgs/include/px4_msgs/px4_msgs/msg/mount_orientation.h\n'}
[1.136126] (px4_msgs) StdoutLine: {'line': b'-- Up-to-date: /home/harsh/ros2_project/install/px4_msgs/include/px4_msgs/px4_msgs/msg/failsafe_flags.h\n'}
[1.136178] (px4_msgs) StdoutLine: {'line': b'-- Up-to-date: /home/harsh/ros2_project/install/px4_msgs/include/px4_msgs/px4_msgs/msg/arming_check_reply.h\n'}
[1.136232] (px4_msgs) StdoutLine: {'line': b'-- Up-to-date: /home/harsh/ros2_project/install/px4_msgs/include/px4_msgs/px4_msgs/msg/geofence_result.h\n'}
[1.136281] (px4_msgs) StdoutLine: {'line': b'-- Up-to-date: /home/harsh/ros2_project/install/px4_msgs/include/px4_msgs/px4_msgs/msg/vehicle_global_position.h\n'}
[1.136337] (px4_msgs) StdoutLine: {'line': b'-- Up-to-date: /home/harsh/ros2_project/install/px4_msgs/include/px4_msgs/px4_msgs/msg/config_overrides.h\n'}
[1.136393] (px4_msgs) StdoutLine: {'line': b'-- Up-to-date: /home/harsh/ros2_project/install/px4_msgs/include/px4_msgs/px4_msgs/msg/action_request.h\n'}
[1.136446] (px4_msgs) StdoutLine: {'line': b'-- Up-to-date: /home/harsh/ros2_project/install/px4_msgs/include/px4_msgs/px4_msgs/msg/orbit_status.h\n'}
[1.136497] (px4_msgs) StdoutLine: {'line': b'-- Up-to-date: /home/harsh/ros2_project/install/px4_msgs/include/px4_msgs/px4_msgs/msg/sensor_gyro.h\n'}
[1.136547] (px4_msgs) StdoutLine: {'line': b'-- Up-to-date: /home/harsh/ros2_project/install/px4_msgs/include/px4_msgs/px4_msgs/msg/vehicle_attitude_setpoint.h\n'}
[1.136618] (px4_msgs) StdoutLine: {'line': b'-- Up-to-date: /home/harsh/ros2_project/install/px4_msgs/include/px4_msgs/px4_msgs/msg/pps_capture.h\n'}
[1.136709] (px4_msgs) StdoutLine: {'line': b'-- Up-to-date: /home/harsh/ros2_project/install/px4_msgs/include/px4_msgs/px4_msgs/msg/vehicle_imu_status.h\n'}
[1.136760] (px4_msgs) StdoutLine: {'line': b'-- Up-to-date: /home/harsh/ros2_project/install/px4_msgs/include/px4_msgs/px4_msgs/msg/estimator_status.h\n'}
[1.136812] (px4_msgs) StdoutLine: {'line': b'-- Up-to-date: /home/harsh/ros2_project/install/px4_msgs/include/px4_msgs/px4_msgs/msg/airspeed_validated.h\n'}
[1.136861] (px4_msgs) StdoutLine: {'line': b'-- Up-to-date: /home/harsh/ros2_project/install/px4_msgs/include/px4_msgs/px4_msgs/msg/cellular_status.h\n'}
[1.136909] (px4_msgs) StdoutLine: {'line': b'-- Up-to-date: /home/harsh/ros2_project/install/px4_msgs/include/px4_msgs/px4_msgs/msg/unregister_ext_component.h\n'}
[1.136957] (px4_msgs) StdoutLine: {'line': b'-- Up-to-date: /home/harsh/ros2_project/install/px4_msgs/include/px4_msgs/px4_msgs/msg/sensor_correction.h\n'}
[1.137007] (px4_msgs) StdoutLine: {'line': b'-- Up-to-date: /home/harsh/ros2_project/install/px4_msgs/include/px4_msgs/px4_msgs/msg/gpio_out.h\n'}
[1.137057] (px4_msgs) StdoutLine: {'line': b'-- Up-to-date: /home/harsh/ros2_project/install/px4_msgs/include/px4_msgs/px4_msgs/msg/ulog_stream.h\n'}
[1.137107] (px4_msgs) StdoutLine: {'line': b'-- Up-to-date: /home/harsh/ros2_project/install/px4_msgs/include/px4_msgs/px4_msgs/msg/autotune_attitude_control_status.h\n'}
[1.137156] (px4_msgs) StdoutLine: {'line': b'-- Up-to-date: /home/harsh/ros2_project/install/px4_msgs/include/px4_msgs/px4_msgs/msg/mavlink_log.h\n'}
[1.137207] (px4_msgs) StdoutLine: {'line': b'-- Up-to-date: /home/harsh/ros2_project/install/px4_msgs/include/px4_msgs/px4_msgs/msg/gpio_in.h\n'}
[1.137259] (px4_msgs) StdoutLine: {'line': b'-- Up-to-date: /home/harsh/ros2_project/install/px4_msgs/include/px4_msgs/px4_msgs/msg/message_format_response.h\n'}
[1.137309] (px4_msgs) StdoutLine: {'line': b'-- Up-to-date: /home/harsh/ros2_project/install/px4_msgs/include/px4_msgs/px4_msgs/msg/parameter_update.h\n'}
[1.137367] (px4_msgs) StdoutLine: {'line': b'-- Up-to-date: /home/harsh/ros2_project/install/px4_msgs/include/px4_msgs/px4_msgs/msg/obstacle_distance.h\n'}
[1.137418] (px4_msgs) StdoutLine: {'line': b'-- Up-to-date: /home/harsh/ros2_project/install/px4_msgs/include/px4_msgs/px4_msgs/msg/gimbal_manager_set_attitude.h\n'}
[1.137712] (px4_msgs) StdoutLine: {'line': b'-- Up-to-date: /home/harsh/ros2_project/install/px4_msgs/include/px4_msgs/px4_msgs/msg/manual_control_setpoint.h\n'}
[1.137764] (px4_msgs) StdoutLine: {'line': b'-- Up-to-date: /home/harsh/ros2_project/install/px4_msgs/include/px4_msgs/px4_msgs/msg/input_rc.h\n'}
[1.137810] (px4_msgs) StdoutLine: {'line': b'-- Up-to-date: /home/harsh/ros2_project/install/px4_msgs/include/px4_msgs/px4_msgs/msg/vehicle_roi.h\n'}
[1.137855] (px4_msgs) StdoutLine: {'line': b'-- Up-to-date: /home/harsh/ros2_project/install/px4_msgs/include/px4_msgs/px4_msgs/msg/estimator_status_flags.h\n'}
[1.137898] (px4_msgs) StdoutLine: {'line': b'-- Up-to-date: /home/harsh/ros2_project/install/px4_msgs/include/px4_msgs/px4_msgs/msg/gimbal_device_set_attitude.h\n'}
[1.137940] (px4_msgs) StdoutLine: {'line': b'-- Up-to-date: /home/harsh/ros2_project/install/px4_msgs/include/px4_msgs/px4_msgs/msg/gimbal_controls.h\n'}
[1.137982] (px4_msgs) StdoutLine: {'line': b'-- Up-to-date: /home/harsh/ros2_project/install/px4_msgs/include/px4_msgs/px4_msgs/msg/vtol_vehicle_status.h\n'}
[1.138025] (px4_msgs) StdoutLine: {'line': b'-- Up-to-date: /home/harsh/ros2_project/install/px4_msgs/include/px4_msgs/px4_msgs/msg/vehicle_local_position.h\n'}
[1.138066] (px4_msgs) StdoutLine: {'line': b'-- Up-to-date: /home/harsh/ros2_project/install/px4_msgs/include/px4_msgs/px4_msgs/msg/vehicle_angular_acceleration_setpoint.h\n'}
[1.138110] (px4_msgs) StdoutLine: {'line': b'-- Up-to-date: /home/harsh/ros2_project/install/px4_msgs/include/px4_msgs/px4_msgs/msg/vehicle_thrust_setpoint.h\n'}
[1.138152] (px4_msgs) StdoutLine: {'line': b'-- Up-to-date: /home/harsh/ros2_project/install/px4_msgs/include/px4_msgs/px4_msgs/msg/trajectory_waypoint.h\n'}
[1.138196] (px4_msgs) StdoutLine: {'line': b'-- Up-to-date: /home/harsh/ros2_project/install/px4_msgs/include/px4_msgs/px4_msgs/msg/transponder_report.h\n'}
[1.138237] (px4_msgs) StdoutLine: {'line': b'-- Up-to-date: /home/harsh/ros2_project/install/px4_msgs/include/px4_msgs/px4_msgs/msg/tune_control.h\n'}
[1.138281] (px4_msgs) StdoutLine: {'line': b'-- Up-to-date: /home/harsh/ros2_project/install/px4_msgs/include/px4_msgs/px4_msgs/msg/actuator_servos.h\n'}
[1.138330] (px4_msgs) StdoutLine: {'line': b'-- Up-to-date: /home/harsh/ros2_project/install/px4_msgs/include/px4_msgs/px4_msgs/msg/takeoff_status.h\n'}
[1.138612] (px4_msgs) StdoutLine: {'line': b'-- Up-to-date: /home/harsh/ros2_project/install/px4_msgs/include/px4_msgs/px4_msgs/msg/trajectory_bezier.h\n'}
[1.138687] (px4_msgs) StdoutLine: {'line': b'-- Up-to-date: /home/harsh/ros2_project/install/px4_msgs/include/px4_msgs/px4_msgs/msg/vehicle_status.h\n'}
[1.138728] (px4_msgs) StdoutLine: {'line': b'-- Up-to-date: /home/harsh/ros2_project/install/px4_msgs/include/px4_msgs/px4_msgs/msg/vehicle_optical_flow_vel.h\n'}
[1.138765] (px4_msgs) StdoutLine: {'line': b'-- Up-to-date: /home/harsh/ros2_project/install/px4_msgs/include/px4_msgs/px4_msgs/msg/follow_target_status.h\n'}
[1.138802] (px4_msgs) StdoutLine: {'line': b'-- Up-to-date: /home/harsh/ros2_project/install/px4_msgs/include/px4_msgs/px4_msgs/msg/generator_status.h\n'}
[1.138880] (px4_msgs) StdoutLine: {'line': b'-- Up-to-date: /home/harsh/ros2_project/install/px4_msgs/include/px4_msgs/px4_msgs/msg/vehicle_odometry.h\n'}
[1.138919] (px4_msgs) StdoutLine: {'line': b'-- Up-to-date: /home/harsh/ros2_project/install/px4_msgs/include/px4_msgs/px4_msgs/msg/failure_detector_status.h\n'}
[1.138987] (px4_msgs) StdoutLine: {'line': b'-- Up-to-date: /home/harsh/ros2_project/install/px4_msgs/include/px4_msgs/px4_msgs/msg/gps_inject_data.h\n'}
[1.139027] (px4_msgs) StdoutLine: {'line': b'-- Up-to-date: /home/harsh/ros2_project/install/px4_msgs/include/px4_msgs/px4_msgs/msg/vehicle_command.h\n'}
[1.139063] (px4_msgs) StdoutLine: {'line': b'-- Up-to-date: /home/harsh/ros2_project/install/px4_msgs/include/px4_msgs/px4_msgs/msg/rc_channels.h\n'}
[1.139097] (px4_msgs) StdoutLine: {'line': b'-- Up-to-date: /home/harsh/ros2_project/install/px4_msgs/include/px4_msgs/px4_msgs/msg/follow_target_estimator.h\n'}
[1.139133] (px4_msgs) StdoutLine: {'line': b'-- Up-to-date: /home/harsh/ros2_project/install/px4_msgs/include/px4_msgs/px4_msgs/msg/offboard_control_mode.h\n'}
[1.139169] (px4_msgs) StdoutLine: {'line': b'-- Up-to-date: /home/harsh/ros2_project/install/px4_msgs/include/px4_msgs/px4_msgs/msg/qshell_req.h\n'}
[1.139274] (px4_msgs) StdoutLine: {'line': b'-- Up-to-date: /home/harsh/ros2_project/install/px4_msgs/include/px4_msgs/px4_msgs/msg/landing_target_innovations.h\n'}
[1.139599] (px4_msgs) StdoutLine: {'line': b'-- Up-to-date: /home/harsh/ros2_project/install/px4_msgs/include/px4_msgs/px4_msgs/msg/actuator_outputs.h\n'}
[1.139703] (px4_msgs) StdoutLine: {'line': b'-- Up-to-date: /home/harsh/ros2_project/install/px4_msgs/include/px4_msgs/px4_msgs/msg/yaw_estimator_status.h\n'}
[1.139740] (px4_msgs) StdoutLine: {'line': b'-- Up-to-date: /home/harsh/ros2_project/install/px4_msgs/include/px4_msgs/px4_msgs/msg/sensor_baro.h\n'}
[1.139856] (px4_msgs) StdoutLine: {'line': b'-- Up-to-date: /home/harsh/ros2_project/install/px4_msgs/include/px4_msgs/px4_msgs/msg/parameter_set_value_request.h\n'}
[1.139905] (px4_msgs) StdoutLine: {'line': b'-- Up-to-date: /home/harsh/ros2_project/install/px4_msgs/include/px4_msgs/px4_msgs/msg/magnetometer_bias_estimate.h\n'}
[1.140057] (px4_msgs) StdoutLine: {'line': b'-- Up-to-date: /home/harsh/ros2_project/install/px4_msgs/include/px4_msgs/px4_msgs/msg/vehicle_air_data.h\n'}
[1.140112] (px4_msgs) StdoutLine: {'line': b'-- Up-to-date: /home/harsh/ros2_project/install/px4_msgs/include/px4_msgs/px4_msgs/msg/goto_setpoint.h\n'}
[1.140150] (px4_msgs) StdoutLine: {'line': b'-- Up-to-date: /home/harsh/ros2_project/install/px4_msgs/include/px4_msgs/px4_msgs/msg/sensor_gyro_fifo.h\n'}
[1.140186] (px4_msgs) StdoutLine: {'line': b'-- Up-to-date: /home/harsh/ros2_project/install/px4_msgs/include/px4_msgs/px4_msgs/msg/power_monitor.h\n'}
[1.140222] (px4_msgs) StdoutLine: {'line': b'-- Up-to-date: /home/harsh/ros2_project/install/px4_msgs/include/px4_msgs/px4_msgs/msg/position_controller_status.h\n'}
[1.140257] (px4_msgs) StdoutLine: {'line': b'-- Up-to-date: /home/harsh/ros2_project/install/px4_msgs/include/px4_msgs/px4_msgs/msg/geofence_status.h\n'}
[1.140291] (px4_msgs) StdoutLine: {'line': b'-- Up-to-date: /home/harsh/ros2_project/install/px4_msgs/include/px4_msgs/px4_msgs/msg/task_stack_info.h\n'}
[1.140331] (px4_msgs) StdoutLine: {'line': b'-- Up-to-date: /home/harsh/ros2_project/install/px4_msgs/include/px4_msgs/px4_msgs/msg/vehicle_angular_velocity.h\n'}
[1.140607] (px4_msgs) StdoutLine: {'line': b'-- Up-to-date: /home/harsh/ros2_project/install/px4_msgs/include/px4_msgs/px4_msgs/msg/mission_result.h\n'}
[1.140683] (px4_msgs) StdoutLine: {'line': b'-- Up-to-date: /home/harsh/ros2_project/install/px4_msgs/include/px4_msgs/px4_msgs/msg/actuator_motors.h\n'}
[1.140752] (px4_msgs) StdoutLine: {'line': b'-- Up-to-date: /home/harsh/ros2_project/install/px4_msgs/include/px4_msgs/px4_msgs/msg/esc_status.h\n'}
[1.140831] (px4_msgs) StdoutLine: {'line': b'-- Up-to-date: /home/harsh/ros2_project/install/px4_msgs/include/px4_msgs/px4_msgs/msg/irlock_report.h\n'}
[1.140902] (px4_msgs) StdoutLine: {'line': b'-- Up-to-date: /home/harsh/ros2_project/install/px4_msgs/include/px4_msgs/px4_msgs/msg/orb_test_large.h\n'}
[1.140968] (px4_msgs) StdoutLine: {'line': b'-- Up-to-date: /home/harsh/ros2_project/install/px4_msgs/include/px4_msgs/px4_msgs/msg/follow_target.h\n'}
[1.141032] (px4_msgs) StdoutLine: {'line': b'-- Up-to-date: /home/harsh/ros2_project/install/px4_msgs/include/px4_msgs/px4_msgs/msg/parameter_set_used_request.h\n'}
[1.141097] (px4_msgs) StdoutLine: {'line': b'-- Up-to-date: /home/harsh/ros2_project/install/px4_msgs/include/px4_msgs/px4_msgs/msg/led_control.h\n'}
[1.141161] (px4_msgs) StdoutLine: {'line': b'-- Up-to-date: /home/harsh/ros2_project/install/px4_msgs/include/px4_msgs/px4_msgs/msg/heater_status.h\n'}
[1.141236] (px4_msgs) StdoutLine: {'line': b'-- Up-to-date: /home/harsh/ros2_project/install/px4_msgs/include/px4_msgs/px4_msgs/msg/sensor_gyro_fft.h\n'}
[1.141618] (px4_msgs) StdoutLine: {'line': b'-- Up-to-date: /home/harsh/ros2_project/install/px4_msgs/include/px4_msgs/px4_msgs/msg/vehicle_local_position_setpoint.h\n'}
[1.141727] (px4_msgs) StdoutLine: {'line': b'-- Up-to-date: /home/harsh/ros2_project/install/px4_msgs/include/px4_msgs/px4_msgs/msg/sensor_selection.h\n'}
[1.141834] (px4_msgs) StdoutLine: {'line': b'-- Up-to-date: /home/harsh/ros2_project/install/px4_msgs/include/px4_msgs/px4_msgs/msg/sensor_optical_flow.h\n'}
[1.141914] (px4_msgs) StdoutLine: {'line': b'-- Up-to-date: /home/harsh/ros2_project/install/px4_msgs/include/px4_msgs/px4_msgs/msg/position_setpoint.h\n'}
[1.141958] (px4_msgs) StdoutLine: {'line': b'-- Up-to-date: /home/harsh/ros2_project/install/px4_msgs/include/px4_msgs/px4_msgs/msg/mode_completed.h\n'}
[1.141994] (px4_msgs) StdoutLine: {'line': b'-- Up-to-date: /home/harsh/ros2_project/install/px4_msgs/include/px4_msgs/px4_msgs/msg/uavcan_parameter_value.h\n'}
[1.142029] (px4_msgs) StdoutLine: {'line': b'-- Up-to-date: /home/harsh/ros2_project/install/px4_msgs/include/px4_msgs/px4_msgs/msg/arming_check_request.h\n'}
[1.142080] (px4_msgs) StdoutLine: {'line': b'-- Up-to-date: /home/harsh/ros2_project/install/px4_msgs/include/px4_msgs/px4_msgs/msg/estimator_selector_status.h\n'}
[1.142179] (px4_msgs) StdoutLine: {'line': b'-- Up-to-date: /home/harsh/ros2_project/install/px4_msgs/include/px4_msgs/px4_msgs/msg/rpm.h\n'}
[1.142247] (px4_msgs) StdoutLine: {'line': b'-- Up-to-date: /home/harsh/ros2_project/install/px4_msgs/include/px4_msgs/px4_msgs/msg/vehicle_optical_flow.h\n'}
[1.142289] (px4_msgs) StdoutLine: {'line': b'-- Up-to-date: /home/harsh/ros2_project/install/px4_msgs/include/px4_msgs/px4_msgs/msg/rc_parameter_map.h\n'}
[1.142330] (px4_msgs) StdoutLine: {'line': b'-- Up-to-date: /home/harsh/ros2_project/install/px4_msgs/include/px4_msgs/px4_msgs/msg/airspeed_wind.h\n'}
[1.142425] (px4_msgs) StdoutLine: {'line': b'-- Up-to-date: /home/harsh/ros2_project/install/px4_msgs/include/px4_msgs/px4_msgs/msg/power_button_state.h\n'}
[1.142480] (px4_msgs) StdoutLine: {'line': b'-- Up-to-date: /home/harsh/ros2_project/install/px4_msgs/include/px4_msgs/px4_msgs/msg/vehicle_trajectory_waypoint.h\n'}
[1.142534] (px4_msgs) StdoutLine: {'line': b'-- Up-to-date: /home/harsh/ros2_project/install/px4_msgs/include/px4_msgs/px4_msgs/msg/sensors_status_imu.h\n'}
[1.142582] (px4_msgs) StdoutLine: {'line': b'-- Up-to-date: /home/harsh/ros2_project/install/px4_msgs/include/px4_msgs/px4_msgs/msg/wind.h\n'}
[1.142635] (px4_msgs) StdoutLine: {'line': b'-- Up-to-date: /home/harsh/ros2_project/install/px4_msgs/include/px4_msgs/px4_msgs/msg/position_setpoint_triplet.h\n'}
[1.142670] (px4_msgs) StdoutLine: {'line': b'-- Up-to-date: /home/harsh/ros2_project/install/px4_msgs/include/px4_msgs/px4_msgs/msg/pwm_input.h\n'}
[1.142704] (px4_msgs) StdoutLine: {'line': b'-- Up-to-date: /home/harsh/ros2_project/install/px4_msgs/include/px4_msgs/px4_msgs/msg/sensor_preflight_mag.h\n'}
[1.142744] (px4_msgs) StdoutLine: {'line': b'-- Up-to-date: /home/harsh/ros2_project/install/px4_msgs/include/px4_msgs/px4_msgs/msg/rosidl_generator_c__visibility_control.h\n'}
[1.142784] (px4_msgs) StdoutLine: {'line': b'-- Up-to-date: /home/harsh/ros2_project/install/px4_msgs/include/px4_msgs/px4_msgs/msg/actuator_servos_trim.h\n'}
[1.142818] (px4_msgs) StdoutLine: {'line': b'-- Up-to-date: /home/harsh/ros2_project/install/px4_msgs/include/px4_msgs/px4_msgs/msg/debug_vect.h\n'}
[1.142852] (px4_msgs) StdoutLine: {'line': b'-- Up-to-date: /home/harsh/ros2_project/install/px4_msgs/include/px4_msgs/px4_msgs/msg/vehicle_control_mode.h\n'}
[1.142884] (px4_msgs) StdoutLine: {'line': b'-- Up-to-date: /home/harsh/ros2_project/install/px4_msgs/include/px4_msgs/px4_msgs/msg/can_interface_status.h\n'}
[1.142917] (px4_msgs) StdoutLine: {'line': b'-- Up-to-date: /home/harsh/ros2_project/install/px4_msgs/include/px4_msgs/px4_msgs/msg/sensor_airflow.h\n'}
[1.142954] (px4_msgs) StdoutLine: {'line': b'-- Up-to-date: /home/harsh/ros2_project/install/px4_msgs/include/px4_msgs/px4_msgs/msg/collision_constraints.h\n'}
[1.142990] (px4_msgs) StdoutLine: {'line': b'-- Up-to-date: /home/harsh/ros2_project/install/px4_msgs/include/px4_msgs/px4_msgs/msg/navigator_mission_item.h\n'}
[1.143024] (px4_msgs) StdoutLine: {'line': b'-- Up-to-date: /home/harsh/ros2_project/install/px4_msgs/include/px4_msgs/px4_msgs/msg/radio_status.h\n'}
[1.143058] (px4_msgs) StdoutLine: {'line': b'-- Up-to-date: /home/harsh/ros2_project/install/px4_msgs/include/px4_msgs/px4_msgs/msg/health_report.h\n'}
[1.143092] (px4_msgs) StdoutLine: {'line': b'-- Up-to-date: /home/harsh/ros2_project/install/px4_msgs/include/px4_msgs/px4_msgs/msg/satellite_info.h\n'}
[1.143126] (px4_msgs) StdoutLine: {'line': b'-- Up-to-date: /home/harsh/ros2_project/install/px4_msgs/include/px4_msgs/px4_msgs/msg/register_ext_component_reply.h\n'}
[1.143160] (px4_msgs) StdoutLine: {'line': b'-- Up-to-date: /home/harsh/ros2_project/install/px4_msgs/include/px4_msgs/px4_msgs/msg/normalized_unsigned_setpoint.h\n'}
[1.143194] (px4_msgs) StdoutLine: {'line': b'-- Up-to-date: /home/harsh/ros2_project/install/px4_msgs/include/px4_msgs/px4_msgs/msg/sensors_status.h\n'}
[1.143226] (px4_msgs) StdoutLine: {'line': b'-- Up-to-date: /home/harsh/ros2_project/install/px4_msgs/include/px4_msgs/px4_msgs/msg/camera_status.h\n'}
[1.143259] (px4_msgs) StdoutLine: {'line': b'-- Up-to-date: /home/harsh/ros2_project/install/px4_msgs/include/px4_msgs/px4_msgs/msg/estimator_innovations.h\n'}
[1.143291] (px4_msgs) StdoutLine: {'line': b'-- Up-to-date: /home/harsh/ros2_project/install/px4_msgs/include/px4_msgs/px4_msgs/msg/rate_ctrl_status.h\n'}
[1.143328] (px4_msgs) StdoutLine: {'line': b'-- Up-to-date: /home/harsh/ros2_project/install/px4_msgs/include/px4_msgs/px4_msgs/msg/dataman_request.h\n'}
[1.143365] (px4_msgs) StdoutLine: {'line': b'-- Up-to-date: /home/harsh/ros2_project/install/px4_msgs/include/px4_msgs/px4_msgs/msg/vehicle_magnetometer.h\n'}
[1.143402] (px4_msgs) StdoutLine: {'line': b'-- Up-to-date: /home/harsh/ros2_project/install/px4_msgs/include/px4_msgs/px4_msgs/msg/event.h\n'}
[1.143457] (px4_msgs) StdoutLine: {'line': b'-- Up-to-date: /home/harsh/ros2_project/install/px4_msgs/include/px4_msgs/px4_msgs/msg/home_position.h\n'}
[1.143491] (px4_msgs) StdoutLine: {'line': b'-- Up-to-date: /home/harsh/ros2_project/install/px4_msgs/include/px4_msgs/px4_msgs/msg/actuator_armed.h\n'}
[1.143525] (px4_msgs) StdoutLine: {'line': b'-- Up-to-date: /home/harsh/ros2_project/install/px4_msgs/include/px4_msgs/px4_msgs/msg/vehicle_land_detected.h\n'}
[1.143562] (px4_msgs) StdoutLine: {'line': b'-- Up-to-date: /home/harsh/ros2_project/install/px4_msgs/include/px4_msgs/px4_msgs/msg/gimbal_device_information.h\n'}
[1.143600] (px4_msgs) StdoutLine: {'line': b'-- Up-to-date: /home/harsh/ros2_project/install/px4_msgs/include/px4_msgs/px4_msgs/msg/vehicle_trajectory_bezier.h\n'}
[1.143636] (px4_msgs) StdoutLine: {'line': b'-- Up-to-date: /home/harsh/ros2_project/install/px4_msgs/include/px4_msgs/px4_msgs/msg/sensor_gnss_relative.h\n'}
[1.143669] (px4_msgs) StdoutLine: {'line': b'-- Up-to-date: /home/harsh/ros2_project/install/px4_msgs/include/px4_msgs/px4_msgs/msg/buffer128.h\n'}
[1.143703] (px4_msgs) StdoutLine: {'line': b'-- Up-to-date: /home/harsh/ros2_project/install/px4_msgs/include/px4_msgs/px4_msgs/msg/ping.h\n'}
[1.143813] (px4_msgs) StdoutLine: {'line': b'-- Up-to-date: /home/harsh/ros2_project/install/px4_msgs/include/px4_msgs/px4_msgs/msg/figure_eight_status.h\n'}
[1.143849] (px4_msgs) StdoutLine: {'line': b'-- Up-to-date: /home/harsh/ros2_project/install/px4_msgs/include/px4_msgs/px4_msgs/msg/gimbal_manager_status.h\n'}
[1.143885] (px4_msgs) StdoutLine: {'line': b'-- Up-to-date: /home/harsh/ros2_project/install/px4_msgs/include/px4_msgs/px4_msgs/msg/control_allocator_status.h\n'}
[1.143919] (px4_msgs) StdoutLine: {'line': b'-- Up-to-date: /home/harsh/ros2_project/install/px4_msgs/include/px4_msgs/px4_msgs/msg/iridiumsbd_status.h\n'}
[1.143955] (px4_msgs) StdoutLine: {'line': b'-- Up-to-date: /home/harsh/ros2_project/install/px4_msgs/include/px4_msgs/px4_msgs/msg/battery_status.h\n'}
[1.143992] (px4_msgs) StdoutLine: {'line': b'-- Up-to-date: /home/harsh/ros2_project/install/px4_msgs/include/px4_msgs/px4_msgs/msg/gripper.h\n'}
[1.144027] (px4_msgs) StdoutLine: {'line': b'-- Up-to-date: /home/harsh/ros2_project/install/px4_msgs/include/px4_msgs/px4_msgs/msg/estimator_bias3d.h\n'}
[1.144061] (px4_msgs) StdoutLine: {'line': b'-- Up-to-date: /home/harsh/ros2_project/install/px4_msgs/include/px4_msgs/px4_msgs/msg/sensor_hygrometer.h\n'}
[1.144096] (px4_msgs) StdoutLine: {'line': b'-- Up-to-date: /home/harsh/ros2_project/install/px4_msgs/include/px4_msgs/px4_msgs/msg/parameter_set_value_response.h\n'}
[1.144130] (px4_msgs) StdoutLine: {'line': b'-- Up-to-date: /home/harsh/ros2_project/install/px4_msgs/include/px4_msgs/px4_msgs/msg/sensor_uwb.h\n'}
[1.144165] (px4_msgs) StdoutLine: {'line': b'-- Up-to-date: /home/harsh/ros2_project/install/px4_msgs/include/px4_msgs/px4_msgs/msg/estimator_event_flags.h\n'}
[1.144200] (px4_msgs) StdoutLine: {'line': b'-- Up-to-date: /home/harsh/ros2_project/install/px4_msgs/include/px4_msgs/px4_msgs/msg/mavlink_tunnel.h\n'}
[1.144244] (px4_msgs) StdoutLine: {'line': b'-- Up-to-date: /home/harsh/ros2_project/install/px4_msgs/include/px4_msgs/px4_msgs/msg/orb_test_medium.h\n'}
[1.144283] (px4_msgs) StdoutLine: {'line': b'-- Up-to-date: /home/harsh/ros2_project/install/px4_msgs/include/px4_msgs/px4_msgs/msg/differential_drive_setpoint.h\n'}
[1.144324] (px4_msgs) StdoutLine: {'line': b'-- Up-to-date: /home/harsh/ros2_project/install/px4_msgs/include/px4_msgs/px4_msgs/msg/timesync_status.h\n'}
[1.144368] (px4_msgs) StdoutLine: {'line': b'-- Up-to-date: /home/harsh/ros2_project/install/px4_msgs/include/px4_msgs/px4_msgs/msg/register_ext_component_request.h\n'}
[1.144408] (px4_msgs) StdoutLine: {'line': b'-- Up-to-date: /home/harsh/ros2_project/install/px4_msgs/include/px4_msgs/px4_msgs/msg/vehicle_acceleration.h\n'}
[1.144447] (px4_msgs) StdoutLine: {'line': b'-- Up-to-date: /home/harsh/ros2_project/install/px4_msgs/include/px4_msgs/px4_msgs/msg/distance_sensor.h\n'}
[1.144491] (px4_msgs) StdoutLine: {'line': b'-- Up-to-date: /home/harsh/ros2_project/install/px4_msgs/include/px4_msgs/px4_msgs/msg/differential_pressure.h\n'}
[1.144562] (px4_msgs) StdoutLine: {'line': b'-- Up-to-date: /home/harsh/ros2_project/install/px4_msgs/include/px4_msgs/px4_msgs/msg/onboard_computer_status.h\n'}
[1.144603] (px4_msgs) StdoutLine: {'line': b'-- Up-to-date: /home/harsh/ros2_project/install/px4_msgs/include/px4_msgs/px4_msgs/msg/rtl_time_estimate.h\n'}
[1.144641] (px4_msgs) StdoutLine: {'line': b'-- Up-to-date: /home/harsh/ros2_project/install/px4_msgs/include/px4_msgs/px4_msgs/msg/sensor_accel_fifo.h\n'}
[1.144680] (px4_msgs) StdoutLine: {'line': b'-- Up-to-date: /home/harsh/ros2_project/install/px4_msgs/include/px4_msgs/px4_msgs/msg/dataman_response.h\n'}
[1.144814] (px4_msgs) StdoutLine: {'line': b'-- Up-to-date: /home/harsh/ros2_project/install/px4_msgs/include/px4_msgs/px4_msgs/msg/rtl_status.h\n'}
[1.144856] (px4_msgs) StdoutLine: {'line': b'-- Up-to-date: /home/harsh/ros2_project/install/px4_msgs/include/px4_msgs/px4_msgs/msg/trajectory_setpoint.h\n'}
[1.144897] (px4_msgs) StdoutLine: {'line': b'-- Up-to-date: /home/harsh/ros2_project/install/px4_msgs/include/px4_msgs/px4_msgs/msg/parameter_reset_request.h\n'}
[1.145017] (px4_msgs) StdoutLine: {'line': b'-- Up-to-date: /home/harsh/ros2_project/install/px4_msgs/include/px4_msgs/px4_msgs/msg/internal_combustion_engine_status.h\n'}
[1.145068] (px4_msgs) StdoutLine: {'line': b'-- Up-to-date: /home/harsh/ros2_project/install/px4_msgs/include/px4_msgs/px4_msgs/msg/tecs_status.h\n'}
[1.145112] (px4_msgs) StdoutLine: {'line': b'-- Up-to-date: /home/harsh/ros2_project/install/px4_msgs/include/px4_msgs/px4_msgs/msg/landing_target_pose.h\n'}
[1.145159] (px4_msgs) StdoutLine: {'line': b'-- Up-to-date: /home/harsh/ros2_project/install/px4_msgs/include/px4_msgs/px4_msgs/msg/velocity_limits.h\n'}
[1.145195] (px4_msgs) StdoutLine: {'line': b'-- Up-to-date: /home/harsh/ros2_project/install/px4_msgs/include/px4_msgs/px4_msgs/msg/flight_phase_estimation.h\n'}
[1.145237] (px4_msgs) StdoutLine: {'line': b'-- Up-to-date: /home/harsh/ros2_project/install/px4_msgs/include/px4_msgs/px4_msgs/msg/vehicle_rates_setpoint.h\n'}
[1.145276] (px4_msgs) StdoutLine: {'line': b'-- Up-to-date: /home/harsh/ros2_project/install/px4_msgs/include/px4_msgs/px4_msgs/msg/uavcan_parameter_request.h\n'}
[1.145315] (px4_msgs) StdoutLine: {'line': b'-- Up-to-date: /home/harsh/ros2_project/install/px4_msgs/include/px4_msgs/px4_msgs/msg/log_message.h\n'}
[1.145361] (px4_msgs) StdoutLine: {'line': b'-- Up-to-date: /home/harsh/ros2_project/install/px4_msgs/include/px4_msgs/px4_msgs/msg/hover_thrust_estimate.h\n'}
[1.145403] (px4_msgs) StdoutLine: {'line': b'-- Up-to-date: /home/harsh/ros2_project/install/px4_msgs/include/px4_msgs/px4_msgs/msg/gimbal_manager_information.h\n'}
[1.145448] (px4_msgs) StdoutLine: {'line': b'-- Up-to-date: /home/harsh/ros2_project/install/px4_msgs/include/px4_msgs/px4_msgs/msg/vehicle_imu.h\n'}
[1.145543] (px4_msgs) StdoutLine: {'line': b'-- Up-to-date: /home/harsh/ros2_project/install/px4_msgs/include/px4_msgs/px4_msgs/msg/estimator_sensor_bias.h\n'}
[1.145589] (px4_msgs) StdoutLine: {'line': b'-- Up-to-date: /home/harsh/ros2_project/install/px4_msgs/include/px4_msgs/px4_msgs/msg/camera_trigger.h\n'}
[1.145634] (px4_msgs) StdoutLine: {'line': b'-- Up-to-date: /home/harsh/ros2_project/install/px4_msgs/include/px4_msgs/px4_msgs/msg/vehicle_attitude.h\n'}
[1.145675] (px4_msgs) StdoutLine: {'line': b'-- Up-to-date: /home/harsh/ros2_project/install/px4_msgs/include/px4_msgs/px4_msgs/msg/detail\n'}
[1.145714] (px4_msgs) StdoutLine: {'line': b'-- Up-to-date: /home/harsh/ros2_project/install/px4_msgs/include/px4_msgs/px4_msgs/msg/detail/unregister_ext_component__struct.h\n'}
[1.145754] (px4_msgs) StdoutLine: {'line': b'-- Up-to-date: /home/harsh/ros2_project/install/px4_msgs/include/px4_msgs/px4_msgs/msg/detail/geofence_status__functions.h\n'}
[1.145796] (px4_msgs) StdoutLine: {'line': b'-- Up-to-date: /home/harsh/ros2_project/install/px4_msgs/include/px4_msgs/px4_msgs/msg/detail/satellite_info__type_support.h\n'}
[1.145844] (px4_msgs) StdoutLine: {'line': b'-- Up-to-date: /home/harsh/ros2_project/install/px4_msgs/include/px4_msgs/px4_msgs/msg/detail/action_request__description.c\n'}
[1.145885] (px4_msgs) StdoutLine: {'line': b'-- Installing: /home/harsh/ros2_project/install/px4_msgs/include/px4_msgs/px4_msgs/msg/detail/vehicle_magnetometer__type_support.c\n'}
[1.145929] (px4_msgs) StdoutLine: {'line': b'-- Installing: /home/harsh/ros2_project/install/px4_msgs/include/px4_msgs/px4_msgs/msg/detail/dataman_response__type_support.c\n'}
[1.145972] (px4_msgs) StdoutLine: {'line': b'-- Installing: /home/harsh/ros2_project/install/px4_msgs/include/px4_msgs/px4_msgs/msg/detail/sensor_gyro_fifo__type_support.c\n'}
[1.146013] (px4_msgs) StdoutLine: {'line': b'-- Up-to-date: /home/harsh/ros2_project/install/px4_msgs/include/px4_msgs/px4_msgs/msg/detail/sensor_accel_fifo__functions.h\n'}
[1.146050] (px4_msgs) StdoutLine: {'line': b'-- Up-to-date: /home/harsh/ros2_project/install/px4_msgs/include/px4_msgs/px4_msgs/msg/detail/log_message__functions.h\n'}
[1.146088] (px4_msgs) StdoutLine: {'line': b'-- Up-to-date: /home/harsh/ros2_project/install/px4_msgs/include/px4_msgs/px4_msgs/msg/detail/cpuload__description.c\n'}
[1.146126] (px4_msgs) StdoutLine: {'line': b'-- Up-to-date: /home/harsh/ros2_project/install/px4_msgs/include/px4_msgs/px4_msgs/msg/detail/estimator_states__functions.c\n'}
[1.146164] (px4_msgs) StdoutLine: {'line': b'-- Up-to-date: /home/harsh/ros2_project/install/px4_msgs/include/px4_msgs/px4_msgs/msg/detail/camera_capture__type_support.h\n'}
[1.146203] (px4_msgs) StdoutLine: {'line': b'-- Up-to-date: /home/harsh/ros2_project/install/px4_msgs/include/px4_msgs/px4_msgs/msg/detail/vehicle_air_data__type_support.h\n'}
[1.146242] (px4_msgs) StdoutLine: {'line': b'-- Up-to-date: /home/harsh/ros2_project/install/px4_msgs/include/px4_msgs/px4_msgs/msg/detail/gps_dump__type_support.h\n'}
[1.146280] (px4_msgs) StdoutLine: {'line': b'-- Up-to-date: /home/harsh/ros2_project/install/px4_msgs/include/px4_msgs/px4_msgs/msg/detail/gimbal_device_attitude_status__functions.h\n'}
[1.146326] (px4_msgs) StdoutLine: {'line': b'-- Up-to-date: /home/harsh/ros2_project/install/px4_msgs/include/px4_msgs/px4_msgs/msg/detail/failsafe_flags__functions.c\n'}
[1.146398] (px4_msgs) StdoutLine: {'line': b'-- Up-to-date: /home/harsh/ros2_project/install/px4_msgs/include/px4_msgs/px4_msgs/msg/detail/rc_channels__functions.h\n'}
[1.146439] (px4_msgs) StdoutLine: {'line': b'-- Up-to-date: /home/harsh/ros2_project/install/px4_msgs/include/px4_msgs/px4_msgs/msg/detail/trajectory_bezier__description.c\n'}
[1.146530] (px4_msgs) StdoutLine: {'line': b'-- Up-to-date: /home/harsh/ros2_project/install/px4_msgs/include/px4_msgs/px4_msgs/msg/detail/debug_array__description.c\n'}
[1.146571] (px4_msgs) StdoutLine: {'line': b'-- Up-to-date: /home/harsh/ros2_project/install/px4_msgs/include/px4_msgs/px4_msgs/msg/detail/geofence_status__functions.c\n'}
[1.146609] (px4_msgs) StdoutLine: {'line': b'-- Up-to-date: /home/harsh/ros2_project/install/px4_msgs/include/px4_msgs/px4_msgs/msg/detail/parameter_set_used_request__description.c\n'}
[1.146646] (px4_msgs) StdoutLine: {'line': b'-- Up-to-date: /home/harsh/ros2_project/install/px4_msgs/include/px4_msgs/px4_msgs/msg/detail/button_event__description.c\n'}
[1.146706] (px4_msgs) StdoutLine: {'line': b'-- Up-to-date: /home/harsh/ros2_project/install/px4_msgs/include/px4_msgs/px4_msgs/msg/detail/estimator_status__description.c\n'}
[1.146747] (px4_msgs) StdoutLine: {'line': b'-- Up-to-date: /home/harsh/ros2_project/install/px4_msgs/include/px4_msgs/px4_msgs/msg/detail/button_event__type_support.h\n'}
[1.146786] (px4_msgs) StdoutLine: {'line': b'-- Up-to-date: /home/harsh/ros2_project/install/px4_msgs/include/px4_msgs/px4_msgs/msg/detail/sensor_accel_fifo__struct.h\n'}
[1.146826] (px4_msgs) StdoutLine: {'line': b'-- Up-to-date: /home/harsh/ros2_project/install/px4_msgs/include/px4_msgs/px4_msgs/msg/detail/launch_detection_status__description.c\n'}
[1.146866] (px4_msgs) StdoutLine: {'line': b'-- Up-to-date: /home/harsh/ros2_project/install/px4_msgs/include/px4_msgs/px4_msgs/msg/detail/battery_status__type_support.h\n'}
[1.146905] (px4_msgs) StdoutLine: {'line': b'-- Up-to-date: /home/harsh/ros2_project/install/px4_msgs/include/px4_msgs/px4_msgs/msg/detail/velocity_limits__functions.c\n'}
[1.146943] (px4_msgs) StdoutLine: {'line': b'-- Up-to-date: /home/harsh/ros2_project/install/px4_msgs/include/px4_msgs/px4_msgs/msg/detail/tecs_status__type_support.h\n'}
[1.146982] (px4_msgs) StdoutLine: {'line': b'-- Up-to-date: /home/harsh/ros2_project/install/px4_msgs/include/px4_msgs/px4_msgs/msg/detail/gimbal_manager_set_attitude__functions.c\n'}
[1.147035] (px4_msgs) StdoutLine: {'line': b'-- Installing: /home/harsh/ros2_project/install/px4_msgs/include/px4_msgs/px4_msgs/msg/detail/sensor_accel__type_support.c\n'}
[1.147074] (px4_msgs) StdoutLine: {'line': b'-- Up-to-date: /home/harsh/ros2_project/install/px4_msgs/include/px4_msgs/px4_msgs/msg/detail/gpio_out__type_support.h\n'}
[1.147112] (px4_msgs) StdoutLine: {'line': b'-- Up-to-date: /home/harsh/ros2_project/install/px4_msgs/include/px4_msgs/px4_msgs/msg/detail/timesync_status__struct.h\n'}
[1.147151] (px4_msgs) StdoutLine: {'line': b'-- Up-to-date: /home/harsh/ros2_project/install/px4_msgs/include/px4_msgs/px4_msgs/msg/detail/vehicle_roi__functions.h\n'}
[1.147190] (px4_msgs) StdoutLine: {'line': b'-- Up-to-date: /home/harsh/ros2_project/install/px4_msgs/include/px4_msgs/px4_msgs/msg/detail/airspeed_validated__struct.h\n'}
[1.147230] (px4_msgs) StdoutLine: {'line': b'-- Up-to-date: /home/harsh/ros2_project/install/px4_msgs/include/px4_msgs/px4_msgs/msg/detail/sensor_mag__struct.h\n'}
[1.147269] (px4_msgs) StdoutLine: {'line': b'-- Up-to-date: /home/harsh/ros2_project/install/px4_msgs/include/px4_msgs/px4_msgs/msg/detail/vehicle_status__struct.h\n'}
[1.147308] (px4_msgs) StdoutLine: {'line': b'-- Installing: /home/harsh/ros2_project/install/px4_msgs/include/px4_msgs/px4_msgs/msg/detail/goto_setpoint__type_support.c\n'}
[1.147357] (px4_msgs) StdoutLine: {'line': b'-- Up-to-date: /home/harsh/ros2_project/install/px4_msgs/include/px4_msgs/px4_msgs/msg/detail/vehicle_acceleration__type_support.h\n'}
[1.147398] (px4_msgs) StdoutLine: {'line': b'-- Up-to-date: /home/harsh/ros2_project/install/px4_msgs/include/px4_msgs/px4_msgs/msg/detail/position_setpoint_triplet__struct.h\n'}
[1.147438] (px4_msgs) StdoutLine: {'line': b'-- Installing: /home/harsh/ros2_project/install/px4_msgs/include/px4_msgs/px4_msgs/msg/detail/power_monitor__type_support.c\n'}
[1.147478] (px4_msgs) StdoutLine: {'line': b'-- Up-to-date: /home/harsh/ros2_project/install/px4_msgs/include/px4_msgs/px4_msgs/msg/detail/follow_target__functions.c\n'}
[1.147519] (px4_msgs) StdoutLine: {'line': b'-- Up-to-date: /home/harsh/ros2_project/install/px4_msgs/include/px4_msgs/px4_msgs/msg/detail/estimator_status__struct.h\n'}
[1.147559] (px4_msgs) StdoutLine: {'line': b'-- Up-to-date: /home/harsh/ros2_project/install/px4_msgs/include/px4_msgs/px4_msgs/msg/detail/estimator_bias3d__struct.h\n'}
[1.147599] (px4_msgs) StdoutLine: {'line': b'-- Up-to-date: /home/harsh/ros2_project/install/px4_msgs/include/px4_msgs/px4_msgs/msg/detail/position_controller_status__functions.h\n'}
[1.147639] (px4_msgs) StdoutLine: {'line': b'-- Up-to-date: /home/harsh/ros2_project/install/px4_msgs/include/px4_msgs/px4_msgs/msg/detail/vehicle_trajectory_waypoint__functions.h\n'}
[1.147680] (px4_msgs) StdoutLine: {'line': b'-- Up-to-date: /home/harsh/ros2_project/install/px4_msgs/include/px4_msgs/px4_msgs/msg/detail/manual_control_switches__type_support.h\n'}
[1.147722] (px4_msgs) StdoutLine: {'line': b'-- Up-to-date: /home/harsh/ros2_project/install/px4_msgs/include/px4_msgs/px4_msgs/msg/detail/debug_key_value__struct.h\n'}
[1.147771] (px4_msgs) StdoutLine: {'line': b'-- Up-to-date: /home/harsh/ros2_project/install/px4_msgs/include/px4_msgs/px4_msgs/msg/detail/wind__description.c\n'}
[1.147831] (px4_msgs) StdoutLine: {'line': b'-- Up-to-date: /home/harsh/ros2_project/install/px4_msgs/include/px4_msgs/px4_msgs/msg/detail/tune_control__struct.h\n'}
[1.147883] (px4_msgs) StdoutLine: {'line': b'-- Up-to-date: /home/harsh/ros2_project/install/px4_msgs/include/px4_msgs/px4_msgs/msg/detail/px4io_status__description.c\n'}
[1.147929] (px4_msgs) StdoutLine: {'line': b'-- Up-to-date: /home/harsh/ros2_project/install/px4_msgs/include/px4_msgs/px4_msgs/msg/detail/vehicle_torque_setpoint__functions.h\n'}
[1.147979] (px4_msgs) StdoutLine: {'line': b'-- Up-to-date: /home/harsh/ros2_project/install/px4_msgs/include/px4_msgs/px4_msgs/msg/detail/landing_gear_wheel__functions.c\n'}
[1.148038] (px4_msgs) StdoutLine: {'line': b'-- Installing: /home/harsh/ros2_project/install/px4_msgs/include/px4_msgs/px4_msgs/msg/detail/sensor_mag__type_support.c\n'}
[1.148085] (px4_msgs) StdoutLine: {'line': b'-- Installing: /home/harsh/ros2_project/install/px4_msgs/include/px4_msgs/px4_msgs/msg/detail/mode_completed__type_support.c\n'}
[1.148135] (px4_msgs) StdoutLine: {'line': b'-- Up-to-date: /home/harsh/ros2_project/install/px4_msgs/include/px4_msgs/px4_msgs/msg/detail/estimator_bias__description.c\n'}
[1.148186] (px4_msgs) StdoutLine: {'line': b'-- Up-to-date: /home/harsh/ros2_project/install/px4_msgs/include/px4_msgs/px4_msgs/msg/detail/mavlink_log__struct.h\n'}
[1.148240] (px4_msgs) StdoutLine: {'line': b'-- Up-to-date: /home/harsh/ros2_project/install/px4_msgs/include/px4_msgs/px4_msgs/msg/detail/gpio_config__struct.h\n'}
[1.148292] (px4_msgs) StdoutLine: {'line': b'-- Installing: /home/harsh/ros2_project/install/px4_msgs/include/px4_msgs/px4_msgs/msg/detail/sensors_status_imu__type_support.c\n'}
[1.148352] (px4_msgs) StdoutLine: {'line': b'-- Up-to-date: /home/harsh/ros2_project/install/px4_msgs/include/px4_msgs/px4_msgs/msg/detail/vehicle_angular_velocity__functions.c\n'}
[1.148404] (px4_msgs) StdoutLine: {'line': b'-- Up-to-date: /home/harsh/ros2_project/install/px4_msgs/include/px4_msgs/px4_msgs/msg/detail/pwm_input__description.c\n'}
[1.148458] (px4_msgs) StdoutLine: {'line': b'-- Up-to-date: /home/harsh/ros2_project/install/px4_msgs/include/px4_msgs/px4_msgs/msg/detail/airspeed__functions.h\n'}
[1.148776] (px4_msgs) StdoutLine: {'line': b'-- Up-to-date: /home/harsh/ros2_project/install/px4_msgs/include/px4_msgs/px4_msgs/msg/detail/estimator_event_flags__description.c\n'}
[1.148829] (px4_msgs) StdoutLine: {'line': b'-- Up-to-date: /home/harsh/ros2_project/install/px4_msgs/include/px4_msgs/px4_msgs/msg/detail/message_format_request__functions.c\n'}
[1.148874] (px4_msgs) StdoutLine: {'line': b'-- Installing: /home/harsh/ros2_project/install/px4_msgs/include/px4_msgs/px4_msgs/msg/detail/wind__type_support.c\n'}
[1.148981] (px4_msgs) StdoutLine: {'line': b'-- Up-to-date: /home/harsh/ros2_project/install/px4_msgs/include/px4_msgs/px4_msgs/msg/detail/sensor_preflight_mag__functions.h\n'}
[1.149023] (px4_msgs) StdoutLine: {'line': b'-- Up-to-date: /home/harsh/ros2_project/install/px4_msgs/include/px4_msgs/px4_msgs/msg/detail/sensor_gnss_relative__type_support.h\n'}
[1.149067] (px4_msgs) StdoutLine: {'line': b'-- Up-to-date: /home/harsh/ros2_project/install/px4_msgs/include/px4_msgs/px4_msgs/msg/detail/rtl_time_estimate__struct.h\n'}
[1.149107] (px4_msgs) StdoutLine: {'line': b'-- Installing: /home/harsh/ros2_project/install/px4_msgs/include/px4_msgs/px4_msgs/msg/detail/uavcan_parameter_value__type_support.c\n'}
[1.149149] (px4_msgs) StdoutLine: {'line': b'-- Up-to-date: /home/harsh/ros2_project/install/px4_msgs/include/px4_msgs/px4_msgs/msg/detail/gimbal_manager_status__functions.h\n'}
[1.149190] (px4_msgs) StdoutLine: {'line': b'-- Up-to-date: /home/harsh/ros2_project/install/px4_msgs/include/px4_msgs/px4_msgs/msg/detail/orb_test_medium__functions.c\n'}
[1.149267] (px4_msgs) StdoutLine: {'line': b'-- Up-to-date: /home/harsh/ros2_project/install/px4_msgs/include/px4_msgs/px4_msgs/msg/detail/debug_vect__type_support.h\n'}
[1.149314] (px4_msgs) StdoutLine: {'line': b'-- Up-to-date: /home/harsh/ros2_project/install/px4_msgs/include/px4_msgs/px4_msgs/msg/detail/autotune_attitude_control_status__description.c\n'}
[1.149367] (px4_msgs) StdoutLine: {'line': b'-- Up-to-date: /home/harsh/ros2_project/install/px4_msgs/include/px4_msgs/px4_msgs/msg/detail/obstacle_distance__description.c\n'}
[1.149415] (px4_msgs) StdoutLine: {'line': b'-- Up-to-date: /home/harsh/ros2_project/install/px4_msgs/include/px4_msgs/px4_msgs/msg/detail/airspeed_wind__type_support.h\n'}
[1.149463] (px4_msgs) StdoutLine: {'line': b'-- Up-to-date: /home/harsh/ros2_project/install/px4_msgs/include/px4_msgs/px4_msgs/msg/detail/rate_ctrl_status__functions.h\n'}
[1.149510] (px4_msgs) StdoutLine: {'line': b'-- Up-to-date: /home/harsh/ros2_project/install/px4_msgs/include/px4_msgs/px4_msgs/msg/detail/tune_control__type_support.h\n'}
[1.149557] (px4_msgs) StdoutLine: {'line': b'-- Up-to-date: /home/harsh/ros2_project/install/px4_msgs/include/px4_msgs/px4_msgs/msg/detail/battery_status__functions.c\n'}
[1.149601] (px4_msgs) StdoutLine: {'line': b'-- Up-to-date: /home/harsh/ros2_project/install/px4_msgs/include/px4_msgs/px4_msgs/msg/detail/collision_report__description.c\n'}
[1.149656] (px4_msgs) StdoutLine: {'line': b'-- Installing: /home/harsh/ros2_project/install/px4_msgs/include/px4_msgs/px4_msgs/msg/detail/sensor_gps__type_support.c\n'}
[1.149702] (px4_msgs) StdoutLine: {'line': b'-- Installing: /home/harsh/ros2_project/install/px4_msgs/include/px4_msgs/px4_msgs/msg/detail/vehicle_constraints__type_support.c\n'}
[1.149848] (px4_msgs) StdoutLine: {'line': b'-- Up-to-date: /home/harsh/ros2_project/install/px4_msgs/include/px4_msgs/px4_msgs/msg/detail/gripper__functions.h\n'}
[1.149892] (px4_msgs) StdoutLine: {'line': b'-- Up-to-date: /home/harsh/ros2_project/install/px4_msgs/include/px4_msgs/px4_msgs/msg/detail/buffer128__functions.c\n'}
[1.149934] (px4_msgs) StdoutLine: {'line': b'-- Installing: /home/harsh/ros2_project/install/px4_msgs/include/px4_msgs/px4_msgs/msg/detail/launch_detection_status__type_support.c\n'}
[1.149976] (px4_msgs) StdoutLine: {'line': b'-- Up-to-date: /home/harsh/ros2_project/install/px4_msgs/include/px4_msgs/px4_msgs/msg/detail/airspeed__description.c\n'}
[1.150017] (px4_msgs) StdoutLine: {'line': b'-- Up-to-date: /home/harsh/ros2_project/install/px4_msgs/include/px4_msgs/px4_msgs/msg/detail/uavcan_parameter_value__description.c\n'}
[1.150102] (px4_msgs) StdoutLine: {'line': b'-- Up-to-date: /home/harsh/ros2_project/install/px4_msgs/include/px4_msgs/px4_msgs/msg/detail/orb_test__functions.c\n'}
[1.150144] (px4_msgs) StdoutLine: {'line': b'-- Up-to-date: /home/harsh/ros2_project/install/px4_msgs/include/px4_msgs/px4_msgs/msg/detail/rc_channels__type_support.h\n'}
[1.150184] (px4_msgs) StdoutLine: {'line': b'-- Up-to-date: /home/harsh/ros2_project/install/px4_msgs/include/px4_msgs/px4_msgs/msg/detail/obstacle_distance__functions.h\n'}
[1.150228] (px4_msgs) StdoutLine: {'line': b'-- Up-to-date: /home/harsh/ros2_project/install/px4_msgs/include/px4_msgs/px4_msgs/msg/detail/vehicle_imu__type_support.h\n'}
[1.150270] (px4_msgs) StdoutLine: {'line': b'-- Installing: /home/harsh/ros2_project/install/px4_msgs/include/px4_msgs/px4_msgs/msg/detail/manual_control_setpoint__type_support.c\n'}
[1.150312] (px4_msgs) StdoutLine: {'line': b'-- Up-to-date: /home/harsh/ros2_project/install/px4_msgs/include/px4_msgs/px4_msgs/msg/detail/message_format_request__description.c\n'}
[1.150360] (px4_msgs) StdoutLine: {'line': b'-- Up-to-date: /home/harsh/ros2_project/install/px4_msgs/include/px4_msgs/px4_msgs/msg/detail/mission_result__functions.h\n'}
[1.150401] (px4_msgs) StdoutLine: {'line': b'-- Up-to-date: /home/harsh/ros2_project/install/px4_msgs/include/px4_msgs/px4_msgs/msg/detail/message_format_response__struct.h\n'}
[1.150441] (px4_msgs) StdoutLine: {'line': b'-- Up-to-date: /home/harsh/ros2_project/install/px4_msgs/include/px4_msgs/px4_msgs/msg/detail/yaw_estimator_status__functions.c\n'}
[1.150482] (px4_msgs) StdoutLine: {'line': b'-- Installing: /home/harsh/ros2_project/install/px4_msgs/include/px4_msgs/px4_msgs/msg/detail/estimator_bias3d__type_support.c\n'}
[1.150550] (px4_msgs) StdoutLine: {'line': b'-- Installing: /home/harsh/ros2_project/install/px4_msgs/include/px4_msgs/px4_msgs/msg/detail/pwm_input__type_support.c\n'}
[1.150592] (px4_msgs) StdoutLine: {'line': b'-- Up-to-date: /home/harsh/ros2_project/install/px4_msgs/include/px4_msgs/px4_msgs/msg/detail/launch_detection_status__functions.c\n'}
[1.150632] (px4_msgs) StdoutLine: {'line': b'-- Up-to-date: /home/harsh/ros2_project/install/px4_msgs/include/px4_msgs/px4_msgs/msg/detail/vehicle_rates_setpoint__functions.h\n'}
[1.150673] (px4_msgs) StdoutLine: {'line': b'-- Up-to-date: /home/harsh/ros2_project/install/px4_msgs/include/px4_msgs/px4_msgs/msg/detail/led_control__struct.h\n'}
[1.150714] (px4_msgs) StdoutLine: {'line': b'-- Up-to-date: /home/harsh/ros2_project/install/px4_msgs/include/px4_msgs/px4_msgs/msg/detail/sensor_optical_flow__functions.h\n'}
[1.150755] (px4_msgs) StdoutLine: {'line': b'-- Up-to-date: /home/harsh/ros2_project/install/px4_msgs/include/px4_msgs/px4_msgs/msg/detail/battery_status__struct.h\n'}
[1.150795] (px4_msgs) StdoutLine: {'line': b'-- Up-to-date: /home/harsh/ros2_project/install/px4_msgs/include/px4_msgs/px4_msgs/msg/detail/vehicle_torque_setpoint__description.c\n'}
[1.150834] (px4_msgs) StdoutLine: {'line': b'-- Up-to-date: /home/harsh/ros2_project/install/px4_msgs/include/px4_msgs/px4_msgs/msg/detail/vehicle_trajectory_waypoint__functions.c\n'}
[1.150874] (px4_msgs) StdoutLine: {'line': b'-- Up-to-date: /home/harsh/ros2_project/install/px4_msgs/include/px4_msgs/px4_msgs/msg/detail/estimator_sensor_bias__functions.h\n'}
[1.150915] (px4_msgs) StdoutLine: {'line': b'-- Installing: /home/harsh/ros2_project/install/px4_msgs/include/px4_msgs/px4_msgs/msg/detail/irlock_report__type_support.c\n'}
[1.150954] (px4_msgs) StdoutLine: {'line': b'-- Up-to-date: /home/harsh/ros2_project/install/px4_msgs/include/px4_msgs/px4_msgs/msg/detail/vehicle_attitude_setpoint__description.c\n'}
[1.150994] (px4_msgs) StdoutLine: {'line': b'-- Installing: /home/harsh/ros2_project/install/px4_msgs/include/px4_msgs/px4_msgs/msg/detail/actuator_servos_trim__type_support.c\n'}
[1.151033] (px4_msgs) StdoutLine: {'line': b'-- Up-to-date: /home/harsh/ros2_project/install/px4_msgs/include/px4_msgs/px4_msgs/msg/detail/arming_check_request__functions.h\n'}
[1.151146] (px4_msgs) StdoutLine: {'line': b'-- Up-to-date: /home/harsh/ros2_project/install/px4_msgs/include/px4_msgs/px4_msgs/msg/detail/geofence_result__functions.c\n'}
[1.151191] (px4_msgs) StdoutLine: {'line': b'-- Up-to-date: /home/harsh/ros2_project/install/px4_msgs/include/px4_msgs/px4_msgs/msg/detail/sensor_baro__description.c\n'}
[1.151233] (px4_msgs) StdoutLine: {'line': b'-- Up-to-date: /home/harsh/ros2_project/install/px4_msgs/include/px4_msgs/px4_msgs/msg/detail/gimbal_manager_set_attitude__description.c\n'}
[1.151277] (px4_msgs) StdoutLine: {'line': b'-- Up-to-date: /home/harsh/ros2_project/install/px4_msgs/include/px4_msgs/px4_msgs/msg/detail/sensor_accel__type_support.h\n'}
[1.151323] (px4_msgs) StdoutLine: {'line': b'-- Up-to-date: /home/harsh/ros2_project/install/px4_msgs/include/px4_msgs/px4_msgs/msg/detail/vehicle_magnetometer__type_support.h\n'}
[1.151367] (px4_msgs) StdoutLine: {'line': b'-- Installing: /home/harsh/ros2_project/install/px4_msgs/include/px4_msgs/px4_msgs/msg/detail/generator_status__type_support.c\n'}
[1.151410] (px4_msgs) StdoutLine: {'line': b'-- Up-to-date: /home/harsh/ros2_project/install/px4_msgs/include/px4_msgs/px4_msgs/msg/detail/log_message__type_support.h\n'}
[1.151452] (px4_msgs) StdoutLine: {'line': b'-- Up-to-date: /home/harsh/ros2_project/install/px4_msgs/include/px4_msgs/px4_msgs/msg/detail/sensor_optical_flow__type_support.h\n'}
[1.151495] (px4_msgs) StdoutLine: {'line': b'-- Up-to-date: /home/harsh/ros2_project/install/px4_msgs/include/px4_msgs/px4_msgs/msg/detail/gpio_config__description.c\n'}
[1.151536] (px4_msgs) StdoutLine: {'line': b'-- Installing: /home/harsh/ros2_project/install/px4_msgs/include/px4_msgs/px4_msgs/msg/detail/can_interface_status__type_support.c\n'}
[1.151578] (px4_msgs) StdoutLine: {'line': b'-- Up-to-date: /home/harsh/ros2_project/install/px4_msgs/include/px4_msgs/px4_msgs/msg/detail/failsafe_flags__type_support.h\n'}
[1.151621] (px4_msgs) StdoutLine: {'line': b'-- Up-to-date: /home/harsh/ros2_project/install/px4_msgs/include/px4_msgs/px4_msgs/msg/detail/dataman_request__functions.h\n'}
[1.151663] (px4_msgs) StdoutLine: {'line': b'-- Up-to-date: /home/harsh/ros2_project/install/px4_msgs/include/px4_msgs/px4_msgs/msg/detail/sensors_status_imu__type_support.h\n'}
[1.151706] (px4_msgs) StdoutLine: {'line': b'-- Up-to-date: /home/harsh/ros2_project/install/px4_msgs/include/px4_msgs/px4_msgs/msg/detail/actuator_servos_trim__functions.h\n'}
[1.151749] (px4_msgs) StdoutLine: {'line': b'-- Installing: /home/harsh/ros2_project/install/px4_msgs/include/px4_msgs/px4_msgs/msg/detail/gps_inject_data__type_support.c\n'}
[1.151794] (px4_msgs) StdoutLine: {'line': b'-- Up-to-date: /home/harsh/ros2_project/install/px4_msgs/include/px4_msgs/px4_msgs/msg/detail/px4io_status__struct.h\n'}
[1.151841] (px4_msgs) StdoutLine: {'line': b'-- Up-to-date: /home/harsh/ros2_project/install/px4_msgs/include/px4_msgs/px4_msgs/msg/detail/trajectory_setpoint__description.c\n'}
[1.151884] (px4_msgs) StdoutLine: {'line': b'-- Up-to-date: /home/harsh/ros2_project/install/px4_msgs/include/px4_msgs/px4_msgs/msg/detail/home_position__description.c\n'}
[1.151929] (px4_msgs) StdoutLine: {'line': b'-- Installing: /home/harsh/ros2_project/install/px4_msgs/include/px4_msgs/px4_msgs/msg/detail/buffer128__type_support.c\n'}
[1.152004] (px4_msgs) StdoutLine: {'line': b'-- Up-to-date: /home/harsh/ros2_project/install/px4_msgs/include/px4_msgs/px4_msgs/msg/detail/sensor_preflight_mag__type_support.h\n'}
[1.152048] (px4_msgs) StdoutLine: {'line': b'-- Up-to-date: /home/harsh/ros2_project/install/px4_msgs/include/px4_msgs/px4_msgs/msg/detail/event__struct.h\n'}
[1.152090] (px4_msgs) StdoutLine: {'line': b'-- Up-to-date: /home/harsh/ros2_project/install/px4_msgs/include/px4_msgs/px4_msgs/msg/detail/vehicle_air_data__struct.h\n'}
[1.152132] (px4_msgs) StdoutLine: {'line': b'-- Up-to-date: /home/harsh/ros2_project/install/px4_msgs/include/px4_msgs/px4_msgs/msg/detail/sensor_uwb__functions.h\n'}
[1.152262] (px4_msgs) StdoutLine: {'line': b'-- Up-to-date: /home/harsh/ros2_project/install/px4_msgs/include/px4_msgs/px4_msgs/msg/detail/adc_report__struct.h\n'}
[1.152307] (px4_msgs) StdoutLine: {'line': b'-- Up-to-date: /home/harsh/ros2_project/install/px4_msgs/include/px4_msgs/px4_msgs/msg/detail/vehicle_optical_flow__struct.h\n'}
[1.152357] (px4_msgs) StdoutLine: {'line': b'-- Up-to-date: /home/harsh/ros2_project/install/px4_msgs/include/px4_msgs/px4_msgs/msg/detail/mag_worker_data__functions.h\n'}
[1.152403] (px4_msgs) StdoutLine: {'line': b'-- Up-to-date: /home/harsh/ros2_project/install/px4_msgs/include/px4_msgs/px4_msgs/msg/detail/rc_channels__struct.h\n'}
[1.152449] (px4_msgs) StdoutLine: {'line': b'-- Installing: /home/harsh/ros2_project/install/px4_msgs/include/px4_msgs/px4_msgs/msg/detail/vehicle_odometry__type_support.c\n'}
[1.152494] (px4_msgs) StdoutLine: {'line': b'-- Up-to-date: /home/harsh/ros2_project/install/px4_msgs/include/px4_msgs/px4_msgs/msg/detail/transponder_report__type_support.h\n'}
[1.152539] (px4_msgs) StdoutLine: {'line': b'-- Up-to-date: /home/harsh/ros2_project/install/px4_msgs/include/px4_msgs/px4_msgs/msg/detail/position_setpoint__functions.h\n'}
[1.152584] (px4_msgs) StdoutLine: {'line': b'-- Installing: /home/harsh/ros2_project/install/px4_msgs/include/px4_msgs/px4_msgs/msg/detail/gimbal_controls__type_support.c\n'}
[1.152666] (px4_msgs) StdoutLine: {'line': b'-- Up-to-date: /home/harsh/ros2_project/install/px4_msgs/include/px4_msgs/px4_msgs/msg/detail/rtl_time_estimate__type_support.h\n'}
[1.152714] (px4_msgs) StdoutLine: {'line': b'-- Installing: /home/harsh/ros2_project/install/px4_msgs/include/px4_msgs/px4_msgs/msg/detail/cellular_status__type_support.c\n'}
[1.152761] (px4_msgs) StdoutLine: {'line': b'-- Up-to-date: /home/harsh/ros2_project/install/px4_msgs/include/px4_msgs/px4_msgs/msg/detail/normalized_unsigned_setpoint__functions.h\n'}
[1.152805] (px4_msgs) StdoutLine: {'line': b'-- Up-to-date: /home/harsh/ros2_project/install/px4_msgs/include/px4_msgs/px4_msgs/msg/detail/landing_gear__functions.c\n'}
[1.152850] (px4_msgs) StdoutLine: {'line': b'-- Up-to-date: /home/harsh/ros2_project/install/px4_msgs/include/px4_msgs/px4_msgs/msg/detail/pps_capture__functions.h\n'}
[1.152895] (px4_msgs) StdoutLine: {'line': b'-- Installing: /home/harsh/ros2_project/install/px4_msgs/include/px4_msgs/px4_msgs/msg/detail/system_power__type_support.c\n'}
[1.152939] (px4_msgs) StdoutLine: {'line': b'-- Installing: /home/harsh/ros2_project/install/px4_msgs/include/px4_msgs/px4_msgs/msg/detail/vtol_vehicle_status__type_support.c\n'}
[1.152983] (px4_msgs) StdoutLine: {'line': b'-- Up-to-date: /home/harsh/ros2_project/install/px4_msgs/include/px4_msgs/px4_msgs/msg/detail/offboard_control_mode__functions.h\n'}
[1.153027] (px4_msgs) StdoutLine: {'line': b'-- Up-to-date: /home/harsh/ros2_project/install/px4_msgs/include/px4_msgs/px4_msgs/msg/detail/qshell_retval__functions.c\n'}
[1.153072] (px4_msgs) StdoutLine: {'line': b'-- Up-to-date: /home/harsh/ros2_project/install/px4_msgs/include/px4_msgs/px4_msgs/msg/detail/sensor_hygrometer__type_support.h\n'}
[1.153117] (px4_msgs) StdoutLine: {'line': b'-- Installing: /home/harsh/ros2_project/install/px4_msgs/include/px4_msgs/px4_msgs/msg/detail/gimbal_manager_information__type_support.c\n'}
[1.153164] (px4_msgs) StdoutLine: {'line': b'-- Up-to-date: /home/harsh/ros2_project/install/px4_msgs/include/px4_msgs/px4_msgs/msg/detail/rtl_status__functions.h\n'}
[1.153210] (px4_msgs) StdoutLine: {'line': b'-- Up-to-date: /home/harsh/ros2_project/install/px4_msgs/include/px4_msgs/px4_msgs/msg/detail/landing_gear__type_support.h\n'}
[1.153255] (px4_msgs) StdoutLine: {'line': b'-- Up-to-date: /home/harsh/ros2_project/install/px4_msgs/include/px4_msgs/px4_msgs/msg/detail/failure_detector_status__functions.c\n'}
[1.153299] (px4_msgs) StdoutLine: {'line': b'-- Up-to-date: /home/harsh/ros2_project/install/px4_msgs/include/px4_msgs/px4_msgs/msg/detail/message_format_request__functions.h\n'}
[1.153351] (px4_msgs) StdoutLine: {'line': b'-- Installing: /home/harsh/ros2_project/install/px4_msgs/include/px4_msgs/px4_msgs/msg/detail/sensor_accel_fifo__type_support.c\n'}
[1.153449] (px4_msgs) StdoutLine: {'line': b'-- Up-to-date: /home/harsh/ros2_project/install/px4_msgs/include/px4_msgs/px4_msgs/msg/detail/geofence_result__functions.h\n'}
[1.153496] (px4_msgs) StdoutLine: {'line': b'-- Up-to-date: /home/harsh/ros2_project/install/px4_msgs/include/px4_msgs/px4_msgs/msg/detail/orb_test_large__struct.h\n'}
[1.153542] (px4_msgs) StdoutLine: {'line': b'-- Up-to-date: /home/harsh/ros2_project/install/px4_msgs/include/px4_msgs/px4_msgs/msg/detail/ekf2_timestamps__description.c\n'}
[1.153588] (px4_msgs) StdoutLine: {'line': b'-- Up-to-date: /home/harsh/ros2_project/install/px4_msgs/include/px4_msgs/px4_msgs/msg/detail/logger_status__description.c\n'}
[1.153635] (px4_msgs) StdoutLine: {'line': b'-- Up-to-date: /home/harsh/ros2_project/install/px4_msgs/include/px4_msgs/px4_msgs/msg/detail/gimbal_device_set_attitude__struct.h\n'}
[1.153783] (px4_msgs) StdoutLine: {'line': b'-- Up-to-date: /home/harsh/ros2_project/install/px4_msgs/include/px4_msgs/px4_msgs/msg/detail/estimator_innovations__type_support.h\n'}
[1.153830] (px4_msgs) StdoutLine: {'line': b'-- Up-to-date: /home/harsh/ros2_project/install/px4_msgs/include/px4_msgs/px4_msgs/msg/detail/launch_detection_status__type_support.h\n'}
[1.153875] (px4_msgs) StdoutLine: {'line': b'-- Up-to-date: /home/harsh/ros2_project/install/px4_msgs/include/px4_msgs/px4_msgs/msg/detail/parameter_set_used_request__functions.c\n'}
[1.153923] (px4_msgs) StdoutLine: {'line': b'-- Up-to-date: /home/harsh/ros2_project/install/px4_msgs/include/px4_msgs/px4_msgs/msg/detail/follow_target__struct.h\n'}
[1.153969] (px4_msgs) StdoutLine: {'line': b'-- Up-to-date: /home/harsh/ros2_project/install/px4_msgs/include/px4_msgs/px4_msgs/msg/detail/vehicle_imu_status__functions.h\n'}
[1.154014] (px4_msgs) StdoutLine: {'line': b'-- Up-to-date: /home/harsh/ros2_project/install/px4_msgs/include/px4_msgs/px4_msgs/msg/detail/vehicle_air_data__functions.c\n'}
[1.154059] (px4_msgs) StdoutLine: {'line': b'-- Up-to-date: /home/harsh/ros2_project/install/px4_msgs/include/px4_msgs/px4_msgs/msg/detail/trajectory_setpoint__functions.c\n'}
[1.154102] (px4_msgs) StdoutLine: {'line': b'-- Installing: /home/harsh/ros2_project/install/px4_msgs/include/px4_msgs/px4_msgs/msg/detail/uavcan_parameter_request__type_support.c\n'}
[1.154148] (px4_msgs) StdoutLine: {'line': b'-- Up-to-date: /home/harsh/ros2_project/install/px4_msgs/include/px4_msgs/px4_msgs/msg/detail/tiltrotor_extra_controls__functions.c\n'}
[1.154210] (px4_msgs) StdoutLine: {'line': b'-- Installing: /home/harsh/ros2_project/install/px4_msgs/include/px4_msgs/px4_msgs/msg/detail/register_ext_component_reply__type_support.c\n'}
[1.154258] (px4_msgs) StdoutLine: {'line': b'-- Up-to-date: /home/harsh/ros2_project/install/px4_msgs/include/px4_msgs/px4_msgs/msg/detail/qshell_req__functions.h\n'}
[1.154305] (px4_msgs) StdoutLine: {'line': b'-- Up-to-date: /home/harsh/ros2_project/install/px4_msgs/include/px4_msgs/px4_msgs/msg/detail/hover_thrust_estimate__description.c\n'}
[1.154358] (px4_msgs) StdoutLine: {'line': b'-- Up-to-date: /home/harsh/ros2_project/install/px4_msgs/include/px4_msgs/px4_msgs/msg/detail/gimbal_controls__description.c\n'}
[1.154406] (px4_msgs) StdoutLine: {'line': b'-- Up-to-date: /home/harsh/ros2_project/install/px4_msgs/include/px4_msgs/px4_msgs/msg/detail/dataman_response__description.c\n'}
[1.154453] (px4_msgs) StdoutLine: {'line': b'-- Up-to-date: /home/harsh/ros2_project/install/px4_msgs/include/px4_msgs/px4_msgs/msg/detail/can_interface_status__functions.h\n'}
[1.154500] (px4_msgs) StdoutLine: {'line': b'-- Installing: /home/harsh/ros2_project/install/px4_msgs/include/px4_msgs/px4_msgs/msg/detail/vehicle_acceleration__type_support.c\n'}
[1.154548] (px4_msgs) StdoutLine: {'line': b'-- Up-to-date: /home/harsh/ros2_project/install/px4_msgs/include/px4_msgs/px4_msgs/msg/detail/vehicle_angular_acceleration_setpoint__type_support.h\n'}
[1.154596] (px4_msgs) StdoutLine: {'line': b'-- Up-to-date: /home/harsh/ros2_project/install/px4_msgs/include/px4_msgs/px4_msgs/msg/detail/landing_gear_wheel__type_support.h\n'}
[1.154644] (px4_msgs) StdoutLine: {'line': b'-- Up-to-date: /home/harsh/ros2_project/install/px4_msgs/include/px4_msgs/px4_msgs/msg/detail/estimator_aid_source2d__functions.c\n'}
[1.154690] (px4_msgs) StdoutLine: {'line': b'-- Up-to-date: /home/harsh/ros2_project/install/px4_msgs/include/px4_msgs/px4_msgs/msg/detail/vehicle_global_position__description.c\n'}
[1.154735] (px4_msgs) StdoutLine: {'line': b'-- Installing: /home/harsh/ros2_project/install/px4_msgs/include/px4_msgs/px4_msgs/msg/detail/orb_test_medium__type_support.c\n'}
[1.154780] (px4_msgs) StdoutLine: {'line': b'-- Up-to-date: /home/harsh/ros2_project/install/px4_msgs/include/px4_msgs/px4_msgs/msg/detail/vehicle_constraints__type_support.h\n'}
[1.154824] (px4_msgs) StdoutLine: {'line': b'-- Installing: /home/harsh/ros2_project/install/px4_msgs/include/px4_msgs/px4_msgs/msg/detail/position_setpoint__type_support.c\n'}
[1.154868] (px4_msgs) StdoutLine: {'line': b'-- Up-to-date: /home/harsh/ros2_project/install/px4_msgs/include/px4_msgs/px4_msgs/msg/detail/vehicle_angular_velocity__struct.h\n'}
[1.154911] (px4_msgs) StdoutLine: {'line': b'-- Up-to-date: /home/harsh/ros2_project/install/px4_msgs/include/px4_msgs/px4_msgs/msg/detail/onboard_computer_status__functions.h\n'}
[1.154957] (px4_msgs) StdoutLine: {'line': b'-- Up-to-date: /home/harsh/ros2_project/install/px4_msgs/include/px4_msgs/px4_msgs/msg/detail/manual_control_setpoint__struct.h\n'}
[1.154999] (px4_msgs) StdoutLine: {'line': b'-- Up-to-date: /home/harsh/ros2_project/install/px4_msgs/include/px4_msgs/px4_msgs/msg/detail/landing_gear_wheel__description.c\n'}
[1.155043] (px4_msgs) StdoutLine: {'line': b'-- Up-to-date: /home/harsh/ros2_project/install/px4_msgs/include/px4_msgs/px4_msgs/msg/detail/power_button_state__struct.h\n'}
[1.155087] (px4_msgs) StdoutLine: {'line': b'-- Up-to-date: /home/harsh/ros2_project/install/px4_msgs/include/px4_msgs/px4_msgs/msg/detail/qshell_retval__description.c\n'}
[1.155131] (px4_msgs) StdoutLine: {'line': b'-- Up-to-date: /home/harsh/ros2_project/install/px4_msgs/include/px4_msgs/px4_msgs/msg/detail/dataman_response__type_support.h\n'}
[1.155176] (px4_msgs) StdoutLine: {'line': b'-- Up-to-date: /home/harsh/ros2_project/install/px4_msgs/include/px4_msgs/px4_msgs/msg/detail/sensor_uwb__functions.c\n'}
[1.155220] (px4_msgs) StdoutLine: {'line': b'-- Up-to-date: /home/harsh/ros2_project/install/px4_msgs/include/px4_msgs/px4_msgs/msg/detail/sensor_airflow__type_support.h\n'}
[1.155487] (px4_msgs) StdoutLine: {'line': b'-- Up-to-date: /home/harsh/ros2_project/install/px4_msgs/include/px4_msgs/px4_msgs/msg/detail/unregister_ext_component__functions.h\n'}
[1.155562] (px4_msgs) StdoutLine: {'line': b'-- Up-to-date: /home/harsh/ros2_project/install/px4_msgs/include/px4_msgs/px4_msgs/msg/detail/figure_eight_status__type_support.h\n'}
[1.155608] (px4_msgs) StdoutLine: {'line': b'-- Installing: /home/harsh/ros2_project/install/px4_msgs/include/px4_msgs/px4_msgs/msg/detail/vehicle_optical_flow__type_support.c\n'}
[1.155652] (px4_msgs) StdoutLine: {'line': b'-- Installing: /home/harsh/ros2_project/install/px4_msgs/include/px4_msgs/px4_msgs/msg/detail/ulog_stream_ack__type_support.c\n'}
[1.155692] (px4_msgs) StdoutLine: {'line': b'-- Up-to-date: /home/harsh/ros2_project/install/px4_msgs/include/px4_msgs/px4_msgs/msg/detail/vehicle_acceleration__functions.c\n'}
[1.155733] (px4_msgs) StdoutLine: {'line': b'-- Up-to-date: /home/harsh/ros2_project/install/px4_msgs/include/px4_msgs/px4_msgs/msg/detail/system_power__type_support.h\n'}
[1.155774] (px4_msgs) StdoutLine: {'line': b'-- Up-to-date: /home/harsh/ros2_project/install/px4_msgs/include/px4_msgs/px4_msgs/msg/detail/orb_test_large__functions.h\n'}
[1.155834] (px4_msgs) StdoutLine: {'line': b'-- Up-to-date: /home/harsh/ros2_project/install/px4_msgs/include/px4_msgs/px4_msgs/msg/detail/debug_array__type_support.h\n'}
[1.155873] (px4_msgs) StdoutLine: {'line': b'-- Up-to-date: /home/harsh/ros2_project/install/px4_msgs/include/px4_msgs/px4_msgs/msg/detail/navigator_mission_item__description.c\n'}
[1.155917] (px4_msgs) StdoutLine: {'line': b'-- Installing: /home/harsh/ros2_project/install/px4_msgs/include/px4_msgs/px4_msgs/msg/detail/trajectory_setpoint__type_support.c\n'}
[1.155956] (px4_msgs) StdoutLine: {'line': b'-- Installing: /home/harsh/ros2_project/install/px4_msgs/include/px4_msgs/px4_msgs/msg/detail/rpm__type_support.c\n'}
[1.155996] (px4_msgs) StdoutLine: {'line': b'-- Up-to-date: /home/harsh/ros2_project/install/px4_msgs/include/px4_msgs/px4_msgs/msg/detail/mavlink_tunnel__description.c\n'}
[1.156034] (px4_msgs) StdoutLine: {'line': b'-- Installing: /home/harsh/ros2_project/install/px4_msgs/include/px4_msgs/px4_msgs/msg/detail/position_setpoint_triplet__type_support.c\n'}
[1.156070] (px4_msgs) StdoutLine: {'line': b'-- Up-to-date: /home/harsh/ros2_project/install/px4_msgs/include/px4_msgs/px4_msgs/msg/detail/vehicle_angular_acceleration_setpoint__struct.h\n'}
[1.156107] (px4_msgs) StdoutLine: {'line': b'-- Up-to-date: /home/harsh/ros2_project/install/px4_msgs/include/px4_msgs/px4_msgs/msg/detail/arming_check_reply__description.c\n'}
[1.156142] (px4_msgs) StdoutLine: {'line': b'-- Up-to-date: /home/harsh/ros2_project/install/px4_msgs/include/px4_msgs/px4_msgs/msg/detail/gpio_in__description.c\n'}
[1.156178] (px4_msgs) StdoutLine: {'line': b'-- Installing: /home/harsh/ros2_project/install/px4_msgs/include/px4_msgs/px4_msgs/msg/detail/debug_value__type_support.c\n'}
[1.156213] (px4_msgs) StdoutLine: {'line': b'-- Up-to-date: /home/harsh/ros2_project/install/px4_msgs/include/px4_msgs/px4_msgs/msg/detail/ulog_stream__functions.h\n'}
[1.156247] (px4_msgs) StdoutLine: {'line': b'-- Up-to-date: /home/harsh/ros2_project/install/px4_msgs/include/px4_msgs/px4_msgs/msg/detail/gimbal_manager_set_attitude__struct.h\n'}
[1.156282] (px4_msgs) StdoutLine: {'line': b'-- Up-to-date: /home/harsh/ros2_project/install/px4_msgs/include/px4_msgs/px4_msgs/msg/detail/can_interface_status__struct.h\n'}
[1.156317] (px4_msgs) StdoutLine: {'line': b'-- Up-to-date: /home/harsh/ros2_project/install/px4_msgs/include/px4_msgs/px4_msgs/msg/detail/radio_status__struct.h\n'}
[1.156387] (px4_msgs) StdoutLine: {'line': b'-- Up-to-date: /home/harsh/ros2_project/install/px4_msgs/include/px4_msgs/px4_msgs/msg/detail/actuator_controls_status__description.c\n'}
[1.156424] (px4_msgs) StdoutLine: {'line': b'-- Up-to-date: /home/harsh/ros2_project/install/px4_msgs/include/px4_msgs/px4_msgs/msg/detail/mode_completed__description.c\n'}
[1.156460] (px4_msgs) StdoutLine: {'line': b'-- Up-to-date: /home/harsh/ros2_project/install/px4_msgs/include/px4_msgs/px4_msgs/msg/detail/differential_drive_setpoint__struct.h\n'}
[1.156500] (px4_msgs) StdoutLine: {'line': b'-- Up-to-date: /home/harsh/ros2_project/install/px4_msgs/include/px4_msgs/px4_msgs/msg/detail/geofence_result__type_support.h\n'}
[1.156538] (px4_msgs) StdoutLine: {'line': b'-- Up-to-date: /home/harsh/ros2_project/install/px4_msgs/include/px4_msgs/px4_msgs/msg/detail/estimator_event_flags__functions.h\n'}
[1.156574] (px4_msgs) StdoutLine: {'line': b'-- Up-to-date: /home/harsh/ros2_project/install/px4_msgs/include/px4_msgs/px4_msgs/msg/detail/gpio_out__description.c\n'}
[1.156612] (px4_msgs) StdoutLine: {'line': b'-- Up-to-date: /home/harsh/ros2_project/install/px4_msgs/include/px4_msgs/px4_msgs/msg/detail/unregister_ext_component__type_support.h\n'}
[1.156648] (px4_msgs) StdoutLine: {'line': b'-- Up-to-date: /home/harsh/ros2_project/install/px4_msgs/include/px4_msgs/px4_msgs/msg/detail/estimator_selector_status__functions.c\n'}
[1.156685] (px4_msgs) StdoutLine: {'line': b'-- Up-to-date: /home/harsh/ros2_project/install/px4_msgs/include/px4_msgs/px4_msgs/msg/detail/vehicle_local_position_setpoint__struct.h\n'}
[1.156722] (px4_msgs) StdoutLine: {'line': b'-- Up-to-date: /home/harsh/ros2_project/install/px4_msgs/include/px4_msgs/px4_msgs/msg/detail/position_controller_landing_status__type_support.h\n'}
[1.156762] (px4_msgs) StdoutLine: {'line': b'-- Up-to-date: /home/harsh/ros2_project/install/px4_msgs/include/px4_msgs/px4_msgs/msg/detail/navigator_mission_item__functions.c\n'}
[1.156826] (px4_msgs) StdoutLine: {'line': b'-- Up-to-date: /home/harsh/ros2_project/install/px4_msgs/include/px4_msgs/px4_msgs/msg/detail/actuator_servos_trim__type_support.h\n'}
[1.156867] (px4_msgs) StdoutLine: {'line': b'-- Up-to-date: /home/harsh/ros2_project/install/px4_msgs/include/px4_msgs/px4_msgs/msg/detail/cellular_status__functions.h\n'}
[1.156906] (px4_msgs) StdoutLine: {'line': b'-- Up-to-date: /home/harsh/ros2_project/install/px4_msgs/include/px4_msgs/px4_msgs/msg/detail/hover_thrust_estimate__functions.h\n'}
[1.156944] (px4_msgs) StdoutLine: {'line': b'-- Up-to-date: /home/harsh/ros2_project/install/px4_msgs/include/px4_msgs/px4_msgs/msg/detail/gps_dump__struct.h\n'}
[1.156983] (px4_msgs) StdoutLine: {'line': b'-- Up-to-date: /home/harsh/ros2_project/install/px4_msgs/include/px4_msgs/px4_msgs/msg/detail/heater_status__description.c\n'}
[1.157037] (px4_msgs) StdoutLine: {'line': b'-- Up-to-date: /home/harsh/ros2_project/install/px4_msgs/include/px4_msgs/px4_msgs/msg/detail/orb_test__type_support.h\n'}
[1.157078] (px4_msgs) StdoutLine: {'line': b'-- Installing: /home/harsh/ros2_project/install/px4_msgs/include/px4_msgs/px4_msgs/msg/detail/estimator_status__type_support.c\n'}
[1.157117] (px4_msgs) StdoutLine: {'line': b'-- Up-to-date: /home/harsh/ros2_project/install/px4_msgs/include/px4_msgs/px4_msgs/msg/detail/wheel_encoders__functions.h\n'}
[1.157155] (px4_msgs) StdoutLine: {'line': b'-- Up-to-date: /home/harsh/ros2_project/install/px4_msgs/include/px4_msgs/px4_msgs/msg/detail/vehicle_local_position_setpoint__functions.h\n'}
[1.157193] (px4_msgs) StdoutLine: {'line': b'-- Up-to-date: /home/harsh/ros2_project/install/px4_msgs/include/px4_msgs/px4_msgs/msg/detail/pps_capture__functions.c\n'}
[1.157232] (px4_msgs) StdoutLine: {'line': b'-- Up-to-date: /home/harsh/ros2_project/install/px4_msgs/include/px4_msgs/px4_msgs/msg/detail/gimbal_device_information__functions.h\n'}
[1.157270] (px4_msgs) StdoutLine: {'line': b'-- Up-to-date: /home/harsh/ros2_project/install/px4_msgs/include/px4_msgs/px4_msgs/msg/detail/vehicle_optical_flow_vel__type_support.h\n'}
[1.157310] (px4_msgs) StdoutLine: {'line': b'-- Installing: /home/harsh/ros2_project/install/px4_msgs/include/px4_msgs/px4_msgs/msg/detail/airspeed_validated__type_support.c\n'}
[1.157357] (px4_msgs) StdoutLine: {'line': b'-- Up-to-date: /home/harsh/ros2_project/install/px4_msgs/include/px4_msgs/px4_msgs/msg/detail/parameter_update__functions.c\n'}
[1.157399] (px4_msgs) StdoutLine: {'line': b'-- Up-to-date: /home/harsh/ros2_project/install/px4_msgs/include/px4_msgs/px4_msgs/msg/detail/actuator_controls_status__functions.c\n'}
[1.157439] (px4_msgs) StdoutLine: {'line': b'-- Up-to-date: /home/harsh/ros2_project/install/px4_msgs/include/px4_msgs/px4_msgs/msg/detail/landing_gear_wheel__functions.h\n'}
[1.157480] (px4_msgs) StdoutLine: {'line': b'-- Up-to-date: /home/harsh/ros2_project/install/px4_msgs/include/px4_msgs/px4_msgs/msg/detail/magnetometer_bias_estimate__type_support.h\n'}
[1.157519] (px4_msgs) StdoutLine: {'line': b'-- Up-to-date: /home/harsh/ros2_project/install/px4_msgs/include/px4_msgs/px4_msgs/msg/detail/vehicle_optical_flow_vel__functions.h\n'}
[1.157557] (px4_msgs) StdoutLine: {'line': b'-- Up-to-date: /home/harsh/ros2_project/install/px4_msgs/include/px4_msgs/px4_msgs/msg/detail/generator_status__struct.h\n'}
[1.157596] (px4_msgs) StdoutLine: {'line': b'-- Up-to-date: /home/harsh/ros2_project/install/px4_msgs/include/px4_msgs/px4_msgs/msg/detail/differential_pressure__type_support.h\n'}
[1.157637] (px4_msgs) StdoutLine: {'line': b'-- Up-to-date: /home/harsh/ros2_project/install/px4_msgs/include/px4_msgs/px4_msgs/msg/detail/debug_key_value__type_support.h\n'}
[1.157677] (px4_msgs) StdoutLine: {'line': b'-- Up-to-date: /home/harsh/ros2_project/install/px4_msgs/include/px4_msgs/px4_msgs/msg/detail/follow_target__description.c\n'}
[1.157716] (px4_msgs) StdoutLine: {'line': b'-- Installing: /home/harsh/ros2_project/install/px4_msgs/include/px4_msgs/px4_msgs/msg/detail/geofence_result__type_support.c\n'}
[1.157756] (px4_msgs) StdoutLine: {'line': b'-- Up-to-date: /home/harsh/ros2_project/install/px4_msgs/include/px4_msgs/px4_msgs/msg/detail/sensors_status_imu__functions.c\n'}
[1.157798] (px4_msgs) StdoutLine: {'line': b'-- Up-to-date: /home/harsh/ros2_project/install/px4_msgs/include/px4_msgs/px4_msgs/msg/detail/timesync_status__functions.c\n'}
[1.157836] (px4_msgs) StdoutLine: {'line': b'-- Up-to-date: /home/harsh/ros2_project/install/px4_msgs/include/px4_msgs/px4_msgs/msg/detail/sensors_status_imu__struct.h\n'}
[1.157873] (px4_msgs) StdoutLine: {'line': b'-- Up-to-date: /home/harsh/ros2_project/install/px4_msgs/include/px4_msgs/px4_msgs/msg/detail/vehicle_thrust_setpoint__functions.h\n'}
[1.157910] (px4_msgs) StdoutLine: {'line': b'-- Up-to-date: /home/harsh/ros2_project/install/px4_msgs/include/px4_msgs/px4_msgs/msg/detail/vehicle_land_detected__functions.h\n'}
[1.157959] (px4_msgs) StdoutLine: {'line': b'-- Up-to-date: /home/harsh/ros2_project/install/px4_msgs/include/px4_msgs/px4_msgs/msg/detail/telemetry_status__description.c\n'}
[1.158023] (px4_msgs) StdoutLine: {'line': b'-- Up-to-date: /home/harsh/ros2_project/install/px4_msgs/include/px4_msgs/px4_msgs/msg/detail/failsafe_flags__struct.h\n'}
[1.158086] (px4_msgs) StdoutLine: {'line': b'-- Up-to-date: /home/harsh/ros2_project/install/px4_msgs/include/px4_msgs/px4_msgs/msg/detail/sensor_preflight_mag__struct.h\n'}
[1.158148] (px4_msgs) StdoutLine: {'line': b'-- Up-to-date: /home/harsh/ros2_project/install/px4_msgs/include/px4_msgs/px4_msgs/msg/detail/gripper__description.c\n'}
[1.158232] (px4_msgs) StdoutLine: {'line': b'-- Up-to-date: /home/harsh/ros2_project/install/px4_msgs/include/px4_msgs/px4_msgs/msg/detail/transponder_report__description.c\n'}
[1.158304] (px4_msgs) StdoutLine: {'line': b'-- Installing: /home/harsh/ros2_project/install/px4_msgs/include/px4_msgs/px4_msgs/msg/detail/rtl_status__type_support.c\n'}
[1.158431] (px4_msgs) StdoutLine: {'line': b'-- Up-to-date: /home/harsh/ros2_project/install/px4_msgs/include/px4_msgs/px4_msgs/msg/detail/button_event__struct.h\n'}
[1.158530] (px4_msgs) StdoutLine: {'line': b'-- Up-to-date: /home/harsh/ros2_project/install/px4_msgs/include/px4_msgs/px4_msgs/msg/detail/ulog_stream_ack__functions.h\n'}
[1.158607] (px4_msgs) StdoutLine: {'line': b'-- Installing: /home/harsh/ros2_project/install/px4_msgs/include/px4_msgs/px4_msgs/msg/detail/geofence_status__type_support.c\n'}
[1.158680] (px4_msgs) StdoutLine: {'line': b'-- Installing: /home/harsh/ros2_project/install/px4_msgs/include/px4_msgs/px4_msgs/msg/detail/tiltrotor_extra_controls__type_support.c\n'}
[1.158752] (px4_msgs) StdoutLine: {'line': b'-- Up-to-date: /home/harsh/ros2_project/install/px4_msgs/include/px4_msgs/px4_msgs/msg/detail/sensor_airflow__functions.c\n'}
[1.158823] (px4_msgs) StdoutLine: {'line': b'-- Up-to-date: /home/harsh/ros2_project/install/px4_msgs/include/px4_msgs/px4_msgs/msg/detail/sensors_status__functions.c\n'}
[1.158897] (px4_msgs) StdoutLine: {'line': b'-- Installing: /home/harsh/ros2_project/install/px4_msgs/include/px4_msgs/px4_msgs/msg/detail/sensor_airflow__type_support.c\n'}
[1.158977] (px4_msgs) StdoutLine: {'line': b'-- Up-to-date: /home/harsh/ros2_project/install/px4_msgs/include/px4_msgs/px4_msgs/msg/detail/iridiumsbd_status__type_support.h\n'}
[1.159055] (px4_msgs) StdoutLine: {'line': b'-- Up-to-date: /home/harsh/ros2_project/install/px4_msgs/include/px4_msgs/px4_msgs/msg/detail/normalized_unsigned_setpoint__description.c\n'}
[1.159133] (px4_msgs) StdoutLine: {'line': b'-- Installing: /home/harsh/ros2_project/install/px4_msgs/include/px4_msgs/px4_msgs/msg/detail/message_format_response__type_support.c\n'}
[1.159211] (px4_msgs) StdoutLine: {'line': b'-- Up-to-date: /home/harsh/ros2_project/install/px4_msgs/include/px4_msgs/px4_msgs/msg/detail/mission_result__description.c\n'}
[1.159289] (px4_msgs) StdoutLine: {'line': b'-- Up-to-date: /home/harsh/ros2_project/install/px4_msgs/include/px4_msgs/px4_msgs/msg/detail/sensors_status__type_support.h\n'}
[1.159409] (px4_msgs) StdoutLine: {'line': b'-- Up-to-date: /home/harsh/ros2_project/install/px4_msgs/include/px4_msgs/px4_msgs/msg/detail/actuator_test__functions.h\n'}
[1.159499] (px4_msgs) StdoutLine: {'line': b'-- Up-to-date: /home/harsh/ros2_project/install/px4_msgs/include/px4_msgs/px4_msgs/msg/detail/manual_control_setpoint__functions.h\n'}
[1.159588] (px4_msgs) StdoutLine: {'line': b'-- Up-to-date: /home/harsh/ros2_project/install/px4_msgs/include/px4_msgs/px4_msgs/msg/detail/rate_ctrl_status__description.c\n'}
[1.159676] (px4_msgs) StdoutLine: {'line': b'-- Installing: /home/harsh/ros2_project/install/px4_msgs/include/px4_msgs/px4_msgs/msg/detail/battery_status__type_support.c\n'}
[1.159762] (px4_msgs) StdoutLine: {'line': b'-- Installing: /home/harsh/ros2_project/install/px4_msgs/include/px4_msgs/px4_msgs/msg/detail/sensor_correction__type_support.c\n'}
[1.159868] (px4_msgs) StdoutLine: {'line': b'-- Up-to-date: /home/harsh/ros2_project/install/px4_msgs/include/px4_msgs/px4_msgs/msg/detail/esc_status__struct.h\n'}
[1.159980] (px4_msgs) StdoutLine: {'line': b'-- Up-to-date: /home/harsh/ros2_project/install/px4_msgs/include/px4_msgs/px4_msgs/msg/detail/velocity_limits__description.c\n'}
[1.160071] (px4_msgs) StdoutLine: {'line': b'-- Up-to-date: /home/harsh/ros2_project/install/px4_msgs/include/px4_msgs/px4_msgs/msg/detail/vehicle_status__functions.c\n'}
[1.160163] (px4_msgs) StdoutLine: {'line': b'-- Up-to-date: /home/harsh/ros2_project/install/px4_msgs/include/px4_msgs/px4_msgs/msg/detail/failsafe_flags__description.c\n'}
[1.160256] (px4_msgs) StdoutLine: {'line': b'-- Installing: /home/harsh/ros2_project/install/px4_msgs/include/px4_msgs/px4_msgs/msg/detail/home_position__type_support.c\n'}
[1.160357] (px4_msgs) StdoutLine: {'line': b'-- Up-to-date: /home/harsh/ros2_project/install/px4_msgs/include/px4_msgs/px4_msgs/msg/detail/logger_status__functions.c\n'}
[1.160481] (px4_msgs) StdoutLine: {'line': b'-- Up-to-date: /home/harsh/ros2_project/install/px4_msgs/include/px4_msgs/px4_msgs/msg/detail/orb_test__functions.h\n'}
[1.160573] (px4_msgs) StdoutLine: {'line': b'-- Up-to-date: /home/harsh/ros2_project/install/px4_msgs/include/px4_msgs/px4_msgs/msg/detail/transponder_report__functions.c\n'}
[1.160664] (px4_msgs) StdoutLine: {'line': b'-- Up-to-date: /home/harsh/ros2_project/install/px4_msgs/include/px4_msgs/px4_msgs/msg/detail/sensors_status__description.c\n'}
[1.160757] (px4_msgs) StdoutLine: {'line': b'-- Up-to-date: /home/harsh/ros2_project/install/px4_msgs/include/px4_msgs/px4_msgs/msg/detail/gpio_request__functions.c\n'}
[1.160852] (px4_msgs) StdoutLine: {'line': b'-- Up-to-date: /home/harsh/ros2_project/install/px4_msgs/include/px4_msgs/px4_msgs/msg/detail/uavcan_parameter_request__description.c\n'}
[1.160973] (px4_msgs) StdoutLine: {'line': b'-- Up-to-date: /home/harsh/ros2_project/install/px4_msgs/include/px4_msgs/px4_msgs/msg/detail/estimator_innovations__functions.c\n'}
[1.161067] (px4_msgs) StdoutLine: {'line': b'-- Up-to-date: /home/harsh/ros2_project/install/px4_msgs/include/px4_msgs/px4_msgs/msg/detail/estimator_bias3d__type_support.h\n'}
[1.161338] (px4_msgs) StdoutLine: {'line': b'-- Up-to-date: /home/harsh/ros2_project/install/px4_msgs/include/px4_msgs/px4_msgs/msg/detail/position_controller_landing_status__struct.h\n'}
[1.161706] (px4_msgs) StdoutLine: {'line': b'-- Installing: /home/harsh/ros2_project/install/px4_msgs/include/px4_msgs/px4_msgs/msg/detail/vehicle_optical_flow_vel__type_support.c\n'}
[1.162089] (px4_msgs) StdoutLine: {'line': b'-- Up-to-date: /home/harsh/ros2_project/install/px4_msgs/include/px4_msgs/px4_msgs/msg/detail/gps_inject_data__type_support.h\n'}
[1.162457] (px4_msgs) StdoutLine: {'line': b'-- Up-to-date: /home/harsh/ros2_project/install/px4_msgs/include/px4_msgs/px4_msgs/msg/detail/position_controller_status__description.c\n'}
[1.162521] (px4_msgs) StdoutLine: {'line': b'-- Up-to-date: /home/harsh/ros2_project/install/px4_msgs/include/px4_msgs/px4_msgs/msg/detail/follow_target_estimator__functions.c\n'}
[1.162562] (px4_msgs) StdoutLine: {'line': b'-- Up-to-date: /home/harsh/ros2_project/install/px4_msgs/include/px4_msgs/px4_msgs/msg/detail/satellite_info__functions.c\n'}
[1.162616] (px4_msgs) StdoutLine: {'line': b'-- Up-to-date: /home/harsh/ros2_project/install/px4_msgs/include/px4_msgs/px4_msgs/msg/detail/debug_vect__functions.c\n'}
[1.162651] (px4_msgs) StdoutLine: {'line': b'-- Up-to-date: /home/harsh/ros2_project/install/px4_msgs/include/px4_msgs/px4_msgs/msg/detail/landing_target_innovations__struct.h\n'}
[1.162688] (px4_msgs) StdoutLine: {'line': b'-- Up-to-date: /home/harsh/ros2_project/install/px4_msgs/include/px4_msgs/px4_msgs/msg/detail/follow_target_estimator__functions.h\n'}
[1.162724] (px4_msgs) StdoutLine: {'line': b'-- Up-to-date: /home/harsh/ros2_project/install/px4_msgs/include/px4_msgs/px4_msgs/msg/detail/actuator_motors__description.c\n'}
[1.162760] (px4_msgs) StdoutLine: {'line': b'-- Up-to-date: /home/harsh/ros2_project/install/px4_msgs/include/px4_msgs/px4_msgs/msg/detail/mission_result__type_support.h\n'}
[1.162796] (px4_msgs) StdoutLine: {'line': b'-- Up-to-date: /home/harsh/ros2_project/install/px4_msgs/include/px4_msgs/px4_msgs/msg/detail/follow_target__type_support.h\n'}
[1.162834] (px4_msgs) StdoutLine: {'line': b'-- Up-to-date: /home/harsh/ros2_project/install/px4_msgs/include/px4_msgs/px4_msgs/msg/detail/rate_ctrl_status__functions.c\n'}
[1.162873] (px4_msgs) StdoutLine: {'line': b'-- Up-to-date: /home/harsh/ros2_project/install/px4_msgs/include/px4_msgs/px4_msgs/msg/detail/uavcan_parameter_value__type_support.h\n'}
[1.162909] (px4_msgs) StdoutLine: {'line': b'-- Up-to-date: /home/harsh/ros2_project/install/px4_msgs/include/px4_msgs/px4_msgs/msg/detail/differential_pressure__struct.h\n'}
[1.162949] (px4_msgs) StdoutLine: {'line': b'-- Up-to-date: /home/harsh/ros2_project/install/px4_msgs/include/px4_msgs/px4_msgs/msg/detail/vehicle_trajectory_bezier__functions.c\n'}
[1.162987] (px4_msgs) StdoutLine: {'line': b'-- Up-to-date: /home/harsh/ros2_project/install/px4_msgs/include/px4_msgs/px4_msgs/msg/detail/vehicle_attitude_setpoint__functions.h\n'}
[1.163026] (px4_msgs) StdoutLine: {'line': b'-- Up-to-date: /home/harsh/ros2_project/install/px4_msgs/include/px4_msgs/px4_msgs/msg/detail/vehicle_global_position__functions.c\n'}
[1.163065] (px4_msgs) StdoutLine: {'line': b'-- Up-to-date: /home/harsh/ros2_project/install/px4_msgs/include/px4_msgs/px4_msgs/msg/detail/gimbal_manager_set_manual_control__functions.c\n'}
[1.163102] (px4_msgs) StdoutLine: {'line': b'-- Up-to-date: /home/harsh/ros2_project/install/px4_msgs/include/px4_msgs/px4_msgs/msg/detail/battery_status__functions.h\n'}
[1.163176] (px4_msgs) StdoutLine: {'line': b'-- Up-to-date: /home/harsh/ros2_project/install/px4_msgs/include/px4_msgs/px4_msgs/msg/detail/airspeed__functions.c\n'}
[1.163215] (px4_msgs) StdoutLine: {'line': b'-- Up-to-date: /home/harsh/ros2_project/install/px4_msgs/include/px4_msgs/px4_msgs/msg/detail/heater_status__functions.h\n'}
[1.163254] (px4_msgs) StdoutLine: {'line': b'-- Up-to-date: /home/harsh/ros2_project/install/px4_msgs/include/px4_msgs/px4_msgs/msg/detail/sensor_gnss_relative__functions.c\n'}
[1.163292] (px4_msgs) StdoutLine: {'line': b'-- Up-to-date: /home/harsh/ros2_project/install/px4_msgs/include/px4_msgs/px4_msgs/msg/detail/flight_phase_estimation__description.c\n'}
[1.163336] (px4_msgs) StdoutLine: {'line': b'-- Installing: /home/harsh/ros2_project/install/px4_msgs/include/px4_msgs/px4_msgs/msg/detail/tune_control__type_support.c\n'}
[1.163379] (px4_msgs) StdoutLine: {'line': b'-- Installing: /home/harsh/ros2_project/install/px4_msgs/include/px4_msgs/px4_msgs/msg/detail/gimbal_manager_set_attitude__type_support.c\n'}
[1.163419] (px4_msgs) StdoutLine: {'line': b'-- Up-to-date: /home/harsh/ros2_project/install/px4_msgs/include/px4_msgs/px4_msgs/msg/detail/airspeed_wind__functions.h\n'}
[1.163457] (px4_msgs) StdoutLine: {'line': b'-- Up-to-date: /home/harsh/ros2_project/install/px4_msgs/include/px4_msgs/px4_msgs/msg/detail/rc_parameter_map__struct.h\n'}
[1.163494] (px4_msgs) StdoutLine: {'line': b'-- Up-to-date: /home/harsh/ros2_project/install/px4_msgs/include/px4_msgs/px4_msgs/msg/detail/vehicle_command__functions.c\n'}
[1.163534] (px4_msgs) StdoutLine: {'line': b'-- Installing: /home/harsh/ros2_project/install/px4_msgs/include/px4_msgs/px4_msgs/msg/detail/mavlink_log__type_support.c\n'}
[1.163582] (px4_msgs) StdoutLine: {'line': b'-- Up-to-date: /home/harsh/ros2_project/install/px4_msgs/include/px4_msgs/px4_msgs/msg/detail/ekf2_timestamps__type_support.h\n'}
[1.163731] (px4_msgs) StdoutLine: {'line': b'-- Up-to-date: /home/harsh/ros2_project/install/px4_msgs/include/px4_msgs/px4_msgs/msg/detail/collision_report__functions.c\n'}
[1.163912] (px4_msgs) StdoutLine: {'line': b'-- Installing: /home/harsh/ros2_project/install/px4_msgs/include/px4_msgs/px4_msgs/msg/detail/estimator_innovations__type_support.c\n'}
[1.164143] (px4_msgs) StdoutLine: {'line': b'-- Up-to-date: /home/harsh/ros2_project/install/px4_msgs/include/px4_msgs/px4_msgs/msg/detail/power_button_state__functions.c\n'}
[1.164236] (px4_msgs) StdoutLine: {'line': b'-- Installing: /home/harsh/ros2_project/install/px4_msgs/include/px4_msgs/px4_msgs/msg/detail/collision_report__type_support.c\n'}
[1.164315] (px4_msgs) StdoutLine: {'line': b'-- Up-to-date: /home/harsh/ros2_project/install/px4_msgs/include/px4_msgs/px4_msgs/msg/detail/rpm__type_support.h\n'}
[1.164472] (px4_msgs) StdoutLine: {'line': b'-- Up-to-date: /home/harsh/ros2_project/install/px4_msgs/include/px4_msgs/px4_msgs/msg/detail/velocity_limits__type_support.h\n'}
[1.164566] (px4_msgs) StdoutLine: {'line': b'-- Up-to-date: /home/harsh/ros2_project/install/px4_msgs/include/px4_msgs/px4_msgs/msg/detail/trajectory_waypoint__description.c\n'}
[1.164653] (px4_msgs) StdoutLine: {'line': b'-- Up-to-date: /home/harsh/ros2_project/install/px4_msgs/include/px4_msgs/px4_msgs/msg/detail/normalized_unsigned_setpoint__struct.h\n'}
[1.164730] (px4_msgs) StdoutLine: {'line': b'-- Up-to-date: /home/harsh/ros2_project/install/px4_msgs/include/px4_msgs/px4_msgs/msg/detail/position_setpoint__type_support.h\n'}
[1.164834] (px4_msgs) StdoutLine: {'line': b'-- Up-to-date: /home/harsh/ros2_project/install/px4_msgs/include/px4_msgs/px4_msgs/msg/detail/mission_result__functions.c\n'}
[1.164920] (px4_msgs) StdoutLine: {'line': b'-- Up-to-date: /home/harsh/ros2_project/install/px4_msgs/include/px4_msgs/px4_msgs/msg/detail/collision_report__functions.h\n'}
[1.165002] (px4_msgs) StdoutLine: {'line': b'-- Up-to-date: /home/harsh/ros2_project/install/px4_msgs/include/px4_msgs/px4_msgs/msg/detail/sensor_gps__description.c\n'}
[1.165077] (px4_msgs) StdoutLine: {'line': b'-- Up-to-date: /home/harsh/ros2_project/install/px4_msgs/include/px4_msgs/px4_msgs/msg/detail/parameter_update__struct.h\n'}
[1.165187] (px4_msgs) StdoutLine: {'line': b'-- Up-to-date: /home/harsh/ros2_project/install/px4_msgs/include/px4_msgs/px4_msgs/msg/detail/vehicle_imu__description.c\n'}
[1.165277] (px4_msgs) StdoutLine: {'line': b'-- Up-to-date: /home/harsh/ros2_project/install/px4_msgs/include/px4_msgs/px4_msgs/msg/detail/vehicle_magnetometer__functions.c\n'}
[1.165466] (px4_msgs) StdoutLine: {'line': b'-- Up-to-date: /home/harsh/ros2_project/install/px4_msgs/include/px4_msgs/px4_msgs/msg/detail/differential_pressure__functions.h\n'}
[1.165574] (px4_msgs) StdoutLine: {'line': b'-- Up-to-date: /home/harsh/ros2_project/install/px4_msgs/include/px4_msgs/px4_msgs/msg/detail/estimator_event_flags__type_support.h\n'}
[1.165646] (px4_msgs) StdoutLine: {'line': b'-- Up-to-date: /home/harsh/ros2_project/install/px4_msgs/include/px4_msgs/px4_msgs/msg/detail/timesync_status__type_support.h\n'}
[1.165718] (px4_msgs) StdoutLine: {'line': b'-- Up-to-date: /home/harsh/ros2_project/install/px4_msgs/include/px4_msgs/px4_msgs/msg/detail/power_monitor__functions.h\n'}
[1.165793] (px4_msgs) StdoutLine: {'line': b'-- Up-to-date: /home/harsh/ros2_project/install/px4_msgs/include/px4_msgs/px4_msgs/msg/detail/camera_trigger__functions.c\n'}
[1.165890] (px4_msgs) StdoutLine: {'line': b'-- Up-to-date: /home/harsh/ros2_project/install/px4_msgs/include/px4_msgs/px4_msgs/msg/detail/estimator_aid_source2d__type_support.h\n'}
[1.165971] (px4_msgs) StdoutLine: {'line': b'-- Up-to-date: /home/harsh/ros2_project/install/px4_msgs/include/px4_msgs/px4_msgs/msg/detail/health_report__description.c\n'}
[1.166134] (px4_msgs) StdoutLine: {'line': b'-- Up-to-date: /home/harsh/ros2_project/install/px4_msgs/include/px4_msgs/px4_msgs/msg/detail/orb_test_large__functions.c\n'}
[1.166209] (px4_msgs) StdoutLine: {'line': b'-- Up-to-date: /home/harsh/ros2_project/install/px4_msgs/include/px4_msgs/px4_msgs/msg/detail/config_overrides__type_support.h\n'}
[1.166256] (px4_msgs) StdoutLine: {'line': b'-- Up-to-date: /home/harsh/ros2_project/install/px4_msgs/include/px4_msgs/px4_msgs/msg/detail/airspeed_validated__functions.c\n'}
[1.166437] (px4_msgs) StdoutLine: {'line': b'-- Up-to-date: /home/harsh/ros2_project/install/px4_msgs/include/px4_msgs/px4_msgs/msg/detail/magnetometer_bias_estimate__description.c\n'}
[1.166537] (px4_msgs) StdoutLine: {'line': b'-- Up-to-date: /home/harsh/ros2_project/install/px4_msgs/include/px4_msgs/px4_msgs/msg/detail/power_button_state__type_support.h\n'}
[1.166588] (px4_msgs) StdoutLine: {'line': b'-- Installing: /home/harsh/ros2_project/install/px4_msgs/include/px4_msgs/px4_msgs/msg/detail/landing_target_pose__type_support.c\n'}
[1.166634] (px4_msgs) StdoutLine: {'line': b'-- Installing: /home/harsh/ros2_project/install/px4_msgs/include/px4_msgs/px4_msgs/msg/detail/trajectory_bezier__type_support.c\n'}
[1.166678] (px4_msgs) StdoutLine: {'line': b'-- Up-to-date: /home/harsh/ros2_project/install/px4_msgs/include/px4_msgs/px4_msgs/msg/detail/iridiumsbd_status__struct.h\n'}
[1.166721] (px4_msgs) StdoutLine: {'line': b'-- Installing: /home/harsh/ros2_project/install/px4_msgs/include/px4_msgs/px4_msgs/msg/detail/message_format_request__type_support.c\n'}
[1.166772] (px4_msgs) StdoutLine: {'line': b'-- Up-to-date: /home/harsh/ros2_project/install/px4_msgs/include/px4_msgs/px4_msgs/msg/detail/debug_value__functions.h\n'}
[1.166817] (px4_msgs) StdoutLine: {'line': b'-- Up-to-date: /home/harsh/ros2_project/install/px4_msgs/include/px4_msgs/px4_msgs/msg/detail/ping__description.c\n'}
[1.166862] (px4_msgs) StdoutLine: {'line': b'-- Up-to-date: /home/harsh/ros2_project/install/px4_msgs/include/px4_msgs/px4_msgs/msg/detail/collision_report__struct.h\n'}
[1.166909] (px4_msgs) StdoutLine: {'line': b'-- Up-to-date: /home/harsh/ros2_project/install/px4_msgs/include/px4_msgs/px4_msgs/msg/detail/estimator_aid_source1d__struct.h\n'}
[1.166974] (px4_msgs) StdoutLine: {'line': b'-- Up-to-date: /home/harsh/ros2_project/install/px4_msgs/include/px4_msgs/px4_msgs/msg/detail/figure_eight_status__functions.c\n'}
[1.167210] (px4_msgs) StdoutLine: {'line': b'-- Up-to-date: /home/harsh/ros2_project/install/px4_msgs/include/px4_msgs/px4_msgs/msg/detail/sensor_gyro_fifo__functions.h\n'}
[1.167268] (px4_msgs) StdoutLine: {'line': b'-- Up-to-date: /home/harsh/ros2_project/install/px4_msgs/include/px4_msgs/px4_msgs/msg/detail/distance_sensor__struct.h\n'}
[1.167317] (px4_msgs) StdoutLine: {'line': b'-- Installing: /home/harsh/ros2_project/install/px4_msgs/include/px4_msgs/px4_msgs/msg/detail/rate_ctrl_status__type_support.c\n'}
[1.167380] (px4_msgs) StdoutLine: {'line': b'-- Up-to-date: /home/harsh/ros2_project/install/px4_msgs/include/px4_msgs/px4_msgs/msg/detail/register_ext_component_request__type_support.h\n'}
[1.167431] (px4_msgs) StdoutLine: {'line': b'-- Up-to-date: /home/harsh/ros2_project/install/px4_msgs/include/px4_msgs/px4_msgs/msg/detail/esc_report__functions.c\n'}
[1.167488] (px4_msgs) StdoutLine: {'line': b'-- Up-to-date: /home/harsh/ros2_project/install/px4_msgs/include/px4_msgs/px4_msgs/msg/detail/sensor_correction__description.c\n'}
[1.167548] (px4_msgs) StdoutLine: {'line': b'-- Up-to-date: /home/harsh/ros2_project/install/px4_msgs/include/px4_msgs/px4_msgs/msg/detail/heater_status__type_support.h\n'}
[1.167611] (px4_msgs) StdoutLine: {'line': b'-- Up-to-date: /home/harsh/ros2_project/install/px4_msgs/include/px4_msgs/px4_msgs/msg/detail/arming_check_reply__type_support.h\n'}
[1.167671] (px4_msgs) StdoutLine: {'line': b'-- Up-to-date: /home/harsh/ros2_project/install/px4_msgs/include/px4_msgs/px4_msgs/msg/detail/vehicle_thrust_setpoint__struct.h\n'}
[1.167834] (px4_msgs) StdoutLine: {'line': b'-- Up-to-date: /home/harsh/ros2_project/install/px4_msgs/include/px4_msgs/px4_msgs/msg/detail/tune_control__description.c\n'}
[1.167900] (px4_msgs) StdoutLine: {'line': b'-- Up-to-date: /home/harsh/ros2_project/install/px4_msgs/include/px4_msgs/px4_msgs/msg/detail/sensor_combined__functions.h\n'}
[1.167964] (px4_msgs) StdoutLine: {'line': b'-- Up-to-date: /home/harsh/ros2_project/install/px4_msgs/include/px4_msgs/px4_msgs/msg/detail/sensor_gps__type_support.h\n'}
[1.168031] (px4_msgs) StdoutLine: {'line': b'-- Up-to-date: /home/harsh/ros2_project/install/px4_msgs/include/px4_msgs/px4_msgs/msg/detail/vehicle_constraints__functions.c\n'}
[1.168093] (px4_msgs) StdoutLine: {'line': b'-- Up-to-date: /home/harsh/ros2_project/install/px4_msgs/include/px4_msgs/px4_msgs/msg/detail/collision_constraints__description.c\n'}
[1.168148] (px4_msgs) StdoutLine: {'line': b'-- Up-to-date: /home/harsh/ros2_project/install/px4_msgs/include/px4_msgs/px4_msgs/msg/detail/sensor_selection__description.c\n'}
[1.168198] (px4_msgs) StdoutLine: {'line': b'-- Up-to-date: /home/harsh/ros2_project/install/px4_msgs/include/px4_msgs/px4_msgs/msg/detail/differential_pressure__functions.c\n'}
[1.168255] (px4_msgs) StdoutLine: {'line': b'-- Up-to-date: /home/harsh/ros2_project/install/px4_msgs/include/px4_msgs/px4_msgs/msg/detail/estimator_bias__type_support.h\n'}
[1.168306] (px4_msgs) StdoutLine: {'line': b'-- Up-to-date: /home/harsh/ros2_project/install/px4_msgs/include/px4_msgs/px4_msgs/msg/detail/sensor_accel_fifo__functions.c\n'}
[1.168383] (px4_msgs) StdoutLine: {'line': b'-- Installing: /home/harsh/ros2_project/install/px4_msgs/include/px4_msgs/px4_msgs/msg/detail/gripper__type_support.c\n'}
[1.168432] (px4_msgs) StdoutLine: {'line': b'-- Up-to-date: /home/harsh/ros2_project/install/px4_msgs/include/px4_msgs/px4_msgs/msg/detail/sensors_status__struct.h\n'}
[1.168479] (px4_msgs) StdoutLine: {'line': b'-- Up-to-date: /home/harsh/ros2_project/install/px4_msgs/include/px4_msgs/px4_msgs/msg/detail/sensor_gps__struct.h\n'}
[1.168525] (px4_msgs) StdoutLine: {'line': b'-- Up-to-date: /home/harsh/ros2_project/install/px4_msgs/include/px4_msgs/px4_msgs/msg/detail/trajectory_waypoint__functions.h\n'}
[1.168571] (px4_msgs) StdoutLine: {'line': b'-- Up-to-date: /home/harsh/ros2_project/install/px4_msgs/include/px4_msgs/px4_msgs/msg/detail/pwm_input__functions.h\n'}
[1.168622] (px4_msgs) StdoutLine: {'line': b'-- Installing: /home/harsh/ros2_project/install/px4_msgs/include/px4_msgs/px4_msgs/msg/detail/log_message__type_support.c\n'}
[1.168671] (px4_msgs) StdoutLine: {'line': b'-- Up-to-date: /home/harsh/ros2_project/install/px4_msgs/include/px4_msgs/px4_msgs/msg/detail/message_format_response__type_support.h\n'}
[1.168719] (px4_msgs) StdoutLine: {'line': b'-- Up-to-date: /home/harsh/ros2_project/install/px4_msgs/include/px4_msgs/px4_msgs/msg/detail/parameter_reset_request__functions.c\n'}
[1.168781] (px4_msgs) StdoutLine: {'line': b'-- Up-to-date: /home/harsh/ros2_project/install/px4_msgs/include/px4_msgs/px4_msgs/msg/detail/vehicle_roi__functions.c\n'}
[1.168828] (px4_msgs) StdoutLine: {'line': b'-- Up-to-date: /home/harsh/ros2_project/install/px4_msgs/include/px4_msgs/px4_msgs/msg/detail/landing_target_innovations__description.c\n'}
[1.168886] (px4_msgs) StdoutLine: {'line': b'-- Up-to-date: /home/harsh/ros2_project/install/px4_msgs/include/px4_msgs/px4_msgs/msg/detail/power_button_state__functions.h\n'}
[1.169022] (px4_msgs) StdoutLine: {'line': b'-- Installing: /home/harsh/ros2_project/install/px4_msgs/include/px4_msgs/px4_msgs/msg/detail/mag_worker_data__type_support.c\n'}
[1.169076] (px4_msgs) StdoutLine: {'line': b'-- Up-to-date: /home/harsh/ros2_project/install/px4_msgs/include/px4_msgs/px4_msgs/msg/detail/dataman_request__type_support.h\n'}
[1.169133] (px4_msgs) StdoutLine: {'line': b'-- Up-to-date: /home/harsh/ros2_project/install/px4_msgs/include/px4_msgs/px4_msgs/msg/detail/mount_orientation__struct.h\n'}
[1.169184] (px4_msgs) StdoutLine: {'line': b'-- Up-to-date: /home/harsh/ros2_project/install/px4_msgs/include/px4_msgs/px4_msgs/msg/detail/gimbal_device_information__struct.h\n'}
[1.169239] (px4_msgs) StdoutLine: {'line': b'-- Up-to-date: /home/harsh/ros2_project/install/px4_msgs/include/px4_msgs/px4_msgs/msg/detail/vehicle_odometry__type_support.h\n'}
[1.169295] (px4_msgs) StdoutLine: {'line': b'-- Up-to-date: /home/harsh/ros2_project/install/px4_msgs/include/px4_msgs/px4_msgs/msg/detail/failsafe_flags__functions.h\n'}
[1.169411] (px4_msgs) StdoutLine: {'line': b'-- Installing: /home/harsh/ros2_project/install/px4_msgs/include/px4_msgs/px4_msgs/msg/detail/sensor_preflight_mag__type_support.c\n'}
[1.169466] (px4_msgs) StdoutLine: {'line': b'-- Up-to-date: /home/harsh/ros2_project/install/px4_msgs/include/px4_msgs/px4_msgs/msg/detail/offboard_control_mode__type_support.h\n'}
[1.169517] (px4_msgs) StdoutLine: {'line': b'-- Up-to-date: /home/harsh/ros2_project/install/px4_msgs/include/px4_msgs/px4_msgs/msg/detail/distance_sensor__description.c\n'}
[1.169562] (px4_msgs) StdoutLine: {'line': b'-- Up-to-date: /home/harsh/ros2_project/install/px4_msgs/include/px4_msgs/px4_msgs/msg/detail/esc_report__description.c\n'}
[1.169607] (px4_msgs) StdoutLine: {'line': b'-- Up-to-date: /home/harsh/ros2_project/install/px4_msgs/include/px4_msgs/px4_msgs/msg/detail/follow_target_estimator__description.c\n'}
[1.169656] (px4_msgs) StdoutLine: {'line': b'-- Up-to-date: /home/harsh/ros2_project/install/px4_msgs/include/px4_msgs/px4_msgs/msg/detail/power_monitor__description.c\n'}
[1.169709] (px4_msgs) StdoutLine: {'line': b'-- Up-to-date: /home/harsh/ros2_project/install/px4_msgs/include/px4_msgs/px4_msgs/msg/detail/vehicle_optical_flow_vel__description.c\n'}
[1.169825] (px4_msgs) StdoutLine: {'line': b'-- Up-to-date: /home/harsh/ros2_project/install/px4_msgs/include/px4_msgs/px4_msgs/msg/detail/estimator_status_flags__functions.c\n'}
[1.169876] (px4_msgs) StdoutLine: {'line': b'-- Up-to-date: /home/harsh/ros2_project/install/px4_msgs/include/px4_msgs/px4_msgs/msg/detail/gimbal_device_attitude_status__struct.h\n'}
[1.169934] (px4_msgs) StdoutLine: {'line': b'-- Up-to-date: /home/harsh/ros2_project/install/px4_msgs/include/px4_msgs/px4_msgs/msg/detail/sensor_baro__type_support.h\n'}
[1.169982] (px4_msgs) StdoutLine: {'line': b'-- Installing: /home/harsh/ros2_project/install/px4_msgs/include/px4_msgs/px4_msgs/msg/detail/sensor_hygrometer__type_support.c\n'}
[1.170032] (px4_msgs) StdoutLine: {'line': b'-- Up-to-date: /home/harsh/ros2_project/install/px4_msgs/include/px4_msgs/px4_msgs/msg/detail/rc_channels__functions.c\n'}
[1.170081] (px4_msgs) StdoutLine: {'line': b'-- Installing: /home/harsh/ros2_project/install/px4_msgs/include/px4_msgs/px4_msgs/msg/detail/actuator_servos__type_support.c\n'}
[1.170137] (px4_msgs) StdoutLine: {'line': b'-- Up-to-date: /home/harsh/ros2_project/install/px4_msgs/include/px4_msgs/px4_msgs/msg/detail/manual_control_setpoint__type_support.h\n'}
[1.170189] (px4_msgs) StdoutLine: {'line': b'-- Up-to-date: /home/harsh/ros2_project/install/px4_msgs/include/px4_msgs/px4_msgs/msg/detail/vehicle_land_detected__functions.c\n'}
[1.170252] (px4_msgs) StdoutLine: {'line': b'-- Up-to-date: /home/harsh/ros2_project/install/px4_msgs/include/px4_msgs/px4_msgs/msg/detail/input_rc__struct.h\n'}
[1.170356] (px4_msgs) StdoutLine: {'line': b'-- Up-to-date: /home/harsh/ros2_project/install/px4_msgs/include/px4_msgs/px4_msgs/msg/detail/sensor_baro__struct.h\n'}
[1.170409] (px4_msgs) StdoutLine: {'line': b'-- Up-to-date: /home/harsh/ros2_project/install/px4_msgs/include/px4_msgs/px4_msgs/msg/detail/orbit_status__functions.h\n'}
[1.170458] (px4_msgs) StdoutLine: {'line': b'-- Up-to-date: /home/harsh/ros2_project/install/px4_msgs/include/px4_msgs/px4_msgs/msg/detail/vehicle_trajectory_waypoint__description.c\n'}
[1.170537] (px4_msgs) StdoutLine: {'line': b'-- Up-to-date: /home/harsh/ros2_project/install/px4_msgs/include/px4_msgs/px4_msgs/msg/detail/follow_target_estimator__type_support.h\n'}
[1.170588] (px4_msgs) StdoutLine: {'line': b'-- Up-to-date: /home/harsh/ros2_project/install/px4_msgs/include/px4_msgs/px4_msgs/msg/detail/mag_worker_data__description.c\n'}
[1.170661] (px4_msgs) StdoutLine: {'line': b'-- Up-to-date: /home/harsh/ros2_project/install/px4_msgs/include/px4_msgs/px4_msgs/msg/detail/trajectory_bezier__functions.h\n'}
[1.170708] (px4_msgs) StdoutLine: {'line': b'-- Up-to-date: /home/harsh/ros2_project/install/px4_msgs/include/px4_msgs/px4_msgs/msg/detail/vtol_vehicle_status__functions.h\n'}
[1.170754] (px4_msgs) StdoutLine: {'line': b'-- Up-to-date: /home/harsh/ros2_project/install/px4_msgs/include/px4_msgs/px4_msgs/msg/detail/px4io_status__functions.h\n'}
[1.170800] (px4_msgs) StdoutLine: {'line': b'-- Up-to-date: /home/harsh/ros2_project/install/px4_msgs/include/px4_msgs/px4_msgs/msg/detail/sensor_uwb__type_support.h\n'}
[1.170843] (px4_msgs) StdoutLine: {'line': b'-- Up-to-date: /home/harsh/ros2_project/install/px4_msgs/include/px4_msgs/px4_msgs/msg/detail/ekf2_timestamps__functions.c\n'}
[1.170885] (px4_msgs) StdoutLine: {'line': b'-- Up-to-date: /home/harsh/ros2_project/install/px4_msgs/include/px4_msgs/px4_msgs/msg/detail/sensor_gyro_fifo__description.c\n'}
[1.170944] (px4_msgs) StdoutLine: {'line': b'-- Up-to-date: /home/harsh/ros2_project/install/px4_msgs/include/px4_msgs/px4_msgs/msg/detail/vehicle_global_position__struct.h\n'}
[1.170983] (px4_msgs) StdoutLine: {'line': b'-- Installing: /home/harsh/ros2_project/install/px4_msgs/include/px4_msgs/px4_msgs/msg/detail/distance_sensor__type_support.c\n'}
[1.171026] (px4_msgs) StdoutLine: {'line': b'-- Installing: /home/harsh/ros2_project/install/px4_msgs/include/px4_msgs/px4_msgs/msg/detail/estimator_states__type_support.c\n'}
[1.171065] (px4_msgs) StdoutLine: {'line': b'-- Up-to-date: /home/harsh/ros2_project/install/px4_msgs/include/px4_msgs/px4_msgs/msg/detail/estimator_gps_status__struct.h\n'}
[1.171104] (px4_msgs) StdoutLine: {'line': b'-- Installing: /home/harsh/ros2_project/install/px4_msgs/include/px4_msgs/px4_msgs/msg/detail/led_control__type_support.c\n'}
[1.171144] (px4_msgs) StdoutLine: {'line': b'-- Up-to-date: /home/harsh/ros2_project/install/px4_msgs/include/px4_msgs/px4_msgs/msg/detail/parameter_set_value_response__functions.c\n'}
[1.171183] (px4_msgs) StdoutLine: {'line': b'-- Up-to-date: /home/harsh/ros2_project/install/px4_msgs/include/px4_msgs/px4_msgs/msg/detail/gimbal_manager_information__functions.h\n'}
[1.171225] (px4_msgs) StdoutLine: {'line': b'-- Up-to-date: /home/harsh/ros2_project/install/px4_msgs/include/px4_msgs/px4_msgs/msg/detail/ping__struct.h\n'}
[1.171266] (px4_msgs) StdoutLine: {'line': b'-- Up-to-date: /home/harsh/ros2_project/install/px4_msgs/include/px4_msgs/px4_msgs/msg/detail/ulog_stream__struct.h\n'}
[1.171307] (px4_msgs) StdoutLine: {'line': b'-- Up-to-date: /home/harsh/ros2_project/install/px4_msgs/include/px4_msgs/px4_msgs/msg/detail/sensor_combined__description.c\n'}
[1.171367] (px4_msgs) StdoutLine: {'line': b'-- Up-to-date: /home/harsh/ros2_project/install/px4_msgs/include/px4_msgs/px4_msgs/msg/detail/timesync_status__functions.h\n'}
[1.171509] (px4_msgs) StdoutLine: {'line': b'-- Up-to-date: /home/harsh/ros2_project/install/px4_msgs/include/px4_msgs/px4_msgs/msg/detail/sensor_hygrometer__struct.h\n'}
[1.171555] (px4_msgs) StdoutLine: {'line': b'-- Up-to-date: /home/harsh/ros2_project/install/px4_msgs/include/px4_msgs/px4_msgs/msg/detail/rate_ctrl_status__struct.h\n'}
[1.171604] (px4_msgs) StdoutLine: {'line': b'-- Up-to-date: /home/harsh/ros2_project/install/px4_msgs/include/px4_msgs/px4_msgs/msg/detail/estimator_selector_status__type_support.h\n'}
[1.171648] (px4_msgs) StdoutLine: {'line': b'-- Up-to-date: /home/harsh/ros2_project/install/px4_msgs/include/px4_msgs/px4_msgs/msg/detail/can_interface_status__description.c\n'}
[1.171692] (px4_msgs) StdoutLine: {'line': b'-- Up-to-date: /home/harsh/ros2_project/install/px4_msgs/include/px4_msgs/px4_msgs/msg/detail/estimator_sensor_bias__struct.h\n'}
[1.171786] (px4_msgs) StdoutLine: {'line': b'-- Up-to-date: /home/harsh/ros2_project/install/px4_msgs/include/px4_msgs/px4_msgs/msg/detail/sensor_combined__type_support.h\n'}
[1.171832] (px4_msgs) StdoutLine: {'line': b'-- Up-to-date: /home/harsh/ros2_project/install/px4_msgs/include/px4_msgs/px4_msgs/msg/detail/rc_parameter_map__functions.h\n'}
[1.171883] (px4_msgs) StdoutLine: {'line': b'-- Up-to-date: /home/harsh/ros2_project/install/px4_msgs/include/px4_msgs/px4_msgs/msg/detail/sensor_hygrometer__description.c\n'}
[1.171958] (px4_msgs) StdoutLine: {'line': b'-- Up-to-date: /home/harsh/ros2_project/install/px4_msgs/include/px4_msgs/px4_msgs/msg/detail/manual_control_switches__struct.h\n'}
[1.172029] (px4_msgs) StdoutLine: {'line': b'-- Up-to-date: /home/harsh/ros2_project/install/px4_msgs/include/px4_msgs/px4_msgs/msg/detail/control_allocator_status__struct.h\n'}
[1.172077] (px4_msgs) StdoutLine: {'line': b'-- Installing: /home/harsh/ros2_project/install/px4_msgs/include/px4_msgs/px4_msgs/msg/detail/heater_status__type_support.c\n'}
[1.172148] (px4_msgs) StdoutLine: {'line': b'-- Up-to-date: /home/harsh/ros2_project/install/px4_msgs/include/px4_msgs/px4_msgs/msg/detail/unregister_ext_component__description.c\n'}
[1.172190] (px4_msgs) StdoutLine: {'line': b'-- Up-to-date: /home/harsh/ros2_project/install/px4_msgs/include/px4_msgs/px4_msgs/msg/detail/actuator_motors__type_support.h\n'}
[1.172293] (px4_msgs) StdoutLine: {'line': b'-- Up-to-date: /home/harsh/ros2_project/install/px4_msgs/include/px4_msgs/px4_msgs/msg/detail/landing_gear__struct.h\n'}
[1.172344] (px4_msgs) StdoutLine: {'line': b'-- Up-to-date: /home/harsh/ros2_project/install/px4_msgs/include/px4_msgs/px4_msgs/msg/detail/rtl_status__description.c\n'}
[1.172391] (px4_msgs) StdoutLine: {'line': b'-- Up-to-date: /home/harsh/ros2_project/install/px4_msgs/include/px4_msgs/px4_msgs/msg/detail/parameter_reset_request__functions.h\n'}
[1.172435] (px4_msgs) StdoutLine: {'line': b'-- Up-to-date: /home/harsh/ros2_project/install/px4_msgs/include/px4_msgs/px4_msgs/msg/detail/distance_sensor__functions.c\n'}
[1.172477] (px4_msgs) StdoutLine: {'line': b'-- Up-to-date: /home/harsh/ros2_project/install/px4_msgs/include/px4_msgs/px4_msgs/msg/detail/orb_test_medium__type_support.h\n'}
[1.172518] (px4_msgs) StdoutLine: {'line': b'-- Up-to-date: /home/harsh/ros2_project/install/px4_msgs/include/px4_msgs/px4_msgs/msg/detail/estimator_innovations__functions.h\n'}
[1.172563] (px4_msgs) StdoutLine: {'line': b'-- Up-to-date: /home/harsh/ros2_project/install/px4_msgs/include/px4_msgs/px4_msgs/msg/detail/geofence_result__description.c\n'}
[1.172606] (px4_msgs) StdoutLine: {'line': b'-- Up-to-date: /home/harsh/ros2_project/install/px4_msgs/include/px4_msgs/px4_msgs/msg/detail/gimbal_manager_set_manual_control__type_support.h\n'}
[1.172650] (px4_msgs) StdoutLine: {'line': b'-- Up-to-date: /home/harsh/ros2_project/install/px4_msgs/include/px4_msgs/px4_msgs/msg/detail/vehicle_land_detected__type_support.h\n'}
[1.172694] (px4_msgs) StdoutLine: {'line': b'-- Up-to-date: /home/harsh/ros2_project/install/px4_msgs/include/px4_msgs/px4_msgs/msg/detail/debug_array__functions.c\n'}
[1.172743] (px4_msgs) StdoutLine: {'line': b'-- Up-to-date: /home/harsh/ros2_project/install/px4_msgs/include/px4_msgs/px4_msgs/msg/detail/vehicle_status__type_support.h\n'}
[1.172785] (px4_msgs) StdoutLine: {'line': b'-- Up-to-date: /home/harsh/ros2_project/install/px4_msgs/include/px4_msgs/px4_msgs/msg/detail/position_setpoint_triplet__functions.h\n'}
[1.172828] (px4_msgs) StdoutLine: {'line': b'-- Up-to-date: /home/harsh/ros2_project/install/px4_msgs/include/px4_msgs/px4_msgs/msg/detail/rpm__description.c\n'}
[1.172868] (px4_msgs) StdoutLine: {'line': b'-- Up-to-date: /home/harsh/ros2_project/install/px4_msgs/include/px4_msgs/px4_msgs/msg/detail/estimator_status__functions.c\n'}
[1.172909] (px4_msgs) StdoutLine: {'line': b'-- Up-to-date: /home/harsh/ros2_project/install/px4_msgs/include/px4_msgs/px4_msgs/msg/detail/estimator_gps_status__functions.h\n'}
[1.172964] (px4_msgs) StdoutLine: {'line': b'-- Up-to-date: /home/harsh/ros2_project/install/px4_msgs/include/px4_msgs/px4_msgs/msg/detail/led_control__functions.c\n'}
[1.173021] (px4_msgs) StdoutLine: {'line': b'-- Up-to-date: /home/harsh/ros2_project/install/px4_msgs/include/px4_msgs/px4_msgs/msg/detail/actuator_armed__description.c\n'}
[1.173107] (px4_msgs) StdoutLine: {'line': b'-- Up-to-date: /home/harsh/ros2_project/install/px4_msgs/include/px4_msgs/px4_msgs/msg/detail/vehicle_land_detected__struct.h\n'}
[1.173160] (px4_msgs) StdoutLine: {'line': b'-- Installing: /home/harsh/ros2_project/install/px4_msgs/include/px4_msgs/px4_msgs/msg/detail/qshell_retval__type_support.c\n'}
[1.173212] (px4_msgs) StdoutLine: {'line': b'-- Up-to-date: /home/harsh/ros2_project/install/px4_msgs/include/px4_msgs/px4_msgs/msg/detail/vehicle_trajectory_bezier__type_support.h\n'}
[1.173263] (px4_msgs) StdoutLine: {'line': b'-- Up-to-date: /home/harsh/ros2_project/install/px4_msgs/include/px4_msgs/px4_msgs/msg/detail/gimbal_manager_set_manual_control__struct.h\n'}
[1.173314] (px4_msgs) StdoutLine: {'line': b'-- Installing: /home/harsh/ros2_project/install/px4_msgs/include/px4_msgs/px4_msgs/msg/detail/gimbal_device_information__type_support.c\n'}
[1.173379] (px4_msgs) StdoutLine: {'line': b'-- Up-to-date: /home/harsh/ros2_project/install/px4_msgs/include/px4_msgs/px4_msgs/msg/detail/gpio_request__functions.h\n'}
[1.173437] (px4_msgs) StdoutLine: {'line': b'-- Installing: /home/harsh/ros2_project/install/px4_msgs/include/px4_msgs/px4_msgs/msg/detail/unregister_ext_component__type_support.c\n'}
[1.173489] (px4_msgs) StdoutLine: {'line': b'-- Installing: /home/harsh/ros2_project/install/px4_msgs/include/px4_msgs/px4_msgs/msg/detail/control_allocator_status__type_support.c\n'}
[1.173540] (px4_msgs) StdoutLine: {'line': b'-- Installing: /home/harsh/ros2_project/install/px4_msgs/include/px4_msgs/px4_msgs/msg/detail/rtl_time_estimate__type_support.c\n'}
[1.173591] (px4_msgs) StdoutLine: {'line': b'-- Up-to-date: /home/harsh/ros2_project/install/px4_msgs/include/px4_msgs/px4_msgs/msg/detail/vehicle_odometry__functions.h\n'}
[1.173643] (px4_msgs) StdoutLine: {'line': b'-- Up-to-date: /home/harsh/ros2_project/install/px4_msgs/include/px4_msgs/px4_msgs/msg/detail/vtol_vehicle_status__functions.c\n'}
[1.173694] (px4_msgs) StdoutLine: {'line': b'-- Up-to-date: /home/harsh/ros2_project/install/px4_msgs/include/px4_msgs/px4_msgs/msg/detail/airspeed_wind__functions.c\n'}
[1.173745] (px4_msgs) StdoutLine: {'line': b'-- Up-to-date: /home/harsh/ros2_project/install/px4_msgs/include/px4_msgs/px4_msgs/msg/detail/gps_inject_data__functions.c\n'}
[1.173797] (px4_msgs) StdoutLine: {'line': b'-- Installing: /home/harsh/ros2_project/install/px4_msgs/include/px4_msgs/px4_msgs/msg/detail/magnetometer_bias_estimate__type_support.c\n'}
[1.173904] (px4_msgs) StdoutLine: {'line': b'-- Up-to-date: /home/harsh/ros2_project/install/px4_msgs/include/px4_msgs/px4_msgs/msg/detail/estimator_status__functions.h\n'}
[1.173962] (px4_msgs) StdoutLine: {'line': b'-- Up-to-date: /home/harsh/ros2_project/install/px4_msgs/include/px4_msgs/px4_msgs/msg/detail/wheel_encoders__struct.h\n'}
[1.174015] (px4_msgs) StdoutLine: {'line': b'-- Installing: /home/harsh/ros2_project/install/px4_msgs/include/px4_msgs/px4_msgs/msg/detail/mission__type_support.c\n'}
[1.174069] (px4_msgs) StdoutLine: {'line': b'-- Up-to-date: /home/harsh/ros2_project/install/px4_msgs/include/px4_msgs/px4_msgs/msg/detail/rc_channels__description.c\n'}
[1.174122] (px4_msgs) StdoutLine: {'line': b'-- Installing: /home/harsh/ros2_project/install/px4_msgs/include/px4_msgs/px4_msgs/msg/detail/trajectory_waypoint__type_support.c\n'}
[1.174171] (px4_msgs) StdoutLine: {'line': b'-- Up-to-date: /home/harsh/ros2_project/install/px4_msgs/include/px4_msgs/px4_msgs/msg/detail/hover_thrust_estimate__type_support.h\n'}
[1.174221] (px4_msgs) StdoutLine: {'line': b'-- Up-to-date: /home/harsh/ros2_project/install/px4_msgs/include/px4_msgs/px4_msgs/msg/detail/vehicle_command__functions.h\n'}
[1.174272] (px4_msgs) StdoutLine: {'line': b'-- Installing: /home/harsh/ros2_project/install/px4_msgs/include/px4_msgs/px4_msgs/msg/detail/estimator_aid_source2d__type_support.c\n'}
[1.174327] (px4_msgs) StdoutLine: {'line': b'-- Up-to-date: /home/harsh/ros2_project/install/px4_msgs/include/px4_msgs/px4_msgs/msg/detail/tune_control__functions.c\n'}
[1.174383] (px4_msgs) StdoutLine: {'line': b'-- Up-to-date: /home/harsh/ros2_project/install/px4_msgs/include/px4_msgs/px4_msgs/msg/detail/cpuload__type_support.h\n'}
[1.174523] (px4_msgs) StdoutLine: {'line': b'-- Up-to-date: /home/harsh/ros2_project/install/px4_msgs/include/px4_msgs/px4_msgs/msg/detail/yaw_estimator_status__functions.h\n'}
[1.174577] (px4_msgs) StdoutLine: {'line': b'-- Up-to-date: /home/harsh/ros2_project/install/px4_msgs/include/px4_msgs/px4_msgs/msg/detail/vehicle_rates_setpoint__description.c\n'}
[1.174794] (px4_msgs) StdoutLine: {'line': b'-- Up-to-date: /home/harsh/ros2_project/install/px4_msgs/include/px4_msgs/px4_msgs/msg/detail/npfg_status__type_support.h\n'}
[1.174851] (px4_msgs) StdoutLine: {'line': b'-- Up-to-date: /home/harsh/ros2_project/install/px4_msgs/include/px4_msgs/px4_msgs/msg/detail/estimator_sensor_bias__type_support.h\n'}
[1.174903] (px4_msgs) StdoutLine: {'line': b'-- Up-to-date: /home/harsh/ros2_project/install/px4_msgs/include/px4_msgs/px4_msgs/msg/detail/dataman_request__functions.c\n'}
[1.174961] (px4_msgs) StdoutLine: {'line': b'-- Up-to-date: /home/harsh/ros2_project/install/px4_msgs/include/px4_msgs/px4_msgs/msg/detail/vehicle_optical_flow__type_support.h\n'}
[1.175013] (px4_msgs) StdoutLine: {'line': b'-- Up-to-date: /home/harsh/ros2_project/install/px4_msgs/include/px4_msgs/px4_msgs/msg/detail/arming_check_request__functions.c\n'}
[1.175067] (px4_msgs) StdoutLine: {'line': b'-- Up-to-date: /home/harsh/ros2_project/install/px4_msgs/include/px4_msgs/px4_msgs/msg/detail/estimator_sensor_bias__description.c\n'}
[1.175119] (px4_msgs) StdoutLine: {'line': b'-- Up-to-date: /home/harsh/ros2_project/install/px4_msgs/include/px4_msgs/px4_msgs/msg/detail/actuator_motors__functions.h\n'}
[1.175171] (px4_msgs) StdoutLine: {'line': b'-- Up-to-date: /home/harsh/ros2_project/install/px4_msgs/include/px4_msgs/px4_msgs/msg/detail/cellular_status__description.c\n'}
[1.175223] (px4_msgs) StdoutLine: {'line': b'-- Up-to-date: /home/harsh/ros2_project/install/px4_msgs/include/px4_msgs/px4_msgs/msg/detail/takeoff_status__functions.h\n'}
[1.175278] (px4_msgs) StdoutLine: {'line': b'-- Installing: /home/harsh/ros2_project/install/px4_msgs/include/px4_msgs/px4_msgs/msg/detail/button_event__type_support.c\n'}
[1.175338] (px4_msgs) StdoutLine: {'line': b'-- Up-to-date: /home/harsh/ros2_project/install/px4_msgs/include/px4_msgs/px4_msgs/msg/detail/unregister_ext_component__functions.c\n'}
[1.175392] (px4_msgs) StdoutLine: {'line': b'-- Up-to-date: /home/harsh/ros2_project/install/px4_msgs/include/px4_msgs/px4_msgs/msg/detail/logger_status__struct.h\n'}
[1.175445] (px4_msgs) StdoutLine: {'line': b'-- Up-to-date: /home/harsh/ros2_project/install/px4_msgs/include/px4_msgs/px4_msgs/msg/detail/health_report__functions.h\n'}
[1.175495] (px4_msgs) StdoutLine: {'line': b'-- Up-to-date: /home/harsh/ros2_project/install/px4_msgs/include/px4_msgs/px4_msgs/msg/detail/sensors_status_imu__functions.h\n'}
[1.175545] (px4_msgs) StdoutLine: {'line': b'-- Up-to-date: /home/harsh/ros2_project/install/px4_msgs/include/px4_msgs/px4_msgs/msg/detail/esc_status__description.c\n'}
[1.175593] (px4_msgs) StdoutLine: {'line': b'-- Up-to-date: /home/harsh/ros2_project/install/px4_msgs/include/px4_msgs/px4_msgs/msg/detail/debug_value__description.c\n'}
[1.175643] (px4_msgs) StdoutLine: {'line': b'-- Up-to-date: /home/harsh/ros2_project/install/px4_msgs/include/px4_msgs/px4_msgs/msg/detail/estimator_aid_source1d__functions.h\n'}
[1.175692] (px4_msgs) StdoutLine: {'line': b'-- Up-to-date: /home/harsh/ros2_project/install/px4_msgs/include/px4_msgs/px4_msgs/msg/detail/vehicle_acceleration__struct.h\n'}
[1.175791] (px4_msgs) StdoutLine: {'line': b'-- Installing: /home/harsh/ros2_project/install/px4_msgs/include/px4_msgs/px4_msgs/msg/detail/vehicle_rates_setpoint__type_support.c\n'}
[1.175851] (px4_msgs) StdoutLine: {'line': b'-- Up-to-date: /home/harsh/ros2_project/install/px4_msgs/include/px4_msgs/px4_msgs/msg/detail/ekf2_timestamps__struct.h\n'}
[1.175906] (px4_msgs) StdoutLine: {'line': b'-- Up-to-date: /home/harsh/ros2_project/install/px4_msgs/include/px4_msgs/px4_msgs/msg/detail/obstacle_distance__type_support.h\n'}
[1.176000] (px4_msgs) StdoutLine: {'line': b'-- Up-to-date: /home/harsh/ros2_project/install/px4_msgs/include/px4_msgs/px4_msgs/msg/detail/config_overrides__functions.h\n'}
[1.176055] (px4_msgs) StdoutLine: {'line': b'-- Up-to-date: /home/harsh/ros2_project/install/px4_msgs/include/px4_msgs/px4_msgs/msg/detail/goto_setpoint__functions.c\n'}
[1.176110] (px4_msgs) StdoutLine: {'line': b'-- Installing: /home/harsh/ros2_project/install/px4_msgs/include/px4_msgs/px4_msgs/msg/detail/gimbal_device_set_attitude__type_support.c\n'}
[1.176164] (px4_msgs) StdoutLine: {'line': b'-- Up-to-date: /home/harsh/ros2_project/install/px4_msgs/include/px4_msgs/px4_msgs/msg/detail/sensor_accel__description.c\n'}
[1.176216] (px4_msgs) StdoutLine: {'line': b'-- Installing: /home/harsh/ros2_project/install/px4_msgs/include/px4_msgs/px4_msgs/msg/detail/adc_report__type_support.c\n'}
[1.176268] (px4_msgs) StdoutLine: {'line': b'-- Up-to-date: /home/harsh/ros2_project/install/px4_msgs/include/px4_msgs/px4_msgs/msg/detail/sensor_gyro_fft__description.c\n'}
[1.176319] (px4_msgs) StdoutLine: {'line': b'-- Up-to-date: /home/harsh/ros2_project/install/px4_msgs/include/px4_msgs/px4_msgs/msg/detail/iridiumsbd_status__functions.c\n'}
[1.176383] (px4_msgs) StdoutLine: {'line': b'-- Installing: /home/harsh/ros2_project/install/px4_msgs/include/px4_msgs/px4_msgs/msg/detail/mount_orientation__type_support.c\n'}
[1.176436] (px4_msgs) StdoutLine: {'line': b'-- Up-to-date: /home/harsh/ros2_project/install/px4_msgs/include/px4_msgs/px4_msgs/msg/detail/estimator_innovations__description.c\n'}
[1.176490] (px4_msgs) StdoutLine: {'line': b'-- Up-to-date: /home/harsh/ros2_project/install/px4_msgs/include/px4_msgs/px4_msgs/msg/detail/vehicle_attitude_setpoint__struct.h\n'}
[1.176543] (px4_msgs) StdoutLine: {'line': b'-- Up-to-date: /home/harsh/ros2_project/install/px4_msgs/include/px4_msgs/px4_msgs/msg/detail/vtol_vehicle_status__description.c\n'}
[1.176675] (px4_msgs) StdoutLine: {'line': b'-- Up-to-date: /home/harsh/ros2_project/install/px4_msgs/include/px4_msgs/px4_msgs/msg/detail/gpio_in__struct.h\n'}
[1.176724] (px4_msgs) StdoutLine: {'line': b'-- Up-to-date: /home/harsh/ros2_project/install/px4_msgs/include/px4_msgs/px4_msgs/msg/detail/config_overrides__struct.h\n'}
[1.176768] (px4_msgs) StdoutLine: {'line': b'-- Up-to-date: /home/harsh/ros2_project/install/px4_msgs/include/px4_msgs/px4_msgs/msg/detail/goto_setpoint__type_support.h\n'}
[1.176812] (px4_msgs) StdoutLine: {'line': b'-- Up-to-date: /home/harsh/ros2_project/install/px4_msgs/include/px4_msgs/px4_msgs/msg/detail/esc_report__functions.h\n'}
[1.176856] (px4_msgs) StdoutLine: {'line': b'-- Up-to-date: /home/harsh/ros2_project/install/px4_msgs/include/px4_msgs/px4_msgs/msg/detail/gripper__functions.c\n'}
[1.176898] (px4_msgs) StdoutLine: {'line': b'-- Up-to-date: /home/harsh/ros2_project/install/px4_msgs/include/px4_msgs/px4_msgs/msg/detail/navigator_mission_item__struct.h\n'}
[1.176940] (px4_msgs) StdoutLine: {'line': b'-- Up-to-date: /home/harsh/ros2_project/install/px4_msgs/include/px4_msgs/px4_msgs/msg/detail/gpio_in__functions.c\n'}
[1.176985] (px4_msgs) StdoutLine: {'line': b'-- Up-to-date: /home/harsh/ros2_project/install/px4_msgs/include/px4_msgs/px4_msgs/msg/detail/estimator_aid_source2d__struct.h\n'}
[1.177026] (px4_msgs) StdoutLine: {'line': b'-- Up-to-date: /home/harsh/ros2_project/install/px4_msgs/include/px4_msgs/px4_msgs/msg/detail/esc_report__type_support.h\n'}
[1.177068] (px4_msgs) StdoutLine: {'line': b'-- Up-to-date: /home/harsh/ros2_project/install/px4_msgs/include/px4_msgs/px4_msgs/msg/detail/debug_array__functions.h\n'}
[1.177111] (px4_msgs) StdoutLine: {'line': b'-- Up-to-date: /home/harsh/ros2_project/install/px4_msgs/include/px4_msgs/px4_msgs/msg/detail/qshell_retval__struct.h\n'}
[1.177153] (px4_msgs) StdoutLine: {'line': b'-- Up-to-date: /home/harsh/ros2_project/install/px4_msgs/include/px4_msgs/px4_msgs/msg/detail/magnetometer_bias_estimate__struct.h\n'}
[1.177195] (px4_msgs) StdoutLine: {'line': b'-- Up-to-date: /home/harsh/ros2_project/install/px4_msgs/include/px4_msgs/px4_msgs/msg/detail/gimbal_device_information__description.c\n'}
[1.177241] (px4_msgs) StdoutLine: {'line': b'-- Up-to-date: /home/harsh/ros2_project/install/px4_msgs/include/px4_msgs/px4_msgs/msg/detail/irlock_report__struct.h\n'}
[1.177284] (px4_msgs) StdoutLine: {'line': b'-- Up-to-date: /home/harsh/ros2_project/install/px4_msgs/include/px4_msgs/px4_msgs/msg/detail/generator_status__functions.h\n'}
[1.177332] (px4_msgs) StdoutLine: {'line': b'-- Up-to-date: /home/harsh/ros2_project/install/px4_msgs/include/px4_msgs/px4_msgs/msg/detail/satellite_info__functions.h\n'}
[1.177378] (px4_msgs) StdoutLine: {'line': b'-- Installing: /home/harsh/ros2_project/install/px4_msgs/include/px4_msgs/px4_msgs/msg/detail/vehicle_control_mode__type_support.c\n'}
[1.177424] (px4_msgs) StdoutLine: {'line': b'-- Up-to-date: /home/harsh/ros2_project/install/px4_msgs/include/px4_msgs/px4_msgs/msg/detail/onboard_computer_status__functions.c\n'}
[1.177467] (px4_msgs) StdoutLine: {'line': b'-- Up-to-date: /home/harsh/ros2_project/install/px4_msgs/include/px4_msgs/px4_msgs/msg/detail/can_interface_status__type_support.h\n'}
[1.177512] (px4_msgs) StdoutLine: {'line': b'-- Up-to-date: /home/harsh/ros2_project/install/px4_msgs/include/px4_msgs/px4_msgs/msg/detail/vehicle_constraints__functions.h\n'}
[1.177558] (px4_msgs) StdoutLine: {'line': b'-- Up-to-date: /home/harsh/ros2_project/install/px4_msgs/include/px4_msgs/px4_msgs/msg/detail/failure_detector_status__description.c\n'}
[1.177600] (px4_msgs) StdoutLine: {'line': b'-- Up-to-date: /home/harsh/ros2_project/install/px4_msgs/include/px4_msgs/px4_msgs/msg/detail/landing_gear__functions.h\n'}
[1.177643] (px4_msgs) StdoutLine: {'line': b'-- Up-to-date: /home/harsh/ros2_project/install/px4_msgs/include/px4_msgs/px4_msgs/msg/detail/autotune_attitude_control_status__functions.h\n'}
[1.177687] (px4_msgs) StdoutLine: {'line': b'-- Up-to-date: /home/harsh/ros2_project/install/px4_msgs/include/px4_msgs/px4_msgs/msg/detail/battery_status__description.c\n'}
[1.177731] (px4_msgs) StdoutLine: {'line': b'-- Up-to-date: /home/harsh/ros2_project/install/px4_msgs/include/px4_msgs/px4_msgs/msg/detail/landing_target_innovations__functions.c\n'}
[1.177776] (px4_msgs) StdoutLine: {'line': b'-- Installing: /home/harsh/ros2_project/install/px4_msgs/include/px4_msgs/px4_msgs/msg/detail/sensor_uwb__type_support.c\n'}
[1.177821] (px4_msgs) StdoutLine: {'line': b'-- Installing: /home/harsh/ros2_project/install/px4_msgs/include/px4_msgs/px4_msgs/msg/detail/landing_target_innovations__type_support.c\n'}
[1.177865] (px4_msgs) StdoutLine: {'line': b'-- Up-to-date: /home/harsh/ros2_project/install/px4_msgs/include/px4_msgs/px4_msgs/msg/detail/vehicle_acceleration__description.c\n'}
[1.177908] (px4_msgs) StdoutLine: {'line': b'-- Installing: /home/harsh/ros2_project/install/px4_msgs/include/px4_msgs/px4_msgs/msg/detail/config_overrides__type_support.c\n'}
[1.177951] (px4_msgs) StdoutLine: {'line': b'-- Up-to-date: /home/harsh/ros2_project/install/px4_msgs/include/px4_msgs/px4_msgs/msg/detail/vehicle_thrust_setpoint__description.c\n'}
[1.177992] (px4_msgs) StdoutLine: {'line': b'-- Installing: /home/harsh/ros2_project/install/px4_msgs/include/px4_msgs/px4_msgs/msg/detail/vehicle_thrust_setpoint__type_support.c\n'}
[1.178036] (px4_msgs) StdoutLine: {'line': b'-- Up-to-date: /home/harsh/ros2_project/install/px4_msgs/include/px4_msgs/px4_msgs/msg/detail/gpio_config__type_support.h\n'}
[1.178080] (px4_msgs) StdoutLine: {'line': b'-- Up-to-date: /home/harsh/ros2_project/install/px4_msgs/include/px4_msgs/px4_msgs/msg/detail/sensor_accel_fifo__description.c\n'}
[1.178127] (px4_msgs) StdoutLine: {'line': b'-- Up-to-date: /home/harsh/ros2_project/install/px4_msgs/include/px4_msgs/px4_msgs/msg/detail/follow_target_status__type_support.h\n'}
[1.178173] (px4_msgs) StdoutLine: {'line': b'-- Installing: /home/harsh/ros2_project/install/px4_msgs/include/px4_msgs/px4_msgs/msg/detail/parameter_reset_request__type_support.c\n'}
[1.178216] (px4_msgs) StdoutLine: {'line': b'-- Up-to-date: /home/harsh/ros2_project/install/px4_msgs/include/px4_msgs/px4_msgs/msg/detail/vehicle_magnetometer__functions.h\n'}
[1.178263] (px4_msgs) StdoutLine: {'line': b'-- Up-to-date: /home/harsh/ros2_project/install/px4_msgs/include/px4_msgs/px4_msgs/msg/detail/esc_status__functions.c\n'}
[1.178308] (px4_msgs) StdoutLine: {'line': b'-- Up-to-date: /home/harsh/ros2_project/install/px4_msgs/include/px4_msgs/px4_msgs/msg/detail/camera_capture__description.c\n'}
[1.178361] (px4_msgs) StdoutLine: {'line': b'-- Up-to-date: /home/harsh/ros2_project/install/px4_msgs/include/px4_msgs/px4_msgs/msg/detail/landing_target_innovations__functions.h\n'}
[1.178406] (px4_msgs) StdoutLine: {'line': b'-- Up-to-date: /home/harsh/ros2_project/install/px4_msgs/include/px4_msgs/px4_msgs/msg/detail/internal_combustion_engine_status__description.c\n'}
[1.178452] (px4_msgs) StdoutLine: {'line': b'-- Up-to-date: /home/harsh/ros2_project/install/px4_msgs/include/px4_msgs/px4_msgs/msg/detail/ulog_stream_ack__struct.h\n'}
[1.178506] (px4_msgs) StdoutLine: {'line': b'-- Up-to-date: /home/harsh/ros2_project/install/px4_msgs/include/px4_msgs/px4_msgs/msg/detail/sensor_gnss_relative__functions.h\n'}
[1.178683] (px4_msgs) StdoutLine: {'line': b'-- Up-to-date: /home/harsh/ros2_project/install/px4_msgs/include/px4_msgs/px4_msgs/msg/detail/estimator_selector_status__functions.h\n'}
[1.178741] (px4_msgs) StdoutLine: {'line': b'-- Up-to-date: /home/harsh/ros2_project/install/px4_msgs/include/px4_msgs/px4_msgs/msg/detail/takeoff_status__type_support.h\n'}
[1.178799] (px4_msgs) StdoutLine: {'line': b'-- Installing: /home/harsh/ros2_project/install/px4_msgs/include/px4_msgs/px4_msgs/msg/detail/landing_gear__type_support.c\n'}
[1.178855] (px4_msgs) StdoutLine: {'line': b'-- Up-to-date: /home/harsh/ros2_project/install/px4_msgs/include/px4_msgs/px4_msgs/msg/detail/trajectory_bezier__functions.c\n'}
[1.178914] (px4_msgs) StdoutLine: {'line': b'-- Up-to-date: /home/harsh/ros2_project/install/px4_msgs/include/px4_msgs/px4_msgs/msg/detail/home_position__functions.c\n'}
[1.179417] (px4_msgs) StdoutLine: {'line': b'-- Installing: /home/harsh/ros2_project/install/px4_msgs/include/px4_msgs/px4_msgs/msg/detail/mavlink_tunnel__type_support.c\n'}
[1.179866] (px4_msgs) StdoutLine: {'line': b'-- Up-to-date: /home/harsh/ros2_project/install/px4_msgs/include/px4_msgs/px4_msgs/msg/detail/gpio_config__functions.c\n'}
[1.179942] (px4_msgs) StdoutLine: {'line': b'-- Up-to-date: /home/harsh/ros2_project/install/px4_msgs/include/px4_msgs/px4_msgs/msg/detail/mode_completed__type_support.h\n'}
[1.180003] (px4_msgs) StdoutLine: {'line': b'-- Up-to-date: /home/harsh/ros2_project/install/px4_msgs/include/px4_msgs/px4_msgs/msg/detail/rtl_time_estimate__functions.c\n'}
[1.180100] (px4_msgs) StdoutLine: {'line': b'-- Up-to-date: /home/harsh/ros2_project/install/px4_msgs/include/px4_msgs/px4_msgs/msg/detail/estimator_event_flags__struct.h\n'}
[1.180335] (px4_msgs) StdoutLine: {'line': b'-- Up-to-date: /home/harsh/ros2_project/install/px4_msgs/include/px4_msgs/px4_msgs/msg/detail/figure_eight_status__description.c\n'}
[1.180499] (px4_msgs) StdoutLine: {'line': b'-- Up-to-date: /home/harsh/ros2_project/install/px4_msgs/include/px4_msgs/px4_msgs/msg/detail/parameter_set_value_response__functions.h\n'}
[1.180622] (px4_msgs) StdoutLine: {'line': b'-- Up-to-date: /home/harsh/ros2_project/install/px4_msgs/include/px4_msgs/px4_msgs/msg/detail/cpuload__struct.h\n'}
[1.180727] (px4_msgs) StdoutLine: {'line': b'-- Up-to-date: /home/harsh/ros2_project/install/px4_msgs/include/px4_msgs/px4_msgs/msg/detail/tiltrotor_extra_controls__struct.h\n'}
[1.180800] (px4_msgs) StdoutLine: {'line': b'-- Installing: /home/harsh/ros2_project/install/px4_msgs/include/px4_msgs/px4_msgs/msg/detail/orbit_status__type_support.c\n'}
[1.180871] (px4_msgs) StdoutLine: {'line': b'-- Up-to-date: /home/harsh/ros2_project/install/px4_msgs/include/px4_msgs/px4_msgs/msg/detail/event__functions.c\n'}
[1.180941] (px4_msgs) StdoutLine: {'line': b'-- Up-to-date: /home/harsh/ros2_project/install/px4_msgs/include/px4_msgs/px4_msgs/msg/detail/vehicle_constraints__struct.h\n'}
[1.181047] (px4_msgs) StdoutLine: {'line': b'-- Up-to-date: /home/harsh/ros2_project/install/px4_msgs/include/px4_msgs/px4_msgs/msg/detail/yaw_estimator_status__struct.h\n'}
[1.181115] (px4_msgs) StdoutLine: {'line': b'-- Up-to-date: /home/harsh/ros2_project/install/px4_msgs/include/px4_msgs/px4_msgs/msg/detail/esc_status__type_support.h\n'}
[1.181214] (px4_msgs) StdoutLine: {'line': b'-- Up-to-date: /home/harsh/ros2_project/install/px4_msgs/include/px4_msgs/px4_msgs/msg/detail/position_setpoint__struct.h\n'}
[1.181281] (px4_msgs) StdoutLine: {'line': b'-- Up-to-date: /home/harsh/ros2_project/install/px4_msgs/include/px4_msgs/px4_msgs/msg/detail/transponder_report__struct.h\n'}
[1.181333] (px4_msgs) StdoutLine: {'line': b'-- Up-to-date: /home/harsh/ros2_project/install/px4_msgs/include/px4_msgs/px4_msgs/msg/detail/adc_report__functions.h\n'}
[1.181816] (px4_msgs) StdoutLine: {'line': b'-- Up-to-date: /home/harsh/ros2_project/install/px4_msgs/include/px4_msgs/px4_msgs/msg/detail/gimbal_device_attitude_status__functions.c\n'}
[1.181924] (px4_msgs) StdoutLine: {'line': b'-- Up-to-date: /home/harsh/ros2_project/install/px4_msgs/include/px4_msgs/px4_msgs/msg/detail/dataman_response__functions.c\n'}
[1.181977] (px4_msgs) StdoutLine: {'line': b'-- Up-to-date: /home/harsh/ros2_project/install/px4_msgs/include/px4_msgs/px4_msgs/msg/detail/manual_control_switches__functions.c\n'}
[1.182023] (px4_msgs) StdoutLine: {'line': b'-- Installing: /home/harsh/ros2_project/install/px4_msgs/include/px4_msgs/px4_msgs/msg/detail/px4io_status__type_support.c\n'}
[1.182067] (px4_msgs) StdoutLine: {'line': b'-- Up-to-date: /home/harsh/ros2_project/install/px4_msgs/include/px4_msgs/px4_msgs/msg/detail/register_ext_component_request__functions.h\n'}
[1.182109] (px4_msgs) StdoutLine: {'line': b'-- Up-to-date: /home/harsh/ros2_project/install/px4_msgs/include/px4_msgs/px4_msgs/msg/detail/yaw_estimator_status__type_support.h\n'}
[1.182153] (px4_msgs) StdoutLine: {'line': b'-- Installing: /home/harsh/ros2_project/install/px4_msgs/include/px4_msgs/px4_msgs/msg/detail/timesync_status__type_support.c\n'}
[1.182195] (px4_msgs) StdoutLine: {'line': b'-- Up-to-date: /home/harsh/ros2_project/install/px4_msgs/include/px4_msgs/px4_msgs/msg/detail/register_ext_component_reply__type_support.h\n'}
[1.182237] (px4_msgs) StdoutLine: {'line': b'-- Up-to-date: /home/harsh/ros2_project/install/px4_msgs/include/px4_msgs/px4_msgs/msg/detail/adc_report__type_support.h\n'}
[1.182278] (px4_msgs) StdoutLine: {'line': b'-- Installing: /home/harsh/ros2_project/install/px4_msgs/include/px4_msgs/px4_msgs/msg/detail/logger_status__type_support.c\n'}
[1.182324] (px4_msgs) StdoutLine: {'line': b'-- Up-to-date: /home/harsh/ros2_project/install/px4_msgs/include/px4_msgs/px4_msgs/msg/detail/gps_dump__functions.c\n'}
[1.182371] (px4_msgs) StdoutLine: {'line': b'-- Up-to-date: /home/harsh/ros2_project/install/px4_msgs/include/px4_msgs/px4_msgs/msg/detail/input_rc__functions.h\n'}
[1.182412] (px4_msgs) StdoutLine: {'line': b'-- Up-to-date: /home/harsh/ros2_project/install/px4_msgs/include/px4_msgs/px4_msgs/msg/detail/arming_check_reply__functions.c\n'}
[1.182498] (px4_msgs) StdoutLine: {'line': b'-- Up-to-date: /home/harsh/ros2_project/install/px4_msgs/include/px4_msgs/px4_msgs/msg/detail/vehicle_optical_flow_vel__struct.h\n'}
[1.182542] (px4_msgs) StdoutLine: {'line': b'-- Up-to-date: /home/harsh/ros2_project/install/px4_msgs/include/px4_msgs/px4_msgs/msg/detail/parameter_set_used_request__functions.h\n'}
[1.182584] (px4_msgs) StdoutLine: {'line': b'-- Up-to-date: /home/harsh/ros2_project/install/px4_msgs/include/px4_msgs/px4_msgs/msg/detail/system_power__functions.h\n'}
[1.182625] (px4_msgs) StdoutLine: {'line': b'-- Up-to-date: /home/harsh/ros2_project/install/px4_msgs/include/px4_msgs/px4_msgs/msg/detail/mavlink_log__type_support.h\n'}
[1.182666] (px4_msgs) StdoutLine: {'line': b'-- Installing: /home/harsh/ros2_project/install/px4_msgs/include/px4_msgs/px4_msgs/msg/detail/vehicle_command_ack__type_support.c\n'}
[1.182706] (px4_msgs) StdoutLine: {'line': b'-- Up-to-date: /home/harsh/ros2_project/install/px4_msgs/include/px4_msgs/px4_msgs/msg/detail/irlock_report__functions.h\n'}
[1.182824] (px4_msgs) StdoutLine: {'line': b'-- Up-to-date: /home/harsh/ros2_project/install/px4_msgs/include/px4_msgs/px4_msgs/msg/detail/vehicle_roi__type_support.h\n'}
[1.182867] (px4_msgs) StdoutLine: {'line': b'-- Up-to-date: /home/harsh/ros2_project/install/px4_msgs/include/px4_msgs/px4_msgs/msg/detail/dataman_request__struct.h\n'}
[1.182908] (px4_msgs) StdoutLine: {'line': b'-- Installing: /home/harsh/ros2_project/install/px4_msgs/include/px4_msgs/px4_msgs/msg/detail/airspeed__type_support.c\n'}
[1.182949] (px4_msgs) StdoutLine: {'line': b'-- Installing: /home/harsh/ros2_project/install/px4_msgs/include/px4_msgs/px4_msgs/msg/detail/arming_check_reply__type_support.c\n'}
[1.182990] (px4_msgs) StdoutLine: {'line': b'-- Up-to-date: /home/harsh/ros2_project/install/px4_msgs/include/px4_msgs/px4_msgs/msg/detail/npfg_status__description.c\n'}
[1.183031] (px4_msgs) StdoutLine: {'line': b'-- Up-to-date: /home/harsh/ros2_project/install/px4_msgs/include/px4_msgs/px4_msgs/msg/detail/autotune_attitude_control_status__type_support.h\n'}
[1.183071] (px4_msgs) StdoutLine: {'line': b'-- Up-to-date: /home/harsh/ros2_project/install/px4_msgs/include/px4_msgs/px4_msgs/msg/detail/parameter_reset_request__struct.h\n'}
[1.183111] (px4_msgs) StdoutLine: {'line': b'-- Up-to-date: /home/harsh/ros2_project/install/px4_msgs/include/px4_msgs/px4_msgs/msg/detail/estimator_aid_source2d__functions.h\n'}
[1.183150] (px4_msgs) StdoutLine: {'line': b'-- Up-to-date: /home/harsh/ros2_project/install/px4_msgs/include/px4_msgs/px4_msgs/msg/detail/generator_status__description.c\n'}
[1.183190] (px4_msgs) StdoutLine: {'line': b'-- Up-to-date: /home/harsh/ros2_project/install/px4_msgs/include/px4_msgs/px4_msgs/msg/detail/arming_check_reply__struct.h\n'}
[1.183229] (px4_msgs) StdoutLine: {'line': b'-- Up-to-date: /home/harsh/ros2_project/install/px4_msgs/include/px4_msgs/px4_msgs/msg/detail/actuator_armed__type_support.h\n'}
[1.183269] (px4_msgs) StdoutLine: {'line': b'-- Installing: /home/harsh/ros2_project/install/px4_msgs/include/px4_msgs/px4_msgs/msg/detail/flight_phase_estimation__type_support.c\n'}
[1.183309] (px4_msgs) StdoutLine: {'line': b'-- Up-to-date: /home/harsh/ros2_project/install/px4_msgs/include/px4_msgs/px4_msgs/msg/detail/parameter_set_used_request__struct.h\n'}
[1.183357] (px4_msgs) StdoutLine: {'line': b'-- Up-to-date: /home/harsh/ros2_project/install/px4_msgs/include/px4_msgs/px4_msgs/msg/detail/vehicle_imu__functions.c\n'}
[1.183398] (px4_msgs) StdoutLine: {'line': b'-- Up-to-date: /home/harsh/ros2_project/install/px4_msgs/include/px4_msgs/px4_msgs/msg/detail/debug_vect__description.c\n'}
[1.183487] (px4_msgs) StdoutLine: {'line': b'-- Up-to-date: /home/harsh/ros2_project/install/px4_msgs/include/px4_msgs/px4_msgs/msg/detail/offboard_control_mode__description.c\n'}
[1.183530] (px4_msgs) StdoutLine: {'line': b'-- Up-to-date: /home/harsh/ros2_project/install/px4_msgs/include/px4_msgs/px4_msgs/msg/detail/pps_capture__type_support.h\n'}
[1.183572] (px4_msgs) StdoutLine: {'line': b'-- Up-to-date: /home/harsh/ros2_project/install/px4_msgs/include/px4_msgs/px4_msgs/msg/detail/gimbal_device_set_attitude__description.c\n'}
[1.183615] (px4_msgs) StdoutLine: {'line': b'-- Up-to-date: /home/harsh/ros2_project/install/px4_msgs/include/px4_msgs/px4_msgs/msg/detail/vehicle_optical_flow__functions.c\n'}
[1.183660] (px4_msgs) StdoutLine: {'line': b'-- Up-to-date: /home/harsh/ros2_project/install/px4_msgs/include/px4_msgs/px4_msgs/msg/detail/gimbal_manager_information__functions.c\n'}
[1.183700] (px4_msgs) StdoutLine: {'line': b'-- Up-to-date: /home/harsh/ros2_project/install/px4_msgs/include/px4_msgs/px4_msgs/msg/detail/vehicle_status__description.c\n'}
[1.183740] (px4_msgs) StdoutLine: {'line': b'-- Up-to-date: /home/harsh/ros2_project/install/px4_msgs/include/px4_msgs/px4_msgs/msg/detail/sensor_combined__functions.c\n'}
[1.183780] (px4_msgs) StdoutLine: {'line': b'-- Up-to-date: /home/harsh/ros2_project/install/px4_msgs/include/px4_msgs/px4_msgs/msg/detail/ulog_stream__type_support.h\n'}
[1.183893] (px4_msgs) StdoutLine: {'line': b'-- Up-to-date: /home/harsh/ros2_project/install/px4_msgs/include/px4_msgs/px4_msgs/msg/detail/dataman_response__struct.h\n'}
[1.184000] (px4_msgs) StdoutLine: {'line': b'-- Up-to-date: /home/harsh/ros2_project/install/px4_msgs/include/px4_msgs/px4_msgs/msg/detail/trajectory_setpoint__struct.h\n'}
[1.184049] (px4_msgs) StdoutLine: {'line': b'-- Up-to-date: /home/harsh/ros2_project/install/px4_msgs/include/px4_msgs/px4_msgs/msg/detail/health_report__functions.c\n'}
[1.184093] (px4_msgs) StdoutLine: {'line': b'-- Up-to-date: /home/harsh/ros2_project/install/px4_msgs/include/px4_msgs/px4_msgs/msg/detail/gpio_in__type_support.h\n'}
[1.184137] (px4_msgs) StdoutLine: {'line': b'-- Up-to-date: /home/harsh/ros2_project/install/px4_msgs/include/px4_msgs/px4_msgs/msg/detail/parameter_reset_request__description.c\n'}
[1.184182] (px4_msgs) StdoutLine: {'line': b'-- Up-to-date: /home/harsh/ros2_project/install/px4_msgs/include/px4_msgs/px4_msgs/msg/detail/can_interface_status__functions.c\n'}
[1.184226] (px4_msgs) StdoutLine: {'line': b'-- Installing: /home/harsh/ros2_project/install/px4_msgs/include/px4_msgs/px4_msgs/msg/detail/gimbal_manager_status__type_support.c\n'}
[1.184270] (px4_msgs) StdoutLine: {'line': b'-- Up-to-date: /home/harsh/ros2_project/install/px4_msgs/include/px4_msgs/px4_msgs/msg/detail/power_monitor__functions.c\n'}
[1.184310] (px4_msgs) StdoutLine: {'line': b'-- Installing: /home/harsh/ros2_project/install/px4_msgs/include/px4_msgs/px4_msgs/msg/detail/gimbal_manager_set_manual_control__type_support.c\n'}
[1.184362] (px4_msgs) StdoutLine: {'line': b'-- Installing: /home/harsh/ros2_project/install/px4_msgs/include/px4_msgs/px4_msgs/msg/detail/arming_check_request__type_support.c\n'}
[1.184405] (px4_msgs) StdoutLine: {'line': b'-- Up-to-date: /home/harsh/ros2_project/install/px4_msgs/include/px4_msgs/px4_msgs/msg/detail/camera_status__description.c\n'}
[1.184450] (px4_msgs) StdoutLine: {'line': b'-- Up-to-date: /home/harsh/ros2_project/install/px4_msgs/include/px4_msgs/px4_msgs/msg/detail/vehicle_attitude_setpoint__type_support.h\n'}
[1.184494] (px4_msgs) StdoutLine: {'line': b'-- Installing: /home/harsh/ros2_project/install/px4_msgs/include/px4_msgs/px4_msgs/msg/detail/orb_test__type_support.c\n'}
[1.184539] (px4_msgs) StdoutLine: {'line': b'-- Up-to-date: /home/harsh/ros2_project/install/px4_msgs/include/px4_msgs/px4_msgs/msg/detail/actuator_test__type_support.h\n'}
[1.184582] (px4_msgs) StdoutLine: {'line': b'-- Up-to-date: /home/harsh/ros2_project/install/px4_msgs/include/px4_msgs/px4_msgs/msg/detail/sensor_airflow__struct.h\n'}
[1.184626] (px4_msgs) StdoutLine: {'line': b'-- Up-to-date: /home/harsh/ros2_project/install/px4_msgs/include/px4_msgs/px4_msgs/msg/detail/gpio_out__functions.c\n'}
[1.184672] (px4_msgs) StdoutLine: {'line': b'-- Up-to-date: /home/harsh/ros2_project/install/px4_msgs/include/px4_msgs/px4_msgs/msg/detail/vehicle_attitude__description.c\n'}
[1.184716] (px4_msgs) StdoutLine: {'line': b'-- Up-to-date: /home/harsh/ros2_project/install/px4_msgs/include/px4_msgs/px4_msgs/msg/detail/sensor_uwb__description.c\n'}
[1.184761] (px4_msgs) StdoutLine: {'line': b'-- Installing: /home/harsh/ros2_project/install/px4_msgs/include/px4_msgs/px4_msgs/msg/detail/vehicle_attitude__type_support.c\n'}
[1.184807] (px4_msgs) StdoutLine: {'line': b'-- Up-to-date: /home/harsh/ros2_project/install/px4_msgs/include/px4_msgs/px4_msgs/msg/detail/gpio_in__functions.h\n'}
[1.184853] (px4_msgs) StdoutLine: {'line': b'-- Up-to-date: /home/harsh/ros2_project/install/px4_msgs/include/px4_msgs/px4_msgs/msg/detail/sensor_gyro__functions.c\n'}
[1.184898] (px4_msgs) StdoutLine: {'line': b'-- Up-to-date: /home/harsh/ros2_project/install/px4_msgs/include/px4_msgs/px4_msgs/msg/detail/health_report__struct.h\n'}
[1.184945] (px4_msgs) StdoutLine: {'line': b'-- Up-to-date: /home/harsh/ros2_project/install/px4_msgs/include/px4_msgs/px4_msgs/msg/detail/magnetometer_bias_estimate__functions.h\n'}
[1.184989] (px4_msgs) StdoutLine: {'line': b'-- Up-to-date: /home/harsh/ros2_project/install/px4_msgs/include/px4_msgs/px4_msgs/msg/detail/sensor_selection__struct.h\n'}
[1.185094] (px4_msgs) StdoutLine: {'line': b'-- Up-to-date: /home/harsh/ros2_project/install/px4_msgs/include/px4_msgs/px4_msgs/msg/detail/failure_detector_status__struct.h\n'}
[1.185362] (px4_msgs) StdoutLine: {'line': b'-- Installing: /home/harsh/ros2_project/install/px4_msgs/include/px4_msgs/px4_msgs/msg/detail/vehicle_command__type_support.c\n'}
[1.185424] (px4_msgs) StdoutLine: {'line': b'-- Up-to-date: /home/harsh/ros2_project/install/px4_msgs/include/px4_msgs/px4_msgs/msg/detail/obstacle_distance__struct.h\n'}
[1.185476] (px4_msgs) StdoutLine: {'line': b'-- Installing: /home/harsh/ros2_project/install/px4_msgs/include/px4_msgs/px4_msgs/msg/detail/gps_dump__type_support.c\n'}
[1.185527] (px4_msgs) StdoutLine: {'line': b'-- Up-to-date: /home/harsh/ros2_project/install/px4_msgs/include/px4_msgs/px4_msgs/msg/detail/npfg_status__functions.c\n'}
[1.185574] (px4_msgs) StdoutLine: {'line': b'-- Installing: /home/harsh/ros2_project/install/px4_msgs/include/px4_msgs/px4_msgs/msg/detail/health_report__type_support.c\n'}
[1.185622] (px4_msgs) StdoutLine: {'line': b'-- Up-to-date: /home/harsh/ros2_project/install/px4_msgs/include/px4_msgs/px4_msgs/msg/detail/sensor_gyro__description.c\n'}
[1.185670] (px4_msgs) StdoutLine: {'line': b'-- Installing: /home/harsh/ros2_project/install/px4_msgs/include/px4_msgs/px4_msgs/msg/detail/task_stack_info__type_support.c\n'}
[1.185752] (px4_msgs) StdoutLine: {'line': b'-- Up-to-date: /home/harsh/ros2_project/install/px4_msgs/include/px4_msgs/px4_msgs/msg/detail/airspeed__type_support.h\n'}
[1.185807] (px4_msgs) StdoutLine: {'line': b'-- Up-to-date: /home/harsh/ros2_project/install/px4_msgs/include/px4_msgs/px4_msgs/msg/detail/ulog_stream_ack__functions.c\n'}
[1.185856] (px4_msgs) StdoutLine: {'line': b'-- Up-to-date: /home/harsh/ros2_project/install/px4_msgs/include/px4_msgs/px4_msgs/msg/detail/navigator_mission_item__type_support.h\n'}
[1.185907] (px4_msgs) StdoutLine: {'line': b'-- Up-to-date: /home/harsh/ros2_project/install/px4_msgs/include/px4_msgs/px4_msgs/msg/detail/vehicle_optical_flow_vel__functions.c\n'}
[1.185957] (px4_msgs) StdoutLine: {'line': b'-- Up-to-date: /home/harsh/ros2_project/install/px4_msgs/include/px4_msgs/px4_msgs/msg/detail/gimbal_manager_status__functions.c\n'}
[1.186000] (px4_msgs) StdoutLine: {'line': b'-- Up-to-date: /home/harsh/ros2_project/install/px4_msgs/include/px4_msgs/px4_msgs/msg/detail/actuator_motors__struct.h\n'}
[1.186048] (px4_msgs) StdoutLine: {'line': b'-- Installing: /home/harsh/ros2_project/install/px4_msgs/include/px4_msgs/px4_msgs/msg/detail/differential_pressure__type_support.c\n'}
[1.186100] (px4_msgs) StdoutLine: {'line': b'-- Installing: /home/harsh/ros2_project/install/px4_msgs/include/px4_msgs/px4_msgs/msg/detail/parameter_set_value_request__type_support.c\n'}
[1.186155] (px4_msgs) StdoutLine: {'line': b'-- Up-to-date: /home/harsh/ros2_project/install/px4_msgs/include/px4_msgs/px4_msgs/msg/detail/sensor_preflight_mag__description.c\n'}
[1.186211] (px4_msgs) StdoutLine: {'line': b'-- Up-to-date: /home/harsh/ros2_project/install/px4_msgs/include/px4_msgs/px4_msgs/msg/detail/follow_target__functions.h\n'}
[1.186261] (px4_msgs) StdoutLine: {'line': b'-- Up-to-date: /home/harsh/ros2_project/install/px4_msgs/include/px4_msgs/px4_msgs/msg/detail/differential_drive_setpoint__functions.h\n'}
[1.186303] (px4_msgs) StdoutLine: {'line': b'-- Installing: /home/harsh/ros2_project/install/px4_msgs/include/px4_msgs/px4_msgs/msg/detail/estimator_gps_status__type_support.c\n'}
[1.186357] (px4_msgs) StdoutLine: {'line': b'-- Up-to-date: /home/harsh/ros2_project/install/px4_msgs/include/px4_msgs/px4_msgs/msg/detail/qshell_req__description.c\n'}
[1.186402] (px4_msgs) StdoutLine: {'line': b'-- Up-to-date: /home/harsh/ros2_project/install/px4_msgs/include/px4_msgs/px4_msgs/msg/detail/uavcan_parameter_request__functions.h\n'}
[1.186444] (px4_msgs) StdoutLine: {'line': b'-- Installing: /home/harsh/ros2_project/install/px4_msgs/include/px4_msgs/px4_msgs/msg/detail/navigator_mission_item__type_support.c\n'}
[1.186901] (px4_msgs) StdoutLine: {'line': b'-- Up-to-date: /home/harsh/ros2_project/install/px4_msgs/include/px4_msgs/px4_msgs/msg/detail/vehicle_command_ack__type_support.h\n'}
[1.186965] (px4_msgs) StdoutLine: {'line': b'-- Installing: /home/harsh/ros2_project/install/px4_msgs/include/px4_msgs/px4_msgs/msg/detail/sensor_gyro__type_support.c\n'}
[1.187016] (px4_msgs) StdoutLine: {'line': b'-- Up-to-date: /home/harsh/ros2_project/install/px4_msgs/include/px4_msgs/px4_msgs/msg/detail/position_controller_landing_status__functions.c\n'}
[1.187066] (px4_msgs) StdoutLine: {'line': b'-- Up-to-date: /home/harsh/ros2_project/install/px4_msgs/include/px4_msgs/px4_msgs/msg/detail/vehicle_control_mode__description.c\n'}
[1.187113] (px4_msgs) StdoutLine: {'line': b'-- Installing: /home/harsh/ros2_project/install/px4_msgs/include/px4_msgs/px4_msgs/msg/detail/cpuload__type_support.c\n'}
[1.187159] (px4_msgs) StdoutLine: {'line': b'-- Up-to-date: /home/harsh/ros2_project/install/px4_msgs/include/px4_msgs/px4_msgs/msg/detail/sensor_combined__struct.h\n'}
[1.187204] (px4_msgs) StdoutLine: {'line': b'-- Installing: /home/harsh/ros2_project/install/px4_msgs/include/px4_msgs/px4_msgs/msg/detail/actuator_motors__type_support.c\n'}
[1.187251] (px4_msgs) StdoutLine: {'line': b'-- Up-to-date: /home/harsh/ros2_project/install/px4_msgs/include/px4_msgs/px4_msgs/msg/detail/gpio_out__functions.h\n'}
[1.187296] (px4_msgs) StdoutLine: {'line': b'-- Up-to-date: /home/harsh/ros2_project/install/px4_msgs/include/px4_msgs/px4_msgs/msg/detail/actuator_servos__struct.h\n'}
[1.187376] (px4_msgs) StdoutLine: {'line': b'-- Up-to-date: /home/harsh/ros2_project/install/px4_msgs/include/px4_msgs/px4_msgs/msg/detail/rate_ctrl_status__type_support.h\n'}
[1.187546] (px4_msgs) StdoutLine: {'line': b'-- Up-to-date: /home/harsh/ros2_project/install/px4_msgs/include/px4_msgs/px4_msgs/msg/detail/actuator_servos__functions.h\n'}
[1.187592] (px4_msgs) StdoutLine: {'line': b'-- Up-to-date: /home/harsh/ros2_project/install/px4_msgs/include/px4_msgs/px4_msgs/msg/detail/landing_gear_wheel__struct.h\n'}
[1.187637] (px4_msgs) StdoutLine: {'line': b'-- Installing: /home/harsh/ros2_project/install/px4_msgs/include/px4_msgs/px4_msgs/msg/detail/vehicle_attitude_setpoint__type_support.c\n'}
[1.187681] (px4_msgs) StdoutLine: {'line': b'-- Up-to-date: /home/harsh/ros2_project/install/px4_msgs/include/px4_msgs/px4_msgs/msg/detail/sensor_gyro__functions.h\n'}
[1.187723] (px4_msgs) StdoutLine: {'line': b'-- Installing: /home/harsh/ros2_project/install/px4_msgs/include/px4_msgs/px4_msgs/msg/detail/sensor_optical_flow__type_support.c\n'}
[1.187768] (px4_msgs) StdoutLine: {'line': b'-- Up-to-date: /home/harsh/ros2_project/install/px4_msgs/include/px4_msgs/px4_msgs/msg/detail/ulog_stream__description.c\n'}
[1.187816] (px4_msgs) StdoutLine: {'line': b'-- Up-to-date: /home/harsh/ros2_project/install/px4_msgs/include/px4_msgs/px4_msgs/msg/detail/actuator_controls_status__type_support.h\n'}
[1.187870] (px4_msgs) StdoutLine: {'line': b'-- Installing: /home/harsh/ros2_project/install/px4_msgs/include/px4_msgs/px4_msgs/msg/detail/ekf2_timestamps__type_support.c\n'}
[1.187924] (px4_msgs) StdoutLine: {'line': b'-- Up-to-date: /home/harsh/ros2_project/install/px4_msgs/include/px4_msgs/px4_msgs/msg/detail/sensor_correction__functions.h\n'}
[1.187969] (px4_msgs) StdoutLine: {'line': b'-- Installing: /home/harsh/ros2_project/install/px4_msgs/include/px4_msgs/px4_msgs/msg/detail/vehicle_imu_status__type_support.c\n'}
[1.188012] (px4_msgs) StdoutLine: {'line': b'-- Up-to-date: /home/harsh/ros2_project/install/px4_msgs/include/px4_msgs/px4_msgs/msg/detail/sensor_accel__functions.c\n'}
[1.188054] (px4_msgs) StdoutLine: {'line': b'-- Up-to-date: /home/harsh/ros2_project/install/px4_msgs/include/px4_msgs/px4_msgs/msg/detail/rpm__struct.h\n'}
[1.188096] (px4_msgs) StdoutLine: {'line': b'-- Up-to-date: /home/harsh/ros2_project/install/px4_msgs/include/px4_msgs/px4_msgs/msg/detail/mavlink_tunnel__type_support.h\n'}
[1.188137] (px4_msgs) StdoutLine: {'line': b'-- Up-to-date: /home/harsh/ros2_project/install/px4_msgs/include/px4_msgs/px4_msgs/msg/detail/offboard_control_mode__functions.c\n'}
[1.188203] (px4_msgs) StdoutLine: {'line': b'-- Up-to-date: /home/harsh/ros2_project/install/px4_msgs/include/px4_msgs/px4_msgs/msg/detail/gimbal_device_set_attitude__type_support.h\n'}
[1.188244] (px4_msgs) StdoutLine: {'line': b'-- Up-to-date: /home/harsh/ros2_project/install/px4_msgs/include/px4_msgs/px4_msgs/msg/detail/register_ext_component_reply__struct.h\n'}
[1.188285] (px4_msgs) StdoutLine: {'line': b'-- Up-to-date: /home/harsh/ros2_project/install/px4_msgs/include/px4_msgs/px4_msgs/msg/detail/camera_trigger__struct.h\n'}
[1.188333] (px4_msgs) StdoutLine: {'line': b'-- Up-to-date: /home/harsh/ros2_project/install/px4_msgs/include/px4_msgs/px4_msgs/msg/detail/gimbal_device_attitude_status__type_support.h\n'}
[1.188377] (px4_msgs) StdoutLine: {'line': b'-- Up-to-date: /home/harsh/ros2_project/install/px4_msgs/include/px4_msgs/px4_msgs/msg/detail/sensor_gps__functions.c\n'}
[1.188416] (px4_msgs) StdoutLine: {'line': b'-- Installing: /home/harsh/ros2_project/install/px4_msgs/include/px4_msgs/px4_msgs/msg/detail/satellite_info__type_support.c\n'}
[1.188456] (px4_msgs) StdoutLine: {'line': b'-- Up-to-date: /home/harsh/ros2_project/install/px4_msgs/include/px4_msgs/px4_msgs/msg/detail/trajectory_waypoint__type_support.h\n'}
[1.188497] (px4_msgs) StdoutLine: {'line': b'-- Up-to-date: /home/harsh/ros2_project/install/px4_msgs/include/px4_msgs/px4_msgs/msg/detail/register_ext_component_reply__description.c\n'}
[1.188537] (px4_msgs) StdoutLine: {'line': b'-- Up-to-date: /home/harsh/ros2_project/install/px4_msgs/include/px4_msgs/px4_msgs/msg/detail/vehicle_command_ack__functions.h\n'}
[1.188577] (px4_msgs) StdoutLine: {'line': b'-- Up-to-date: /home/harsh/ros2_project/install/px4_msgs/include/px4_msgs/px4_msgs/msg/detail/parameter_set_value_request__description.c\n'}
[1.188617] (px4_msgs) StdoutLine: {'line': b'-- Up-to-date: /home/harsh/ros2_project/install/px4_msgs/include/px4_msgs/px4_msgs/msg/detail/parameter_set_value_request__functions.c\n'}
[1.188657] (px4_msgs) StdoutLine: {'line': b'-- Up-to-date: /home/harsh/ros2_project/install/px4_msgs/include/px4_msgs/px4_msgs/msg/detail/vehicle_control_mode__struct.h\n'}
[1.188697] (px4_msgs) StdoutLine: {'line': b'-- Up-to-date: /home/harsh/ros2_project/install/px4_msgs/include/px4_msgs/px4_msgs/msg/detail/camera_capture__functions.c\n'}
[1.188737] (px4_msgs) StdoutLine: {'line': b'-- Up-to-date: /home/harsh/ros2_project/install/px4_msgs/include/px4_msgs/px4_msgs/msg/detail/tiltrotor_extra_controls__description.c\n'}
[1.188779] (px4_msgs) StdoutLine: {'line': b'-- Up-to-date: /home/harsh/ros2_project/install/px4_msgs/include/px4_msgs/px4_msgs/msg/detail/vehicle_odometry__functions.c\n'}
[1.188819] (px4_msgs) StdoutLine: {'line': b'-- Up-to-date: /home/harsh/ros2_project/install/px4_msgs/include/px4_msgs/px4_msgs/msg/detail/position_controller_landing_status__description.c\n'}
[1.188861] (px4_msgs) StdoutLine: {'line': b'-- Up-to-date: /home/harsh/ros2_project/install/px4_msgs/include/px4_msgs/px4_msgs/msg/detail/flight_phase_estimation__struct.h\n'}
[1.188902] (px4_msgs) StdoutLine: {'line': b'-- Up-to-date: /home/harsh/ros2_project/install/px4_msgs/include/px4_msgs/px4_msgs/msg/detail/pwm_input__functions.c\n'}
[1.189797] (px4_msgs) StdoutLine: {'line': b'-- Up-to-date: /home/harsh/ros2_project/install/px4_msgs/include/px4_msgs/px4_msgs/msg/detail/camera_status__functions.c\n'}
[1.189843] (px4_msgs) StdoutLine: {'line': b'-- Up-to-date: /home/harsh/ros2_project/install/px4_msgs/include/px4_msgs/px4_msgs/msg/detail/estimator_states__description.c\n'}
[1.189881] (px4_msgs) StdoutLine: {'line': b'-- Up-to-date: /home/harsh/ros2_project/install/px4_msgs/include/px4_msgs/px4_msgs/msg/detail/vehicle_magnetometer__struct.h\n'}
[1.189981] (px4_msgs) StdoutLine: {'line': b'-- Up-to-date: /home/harsh/ros2_project/install/px4_msgs/include/px4_msgs/px4_msgs/msg/detail/parameter_set_value_response__type_support.h\n'}
[1.190023] (px4_msgs) StdoutLine: {'line': b'-- Up-to-date: /home/harsh/ros2_project/install/px4_msgs/include/px4_msgs/px4_msgs/msg/detail/vehicle_command__struct.h\n'}
[1.190129] (px4_msgs) StdoutLine: {'line': b'-- Installing: /home/harsh/ros2_project/install/px4_msgs/include/px4_msgs/px4_msgs/msg/detail/vehicle_imu__type_support.c\n'}
[1.190170] (px4_msgs) StdoutLine: {'line': b'-- Up-to-date: /home/harsh/ros2_project/install/px4_msgs/include/px4_msgs/px4_msgs/msg/detail/home_position__functions.h\n'}
[1.190212] (px4_msgs) StdoutLine: {'line': b'-- Up-to-date: /home/harsh/ros2_project/install/px4_msgs/include/px4_msgs/px4_msgs/msg/detail/vehicle_attitude_setpoint__functions.c\n'}
[1.190250] (px4_msgs) StdoutLine: {'line': b'-- Up-to-date: /home/harsh/ros2_project/install/px4_msgs/include/px4_msgs/px4_msgs/msg/detail/gps_inject_data__struct.h\n'}
[1.190289] (px4_msgs) StdoutLine: {'line': b'-- Up-to-date: /home/harsh/ros2_project/install/px4_msgs/include/px4_msgs/px4_msgs/msg/detail/debug_key_value__description.c\n'}
[1.190337] (px4_msgs) StdoutLine: {'line': b'-- Up-to-date: /home/harsh/ros2_project/install/px4_msgs/include/px4_msgs/px4_msgs/msg/detail/vehicle_trajectory_bezier__description.c\n'}
[1.190377] (px4_msgs) StdoutLine: {'line': b'-- Up-to-date: /home/harsh/ros2_project/install/px4_msgs/include/px4_msgs/px4_msgs/msg/detail/actuator_armed__functions.c\n'}
[1.190416] (px4_msgs) StdoutLine: {'line': b'-- Up-to-date: /home/harsh/ros2_project/install/px4_msgs/include/px4_msgs/px4_msgs/msg/detail/npfg_status__functions.h\n'}
[1.190455] (px4_msgs) StdoutLine: {'line': b'-- Installing: /home/harsh/ros2_project/install/px4_msgs/include/px4_msgs/px4_msgs/msg/detail/vehicle_trajectory_bezier__type_support.c\n'}
[1.190496] (px4_msgs) StdoutLine: {'line': b'-- Up-to-date: /home/harsh/ros2_project/install/px4_msgs/include/px4_msgs/px4_msgs/msg/detail/actuator_outputs__type_support.h\n'}
[1.190535] (px4_msgs) StdoutLine: {'line': b'-- Up-to-date: /home/harsh/ros2_project/install/px4_msgs/include/px4_msgs/px4_msgs/msg/detail/actuator_servos__description.c\n'}
[1.190575] (px4_msgs) StdoutLine: {'line': b'-- Installing: /home/harsh/ros2_project/install/px4_msgs/include/px4_msgs/px4_msgs/msg/detail/manual_control_switches__type_support.c\n'}
[1.190611] (px4_msgs) StdoutLine: {'line': b'-- Up-to-date: /home/harsh/ros2_project/install/px4_msgs/include/px4_msgs/px4_msgs/msg/detail/orb_test_medium__description.c\n'}
[1.190648] (px4_msgs) StdoutLine: {'line': b'-- Installing: /home/harsh/ros2_project/install/px4_msgs/include/px4_msgs/px4_msgs/msg/detail/position_controller_landing_status__type_support.c\n'}
[1.190684] (px4_msgs) StdoutLine: {'line': b'-- Up-to-date: /home/harsh/ros2_project/install/px4_msgs/include/px4_msgs/px4_msgs/msg/detail/satellite_info__struct.h\n'}
[1.190722] (px4_msgs) StdoutLine: {'line': b'-- Up-to-date: /home/harsh/ros2_project/install/px4_msgs/include/px4_msgs/px4_msgs/msg/detail/estimator_states__struct.h\n'}
[1.190768] (px4_msgs) StdoutLine: {'line': b'-- Up-to-date: /home/harsh/ros2_project/install/px4_msgs/include/px4_msgs/px4_msgs/msg/detail/log_message__functions.c\n'}
[1.190807] (px4_msgs) StdoutLine: {'line': b'-- Up-to-date: /home/harsh/ros2_project/install/px4_msgs/include/px4_msgs/px4_msgs/msg/detail/estimator_gps_status__type_support.h\n'}
[1.190846] (px4_msgs) StdoutLine: {'line': b'-- Up-to-date: /home/harsh/ros2_project/install/px4_msgs/include/px4_msgs/px4_msgs/msg/detail/mavlink_tunnel__functions.h\n'}
[1.190884] (px4_msgs) StdoutLine: {'line': b'-- Up-to-date: /home/harsh/ros2_project/install/px4_msgs/include/px4_msgs/px4_msgs/msg/detail/estimator_aid_source2d__description.c\n'}
[1.190923] (px4_msgs) StdoutLine: {'line': b'-- Up-to-date: /home/harsh/ros2_project/install/px4_msgs/include/px4_msgs/px4_msgs/msg/detail/vehicle_status__functions.h\n'}
[1.190962] (px4_msgs) StdoutLine: {'line': b'-- Up-to-date: /home/harsh/ros2_project/install/px4_msgs/include/px4_msgs/px4_msgs/msg/detail/actuator_servos_trim__description.c\n'}
[1.191000] (px4_msgs) StdoutLine: {'line': b'-- Up-to-date: /home/harsh/ros2_project/install/px4_msgs/include/px4_msgs/px4_msgs/msg/detail/failure_detector_status__type_support.h\n'}
[1.191104] (px4_msgs) StdoutLine: {'line': b'-- Up-to-date: /home/harsh/ros2_project/install/px4_msgs/include/px4_msgs/px4_msgs/msg/detail/vehicle_command_ack__functions.c\n'}
[1.191141] (px4_msgs) StdoutLine: {'line': b'-- Up-to-date: /home/harsh/ros2_project/install/px4_msgs/include/px4_msgs/px4_msgs/msg/detail/vehicle_trajectory_bezier__struct.h\n'}
[1.191179] (px4_msgs) StdoutLine: {'line': b'-- Installing: /home/harsh/ros2_project/install/px4_msgs/include/px4_msgs/px4_msgs/msg/detail/wheel_encoders__type_support.c\n'}
[1.191219] (px4_msgs) StdoutLine: {'line': b'-- Up-to-date: /home/harsh/ros2_project/install/px4_msgs/include/px4_msgs/px4_msgs/msg/detail/task_stack_info__type_support.h\n'}
[1.191397] (px4_msgs) StdoutLine: {'line': b'-- Up-to-date: /home/harsh/ros2_project/install/px4_msgs/include/px4_msgs/px4_msgs/msg/detail/input_rc__functions.c\n'}
[1.191440] (px4_msgs) StdoutLine: {'line': b'-- Installing: /home/harsh/ros2_project/install/px4_msgs/include/px4_msgs/px4_msgs/msg/detail/vehicle_local_position__type_support.c\n'}
[1.191492] (px4_msgs) StdoutLine: {'line': b'-- Up-to-date: /home/harsh/ros2_project/install/px4_msgs/include/px4_msgs/px4_msgs/msg/detail/launch_detection_status__struct.h\n'}
[1.191529] (px4_msgs) StdoutLine: {'line': b'-- Up-to-date: /home/harsh/ros2_project/install/px4_msgs/include/px4_msgs/px4_msgs/msg/detail/sensor_uwb__struct.h\n'}
[1.191563] (px4_msgs) StdoutLine: {'line': b'-- Up-to-date: /home/harsh/ros2_project/install/px4_msgs/include/px4_msgs/px4_msgs/msg/detail/vehicle_attitude__struct.h\n'}
[1.191598] (px4_msgs) StdoutLine: {'line': b'-- Up-to-date: /home/harsh/ros2_project/install/px4_msgs/include/px4_msgs/px4_msgs/msg/detail/vehicle_angular_acceleration_setpoint__functions.c\n'}
[1.191631] (px4_msgs) StdoutLine: {'line': b'-- Up-to-date: /home/harsh/ros2_project/install/px4_msgs/include/px4_msgs/px4_msgs/msg/detail/vehicle_angular_velocity__description.c\n'}
[1.191664] (px4_msgs) StdoutLine: {'line': b'-- Installing: /home/harsh/ros2_project/install/px4_msgs/include/px4_msgs/px4_msgs/msg/detail/npfg_status__type_support.c\n'}
[1.191697] (px4_msgs) StdoutLine: {'line': b'-- Installing: /home/harsh/ros2_project/install/px4_msgs/include/px4_msgs/px4_msgs/msg/detail/vehicle_status__type_support.c\n'}
[1.191729] (px4_msgs) StdoutLine: {'line': b'-- Up-to-date: /home/harsh/ros2_project/install/px4_msgs/include/px4_msgs/px4_msgs/msg/detail/debug_value__functions.c\n'}
[1.191762] (px4_msgs) StdoutLine: {'line': b'-- Up-to-date: /home/harsh/ros2_project/install/px4_msgs/include/px4_msgs/px4_msgs/msg/detail/qshell_req__struct.h\n'}
[1.191798] (px4_msgs) StdoutLine: {'line': b'-- Up-to-date: /home/harsh/ros2_project/install/px4_msgs/include/px4_msgs/px4_msgs/msg/detail/rpm__functions.h\n'}
[1.191833] (px4_msgs) StdoutLine: {'line': b'-- Up-to-date: /home/harsh/ros2_project/install/px4_msgs/include/px4_msgs/px4_msgs/msg/detail/vehicle_trajectory_bezier__functions.h\n'}
[1.191869] (px4_msgs) StdoutLine: {'line': b'-- Up-to-date: /home/harsh/ros2_project/install/px4_msgs/include/px4_msgs/px4_msgs/msg/detail/control_allocator_status__description.c\n'}
[1.191905] (px4_msgs) StdoutLine: {'line': b'-- Installing: /home/harsh/ros2_project/install/px4_msgs/include/px4_msgs/px4_msgs/msg/detail/parameter_set_used_request__type_support.c\n'}
[1.191942] (px4_msgs) StdoutLine: {'line': b'-- Installing: /home/harsh/ros2_project/install/px4_msgs/include/px4_msgs/px4_msgs/msg/detail/takeoff_status__type_support.c\n'}
[1.191979] (px4_msgs) StdoutLine: {'line': b'-- Up-to-date: /home/harsh/ros2_project/install/px4_msgs/include/px4_msgs/px4_msgs/msg/detail/estimator_aid_source1d__functions.c\n'}
[1.192015] (px4_msgs) StdoutLine: {'line': b'-- Up-to-date: /home/harsh/ros2_project/install/px4_msgs/include/px4_msgs/px4_msgs/msg/detail/register_ext_component_request__functions.c\n'}
[1.192052] (px4_msgs) StdoutLine: {'line': b'-- Installing: /home/harsh/ros2_project/install/px4_msgs/include/px4_msgs/px4_msgs/msg/detail/vehicle_torque_setpoint__type_support.c\n'}
[1.192091] (px4_msgs) StdoutLine: {'line': b'-- Up-to-date: /home/harsh/ros2_project/install/px4_msgs/include/px4_msgs/px4_msgs/msg/detail/vehicle_angular_acceleration_setpoint__functions.h\n'}
[1.192129] (px4_msgs) StdoutLine: {'line': b'-- Up-to-date: /home/harsh/ros2_project/install/px4_msgs/include/px4_msgs/px4_msgs/msg/detail/tecs_status__struct.h\n'}
[1.192167] (px4_msgs) StdoutLine: {'line': b'-- Up-to-date: /home/harsh/ros2_project/install/px4_msgs/include/px4_msgs/px4_msgs/msg/detail/vehicle_magnetometer__description.c\n'}
[1.192206] (px4_msgs) StdoutLine: {'line': b'-- Up-to-date: /home/harsh/ros2_project/install/px4_msgs/include/px4_msgs/px4_msgs/msg/detail/system_power__functions.c\n'}
[1.192244] (px4_msgs) StdoutLine: {'line': b'-- Up-to-date: /home/harsh/ros2_project/install/px4_msgs/include/px4_msgs/px4_msgs/msg/detail/wind__type_support.h\n'}
[1.192282] (px4_msgs) StdoutLine: {'line': b'-- Up-to-date: /home/harsh/ros2_project/install/px4_msgs/include/px4_msgs/px4_msgs/msg/detail/estimator_gps_status__functions.c\n'}
[1.192324] (px4_msgs) StdoutLine: {'line': b'-- Up-to-date: /home/harsh/ros2_project/install/px4_msgs/include/px4_msgs/px4_msgs/msg/detail/sensor_mag__functions.h\n'}
[1.192366] (px4_msgs) StdoutLine: {'line': b'-- Up-to-date: /home/harsh/ros2_project/install/px4_msgs/include/px4_msgs/px4_msgs/msg/detail/radio_status__functions.c\n'}
[1.192403] (px4_msgs) StdoutLine: {'line': b'-- Up-to-date: /home/harsh/ros2_project/install/px4_msgs/include/px4_msgs/px4_msgs/msg/detail/vehicle_imu_status__functions.c\n'}
[1.192440] (px4_msgs) StdoutLine: {'line': b'-- Up-to-date: /home/harsh/ros2_project/install/px4_msgs/include/px4_msgs/px4_msgs/msg/detail/system_power__description.c\n'}
[1.192477] (px4_msgs) StdoutLine: {'line': b'-- Installing: /home/harsh/ros2_project/install/px4_msgs/include/px4_msgs/px4_msgs/msg/detail/register_ext_component_request__type_support.c\n'}
[1.192515] (px4_msgs) StdoutLine: {'line': b'-- Installing: /home/harsh/ros2_project/install/px4_msgs/include/px4_msgs/px4_msgs/msg/detail/rc_parameter_map__type_support.c\n'}
[1.192553] (px4_msgs) StdoutLine: {'line': b'-- Up-to-date: /home/harsh/ros2_project/install/px4_msgs/include/px4_msgs/px4_msgs/msg/detail/parameter_set_value_response__struct.h\n'}
[1.192621] (px4_msgs) StdoutLine: {'line': b'-- Up-to-date: /home/harsh/ros2_project/install/px4_msgs/include/px4_msgs/px4_msgs/msg/detail/orbit_status__struct.h\n'}
[1.192669] (px4_msgs) StdoutLine: {'line': b'-- Up-to-date: /home/harsh/ros2_project/install/px4_msgs/include/px4_msgs/px4_msgs/msg/detail/power_button_state__description.c\n'}
[1.192710] (px4_msgs) StdoutLine: {'line': b'-- Installing: /home/harsh/ros2_project/install/px4_msgs/include/px4_msgs/px4_msgs/msg/detail/orb_test_large__type_support.c\n'}
[1.192750] (px4_msgs) StdoutLine: {'line': b'-- Up-to-date: /home/harsh/ros2_project/install/px4_msgs/include/px4_msgs/px4_msgs/msg/detail/register_ext_component_reply__functions.c\n'}
[1.192789] (px4_msgs) StdoutLine: {'line': b'-- Up-to-date: /home/harsh/ros2_project/install/px4_msgs/include/px4_msgs/px4_msgs/msg/detail/tiltrotor_extra_controls__type_support.h\n'}
[1.192829] (px4_msgs) StdoutLine: {'line': b'-- Up-to-date: /home/harsh/ros2_project/install/px4_msgs/include/px4_msgs/px4_msgs/msg/detail/rc_parameter_map__functions.c\n'}
[1.192871] (px4_msgs) StdoutLine: {'line': b'-- Up-to-date: /home/harsh/ros2_project/install/px4_msgs/include/px4_msgs/px4_msgs/msg/detail/estimator_aid_source3d__description.c\n'}
[1.192910] (px4_msgs) StdoutLine: {'line': b'-- Up-to-date: /home/harsh/ros2_project/install/px4_msgs/include/px4_msgs/px4_msgs/msg/detail/mission_result__struct.h\n'}
[1.192950] (px4_msgs) StdoutLine: {'line': b'-- Up-to-date: /home/harsh/ros2_project/install/px4_msgs/include/px4_msgs/px4_msgs/msg/detail/vehicle_angular_velocity__functions.h\n'}
[1.192989] (px4_msgs) StdoutLine: {'line': b'-- Up-to-date: /home/harsh/ros2_project/install/px4_msgs/include/px4_msgs/px4_msgs/msg/detail/navigator_mission_item__functions.h\n'}
[1.193031] (px4_msgs) StdoutLine: {'line': b'-- Up-to-date: /home/harsh/ros2_project/install/px4_msgs/include/px4_msgs/px4_msgs/msg/detail/mission__struct.h\n'}
[1.193074] (px4_msgs) StdoutLine: {'line': b'-- Installing: /home/harsh/ros2_project/install/px4_msgs/include/px4_msgs/px4_msgs/msg/detail/position_controller_status__type_support.c\n'}
[1.193117] (px4_msgs) StdoutLine: {'line': b'-- Up-to-date: /home/harsh/ros2_project/install/px4_msgs/include/px4_msgs/px4_msgs/msg/detail/estimator_bias3d__functions.c\n'}
[1.193160] (px4_msgs) StdoutLine: {'line': b'-- Up-to-date: /home/harsh/ros2_project/install/px4_msgs/include/px4_msgs/px4_msgs/msg/detail/vehicle_trajectory_waypoint__type_support.h\n'}
[1.193200] (px4_msgs) StdoutLine: {'line': b'-- Installing: /home/harsh/ros2_project/install/px4_msgs/include/px4_msgs/px4_msgs/msg/detail/autotune_attitude_control_status__type_support.c\n'}
[1.193240] (px4_msgs) StdoutLine: {'line': b'-- Installing: /home/harsh/ros2_project/install/px4_msgs/include/px4_msgs/px4_msgs/msg/detail/estimator_aid_source3d__type_support.c\n'}
[1.193281] (px4_msgs) StdoutLine: {'line': b'-- Up-to-date: /home/harsh/ros2_project/install/px4_msgs/include/px4_msgs/px4_msgs/msg/detail/task_stack_info__functions.c\n'}
[1.193328] (px4_msgs) StdoutLine: {'line': b'-- Up-to-date: /home/harsh/ros2_project/install/px4_msgs/include/px4_msgs/px4_msgs/msg/detail/sensor_gyro_fft__struct.h\n'}
[1.193372] (px4_msgs) StdoutLine: {'line': b'-- Up-to-date: /home/harsh/ros2_project/install/px4_msgs/include/px4_msgs/px4_msgs/msg/detail/vehicle_roi__struct.h\n'}
[1.193413] (px4_msgs) StdoutLine: {'line': b'-- Up-to-date: /home/harsh/ros2_project/install/px4_msgs/include/px4_msgs/px4_msgs/msg/detail/vehicle_local_position_setpoint__type_support.h\n'}
[1.193454] (px4_msgs) StdoutLine: {'line': b'-- Up-to-date: /home/harsh/ros2_project/install/px4_msgs/include/px4_msgs/px4_msgs/msg/detail/register_ext_component_request__description.c\n'}
[1.193496] (px4_msgs) StdoutLine: {'line': b'-- Up-to-date: /home/harsh/ros2_project/install/px4_msgs/include/px4_msgs/px4_msgs/msg/detail/takeoff_status__struct.h\n'}
[1.193537] (px4_msgs) StdoutLine: {'line': b'-- Up-to-date: /home/harsh/ros2_project/install/px4_msgs/include/px4_msgs/px4_msgs/msg/detail/vehicle_local_position__type_support.h\n'}
[1.193577] (px4_msgs) StdoutLine: {'line': b'-- Up-to-date: /home/harsh/ros2_project/install/px4_msgs/include/px4_msgs/px4_msgs/msg/detail/distance_sensor__type_support.h\n'}
[1.193617] (px4_msgs) StdoutLine: {'line': b'-- Up-to-date: /home/harsh/ros2_project/install/px4_msgs/include/px4_msgs/px4_msgs/msg/detail/orb_test_large__type_support.h\n'}
[1.193658] (px4_msgs) StdoutLine: {'line': b'-- Installing: /home/harsh/ros2_project/install/px4_msgs/include/px4_msgs/px4_msgs/msg/detail/collision_constraints__type_support.c\n'}
[1.193700] (px4_msgs) StdoutLine: {'line': b'-- Up-to-date: /home/harsh/ros2_project/install/px4_msgs/include/px4_msgs/px4_msgs/msg/detail/onboard_computer_status__struct.h\n'}
[1.193743] (px4_msgs) StdoutLine: {'line': b'-- Up-to-date: /home/harsh/ros2_project/install/px4_msgs/include/px4_msgs/px4_msgs/msg/detail/tecs_status__description.c\n'}
[1.193787] (px4_msgs) StdoutLine: {'line': b'-- Installing: /home/harsh/ros2_project/install/px4_msgs/include/px4_msgs/px4_msgs/msg/detail/gpio_request__type_support.c\n'}
[1.193829] (px4_msgs) StdoutLine: {'line': b'-- Up-to-date: /home/harsh/ros2_project/install/px4_msgs/include/px4_msgs/px4_msgs/msg/detail/normalized_unsigned_setpoint__functions.c\n'}
[1.193928] (px4_msgs) StdoutLine: {'line': b'-- Up-to-date: /home/harsh/ros2_project/install/px4_msgs/include/px4_msgs/px4_msgs/msg/detail/trajectory_bezier__type_support.h\n'}
[1.193974] (px4_msgs) StdoutLine: {'line': b'-- Up-to-date: /home/harsh/ros2_project/install/px4_msgs/include/px4_msgs/px4_msgs/msg/detail/arming_check_reply__functions.h\n'}
[1.194019] (px4_msgs) StdoutLine: {'line': b'-- Up-to-date: /home/harsh/ros2_project/install/px4_msgs/include/px4_msgs/px4_msgs/msg/detail/distance_sensor__functions.h\n'}
[1.194068] (px4_msgs) StdoutLine: {'line': b'-- Up-to-date: /home/harsh/ros2_project/install/px4_msgs/include/px4_msgs/px4_msgs/msg/detail/gimbal_manager_information__struct.h\n'}
[1.194115] (px4_msgs) StdoutLine: {'line': b'-- Installing: /home/harsh/ros2_project/install/px4_msgs/include/px4_msgs/px4_msgs/msg/detail/onboard_computer_status__type_support.c\n'}
[1.194158] (px4_msgs) StdoutLine: {'line': b'-- Up-to-date: /home/harsh/ros2_project/install/px4_msgs/include/px4_msgs/px4_msgs/msg/detail/npfg_status__struct.h\n'}
[1.194201] (px4_msgs) StdoutLine: {'line': b'-- Up-to-date: /home/harsh/ros2_project/install/px4_msgs/include/px4_msgs/px4_msgs/msg/detail/vtol_vehicle_status__struct.h\n'}
[1.194242] (px4_msgs) StdoutLine: {'line': b'-- Up-to-date: /home/harsh/ros2_project/install/px4_msgs/include/px4_msgs/px4_msgs/msg/detail/vehicle_rates_setpoint__struct.h\n'}
[1.194284] (px4_msgs) StdoutLine: {'line': b'-- Up-to-date: /home/harsh/ros2_project/install/px4_msgs/include/px4_msgs/px4_msgs/msg/detail/actuator_outputs__functions.c\n'}
[1.194334] (px4_msgs) StdoutLine: {'line': b'-- Installing: /home/harsh/ros2_project/install/px4_msgs/include/px4_msgs/px4_msgs/msg/detail/estimator_sensor_bias__type_support.c\n'}
[1.194381] (px4_msgs) StdoutLine: {'line': b'-- Up-to-date: /home/harsh/ros2_project/install/px4_msgs/include/px4_msgs/px4_msgs/msg/detail/gimbal_manager_set_manual_control__functions.h\n'}
[1.194424] (px4_msgs) StdoutLine: {'line': b'-- Up-to-date: /home/harsh/ros2_project/install/px4_msgs/include/px4_msgs/px4_msgs/msg/detail/vehicle_command_ack__struct.h\n'}
[1.194467] (px4_msgs) StdoutLine: {'line': b'-- Up-to-date: /home/harsh/ros2_project/install/px4_msgs/include/px4_msgs/px4_msgs/msg/detail/estimator_status__type_support.h\n'}
[1.194512] (px4_msgs) StdoutLine: {'line': b'-- Installing: /home/harsh/ros2_project/install/px4_msgs/include/px4_msgs/px4_msgs/msg/detail/debug_vect__type_support.c\n'}
[1.194557] (px4_msgs) StdoutLine: {'line': b'-- Installing: /home/harsh/ros2_project/install/px4_msgs/include/px4_msgs/px4_msgs/msg/detail/action_request__type_support.c\n'}
[1.194601] (px4_msgs) StdoutLine: {'line': b'-- Up-to-date: /home/harsh/ros2_project/install/px4_msgs/include/px4_msgs/px4_msgs/msg/detail/airspeed_wind__struct.h\n'}
[1.194645] (px4_msgs) StdoutLine: {'line': b'-- Up-to-date: /home/harsh/ros2_project/install/px4_msgs/include/px4_msgs/px4_msgs/msg/detail/sensor_airflow__functions.h\n'}
[1.194690] (px4_msgs) StdoutLine: {'line': b'-- Up-to-date: /home/harsh/ros2_project/install/px4_msgs/include/px4_msgs/px4_msgs/msg/detail/log_message__description.c\n'}
[1.194735] (px4_msgs) StdoutLine: {'line': b'-- Up-to-date: /home/harsh/ros2_project/install/px4_msgs/include/px4_msgs/px4_msgs/msg/detail/arming_check_request__struct.h\n'}
[1.194778] (px4_msgs) StdoutLine: {'line': b'-- Up-to-date: /home/harsh/ros2_project/install/px4_msgs/include/px4_msgs/px4_msgs/msg/detail/mode_completed__struct.h\n'}
[1.194821] (px4_msgs) StdoutLine: {'line': b'-- Up-to-date: /home/harsh/ros2_project/install/px4_msgs/include/px4_msgs/px4_msgs/msg/detail/actuator_outputs__functions.h\n'}
[1.194865] (px4_msgs) StdoutLine: {'line': b'-- Installing: /home/harsh/ros2_project/install/px4_msgs/include/px4_msgs/px4_msgs/msg/detail/estimator_bias__type_support.c\n'}
[1.194911] (px4_msgs) StdoutLine: {'line': b'-- Up-to-date: /home/harsh/ros2_project/install/px4_msgs/include/px4_msgs/px4_msgs/msg/detail/vehicle_trajectory_waypoint__struct.h\n'}
[1.194955] (px4_msgs) StdoutLine: {'line': b'-- Up-to-date: /home/harsh/ros2_project/install/px4_msgs/include/px4_msgs/px4_msgs/msg/detail/uavcan_parameter_request__type_support.h\n'}
[1.195005] (px4_msgs) StdoutLine: {'line': b'-- Up-to-date: /home/harsh/ros2_project/install/px4_msgs/include/px4_msgs/px4_msgs/msg/detail/estimator_aid_source3d__struct.h\n'}
[1.195050] (px4_msgs) StdoutLine: {'line': b'-- Up-to-date: /home/harsh/ros2_project/install/px4_msgs/include/px4_msgs/px4_msgs/msg/detail/vehicle_local_position__description.c\n'}
[1.195095] (px4_msgs) StdoutLine: {'line': b'-- Up-to-date: /home/harsh/ros2_project/install/px4_msgs/include/px4_msgs/px4_msgs/msg/detail/vehicle_control_mode__type_support.h\n'}
[1.195199] (px4_msgs) StdoutLine: {'line': b'-- Installing: /home/harsh/ros2_project/install/px4_msgs/include/px4_msgs/px4_msgs/msg/detail/sensor_gnss_relative__type_support.c\n'}
[1.195246] (px4_msgs) StdoutLine: {'line': b'-- Up-to-date: /home/harsh/ros2_project/install/px4_msgs/include/px4_msgs/px4_msgs/msg/detail/airspeed_validated__type_support.h\n'}
[1.195292] (px4_msgs) StdoutLine: {'line': b'-- Up-to-date: /home/harsh/ros2_project/install/px4_msgs/include/px4_msgs/px4_msgs/msg/detail/landing_target_pose__type_support.h\n'}
[1.195350] (px4_msgs) StdoutLine: {'line': b'-- Up-to-date: /home/harsh/ros2_project/install/px4_msgs/include/px4_msgs/px4_msgs/msg/detail/actuator_controls_status__struct.h\n'}
[1.195400] (px4_msgs) StdoutLine: {'line': b'-- Up-to-date: /home/harsh/ros2_project/install/px4_msgs/include/px4_msgs/px4_msgs/msg/detail/button_event__functions.c\n'}
[1.195449] (px4_msgs) StdoutLine: {'line': b'-- Up-to-date: /home/harsh/ros2_project/install/px4_msgs/include/px4_msgs/px4_msgs/msg/detail/action_request__struct.h\n'}
[1.195497] (px4_msgs) StdoutLine: {'line': b'-- Up-to-date: /home/harsh/ros2_project/install/px4_msgs/include/px4_msgs/px4_msgs/msg/detail/gimbal_device_set_attitude__functions.h\n'}
[1.195543] (px4_msgs) StdoutLine: {'line': b'-- Installing: /home/harsh/ros2_project/install/px4_msgs/include/px4_msgs/px4_msgs/msg/detail/parameter_set_value_response__type_support.c\n'}
[1.195594] (px4_msgs) StdoutLine: {'line': b'-- Up-to-date: /home/harsh/ros2_project/install/px4_msgs/include/px4_msgs/px4_msgs/msg/detail/collision_report__type_support.h\n'}
[1.195642] (px4_msgs) StdoutLine: {'line': b'-- Up-to-date: /home/harsh/ros2_project/install/px4_msgs/include/px4_msgs/px4_msgs/msg/detail/camera_status__type_support.h\n'}
[1.195690] (px4_msgs) StdoutLine: {'line': b'-- Up-to-date: /home/harsh/ros2_project/install/px4_msgs/include/px4_msgs/px4_msgs/msg/detail/control_allocator_status__type_support.h\n'}
[1.195740] (px4_msgs) StdoutLine: {'line': b'-- Up-to-date: /home/harsh/ros2_project/install/px4_msgs/include/px4_msgs/px4_msgs/msg/detail/irlock_report__description.c\n'}
[1.195789] (px4_msgs) StdoutLine: {'line': b'-- Up-to-date: /home/harsh/ros2_project/install/px4_msgs/include/px4_msgs/px4_msgs/msg/detail/home_position__struct.h\n'}
[1.195837] (px4_msgs) StdoutLine: {'line': b'-- Up-to-date: /home/harsh/ros2_project/install/px4_msgs/include/px4_msgs/px4_msgs/msg/detail/ekf2_timestamps__functions.h\n'}
[1.195888] (px4_msgs) StdoutLine: {'line': b'-- Up-to-date: /home/harsh/ros2_project/install/px4_msgs/include/px4_msgs/px4_msgs/msg/detail/position_controller_status__type_support.h\n'}
[1.195939] (px4_msgs) StdoutLine: {'line': b'-- Up-to-date: /home/harsh/ros2_project/install/px4_msgs/include/px4_msgs/px4_msgs/msg/detail/ping__functions.c\n'}
[1.195990] (px4_msgs) StdoutLine: {'line': b'-- Up-to-date: /home/harsh/ros2_project/install/px4_msgs/include/px4_msgs/px4_msgs/msg/detail/estimator_aid_source1d__type_support.h\n'}
[1.196043] (px4_msgs) StdoutLine: {'line': b'-- Up-to-date: /home/harsh/ros2_project/install/px4_msgs/include/px4_msgs/px4_msgs/msg/detail/estimator_selector_status__description.c\n'}
[1.196096] (px4_msgs) StdoutLine: {'line': b'-- Up-to-date: /home/harsh/ros2_project/install/px4_msgs/include/px4_msgs/px4_msgs/msg/detail/dataman_response__functions.h\n'}
[1.196147] (px4_msgs) StdoutLine: {'line': b'-- Up-to-date: /home/harsh/ros2_project/install/px4_msgs/include/px4_msgs/px4_msgs/msg/detail/estimator_aid_source3d__functions.h\n'}
[1.196196] (px4_msgs) StdoutLine: {'line': b'-- Installing: /home/harsh/ros2_project/install/px4_msgs/include/px4_msgs/px4_msgs/msg/detail/sensor_baro__type_support.c\n'}
[1.196246] (px4_msgs) StdoutLine: {'line': b'-- Up-to-date: /home/harsh/ros2_project/install/px4_msgs/include/px4_msgs/px4_msgs/msg/detail/wind__functions.c\n'}
[1.196294] (px4_msgs) StdoutLine: {'line': b'-- Installing: /home/harsh/ros2_project/install/px4_msgs/include/px4_msgs/px4_msgs/msg/detail/internal_combustion_engine_status__type_support.c\n'}
[1.196715] (px4_msgs) StdoutLine: {'line': b'-- Up-to-date: /home/harsh/ros2_project/install/px4_msgs/include/px4_msgs/px4_msgs/msg/detail/actuator_armed__struct.h\n'}
[1.196854] (px4_msgs) StdoutLine: {'line': b'-- Up-to-date: /home/harsh/ros2_project/install/px4_msgs/include/px4_msgs/px4_msgs/msg/detail/radio_status__functions.h\n'}
[1.196931] (px4_msgs) StdoutLine: {'line': b'-- Installing: /home/harsh/ros2_project/install/px4_msgs/include/px4_msgs/px4_msgs/msg/detail/rc_channels__type_support.c\n'}
[1.197005] (px4_msgs) StdoutLine: {'line': b'-- Up-to-date: /home/harsh/ros2_project/install/px4_msgs/include/px4_msgs/px4_msgs/msg/detail/cellular_status__type_support.h\n'}
[1.197078] (px4_msgs) StdoutLine: {'line': b'-- Up-to-date: /home/harsh/ros2_project/install/px4_msgs/include/px4_msgs/px4_msgs/msg/detail/collision_constraints__struct.h\n'}
[1.197150] (px4_msgs) StdoutLine: {'line': b'-- Up-to-date: /home/harsh/ros2_project/install/px4_msgs/include/px4_msgs/px4_msgs/msg/detail/figure_eight_status__struct.h\n'}
[1.197220] (px4_msgs) StdoutLine: {'line': b'-- Up-to-date: /home/harsh/ros2_project/install/px4_msgs/include/px4_msgs/px4_msgs/msg/detail/collision_constraints__functions.c\n'}
[1.197290] (px4_msgs) StdoutLine: {'line': b'-- Up-to-date: /home/harsh/ros2_project/install/px4_msgs/include/px4_msgs/px4_msgs/msg/detail/qshell_retval__type_support.h\n'}
[1.197398] (px4_msgs) StdoutLine: {'line': b'-- Up-to-date: /home/harsh/ros2_project/install/px4_msgs/include/px4_msgs/px4_msgs/msg/detail/vehicle_local_position_setpoint__functions.c\n'}
[1.197464] (px4_msgs) StdoutLine: {'line': b'-- Up-to-date: /home/harsh/ros2_project/install/px4_msgs/include/px4_msgs/px4_msgs/msg/detail/estimator_status_flags__description.c\n'}
[1.197542] (px4_msgs) StdoutLine: {'line': b'-- Up-to-date: /home/harsh/ros2_project/install/px4_msgs/include/px4_msgs/px4_msgs/msg/detail/debug_vect__functions.h\n'}
[1.197605] (px4_msgs) StdoutLine: {'line': b'-- Up-to-date: /home/harsh/ros2_project/install/px4_msgs/include/px4_msgs/px4_msgs/msg/detail/camera_status__functions.h\n'}
[1.197667] (px4_msgs) StdoutLine: {'line': b'-- Up-to-date: /home/harsh/ros2_project/install/px4_msgs/include/px4_msgs/px4_msgs/msg/detail/gimbal_manager_status__description.c\n'}
[1.197728] (px4_msgs) StdoutLine: {'line': b'-- Up-to-date: /home/harsh/ros2_project/install/px4_msgs/include/px4_msgs/px4_msgs/msg/detail/control_allocator_status__functions.h\n'}
[1.197790] (px4_msgs) StdoutLine: {'line': b'-- Up-to-date: /home/harsh/ros2_project/install/px4_msgs/include/px4_msgs/px4_msgs/msg/detail/vehicle_angular_velocity__type_support.h\n'}
[1.197854] (px4_msgs) StdoutLine: {'line': b'-- Up-to-date: /home/harsh/ros2_project/install/px4_msgs/include/px4_msgs/px4_msgs/msg/detail/iridiumsbd_status__functions.h\n'}
[1.197917] (px4_msgs) StdoutLine: {'line': b'-- Up-to-date: /home/harsh/ros2_project/install/px4_msgs/include/px4_msgs/px4_msgs/msg/detail/follow_target_status__functions.c\n'}
[1.197988] (px4_msgs) StdoutLine: {'line': b'-- Up-to-date: /home/harsh/ros2_project/install/px4_msgs/include/px4_msgs/px4_msgs/msg/detail/mission__functions.c\n'}
[1.198054] (px4_msgs) StdoutLine: {'line': b'-- Up-to-date: /home/harsh/ros2_project/install/px4_msgs/include/px4_msgs/px4_msgs/msg/detail/mount_orientation__functions.h\n'}
[1.198121] (px4_msgs) StdoutLine: {'line': b'-- Up-to-date: /home/harsh/ros2_project/install/px4_msgs/include/px4_msgs/px4_msgs/msg/detail/camera_status__struct.h\n'}
[1.198187] (px4_msgs) StdoutLine: {'line': b'-- Up-to-date: /home/harsh/ros2_project/install/px4_msgs/include/px4_msgs/px4_msgs/msg/detail/internal_combustion_engine_status__functions.h\n'}
[1.198254] (px4_msgs) StdoutLine: {'line': b'-- Up-to-date: /home/harsh/ros2_project/install/px4_msgs/include/px4_msgs/px4_msgs/msg/detail/debug_key_value__functions.h\n'}
[1.198324] (px4_msgs) StdoutLine: {'line': b'-- Up-to-date: /home/harsh/ros2_project/install/px4_msgs/include/px4_msgs/px4_msgs/msg/detail/rc_parameter_map__description.c\n'}
[1.198421] (px4_msgs) StdoutLine: {'line': b'-- Up-to-date: /home/harsh/ros2_project/install/px4_msgs/include/px4_msgs/px4_msgs/msg/detail/power_monitor__type_support.h\n'}
[1.198495] (px4_msgs) StdoutLine: {'line': b'-- Up-to-date: /home/harsh/ros2_project/install/px4_msgs/include/px4_msgs/px4_msgs/msg/detail/sensor_optical_flow__struct.h\n'}
[1.198562] (px4_msgs) StdoutLine: {'line': b'-- Up-to-date: /home/harsh/ros2_project/install/px4_msgs/include/px4_msgs/px4_msgs/msg/detail/debug_array__struct.h\n'}
[1.198628] (px4_msgs) StdoutLine: {'line': b'-- Up-to-date: /home/harsh/ros2_project/install/px4_msgs/include/px4_msgs/px4_msgs/msg/detail/button_event__functions.h\n'}
[1.198705] (px4_msgs) StdoutLine: {'line': b'-- Up-to-date: /home/harsh/ros2_project/install/px4_msgs/include/px4_msgs/px4_msgs/msg/detail/sensor_selection__type_support.h\n'}
[1.198781] (px4_msgs) StdoutLine: {'line': b'-- Up-to-date: /home/harsh/ros2_project/install/px4_msgs/include/px4_msgs/px4_msgs/msg/detail/ulog_stream_ack__type_support.h\n'}
[1.198862] (px4_msgs) StdoutLine: {'line': b'-- Up-to-date: /home/harsh/ros2_project/install/px4_msgs/include/px4_msgs/px4_msgs/msg/detail/sensor_preflight_mag__functions.c\n'}
[1.198943] (px4_msgs) StdoutLine: {'line': b'-- Up-to-date: /home/harsh/ros2_project/install/px4_msgs/include/px4_msgs/px4_msgs/msg/detail/vehicle_rates_setpoint__type_support.h\n'}
[1.199017] (px4_msgs) StdoutLine: {'line': b'-- Up-to-date: /home/harsh/ros2_project/install/px4_msgs/include/px4_msgs/px4_msgs/msg/detail/input_rc__type_support.h\n'}
[1.199083] (px4_msgs) StdoutLine: {'line': b'-- Up-to-date: /home/harsh/ros2_project/install/px4_msgs/include/px4_msgs/px4_msgs/msg/detail/cellular_status__functions.c\n'}
[1.199153] (px4_msgs) StdoutLine: {'line': b'-- Up-to-date: /home/harsh/ros2_project/install/px4_msgs/include/px4_msgs/px4_msgs/msg/detail/vehicle_imu_status__type_support.h\n'}
[1.199236] (px4_msgs) StdoutLine: {'line': b'-- Up-to-date: /home/harsh/ros2_project/install/px4_msgs/include/px4_msgs/px4_msgs/msg/detail/orb_test_large__description.c\n'}
[1.199328] (px4_msgs) StdoutLine: {'line': b'-- Up-to-date: /home/harsh/ros2_project/install/px4_msgs/include/px4_msgs/px4_msgs/msg/detail/parameter_set_value_request__functions.h\n'}
[1.199477] (px4_msgs) StdoutLine: {'line': b'-- Up-to-date: /home/harsh/ros2_project/install/px4_msgs/include/px4_msgs/px4_msgs/msg/detail/manual_control_switches__description.c\n'}
[1.199609] (px4_msgs) StdoutLine: {'line': b'-- Up-to-date: /home/harsh/ros2_project/install/px4_msgs/include/px4_msgs/px4_msgs/msg/detail/camera_trigger__functions.h\n'}
[1.199699] (px4_msgs) StdoutLine: {'line': b'-- Up-to-date: /home/harsh/ros2_project/install/px4_msgs/include/px4_msgs/px4_msgs/msg/detail/follow_target_estimator__struct.h\n'}
[1.199774] (px4_msgs) StdoutLine: {'line': b'-- Up-to-date: /home/harsh/ros2_project/install/px4_msgs/include/px4_msgs/px4_msgs/msg/detail/mode_completed__functions.c\n'}
[1.199863] (px4_msgs) StdoutLine: {'line': b'-- Up-to-date: /home/harsh/ros2_project/install/px4_msgs/include/px4_msgs/px4_msgs/msg/detail/vehicle_local_position_setpoint__description.c\n'}
[1.199944] (px4_msgs) StdoutLine: {'line': b'-- Up-to-date: /home/harsh/ros2_project/install/px4_msgs/include/px4_msgs/px4_msgs/msg/detail/radio_status__description.c\n'}
[1.200026] (px4_msgs) StdoutLine: {'line': b'-- Installing: /home/harsh/ros2_project/install/px4_msgs/include/px4_msgs/px4_msgs/msg/detail/differential_drive_setpoint__type_support.c\n'}
[1.200105] (px4_msgs) StdoutLine: {'line': b'-- Up-to-date: /home/harsh/ros2_project/install/px4_msgs/include/px4_msgs/px4_msgs/msg/detail/vehicle_thrust_setpoint__type_support.h\n'}
[1.200180] (px4_msgs) StdoutLine: {'line': b'-- Up-to-date: /home/harsh/ros2_project/install/px4_msgs/include/px4_msgs/px4_msgs/msg/detail/satellite_info__description.c\n'}
[1.200307] (px4_msgs) StdoutLine: {'line': b'-- Up-to-date: /home/harsh/ros2_project/install/px4_msgs/include/px4_msgs/px4_msgs/msg/detail/estimator_states__functions.h\n'}
[1.200421] (px4_msgs) StdoutLine: {'line': b'-- Up-to-date: /home/harsh/ros2_project/install/px4_msgs/include/px4_msgs/px4_msgs/msg/detail/sensor_gyro_fifo__struct.h\n'}
[1.200503] (px4_msgs) StdoutLine: {'line': b'-- Up-to-date: /home/harsh/ros2_project/install/px4_msgs/include/px4_msgs/px4_msgs/msg/detail/uavcan_parameter_request__functions.c\n'}
[1.200579] (px4_msgs) StdoutLine: {'line': b'-- Up-to-date: /home/harsh/ros2_project/install/px4_msgs/include/px4_msgs/px4_msgs/msg/detail/sensor_airflow__description.c\n'}
[1.200650] (px4_msgs) StdoutLine: {'line': b'-- Installing: /home/harsh/ros2_project/install/px4_msgs/include/px4_msgs/px4_msgs/msg/detail/transponder_report__type_support.c\n'}
[1.200758] (px4_msgs) StdoutLine: {'line': b'-- Up-to-date: /home/harsh/ros2_project/install/px4_msgs/include/px4_msgs/px4_msgs/msg/detail/flight_phase_estimation__functions.c\n'}
[1.200823] (px4_msgs) StdoutLine: {'line': b'-- Up-to-date: /home/harsh/ros2_project/install/px4_msgs/include/px4_msgs/px4_msgs/msg/detail/wheel_encoders__description.c\n'}
[1.200890] (px4_msgs) StdoutLine: {'line': b'-- Up-to-date: /home/harsh/ros2_project/install/px4_msgs/include/px4_msgs/px4_msgs/msg/detail/parameter_update__description.c\n'}
[1.200958] (px4_msgs) StdoutLine: {'line': b'-- Up-to-date: /home/harsh/ros2_project/install/px4_msgs/include/px4_msgs/px4_msgs/msg/detail/arming_check_request__type_support.h\n'}
[1.201030] (px4_msgs) StdoutLine: {'line': b'-- Up-to-date: /home/harsh/ros2_project/install/px4_msgs/include/px4_msgs/px4_msgs/msg/detail/tecs_status__functions.h\n'}
[1.201102] (px4_msgs) StdoutLine: {'line': b'-- Up-to-date: /home/harsh/ros2_project/install/px4_msgs/include/px4_msgs/px4_msgs/msg/detail/position_setpoint_triplet__functions.c\n'}
[1.201174] (px4_msgs) StdoutLine: {'line': b'-- Up-to-date: /home/harsh/ros2_project/install/px4_msgs/include/px4_msgs/px4_msgs/msg/detail/differential_pressure__description.c\n'}
[1.201242] (px4_msgs) StdoutLine: {'line': b'-- Up-to-date: /home/harsh/ros2_project/install/px4_msgs/include/px4_msgs/px4_msgs/msg/detail/vehicle_local_position__struct.h\n'}
[1.201311] (px4_msgs) StdoutLine: {'line': b'-- Up-to-date: /home/harsh/ros2_project/install/px4_msgs/include/px4_msgs/px4_msgs/msg/detail/sensor_baro__functions.h\n'}
[1.201415] (px4_msgs) StdoutLine: {'line': b'-- Up-to-date: /home/harsh/ros2_project/install/px4_msgs/include/px4_msgs/px4_msgs/msg/detail/log_message__struct.h\n'}
[1.201489] (px4_msgs) StdoutLine: {'line': b'-- Up-to-date: /home/harsh/ros2_project/install/px4_msgs/include/px4_msgs/px4_msgs/msg/detail/debug_vect__struct.h\n'}
[1.201558] (px4_msgs) StdoutLine: {'line': b'-- Up-to-date: /home/harsh/ros2_project/install/px4_msgs/include/px4_msgs/px4_msgs/msg/detail/buffer128__functions.h\n'}
[1.201672] (px4_msgs) StdoutLine: {'line': b'-- Up-to-date: /home/harsh/ros2_project/install/px4_msgs/include/px4_msgs/px4_msgs/msg/detail/estimator_status_flags__type_support.h\n'}
[1.201751] (px4_msgs) StdoutLine: {'line': b'-- Up-to-date: /home/harsh/ros2_project/install/px4_msgs/include/px4_msgs/px4_msgs/msg/detail/gimbal_manager_information__type_support.h\n'}
[1.201826] (px4_msgs) StdoutLine: {'line': b'-- Up-to-date: /home/harsh/ros2_project/install/px4_msgs/include/px4_msgs/px4_msgs/msg/detail/vehicle_roi__description.c\n'}
[1.201902] (px4_msgs) StdoutLine: {'line': b'-- Up-to-date: /home/harsh/ros2_project/install/px4_msgs/include/px4_msgs/px4_msgs/msg/detail/timesync_status__description.c\n'}
[1.201977] (px4_msgs) StdoutLine: {'line': b'-- Up-to-date: /home/harsh/ros2_project/install/px4_msgs/include/px4_msgs/px4_msgs/msg/detail/sensor_optical_flow__functions.c\n'}
[1.202049] (px4_msgs) StdoutLine: {'line': b'-- Up-to-date: /home/harsh/ros2_project/install/px4_msgs/include/px4_msgs/px4_msgs/msg/detail/follow_target_status__description.c\n'}
[1.202123] (px4_msgs) StdoutLine: {'line': b'-- Up-to-date: /home/harsh/ros2_project/install/px4_msgs/include/px4_msgs/px4_msgs/msg/detail/radio_status__type_support.h\n'}
[1.202202] (px4_msgs) StdoutLine: {'line': b'-- Up-to-date: /home/harsh/ros2_project/install/px4_msgs/include/px4_msgs/px4_msgs/msg/detail/tecs_status__functions.c\n'}
[1.202386] (px4_msgs) StdoutLine: {'line': b'-- Up-to-date: /home/harsh/ros2_project/install/px4_msgs/include/px4_msgs/px4_msgs/msg/detail/gimbal_manager_status__struct.h\n'}
[1.202478] (px4_msgs) StdoutLine: {'line': b'-- Up-to-date: /home/harsh/ros2_project/install/px4_msgs/include/px4_msgs/px4_msgs/msg/detail/rtl_status__functions.c\n'}
[1.202546] (px4_msgs) StdoutLine: {'line': b'-- Up-to-date: /home/harsh/ros2_project/install/px4_msgs/include/px4_msgs/px4_msgs/msg/detail/flight_phase_estimation__type_support.h\n'}
[1.202619] (px4_msgs) StdoutLine: {'line': b'-- Up-to-date: /home/harsh/ros2_project/install/px4_msgs/include/px4_msgs/px4_msgs/msg/detail/vtol_vehicle_status__type_support.h\n'}
[1.202696] (px4_msgs) StdoutLine: {'line': b'-- Up-to-date: /home/harsh/ros2_project/install/px4_msgs/include/px4_msgs/px4_msgs/msg/detail/telemetry_status__functions.h\n'}
[1.202768] (px4_msgs) StdoutLine: {'line': b'-- Up-to-date: /home/harsh/ros2_project/install/px4_msgs/include/px4_msgs/px4_msgs/msg/detail/manual_control_setpoint__description.c\n'}
[1.202980] (px4_msgs) StdoutLine: {'line': b'-- Up-to-date: /home/harsh/ros2_project/install/px4_msgs/include/px4_msgs/px4_msgs/msg/detail/action_request__type_support.h\n'}
[1.203055] (px4_msgs) StdoutLine: {'line': b'-- Up-to-date: /home/harsh/ros2_project/install/px4_msgs/include/px4_msgs/px4_msgs/msg/detail/config_overrides__description.c\n'}
[1.203155] (-) TimerEvent: {}
[1.203351] (px4_msgs) StdoutLine: {'line': b'-- Up-to-date: /home/harsh/ros2_project/install/px4_msgs/include/px4_msgs/px4_msgs/msg/detail/figure_eight_status__functions.h\n'}
[1.203451] (px4_msgs) StdoutLine: {'line': b'-- Up-to-date: /home/harsh/ros2_project/install/px4_msgs/include/px4_msgs/px4_msgs/msg/detail/velocity_limits__functions.h\n'}
[1.203522] (px4_msgs) StdoutLine: {'line': b'-- Up-to-date: /home/harsh/ros2_project/install/px4_msgs/include/px4_msgs/px4_msgs/msg/detail/actuator_servos_trim__struct.h\n'}
[1.203591] (px4_msgs) StdoutLine: {'line': b'-- Up-to-date: /home/harsh/ros2_project/install/px4_msgs/include/px4_msgs/px4_msgs/msg/detail/sensor_gyro_fifo__functions.c\n'}
[1.203683] (px4_msgs) StdoutLine: {'line': b'-- Installing: /home/harsh/ros2_project/install/px4_msgs/include/px4_msgs/px4_msgs/msg/detail/landing_gear_wheel__type_support.c\n'}
[1.203747] (px4_msgs) StdoutLine: {'line': b'-- Up-to-date: /home/harsh/ros2_project/install/px4_msgs/include/px4_msgs/px4_msgs/msg/detail/gimbal_controls__struct.h\n'}
[1.203812] (px4_msgs) StdoutLine: {'line': b'-- Up-to-date: /home/harsh/ros2_project/install/px4_msgs/include/px4_msgs/px4_msgs/msg/detail/gps_inject_data__functions.h\n'}
[1.203876] (px4_msgs) StdoutLine: {'line': b'-- Up-to-date: /home/harsh/ros2_project/install/px4_msgs/include/px4_msgs/px4_msgs/msg/detail/position_controller_status__struct.h\n'}
[1.203940] (px4_msgs) StdoutLine: {'line': b'-- Installing: /home/harsh/ros2_project/install/px4_msgs/include/px4_msgs/px4_msgs/msg/detail/sensors_status__type_support.c\n'}
[1.204003] (px4_msgs) StdoutLine: {'line': b'-- Up-to-date: /home/harsh/ros2_project/install/px4_msgs/include/px4_msgs/px4_msgs/msg/detail/gpio_out__struct.h\n'}
[1.204067] (px4_msgs) StdoutLine: {'line': b'-- Up-to-date: /home/harsh/ros2_project/install/px4_msgs/include/px4_msgs/px4_msgs/msg/detail/config_overrides__functions.c\n'}
[1.204130] (px4_msgs) StdoutLine: {'line': b'-- Up-to-date: /home/harsh/ros2_project/install/px4_msgs/include/px4_msgs/px4_msgs/msg/detail/vehicle_imu_status__description.c\n'}
[1.204194] (px4_msgs) StdoutLine: {'line': b'-- Up-to-date: /home/harsh/ros2_project/install/px4_msgs/include/px4_msgs/px4_msgs/msg/detail/landing_target_pose__functions.c\n'}
[1.204257] (px4_msgs) StdoutLine: {'line': b'-- Up-to-date: /home/harsh/ros2_project/install/px4_msgs/include/px4_msgs/px4_msgs/msg/detail/sensor_accel_fifo__type_support.h\n'}
[1.204326] (px4_msgs) StdoutLine: {'line': b'-- Up-to-date: /home/harsh/ros2_project/install/px4_msgs/include/px4_msgs/px4_msgs/msg/detail/gimbal_manager_set_attitude__type_support.h\n'}
[1.204397] (px4_msgs) StdoutLine: {'line': b'-- Up-to-date: /home/harsh/ros2_project/install/px4_msgs/include/px4_msgs/px4_msgs/msg/detail/logger_status__functions.h\n'}
[1.204501] (px4_msgs) StdoutLine: {'line': b'-- Up-to-date: /home/harsh/ros2_project/install/px4_msgs/include/px4_msgs/px4_msgs/msg/detail/telemetry_status__struct.h\n'}
[1.204564] (px4_msgs) StdoutLine: {'line': b'-- Up-to-date: /home/harsh/ros2_project/install/px4_msgs/include/px4_msgs/px4_msgs/msg/detail/actuator_outputs__description.c\n'}
[1.204627] (px4_msgs) StdoutLine: {'line': b'-- Up-to-date: /home/harsh/ros2_project/install/px4_msgs/include/px4_msgs/px4_msgs/msg/detail/wheel_encoders__type_support.h\n'}
[1.204690] (px4_msgs) StdoutLine: {'line': b'-- Up-to-date: /home/harsh/ros2_project/install/px4_msgs/include/px4_msgs/px4_msgs/msg/detail/event__description.c\n'}
[1.204753] (px4_msgs) StdoutLine: {'line': b'-- Up-to-date: /home/harsh/ros2_project/install/px4_msgs/include/px4_msgs/px4_msgs/msg/detail/px4io_status__type_support.h\n'}
[1.204817] (px4_msgs) StdoutLine: {'line': b'-- Up-to-date: /home/harsh/ros2_project/install/px4_msgs/include/px4_msgs/px4_msgs/msg/detail/sensor_gyro__struct.h\n'}
[1.204880] (px4_msgs) StdoutLine: {'line': b'-- Up-to-date: /home/harsh/ros2_project/install/px4_msgs/include/px4_msgs/px4_msgs/msg/detail/geofence_result__struct.h\n'}
[1.204981] (px4_msgs) StdoutLine: {'line': b'-- Up-to-date: /home/harsh/ros2_project/install/px4_msgs/include/px4_msgs/px4_msgs/msg/detail/vehicle_rates_setpoint__functions.c\n'}
[1.205047] (px4_msgs) StdoutLine: {'line': b'-- Up-to-date: /home/harsh/ros2_project/install/px4_msgs/include/px4_msgs/px4_msgs/msg/detail/message_format_response__description.c\n'}
[1.205111] (px4_msgs) StdoutLine: {'line': b'-- Up-to-date: /home/harsh/ros2_project/install/px4_msgs/include/px4_msgs/px4_msgs/msg/detail/mavlink_log__description.c\n'}
[1.205174] (px4_msgs) StdoutLine: {'line': b'-- Installing: /home/harsh/ros2_project/install/px4_msgs/include/px4_msgs/px4_msgs/msg/detail/telemetry_status__type_support.c\n'}
[1.205238] (px4_msgs) StdoutLine: {'line': b'-- Up-to-date: /home/harsh/ros2_project/install/px4_msgs/include/px4_msgs/px4_msgs/msg/detail/estimator_aid_source1d__description.c\n'}
[1.205303] (px4_msgs) StdoutLine: {'line': b'-- Up-to-date: /home/harsh/ros2_project/install/px4_msgs/include/px4_msgs/px4_msgs/msg/detail/gpio_request__struct.h\n'}
[1.205375] (px4_msgs) StdoutLine: {'line': b'-- Up-to-date: /home/harsh/ros2_project/install/px4_msgs/include/px4_msgs/px4_msgs/msg/detail/mag_worker_data__functions.c\n'}
[1.205440] (px4_msgs) StdoutLine: {'line': b'-- Up-to-date: /home/harsh/ros2_project/install/px4_msgs/include/px4_msgs/px4_msgs/msg/detail/vehicle_torque_setpoint__functions.c\n'}
[1.205504] (px4_msgs) StdoutLine: {'line': b'-- Up-to-date: /home/harsh/ros2_project/install/px4_msgs/include/px4_msgs/px4_msgs/msg/detail/sensors_status__functions.h\n'}
[1.205566] (px4_msgs) StdoutLine: {'line': b'-- Up-to-date: /home/harsh/ros2_project/install/px4_msgs/include/px4_msgs/px4_msgs/msg/detail/ping__functions.h\n'}
[1.205629] (px4_msgs) StdoutLine: {'line': b'-- Up-to-date: /home/harsh/ros2_project/install/px4_msgs/include/px4_msgs/px4_msgs/msg/detail/actuator_servos_trim__functions.c\n'}
[1.205692] (px4_msgs) StdoutLine: {'line': b'-- Up-to-date: /home/harsh/ros2_project/install/px4_msgs/include/px4_msgs/px4_msgs/msg/detail/position_setpoint__functions.c\n'}
[1.205756] (px4_msgs) StdoutLine: {'line': b'-- Up-to-date: /home/harsh/ros2_project/install/px4_msgs/include/px4_msgs/px4_msgs/msg/detail/estimator_innovations__struct.h\n'}
[1.205819] (px4_msgs) StdoutLine: {'line': b'-- Up-to-date: /home/harsh/ros2_project/install/px4_msgs/include/px4_msgs/px4_msgs/msg/detail/sensor_accel__functions.h\n'}
[1.205941] (px4_msgs) StdoutLine: {'line': b'-- Up-to-date: /home/harsh/ros2_project/install/px4_msgs/include/px4_msgs/px4_msgs/msg/detail/telemetry_status__functions.c\n'}
[1.206005] (px4_msgs) StdoutLine: {'line': b'-- Up-to-date: /home/harsh/ros2_project/install/px4_msgs/include/px4_msgs/px4_msgs/msg/detail/vehicle_attitude__functions.h\n'}
[1.206085] (px4_msgs) StdoutLine: {'line': b'-- Up-to-date: /home/harsh/ros2_project/install/px4_msgs/include/px4_msgs/px4_msgs/msg/detail/mission__description.c\n'}
[1.206152] (px4_msgs) StdoutLine: {'line': b'-- Up-to-date: /home/harsh/ros2_project/install/px4_msgs/include/px4_msgs/px4_msgs/msg/detail/gimbal_device_attitude_status__description.c\n'}
[1.206216] (px4_msgs) StdoutLine: {'line': b'-- Up-to-date: /home/harsh/ros2_project/install/px4_msgs/include/px4_msgs/px4_msgs/msg/detail/mag_worker_data__type_support.h\n'}
[1.206279] (px4_msgs) StdoutLine: {'line': b'-- Up-to-date: /home/harsh/ros2_project/install/px4_msgs/include/px4_msgs/px4_msgs/msg/detail/estimator_bias__functions.h\n'}
[1.206371] (px4_msgs) StdoutLine: {'line': b'-- Installing: /home/harsh/ros2_project/install/px4_msgs/include/px4_msgs/px4_msgs/msg/detail/mission_result__type_support.c\n'}
[1.206437] (px4_msgs) StdoutLine: {'line': b'-- Up-to-date: /home/harsh/ros2_project/install/px4_msgs/include/px4_msgs/px4_msgs/msg/detail/led_control__type_support.h\n'}
[1.206501] (px4_msgs) StdoutLine: {'line': b'-- Up-to-date: /home/harsh/ros2_project/install/px4_msgs/include/px4_msgs/px4_msgs/msg/detail/telemetry_status__type_support.h\n'}
[1.206565] (px4_msgs) StdoutLine: {'line': b'-- Up-to-date: /home/harsh/ros2_project/install/px4_msgs/include/px4_msgs/px4_msgs/msg/detail/adc_report__functions.c\n'}
[1.206629] (px4_msgs) StdoutLine: {'line': b'-- Installing: /home/harsh/ros2_project/install/px4_msgs/include/px4_msgs/px4_msgs/msg/detail/airspeed_wind__type_support.c\n'}
[1.206692] (px4_msgs) StdoutLine: {'line': b'-- Up-to-date: /home/harsh/ros2_project/install/px4_msgs/include/px4_msgs/px4_msgs/msg/detail/wheel_encoders__functions.c\n'}
[1.206756] (px4_msgs) StdoutLine: {'line': b'-- Up-to-date: /home/harsh/ros2_project/install/px4_msgs/include/px4_msgs/px4_msgs/msg/detail/landing_target_pose__struct.h\n'}
[1.206819] (px4_msgs) StdoutLine: {'line': b'-- Up-to-date: /home/harsh/ros2_project/install/px4_msgs/include/px4_msgs/px4_msgs/msg/detail/estimator_bias__functions.c\n'}
[1.206882] (px4_msgs) StdoutLine: {'line': b'-- Up-to-date: /home/harsh/ros2_project/install/px4_msgs/include/px4_msgs/px4_msgs/msg/detail/home_position__type_support.h\n'}
[1.206945] (px4_msgs) StdoutLine: {'line': b'-- Up-to-date: /home/harsh/ros2_project/install/px4_msgs/include/px4_msgs/px4_msgs/msg/detail/camera_capture__struct.h\n'}
[1.207009] (px4_msgs) StdoutLine: {'line': b'-- Up-to-date: /home/harsh/ros2_project/install/px4_msgs/include/px4_msgs/px4_msgs/msg/detail/rc_parameter_map__type_support.h\n'}
[1.207108] (px4_msgs) StdoutLine: {'line': b'-- Up-to-date: /home/harsh/ros2_project/install/px4_msgs/include/px4_msgs/px4_msgs/msg/detail/rtl_time_estimate__functions.h\n'}
[1.207171] (px4_msgs) StdoutLine: {'line': b'-- Up-to-date: /home/harsh/ros2_project/install/px4_msgs/include/px4_msgs/px4_msgs/msg/detail/vehicle_command__description.c\n'}
[1.207233] (px4_msgs) StdoutLine: {'line': b'-- Installing: /home/harsh/ros2_project/install/px4_msgs/include/px4_msgs/px4_msgs/msg/detail/gimbal_device_attitude_status__type_support.c\n'}
[1.207296] (px4_msgs) StdoutLine: {'line': b'-- Up-to-date: /home/harsh/ros2_project/install/px4_msgs/include/px4_msgs/px4_msgs/msg/detail/wind__struct.h\n'}
[1.207369] (px4_msgs) StdoutLine: {'line': b'-- Up-to-date: /home/harsh/ros2_project/install/px4_msgs/include/px4_msgs/px4_msgs/msg/detail/estimator_bias3d__description.c\n'}
[1.207434] (px4_msgs) StdoutLine: {'line': b'-- Up-to-date: /home/harsh/ros2_project/install/px4_msgs/include/px4_msgs/px4_msgs/msg/detail/gpio_request__type_support.h\n'}
[1.207498] (px4_msgs) StdoutLine: {'line': b'-- Up-to-date: /home/harsh/ros2_project/install/px4_msgs/include/px4_msgs/px4_msgs/msg/detail/actuator_armed__functions.h\n'}
[1.207562] (px4_msgs) StdoutLine: {'line': b'-- Installing: /home/harsh/ros2_project/install/px4_msgs/include/px4_msgs/px4_msgs/msg/detail/camera_capture__type_support.c\n'}
[1.207626] (px4_msgs) StdoutLine: {'line': b'-- Up-to-date: /home/harsh/ros2_project/install/px4_msgs/include/px4_msgs/px4_msgs/msg/detail/pps_capture__struct.h\n'}
[1.207721] (px4_msgs) StdoutLine: {'line': b'-- Up-to-date: /home/harsh/ros2_project/install/px4_msgs/include/px4_msgs/px4_msgs/msg/detail/estimator_aid_source3d__type_support.h\n'}
[1.207786] (px4_msgs) StdoutLine: {'line': b'-- Installing: /home/harsh/ros2_project/install/px4_msgs/include/px4_msgs/px4_msgs/msg/detail/estimator_selector_status__type_support.c\n'}
[1.207878] (px4_msgs) StdoutLine: {'line': b'-- Up-to-date: /home/harsh/ros2_project/install/px4_msgs/include/px4_msgs/px4_msgs/msg/detail/wind__functions.h\n'}
[1.207944] (px4_msgs) StdoutLine: {'line': b'-- Up-to-date: /home/harsh/ros2_project/install/px4_msgs/include/px4_msgs/px4_msgs/msg/detail/irlock_report__type_support.h\n'}
[1.208008] (px4_msgs) StdoutLine: {'line': b'-- Up-to-date: /home/harsh/ros2_project/install/px4_msgs/include/px4_msgs/px4_msgs/msg/detail/sensor_correction__type_support.h\n'}
[1.208071] (px4_msgs) StdoutLine: {'line': b'-- Installing: /home/harsh/ros2_project/install/px4_msgs/include/px4_msgs/px4_msgs/msg/detail/vehicle_roi__type_support.c\n'}
[1.208134] (px4_msgs) StdoutLine: {'line': b'-- Up-to-date: /home/harsh/ros2_project/install/px4_msgs/include/px4_msgs/px4_msgs/msg/detail/actuator_servos__functions.c\n'}
[1.208234] (px4_msgs) StdoutLine: {'line': b'-- Up-to-date: /home/harsh/ros2_project/install/px4_msgs/include/px4_msgs/px4_msgs/msg/detail/takeoff_status__description.c\n'}
[1.208299] (px4_msgs) StdoutLine: {'line': b'-- Up-to-date: /home/harsh/ros2_project/install/px4_msgs/include/px4_msgs/px4_msgs/msg/detail/airspeed_validated__functions.h\n'}
[1.208391] (px4_msgs) StdoutLine: {'line': b'-- Up-to-date: /home/harsh/ros2_project/install/px4_msgs/include/px4_msgs/px4_msgs/msg/detail/buffer128__type_support.h\n'}
[1.208457] (px4_msgs) StdoutLine: {'line': b'-- Installing: /home/harsh/ros2_project/install/px4_msgs/include/px4_msgs/px4_msgs/msg/detail/follow_target__type_support.c\n'}
[1.208520] (px4_msgs) StdoutLine: {'line': b'-- Installing: /home/harsh/ros2_project/install/px4_msgs/include/px4_msgs/px4_msgs/msg/detail/vehicle_trajectory_waypoint__type_support.c\n'}
[1.208583] (px4_msgs) StdoutLine: {'line': b'-- Up-to-date: /home/harsh/ros2_project/install/px4_msgs/include/px4_msgs/px4_msgs/msg/detail/sensor_mag__description.c\n'}
[1.208646] (px4_msgs) StdoutLine: {'line': b'-- Up-to-date: /home/harsh/ros2_project/install/px4_msgs/include/px4_msgs/px4_msgs/msg/detail/led_control__functions.h\n'}
[1.208709] (px4_msgs) StdoutLine: {'line': b'-- Up-to-date: /home/harsh/ros2_project/install/px4_msgs/include/px4_msgs/px4_msgs/msg/detail/geofence_status__struct.h\n'}
[1.208772] (px4_msgs) StdoutLine: {'line': b'-- Installing: /home/harsh/ros2_project/install/px4_msgs/include/px4_msgs/px4_msgs/msg/detail/yaw_estimator_status__type_support.c\n'}
[1.208835] (px4_msgs) StdoutLine: {'line': b'-- Up-to-date: /home/harsh/ros2_project/install/px4_msgs/include/px4_msgs/px4_msgs/msg/detail/vehicle_thrust_setpoint__functions.c\n'}
[1.208899] (px4_msgs) StdoutLine: {'line': b'-- Up-to-date: /home/harsh/ros2_project/install/px4_msgs/include/px4_msgs/px4_msgs/msg/detail/health_report__type_support.h\n'}
[1.208962] (px4_msgs) StdoutLine: {'line': b'-- Installing: /home/harsh/ros2_project/install/px4_msgs/include/px4_msgs/px4_msgs/msg/detail/camera_trigger__type_support.c\n'}
[1.209025] (px4_msgs) StdoutLine: {'line': b'-- Installing: /home/harsh/ros2_project/install/px4_msgs/include/px4_msgs/px4_msgs/msg/detail/ulog_stream__type_support.c\n'}
[1.209088] (px4_msgs) StdoutLine: {'line': b'-- Up-to-date: /home/harsh/ros2_project/install/px4_msgs/include/px4_msgs/px4_msgs/msg/detail/input_rc__description.c\n'}
[1.209194] (px4_msgs) StdoutLine: {'line': b'-- Up-to-date: /home/harsh/ros2_project/install/px4_msgs/include/px4_msgs/px4_msgs/msg/detail/sensor_mag__type_support.h\n'}
[1.209261] (px4_msgs) StdoutLine: {'line': b'-- Up-to-date: /home/harsh/ros2_project/install/px4_msgs/include/px4_msgs/px4_msgs/msg/detail/qshell_req__functions.c\n'}
[1.209328] (px4_msgs) StdoutLine: {'line': b'-- Up-to-date: /home/harsh/ros2_project/install/px4_msgs/include/px4_msgs/px4_msgs/msg/detail/irlock_report__functions.c\n'}
[1.209406] (px4_msgs) StdoutLine: {'line': b'-- Up-to-date: /home/harsh/ros2_project/install/px4_msgs/include/px4_msgs/px4_msgs/msg/detail/vehicle_constraints__description.c\n'}
[1.209471] (px4_msgs) StdoutLine: {'line': b'-- Up-to-date: /home/harsh/ros2_project/install/px4_msgs/include/px4_msgs/px4_msgs/msg/detail/vehicle_command_ack__description.c\n'}
[1.209534] (px4_msgs) StdoutLine: {'line': b'-- Up-to-date: /home/harsh/ros2_project/install/px4_msgs/include/px4_msgs/px4_msgs/msg/detail/obstacle_distance__functions.c\n'}
[1.209598] (px4_msgs) StdoutLine: {'line': b'-- Up-to-date: /home/harsh/ros2_project/install/px4_msgs/include/px4_msgs/px4_msgs/msg/detail/mavlink_log__functions.h\n'}
[1.209662] (px4_msgs) StdoutLine: {'line': b'-- Installing: /home/harsh/ros2_project/install/px4_msgs/include/px4_msgs/px4_msgs/msg/detail/pps_capture__type_support.c\n'}
[1.209724] (px4_msgs) StdoutLine: {'line': b'-- Up-to-date: /home/harsh/ros2_project/install/px4_msgs/include/px4_msgs/px4_msgs/msg/detail/autotune_attitude_control_status__struct.h\n'}
[1.209787] (px4_msgs) StdoutLine: {'line': b'-- Up-to-date: /home/harsh/ros2_project/install/px4_msgs/include/px4_msgs/px4_msgs/msg/detail/trajectory_bezier__struct.h\n'}
[1.209850] (px4_msgs) StdoutLine: {'line': b'-- Up-to-date: /home/harsh/ros2_project/install/px4_msgs/include/px4_msgs/px4_msgs/msg/detail/sensor_hygrometer__functions.c\n'}
[1.209914] (px4_msgs) StdoutLine: {'line': b'-- Up-to-date: /home/harsh/ros2_project/install/px4_msgs/include/px4_msgs/px4_msgs/msg/detail/power_monitor__struct.h\n'}
[1.209976] (px4_msgs) StdoutLine: {'line': b'-- Up-to-date: /home/harsh/ros2_project/install/px4_msgs/include/px4_msgs/px4_msgs/msg/detail/ulog_stream_ack__description.c\n'}
[1.210040] (px4_msgs) StdoutLine: {'line': b'-- Up-to-date: /home/harsh/ros2_project/install/px4_msgs/include/px4_msgs/px4_msgs/msg/detail/vehicle_attitude__type_support.h\n'}
[1.210103] (px4_msgs) StdoutLine: {'line': b'-- Up-to-date: /home/harsh/ros2_project/install/px4_msgs/include/px4_msgs/px4_msgs/msg/detail/airspeed_wind__description.c\n'}
[1.210166] (px4_msgs) StdoutLine: {'line': b'-- Up-to-date: /home/harsh/ros2_project/install/px4_msgs/include/px4_msgs/px4_msgs/msg/detail/buffer128__description.c\n'}
[1.210229] (px4_msgs) StdoutLine: {'line': b'-- Installing: /home/harsh/ros2_project/install/px4_msgs/include/px4_msgs/px4_msgs/msg/detail/follow_target_estimator__type_support.c\n'}
[1.210292] (px4_msgs) StdoutLine: {'line': b'-- Up-to-date: /home/harsh/ros2_project/install/px4_msgs/include/px4_msgs/px4_msgs/msg/detail/orbit_status__functions.c\n'}
[1.210378] (px4_msgs) StdoutLine: {'line': b'-- Installing: /home/harsh/ros2_project/install/px4_msgs/include/px4_msgs/px4_msgs/msg/detail/sensor_selection__type_support.c\n'}
[1.210497] (px4_msgs) StdoutLine: {'line': b'-- Up-to-date: /home/harsh/ros2_project/install/px4_msgs/include/px4_msgs/px4_msgs/msg/detail/camera_trigger__type_support.h\n'}
[1.210557] (px4_msgs) StdoutLine: {'line': b'-- Up-to-date: /home/harsh/ros2_project/install/px4_msgs/include/px4_msgs/px4_msgs/msg/detail/geofence_status__description.c\n'}
[1.210623] (px4_msgs) StdoutLine: {'line': b'-- Up-to-date: /home/harsh/ros2_project/install/px4_msgs/include/px4_msgs/px4_msgs/msg/detail/system_power__struct.h\n'}
[1.210688] (px4_msgs) StdoutLine: {'line': b'-- Up-to-date: /home/harsh/ros2_project/install/px4_msgs/include/px4_msgs/px4_msgs/msg/detail/trajectory_waypoint__functions.c\n'}
[1.210752] (px4_msgs) StdoutLine: {'line': b'-- Up-to-date: /home/harsh/ros2_project/install/px4_msgs/include/px4_msgs/px4_msgs/msg/detail/gimbal_controls__functions.c\n'}
[1.210817] (px4_msgs) StdoutLine: {'line': b'-- Up-to-date: /home/harsh/ros2_project/install/px4_msgs/include/px4_msgs/px4_msgs/msg/detail/goto_setpoint__functions.h\n'}
[1.210881] (px4_msgs) StdoutLine: {'line': b'-- Up-to-date: /home/harsh/ros2_project/install/px4_msgs/include/px4_msgs/px4_msgs/msg/detail/esc_report__struct.h\n'}
[1.210981] (px4_msgs) StdoutLine: {'line': b'-- Up-to-date: /home/harsh/ros2_project/install/px4_msgs/include/px4_msgs/px4_msgs/msg/detail/failure_detector_status__functions.h\n'}
[1.211048] (px4_msgs) StdoutLine: {'line': b'-- Up-to-date: /home/harsh/ros2_project/install/px4_msgs/include/px4_msgs/px4_msgs/msg/detail/rtl_time_estimate__description.c\n'}
[1.211111] (px4_msgs) StdoutLine: {'line': b'-- Installing: /home/harsh/ros2_project/install/px4_msgs/include/px4_msgs/px4_msgs/msg/detail/sensor_gyro_fft__type_support.c\n'}
[1.211176] (px4_msgs) StdoutLine: {'line': b'-- Installing: /home/harsh/ros2_project/install/px4_msgs/include/px4_msgs/px4_msgs/msg/detail/vehicle_global_position__type_support.c\n'}
[1.211245] (px4_msgs) StdoutLine: {'line': b'-- Up-to-date: /home/harsh/ros2_project/install/px4_msgs/include/px4_msgs/px4_msgs/msg/detail/mavlink_tunnel__functions.c\n'}
[1.211385] (px4_msgs) StdoutLine: {'line': b'-- Up-to-date: /home/harsh/ros2_project/install/px4_msgs/include/px4_msgs/px4_msgs/msg/detail/task_stack_info__functions.h\n'}
[1.211503] (px4_msgs) StdoutLine: {'line': b'-- Up-to-date: /home/harsh/ros2_project/install/px4_msgs/include/px4_msgs/px4_msgs/msg/detail/parameter_update__type_support.h\n'}
[1.211567] (px4_msgs) StdoutLine: {'line': b'-- Up-to-date: /home/harsh/ros2_project/install/px4_msgs/include/px4_msgs/px4_msgs/msg/detail/message_format_response__functions.c\n'}
[1.211630] (px4_msgs) StdoutLine: {'line': b'-- Up-to-date: /home/harsh/ros2_project/install/px4_msgs/include/px4_msgs/px4_msgs/msg/detail/qshell_req__type_support.h\n'}
[1.211694] (px4_msgs) StdoutLine: {'line': b'-- Up-to-date: /home/harsh/ros2_project/install/px4_msgs/include/px4_msgs/px4_msgs/msg/detail/estimator_bias__struct.h\n'}
[1.211758] (px4_msgs) StdoutLine: {'line': b'-- Up-to-date: /home/harsh/ros2_project/install/px4_msgs/include/px4_msgs/px4_msgs/msg/detail/vehicle_air_data__description.c\n'}
[1.211822] (px4_msgs) StdoutLine: {'line': b'-- Installing: /home/harsh/ros2_project/install/px4_msgs/include/px4_msgs/px4_msgs/msg/detail/power_button_state__type_support.c\n'}
[1.211885] (px4_msgs) StdoutLine: {'line': b'-- Installing: /home/harsh/ros2_project/install/px4_msgs/include/px4_msgs/px4_msgs/msg/detail/parameter_update__type_support.c\n'}
[1.211948] (px4_msgs) StdoutLine: {'line': b'-- Up-to-date: /home/harsh/ros2_project/install/px4_msgs/include/px4_msgs/px4_msgs/msg/detail/actuator_outputs__struct.h\n'}
[1.212012] (px4_msgs) StdoutLine: {'line': b'-- Up-to-date: /home/harsh/ros2_project/install/px4_msgs/include/px4_msgs/px4_msgs/msg/detail/sensor_gyro_fifo__type_support.h\n'}
[1.212076] (px4_msgs) StdoutLine: {'line': b'-- Up-to-date: /home/harsh/ros2_project/install/px4_msgs/include/px4_msgs/px4_msgs/msg/detail/uavcan_parameter_request__struct.h\n'}
[1.212140] (px4_msgs) StdoutLine: {'line': b'-- Up-to-date: /home/harsh/ros2_project/install/px4_msgs/include/px4_msgs/px4_msgs/msg/detail/normalized_unsigned_setpoint__type_support.h\n'}
[1.212204] (px4_msgs) StdoutLine: {'line': b'-- Up-to-date: /home/harsh/ros2_project/install/px4_msgs/include/px4_msgs/px4_msgs/msg/detail/esc_status__functions.h\n'}
[1.212269] (px4_msgs) StdoutLine: {'line': b'-- Up-to-date: /home/harsh/ros2_project/install/px4_msgs/include/px4_msgs/px4_msgs/msg/detail/trajectory_setpoint__functions.h\n'}
[1.212340] (px4_msgs) StdoutLine: {'line': b'-- Installing: /home/harsh/ros2_project/install/px4_msgs/include/px4_msgs/px4_msgs/msg/detail/estimator_event_flags__type_support.c\n'}
[1.212409] (px4_msgs) StdoutLine: {'line': b'-- Up-to-date: /home/harsh/ros2_project/install/px4_msgs/include/px4_msgs/px4_msgs/msg/detail/parameter_reset_request__type_support.h\n'}
[1.212473] (px4_msgs) StdoutLine: {'line': b'-- Up-to-date: /home/harsh/ros2_project/install/px4_msgs/include/px4_msgs/px4_msgs/msg/detail/estimator_event_flags__functions.c\n'}
[1.212536] (px4_msgs) StdoutLine: {'line': b'-- Up-to-date: /home/harsh/ros2_project/install/px4_msgs/include/px4_msgs/px4_msgs/msg/detail/rtl_status__struct.h\n'}
[1.212599] (px4_msgs) StdoutLine: {'line': b'-- Up-to-date: /home/harsh/ros2_project/install/px4_msgs/include/px4_msgs/px4_msgs/msg/detail/position_setpoint_triplet__type_support.h\n'}
[1.212676] (px4_msgs) StdoutLine: {'line': b'-- Up-to-date: /home/harsh/ros2_project/install/px4_msgs/include/px4_msgs/px4_msgs/msg/detail/register_ext_component_request__struct.h\n'}
[1.212739] (px4_msgs) StdoutLine: {'line': b'-- Up-to-date: /home/harsh/ros2_project/install/px4_msgs/include/px4_msgs/px4_msgs/msg/detail/generator_status__type_support.h\n'}
[1.212857] (px4_msgs) StdoutLine: {'line': b'-- Installing: /home/harsh/ros2_project/install/px4_msgs/include/px4_msgs/px4_msgs/msg/detail/estimator_aid_source1d__type_support.c\n'}
[1.212922] (px4_msgs) StdoutLine: {'line': b'-- Up-to-date: /home/harsh/ros2_project/install/px4_msgs/include/px4_msgs/px4_msgs/msg/detail/position_setpoint_triplet__description.c\n'}
[1.212986] (px4_msgs) StdoutLine: {'line': b'-- Up-to-date: /home/harsh/ros2_project/install/px4_msgs/include/px4_msgs/px4_msgs/msg/detail/sensor_gps__functions.h\n'}
[1.213050] (px4_msgs) StdoutLine: {'line': b'-- Up-to-date: /home/harsh/ros2_project/install/px4_msgs/include/px4_msgs/px4_msgs/msg/detail/follow_target_status__functions.h\n'}
[1.213114] (px4_msgs) StdoutLine: {'line': b'-- Installing: /home/harsh/ros2_project/install/px4_msgs/include/px4_msgs/px4_msgs/msg/detail/offboard_control_mode__type_support.c\n'}
[1.213179] (px4_msgs) StdoutLine: {'line': b'-- Up-to-date: /home/harsh/ros2_project/install/px4_msgs/include/px4_msgs/px4_msgs/msg/detail/estimator_status_flags__struct.h\n'}
[1.213243] (px4_msgs) StdoutLine: {'line': b'-- Installing: /home/harsh/ros2_project/install/px4_msgs/include/px4_msgs/px4_msgs/msg/detail/gpio_in__type_support.c\n'}
[1.213308] (px4_msgs) StdoutLine: {'line': b'-- Up-to-date: /home/harsh/ros2_project/install/px4_msgs/include/px4_msgs/px4_msgs/msg/detail/vehicle_imu_status__struct.h\n'}
[1.213382] (px4_msgs) StdoutLine: {'line': b'-- Installing: /home/harsh/ros2_project/install/px4_msgs/include/px4_msgs/px4_msgs/msg/detail/event__type_support.c\n'}
[1.213482] (px4_msgs) StdoutLine: {'line': b'-- Up-to-date: /home/harsh/ros2_project/install/px4_msgs/include/px4_msgs/px4_msgs/msg/detail/landing_gear__description.c\n'}
[1.213547] (px4_msgs) StdoutLine: {'line': b'-- Up-to-date: /home/harsh/ros2_project/install/px4_msgs/include/px4_msgs/px4_msgs/msg/detail/internal_combustion_engine_status__functions.c\n'}
[1.213610] (px4_msgs) StdoutLine: {'line': b'-- Up-to-date: /home/harsh/ros2_project/install/px4_msgs/include/px4_msgs/px4_msgs/msg/detail/sensor_hygrometer__functions.h\n'}
[1.213673] (px4_msgs) StdoutLine: {'line': b'-- Installing: /home/harsh/ros2_project/install/px4_msgs/include/px4_msgs/px4_msgs/msg/detail/vehicle_land_detected__type_support.c\n'}
[1.213735] (px4_msgs) StdoutLine: {'line': b'-- Up-to-date: /home/harsh/ros2_project/install/px4_msgs/include/px4_msgs/px4_msgs/msg/detail/uavcan_parameter_value__functions.h\n'}
[1.213800] (px4_msgs) StdoutLine: {'line': b'-- Up-to-date: /home/harsh/ros2_project/install/px4_msgs/include/px4_msgs/px4_msgs/msg/detail/internal_combustion_engine_status__struct.h\n'}
[1.213864] (px4_msgs) StdoutLine: {'line': b'-- Up-to-date: /home/harsh/ros2_project/install/px4_msgs/include/px4_msgs/px4_msgs/msg/detail/vehicle_local_position__functions.h\n'}
[1.213929] (px4_msgs) StdoutLine: {'line': b'-- Up-to-date: /home/harsh/ros2_project/install/px4_msgs/include/px4_msgs/px4_msgs/msg/detail/task_stack_info__description.c\n'}
[1.213992] (px4_msgs) StdoutLine: {'line': b'-- Up-to-date: /home/harsh/ros2_project/install/px4_msgs/include/px4_msgs/px4_msgs/msg/detail/buffer128__struct.h\n'}
[1.214113] (px4_msgs) StdoutLine: {'line': b'-- Up-to-date: /home/harsh/ros2_project/install/px4_msgs/include/px4_msgs/px4_msgs/msg/detail/task_stack_info__struct.h\n'}
[1.214175] (px4_msgs) StdoutLine: {'line': b'-- Up-to-date: /home/harsh/ros2_project/install/px4_msgs/include/px4_msgs/px4_msgs/msg/detail/rtl_status__type_support.h\n'}
[1.214249] (px4_msgs) StdoutLine: {'line': b'-- Up-to-date: /home/harsh/ros2_project/install/px4_msgs/include/px4_msgs/px4_msgs/msg/detail/estimator_states__type_support.h\n'}
[1.214316] (px4_msgs) StdoutLine: {'line': b'-- Up-to-date: /home/harsh/ros2_project/install/px4_msgs/include/px4_msgs/px4_msgs/msg/detail/gimbal_manager_status__type_support.h\n'}
[1.214392] (px4_msgs) StdoutLine: {'line': b'-- Up-to-date: /home/harsh/ros2_project/install/px4_msgs/include/px4_msgs/px4_msgs/msg/detail/pwm_input__struct.h\n'}
[1.214459] (px4_msgs) StdoutLine: {'line': b'-- Up-to-date: /home/harsh/ros2_project/install/px4_msgs/include/px4_msgs/px4_msgs/msg/detail/vehicle_optical_flow__description.c\n'}
[1.214524] (px4_msgs) StdoutLine: {'line': b'-- Up-to-date: /home/harsh/ros2_project/install/px4_msgs/include/px4_msgs/px4_msgs/msg/detail/estimator_aid_source3d__functions.c\n'}
[1.214592] (px4_msgs) StdoutLine: {'line': b'-- Up-to-date: /home/harsh/ros2_project/install/px4_msgs/include/px4_msgs/px4_msgs/msg/detail/vehicle_control_mode__functions.c\n'}
[1.214660] (px4_msgs) StdoutLine: {'line': b'-- Installing: /home/harsh/ros2_project/install/px4_msgs/include/px4_msgs/px4_msgs/msg/detail/sensor_combined__type_support.c\n'}
[1.214730] (px4_msgs) StdoutLine: {'line': b'-- Up-to-date: /home/harsh/ros2_project/install/px4_msgs/include/px4_msgs/px4_msgs/msg/detail/gimbal_manager_set_attitude__functions.h\n'}
[1.214797] (px4_msgs) StdoutLine: {'line': b'-- Up-to-date: /home/harsh/ros2_project/install/px4_msgs/include/px4_msgs/px4_msgs/msg/detail/mode_completed__functions.h\n'}
[1.214863] (px4_msgs) StdoutLine: {'line': b'-- Installing: /home/harsh/ros2_project/install/px4_msgs/include/px4_msgs/px4_msgs/msg/detail/failsafe_flags__type_support.c\n'}
[1.214930] (px4_msgs) StdoutLine: {'line': b'-- Installing: /home/harsh/ros2_project/install/px4_msgs/include/px4_msgs/px4_msgs/msg/detail/camera_status__type_support.c\n'}
[1.214995] (px4_msgs) StdoutLine: {'line': b'-- Up-to-date: /home/harsh/ros2_project/install/px4_msgs/include/px4_msgs/px4_msgs/msg/detail/ping__type_support.h\n'}
[1.215147] (px4_msgs) StdoutLine: {'line': b'-- Up-to-date: /home/harsh/ros2_project/install/px4_msgs/include/px4_msgs/px4_msgs/msg/detail/register_ext_component_reply__functions.h\n'}
[1.215220] (px4_msgs) StdoutLine: {'line': b'-- Up-to-date: /home/harsh/ros2_project/install/px4_msgs/include/px4_msgs/px4_msgs/msg/detail/sensor_selection__functions.h\n'}
[1.215288] (px4_msgs) StdoutLine: {'line': b'-- Up-to-date: /home/harsh/ros2_project/install/px4_msgs/include/px4_msgs/px4_msgs/msg/detail/differential_drive_setpoint__functions.c\n'}
[1.215392] (px4_msgs) StdoutLine: {'line': b'-- Installing: /home/harsh/ros2_project/install/px4_msgs/include/px4_msgs/px4_msgs/msg/detail/actuator_controls_status__type_support.c\n'}
[1.215462] (px4_msgs) StdoutLine: {'line': b'-- Up-to-date: /home/harsh/ros2_project/install/px4_msgs/include/px4_msgs/px4_msgs/msg/detail/onboard_computer_status__type_support.h\n'}
[1.215530] (px4_msgs) StdoutLine: {'line': b'-- Installing: /home/harsh/ros2_project/install/px4_msgs/include/px4_msgs/px4_msgs/msg/detail/vehicle_local_position_setpoint__type_support.c\n'}
[1.215596] (px4_msgs) StdoutLine: {'line': b'-- Up-to-date: /home/harsh/ros2_project/install/px4_msgs/include/px4_msgs/px4_msgs/msg/detail/hover_thrust_estimate__struct.h\n'}
[1.215689] (px4_msgs) StdoutLine: {'line': b'-- Installing: /home/harsh/ros2_project/install/px4_msgs/include/px4_msgs/px4_msgs/msg/detail/tecs_status__type_support.c\n'}
[1.215753] (px4_msgs) StdoutLine: {'line': b'-- Up-to-date: /home/harsh/ros2_project/install/px4_msgs/include/px4_msgs/px4_msgs/msg/detail/sensor_gnss_relative__description.c\n'}
[1.215817] (px4_msgs) StdoutLine: {'line': b'-- Up-to-date: /home/harsh/ros2_project/install/px4_msgs/include/px4_msgs/px4_msgs/msg/detail/sensor_optical_flow__description.c\n'}
[1.215880] (px4_msgs) StdoutLine: {'line': b'-- Up-to-date: /home/harsh/ros2_project/install/px4_msgs/include/px4_msgs/px4_msgs/msg/detail/vehicle_angular_acceleration_setpoint__description.c\n'}
[1.215943] (px4_msgs) StdoutLine: {'line': b'-- Up-to-date: /home/harsh/ros2_project/install/px4_msgs/include/px4_msgs/px4_msgs/msg/detail/vehicle_acceleration__functions.h\n'}
[1.216033] (px4_msgs) StdoutLine: {'line': b'-- Up-to-date: /home/harsh/ros2_project/install/px4_msgs/include/px4_msgs/px4_msgs/msg/detail/orbit_status__type_support.h\n'}
[1.216096] (px4_msgs) StdoutLine: {'line': b'-- Up-to-date: /home/harsh/ros2_project/install/px4_msgs/include/px4_msgs/px4_msgs/msg/detail/mission__type_support.h\n'}
[1.216163] (px4_msgs) StdoutLine: {'line': b'-- Up-to-date: /home/harsh/ros2_project/install/px4_msgs/include/px4_msgs/px4_msgs/msg/detail/px4io_status__functions.c\n'}
[1.216231] (px4_msgs) StdoutLine: {'line': b'-- Up-to-date: /home/harsh/ros2_project/install/px4_msgs/include/px4_msgs/px4_msgs/msg/detail/airspeed_validated__description.c\n'}
[1.216300] (px4_msgs) StdoutLine: {'line': b'-- Up-to-date: /home/harsh/ros2_project/install/px4_msgs/include/px4_msgs/px4_msgs/msg/detail/takeoff_status__functions.c\n'}
[1.216493] (px4_msgs) StdoutLine: {'line': b'-- Up-to-date: /home/harsh/ros2_project/install/px4_msgs/include/px4_msgs/px4_msgs/msg/detail/gimbal_device_information__type_support.h\n'}
[1.216557] (px4_msgs) StdoutLine: {'line': b'-- Up-to-date: /home/harsh/ros2_project/install/px4_msgs/include/px4_msgs/px4_msgs/msg/detail/actuator_servos__type_support.h\n'}
[1.216621] (px4_msgs) StdoutLine: {'line': b'-- Up-to-date: /home/harsh/ros2_project/install/px4_msgs/include/px4_msgs/px4_msgs/msg/detail/parameter_set_value_request__type_support.h\n'}
[1.216688] (px4_msgs) StdoutLine: {'line': b'-- Installing: /home/harsh/ros2_project/install/px4_msgs/include/px4_msgs/px4_msgs/msg/detail/velocity_limits__type_support.c\n'}
[1.216753] (px4_msgs) StdoutLine: {'line': b'-- Up-to-date: /home/harsh/ros2_project/install/px4_msgs/include/px4_msgs/px4_msgs/msg/detail/orb_test_medium__struct.h\n'}
[1.216815] (px4_msgs) StdoutLine: {'line': b'-- Up-to-date: /home/harsh/ros2_project/install/px4_msgs/include/px4_msgs/px4_msgs/msg/detail/cellular_status__struct.h\n'}
[1.216879] (px4_msgs) StdoutLine: {'line': b'-- Up-to-date: /home/harsh/ros2_project/install/px4_msgs/include/px4_msgs/px4_msgs/msg/detail/camera_trigger__description.c\n'}
[1.216943] (px4_msgs) StdoutLine: {'line': b'-- Up-to-date: /home/harsh/ros2_project/install/px4_msgs/include/px4_msgs/px4_msgs/msg/detail/vehicle_torque_setpoint__struct.h\n'}
[1.217008] (px4_msgs) StdoutLine: {'line': b'-- Up-to-date: /home/harsh/ros2_project/install/px4_msgs/include/px4_msgs/px4_msgs/msg/detail/position_controller_status__functions.c\n'}
[1.217075] (px4_msgs) StdoutLine: {'line': b'-- Installing: /home/harsh/ros2_project/install/px4_msgs/include/px4_msgs/px4_msgs/msg/detail/vehicle_angular_velocity__type_support.c\n'}
[1.217143] (px4_msgs) StdoutLine: {'line': b'-- Installing: /home/harsh/ros2_project/install/px4_msgs/include/px4_msgs/px4_msgs/msg/detail/debug_key_value__type_support.c\n'}
[1.217213] (px4_msgs) StdoutLine: {'line': b'-- Up-to-date: /home/harsh/ros2_project/install/px4_msgs/include/px4_msgs/px4_msgs/msg/detail/collision_constraints__functions.h\n'}
[1.217279] (px4_msgs) StdoutLine: {'line': b'-- Up-to-date: /home/harsh/ros2_project/install/px4_msgs/include/px4_msgs/px4_msgs/msg/detail/mavlink_log__functions.c\n'}
[1.217355] (px4_msgs) StdoutLine: {'line': b'-- Up-to-date: /home/harsh/ros2_project/install/px4_msgs/include/px4_msgs/px4_msgs/msg/detail/parameter_set_value_request__struct.h\n'}
[1.217453] (px4_msgs) StdoutLine: {'line': b'-- Up-to-date: /home/harsh/ros2_project/install/px4_msgs/include/px4_msgs/px4_msgs/msg/detail/vehicle_torque_setpoint__type_support.h\n'}
[1.217527] (px4_msgs) StdoutLine: {'line': b'-- Up-to-date: /home/harsh/ros2_project/install/px4_msgs/include/px4_msgs/px4_msgs/msg/detail/sensor_gyro_fft__functions.h\n'}
[1.217594] (px4_msgs) StdoutLine: {'line': b'-- Up-to-date: /home/harsh/ros2_project/install/px4_msgs/include/px4_msgs/px4_msgs/msg/detail/actuator_test__functions.c\n'}
[1.217661] (px4_msgs) StdoutLine: {'line': b'-- Up-to-date: /home/harsh/ros2_project/install/px4_msgs/include/px4_msgs/px4_msgs/msg/detail/gpio_config__functions.h\n'}
[1.217855] (px4_msgs) StdoutLine: {'line': b'-- Up-to-date: /home/harsh/ros2_project/install/px4_msgs/include/px4_msgs/px4_msgs/msg/detail/airspeed__struct.h\n'}
[1.217958] (px4_msgs) StdoutLine: {'line': b'-- Up-to-date: /home/harsh/ros2_project/install/px4_msgs/include/px4_msgs/px4_msgs/msg/detail/logger_status__type_support.h\n'}
[1.218050] (px4_msgs) StdoutLine: {'line': b'-- Up-to-date: /home/harsh/ros2_project/install/px4_msgs/include/px4_msgs/px4_msgs/msg/detail/uavcan_parameter_value__functions.c\n'}
[1.218125] (px4_msgs) StdoutLine: {'line': b'-- Up-to-date: /home/harsh/ros2_project/install/px4_msgs/include/px4_msgs/px4_msgs/msg/detail/actuator_test__description.c\n'}
[1.218208] (px4_msgs) StdoutLine: {'line': b'-- Up-to-date: /home/harsh/ros2_project/install/px4_msgs/include/px4_msgs/px4_msgs/msg/detail/gimbal_controls__type_support.h\n'}
[1.218274] (px4_msgs) StdoutLine: {'line': b'-- Installing: /home/harsh/ros2_project/install/px4_msgs/include/px4_msgs/px4_msgs/msg/detail/gpio_config__type_support.c\n'}
[1.218418] (px4_msgs) StdoutLine: {'line': b'-- Up-to-date: /home/harsh/ros2_project/install/px4_msgs/include/px4_msgs/px4_msgs/msg/detail/debug_value__struct.h\n'}
[1.218502] (px4_msgs) StdoutLine: {'line': b'-- Up-to-date: /home/harsh/ros2_project/install/px4_msgs/include/px4_msgs/px4_msgs/msg/detail/autotune_attitude_control_status__functions.c\n'}
[1.218545] (px4_msgs) StdoutLine: {'line': b'-- Up-to-date: /home/harsh/ros2_project/install/px4_msgs/include/px4_msgs/px4_msgs/msg/detail/camera_capture__functions.h\n'}
[1.218583] (px4_msgs) StdoutLine: {'line': b'-- Up-to-date: /home/harsh/ros2_project/install/px4_msgs/include/px4_msgs/px4_msgs/msg/detail/vehicle_local_position__functions.c\n'}
[1.218619] (px4_msgs) StdoutLine: {'line': b'-- Up-to-date: /home/harsh/ros2_project/install/px4_msgs/include/px4_msgs/px4_msgs/msg/detail/vehicle_air_data__functions.h\n'}
[1.218655] (px4_msgs) StdoutLine: {'line': b'-- Up-to-date: /home/harsh/ros2_project/install/px4_msgs/include/px4_msgs/px4_msgs/msg/detail/vehicle_global_position__functions.h\n'}
[1.218690] (px4_msgs) StdoutLine: {'line': b'-- Up-to-date: /home/harsh/ros2_project/install/px4_msgs/include/px4_msgs/px4_msgs/msg/detail/gps_inject_data__description.c\n'}
[1.218724] (px4_msgs) StdoutLine: {'line': b'-- Up-to-date: /home/harsh/ros2_project/install/px4_msgs/include/px4_msgs/px4_msgs/msg/detail/estimator_bias3d__functions.h\n'}
[1.218762] (px4_msgs) StdoutLine: {'line': b'-- Up-to-date: /home/harsh/ros2_project/install/px4_msgs/include/px4_msgs/px4_msgs/msg/detail/landing_target_pose__description.c\n'}
[1.218798] (px4_msgs) StdoutLine: {'line': b'-- Up-to-date: /home/harsh/ros2_project/install/px4_msgs/include/px4_msgs/px4_msgs/msg/detail/pwm_input__type_support.h\n'}
[1.218834] (px4_msgs) StdoutLine: {'line': b'-- Up-to-date: /home/harsh/ros2_project/install/px4_msgs/include/px4_msgs/px4_msgs/msg/detail/vehicle_global_position__type_support.h\n'}
[1.218870] (px4_msgs) StdoutLine: {'line': b'-- Installing: /home/harsh/ros2_project/install/px4_msgs/include/px4_msgs/px4_msgs/msg/detail/debug_array__type_support.c\n'}
[1.218905] (px4_msgs) StdoutLine: {'line': b'-- Up-to-date: /home/harsh/ros2_project/install/px4_msgs/include/px4_msgs/px4_msgs/msg/detail/actuator_motors__functions.c\n'}
[1.218942] (px4_msgs) StdoutLine: {'line': b'-- Up-to-date: /home/harsh/ros2_project/install/px4_msgs/include/px4_msgs/px4_msgs/msg/detail/manual_control_setpoint__functions.c\n'}
[1.218976] (px4_msgs) StdoutLine: {'line': b'-- Up-to-date: /home/harsh/ros2_project/install/px4_msgs/include/px4_msgs/px4_msgs/msg/detail/differential_drive_setpoint__type_support.h\n'}
[1.219010] (px4_msgs) StdoutLine: {'line': b'-- Up-to-date: /home/harsh/ros2_project/install/px4_msgs/include/px4_msgs/px4_msgs/msg/detail/transponder_report__functions.h\n'}
[1.219044] (px4_msgs) StdoutLine: {'line': b'-- Installing: /home/harsh/ros2_project/install/px4_msgs/include/px4_msgs/px4_msgs/msg/detail/input_rc__type_support.c\n'}
[1.219078] (px4_msgs) StdoutLine: {'line': b'-- Installing: /home/harsh/ros2_project/install/px4_msgs/include/px4_msgs/px4_msgs/msg/detail/radio_status__type_support.c\n'}
[1.219139] (px4_msgs) StdoutLine: {'line': b'-- Up-to-date: /home/harsh/ros2_project/install/px4_msgs/include/px4_msgs/px4_msgs/msg/detail/collision_constraints__type_support.h\n'}
[1.219175] (px4_msgs) StdoutLine: {'line': b'-- Up-to-date: /home/harsh/ros2_project/install/px4_msgs/include/px4_msgs/px4_msgs/msg/detail/orb_test__struct.h\n'}
[1.219211] (px4_msgs) StdoutLine: {'line': b'-- Installing: /home/harsh/ros2_project/install/px4_msgs/include/px4_msgs/px4_msgs/msg/detail/figure_eight_status__type_support.c\n'}
[1.219247] (px4_msgs) StdoutLine: {'line': b'-- Up-to-date: /home/harsh/ros2_project/install/px4_msgs/include/px4_msgs/px4_msgs/msg/detail/yaw_estimator_status__description.c\n'}
[1.219282] (px4_msgs) StdoutLine: {'line': b'-- Up-to-date: /home/harsh/ros2_project/install/px4_msgs/include/px4_msgs/px4_msgs/msg/detail/pps_capture__description.c\n'}
[1.219316] (px4_msgs) StdoutLine: {'line': b'-- Up-to-date: /home/harsh/ros2_project/install/px4_msgs/include/px4_msgs/px4_msgs/msg/detail/parameter_set_used_request__type_support.h\n'}
[1.219423] (px4_msgs) StdoutLine: {'line': b'-- Up-to-date: /home/harsh/ros2_project/install/px4_msgs/include/px4_msgs/px4_msgs/msg/detail/gimbal_device_information__functions.c\n'}
[1.219462] (px4_msgs) StdoutLine: {'line': b'-- Up-to-date: /home/harsh/ros2_project/install/px4_msgs/include/px4_msgs/px4_msgs/msg/detail/follow_target_status__struct.h\n'}
[1.219499] (px4_msgs) StdoutLine: {'line': b'-- Up-to-date: /home/harsh/ros2_project/install/px4_msgs/include/px4_msgs/px4_msgs/msg/detail/estimator_gps_status__description.c\n'}
[1.219566] (px4_msgs) StdoutLine: {'line': b'-- Up-to-date: /home/harsh/ros2_project/install/px4_msgs/include/px4_msgs/px4_msgs/msg/detail/trajectory_setpoint__type_support.h\n'}
[1.219606] (px4_msgs) StdoutLine: {'line': b'-- Up-to-date: /home/harsh/ros2_project/install/px4_msgs/include/px4_msgs/px4_msgs/msg/detail/rpm__functions.c\n'}
[1.219644] (px4_msgs) StdoutLine: {'line': b'-- Up-to-date: /home/harsh/ros2_project/install/px4_msgs/include/px4_msgs/px4_msgs/msg/detail/generator_status__functions.c\n'}
[1.219679] (px4_msgs) StdoutLine: {'line': b'-- Up-to-date: /home/harsh/ros2_project/install/px4_msgs/include/px4_msgs/px4_msgs/msg/detail/vehicle_optical_flow__functions.h\n'}
[1.219716] (px4_msgs) StdoutLine: {'line': b'-- Up-to-date: /home/harsh/ros2_project/install/px4_msgs/include/px4_msgs/px4_msgs/msg/detail/heater_status__struct.h\n'}
[1.219756] (px4_msgs) StdoutLine: {'line': b'-- Up-to-date: /home/harsh/ros2_project/install/px4_msgs/include/px4_msgs/px4_msgs/msg/detail/action_request__functions.c\n'}
[1.219794] (px4_msgs) StdoutLine: {'line': b'-- Up-to-date: /home/harsh/ros2_project/install/px4_msgs/include/px4_msgs/px4_msgs/msg/detail/geofence_status__type_support.h\n'}
[1.219830] (px4_msgs) StdoutLine: {'line': b'-- Installing: /home/harsh/ros2_project/install/px4_msgs/include/px4_msgs/px4_msgs/msg/detail/follow_target_status__type_support.c\n'}
[1.219867] (px4_msgs) StdoutLine: {'line': b'-- Up-to-date: /home/harsh/ros2_project/install/px4_msgs/include/px4_msgs/px4_msgs/msg/detail/debug_key_value__functions.c\n'}
[1.219905] (px4_msgs) StdoutLine: {'line': b'-- Installing: /home/harsh/ros2_project/install/px4_msgs/include/px4_msgs/px4_msgs/msg/detail/vehicle_air_data__type_support.c\n'}
[1.219942] (px4_msgs) StdoutLine: {'line': b'-- Installing: /home/harsh/ros2_project/install/px4_msgs/include/px4_msgs/px4_msgs/msg/detail/hover_thrust_estimate__type_support.c\n'}
[1.219980] (px4_msgs) StdoutLine: {'line': b'-- Up-to-date: /home/harsh/ros2_project/install/px4_msgs/include/px4_msgs/px4_msgs/msg/detail/cpuload__functions.c\n'}
[1.220019] (px4_msgs) StdoutLine: {'line': b'-- Up-to-date: /home/harsh/ros2_project/install/px4_msgs/include/px4_msgs/px4_msgs/msg/detail/message_format_request__struct.h\n'}
[1.220058] (px4_msgs) StdoutLine: {'line': b'-- Up-to-date: /home/harsh/ros2_project/install/px4_msgs/include/px4_msgs/px4_msgs/msg/detail/led_control__description.c\n'}
[1.220096] (px4_msgs) StdoutLine: {'line': b'-- Up-to-date: /home/harsh/ros2_project/install/px4_msgs/include/px4_msgs/px4_msgs/msg/detail/sensor_selection__functions.c\n'}
[1.220131] (px4_msgs) StdoutLine: {'line': b'-- Up-to-date: /home/harsh/ros2_project/install/px4_msgs/include/px4_msgs/px4_msgs/msg/detail/position_controller_landing_status__functions.h\n'}
[1.220176] (px4_msgs) StdoutLine: {'line': b'-- Up-to-date: /home/harsh/ros2_project/install/px4_msgs/include/px4_msgs/px4_msgs/msg/detail/event__type_support.h\n'}
[1.220235] (px4_msgs) StdoutLine: {'line': b'-- Installing: /home/harsh/ros2_project/install/px4_msgs/include/px4_msgs/px4_msgs/msg/detail/esc_report__type_support.c\n'}
[1.220275] (px4_msgs) StdoutLine: {'line': b'-- Up-to-date: /home/harsh/ros2_project/install/px4_msgs/include/px4_msgs/px4_msgs/msg/detail/position_setpoint__description.c\n'}
[1.220314] (px4_msgs) StdoutLine: {'line': b'-- Up-to-date: /home/harsh/ros2_project/install/px4_msgs/include/px4_msgs/px4_msgs/msg/detail/gimbal_device_set_attitude__functions.c\n'}
[1.220393] (px4_msgs) StdoutLine: {'line': b'-- Up-to-date: /home/harsh/ros2_project/install/px4_msgs/include/px4_msgs/px4_msgs/msg/detail/arming_check_request__description.c\n'}
[1.220432] (px4_msgs) StdoutLine: {'line': b'-- Up-to-date: /home/harsh/ros2_project/install/px4_msgs/include/px4_msgs/px4_msgs/msg/detail/sensor_gyro__type_support.h\n'}
[1.220478] (px4_msgs) StdoutLine: {'line': b'-- Up-to-date: /home/harsh/ros2_project/install/px4_msgs/include/px4_msgs/px4_msgs/msg/detail/vehicle_control_mode__functions.h\n'}
[1.220530] (px4_msgs) StdoutLine: {'line': b'-- Up-to-date: /home/harsh/ros2_project/install/px4_msgs/include/px4_msgs/px4_msgs/msg/detail/sensor_gnss_relative__struct.h\n'}
[1.220583] (px4_msgs) StdoutLine: {'line': b'-- Up-to-date: /home/harsh/ros2_project/install/px4_msgs/include/px4_msgs/px4_msgs/msg/detail/launch_detection_status__functions.h\n'}
[1.220632] (px4_msgs) StdoutLine: {'line': b'-- Up-to-date: /home/harsh/ros2_project/install/px4_msgs/include/px4_msgs/px4_msgs/msg/detail/sensor_accel__struct.h\n'}
[1.220677] (px4_msgs) StdoutLine: {'line': b'-- Up-to-date: /home/harsh/ros2_project/install/px4_msgs/include/px4_msgs/px4_msgs/msg/detail/parameter_update__functions.h\n'}
[1.220718] (px4_msgs) StdoutLine: {'line': b'-- Installing: /home/harsh/ros2_project/install/px4_msgs/include/px4_msgs/px4_msgs/msg/detail/failure_detector_status__type_support.c\n'}
[1.220836] (px4_msgs) StdoutLine: {'line': b'-- Installing: /home/harsh/ros2_project/install/px4_msgs/include/px4_msgs/px4_msgs/msg/detail/actuator_outputs__type_support.c\n'}
[1.220902] (px4_msgs) StdoutLine: {'line': b'-- Up-to-date: /home/harsh/ros2_project/install/px4_msgs/include/px4_msgs/px4_msgs/msg/detail/gpio_request__description.c\n'}
[1.220948] (px4_msgs) StdoutLine: {'line': b'-- Up-to-date: /home/harsh/ros2_project/install/px4_msgs/include/px4_msgs/px4_msgs/msg/detail/mount_orientation__type_support.h\n'}
[1.220990] (px4_msgs) StdoutLine: {'line': b'-- Up-to-date: /home/harsh/ros2_project/install/px4_msgs/include/px4_msgs/px4_msgs/msg/detail/differential_drive_setpoint__description.c\n'}
[1.221053] (px4_msgs) StdoutLine: {'line': b'-- Up-to-date: /home/harsh/ros2_project/install/px4_msgs/include/px4_msgs/px4_msgs/msg/detail/vehicle_land_detected__description.c\n'}
[1.221096] (px4_msgs) StdoutLine: {'line': b'-- Up-to-date: /home/harsh/ros2_project/install/px4_msgs/include/px4_msgs/px4_msgs/msg/detail/actuator_test__struct.h\n'}
[1.221131] (px4_msgs) StdoutLine: {'line': b'-- Up-to-date: /home/harsh/ros2_project/install/px4_msgs/include/px4_msgs/px4_msgs/msg/detail/estimator_selector_status__struct.h\n'}
[1.221172] (px4_msgs) StdoutLine: {'line': b'-- Up-to-date: /home/harsh/ros2_project/install/px4_msgs/include/px4_msgs/px4_msgs/msg/detail/debug_value__type_support.h\n'}
[1.221217] (px4_msgs) StdoutLine: {'line': b'-- Up-to-date: /home/harsh/ros2_project/install/px4_msgs/include/px4_msgs/px4_msgs/msg/detail/estimator_sensor_bias__functions.c\n'}
[1.221258] (px4_msgs) StdoutLine: {'line': b'-- Up-to-date: /home/harsh/ros2_project/install/px4_msgs/include/px4_msgs/px4_msgs/msg/detail/mission__functions.h\n'}
[1.221305] (px4_msgs) StdoutLine: {'line': b'-- Installing: /home/harsh/ros2_project/install/px4_msgs/include/px4_msgs/px4_msgs/msg/detail/actuator_test__type_support.c\n'}
[1.221360] (px4_msgs) StdoutLine: {'line': b'-- Up-to-date: /home/harsh/ros2_project/install/px4_msgs/include/px4_msgs/px4_msgs/msg/detail/sensor_correction__functions.c\n'}
[1.221398] (px4_msgs) StdoutLine: {'line': b'-- Up-to-date: /home/harsh/ros2_project/install/px4_msgs/include/px4_msgs/px4_msgs/msg/detail/onboard_computer_status__description.c\n'}
[1.221441] (px4_msgs) StdoutLine: {'line': b'-- Up-to-date: /home/harsh/ros2_project/install/px4_msgs/include/px4_msgs/px4_msgs/msg/detail/orb_test__description.c\n'}
[1.221496] (px4_msgs) StdoutLine: {'line': b'-- Up-to-date: /home/harsh/ros2_project/install/px4_msgs/include/px4_msgs/px4_msgs/msg/detail/dataman_request__description.c\n'}
[1.221540] (px4_msgs) StdoutLine: {'line': b'-- Up-to-date: /home/harsh/ros2_project/install/px4_msgs/include/px4_msgs/px4_msgs/msg/detail/velocity_limits__struct.h\n'}
[1.221581] (px4_msgs) StdoutLine: {'line': b'-- Up-to-date: /home/harsh/ros2_project/install/px4_msgs/include/px4_msgs/px4_msgs/msg/detail/estimator_status_flags__functions.h\n'}
[1.221620] (px4_msgs) StdoutLine: {'line': b'-- Up-to-date: /home/harsh/ros2_project/install/px4_msgs/include/px4_msgs/px4_msgs/msg/detail/hover_thrust_estimate__functions.c\n'}
[1.221658] (px4_msgs) StdoutLine: {'line': b'-- Installing: /home/harsh/ros2_project/install/px4_msgs/include/px4_msgs/px4_msgs/msg/detail/iridiumsbd_status__type_support.c\n'}
[1.221697] (px4_msgs) StdoutLine: {'line': b'-- Up-to-date: /home/harsh/ros2_project/install/px4_msgs/include/px4_msgs/px4_msgs/msg/detail/gimbal_manager_set_manual_control__description.c\n'}
[1.221735] (px4_msgs) StdoutLine: {'line': b'-- Up-to-date: /home/harsh/ros2_project/install/px4_msgs/include/px4_msgs/px4_msgs/msg/detail/mount_orientation__functions.c\n'}
[1.221771] (px4_msgs) StdoutLine: {'line': b'-- Up-to-date: /home/harsh/ros2_project/install/px4_msgs/include/px4_msgs/px4_msgs/msg/detail/gimbal_controls__functions.h\n'}
[1.221807] (px4_msgs) StdoutLine: {'line': b'-- Up-to-date: /home/harsh/ros2_project/install/px4_msgs/include/px4_msgs/px4_msgs/msg/detail/trajectory_waypoint__struct.h\n'}
[1.221860] (px4_msgs) StdoutLine: {'line': b'-- Up-to-date: /home/harsh/ros2_project/install/px4_msgs/include/px4_msgs/px4_msgs/msg/detail/control_allocator_status__functions.c\n'}
[1.221987] (px4_msgs) StdoutLine: {'line': b'-- Installing: /home/harsh/ros2_project/install/px4_msgs/include/px4_msgs/px4_msgs/msg/detail/normalized_unsigned_setpoint__type_support.c\n'}
[1.222130] (px4_msgs) StdoutLine: {'line': b'-- Up-to-date: /home/harsh/ros2_project/install/px4_msgs/include/px4_msgs/px4_msgs/msg/detail/orbit_status__description.c\n'}
[1.222195] (px4_msgs) StdoutLine: {'line': b'-- Up-to-date: /home/harsh/ros2_project/install/px4_msgs/include/px4_msgs/px4_msgs/msg/detail/goto_setpoint__struct.h\n'}
[1.222243] (px4_msgs) StdoutLine: {'line': b'-- Up-to-date: /home/harsh/ros2_project/install/px4_msgs/include/px4_msgs/px4_msgs/msg/detail/orb_test_medium__functions.h\n'}
[1.222283] (px4_msgs) StdoutLine: {'line': b'-- Up-to-date: /home/harsh/ros2_project/install/px4_msgs/include/px4_msgs/px4_msgs/msg/detail/message_format_request__type_support.h\n'}
[1.222348] (px4_msgs) StdoutLine: {'line': b'-- Up-to-date: /home/harsh/ros2_project/install/px4_msgs/include/px4_msgs/px4_msgs/msg/detail/event__functions.h\n'}
[1.222394] (px4_msgs) StdoutLine: {'line': b'-- Up-to-date: /home/harsh/ros2_project/install/px4_msgs/include/px4_msgs/px4_msgs/msg/detail/mount_orientation__description.c\n'}
[1.222439] (px4_msgs) StdoutLine: {'line': b'-- Up-to-date: /home/harsh/ros2_project/install/px4_msgs/include/px4_msgs/px4_msgs/msg/detail/landing_target_innovations__type_support.h\n'}
[1.222530] (px4_msgs) StdoutLine: {'line': b'-- Installing: /home/harsh/ros2_project/install/px4_msgs/include/px4_msgs/px4_msgs/msg/detail/vehicle_angular_acceleration_setpoint__type_support.c\n'}
[1.222608] (px4_msgs) StdoutLine: {'line': b'-- Up-to-date: /home/harsh/ros2_project/install/px4_msgs/include/px4_msgs/px4_msgs/msg/detail/action_request__functions.h\n'}
[1.222665] (px4_msgs) StdoutLine: {'line': b'-- Installing: /home/harsh/ros2_project/install/px4_msgs/include/px4_msgs/px4_msgs/msg/detail/qshell_req__type_support.c\n'}
[1.222701] (px4_msgs) StdoutLine: {'line': b'-- Up-to-date: /home/harsh/ros2_project/install/px4_msgs/include/px4_msgs/px4_msgs/msg/detail/sensor_correction__struct.h\n'}
[1.222741] (px4_msgs) StdoutLine: {'line': b'-- Up-to-date: /home/harsh/ros2_project/install/px4_msgs/include/px4_msgs/px4_msgs/msg/detail/magnetometer_bias_estimate__functions.c\n'}
[1.222781] (px4_msgs) StdoutLine: {'line': b'-- Up-to-date: /home/harsh/ros2_project/install/px4_msgs/include/px4_msgs/px4_msgs/msg/detail/qshell_retval__functions.h\n'}
[1.222821] (px4_msgs) StdoutLine: {'line': b'-- Installing: /home/harsh/ros2_project/install/px4_msgs/include/px4_msgs/px4_msgs/msg/detail/esc_status__type_support.c\n'}
[1.223035] (px4_msgs) StdoutLine: {'line': b'-- Up-to-date: /home/harsh/ros2_project/install/px4_msgs/include/px4_msgs/px4_msgs/msg/detail/sensor_gyro_fft__functions.c\n'}
[1.223117] (px4_msgs) StdoutLine: {'line': b'-- Up-to-date: /home/harsh/ros2_project/install/px4_msgs/include/px4_msgs/px4_msgs/msg/detail/vehicle_imu__struct.h\n'}
[1.223163] (px4_msgs) StdoutLine: {'line': b'-- Up-to-date: /home/harsh/ros2_project/install/px4_msgs/include/px4_msgs/px4_msgs/msg/detail/message_format_response__functions.h\n'}
[1.223216] (px4_msgs) StdoutLine: {'line': b'-- Up-to-date: /home/harsh/ros2_project/install/px4_msgs/include/px4_msgs/px4_msgs/msg/detail/actuator_controls_status__functions.h\n'}
[1.223274] (px4_msgs) StdoutLine: {'line': b'-- Up-to-date: /home/harsh/ros2_project/install/px4_msgs/include/px4_msgs/px4_msgs/msg/detail/vehicle_odometry__description.c\n'}
[1.223331] (px4_msgs) StdoutLine: {'line': b'-- Up-to-date: /home/harsh/ros2_project/install/px4_msgs/include/px4_msgs/px4_msgs/msg/detail/uavcan_parameter_value__struct.h\n'}
[1.223600] (px4_msgs) StdoutLine: {'line': b'-- Installing: /home/harsh/ros2_project/install/px4_msgs/include/px4_msgs/px4_msgs/msg/detail/actuator_armed__type_support.c\n'}
[1.223662] (px4_msgs) StdoutLine: {'line': b'-- Up-to-date: /home/harsh/ros2_project/install/px4_msgs/include/px4_msgs/px4_msgs/msg/detail/offboard_control_mode__struct.h\n'}
[1.223712] (px4_msgs) StdoutLine: {'line': b'-- Up-to-date: /home/harsh/ros2_project/install/px4_msgs/include/px4_msgs/px4_msgs/msg/detail/goto_setpoint__description.c\n'}
[1.223761] (px4_msgs) StdoutLine: {'line': b'-- Up-to-date: /home/harsh/ros2_project/install/px4_msgs/include/px4_msgs/px4_msgs/msg/detail/manual_control_switches__functions.h\n'}
[1.223805] (px4_msgs) StdoutLine: {'line': b'-- Installing: /home/harsh/ros2_project/install/px4_msgs/include/px4_msgs/px4_msgs/msg/detail/dataman_request__type_support.c\n'}
[1.223857] (px4_msgs) StdoutLine: {'line': b'-- Up-to-date: /home/harsh/ros2_project/install/px4_msgs/include/px4_msgs/px4_msgs/msg/detail/vehicle_imu__functions.h\n'}
[1.223911] (px4_msgs) StdoutLine: {'line': b'-- Installing: /home/harsh/ros2_project/install/px4_msgs/include/px4_msgs/px4_msgs/msg/detail/obstacle_distance__type_support.c\n'}
[1.223968] (px4_msgs) StdoutLine: {'line': b'-- Up-to-date: /home/harsh/ros2_project/install/px4_msgs/include/px4_msgs/px4_msgs/msg/detail/sensors_status_imu__description.c\n'}
[1.224029] (px4_msgs) StdoutLine: {'line': b'-- Up-to-date: /home/harsh/ros2_project/install/px4_msgs/include/px4_msgs/px4_msgs/msg/detail/mavlink_tunnel__struct.h\n'}
[1.224099] (px4_msgs) StdoutLine: {'line': b'-- Up-to-date: /home/harsh/ros2_project/install/px4_msgs/include/px4_msgs/px4_msgs/msg/detail/vehicle_odometry__struct.h\n'}
[1.224163] (px4_msgs) StdoutLine: {'line': b'-- Up-to-date: /home/harsh/ros2_project/install/px4_msgs/include/px4_msgs/px4_msgs/msg/detail/vehicle_command__type_support.h\n'}
[1.224252] (px4_msgs) StdoutLine: {'line': b'-- Up-to-date: /home/harsh/ros2_project/install/px4_msgs/include/px4_msgs/px4_msgs/msg/detail/gripper__type_support.h\n'}
[1.224319] (px4_msgs) StdoutLine: {'line': b'-- Up-to-date: /home/harsh/ros2_project/install/px4_msgs/include/px4_msgs/px4_msgs/msg/detail/flight_phase_estimation__functions.h\n'}
[1.224387] (px4_msgs) StdoutLine: {'line': b'-- Up-to-date: /home/harsh/ros2_project/install/px4_msgs/include/px4_msgs/px4_msgs/msg/detail/parameter_set_value_response__description.c\n'}
[1.224429] (px4_msgs) StdoutLine: {'line': b'-- Up-to-date: /home/harsh/ros2_project/install/px4_msgs/include/px4_msgs/px4_msgs/msg/detail/tiltrotor_extra_controls__functions.h\n'}
[1.224467] (px4_msgs) StdoutLine: {'line': b'-- Up-to-date: /home/harsh/ros2_project/install/px4_msgs/include/px4_msgs/px4_msgs/msg/detail/tune_control__functions.h\n'}
[1.224508] (px4_msgs) StdoutLine: {'line': b'-- Up-to-date: /home/harsh/ros2_project/install/px4_msgs/include/px4_msgs/px4_msgs/msg/detail/sensor_mag__functions.c\n'}
[1.224549] (px4_msgs) StdoutLine: {'line': b'-- Installing: /home/harsh/ros2_project/install/px4_msgs/include/px4_msgs/px4_msgs/msg/detail/ping__type_support.c\n'}
[1.224673] (px4_msgs) StdoutLine: {'line': b'-- Up-to-date: /home/harsh/ros2_project/install/px4_msgs/include/px4_msgs/px4_msgs/msg/detail/vehicle_attitude__functions.c\n'}
[1.224795] (px4_msgs) StdoutLine: {'line': b'-- Up-to-date: /home/harsh/ros2_project/install/px4_msgs/include/px4_msgs/px4_msgs/msg/detail/sensor_gyro_fft__type_support.h\n'}
[1.224856] (px4_msgs) StdoutLine: {'line': b'-- Up-to-date: /home/harsh/ros2_project/install/px4_msgs/include/px4_msgs/px4_msgs/msg/detail/landing_target_pose__functions.h\n'}
[1.224960] (px4_msgs) StdoutLine: {'line': b'-- Up-to-date: /home/harsh/ros2_project/install/px4_msgs/include/px4_msgs/px4_msgs/msg/detail/adc_report__description.c\n'}
[1.225018] (px4_msgs) StdoutLine: {'line': b'-- Up-to-date: /home/harsh/ros2_project/install/px4_msgs/include/px4_msgs/px4_msgs/msg/detail/gps_dump__description.c\n'}
[1.225082] (px4_msgs) StdoutLine: {'line': b'-- Up-to-date: /home/harsh/ros2_project/install/px4_msgs/include/px4_msgs/px4_msgs/msg/detail/gps_dump__functions.h\n'}
[1.225183] (px4_msgs) StdoutLine: {'line': b'-- Up-to-date: /home/harsh/ros2_project/install/px4_msgs/include/px4_msgs/px4_msgs/msg/detail/mag_worker_data__struct.h\n'}
[1.225310] (px4_msgs) StdoutLine: {'line': b'-- Up-to-date: /home/harsh/ros2_project/install/px4_msgs/include/px4_msgs/px4_msgs/msg/detail/heater_status__functions.c\n'}
[1.225374] (px4_msgs) StdoutLine: {'line': b'-- Up-to-date: /home/harsh/ros2_project/install/px4_msgs/include/px4_msgs/px4_msgs/msg/detail/iridiumsbd_status__description.c\n'}
[1.225435] (px4_msgs) StdoutLine: {'line': b'-- Up-to-date: /home/harsh/ros2_project/install/px4_msgs/include/px4_msgs/px4_msgs/msg/detail/gimbal_manager_information__description.c\n'}
[1.225495] (px4_msgs) StdoutLine: {'line': b'-- Up-to-date: /home/harsh/ros2_project/install/px4_msgs/include/px4_msgs/px4_msgs/msg/detail/ulog_stream__functions.c\n'}
[1.225551] (px4_msgs) StdoutLine: {'line': b'-- Installing: /home/harsh/ros2_project/install/px4_msgs/include/px4_msgs/px4_msgs/msg/detail/estimator_status_flags__type_support.c\n'}
[1.225598] (px4_msgs) StdoutLine: {'line': b'-- Installing: /home/harsh/ros2_project/install/px4_msgs/include/px4_msgs/px4_msgs/msg/detail/gpio_out__type_support.c\n'}
[1.225649] (px4_msgs) StdoutLine: {'line': b'-- Up-to-date: /home/harsh/ros2_project/install/px4_msgs/include/px4_msgs/px4_msgs/msg/detail/gripper__struct.h\n'}
[1.225707] (px4_msgs) StdoutLine: {'line': b'-- Up-to-date: /home/harsh/ros2_project/install/px4_msgs/include/px4_msgs/px4_msgs/msg/detail/cpuload__functions.h\n'}
[1.225776] (px4_msgs) StdoutLine: {'line': b'-- Up-to-date: /home/harsh/ros2_project/install/px4_msgs/include/px4_msgs/px4_msgs/msg/detail/internal_combustion_engine_status__type_support.h\n'}
[1.225874] (px4_msgs) StdoutLine: {'line': b'-- Up-to-date: /home/harsh/ros2_project/install/px4_msgs/include/px4_msgs/px4_msgs/msg/detail/sensor_baro__functions.c\n'}
[1.226113] (px4_msgs) StdoutLine: {'line': b'-- Up-to-date: /home/harsh/ros2_project/install/px4_msgs/include/px4_msgs/px4_msgs/srv\n'}
[1.226172] (px4_msgs) StdoutLine: {'line': b'-- Up-to-date: /home/harsh/ros2_project/install/px4_msgs/include/px4_msgs/px4_msgs/srv/vehicle_command.h\n'}
[1.226222] (px4_msgs) StdoutLine: {'line': b'-- Up-to-date: /home/harsh/ros2_project/install/px4_msgs/include/px4_msgs/px4_msgs/srv/detail\n'}
[1.226268] (px4_msgs) StdoutLine: {'line': b'-- Up-to-date: /home/harsh/ros2_project/install/px4_msgs/include/px4_msgs/px4_msgs/srv/detail/vehicle_command__functions.c\n'}
[1.226311] (px4_msgs) StdoutLine: {'line': b'-- Up-to-date: /home/harsh/ros2_project/install/px4_msgs/include/px4_msgs/px4_msgs/srv/detail/vehicle_command__functions.h\n'}
[1.226378] (px4_msgs) StdoutLine: {'line': b'-- Installing: /home/harsh/ros2_project/install/px4_msgs/include/px4_msgs/px4_msgs/srv/detail/vehicle_command__type_support.c\n'}
[1.226474] (px4_msgs) StdoutLine: {'line': b'-- Up-to-date: /home/harsh/ros2_project/install/px4_msgs/include/px4_msgs/px4_msgs/srv/detail/vehicle_command__struct.h\n'}
[1.226733] (px4_msgs) StdoutLine: {'line': b'-- Up-to-date: /home/harsh/ros2_project/install/px4_msgs/include/px4_msgs/px4_msgs/srv/detail/vehicle_command__description.c\n'}
[1.226859] (px4_msgs) StdoutLine: {'line': b'-- Up-to-date: /home/harsh/ros2_project/install/px4_msgs/include/px4_msgs/px4_msgs/srv/detail/vehicle_command__type_support.h\n'}
[1.226933] (px4_msgs) StdoutLine: {'line': b'-- Up-to-date: /home/harsh/ros2_project/install/px4_msgs/share/px4_msgs/environment/library_path.sh\n'}
[1.226992] (px4_msgs) StdoutLine: {'line': b'-- Up-to-date: /home/harsh/ros2_project/install/px4_msgs/share/px4_msgs/environment/library_path.dsv\n'}
[1.227037] (px4_msgs) StdoutLine: {'line': b'-- Up-to-date: /home/harsh/ros2_project/install/px4_msgs/lib/libpx4_msgs__rosidl_generator_c.so\n'}
[1.227080] (px4_msgs) StdoutLine: {'line': b'-- Up-to-date: /home/harsh/ros2_project/install/px4_msgs/include/px4_msgs/px4_msgs\n'}
[1.227128] (px4_msgs) StdoutLine: {'line': b'-- Up-to-date: /home/harsh/ros2_project/install/px4_msgs/include/px4_msgs/px4_msgs/msg\n'}
[1.227169] (px4_msgs) StdoutLine: {'line': b'-- Up-to-date: /home/harsh/ros2_project/install/px4_msgs/include/px4_msgs/px4_msgs/msg/rosidl_typesupport_fastrtps_c__visibility_control.h\n'}
[1.227277] (px4_msgs) StdoutLine: {'line': b'-- Up-to-date: /home/harsh/ros2_project/install/px4_msgs/include/px4_msgs/px4_msgs/msg/detail\n'}
[1.227334] (px4_msgs) StdoutLine: {'line': b'-- Up-to-date: /home/harsh/ros2_project/install/px4_msgs/include/px4_msgs/px4_msgs/msg/detail/airspeed_wind__rosidl_typesupport_fastrtps_c.h\n'}
[1.243551] (px4_msgs) StdoutLine: {'line': b'-- Up-to-date: /home/harsh/ros2_project/install/px4_msgs/include/px4_msgs/px4_msgs/msg/detail/power_monitor__rosidl_typesupport_fastrtps_c.h\n'}
[1.243642] (px4_msgs) StdoutLine: {'line': b'-- Up-to-date: /home/harsh/ros2_project/install/px4_msgs/include/px4_msgs/px4_msgs/msg/detail/can_interface_status__rosidl_typesupport_fastrtps_c.h\n'}
[1.243682] (px4_msgs) StdoutLine: {'line': b'-- Up-to-date: /home/harsh/ros2_project/install/px4_msgs/include/px4_msgs/px4_msgs/msg/detail/debug_value__rosidl_typesupport_fastrtps_c.h\n'}
[1.243720] (px4_msgs) StdoutLine: {'line': b'-- Up-to-date: /home/harsh/ros2_project/install/px4_msgs/include/px4_msgs/px4_msgs/msg/detail/geofence_status__rosidl_typesupport_fastrtps_c.h\n'}
[1.243889] (px4_msgs) StdoutLine: {'line': b'-- Up-to-date: /home/harsh/ros2_project/install/px4_msgs/include/px4_msgs/px4_msgs/msg/detail/vehicle_acceleration__rosidl_typesupport_fastrtps_c.h\n'}
[1.243938] (px4_msgs) StdoutLine: {'line': b'-- Up-to-date: /home/harsh/ros2_project/install/px4_msgs/include/px4_msgs/px4_msgs/msg/detail/esc_report__rosidl_typesupport_fastrtps_c.h\n'}
[1.243976] (px4_msgs) StdoutLine: {'line': b'-- Up-to-date: /home/harsh/ros2_project/install/px4_msgs/include/px4_msgs/px4_msgs/msg/detail/rc_parameter_map__rosidl_typesupport_fastrtps_c.h\n'}
[1.244016] (px4_msgs) StdoutLine: {'line': b'-- Up-to-date: /home/harsh/ros2_project/install/px4_msgs/include/px4_msgs/px4_msgs/msg/detail/register_ext_component_reply__rosidl_typesupport_fastrtps_c.h\n'}
[1.244052] (px4_msgs) StdoutLine: {'line': b'-- Up-to-date: /home/harsh/ros2_project/install/px4_msgs/include/px4_msgs/px4_msgs/msg/detail/estimator_aid_source3d__rosidl_typesupport_fastrtps_c.h\n'}
[1.244088] (px4_msgs) StdoutLine: {'line': b'-- Up-to-date: /home/harsh/ros2_project/install/px4_msgs/include/px4_msgs/px4_msgs/msg/detail/gpio_request__rosidl_typesupport_fastrtps_c.h\n'}
[1.244123] (px4_msgs) StdoutLine: {'line': b'-- Up-to-date: /home/harsh/ros2_project/install/px4_msgs/include/px4_msgs/px4_msgs/msg/detail/cpuload__rosidl_typesupport_fastrtps_c.h\n'}
[1.244159] (px4_msgs) StdoutLine: {'line': b'-- Up-to-date: /home/harsh/ros2_project/install/px4_msgs/include/px4_msgs/px4_msgs/msg/detail/differential_drive_setpoint__rosidl_typesupport_fastrtps_c.h\n'}
[1.244192] (px4_msgs) StdoutLine: {'line': b'-- Up-to-date: /home/harsh/ros2_project/install/px4_msgs/include/px4_msgs/px4_msgs/msg/detail/actuator_motors__rosidl_typesupport_fastrtps_c.h\n'}
[1.244225] (px4_msgs) StdoutLine: {'line': b'-- Up-to-date: /home/harsh/ros2_project/install/px4_msgs/include/px4_msgs/px4_msgs/msg/detail/trajectory_waypoint__rosidl_typesupport_fastrtps_c.h\n'}
[1.244258] (px4_msgs) StdoutLine: {'line': b'-- Up-to-date: /home/harsh/ros2_project/install/px4_msgs/include/px4_msgs/px4_msgs/msg/detail/launch_detection_status__rosidl_typesupport_fastrtps_c.h\n'}
[1.244294] (px4_msgs) StdoutLine: {'line': b'-- Up-to-date: /home/harsh/ros2_project/install/px4_msgs/include/px4_msgs/px4_msgs/msg/detail/dataman_response__rosidl_typesupport_fastrtps_c.h\n'}
[1.244331] (px4_msgs) StdoutLine: {'line': b'-- Up-to-date: /home/harsh/ros2_project/install/px4_msgs/include/px4_msgs/px4_msgs/msg/detail/vehicle_control_mode__rosidl_typesupport_fastrtps_c.h\n'}
[1.244375] (px4_msgs) StdoutLine: {'line': b'-- Up-to-date: /home/harsh/ros2_project/install/px4_msgs/include/px4_msgs/px4_msgs/msg/detail/estimator_selector_status__rosidl_typesupport_fastrtps_c.h\n'}
[1.244411] (px4_msgs) StdoutLine: {'line': b'-- Up-to-date: /home/harsh/ros2_project/install/px4_msgs/include/px4_msgs/px4_msgs/msg/detail/log_message__rosidl_typesupport_fastrtps_c.h\n'}
[1.244445] (px4_msgs) StdoutLine: {'line': b'-- Up-to-date: /home/harsh/ros2_project/install/px4_msgs/include/px4_msgs/px4_msgs/msg/detail/collision_report__rosidl_typesupport_fastrtps_c.h\n'}
[1.244478] (px4_msgs) StdoutLine: {'line': b'-- Up-to-date: /home/harsh/ros2_project/install/px4_msgs/include/px4_msgs/px4_msgs/msg/detail/sensor_gyro__rosidl_typesupport_fastrtps_c.h\n'}
[1.244511] (px4_msgs) StdoutLine: {'line': b'-- Up-to-date: /home/harsh/ros2_project/install/px4_msgs/include/px4_msgs/px4_msgs/msg/detail/vehicle_command_ack__rosidl_typesupport_fastrtps_c.h\n'}
[1.244545] (px4_msgs) StdoutLine: {'line': b'-- Up-to-date: /home/harsh/ros2_project/install/px4_msgs/include/px4_msgs/px4_msgs/msg/detail/onboard_computer_status__rosidl_typesupport_fastrtps_c.h\n'}
[1.244577] (px4_msgs) StdoutLine: {'line': b'-- Up-to-date: /home/harsh/ros2_project/install/px4_msgs/include/px4_msgs/px4_msgs/msg/detail/telemetry_status__rosidl_typesupport_fastrtps_c.h\n'}
[1.244610] (px4_msgs) StdoutLine: {'line': b'-- Up-to-date: /home/harsh/ros2_project/install/px4_msgs/include/px4_msgs/px4_msgs/msg/detail/vtol_vehicle_status__rosidl_typesupport_fastrtps_c.h\n'}
[1.244644] (px4_msgs) StdoutLine: {'line': b'-- Up-to-date: /home/harsh/ros2_project/install/px4_msgs/include/px4_msgs/px4_msgs/msg/detail/estimator_bias__rosidl_typesupport_fastrtps_c.h\n'}
[1.244676] (px4_msgs) StdoutLine: {'line': b'-- Up-to-date: /home/harsh/ros2_project/install/px4_msgs/include/px4_msgs/px4_msgs/msg/detail/parameter_set_value_request__rosidl_typesupport_fastrtps_c.h\n'}
[1.244708] (px4_msgs) StdoutLine: {'line': b'-- Up-to-date: /home/harsh/ros2_project/install/px4_msgs/include/px4_msgs/px4_msgs/msg/detail/trajectory_setpoint__rosidl_typesupport_fastrtps_c.h\n'}
[1.244775] (px4_msgs) StdoutLine: {'line': b'-- Up-to-date: /home/harsh/ros2_project/install/px4_msgs/include/px4_msgs/px4_msgs/msg/detail/trajectory_bezier__rosidl_typesupport_fastrtps_c.h\n'}
[1.244809] (px4_msgs) StdoutLine: {'line': b'-- Up-to-date: /home/harsh/ros2_project/install/px4_msgs/include/px4_msgs/px4_msgs/msg/detail/failsafe_flags__rosidl_typesupport_fastrtps_c.h\n'}
[1.244842] (px4_msgs) StdoutLine: {'line': b'-- Up-to-date: /home/harsh/ros2_project/install/px4_msgs/include/px4_msgs/px4_msgs/msg/detail/battery_status__rosidl_typesupport_fastrtps_c.h\n'}
[1.244876] (px4_msgs) StdoutLine: {'line': b'-- Up-to-date: /home/harsh/ros2_project/install/px4_msgs/include/px4_msgs/px4_msgs/msg/detail/estimator_aid_source1d__rosidl_typesupport_fastrtps_c.h\n'}
[1.245131] (px4_msgs) StdoutLine: {'line': b'-- Up-to-date: /home/harsh/ros2_project/install/px4_msgs/include/px4_msgs/px4_msgs/msg/detail/mission_result__rosidl_typesupport_fastrtps_c.h\n'}
[1.245271] (px4_msgs) StdoutLine: {'line': b'-- Up-to-date: /home/harsh/ros2_project/install/px4_msgs/include/px4_msgs/px4_msgs/msg/detail/rpm__rosidl_typesupport_fastrtps_c.h\n'}
[1.245405] (px4_msgs) StdoutLine: {'line': b'-- Up-to-date: /home/harsh/ros2_project/install/px4_msgs/include/px4_msgs/px4_msgs/msg/detail/figure_eight_status__rosidl_typesupport_fastrtps_c.h\n'}
[1.245517] (px4_msgs) StdoutLine: {'line': b'-- Up-to-date: /home/harsh/ros2_project/install/px4_msgs/include/px4_msgs/px4_msgs/msg/detail/gps_inject_data__rosidl_typesupport_fastrtps_c.h\n'}
[1.245603] (px4_msgs) StdoutLine: {'line': b'-- Up-to-date: /home/harsh/ros2_project/install/px4_msgs/include/px4_msgs/px4_msgs/msg/detail/px4io_status__rosidl_typesupport_fastrtps_c.h\n'}
[1.245674] (px4_msgs) StdoutLine: {'line': b'-- Up-to-date: /home/harsh/ros2_project/install/px4_msgs/include/px4_msgs/px4_msgs/msg/detail/sensor_optical_flow__rosidl_typesupport_fastrtps_c.h\n'}
[1.245743] (px4_msgs) StdoutLine: {'line': b'-- Up-to-date: /home/harsh/ros2_project/install/px4_msgs/include/px4_msgs/px4_msgs/msg/detail/internal_combustion_engine_status__rosidl_typesupport_fastrtps_c.h\n'}
[1.245811] (px4_msgs) StdoutLine: {'line': b'-- Up-to-date: /home/harsh/ros2_project/install/px4_msgs/include/px4_msgs/px4_msgs/msg/detail/gimbal_manager_set_manual_control__rosidl_typesupport_fastrtps_c.h\n'}
[1.245876] (px4_msgs) StdoutLine: {'line': b'-- Up-to-date: /home/harsh/ros2_project/install/px4_msgs/include/px4_msgs/px4_msgs/msg/detail/actuator_controls_status__rosidl_typesupport_fastrtps_c.h\n'}
[1.245943] (px4_msgs) StdoutLine: {'line': b'-- Up-to-date: /home/harsh/ros2_project/install/px4_msgs/include/px4_msgs/px4_msgs/msg/detail/follow_target__rosidl_typesupport_fastrtps_c.h\n'}
[1.246007] (px4_msgs) StdoutLine: {'line': b'-- Up-to-date: /home/harsh/ros2_project/install/px4_msgs/include/px4_msgs/px4_msgs/msg/detail/gimbal_device_set_attitude__rosidl_typesupport_fastrtps_c.h\n'}
[1.246073] (px4_msgs) StdoutLine: {'line': b'-- Up-to-date: /home/harsh/ros2_project/install/px4_msgs/include/px4_msgs/px4_msgs/msg/detail/satellite_info__rosidl_typesupport_fastrtps_c.h\n'}
[1.246137] (px4_msgs) StdoutLine: {'line': b'-- Up-to-date: /home/harsh/ros2_project/install/px4_msgs/include/px4_msgs/px4_msgs/msg/detail/takeoff_status__rosidl_typesupport_fastrtps_c.h\n'}
[1.246202] (px4_msgs) StdoutLine: {'line': b'-- Up-to-date: /home/harsh/ros2_project/install/px4_msgs/include/px4_msgs/px4_msgs/msg/detail/sensor_accel_fifo__rosidl_typesupport_fastrtps_c.h\n'}
[1.246266] (px4_msgs) StdoutLine: {'line': b'-- Up-to-date: /home/harsh/ros2_project/install/px4_msgs/include/px4_msgs/px4_msgs/msg/detail/vehicle_rates_setpoint__rosidl_typesupport_fastrtps_c.h\n'}
[1.246381] (px4_msgs) StdoutLine: {'line': b'-- Up-to-date: /home/harsh/ros2_project/install/px4_msgs/include/px4_msgs/px4_msgs/msg/detail/npfg_status__rosidl_typesupport_fastrtps_c.h\n'}
[1.246671] (px4_msgs) StdoutLine: {'line': b'-- Up-to-date: /home/harsh/ros2_project/install/px4_msgs/include/px4_msgs/px4_msgs/msg/detail/home_position__rosidl_typesupport_fastrtps_c.h\n'}
[1.246791] (px4_msgs) StdoutLine: {'line': b'-- Up-to-date: /home/harsh/ros2_project/install/px4_msgs/include/px4_msgs/px4_msgs/msg/detail/position_controller_landing_status__rosidl_typesupport_fastrtps_c.h\n'}
[1.246980] (px4_msgs) StdoutLine: {'line': b'-- Up-to-date: /home/harsh/ros2_project/install/px4_msgs/include/px4_msgs/px4_msgs/msg/detail/mavlink_tunnel__rosidl_typesupport_fastrtps_c.h\n'}
[1.247060] (px4_msgs) StdoutLine: {'line': b'-- Up-to-date: /home/harsh/ros2_project/install/px4_msgs/include/px4_msgs/px4_msgs/msg/detail/wind__rosidl_typesupport_fastrtps_c.h\n'}
[1.247136] (px4_msgs) StdoutLine: {'line': b'-- Up-to-date: /home/harsh/ros2_project/install/px4_msgs/include/px4_msgs/px4_msgs/msg/detail/arming_check_request__rosidl_typesupport_fastrtps_c.h\n'}
[1.247350] (px4_msgs) StdoutLine: {'line': b'-- Up-to-date: /home/harsh/ros2_project/install/px4_msgs/include/px4_msgs/px4_msgs/msg/detail/debug_array__rosidl_typesupport_fastrtps_c.h\n'}
[1.247469] (px4_msgs) StdoutLine: {'line': b'-- Up-to-date: /home/harsh/ros2_project/install/px4_msgs/include/px4_msgs/px4_msgs/msg/detail/sensor_accel__rosidl_typesupport_fastrtps_c.h\n'}
[1.247508] (px4_msgs) StdoutLine: {'line': b'-- Up-to-date: /home/harsh/ros2_project/install/px4_msgs/include/px4_msgs/px4_msgs/msg/detail/gripper__rosidl_typesupport_fastrtps_c.h\n'}
[1.247552] (px4_msgs) StdoutLine: {'line': b'-- Up-to-date: /home/harsh/ros2_project/install/px4_msgs/include/px4_msgs/px4_msgs/msg/detail/debug_vect__rosidl_typesupport_fastrtps_c.h\n'}
[1.247588] (px4_msgs) StdoutLine: {'line': b'-- Up-to-date: /home/harsh/ros2_project/install/px4_msgs/include/px4_msgs/px4_msgs/msg/detail/task_stack_info__rosidl_typesupport_fastrtps_c.h\n'}
[1.247657] (px4_msgs) StdoutLine: {'line': b'-- Up-to-date: /home/harsh/ros2_project/install/px4_msgs/include/px4_msgs/px4_msgs/msg/detail/estimator_gps_status__rosidl_typesupport_fastrtps_c.h\n'}
[1.247689] (px4_msgs) StdoutLine: {'line': b'-- Up-to-date: /home/harsh/ros2_project/install/px4_msgs/include/px4_msgs/px4_msgs/msg/detail/sensor_gps__rosidl_typesupport_fastrtps_c.h\n'}
[1.247724] (px4_msgs) StdoutLine: {'line': b'-- Up-to-date: /home/harsh/ros2_project/install/px4_msgs/include/px4_msgs/px4_msgs/msg/detail/estimator_status_flags__rosidl_typesupport_fastrtps_c.h\n'}
[1.247755] (px4_msgs) StdoutLine: {'line': b'-- Up-to-date: /home/harsh/ros2_project/install/px4_msgs/include/px4_msgs/px4_msgs/msg/detail/sensor_gyro_fifo__rosidl_typesupport_fastrtps_c.h\n'}
[1.247787] (px4_msgs) StdoutLine: {'line': b'-- Up-to-date: /home/harsh/ros2_project/install/px4_msgs/include/px4_msgs/px4_msgs/msg/detail/velocity_limits__rosidl_typesupport_fastrtps_c.h\n'}
[1.247818] (px4_msgs) StdoutLine: {'line': b'-- Up-to-date: /home/harsh/ros2_project/install/px4_msgs/include/px4_msgs/px4_msgs/msg/detail/tiltrotor_extra_controls__rosidl_typesupport_fastrtps_c.h\n'}
[1.247848] (px4_msgs) StdoutLine: {'line': b'-- Up-to-date: /home/harsh/ros2_project/install/px4_msgs/include/px4_msgs/px4_msgs/msg/detail/tecs_status__rosidl_typesupport_fastrtps_c.h\n'}
[1.247879] (px4_msgs) StdoutLine: {'line': b'-- Up-to-date: /home/harsh/ros2_project/install/px4_msgs/include/px4_msgs/px4_msgs/msg/detail/vehicle_imu__rosidl_typesupport_fastrtps_c.h\n'}
[1.247908] (px4_msgs) StdoutLine: {'line': b'-- Up-to-date: /home/harsh/ros2_project/install/px4_msgs/include/px4_msgs/px4_msgs/msg/detail/actuator_test__rosidl_typesupport_fastrtps_c.h\n'}
[1.247939] (px4_msgs) StdoutLine: {'line': b'-- Up-to-date: /home/harsh/ros2_project/install/px4_msgs/include/px4_msgs/px4_msgs/msg/detail/rc_channels__rosidl_typesupport_fastrtps_c.h\n'}
[1.247969] (px4_msgs) StdoutLine: {'line': b'-- Up-to-date: /home/harsh/ros2_project/install/px4_msgs/include/px4_msgs/px4_msgs/msg/detail/airspeed_validated__rosidl_typesupport_fastrtps_c.h\n'}
[1.247999] (px4_msgs) StdoutLine: {'line': b'-- Up-to-date: /home/harsh/ros2_project/install/px4_msgs/include/px4_msgs/px4_msgs/msg/detail/geofence_result__rosidl_typesupport_fastrtps_c.h\n'}
[1.248031] (px4_msgs) StdoutLine: {'line': b'-- Up-to-date: /home/harsh/ros2_project/install/px4_msgs/include/px4_msgs/px4_msgs/msg/detail/vehicle_local_position_setpoint__rosidl_typesupport_fastrtps_c.h\n'}
[1.248064] (px4_msgs) StdoutLine: {'line': b'-- Up-to-date: /home/harsh/ros2_project/install/px4_msgs/include/px4_msgs/px4_msgs/msg/detail/vehicle_trajectory_bezier__rosidl_typesupport_fastrtps_c.h\n'}
[1.248095] (px4_msgs) StdoutLine: {'line': b'-- Up-to-date: /home/harsh/ros2_project/install/px4_msgs/include/px4_msgs/px4_msgs/msg/detail/landing_target_innovations__rosidl_typesupport_fastrtps_c.h\n'}
[1.248126] (px4_msgs) StdoutLine: {'line': b'-- Up-to-date: /home/harsh/ros2_project/install/px4_msgs/include/px4_msgs/px4_msgs/msg/detail/hover_thrust_estimate__rosidl_typesupport_fastrtps_c.h\n'}
[1.248156] (px4_msgs) StdoutLine: {'line': b'-- Up-to-date: /home/harsh/ros2_project/install/px4_msgs/include/px4_msgs/px4_msgs/msg/detail/gimbal_manager_information__rosidl_typesupport_fastrtps_c.h\n'}
[1.248192] (px4_msgs) StdoutLine: {'line': b'-- Up-to-date: /home/harsh/ros2_project/install/px4_msgs/include/px4_msgs/px4_msgs/msg/detail/mode_completed__rosidl_typesupport_fastrtps_c.h\n'}
[1.248226] (px4_msgs) StdoutLine: {'line': b'-- Up-to-date: /home/harsh/ros2_project/install/px4_msgs/include/px4_msgs/px4_msgs/msg/detail/led_control__rosidl_typesupport_fastrtps_c.h\n'}
[1.248292] (px4_msgs) StdoutLine: {'line': b'-- Up-to-date: /home/harsh/ros2_project/install/px4_msgs/include/px4_msgs/px4_msgs/msg/detail/mount_orientation__rosidl_typesupport_fastrtps_c.h\n'}
[1.248328] (px4_msgs) StdoutLine: {'line': b'-- Up-to-date: /home/harsh/ros2_project/install/px4_msgs/include/px4_msgs/px4_msgs/msg/detail/vehicle_optical_flow_vel__rosidl_typesupport_fastrtps_c.h\n'}
[1.248363] (px4_msgs) StdoutLine: {'line': b'-- Up-to-date: /home/harsh/ros2_project/install/px4_msgs/include/px4_msgs/px4_msgs/msg/detail/estimator_status__rosidl_typesupport_fastrtps_c.h\n'}
[1.248440] (px4_msgs) StdoutLine: {'line': b'-- Up-to-date: /home/harsh/ros2_project/install/px4_msgs/include/px4_msgs/px4_msgs/msg/detail/cellular_status__rosidl_typesupport_fastrtps_c.h\n'}
[1.248475] (px4_msgs) StdoutLine: {'line': b'-- Up-to-date: /home/harsh/ros2_project/install/px4_msgs/include/px4_msgs/px4_msgs/msg/detail/vehicle_attitude__rosidl_typesupport_fastrtps_c.h\n'}
[1.248510] (px4_msgs) StdoutLine: {'line': b'-- Up-to-date: /home/harsh/ros2_project/install/px4_msgs/include/px4_msgs/px4_msgs/msg/detail/position_setpoint_triplet__rosidl_typesupport_fastrtps_c.h\n'}
[1.248545] (px4_msgs) StdoutLine: {'line': b'-- Up-to-date: /home/harsh/ros2_project/install/px4_msgs/include/px4_msgs/px4_msgs/msg/detail/wheel_encoders__rosidl_typesupport_fastrtps_c.h\n'}
[1.248579] (px4_msgs) StdoutLine: {'line': b'-- Up-to-date: /home/harsh/ros2_project/install/px4_msgs/include/px4_msgs/px4_msgs/msg/detail/buffer128__rosidl_typesupport_fastrtps_c.h\n'}
[1.248643] (px4_msgs) StdoutLine: {'line': b'-- Up-to-date: /home/harsh/ros2_project/install/px4_msgs/include/px4_msgs/px4_msgs/msg/detail/landing_target_pose__rosidl_typesupport_fastrtps_c.h\n'}
[1.248675] (px4_msgs) StdoutLine: {'line': b'-- Up-to-date: /home/harsh/ros2_project/install/px4_msgs/include/px4_msgs/px4_msgs/msg/detail/gpio_in__rosidl_typesupport_fastrtps_c.h\n'}
[1.248708] (px4_msgs) StdoutLine: {'line': b'-- Up-to-date: /home/harsh/ros2_project/install/px4_msgs/include/px4_msgs/px4_msgs/msg/detail/normalized_unsigned_setpoint__rosidl_typesupport_fastrtps_c.h\n'}
[1.248749] (px4_msgs) StdoutLine: {'line': b'-- Up-to-date: /home/harsh/ros2_project/install/px4_msgs/include/px4_msgs/px4_msgs/msg/detail/parameter_reset_request__rosidl_typesupport_fastrtps_c.h\n'}
[1.248781] (px4_msgs) StdoutLine: {'line': b'-- Up-to-date: /home/harsh/ros2_project/install/px4_msgs/include/px4_msgs/px4_msgs/msg/detail/vehicle_global_position__rosidl_typesupport_fastrtps_c.h\n'}
[1.248811] (px4_msgs) StdoutLine: {'line': b'-- Up-to-date: /home/harsh/ros2_project/install/px4_msgs/include/px4_msgs/px4_msgs/msg/detail/sensor_correction__rosidl_typesupport_fastrtps_c.h\n'}
[1.248841] (px4_msgs) StdoutLine: {'line': b'-- Up-to-date: /home/harsh/ros2_project/install/px4_msgs/include/px4_msgs/px4_msgs/msg/detail/control_allocator_status__rosidl_typesupport_fastrtps_c.h\n'}
[1.248873] (px4_msgs) StdoutLine: {'line': b'-- Up-to-date: /home/harsh/ros2_project/install/px4_msgs/include/px4_msgs/px4_msgs/msg/detail/estimator_innovations__rosidl_typesupport_fastrtps_c.h\n'}
[1.248908] (px4_msgs) StdoutLine: {'line': b'-- Up-to-date: /home/harsh/ros2_project/install/px4_msgs/include/px4_msgs/px4_msgs/msg/detail/vehicle_imu_status__rosidl_typesupport_fastrtps_c.h\n'}
[1.248942] (px4_msgs) StdoutLine: {'line': b'-- Up-to-date: /home/harsh/ros2_project/install/px4_msgs/include/px4_msgs/px4_msgs/msg/detail/mission__rosidl_typesupport_fastrtps_c.h\n'}
[1.248986] (px4_msgs) StdoutLine: {'line': b'-- Up-to-date: /home/harsh/ros2_project/install/px4_msgs/include/px4_msgs/px4_msgs/msg/detail/sensor_mag__rosidl_typesupport_fastrtps_c.h\n'}
[1.249018] (px4_msgs) StdoutLine: {'line': b'-- Up-to-date: /home/harsh/ros2_project/install/px4_msgs/include/px4_msgs/px4_msgs/msg/detail/vehicle_air_data__rosidl_typesupport_fastrtps_c.h\n'}
[1.249053] (px4_msgs) StdoutLine: {'line': b'-- Up-to-date: /home/harsh/ros2_project/install/px4_msgs/include/px4_msgs/px4_msgs/msg/detail/vehicle_attitude_setpoint__rosidl_typesupport_fastrtps_c.h\n'}
[1.249089] (px4_msgs) StdoutLine: {'line': b'-- Up-to-date: /home/harsh/ros2_project/install/px4_msgs/include/px4_msgs/px4_msgs/msg/detail/manual_control_switches__rosidl_typesupport_fastrtps_c.h\n'}
[1.249126] (px4_msgs) StdoutLine: {'line': b'-- Up-to-date: /home/harsh/ros2_project/install/px4_msgs/include/px4_msgs/px4_msgs/msg/detail/gpio_out__rosidl_typesupport_fastrtps_c.h\n'}
[1.249208] (px4_msgs) StdoutLine: {'line': b'-- Up-to-date: /home/harsh/ros2_project/install/px4_msgs/include/px4_msgs/px4_msgs/msg/detail/sensor_uwb__rosidl_typesupport_fastrtps_c.h\n'}
[1.249240] (px4_msgs) StdoutLine: {'line': b'-- Up-to-date: /home/harsh/ros2_project/install/px4_msgs/include/px4_msgs/px4_msgs/msg/detail/actuator_armed__rosidl_typesupport_fastrtps_c.h\n'}
[1.249271] (px4_msgs) StdoutLine: {'line': b'-- Up-to-date: /home/harsh/ros2_project/install/px4_msgs/include/px4_msgs/px4_msgs/msg/detail/system_power__rosidl_typesupport_fastrtps_c.h\n'}
[1.249301] (px4_msgs) StdoutLine: {'line': b'-- Up-to-date: /home/harsh/ros2_project/install/px4_msgs/include/px4_msgs/px4_msgs/msg/detail/estimator_bias3d__rosidl_typesupport_fastrtps_c.h\n'}
[1.249338] (px4_msgs) StdoutLine: {'line': b'-- Up-to-date: /home/harsh/ros2_project/install/px4_msgs/include/px4_msgs/px4_msgs/msg/detail/vehicle_roi__rosidl_typesupport_fastrtps_c.h\n'}
[1.249374] (px4_msgs) StdoutLine: {'line': b'-- Up-to-date: /home/harsh/ros2_project/install/px4_msgs/include/px4_msgs/px4_msgs/msg/detail/parameter_set_value_response__rosidl_typesupport_fastrtps_c.h\n'}
[1.249409] (px4_msgs) StdoutLine: {'line': b'-- Up-to-date: /home/harsh/ros2_project/install/px4_msgs/include/px4_msgs/px4_msgs/msg/detail/tune_control__rosidl_typesupport_fastrtps_c.h\n'}
[1.249449] (px4_msgs) StdoutLine: {'line': b'-- Up-to-date: /home/harsh/ros2_project/install/px4_msgs/include/px4_msgs/px4_msgs/msg/detail/iridiumsbd_status__rosidl_typesupport_fastrtps_c.h\n'}
[1.249483] (px4_msgs) StdoutLine: {'line': b'-- Up-to-date: /home/harsh/ros2_project/install/px4_msgs/include/px4_msgs/px4_msgs/msg/detail/vehicle_land_detected__rosidl_typesupport_fastrtps_c.h\n'}
[1.249519] (px4_msgs) StdoutLine: {'line': b'-- Up-to-date: /home/harsh/ros2_project/install/px4_msgs/include/px4_msgs/px4_msgs/msg/detail/autotune_attitude_control_status__rosidl_typesupport_fastrtps_c.h\n'}
[1.249556] (px4_msgs) StdoutLine: {'line': b'-- Up-to-date: /home/harsh/ros2_project/install/px4_msgs/include/px4_msgs/px4_msgs/msg/detail/vehicle_angular_velocity__rosidl_typesupport_fastrtps_c.h\n'}
[1.249599] (px4_msgs) StdoutLine: {'line': b'-- Up-to-date: /home/harsh/ros2_project/install/px4_msgs/include/px4_msgs/px4_msgs/msg/detail/pwm_input__rosidl_typesupport_fastrtps_c.h\n'}
[1.249679] (px4_msgs) StdoutLine: {'line': b'-- Up-to-date: /home/harsh/ros2_project/install/px4_msgs/include/px4_msgs/px4_msgs/msg/detail/yaw_estimator_status__rosidl_typesupport_fastrtps_c.h\n'}
[1.249720] (px4_msgs) StdoutLine: {'line': b'-- Up-to-date: /home/harsh/ros2_project/install/px4_msgs/include/px4_msgs/px4_msgs/msg/detail/gpio_config__rosidl_typesupport_fastrtps_c.h\n'}
[1.249754] (px4_msgs) StdoutLine: {'line': b'-- Up-to-date: /home/harsh/ros2_project/install/px4_msgs/include/px4_msgs/px4_msgs/msg/detail/transponder_report__rosidl_typesupport_fastrtps_c.h\n'}
[1.249789] (px4_msgs) StdoutLine: {'line': b'-- Up-to-date: /home/harsh/ros2_project/install/px4_msgs/include/px4_msgs/px4_msgs/msg/detail/failure_detector_status__rosidl_typesupport_fastrtps_c.h\n'}
[1.249832] (px4_msgs) StdoutLine: {'line': b'-- Up-to-date: /home/harsh/ros2_project/install/px4_msgs/include/px4_msgs/px4_msgs/msg/detail/sensor_baro__rosidl_typesupport_fastrtps_c.h\n'}
[1.249866] (px4_msgs) StdoutLine: {'line': b'-- Up-to-date: /home/harsh/ros2_project/install/px4_msgs/include/px4_msgs/px4_msgs/msg/detail/message_format_request__rosidl_typesupport_fastrtps_c.h\n'}
[1.249906] (px4_msgs) StdoutLine: {'line': b'-- Up-to-date: /home/harsh/ros2_project/install/px4_msgs/include/px4_msgs/px4_msgs/msg/detail/estimator_aid_source2d__rosidl_typesupport_fastrtps_c.h\n'}
[1.249941] (px4_msgs) StdoutLine: {'line': b'-- Up-to-date: /home/harsh/ros2_project/install/px4_msgs/include/px4_msgs/px4_msgs/msg/detail/vehicle_odometry__rosidl_typesupport_fastrtps_c.h\n'}
[1.250017] (px4_msgs) StdoutLine: {'line': b'-- Up-to-date: /home/harsh/ros2_project/install/px4_msgs/include/px4_msgs/px4_msgs/msg/detail/sensor_airflow__rosidl_typesupport_fastrtps_c.h\n'}
[1.250049] (px4_msgs) StdoutLine: {'line': b'-- Up-to-date: /home/harsh/ros2_project/install/px4_msgs/include/px4_msgs/px4_msgs/msg/detail/sensor_gyro_fft__rosidl_typesupport_fastrtps_c.h\n'}
[1.250083] (px4_msgs) StdoutLine: {'line': b'-- Up-to-date: /home/harsh/ros2_project/install/px4_msgs/include/px4_msgs/px4_msgs/msg/detail/gimbal_device_attitude_status__rosidl_typesupport_fastrtps_c.h\n'}
[1.250145] (px4_msgs) StdoutLine: {'line': b'-- Up-to-date: /home/harsh/ros2_project/install/px4_msgs/include/px4_msgs/px4_msgs/msg/detail/camera_capture__rosidl_typesupport_fastrtps_c.h\n'}
[1.250179] (px4_msgs) StdoutLine: {'line': b'-- Up-to-date: /home/harsh/ros2_project/install/px4_msgs/include/px4_msgs/px4_msgs/msg/detail/gimbal_device_information__rosidl_typesupport_fastrtps_c.h\n'}
[1.250216] (px4_msgs) StdoutLine: {'line': b'-- Up-to-date: /home/harsh/ros2_project/install/px4_msgs/include/px4_msgs/px4_msgs/msg/detail/landing_gear__rosidl_typesupport_fastrtps_c.h\n'}
[1.250251] (px4_msgs) StdoutLine: {'line': b'-- Up-to-date: /home/harsh/ros2_project/install/px4_msgs/include/px4_msgs/px4_msgs/msg/detail/position_setpoint__rosidl_typesupport_fastrtps_c.h\n'}
[1.250313] (px4_msgs) StdoutLine: {'line': b'-- Up-to-date: /home/harsh/ros2_project/install/px4_msgs/include/px4_msgs/px4_msgs/msg/detail/radio_status__rosidl_typesupport_fastrtps_c.h\n'}
[1.250351] (px4_msgs) StdoutLine: {'line': b'-- Up-to-date: /home/harsh/ros2_project/install/px4_msgs/include/px4_msgs/px4_msgs/msg/detail/vehicle_angular_acceleration_setpoint__rosidl_typesupport_fastrtps_c.h\n'}
[1.250383] (px4_msgs) StdoutLine: {'line': b'-- Up-to-date: /home/harsh/ros2_project/install/px4_msgs/include/px4_msgs/px4_msgs/msg/detail/logger_status__rosidl_typesupport_fastrtps_c.h\n'}
[1.250414] (px4_msgs) StdoutLine: {'line': b'-- Up-to-date: /home/harsh/ros2_project/install/px4_msgs/include/px4_msgs/px4_msgs/msg/detail/config_overrides__rosidl_typesupport_fastrtps_c.h\n'}
[1.250446] (px4_msgs) StdoutLine: {'line': b'-- Up-to-date: /home/harsh/ros2_project/install/px4_msgs/include/px4_msgs/px4_msgs/msg/detail/sensor_selection__rosidl_typesupport_fastrtps_c.h\n'}
[1.250478] (px4_msgs) StdoutLine: {'line': b'-- Up-to-date: /home/harsh/ros2_project/install/px4_msgs/include/px4_msgs/px4_msgs/msg/detail/uavcan_parameter_request__rosidl_typesupport_fastrtps_c.h\n'}
[1.250508] (px4_msgs) StdoutLine: {'line': b'-- Up-to-date: /home/harsh/ros2_project/install/px4_msgs/include/px4_msgs/px4_msgs/msg/detail/sensor_preflight_mag__rosidl_typesupport_fastrtps_c.h\n'}
[1.250545] (px4_msgs) StdoutLine: {'line': b'-- Up-to-date: /home/harsh/ros2_project/install/px4_msgs/include/px4_msgs/px4_msgs/msg/detail/message_format_response__rosidl_typesupport_fastrtps_c.h\n'}
[1.250606] (px4_msgs) StdoutLine: {'line': b'-- Up-to-date: /home/harsh/ros2_project/install/px4_msgs/include/px4_msgs/px4_msgs/msg/detail/gimbal_manager_set_attitude__rosidl_typesupport_fastrtps_c.h\n'}
[1.250666] (px4_msgs) StdoutLine: {'line': b'-- Up-to-date: /home/harsh/ros2_project/install/px4_msgs/include/px4_msgs/px4_msgs/msg/detail/button_event__rosidl_typesupport_fastrtps_c.h\n'}
[1.250699] (px4_msgs) StdoutLine: {'line': b'-- Up-to-date: /home/harsh/ros2_project/install/px4_msgs/include/px4_msgs/px4_msgs/msg/detail/offboard_control_mode__rosidl_typesupport_fastrtps_c.h\n'}
[1.250730] (px4_msgs) StdoutLine: {'line': b'-- Up-to-date: /home/harsh/ros2_project/install/px4_msgs/include/px4_msgs/px4_msgs/msg/detail/flight_phase_estimation__rosidl_typesupport_fastrtps_c.h\n'}
[1.250761] (px4_msgs) StdoutLine: {'line': b'-- Up-to-date: /home/harsh/ros2_project/install/px4_msgs/include/px4_msgs/px4_msgs/msg/detail/action_request__rosidl_typesupport_fastrtps_c.h\n'}
[1.250794] (px4_msgs) StdoutLine: {'line': b'-- Up-to-date: /home/harsh/ros2_project/install/px4_msgs/include/px4_msgs/px4_msgs/msg/detail/vehicle_constraints__rosidl_typesupport_fastrtps_c.h\n'}
[1.250826] (px4_msgs) StdoutLine: {'line': b'-- Up-to-date: /home/harsh/ros2_project/install/px4_msgs/include/px4_msgs/px4_msgs/msg/detail/ekf2_timestamps__rosidl_typesupport_fastrtps_c.h\n'}
[1.250857] (px4_msgs) StdoutLine: {'line': b'-- Up-to-date: /home/harsh/ros2_project/install/px4_msgs/include/px4_msgs/px4_msgs/msg/detail/adc_report__rosidl_typesupport_fastrtps_c.h\n'}
[1.250889] (px4_msgs) StdoutLine: {'line': b'-- Up-to-date: /home/harsh/ros2_project/install/px4_msgs/include/px4_msgs/px4_msgs/msg/detail/orbit_status__rosidl_typesupport_fastrtps_c.h\n'}
[1.250952] (px4_msgs) StdoutLine: {'line': b'-- Up-to-date: /home/harsh/ros2_project/install/px4_msgs/include/px4_msgs/px4_msgs/msg/detail/rtl_time_estimate__rosidl_typesupport_fastrtps_c.h\n'}
[1.250988] (px4_msgs) StdoutLine: {'line': b'-- Up-to-date: /home/harsh/ros2_project/install/px4_msgs/include/px4_msgs/px4_msgs/msg/detail/orb_test_medium__rosidl_typesupport_fastrtps_c.h\n'}
[1.251023] (px4_msgs) StdoutLine: {'line': b'-- Up-to-date: /home/harsh/ros2_project/install/px4_msgs/include/px4_msgs/px4_msgs/msg/detail/pps_capture__rosidl_typesupport_fastrtps_c.h\n'}
[1.251059] (px4_msgs) StdoutLine: {'line': b'-- Up-to-date: /home/harsh/ros2_project/install/px4_msgs/include/px4_msgs/px4_msgs/msg/detail/sensor_combined__rosidl_typesupport_fastrtps_c.h\n'}
[1.251094] (px4_msgs) StdoutLine: {'line': b'-- Up-to-date: /home/harsh/ros2_project/install/px4_msgs/include/px4_msgs/px4_msgs/msg/detail/manual_control_setpoint__rosidl_typesupport_fastrtps_c.h\n'}
[1.251129] (px4_msgs) StdoutLine: {'line': b'-- Up-to-date: /home/harsh/ros2_project/install/px4_msgs/include/px4_msgs/px4_msgs/msg/detail/vehicle_status__rosidl_typesupport_fastrtps_c.h\n'}
[1.251162] (px4_msgs) StdoutLine: {'line': b'-- Up-to-date: /home/harsh/ros2_project/install/px4_msgs/include/px4_msgs/px4_msgs/msg/detail/timesync_status__rosidl_typesupport_fastrtps_c.h\n'}
[1.251197] (px4_msgs) StdoutLine: {'line': b'-- Up-to-date: /home/harsh/ros2_project/install/px4_msgs/include/px4_msgs/px4_msgs/msg/detail/sensors_status__rosidl_typesupport_fastrtps_c.h\n'}
[1.251232] (px4_msgs) StdoutLine: {'line': b'-- Up-to-date: /home/harsh/ros2_project/install/px4_msgs/include/px4_msgs/px4_msgs/msg/detail/qshell_retval__rosidl_typesupport_fastrtps_c.h\n'}
[1.251268] (px4_msgs) StdoutLine: {'line': b'-- Up-to-date: /home/harsh/ros2_project/install/px4_msgs/include/px4_msgs/px4_msgs/msg/detail/esc_status__rosidl_typesupport_fastrtps_c.h\n'}
[1.251303] (px4_msgs) StdoutLine: {'line': b'-- Up-to-date: /home/harsh/ros2_project/install/px4_msgs/include/px4_msgs/px4_msgs/msg/detail/mavlink_log__rosidl_typesupport_fastrtps_c.h\n'}
[1.251366] (px4_msgs) StdoutLine: {'line': b'-- Up-to-date: /home/harsh/ros2_project/install/px4_msgs/include/px4_msgs/px4_msgs/msg/detail/ulog_stream_ack__rosidl_typesupport_fastrtps_c.h\n'}
[1.251404] (px4_msgs) StdoutLine: {'line': b'-- Up-to-date: /home/harsh/ros2_project/install/px4_msgs/include/px4_msgs/px4_msgs/msg/detail/camera_trigger__rosidl_typesupport_fastrtps_c.h\n'}
[1.251441] (px4_msgs) StdoutLine: {'line': b'-- Up-to-date: /home/harsh/ros2_project/install/px4_msgs/include/px4_msgs/px4_msgs/msg/detail/health_report__rosidl_typesupport_fastrtps_c.h\n'}
[1.251494] (px4_msgs) StdoutLine: {'line': b'-- Up-to-date: /home/harsh/ros2_project/install/px4_msgs/include/px4_msgs/px4_msgs/msg/detail/gimbal_controls__rosidl_typesupport_fastrtps_c.h\n'}
[1.251531] (px4_msgs) StdoutLine: {'line': b'-- Up-to-date: /home/harsh/ros2_project/install/px4_msgs/include/px4_msgs/px4_msgs/msg/detail/vehicle_torque_setpoint__rosidl_typesupport_fastrtps_c.h\n'}
[1.251568] (px4_msgs) StdoutLine: {'line': b'-- Up-to-date: /home/harsh/ros2_project/install/px4_msgs/include/px4_msgs/px4_msgs/msg/detail/ulog_stream__rosidl_typesupport_fastrtps_c.h\n'}
[1.251603] (px4_msgs) StdoutLine: {'line': b'-- Up-to-date: /home/harsh/ros2_project/install/px4_msgs/include/px4_msgs/px4_msgs/msg/detail/vehicle_optical_flow__rosidl_typesupport_fastrtps_c.h\n'}
[1.251639] (px4_msgs) StdoutLine: {'line': b'-- Up-to-date: /home/harsh/ros2_project/install/px4_msgs/include/px4_msgs/px4_msgs/msg/detail/follow_target_status__rosidl_typesupport_fastrtps_c.h\n'}
[1.251676] (px4_msgs) StdoutLine: {'line': b'-- Up-to-date: /home/harsh/ros2_project/install/px4_msgs/include/px4_msgs/px4_msgs/msg/detail/event__rosidl_typesupport_fastrtps_c.h\n'}
[1.251713] (px4_msgs) StdoutLine: {'line': b'-- Up-to-date: /home/harsh/ros2_project/install/px4_msgs/include/px4_msgs/px4_msgs/msg/detail/orb_test__rosidl_typesupport_fastrtps_c.h\n'}
[1.251749] (px4_msgs) StdoutLine: {'line': b'-- Up-to-date: /home/harsh/ros2_project/install/px4_msgs/include/px4_msgs/px4_msgs/msg/detail/rtl_status__rosidl_typesupport_fastrtps_c.h\n'}
[1.251785] (px4_msgs) StdoutLine: {'line': b'-- Up-to-date: /home/harsh/ros2_project/install/px4_msgs/include/px4_msgs/px4_msgs/msg/detail/landing_gear_wheel__rosidl_typesupport_fastrtps_c.h\n'}
[1.251821] (px4_msgs) StdoutLine: {'line': b'-- Up-to-date: /home/harsh/ros2_project/install/px4_msgs/include/px4_msgs/px4_msgs/msg/detail/unregister_ext_component__rosidl_typesupport_fastrtps_c.h\n'}
[1.251858] (px4_msgs) StdoutLine: {'line': b'-- Up-to-date: /home/harsh/ros2_project/install/px4_msgs/include/px4_msgs/px4_msgs/msg/detail/sensors_status_imu__rosidl_typesupport_fastrtps_c.h\n'}
[1.251895] (px4_msgs) StdoutLine: {'line': b'-- Up-to-date: /home/harsh/ros2_project/install/px4_msgs/include/px4_msgs/px4_msgs/msg/detail/input_rc__rosidl_typesupport_fastrtps_c.h\n'}
[1.251932] (px4_msgs) StdoutLine: {'line': b'-- Up-to-date: /home/harsh/ros2_project/install/px4_msgs/include/px4_msgs/px4_msgs/msg/detail/generator_status__rosidl_typesupport_fastrtps_c.h\n'}
[1.251971] (px4_msgs) StdoutLine: {'line': b'-- Up-to-date: /home/harsh/ros2_project/install/px4_msgs/include/px4_msgs/px4_msgs/msg/detail/qshell_req__rosidl_typesupport_fastrtps_c.h\n'}
[1.252008] (px4_msgs) StdoutLine: {'line': b'-- Up-to-date: /home/harsh/ros2_project/install/px4_msgs/include/px4_msgs/px4_msgs/msg/detail/dataman_request__rosidl_typesupport_fastrtps_c.h\n'}
[1.252051] (px4_msgs) StdoutLine: {'line': b'-- Up-to-date: /home/harsh/ros2_project/install/px4_msgs/include/px4_msgs/px4_msgs/msg/detail/sensor_hygrometer__rosidl_typesupport_fastrtps_c.h\n'}
[1.252088] (px4_msgs) StdoutLine: {'line': b'-- Up-to-date: /home/harsh/ros2_project/install/px4_msgs/include/px4_msgs/px4_msgs/msg/detail/vehicle_local_position__rosidl_typesupport_fastrtps_c.h\n'}
[1.252126] (px4_msgs) StdoutLine: {'line': b'-- Up-to-date: /home/harsh/ros2_project/install/px4_msgs/include/px4_msgs/px4_msgs/msg/detail/goto_setpoint__rosidl_typesupport_fastrtps_c.h\n'}
[1.252165] (px4_msgs) StdoutLine: {'line': b'-- Up-to-date: /home/harsh/ros2_project/install/px4_msgs/include/px4_msgs/px4_msgs/msg/detail/actuator_outputs__rosidl_typesupport_fastrtps_c.h\n'}
[1.252201] (px4_msgs) StdoutLine: {'line': b'-- Up-to-date: /home/harsh/ros2_project/install/px4_msgs/include/px4_msgs/px4_msgs/msg/detail/navigator_mission_item__rosidl_typesupport_fastrtps_c.h\n'}
[1.252238] (px4_msgs) StdoutLine: {'line': b'-- Up-to-date: /home/harsh/ros2_project/install/px4_msgs/include/px4_msgs/px4_msgs/msg/detail/position_controller_status__rosidl_typesupport_fastrtps_c.h\n'}
[1.252275] (px4_msgs) StdoutLine: {'line': b'-- Up-to-date: /home/harsh/ros2_project/install/px4_msgs/include/px4_msgs/px4_msgs/msg/detail/power_button_state__rosidl_typesupport_fastrtps_c.h\n'}
[1.252312] (px4_msgs) StdoutLine: {'line': b'-- Up-to-date: /home/harsh/ros2_project/install/px4_msgs/include/px4_msgs/px4_msgs/msg/detail/differential_pressure__rosidl_typesupport_fastrtps_c.h\n'}
[1.252357] (px4_msgs) StdoutLine: {'line': b'-- Up-to-date: /home/harsh/ros2_project/install/px4_msgs/include/px4_msgs/px4_msgs/msg/detail/camera_status__rosidl_typesupport_fastrtps_c.h\n'}
[1.252395] (px4_msgs) StdoutLine: {'line': b'-- Up-to-date: /home/harsh/ros2_project/install/px4_msgs/include/px4_msgs/px4_msgs/msg/detail/estimator_sensor_bias__rosidl_typesupport_fastrtps_c.h\n'}
[1.252431] (px4_msgs) StdoutLine: {'line': b'-- Up-to-date: /home/harsh/ros2_project/install/px4_msgs/include/px4_msgs/px4_msgs/msg/detail/heater_status__rosidl_typesupport_fastrtps_c.h\n'}
[1.252469] (px4_msgs) StdoutLine: {'line': b'-- Up-to-date: /home/harsh/ros2_project/install/px4_msgs/include/px4_msgs/px4_msgs/msg/detail/rate_ctrl_status__rosidl_typesupport_fastrtps_c.h\n'}
[1.252515] (px4_msgs) StdoutLine: {'line': b'-- Up-to-date: /home/harsh/ros2_project/install/px4_msgs/include/px4_msgs/px4_msgs/msg/detail/orb_test_large__rosidl_typesupport_fastrtps_c.h\n'}
[1.252553] (px4_msgs) StdoutLine: {'line': b'-- Up-to-date: /home/harsh/ros2_project/install/px4_msgs/include/px4_msgs/px4_msgs/msg/detail/arming_check_reply__rosidl_typesupport_fastrtps_c.h\n'}
[1.252590] (px4_msgs) StdoutLine: {'line': b'-- Up-to-date: /home/harsh/ros2_project/install/px4_msgs/include/px4_msgs/px4_msgs/msg/detail/follow_target_estimator__rosidl_typesupport_fastrtps_c.h\n'}
[1.252627] (px4_msgs) StdoutLine: {'line': b'-- Up-to-date: /home/harsh/ros2_project/install/px4_msgs/include/px4_msgs/px4_msgs/msg/detail/collision_constraints__rosidl_typesupport_fastrtps_c.h\n'}
[1.252663] (px4_msgs) StdoutLine: {'line': b'-- Up-to-date: /home/harsh/ros2_project/install/px4_msgs/include/px4_msgs/px4_msgs/msg/detail/mag_worker_data__rosidl_typesupport_fastrtps_c.h\n'}
[1.252699] (px4_msgs) StdoutLine: {'line': b'-- Up-to-date: /home/harsh/ros2_project/install/px4_msgs/include/px4_msgs/px4_msgs/msg/detail/distance_sensor__rosidl_typesupport_fastrtps_c.h\n'}
[1.252736] (px4_msgs) StdoutLine: {'line': b'-- Up-to-date: /home/harsh/ros2_project/install/px4_msgs/include/px4_msgs/px4_msgs/msg/detail/vehicle_thrust_setpoint__rosidl_typesupport_fastrtps_c.h\n'}
[1.252774] (px4_msgs) StdoutLine: {'line': b'-- Up-to-date: /home/harsh/ros2_project/install/px4_msgs/include/px4_msgs/px4_msgs/msg/detail/obstacle_distance__rosidl_typesupport_fastrtps_c.h\n'}
[1.252812] (px4_msgs) StdoutLine: {'line': b'-- Up-to-date: /home/harsh/ros2_project/install/px4_msgs/include/px4_msgs/px4_msgs/msg/detail/gimbal_manager_status__rosidl_typesupport_fastrtps_c.h\n'}
[1.252850] (px4_msgs) StdoutLine: {'line': b'-- Up-to-date: /home/harsh/ros2_project/install/px4_msgs/include/px4_msgs/px4_msgs/msg/detail/debug_key_value__rosidl_typesupport_fastrtps_c.h\n'}
[1.252886] (px4_msgs) StdoutLine: {'line': b'-- Up-to-date: /home/harsh/ros2_project/install/px4_msgs/include/px4_msgs/px4_msgs/msg/detail/magnetometer_bias_estimate__rosidl_typesupport_fastrtps_c.h\n'}
[1.252925] (px4_msgs) StdoutLine: {'line': b'-- Up-to-date: /home/harsh/ros2_project/install/px4_msgs/include/px4_msgs/px4_msgs/msg/detail/ping__rosidl_typesupport_fastrtps_c.h\n'}
[1.253004] (px4_msgs) StdoutLine: {'line': b'-- Up-to-date: /home/harsh/ros2_project/install/px4_msgs/include/px4_msgs/px4_msgs/msg/detail/irlock_report__rosidl_typesupport_fastrtps_c.h\n'}
[1.253042] (px4_msgs) StdoutLine: {'line': b'-- Up-to-date: /home/harsh/ros2_project/install/px4_msgs/include/px4_msgs/px4_msgs/msg/detail/uavcan_parameter_value__rosidl_typesupport_fastrtps_c.h\n'}
[1.253078] (px4_msgs) StdoutLine: {'line': b'-- Up-to-date: /home/harsh/ros2_project/install/px4_msgs/include/px4_msgs/px4_msgs/msg/detail/register_ext_component_request__rosidl_typesupport_fastrtps_c.h\n'}
[1.253115] (px4_msgs) StdoutLine: {'line': b'-- Up-to-date: /home/harsh/ros2_project/install/px4_msgs/include/px4_msgs/px4_msgs/msg/detail/actuator_servos_trim__rosidl_typesupport_fastrtps_c.h\n'}
[1.253207] (px4_msgs) StdoutLine: {'line': b'-- Up-to-date: /home/harsh/ros2_project/install/px4_msgs/include/px4_msgs/px4_msgs/msg/detail/parameter_set_used_request__rosidl_typesupport_fastrtps_c.h\n'}
[1.253248] (px4_msgs) StdoutLine: {'line': b'-- Up-to-date: /home/harsh/ros2_project/install/px4_msgs/include/px4_msgs/px4_msgs/msg/detail/sensor_gnss_relative__rosidl_typesupport_fastrtps_c.h\n'}
[1.253286] (px4_msgs) StdoutLine: {'line': b'-- Up-to-date: /home/harsh/ros2_project/install/px4_msgs/include/px4_msgs/px4_msgs/msg/detail/airspeed__rosidl_typesupport_fastrtps_c.h\n'}
[1.253328] (px4_msgs) StdoutLine: {'line': b'-- Up-to-date: /home/harsh/ros2_project/install/px4_msgs/include/px4_msgs/px4_msgs/msg/detail/parameter_update__rosidl_typesupport_fastrtps_c.h\n'}
[1.253371] (px4_msgs) StdoutLine: {'line': b'-- Up-to-date: /home/harsh/ros2_project/install/px4_msgs/include/px4_msgs/px4_msgs/msg/detail/vehicle_magnetometer__rosidl_typesupport_fastrtps_c.h\n'}
[1.253408] (px4_msgs) StdoutLine: {'line': b'-- Up-to-date: /home/harsh/ros2_project/install/px4_msgs/include/px4_msgs/px4_msgs/msg/detail/vehicle_command__rosidl_typesupport_fastrtps_c.h\n'}
[1.253446] (px4_msgs) StdoutLine: {'line': b'-- Up-to-date: /home/harsh/ros2_project/install/px4_msgs/include/px4_msgs/px4_msgs/msg/detail/gps_dump__rosidl_typesupport_fastrtps_c.h\n'}
[1.253484] (px4_msgs) StdoutLine: {'line': b'-- Up-to-date: /home/harsh/ros2_project/install/px4_msgs/include/px4_msgs/px4_msgs/msg/detail/estimator_states__rosidl_typesupport_fastrtps_c.h\n'}
[1.253521] (px4_msgs) StdoutLine: {'line': b'-- Up-to-date: /home/harsh/ros2_project/install/px4_msgs/include/px4_msgs/px4_msgs/msg/detail/estimator_event_flags__rosidl_typesupport_fastrtps_c.h\n'}
[1.253557] (px4_msgs) StdoutLine: {'line': b'-- Up-to-date: /home/harsh/ros2_project/install/px4_msgs/include/px4_msgs/px4_msgs/msg/detail/vehicle_trajectory_waypoint__rosidl_typesupport_fastrtps_c.h\n'}
[1.253604] (px4_msgs) StdoutLine: {'line': b'-- Up-to-date: /home/harsh/ros2_project/install/px4_msgs/include/px4_msgs/px4_msgs/msg/detail/actuator_servos__rosidl_typesupport_fastrtps_c.h\n'}
[1.253644] (px4_msgs) StdoutLine: {'line': b'-- Up-to-date: /home/harsh/ros2_project/install/px4_msgs/include/px4_msgs/px4_msgs/srv\n'}
[1.253682] (px4_msgs) StdoutLine: {'line': b'-- Up-to-date: /home/harsh/ros2_project/install/px4_msgs/include/px4_msgs/px4_msgs/srv/detail\n'}
[1.253721] (px4_msgs) StdoutLine: {'line': b'-- Up-to-date: /home/harsh/ros2_project/install/px4_msgs/include/px4_msgs/px4_msgs/srv/detail/vehicle_command__rosidl_typesupport_fastrtps_c.h\n'}
[1.253758] (px4_msgs) StdoutLine: {'line': b'-- Up-to-date: /home/harsh/ros2_project/install/px4_msgs/lib/libpx4_msgs__rosidl_typesupport_fastrtps_c.so\n'}
[1.253796] (px4_msgs) StdoutLine: {'line': b'-- Up-to-date: /home/harsh/ros2_project/install/px4_msgs/include/px4_msgs/px4_msgs\n'}
[1.253833] (px4_msgs) StdoutLine: {'line': b'-- Up-to-date: /home/harsh/ros2_project/install/px4_msgs/include/px4_msgs/px4_msgs/msg\n'}
[1.253869] (px4_msgs) StdoutLine: {'line': b'-- Up-to-date: /home/harsh/ros2_project/install/px4_msgs/include/px4_msgs/px4_msgs/msg/figure_eight_status.hpp\n'}
[1.253907] (px4_msgs) StdoutLine: {'line': b'-- Up-to-date: /home/harsh/ros2_project/install/px4_msgs/include/px4_msgs/px4_msgs/msg/sensor_gyro.hpp\n'}
[1.253969] (px4_msgs) StdoutLine: {'line': b'-- Up-to-date: /home/harsh/ros2_project/install/px4_msgs/include/px4_msgs/px4_msgs/msg/actuator_armed.hpp\n'}
[1.254008] (px4_msgs) StdoutLine: {'line': b'-- Up-to-date: /home/harsh/ros2_project/install/px4_msgs/include/px4_msgs/px4_msgs/msg/pps_capture.hpp\n'}
[1.254048] (px4_msgs) StdoutLine: {'line': b'-- Up-to-date: /home/harsh/ros2_project/install/px4_msgs/include/px4_msgs/px4_msgs/msg/estimator_aid_source3d.hpp\n'}
[1.254089] (px4_msgs) StdoutLine: {'line': b'-- Up-to-date: /home/harsh/ros2_project/install/px4_msgs/include/px4_msgs/px4_msgs/msg/sensors_status.hpp\n'}
[1.254129] (px4_msgs) StdoutLine: {'line': b'-- Up-to-date: /home/harsh/ros2_project/install/px4_msgs/include/px4_msgs/px4_msgs/msg/vehicle_attitude_setpoint.hpp\n'}
[1.254169] (px4_msgs) StdoutLine: {'line': b'-- Up-to-date: /home/harsh/ros2_project/install/px4_msgs/include/px4_msgs/px4_msgs/msg/trajectory_bezier.hpp\n'}
[1.254208] (px4_msgs) StdoutLine: {'line': b'-- Up-to-date: /home/harsh/ros2_project/install/px4_msgs/include/px4_msgs/px4_msgs/msg/onboard_computer_status.hpp\n'}
[1.254246] (px4_msgs) StdoutLine: {'line': b'-- Up-to-date: /home/harsh/ros2_project/install/px4_msgs/include/px4_msgs/px4_msgs/msg/estimator_event_flags.hpp\n'}
[1.254285] (px4_msgs) StdoutLine: {'line': b'-- Up-to-date: /home/harsh/ros2_project/install/px4_msgs/include/px4_msgs/px4_msgs/msg/gimbal_device_information.hpp\n'}
[1.254327] (px4_msgs) StdoutLine: {'line': b'-- Up-to-date: /home/harsh/ros2_project/install/px4_msgs/include/px4_msgs/px4_msgs/msg/timesync_status.hpp\n'}
[1.254371] (px4_msgs) StdoutLine: {'line': b'-- Up-to-date: /home/harsh/ros2_project/install/px4_msgs/include/px4_msgs/px4_msgs/msg/mag_worker_data.hpp\n'}
[1.254412] (px4_msgs) StdoutLine: {'line': b'-- Up-to-date: /home/harsh/ros2_project/install/px4_msgs/include/px4_msgs/px4_msgs/msg/tecs_status.hpp\n'}
[1.254450] (px4_msgs) StdoutLine: {'line': b'-- Up-to-date: /home/harsh/ros2_project/install/px4_msgs/include/px4_msgs/px4_msgs/msg/qshell_req.hpp\n'}
[1.254489] (px4_msgs) StdoutLine: {'line': b'-- Up-to-date: /home/harsh/ros2_project/install/px4_msgs/include/px4_msgs/px4_msgs/msg/parameter_set_value_response.hpp\n'}
[1.254528] (px4_msgs) StdoutLine: {'line': b'-- Up-to-date: /home/harsh/ros2_project/install/px4_msgs/include/px4_msgs/px4_msgs/msg/vehicle_control_mode.hpp\n'}
[1.254629] (px4_msgs) StdoutLine: {'line': b'-- Up-to-date: /home/harsh/ros2_project/install/px4_msgs/include/px4_msgs/px4_msgs/msg/goto_setpoint.hpp\n'}
[1.254670] (px4_msgs) StdoutLine: {'line': b'-- Up-to-date: /home/harsh/ros2_project/install/px4_msgs/include/px4_msgs/px4_msgs/msg/estimator_status.hpp\n'}
[1.254710] (px4_msgs) StdoutLine: {'line': b'-- Up-to-date: /home/harsh/ros2_project/install/px4_msgs/include/px4_msgs/px4_msgs/msg/vehicle_torque_setpoint.hpp\n'}
[1.254749] (px4_msgs) StdoutLine: {'line': b'-- Up-to-date: /home/harsh/ros2_project/install/px4_msgs/include/px4_msgs/px4_msgs/msg/vehicle_thrust_setpoint.hpp\n'}
[1.254788] (px4_msgs) StdoutLine: {'line': b'-- Up-to-date: /home/harsh/ros2_project/install/px4_msgs/include/px4_msgs/px4_msgs/msg/mavlink_tunnel.hpp\n'}
[1.254827] (px4_msgs) StdoutLine: {'line': b'-- Up-to-date: /home/harsh/ros2_project/install/px4_msgs/include/px4_msgs/px4_msgs/msg/camera_status.hpp\n'}
[1.254867] (px4_msgs) StdoutLine: {'line': b'-- Up-to-date: /home/harsh/ros2_project/install/px4_msgs/include/px4_msgs/px4_msgs/msg/vehicle_status.hpp\n'}
[1.254907] (px4_msgs) StdoutLine: {'line': b'-- Up-to-date: /home/harsh/ros2_project/install/px4_msgs/include/px4_msgs/px4_msgs/msg/px4io_status.hpp\n'}
[1.254947] (px4_msgs) StdoutLine: {'line': b'-- Up-to-date: /home/harsh/ros2_project/install/px4_msgs/include/px4_msgs/px4_msgs/msg/esc_status.hpp\n'}
[1.254988] (px4_msgs) StdoutLine: {'line': b'-- Up-to-date: /home/harsh/ros2_project/install/px4_msgs/include/px4_msgs/px4_msgs/msg/vehicle_local_position_setpoint.hpp\n'}
[1.255028] (px4_msgs) StdoutLine: {'line': b'-- Up-to-date: /home/harsh/ros2_project/install/px4_msgs/include/px4_msgs/px4_msgs/msg/adc_report.hpp\n'}
[1.255181] (px4_msgs) StdoutLine: {'line': b'-- Up-to-date: /home/harsh/ros2_project/install/px4_msgs/include/px4_msgs/px4_msgs/msg/gpio_config.hpp\n'}
[1.255227] (px4_msgs) StdoutLine: {'line': b'-- Up-to-date: /home/harsh/ros2_project/install/px4_msgs/include/px4_msgs/px4_msgs/msg/unregister_ext_component.hpp\n'}
[1.255271] (px4_msgs) StdoutLine: {'line': b'-- Up-to-date: /home/harsh/ros2_project/install/px4_msgs/include/px4_msgs/px4_msgs/msg/rpm.hpp\n'}
[1.255312] (px4_msgs) StdoutLine: {'line': b'-- Up-to-date: /home/harsh/ros2_project/install/px4_msgs/include/px4_msgs/px4_msgs/msg/sensor_combined.hpp\n'}
[1.255365] (px4_msgs) StdoutLine: {'line': b'-- Up-to-date: /home/harsh/ros2_project/install/px4_msgs/include/px4_msgs/px4_msgs/msg/sensor_selection.hpp\n'}
[1.255407] (px4_msgs) StdoutLine: {'line': b'-- Up-to-date: /home/harsh/ros2_project/install/px4_msgs/include/px4_msgs/px4_msgs/msg/system_power.hpp\n'}
[1.255446] (px4_msgs) StdoutLine: {'line': b'-- Up-to-date: /home/harsh/ros2_project/install/px4_msgs/include/px4_msgs/px4_msgs/msg/debug_vect.hpp\n'}
[1.255488] (px4_msgs) StdoutLine: {'line': b'-- Up-to-date: /home/harsh/ros2_project/install/px4_msgs/include/px4_msgs/px4_msgs/msg/vehicle_angular_velocity.hpp\n'}
[1.255529] (px4_msgs) StdoutLine: {'line': b'-- Up-to-date: /home/harsh/ros2_project/install/px4_msgs/include/px4_msgs/px4_msgs/msg/uavcan_parameter_value.hpp\n'}
[1.255570] (px4_msgs) StdoutLine: {'line': b'-- Up-to-date: /home/harsh/ros2_project/install/px4_msgs/include/px4_msgs/px4_msgs/msg/estimator_gps_status.hpp\n'}
[1.255611] (px4_msgs) StdoutLine: {'line': b'-- Up-to-date: /home/harsh/ros2_project/install/px4_msgs/include/px4_msgs/px4_msgs/msg/position_setpoint.hpp\n'}
[1.255649] (px4_msgs) StdoutLine: {'line': b'-- Up-to-date: /home/harsh/ros2_project/install/px4_msgs/include/px4_msgs/px4_msgs/msg/actuator_motors.hpp\n'}
[1.255689] (px4_msgs) StdoutLine: {'line': b'-- Up-to-date: /home/harsh/ros2_project/install/px4_msgs/include/px4_msgs/px4_msgs/msg/cellular_status.hpp\n'}
[1.255730] (px4_msgs) StdoutLine: {'line': b'-- Up-to-date: /home/harsh/ros2_project/install/px4_msgs/include/px4_msgs/px4_msgs/msg/power_monitor.hpp\n'}
[1.255770] (px4_msgs) StdoutLine: {'line': b'-- Up-to-date: /home/harsh/ros2_project/install/px4_msgs/include/px4_msgs/px4_msgs/msg/offboard_control_mode.hpp\n'}
[1.255810] (px4_msgs) StdoutLine: {'line': b'-- Up-to-date: /home/harsh/ros2_project/install/px4_msgs/include/px4_msgs/px4_msgs/msg/estimator_sensor_bias.hpp\n'}
[1.255850] (px4_msgs) StdoutLine: {'line': b'-- Up-to-date: /home/harsh/ros2_project/install/px4_msgs/include/px4_msgs/px4_msgs/msg/gps_inject_data.hpp\n'}
[1.255892] (px4_msgs) StdoutLine: {'line': b'-- Up-to-date: /home/harsh/ros2_project/install/px4_msgs/include/px4_msgs/px4_msgs/msg/vehicle_trajectory_waypoint.hpp\n'}
[1.255934] (px4_msgs) StdoutLine: {'line': b'-- Up-to-date: /home/harsh/ros2_project/install/px4_msgs/include/px4_msgs/px4_msgs/msg/vehicle_imu.hpp\n'}
[1.255974] (px4_msgs) StdoutLine: {'line': b'-- Up-to-date: /home/harsh/ros2_project/install/px4_msgs/include/px4_msgs/px4_msgs/msg/parameter_update.hpp\n'}
[1.256012] (px4_msgs) StdoutLine: {'line': b'-- Up-to-date: /home/harsh/ros2_project/install/px4_msgs/include/px4_msgs/px4_msgs/msg/vehicle_local_position.hpp\n'}
[1.256052] (px4_msgs) StdoutLine: {'line': b'-- Up-to-date: /home/harsh/ros2_project/install/px4_msgs/include/px4_msgs/px4_msgs/msg/task_stack_info.hpp\n'}
[1.256091] (px4_msgs) StdoutLine: {'line': b'-- Up-to-date: /home/harsh/ros2_project/install/px4_msgs/include/px4_msgs/px4_msgs/msg/vehicle_constraints.hpp\n'}
[1.256167] (px4_msgs) StdoutLine: {'line': b'-- Up-to-date: /home/harsh/ros2_project/install/px4_msgs/include/px4_msgs/px4_msgs/msg/vehicle_angular_acceleration_setpoint.hpp\n'}
[1.256208] (px4_msgs) StdoutLine: {'line': b'-- Up-to-date: /home/harsh/ros2_project/install/px4_msgs/include/px4_msgs/px4_msgs/msg/actuator_controls_status.hpp\n'}
[1.256249] (px4_msgs) StdoutLine: {'line': b'-- Up-to-date: /home/harsh/ros2_project/install/px4_msgs/include/px4_msgs/px4_msgs/msg/vehicle_command.hpp\n'}
[1.256429] (px4_msgs) StdoutLine: {'line': b'-- Up-to-date: /home/harsh/ros2_project/install/px4_msgs/include/px4_msgs/px4_msgs/msg/velocity_limits.hpp\n'}
[1.256493] (px4_msgs) StdoutLine: {'line': b'-- Up-to-date: /home/harsh/ros2_project/install/px4_msgs/include/px4_msgs/px4_msgs/msg/sensor_baro.hpp\n'}
[1.256537] (px4_msgs) StdoutLine: {'line': b'-- Up-to-date: /home/harsh/ros2_project/install/px4_msgs/include/px4_msgs/px4_msgs/msg/estimator_status_flags.hpp\n'}
[1.256580] (px4_msgs) StdoutLine: {'line': b'-- Up-to-date: /home/harsh/ros2_project/install/px4_msgs/include/px4_msgs/px4_msgs/msg/trajectory_setpoint.hpp\n'}
[1.256622] (px4_msgs) StdoutLine: {'line': b'-- Up-to-date: /home/harsh/ros2_project/install/px4_msgs/include/px4_msgs/px4_msgs/msg/sensor_accel.hpp\n'}
[1.256664] (px4_msgs) StdoutLine: {'line': b'-- Up-to-date: /home/harsh/ros2_project/install/px4_msgs/include/px4_msgs/px4_msgs/msg/health_report.hpp\n'}
[1.256703] (px4_msgs) StdoutLine: {'line': b'-- Up-to-date: /home/harsh/ros2_project/install/px4_msgs/include/px4_msgs/px4_msgs/msg/sensor_correction.hpp\n'}
[1.256742] (px4_msgs) StdoutLine: {'line': b'-- Up-to-date: /home/harsh/ros2_project/install/px4_msgs/include/px4_msgs/px4_msgs/msg/flight_phase_estimation.hpp\n'}
[1.256781] (px4_msgs) StdoutLine: {'line': b'-- Up-to-date: /home/harsh/ros2_project/install/px4_msgs/include/px4_msgs/px4_msgs/msg/mission.hpp\n'}
[1.256822] (px4_msgs) StdoutLine: {'line': b'-- Up-to-date: /home/harsh/ros2_project/install/px4_msgs/include/px4_msgs/px4_msgs/msg/log_message.hpp\n'}
[1.256863] (px4_msgs) StdoutLine: {'line': b'-- Up-to-date: /home/harsh/ros2_project/install/px4_msgs/include/px4_msgs/px4_msgs/msg/wind.hpp\n'}
[1.256905] (px4_msgs) StdoutLine: {'line': b'-- Up-to-date: /home/harsh/ros2_project/install/px4_msgs/include/px4_msgs/px4_msgs/msg/geofence_status.hpp\n'}
[1.256946] (px4_msgs) StdoutLine: {'line': b'-- Up-to-date: /home/harsh/ros2_project/install/px4_msgs/include/px4_msgs/px4_msgs/msg/sensor_gyro_fft.hpp\n'}
[1.256986] (px4_msgs) StdoutLine: {'line': b'-- Up-to-date: /home/harsh/ros2_project/install/px4_msgs/include/px4_msgs/px4_msgs/msg/vehicle_optical_flow_vel.hpp\n'}
[1.257026] (px4_msgs) StdoutLine: {'line': b'-- Up-to-date: /home/harsh/ros2_project/install/px4_msgs/include/px4_msgs/px4_msgs/msg/gimbal_manager_set_manual_control.hpp\n'}
[1.257067] (px4_msgs) StdoutLine: {'line': b'-- Up-to-date: /home/harsh/ros2_project/install/px4_msgs/include/px4_msgs/px4_msgs/msg/rtl_status.hpp\n'}
[1.257107] (px4_msgs) StdoutLine: {'line': b'-- Up-to-date: /home/harsh/ros2_project/install/px4_msgs/include/px4_msgs/px4_msgs/msg/vehicle_rates_setpoint.hpp\n'}
[1.257146] (px4_msgs) StdoutLine: {'line': b'-- Up-to-date: /home/harsh/ros2_project/install/px4_msgs/include/px4_msgs/px4_msgs/msg/ping.hpp\n'}
[1.257186] (px4_msgs) StdoutLine: {'line': b'-- Up-to-date: /home/harsh/ros2_project/install/px4_msgs/include/px4_msgs/px4_msgs/msg/landing_gear_wheel.hpp\n'}
[1.257226] (px4_msgs) StdoutLine: {'line': b'-- Up-to-date: /home/harsh/ros2_project/install/px4_msgs/include/px4_msgs/px4_msgs/msg/autotune_attitude_control_status.hpp\n'}
[1.257266] (px4_msgs) StdoutLine: {'line': b'-- Up-to-date: /home/harsh/ros2_project/install/px4_msgs/include/px4_msgs/px4_msgs/msg/position_controller_landing_status.hpp\n'}
[1.257306] (px4_msgs) StdoutLine: {'line': b'-- Up-to-date: /home/harsh/ros2_project/install/px4_msgs/include/px4_msgs/px4_msgs/msg/vehicle_land_detected.hpp\n'}
[1.257353] (px4_msgs) StdoutLine: {'line': b'-- Up-to-date: /home/harsh/ros2_project/install/px4_msgs/include/px4_msgs/px4_msgs/msg/actuator_test.hpp\n'}
[1.257394] (px4_msgs) StdoutLine: {'line': b'-- Up-to-date: /home/harsh/ros2_project/install/px4_msgs/include/px4_msgs/px4_msgs/msg/orb_test.hpp\n'}
[1.257434] (px4_msgs) StdoutLine: {'line': b'-- Up-to-date: /home/harsh/ros2_project/install/px4_msgs/include/px4_msgs/px4_msgs/msg/airspeed_wind.hpp\n'}
[1.257474] (px4_msgs) StdoutLine: {'line': b'-- Up-to-date: /home/harsh/ros2_project/install/px4_msgs/include/px4_msgs/px4_msgs/msg/actuator_outputs.hpp\n'}
[1.257525] (px4_msgs) StdoutLine: {'line': b'-- Up-to-date: /home/harsh/ros2_project/install/px4_msgs/include/px4_msgs/px4_msgs/msg/differential_pressure.hpp\n'}
[1.257566] (px4_msgs) StdoutLine: {'line': b'-- Up-to-date: /home/harsh/ros2_project/install/px4_msgs/include/px4_msgs/px4_msgs/msg/differential_drive_setpoint.hpp\n'}
[1.257606] (px4_msgs) StdoutLine: {'line': b'-- Up-to-date: /home/harsh/ros2_project/install/px4_msgs/include/px4_msgs/px4_msgs/msg/position_controller_status.hpp\n'}
[1.257646] (px4_msgs) StdoutLine: {'line': b'-- Up-to-date: /home/harsh/ros2_project/install/px4_msgs/include/px4_msgs/px4_msgs/msg/failsafe_flags.hpp\n'}
[1.257686] (px4_msgs) StdoutLine: {'line': b'-- Up-to-date: /home/harsh/ros2_project/install/px4_msgs/include/px4_msgs/px4_msgs/msg/heater_status.hpp\n'}
[1.257729] (px4_msgs) StdoutLine: {'line': b'-- Up-to-date: /home/harsh/ros2_project/install/px4_msgs/include/px4_msgs/px4_msgs/msg/sensor_optical_flow.hpp\n'}
[1.257770] (px4_msgs) StdoutLine: {'line': b'-- Up-to-date: /home/harsh/ros2_project/install/px4_msgs/include/px4_msgs/px4_msgs/msg/estimator_bias3d.hpp\n'}
[1.257813] (px4_msgs) StdoutLine: {'line': b'-- Up-to-date: /home/harsh/ros2_project/install/px4_msgs/include/px4_msgs/px4_msgs/msg/battery_status.hpp\n'}
[1.257854] (px4_msgs) StdoutLine: {'line': b'-- Up-to-date: /home/harsh/ros2_project/install/px4_msgs/include/px4_msgs/px4_msgs/msg/rate_ctrl_status.hpp\n'}
[1.257896] (px4_msgs) StdoutLine: {'line': b'-- Up-to-date: /home/harsh/ros2_project/install/px4_msgs/include/px4_msgs/px4_msgs/msg/sensor_gnss_relative.hpp\n'}
[1.257938] (px4_msgs) StdoutLine: {'line': b'-- Up-to-date: /home/harsh/ros2_project/install/px4_msgs/include/px4_msgs/px4_msgs/msg/sensor_hygrometer.hpp\n'}
[1.257979] (px4_msgs) StdoutLine: {'line': b'-- Up-to-date: /home/harsh/ros2_project/install/px4_msgs/include/px4_msgs/px4_msgs/msg/actuator_servos_trim.hpp\n'}
[1.258061] (px4_msgs) StdoutLine: {'line': b'-- Up-to-date: /home/harsh/ros2_project/install/px4_msgs/include/px4_msgs/px4_msgs/msg/gimbal_device_attitude_status.hpp\n'}
[1.258103] (px4_msgs) StdoutLine: {'line': b'-- Up-to-date: /home/harsh/ros2_project/install/px4_msgs/include/px4_msgs/px4_msgs/msg/estimator_aid_source1d.hpp\n'}
[1.258144] (px4_msgs) StdoutLine: {'line': b'-- Up-to-date: /home/harsh/ros2_project/install/px4_msgs/include/px4_msgs/px4_msgs/msg/action_request.hpp\n'}
[1.258185] (px4_msgs) StdoutLine: {'line': b'-- Up-to-date: /home/harsh/ros2_project/install/px4_msgs/include/px4_msgs/px4_msgs/msg/vehicle_global_position.hpp\n'}
[1.258227] (px4_msgs) StdoutLine: {'line': b'-- Up-to-date: /home/harsh/ros2_project/install/px4_msgs/include/px4_msgs/px4_msgs/msg/gimbal_controls.hpp\n'}
[1.258271] (px4_msgs) StdoutLine: {'line': b'-- Up-to-date: /home/harsh/ros2_project/install/px4_msgs/include/px4_msgs/px4_msgs/msg/navigator_mission_item.hpp\n'}
[1.258313] (px4_msgs) StdoutLine: {'line': b'-- Up-to-date: /home/harsh/ros2_project/install/px4_msgs/include/px4_msgs/px4_msgs/msg/launch_detection_status.hpp\n'}
[1.258360] (px4_msgs) StdoutLine: {'line': b'-- Up-to-date: /home/harsh/ros2_project/install/px4_msgs/include/px4_msgs/px4_msgs/msg/mount_orientation.hpp\n'}
[1.258402] (px4_msgs) StdoutLine: {'line': b'-- Up-to-date: /home/harsh/ros2_project/install/px4_msgs/include/px4_msgs/px4_msgs/msg/gimbal_manager_set_attitude.hpp\n'}
[1.258442] (px4_msgs) StdoutLine: {'line': b'-- Up-to-date: /home/harsh/ros2_project/install/px4_msgs/include/px4_msgs/px4_msgs/msg/vtol_vehicle_status.hpp\n'}
[1.258484] (px4_msgs) StdoutLine: {'line': b'-- Up-to-date: /home/harsh/ros2_project/install/px4_msgs/include/px4_msgs/px4_msgs/msg/gimbal_manager_information.hpp\n'}
[1.258524] (px4_msgs) StdoutLine: {'line': b'-- Up-to-date: /home/harsh/ros2_project/install/px4_msgs/include/px4_msgs/px4_msgs/msg/logger_status.hpp\n'}
[1.258567] (px4_msgs) StdoutLine: {'line': b'-- Up-to-date: /home/harsh/ros2_project/install/px4_msgs/include/px4_msgs/px4_msgs/msg/internal_combustion_engine_status.hpp\n'}
[1.258613] (px4_msgs) StdoutLine: {'line': b'-- Up-to-date: /home/harsh/ros2_project/install/px4_msgs/include/px4_msgs/px4_msgs/msg/takeoff_status.hpp\n'}
[1.258654] (px4_msgs) StdoutLine: {'line': b'-- Up-to-date: /home/harsh/ros2_project/install/px4_msgs/include/px4_msgs/px4_msgs/msg/vehicle_imu_status.hpp\n'}
[1.258695] (px4_msgs) StdoutLine: {'line': b'-- Up-to-date: /home/harsh/ros2_project/install/px4_msgs/include/px4_msgs/px4_msgs/msg/home_position.hpp\n'}
[1.258736] (px4_msgs) StdoutLine: {'line': b'-- Up-to-date: /home/harsh/ros2_project/install/px4_msgs/include/px4_msgs/px4_msgs/msg/follow_target.hpp\n'}
[1.258776] (px4_msgs) StdoutLine: {'line': b'-- Up-to-date: /home/harsh/ros2_project/install/px4_msgs/include/px4_msgs/px4_msgs/msg/pwm_input.hpp\n'}
[1.258818] (px4_msgs) StdoutLine: {'line': b'-- Up-to-date: /home/harsh/ros2_project/install/px4_msgs/include/px4_msgs/px4_msgs/msg/telemetry_status.hpp\n'}
[1.258860] (px4_msgs) StdoutLine: {'line': b'-- Up-to-date: /home/harsh/ros2_project/install/px4_msgs/include/px4_msgs/px4_msgs/msg/ulog_stream.hpp\n'}
[1.258900] (px4_msgs) StdoutLine: {'line': b'-- Up-to-date: /home/harsh/ros2_project/install/px4_msgs/include/px4_msgs/px4_msgs/msg/camera_trigger.hpp\n'}
[1.258942] (px4_msgs) StdoutLine: {'line': b'-- Up-to-date: /home/harsh/ros2_project/install/px4_msgs/include/px4_msgs/px4_msgs/msg/normalized_unsigned_setpoint.hpp\n'}
[1.258986] (px4_msgs) StdoutLine: {'line': b'-- Up-to-date: /home/harsh/ros2_project/install/px4_msgs/include/px4_msgs/px4_msgs/msg/sensor_airflow.hpp\n'}
[1.259030] (px4_msgs) StdoutLine: {'line': b'-- Up-to-date: /home/harsh/ros2_project/install/px4_msgs/include/px4_msgs/px4_msgs/msg/geofence_result.hpp\n'}
[1.259073] (px4_msgs) StdoutLine: {'line': b'-- Up-to-date: /home/harsh/ros2_project/install/px4_msgs/include/px4_msgs/px4_msgs/msg/buffer128.hpp\n'}
[1.259116] (px4_msgs) StdoutLine: {'line': b'-- Up-to-date: /home/harsh/ros2_project/install/px4_msgs/include/px4_msgs/px4_msgs/msg/config_overrides.hpp\n'}
[1.259160] (px4_msgs) StdoutLine: {'line': b'-- Up-to-date: /home/harsh/ros2_project/install/px4_msgs/include/px4_msgs/px4_msgs/msg/parameter_set_value_request.hpp\n'}
[1.259202] (px4_msgs) StdoutLine: {'line': b'-- Up-to-date: /home/harsh/ros2_project/install/px4_msgs/include/px4_msgs/px4_msgs/msg/wheel_encoders.hpp\n'}
[1.259248] (px4_msgs) StdoutLine: {'line': b'-- Up-to-date: /home/harsh/ros2_project/install/px4_msgs/include/px4_msgs/px4_msgs/msg/gps_dump.hpp\n'}
[1.259291] (px4_msgs) StdoutLine: {'line': b'-- Up-to-date: /home/harsh/ros2_project/install/px4_msgs/include/px4_msgs/px4_msgs/msg/led_control.hpp\n'}
[1.259340] (px4_msgs) StdoutLine: {'line': b'-- Up-to-date: /home/harsh/ros2_project/install/px4_msgs/include/px4_msgs/px4_msgs/msg/sensor_accel_fifo.hpp\n'}
[1.259386] (px4_msgs) StdoutLine: {'line': b'-- Up-to-date: /home/harsh/ros2_project/install/px4_msgs/include/px4_msgs/px4_msgs/msg/vehicle_acceleration.hpp\n'}
[1.259429] (px4_msgs) StdoutLine: {'line': b'-- Up-to-date: /home/harsh/ros2_project/install/px4_msgs/include/px4_msgs/px4_msgs/msg/vehicle_optical_flow.hpp\n'}
[1.259472] (px4_msgs) StdoutLine: {'line': b'-- Up-to-date: /home/harsh/ros2_project/install/px4_msgs/include/px4_msgs/px4_msgs/msg/rc_channels.hpp\n'}
[1.259515] (px4_msgs) StdoutLine: {'line': b'-- Up-to-date: /home/harsh/ros2_project/install/px4_msgs/include/px4_msgs/px4_msgs/msg/dataman_response.hpp\n'}
[1.259558] (px4_msgs) StdoutLine: {'line': b'-- Up-to-date: /home/harsh/ros2_project/install/px4_msgs/include/px4_msgs/px4_msgs/msg/estimator_states.hpp\n'}
[1.259599] (px4_msgs) StdoutLine: {'line': b'-- Up-to-date: /home/harsh/ros2_project/install/px4_msgs/include/px4_msgs/px4_msgs/msg/landing_target_pose.hpp\n'}
[1.259641] (px4_msgs) StdoutLine: {'line': b'-- Up-to-date: /home/harsh/ros2_project/install/px4_msgs/include/px4_msgs/px4_msgs/msg/orbit_status.hpp\n'}
[1.259686] (px4_msgs) StdoutLine: {'line': b'-- Up-to-date: /home/harsh/ros2_project/install/px4_msgs/include/px4_msgs/px4_msgs/msg/npfg_status.hpp\n'}
[1.259729] (px4_msgs) StdoutLine: {'line': b'-- Up-to-date: /home/harsh/ros2_project/install/px4_msgs/include/px4_msgs/px4_msgs/msg/vehicle_magnetometer.hpp\n'}
[1.259816] (px4_msgs) StdoutLine: {'line': b'-- Up-to-date: /home/harsh/ros2_project/install/px4_msgs/include/px4_msgs/px4_msgs/msg/uavcan_parameter_request.hpp\n'}
[1.259860] (px4_msgs) StdoutLine: {'line': b'-- Up-to-date: /home/harsh/ros2_project/install/px4_msgs/include/px4_msgs/px4_msgs/msg/mavlink_log.hpp\n'}
[1.259902] (px4_msgs) StdoutLine: {'line': b'-- Up-to-date: /home/harsh/ros2_project/install/px4_msgs/include/px4_msgs/px4_msgs/msg/satellite_info.hpp\n'}
[1.259943] (px4_msgs) StdoutLine: {'line': b'-- Up-to-date: /home/harsh/ros2_project/install/px4_msgs/include/px4_msgs/px4_msgs/msg/transponder_report.hpp\n'}
[1.259986] (px4_msgs) StdoutLine: {'line': b'-- Up-to-date: /home/harsh/ros2_project/install/px4_msgs/include/px4_msgs/px4_msgs/msg/event.hpp\n'}
[1.260028] (px4_msgs) StdoutLine: {'line': b'-- Up-to-date: /home/harsh/ros2_project/install/px4_msgs/include/px4_msgs/px4_msgs/msg/input_rc.hpp\n'}
[1.260069] (px4_msgs) StdoutLine: {'line': b'-- Up-to-date: /home/harsh/ros2_project/install/px4_msgs/include/px4_msgs/px4_msgs/msg/rtl_time_estimate.hpp\n'}
[1.260111] (px4_msgs) StdoutLine: {'line': b'-- Up-to-date: /home/harsh/ros2_project/install/px4_msgs/include/px4_msgs/px4_msgs/msg/vehicle_roi.hpp\n'}
[1.260152] (px4_msgs) StdoutLine: {'line': b'-- Up-to-date: /home/harsh/ros2_project/install/px4_msgs/include/px4_msgs/px4_msgs/msg/sensor_gyro_fifo.hpp\n'}
[1.260194] (px4_msgs) StdoutLine: {'line': b'-- Up-to-date: /home/harsh/ros2_project/install/px4_msgs/include/px4_msgs/px4_msgs/msg/power_button_state.hpp\n'}
[1.260237] (px4_msgs) StdoutLine: {'line': b'-- Up-to-date: /home/harsh/ros2_project/install/px4_msgs/include/px4_msgs/px4_msgs/msg/debug_value.hpp\n'}
[1.260277] (px4_msgs) StdoutLine: {'line': b'-- Up-to-date: /home/harsh/ros2_project/install/px4_msgs/include/px4_msgs/px4_msgs/msg/debug_array.hpp\n'}
[1.260318] (px4_msgs) StdoutLine: {'line': b'-- Up-to-date: /home/harsh/ros2_project/install/px4_msgs/include/px4_msgs/px4_msgs/msg/follow_target_estimator.hpp\n'}
[1.260369] (px4_msgs) StdoutLine: {'line': b'-- Up-to-date: /home/harsh/ros2_project/install/px4_msgs/include/px4_msgs/px4_msgs/msg/distance_sensor.hpp\n'}
[1.260410] (px4_msgs) StdoutLine: {'line': b'-- Up-to-date: /home/harsh/ros2_project/install/px4_msgs/include/px4_msgs/px4_msgs/msg/can_interface_status.hpp\n'}
[1.260454] (px4_msgs) StdoutLine: {'line': b'-- Up-to-date: /home/harsh/ros2_project/install/px4_msgs/include/px4_msgs/px4_msgs/msg/cpuload.hpp\n'}
[1.260497] (px4_msgs) StdoutLine: {'line': b'-- Up-to-date: /home/harsh/ros2_project/install/px4_msgs/include/px4_msgs/px4_msgs/msg/sensor_gps.hpp\n'}
[1.260539] (px4_msgs) StdoutLine: {'line': b'-- Up-to-date: /home/harsh/ros2_project/install/px4_msgs/include/px4_msgs/px4_msgs/msg/mission_result.hpp\n'}
[1.260582] (px4_msgs) StdoutLine: {'line': b'-- Up-to-date: /home/harsh/ros2_project/install/px4_msgs/include/px4_msgs/px4_msgs/msg/generator_status.hpp\n'}
[1.260624] (px4_msgs) StdoutLine: {'line': b'-- Up-to-date: /home/harsh/ros2_project/install/px4_msgs/include/px4_msgs/px4_msgs/msg/sensor_uwb.hpp\n'}
[1.260666] (px4_msgs) StdoutLine: {'line': b'-- Up-to-date: /home/harsh/ros2_project/install/px4_msgs/include/px4_msgs/px4_msgs/msg/actuator_servos.hpp\n'}
[1.260708] (px4_msgs) StdoutLine: {'line': b'-- Up-to-date: /home/harsh/ros2_project/install/px4_msgs/include/px4_msgs/px4_msgs/msg/arming_check_request.hpp\n'}
[1.260750] (px4_msgs) StdoutLine: {'line': b'-- Up-to-date: /home/harsh/ros2_project/install/px4_msgs/include/px4_msgs/px4_msgs/msg/register_ext_component_request.hpp\n'}
[1.260792] (px4_msgs) StdoutLine: {'line': b'-- Up-to-date: /home/harsh/ros2_project/install/px4_msgs/include/px4_msgs/px4_msgs/msg/trajectory_waypoint.hpp\n'}
[1.260834] (px4_msgs) StdoutLine: {'line': b'-- Up-to-date: /home/harsh/ros2_project/install/px4_msgs/include/px4_msgs/px4_msgs/msg/airspeed.hpp\n'}
[1.260878] (px4_msgs) StdoutLine: {'line': b'-- Up-to-date: /home/harsh/ros2_project/install/px4_msgs/include/px4_msgs/px4_msgs/msg/estimator_selector_status.hpp\n'}
[1.260919] (px4_msgs) StdoutLine: {'line': b'-- Up-to-date: /home/harsh/ros2_project/install/px4_msgs/include/px4_msgs/px4_msgs/msg/sensor_mag.hpp\n'}
[1.260958] (px4_msgs) StdoutLine: {'line': b'-- Up-to-date: /home/harsh/ros2_project/install/px4_msgs/include/px4_msgs/px4_msgs/msg/tune_control.hpp\n'}
[1.260999] (px4_msgs) StdoutLine: {'line': b'-- Up-to-date: /home/harsh/ros2_project/install/px4_msgs/include/px4_msgs/px4_msgs/msg/gripper.hpp\n'}
[1.261042] (px4_msgs) StdoutLine: {'line': b'-- Up-to-date: /home/harsh/ros2_project/install/px4_msgs/include/px4_msgs/px4_msgs/msg/radio_status.hpp\n'}
[1.261083] (px4_msgs) StdoutLine: {'line': b'-- Up-to-date: /home/harsh/ros2_project/install/px4_msgs/include/px4_msgs/px4_msgs/msg/rc_parameter_map.hpp\n'}
[1.261126] (px4_msgs) StdoutLine: {'line': b'-- Up-to-date: /home/harsh/ros2_project/install/px4_msgs/include/px4_msgs/px4_msgs/msg/follow_target_status.hpp\n'}
[1.261169] (px4_msgs) StdoutLine: {'line': b'-- Up-to-date: /home/harsh/ros2_project/install/px4_msgs/include/px4_msgs/px4_msgs/msg/collision_constraints.hpp\n'}
[1.261212] (px4_msgs) StdoutLine: {'line': b'-- Up-to-date: /home/harsh/ros2_project/install/px4_msgs/include/px4_msgs/px4_msgs/msg/ulog_stream_ack.hpp\n'}
[1.261254] (px4_msgs) StdoutLine: {'line': b'-- Up-to-date: /home/harsh/ros2_project/install/px4_msgs/include/px4_msgs/px4_msgs/msg/airspeed_validated.hpp\n'}
[1.261337] (px4_msgs) StdoutLine: {'line': b'-- Up-to-date: /home/harsh/ros2_project/install/px4_msgs/include/px4_msgs/px4_msgs/msg/parameter_set_used_request.hpp\n'}
[1.261503] (px4_msgs) StdoutLine: {'line': b'-- Up-to-date: /home/harsh/ros2_project/install/px4_msgs/include/px4_msgs/px4_msgs/msg/tiltrotor_extra_controls.hpp\n'}
[1.261551] (px4_msgs) StdoutLine: {'line': b'-- Up-to-date: /home/harsh/ros2_project/install/px4_msgs/include/px4_msgs/px4_msgs/msg/magnetometer_bias_estimate.hpp\n'}
[1.261596] (px4_msgs) StdoutLine: {'line': b'-- Up-to-date: /home/harsh/ros2_project/install/px4_msgs/include/px4_msgs/px4_msgs/msg/vehicle_trajectory_bezier.hpp\n'}
[1.261641] (px4_msgs) StdoutLine: {'line': b'-- Up-to-date: /home/harsh/ros2_project/install/px4_msgs/include/px4_msgs/px4_msgs/msg/yaw_estimator_status.hpp\n'}
[1.261685] (px4_msgs) StdoutLine: {'line': b'-- Up-to-date: /home/harsh/ros2_project/install/px4_msgs/include/px4_msgs/px4_msgs/msg/vehicle_command_ack.hpp\n'}
[1.261728] (px4_msgs) StdoutLine: {'line': b'-- Up-to-date: /home/harsh/ros2_project/install/px4_msgs/include/px4_msgs/px4_msgs/msg/failure_detector_status.hpp\n'}
[1.261770] (px4_msgs) StdoutLine: {'line': b'-- Up-to-date: /home/harsh/ros2_project/install/px4_msgs/include/px4_msgs/px4_msgs/msg/dataman_request.hpp\n'}
[1.261814] (px4_msgs) StdoutLine: {'line': b'-- Up-to-date: /home/harsh/ros2_project/install/px4_msgs/include/px4_msgs/px4_msgs/msg/gpio_in.hpp\n'}
[1.261856] (px4_msgs) StdoutLine: {'line': b'-- Up-to-date: /home/harsh/ros2_project/install/px4_msgs/include/px4_msgs/px4_msgs/msg/landing_target_innovations.hpp\n'}
[1.261898] (px4_msgs) StdoutLine: {'line': b'-- Up-to-date: /home/harsh/ros2_project/install/px4_msgs/include/px4_msgs/px4_msgs/msg/message_format_response.hpp\n'}
[1.261940] (px4_msgs) StdoutLine: {'line': b'-- Up-to-date: /home/harsh/ros2_project/install/px4_msgs/include/px4_msgs/px4_msgs/msg/landing_gear.hpp\n'}
[1.261982] (px4_msgs) StdoutLine: {'line': b'-- Up-to-date: /home/harsh/ros2_project/install/px4_msgs/include/px4_msgs/px4_msgs/msg/manual_control_setpoint.hpp\n'}
[1.262026] (px4_msgs) StdoutLine: {'line': b'-- Up-to-date: /home/harsh/ros2_project/install/px4_msgs/include/px4_msgs/px4_msgs/msg/orb_test_large.hpp\n'}
[1.262069] (px4_msgs) StdoutLine: {'line': b'-- Up-to-date: /home/harsh/ros2_project/install/px4_msgs/include/px4_msgs/px4_msgs/msg/orb_test_medium.hpp\n'}
[1.262113] (px4_msgs) StdoutLine: {'line': b'-- Up-to-date: /home/harsh/ros2_project/install/px4_msgs/include/px4_msgs/px4_msgs/msg/hover_thrust_estimate.hpp\n'}
[1.262225] (px4_msgs) StdoutLine: {'line': b'-- Up-to-date: /home/harsh/ros2_project/install/px4_msgs/include/px4_msgs/px4_msgs/msg/manual_control_switches.hpp\n'}
[1.262267] (px4_msgs) StdoutLine: {'line': b'-- Up-to-date: /home/harsh/ros2_project/install/px4_msgs/include/px4_msgs/px4_msgs/msg/irlock_report.hpp\n'}
[1.262309] (px4_msgs) StdoutLine: {'line': b'-- Up-to-date: /home/harsh/ros2_project/install/px4_msgs/include/px4_msgs/px4_msgs/msg/esc_report.hpp\n'}
[1.262358] (px4_msgs) StdoutLine: {'line': b'-- Up-to-date: /home/harsh/ros2_project/install/px4_msgs/include/px4_msgs/px4_msgs/msg/mode_completed.hpp\n'}
[1.262402] (px4_msgs) StdoutLine: {'line': b'-- Up-to-date: /home/harsh/ros2_project/install/px4_msgs/include/px4_msgs/px4_msgs/msg/vehicle_attitude.hpp\n'}
[1.262443] (px4_msgs) StdoutLine: {'line': b'-- Up-to-date: /home/harsh/ros2_project/install/px4_msgs/include/px4_msgs/px4_msgs/msg/rosidl_generator_cpp__visibility_control.hpp\n'}
[1.262482] (px4_msgs) StdoutLine: {'line': b'-- Up-to-date: /home/harsh/ros2_project/install/px4_msgs/include/px4_msgs/px4_msgs/msg/debug_key_value.hpp\n'}
[1.262522] (px4_msgs) StdoutLine: {'line': b'-- Up-to-date: /home/harsh/ros2_project/install/px4_msgs/include/px4_msgs/px4_msgs/msg/collision_report.hpp\n'}
[1.262562] (px4_msgs) StdoutLine: {'line': b'-- Up-to-date: /home/harsh/ros2_project/install/px4_msgs/include/px4_msgs/px4_msgs/msg/estimator_bias.hpp\n'}
[1.262602] (px4_msgs) StdoutLine: {'line': b'-- Up-to-date: /home/harsh/ros2_project/install/px4_msgs/include/px4_msgs/px4_msgs/msg/gpio_request.hpp\n'}
[1.262643] (px4_msgs) StdoutLine: {'line': b'-- Up-to-date: /home/harsh/ros2_project/install/px4_msgs/include/px4_msgs/px4_msgs/msg/arming_check_reply.hpp\n'}
[1.262683] (px4_msgs) StdoutLine: {'line': b'-- Up-to-date: /home/harsh/ros2_project/install/px4_msgs/include/px4_msgs/px4_msgs/msg/ekf2_timestamps.hpp\n'}
[1.262722] (px4_msgs) StdoutLine: {'line': b'-- Up-to-date: /home/harsh/ros2_project/install/px4_msgs/include/px4_msgs/px4_msgs/msg/sensors_status_imu.hpp\n'}
[1.262762] (px4_msgs) StdoutLine: {'line': b'-- Up-to-date: /home/harsh/ros2_project/install/px4_msgs/include/px4_msgs/px4_msgs/msg/qshell_retval.hpp\n'}
[1.262801] (px4_msgs) StdoutLine: {'line': b'-- Up-to-date: /home/harsh/ros2_project/install/px4_msgs/include/px4_msgs/px4_msgs/msg/sensor_preflight_mag.hpp\n'}
[1.262841] (px4_msgs) StdoutLine: {'line': b'-- Up-to-date: /home/harsh/ros2_project/install/px4_msgs/include/px4_msgs/px4_msgs/msg/gimbal_manager_status.hpp\n'}
[1.262881] (px4_msgs) StdoutLine: {'line': b'-- Up-to-date: /home/harsh/ros2_project/install/px4_msgs/include/px4_msgs/px4_msgs/msg/message_format_request.hpp\n'}
[1.262920] (px4_msgs) StdoutLine: {'line': b'-- Up-to-date: /home/harsh/ros2_project/install/px4_msgs/include/px4_msgs/px4_msgs/msg/iridiumsbd_status.hpp\n'}
[1.262962] (px4_msgs) StdoutLine: {'line': b'-- Up-to-date: /home/harsh/ros2_project/install/px4_msgs/include/px4_msgs/px4_msgs/msg/gpio_out.hpp\n'}
[1.263002] (px4_msgs) StdoutLine: {'line': b'-- Up-to-date: /home/harsh/ros2_project/install/px4_msgs/include/px4_msgs/px4_msgs/msg/gimbal_device_set_attitude.hpp\n'}
[1.263043] (px4_msgs) StdoutLine: {'line': b'-- Up-to-date: /home/harsh/ros2_project/install/px4_msgs/include/px4_msgs/px4_msgs/msg/position_setpoint_triplet.hpp\n'}
[1.263084] (px4_msgs) StdoutLine: {'line': b'-- Up-to-date: /home/harsh/ros2_project/install/px4_msgs/include/px4_msgs/px4_msgs/msg/estimator_aid_source2d.hpp\n'}
[1.263130] (px4_msgs) StdoutLine: {'line': b'-- Up-to-date: /home/harsh/ros2_project/install/px4_msgs/include/px4_msgs/px4_msgs/msg/obstacle_distance.hpp\n'}
[1.263172] (px4_msgs) StdoutLine: {'line': b'-- Up-to-date: /home/harsh/ros2_project/install/px4_msgs/include/px4_msgs/px4_msgs/msg/register_ext_component_reply.hpp\n'}
[1.263213] (px4_msgs) StdoutLine: {'line': b'-- Up-to-date: /home/harsh/ros2_project/install/px4_msgs/include/px4_msgs/px4_msgs/msg/camera_capture.hpp\n'}
[1.263254] (px4_msgs) StdoutLine: {'line': b'-- Up-to-date: /home/harsh/ros2_project/install/px4_msgs/include/px4_msgs/px4_msgs/msg/control_allocator_status.hpp\n'}
[1.263297] (px4_msgs) StdoutLine: {'line': b'-- Up-to-date: /home/harsh/ros2_project/install/px4_msgs/include/px4_msgs/px4_msgs/msg/parameter_reset_request.hpp\n'}
[1.263343] (px4_msgs) StdoutLine: {'line': b'-- Up-to-date: /home/harsh/ros2_project/install/px4_msgs/include/px4_msgs/px4_msgs/msg/button_event.hpp\n'}
[1.263386] (px4_msgs) StdoutLine: {'line': b'-- Up-to-date: /home/harsh/ros2_project/install/px4_msgs/include/px4_msgs/px4_msgs/msg/estimator_innovations.hpp\n'}
[1.263427] (px4_msgs) StdoutLine: {'line': b'-- Up-to-date: /home/harsh/ros2_project/install/px4_msgs/include/px4_msgs/px4_msgs/msg/vehicle_odometry.hpp\n'}
[1.263466] (px4_msgs) StdoutLine: {'line': b'-- Up-to-date: /home/harsh/ros2_project/install/px4_msgs/include/px4_msgs/px4_msgs/msg/detail\n'}
[1.263506] (px4_msgs) StdoutLine: {'line': b'-- Up-to-date: /home/harsh/ros2_project/install/px4_msgs/include/px4_msgs/px4_msgs/msg/detail/task_stack_info__traits.hpp\n'}
[1.263545] (px4_msgs) StdoutLine: {'line': b'-- Up-to-date: /home/harsh/ros2_project/install/px4_msgs/include/px4_msgs/px4_msgs/msg/detail/estimator_event_flags__type_support.hpp\n'}
[1.263585] (px4_msgs) StdoutLine: {'line': b'-- Up-to-date: /home/harsh/ros2_project/install/px4_msgs/include/px4_msgs/px4_msgs/msg/detail/estimator_aid_source1d__builder.hpp\n'}
[1.263627] (px4_msgs) StdoutLine: {'line': b'-- Up-to-date: /home/harsh/ros2_project/install/px4_msgs/include/px4_msgs/px4_msgs/msg/detail/vehicle_angular_velocity__traits.hpp\n'}
[1.263670] (px4_msgs) StdoutLine: {'line': b'-- Up-to-date: /home/harsh/ros2_project/install/px4_msgs/include/px4_msgs/px4_msgs/msg/detail/trajectory_bezier__type_support.hpp\n'}
[1.263714] (px4_msgs) StdoutLine: {'line': b'-- Up-to-date: /home/harsh/ros2_project/install/px4_msgs/include/px4_msgs/px4_msgs/msg/detail/gimbal_controls__type_support.hpp\n'}
[1.263755] (px4_msgs) StdoutLine: {'line': b'-- Up-to-date: /home/harsh/ros2_project/install/px4_msgs/include/px4_msgs/px4_msgs/msg/detail/actuator_motors__traits.hpp\n'}
[1.263798] (px4_msgs) StdoutLine: {'line': b'-- Up-to-date: /home/harsh/ros2_project/install/px4_msgs/include/px4_msgs/px4_msgs/msg/detail/collision_constraints__builder.hpp\n'}
[1.263839] (px4_msgs) StdoutLine: {'line': b'-- Up-to-date: /home/harsh/ros2_project/install/px4_msgs/include/px4_msgs/px4_msgs/msg/detail/navigator_mission_item__traits.hpp\n'}
[1.263882] (px4_msgs) StdoutLine: {'line': b'-- Up-to-date: /home/harsh/ros2_project/install/px4_msgs/include/px4_msgs/px4_msgs/msg/detail/gpio_config__traits.hpp\n'}
[1.263923] (px4_msgs) StdoutLine: {'line': b'-- Up-to-date: /home/harsh/ros2_project/install/px4_msgs/include/px4_msgs/px4_msgs/msg/detail/rc_parameter_map__struct.hpp\n'}
[1.263965] (px4_msgs) StdoutLine: {'line': b'-- Up-to-date: /home/harsh/ros2_project/install/px4_msgs/include/px4_msgs/px4_msgs/msg/detail/gimbal_device_information__struct.hpp\n'}
[1.264005] (px4_msgs) StdoutLine: {'line': b'-- Up-to-date: /home/harsh/ros2_project/install/px4_msgs/include/px4_msgs/px4_msgs/msg/detail/airspeed_validated__builder.hpp\n'}
[1.264046] (px4_msgs) StdoutLine: {'line': b'-- Up-to-date: /home/harsh/ros2_project/install/px4_msgs/include/px4_msgs/px4_msgs/msg/detail/pps_capture__type_support.hpp\n'}
[1.264086] (px4_msgs) StdoutLine: {'line': b'-- Up-to-date: /home/harsh/ros2_project/install/px4_msgs/include/px4_msgs/px4_msgs/msg/detail/dataman_response__builder.hpp\n'}
[1.264126] (px4_msgs) StdoutLine: {'line': b'-- Up-to-date: /home/harsh/ros2_project/install/px4_msgs/include/px4_msgs/px4_msgs/msg/detail/parameter_reset_request__type_support.hpp\n'}
[1.264165] (px4_msgs) StdoutLine: {'line': b'-- Up-to-date: /home/harsh/ros2_project/install/px4_msgs/include/px4_msgs/px4_msgs/msg/detail/uavcan_parameter_request__struct.hpp\n'}
[1.264206] (px4_msgs) StdoutLine: {'line': b'-- Up-to-date: /home/harsh/ros2_project/install/px4_msgs/include/px4_msgs/px4_msgs/msg/detail/position_controller_landing_status__struct.hpp\n'}
[1.264246] (px4_msgs) StdoutLine: {'line': b'-- Up-to-date: /home/harsh/ros2_project/install/px4_msgs/include/px4_msgs/px4_msgs/msg/detail/button_event__type_support.hpp\n'}
[1.264290] (px4_msgs) StdoutLine: {'line': b'-- Up-to-date: /home/harsh/ros2_project/install/px4_msgs/include/px4_msgs/px4_msgs/msg/detail/estimator_bias3d__struct.hpp\n'}
[1.264336] (px4_msgs) StdoutLine: {'line': b'-- Up-to-date: /home/harsh/ros2_project/install/px4_msgs/include/px4_msgs/px4_msgs/msg/detail/parameter_set_value_request__type_support.hpp\n'}
[1.264380] (px4_msgs) StdoutLine: {'line': b'-- Up-to-date: /home/harsh/ros2_project/install/px4_msgs/include/px4_msgs/px4_msgs/msg/detail/sensor_gnss_relative__traits.hpp\n'}
[1.264422] (px4_msgs) StdoutLine: {'line': b'-- Up-to-date: /home/harsh/ros2_project/install/px4_msgs/include/px4_msgs/px4_msgs/msg/detail/vehicle_land_detected__traits.hpp\n'}
[1.264462] (px4_msgs) StdoutLine: {'line': b'-- Up-to-date: /home/harsh/ros2_project/install/px4_msgs/include/px4_msgs/px4_msgs/msg/detail/vehicle_constraints__type_support.hpp\n'}
[1.264506] (px4_msgs) StdoutLine: {'line': b'-- Up-to-date: /home/harsh/ros2_project/install/px4_msgs/include/px4_msgs/px4_msgs/msg/detail/vehicle_odometry__type_support.hpp\n'}
[1.264546] (px4_msgs) StdoutLine: {'line': b'-- Up-to-date: /home/harsh/ros2_project/install/px4_msgs/include/px4_msgs/px4_msgs/msg/detail/vehicle_trajectory_waypoint__builder.hpp\n'}
[1.264586] (px4_msgs) StdoutLine: {'line': b'-- Up-to-date: /home/harsh/ros2_project/install/px4_msgs/include/px4_msgs/px4_msgs/msg/detail/actuator_controls_status__builder.hpp\n'}
[1.264626] (px4_msgs) StdoutLine: {'line': b'-- Up-to-date: /home/harsh/ros2_project/install/px4_msgs/include/px4_msgs/px4_msgs/msg/detail/mavlink_log__traits.hpp\n'}
[1.264666] (px4_msgs) StdoutLine: {'line': b'-- Up-to-date: /home/harsh/ros2_project/install/px4_msgs/include/px4_msgs/px4_msgs/msg/detail/wheel_encoders__traits.hpp\n'}
[1.264705] (px4_msgs) StdoutLine: {'line': b'-- Up-to-date: /home/harsh/ros2_project/install/px4_msgs/include/px4_msgs/px4_msgs/msg/detail/battery_status__traits.hpp\n'}
[1.264744] (px4_msgs) StdoutLine: {'line': b'-- Up-to-date: /home/harsh/ros2_project/install/px4_msgs/include/px4_msgs/px4_msgs/msg/detail/timesync_status__builder.hpp\n'}
[1.264784] (px4_msgs) StdoutLine: {'line': b'-- Up-to-date: /home/harsh/ros2_project/install/px4_msgs/include/px4_msgs/px4_msgs/msg/detail/estimator_sensor_bias__builder.hpp\n'}
[1.264824] (px4_msgs) StdoutLine: {'line': b'-- Up-to-date: /home/harsh/ros2_project/install/px4_msgs/include/px4_msgs/px4_msgs/msg/detail/trajectory_waypoint__builder.hpp\n'}
[1.264865] (px4_msgs) StdoutLine: {'line': b'-- Up-to-date: /home/harsh/ros2_project/install/px4_msgs/include/px4_msgs/px4_msgs/msg/detail/logger_status__traits.hpp\n'}
[1.264905] (px4_msgs) StdoutLine: {'line': b'-- Up-to-date: /home/harsh/ros2_project/install/px4_msgs/include/px4_msgs/px4_msgs/msg/detail/health_report__struct.hpp\n'}
[1.264945] (px4_msgs) StdoutLine: {'line': b'-- Up-to-date: /home/harsh/ros2_project/install/px4_msgs/include/px4_msgs/px4_msgs/msg/detail/esc_status__struct.hpp\n'}
[1.264985] (px4_msgs) StdoutLine: {'line': b'-- Up-to-date: /home/harsh/ros2_project/install/px4_msgs/include/px4_msgs/px4_msgs/msg/detail/qshell_retval__type_support.hpp\n'}
[1.265023] (px4_msgs) StdoutLine: {'line': b'-- Up-to-date: /home/harsh/ros2_project/install/px4_msgs/include/px4_msgs/px4_msgs/msg/detail/vehicle_optical_flow__traits.hpp\n'}
[1.265063] (px4_msgs) StdoutLine: {'line': b'-- Up-to-date: /home/harsh/ros2_project/install/px4_msgs/include/px4_msgs/px4_msgs/msg/detail/obstacle_distance__traits.hpp\n'}
[1.265102] (px4_msgs) StdoutLine: {'line': b'-- Up-to-date: /home/harsh/ros2_project/install/px4_msgs/include/px4_msgs/px4_msgs/msg/detail/vehicle_roi__type_support.hpp\n'}
[1.265141] (px4_msgs) StdoutLine: {'line': b'-- Up-to-date: /home/harsh/ros2_project/install/px4_msgs/include/px4_msgs/px4_msgs/msg/detail/normalized_unsigned_setpoint__traits.hpp\n'}
[1.265180] (px4_msgs) StdoutLine: {'line': b'-- Up-to-date: /home/harsh/ros2_project/install/px4_msgs/include/px4_msgs/px4_msgs/msg/detail/estimator_aid_source3d__type_support.hpp\n'}
[1.265223] (px4_msgs) StdoutLine: {'line': b'-- Up-to-date: /home/harsh/ros2_project/install/px4_msgs/include/px4_msgs/px4_msgs/msg/detail/vehicle_odometry__struct.hpp\n'}
[1.265263] (px4_msgs) StdoutLine: {'line': b'-- Up-to-date: /home/harsh/ros2_project/install/px4_msgs/include/px4_msgs/px4_msgs/msg/detail/rate_ctrl_status__struct.hpp\n'}
[1.265304] (px4_msgs) StdoutLine: {'line': b'-- Up-to-date: /home/harsh/ros2_project/install/px4_msgs/include/px4_msgs/px4_msgs/msg/detail/gimbal_device_information__builder.hpp\n'}
[1.265353] (px4_msgs) StdoutLine: {'line': b'-- Up-to-date: /home/harsh/ros2_project/install/px4_msgs/include/px4_msgs/px4_msgs/msg/detail/vehicle_thrust_setpoint__struct.hpp\n'}
[1.265394] (px4_msgs) StdoutLine: {'line': b'-- Up-to-date: /home/harsh/ros2_project/install/px4_msgs/include/px4_msgs/px4_msgs/msg/detail/airspeed_validated__traits.hpp\n'}
[1.265434] (px4_msgs) StdoutLine: {'line': b'-- Up-to-date: /home/harsh/ros2_project/install/px4_msgs/include/px4_msgs/px4_msgs/msg/detail/register_ext_component_reply__traits.hpp\n'}
[1.265476] (px4_msgs) StdoutLine: {'line': b'-- Up-to-date: /home/harsh/ros2_project/install/px4_msgs/include/px4_msgs/px4_msgs/msg/detail/dataman_response__traits.hpp\n'}
[1.265520] (px4_msgs) StdoutLine: {'line': b'-- Up-to-date: /home/harsh/ros2_project/install/px4_msgs/include/px4_msgs/px4_msgs/msg/detail/estimator_event_flags__traits.hpp\n'}
[1.265562] (px4_msgs) StdoutLine: {'line': b'-- Up-to-date: /home/harsh/ros2_project/install/px4_msgs/include/px4_msgs/px4_msgs/msg/detail/sensor_correction__traits.hpp\n'}
[1.265605] (px4_msgs) StdoutLine: {'line': b'-- Up-to-date: /home/harsh/ros2_project/install/px4_msgs/include/px4_msgs/px4_msgs/msg/detail/takeoff_status__type_support.hpp\n'}
[1.265647] (px4_msgs) StdoutLine: {'line': b'-- Up-to-date: /home/harsh/ros2_project/install/px4_msgs/include/px4_msgs/px4_msgs/msg/detail/rc_parameter_map__traits.hpp\n'}
[1.265688] (px4_msgs) StdoutLine: {'line': b'-- Up-to-date: /home/harsh/ros2_project/install/px4_msgs/include/px4_msgs/px4_msgs/msg/detail/vehicle_local_position__builder.hpp\n'}
[1.265729] (px4_msgs) StdoutLine: {'line': b'-- Up-to-date: /home/harsh/ros2_project/install/px4_msgs/include/px4_msgs/px4_msgs/msg/detail/actuator_motors__type_support.hpp\n'}
[1.265769] (px4_msgs) StdoutLine: {'line': b'-- Up-to-date: /home/harsh/ros2_project/install/px4_msgs/include/px4_msgs/px4_msgs/msg/detail/mag_worker_data__type_support.hpp\n'}
[1.265809] (px4_msgs) StdoutLine: {'line': b'-- Up-to-date: /home/harsh/ros2_project/install/px4_msgs/include/px4_msgs/px4_msgs/msg/detail/camera_capture__type_support.hpp\n'}
[1.265853] (px4_msgs) StdoutLine: {'line': b'-- Up-to-date: /home/harsh/ros2_project/install/px4_msgs/include/px4_msgs/px4_msgs/msg/detail/orb_test_medium__builder.hpp\n'}
[1.265894] (px4_msgs) StdoutLine: {'line': b'-- Up-to-date: /home/harsh/ros2_project/install/px4_msgs/include/px4_msgs/px4_msgs/msg/detail/vehicle_magnetometer__struct.hpp\n'}
[1.265936] (px4_msgs) StdoutLine: {'line': b'-- Up-to-date: /home/harsh/ros2_project/install/px4_msgs/include/px4_msgs/px4_msgs/msg/detail/estimator_sensor_bias__type_support.hpp\n'}
[1.265976] (px4_msgs) StdoutLine: {'line': b'-- Up-to-date: /home/harsh/ros2_project/install/px4_msgs/include/px4_msgs/px4_msgs/msg/detail/npfg_status__traits.hpp\n'}
[1.266016] (px4_msgs) StdoutLine: {'line': b'-- Up-to-date: /home/harsh/ros2_project/install/px4_msgs/include/px4_msgs/px4_msgs/msg/detail/vehicle_local_position__type_support.hpp\n'}
[1.266056] (px4_msgs) StdoutLine: {'line': b'-- Up-to-date: /home/harsh/ros2_project/install/px4_msgs/include/px4_msgs/px4_msgs/msg/detail/log_message__type_support.hpp\n'}
[1.266095] (px4_msgs) StdoutLine: {'line': b'-- Up-to-date: /home/harsh/ros2_project/install/px4_msgs/include/px4_msgs/px4_msgs/msg/detail/orbit_status__builder.hpp\n'}
[1.266135] (px4_msgs) StdoutLine: {'line': b'-- Up-to-date: /home/harsh/ros2_project/install/px4_msgs/include/px4_msgs/px4_msgs/msg/detail/rtl_time_estimate__builder.hpp\n'}
[1.266178] (px4_msgs) StdoutLine: {'line': b'-- Up-to-date: /home/harsh/ros2_project/install/px4_msgs/include/px4_msgs/px4_msgs/msg/detail/dataman_response__struct.hpp\n'}
[1.266217] (px4_msgs) StdoutLine: {'line': b'-- Up-to-date: /home/harsh/ros2_project/install/px4_msgs/include/px4_msgs/px4_msgs/msg/detail/sensor_gyro__builder.hpp\n'}
[1.266257] (px4_msgs) StdoutLine: {'line': b'-- Up-to-date: /home/harsh/ros2_project/install/px4_msgs/include/px4_msgs/px4_msgs/msg/detail/camera_trigger__traits.hpp\n'}
[1.266298] (px4_msgs) StdoutLine: {'line': b'-- Up-to-date: /home/harsh/ros2_project/install/px4_msgs/include/px4_msgs/px4_msgs/msg/detail/gripper__builder.hpp\n'}
[1.266344] (px4_msgs) StdoutLine: {'line': b'-- Up-to-date: /home/harsh/ros2_project/install/px4_msgs/include/px4_msgs/px4_msgs/msg/detail/vehicle_attitude__type_support.hpp\n'}
[1.266386] (px4_msgs) StdoutLine: {'line': b'-- Up-to-date: /home/harsh/ros2_project/install/px4_msgs/include/px4_msgs/px4_msgs/msg/detail/control_allocator_status__traits.hpp\n'}
[1.266428] (px4_msgs) StdoutLine: {'line': b'-- Up-to-date: /home/harsh/ros2_project/install/px4_msgs/include/px4_msgs/px4_msgs/msg/detail/esc_report__builder.hpp\n'}
[1.266471] (px4_msgs) StdoutLine: {'line': b'-- Up-to-date: /home/harsh/ros2_project/install/px4_msgs/include/px4_msgs/px4_msgs/msg/detail/differential_pressure__builder.hpp\n'}
[1.266512] (px4_msgs) StdoutLine: {'line': b'-- Up-to-date: /home/harsh/ros2_project/install/px4_msgs/include/px4_msgs/px4_msgs/msg/detail/mission_result__struct.hpp\n'}
[1.266553] (px4_msgs) StdoutLine: {'line': b'-- Up-to-date: /home/harsh/ros2_project/install/px4_msgs/include/px4_msgs/px4_msgs/msg/detail/event__type_support.hpp\n'}
[1.266594] (px4_msgs) StdoutLine: {'line': b'-- Up-to-date: /home/harsh/ros2_project/install/px4_msgs/include/px4_msgs/px4_msgs/msg/detail/gimbal_manager_information__traits.hpp\n'}
[1.266634] (px4_msgs) StdoutLine: {'line': b'-- Up-to-date: /home/harsh/ros2_project/install/px4_msgs/include/px4_msgs/px4_msgs/msg/detail/uavcan_parameter_request__type_support.hpp\n'}
[1.266674] (px4_msgs) StdoutLine: {'line': b'-- Up-to-date: /home/harsh/ros2_project/install/px4_msgs/include/px4_msgs/px4_msgs/msg/detail/parameter_set_value_response__traits.hpp\n'}
[1.266715] (px4_msgs) StdoutLine: {'line': b'-- Up-to-date: /home/harsh/ros2_project/install/px4_msgs/include/px4_msgs/px4_msgs/msg/detail/mode_completed__builder.hpp\n'}
[1.266758] (px4_msgs) StdoutLine: {'line': b'-- Up-to-date: /home/harsh/ros2_project/install/px4_msgs/include/px4_msgs/px4_msgs/msg/detail/sensor_accel__struct.hpp\n'}
[1.266799] (px4_msgs) StdoutLine: {'line': b'-- Up-to-date: /home/harsh/ros2_project/install/px4_msgs/include/px4_msgs/px4_msgs/msg/detail/mission__traits.hpp\n'}
[1.266839] (px4_msgs) StdoutLine: {'line': b'-- Up-to-date: /home/harsh/ros2_project/install/px4_msgs/include/px4_msgs/px4_msgs/msg/detail/camera_trigger__type_support.hpp\n'}
[1.266879] (px4_msgs) StdoutLine: {'line': b'-- Up-to-date: /home/harsh/ros2_project/install/px4_msgs/include/px4_msgs/px4_msgs/msg/detail/heater_status__builder.hpp\n'}
[1.266919] (px4_msgs) StdoutLine: {'line': b'-- Up-to-date: /home/harsh/ros2_project/install/px4_msgs/include/px4_msgs/px4_msgs/msg/detail/ping__builder.hpp\n'}
[1.266958] (px4_msgs) StdoutLine: {'line': b'-- Up-to-date: /home/harsh/ros2_project/install/px4_msgs/include/px4_msgs/px4_msgs/msg/detail/yaw_estimator_status__traits.hpp\n'}
[1.266997] (px4_msgs) StdoutLine: {'line': b'-- Up-to-date: /home/harsh/ros2_project/install/px4_msgs/include/px4_msgs/px4_msgs/msg/detail/rc_channels__struct.hpp\n'}
[1.267037] (px4_msgs) StdoutLine: {'line': b'-- Up-to-date: /home/harsh/ros2_project/install/px4_msgs/include/px4_msgs/px4_msgs/msg/detail/landing_gear_wheel__builder.hpp\n'}
[1.267075] (px4_msgs) StdoutLine: {'line': b'-- Up-to-date: /home/harsh/ros2_project/install/px4_msgs/include/px4_msgs/px4_msgs/msg/detail/register_ext_component_request__struct.hpp\n'}
[1.267116] (px4_msgs) StdoutLine: {'line': b'-- Up-to-date: /home/harsh/ros2_project/install/px4_msgs/include/px4_msgs/px4_msgs/msg/detail/register_ext_component_request__type_support.hpp\n'}
[1.267164] (px4_msgs) StdoutLine: {'line': b'-- Up-to-date: /home/harsh/ros2_project/install/px4_msgs/include/px4_msgs/px4_msgs/msg/detail/vehicle_attitude__struct.hpp\n'}
[1.267205] (px4_msgs) StdoutLine: {'line': b'-- Up-to-date: /home/harsh/ros2_project/install/px4_msgs/include/px4_msgs/px4_msgs/msg/detail/vehicle_local_position_setpoint__struct.hpp\n'}
[1.267246] (px4_msgs) StdoutLine: {'line': b'-- Up-to-date: /home/harsh/ros2_project/install/px4_msgs/include/px4_msgs/px4_msgs/msg/detail/actuator_servos__struct.hpp\n'}
[1.267286] (px4_msgs) StdoutLine: {'line': b'-- Up-to-date: /home/harsh/ros2_project/install/px4_msgs/include/px4_msgs/px4_msgs/msg/detail/heater_status__traits.hpp\n'}
[1.267329] (px4_msgs) StdoutLine: {'line': b'-- Up-to-date: /home/harsh/ros2_project/install/px4_msgs/include/px4_msgs/px4_msgs/msg/detail/log_message__traits.hpp\n'}
[1.267373] (px4_msgs) StdoutLine: {'line': b'-- Up-to-date: /home/harsh/ros2_project/install/px4_msgs/include/px4_msgs/px4_msgs/msg/detail/trajectory_bezier__builder.hpp\n'}
[1.267412] (px4_msgs) StdoutLine: {'line': b'-- Up-to-date: /home/harsh/ros2_project/install/px4_msgs/include/px4_msgs/px4_msgs/msg/detail/parameter_set_used_request__type_support.hpp\n'}
[1.267453] (px4_msgs) StdoutLine: {'line': b'-- Up-to-date: /home/harsh/ros2_project/install/px4_msgs/include/px4_msgs/px4_msgs/msg/detail/gimbal_manager_information__struct.hpp\n'}
[1.267493] (px4_msgs) StdoutLine: {'line': b'-- Up-to-date: /home/harsh/ros2_project/install/px4_msgs/include/px4_msgs/px4_msgs/msg/detail/follow_target_status__struct.hpp\n'}
[1.267532] (px4_msgs) StdoutLine: {'line': b'-- Up-to-date: /home/harsh/ros2_project/install/px4_msgs/include/px4_msgs/px4_msgs/msg/detail/sensor_gyro__traits.hpp\n'}
[1.267572] (px4_msgs) StdoutLine: {'line': b'-- Up-to-date: /home/harsh/ros2_project/install/px4_msgs/include/px4_msgs/px4_msgs/msg/detail/gps_inject_data__type_support.hpp\n'}
[1.267613] (px4_msgs) StdoutLine: {'line': b'-- Up-to-date: /home/harsh/ros2_project/install/px4_msgs/include/px4_msgs/px4_msgs/msg/detail/landing_target_innovations__builder.hpp\n'}
[1.267652] (px4_msgs) StdoutLine: {'line': b'-- Up-to-date: /home/harsh/ros2_project/install/px4_msgs/include/px4_msgs/px4_msgs/msg/detail/landing_target_pose__struct.hpp\n'}
[1.267691] (px4_msgs) StdoutLine: {'line': b'-- Up-to-date: /home/harsh/ros2_project/install/px4_msgs/include/px4_msgs/px4_msgs/msg/detail/vehicle_command_ack__traits.hpp\n'}
[1.267731] (px4_msgs) StdoutLine: {'line': b'-- Up-to-date: /home/harsh/ros2_project/install/px4_msgs/include/px4_msgs/px4_msgs/msg/detail/estimator_bias__builder.hpp\n'}
[1.267771] (px4_msgs) StdoutLine: {'line': b'-- Up-to-date: /home/harsh/ros2_project/install/px4_msgs/include/px4_msgs/px4_msgs/msg/detail/generator_status__traits.hpp\n'}
[1.267812] (px4_msgs) StdoutLine: {'line': b'-- Up-to-date: /home/harsh/ros2_project/install/px4_msgs/include/px4_msgs/px4_msgs/msg/detail/camera_capture__struct.hpp\n'}
[1.267854] (px4_msgs) StdoutLine: {'line': b'-- Up-to-date: /home/harsh/ros2_project/install/px4_msgs/include/px4_msgs/px4_msgs/msg/detail/cellular_status__traits.hpp\n'}
[1.267895] (px4_msgs) StdoutLine: {'line': b'-- Up-to-date: /home/harsh/ros2_project/install/px4_msgs/include/px4_msgs/px4_msgs/msg/detail/collision_report__struct.hpp\n'}
[1.267935] (px4_msgs) StdoutLine: {'line': b'-- Up-to-date: /home/harsh/ros2_project/install/px4_msgs/include/px4_msgs/px4_msgs/msg/detail/manual_control_switches__traits.hpp\n'}
[1.267974] (px4_msgs) StdoutLine: {'line': b'-- Up-to-date: /home/harsh/ros2_project/install/px4_msgs/include/px4_msgs/px4_msgs/msg/detail/collision_constraints__struct.hpp\n'}
[1.268017] (px4_msgs) StdoutLine: {'line': b'-- Up-to-date: /home/harsh/ros2_project/install/px4_msgs/include/px4_msgs/px4_msgs/msg/detail/rtl_status__builder.hpp\n'}
[1.268059] (px4_msgs) StdoutLine: {'line': b'-- Up-to-date: /home/harsh/ros2_project/install/px4_msgs/include/px4_msgs/px4_msgs/msg/detail/vehicle_attitude_setpoint__traits.hpp\n'}
[1.268101] (px4_msgs) StdoutLine: {'line': b'-- Up-to-date: /home/harsh/ros2_project/install/px4_msgs/include/px4_msgs/px4_msgs/msg/detail/goto_setpoint__type_support.hpp\n'}
[1.268141] (px4_msgs) StdoutLine: {'line': b'-- Up-to-date: /home/harsh/ros2_project/install/px4_msgs/include/px4_msgs/px4_msgs/msg/detail/mavlink_tunnel__builder.hpp\n'}
[1.268180] (px4_msgs) StdoutLine: {'line': b'-- Up-to-date: /home/harsh/ros2_project/install/px4_msgs/include/px4_msgs/px4_msgs/msg/detail/offboard_control_mode__builder.hpp\n'}
[1.268221] (px4_msgs) StdoutLine: {'line': b'-- Up-to-date: /home/harsh/ros2_project/install/px4_msgs/include/px4_msgs/px4_msgs/msg/detail/tune_control__struct.hpp\n'}
[1.268262] (px4_msgs) StdoutLine: {'line': b'-- Up-to-date: /home/harsh/ros2_project/install/px4_msgs/include/px4_msgs/px4_msgs/msg/detail/vehicle_control_mode__type_support.hpp\n'}
[1.268302] (px4_msgs) StdoutLine: {'line': b'-- Up-to-date: /home/harsh/ros2_project/install/px4_msgs/include/px4_msgs/px4_msgs/msg/detail/sensor_gyro_fifo__traits.hpp\n'}
[1.268348] (px4_msgs) StdoutLine: {'line': b'-- Up-to-date: /home/harsh/ros2_project/install/px4_msgs/include/px4_msgs/px4_msgs/msg/detail/navigator_mission_item__builder.hpp\n'}
[1.268390] (px4_msgs) StdoutLine: {'line': b'-- Up-to-date: /home/harsh/ros2_project/install/px4_msgs/include/px4_msgs/px4_msgs/msg/detail/actuator_test__traits.hpp\n'}
[1.268433] (px4_msgs) StdoutLine: {'line': b'-- Up-to-date: /home/harsh/ros2_project/install/px4_msgs/include/px4_msgs/px4_msgs/msg/detail/home_position__builder.hpp\n'}
[1.268474] (px4_msgs) StdoutLine: {'line': b'-- Up-to-date: /home/harsh/ros2_project/install/px4_msgs/include/px4_msgs/px4_msgs/msg/detail/debug_vect__struct.hpp\n'}
[1.268521] (px4_msgs) StdoutLine: {'line': b'-- Up-to-date: /home/harsh/ros2_project/install/px4_msgs/include/px4_msgs/px4_msgs/msg/detail/estimator_aid_source1d__traits.hpp\n'}
[1.268560] (px4_msgs) StdoutLine: {'line': b'-- Up-to-date: /home/harsh/ros2_project/install/px4_msgs/include/px4_msgs/px4_msgs/msg/detail/vehicle_acceleration__traits.hpp\n'}
[1.268601] (px4_msgs) StdoutLine: {'line': b'-- Up-to-date: /home/harsh/ros2_project/install/px4_msgs/include/px4_msgs/px4_msgs/msg/detail/normalized_unsigned_setpoint__struct.hpp\n'}
[1.268641] (px4_msgs) StdoutLine: {'line': b'-- Up-to-date: /home/harsh/ros2_project/install/px4_msgs/include/px4_msgs/px4_msgs/msg/detail/actuator_servos__builder.hpp\n'}
[1.268681] (px4_msgs) StdoutLine: {'line': b'-- Up-to-date: /home/harsh/ros2_project/install/px4_msgs/include/px4_msgs/px4_msgs/msg/detail/radio_status__type_support.hpp\n'}
[1.268720] (px4_msgs) StdoutLine: {'line': b'-- Up-to-date: /home/harsh/ros2_project/install/px4_msgs/include/px4_msgs/px4_msgs/msg/detail/vehicle_thrust_setpoint__builder.hpp\n'}
[1.268759] (px4_msgs) StdoutLine: {'line': b'-- Up-to-date: /home/harsh/ros2_project/install/px4_msgs/include/px4_msgs/px4_msgs/msg/detail/dataman_request__builder.hpp\n'}
[1.268799] (px4_msgs) StdoutLine: {'line': b'-- Up-to-date: /home/harsh/ros2_project/install/px4_msgs/include/px4_msgs/px4_msgs/msg/detail/sensor_combined__builder.hpp\n'}
[1.268836] (px4_msgs) StdoutLine: {'line': b'-- Up-to-date: /home/harsh/ros2_project/install/px4_msgs/include/px4_msgs/px4_msgs/msg/detail/dataman_request__type_support.hpp\n'}
[1.268876] (px4_msgs) StdoutLine: {'line': b'-- Up-to-date: /home/harsh/ros2_project/install/px4_msgs/include/px4_msgs/px4_msgs/msg/detail/vehicle_trajectory_bezier__struct.hpp\n'}
[1.268916] (px4_msgs) StdoutLine: {'line': b'-- Up-to-date: /home/harsh/ros2_project/install/px4_msgs/include/px4_msgs/px4_msgs/msg/detail/wind__builder.hpp\n'}
[1.268956] (px4_msgs) StdoutLine: {'line': b'-- Up-to-date: /home/harsh/ros2_project/install/px4_msgs/include/px4_msgs/px4_msgs/msg/detail/task_stack_info__type_support.hpp\n'}
[1.268996] (px4_msgs) StdoutLine: {'line': b'-- Up-to-date: /home/harsh/ros2_project/install/px4_msgs/include/px4_msgs/px4_msgs/msg/detail/dataman_request__struct.hpp\n'}
[1.269036] (px4_msgs) StdoutLine: {'line': b'-- Up-to-date: /home/harsh/ros2_project/install/px4_msgs/include/px4_msgs/px4_msgs/msg/detail/vehicle_angular_velocity__struct.hpp\n'}
[1.269078] (px4_msgs) StdoutLine: {'line': b'-- Up-to-date: /home/harsh/ros2_project/install/px4_msgs/include/px4_msgs/px4_msgs/msg/detail/px4io_status__type_support.hpp\n'}
[1.269119] (px4_msgs) StdoutLine: {'line': b'-- Up-to-date: /home/harsh/ros2_project/install/px4_msgs/include/px4_msgs/px4_msgs/msg/detail/power_monitor__traits.hpp\n'}
[1.269158] (px4_msgs) StdoutLine: {'line': b'-- Up-to-date: /home/harsh/ros2_project/install/px4_msgs/include/px4_msgs/px4_msgs/msg/detail/gpio_out__struct.hpp\n'}
[1.269198] (px4_msgs) StdoutLine: {'line': b'-- Up-to-date: /home/harsh/ros2_project/install/px4_msgs/include/px4_msgs/px4_msgs/msg/detail/normalized_unsigned_setpoint__type_support.hpp\n'}
[1.269240] (px4_msgs) StdoutLine: {'line': b'-- Up-to-date: /home/harsh/ros2_project/install/px4_msgs/include/px4_msgs/px4_msgs/msg/detail/estimator_states__builder.hpp\n'}
[1.269280] (px4_msgs) StdoutLine: {'line': b'-- Up-to-date: /home/harsh/ros2_project/install/px4_msgs/include/px4_msgs/px4_msgs/msg/detail/tiltrotor_extra_controls__type_support.hpp\n'}
[1.269324] (px4_msgs) StdoutLine: {'line': b'-- Up-to-date: /home/harsh/ros2_project/install/px4_msgs/include/px4_msgs/px4_msgs/msg/detail/camera_status__type_support.hpp\n'}
[1.269366] (px4_msgs) StdoutLine: {'line': b'-- Up-to-date: /home/harsh/ros2_project/install/px4_msgs/include/px4_msgs/px4_msgs/msg/detail/estimator_status__builder.hpp\n'}
[1.269406] (px4_msgs) StdoutLine: {'line': b'-- Up-to-date: /home/harsh/ros2_project/install/px4_msgs/include/px4_msgs/px4_msgs/msg/detail/estimator_status_flags__struct.hpp\n'}
[1.269446] (px4_msgs) StdoutLine: {'line': b'-- Up-to-date: /home/harsh/ros2_project/install/px4_msgs/include/px4_msgs/px4_msgs/msg/detail/input_rc__struct.hpp\n'}
[1.269483] (px4_msgs) StdoutLine: {'line': b'-- Up-to-date: /home/harsh/ros2_project/install/px4_msgs/include/px4_msgs/px4_msgs/msg/detail/rate_ctrl_status__traits.hpp\n'}
[1.269522] (px4_msgs) StdoutLine: {'line': b'-- Up-to-date: /home/harsh/ros2_project/install/px4_msgs/include/px4_msgs/px4_msgs/msg/detail/orbit_status__struct.hpp\n'}
[1.269560] (px4_msgs) StdoutLine: {'line': b'-- Up-to-date: /home/harsh/ros2_project/install/px4_msgs/include/px4_msgs/px4_msgs/msg/detail/camera_status__struct.hpp\n'}
[1.269600] (px4_msgs) StdoutLine: {'line': b'-- Up-to-date: /home/harsh/ros2_project/install/px4_msgs/include/px4_msgs/px4_msgs/msg/detail/airspeed_validated__type_support.hpp\n'}
[1.269640] (px4_msgs) StdoutLine: {'line': b'-- Up-to-date: /home/harsh/ros2_project/install/px4_msgs/include/px4_msgs/px4_msgs/msg/detail/unregister_ext_component__traits.hpp\n'}
[1.269679] (px4_msgs) StdoutLine: {'line': b'-- Up-to-date: /home/harsh/ros2_project/install/px4_msgs/include/px4_msgs/px4_msgs/msg/detail/vehicle_thrust_setpoint__type_support.hpp\n'}
[1.269718] (px4_msgs) StdoutLine: {'line': b'-- Up-to-date: /home/harsh/ros2_project/install/px4_msgs/include/px4_msgs/px4_msgs/msg/detail/sensor_optical_flow__builder.hpp\n'}
[1.269757] (px4_msgs) StdoutLine: {'line': b'-- Up-to-date: /home/harsh/ros2_project/install/px4_msgs/include/px4_msgs/px4_msgs/msg/detail/rc_channels__traits.hpp\n'}
[1.269796] (px4_msgs) StdoutLine: {'line': b'-- Up-to-date: /home/harsh/ros2_project/install/px4_msgs/include/px4_msgs/px4_msgs/msg/detail/goto_setpoint__struct.hpp\n'}
[1.269839] (px4_msgs) StdoutLine: {'line': b'-- Up-to-date: /home/harsh/ros2_project/install/px4_msgs/include/px4_msgs/px4_msgs/msg/detail/vehicle_imu_status__traits.hpp\n'}
[1.269880] (px4_msgs) StdoutLine: {'line': b'-- Up-to-date: /home/harsh/ros2_project/install/px4_msgs/include/px4_msgs/px4_msgs/msg/detail/position_controller_landing_status__traits.hpp\n'}
[1.269926] (px4_msgs) StdoutLine: {'line': b'-- Up-to-date: /home/harsh/ros2_project/install/px4_msgs/include/px4_msgs/px4_msgs/msg/detail/failure_detector_status__type_support.hpp\n'}
[1.269966] (px4_msgs) StdoutLine: {'line': b'-- Up-to-date: /home/harsh/ros2_project/install/px4_msgs/include/px4_msgs/px4_msgs/msg/detail/vehicle_trajectory_bezier__traits.hpp\n'}
[1.270010] (px4_msgs) StdoutLine: {'line': b'-- Up-to-date: /home/harsh/ros2_project/install/px4_msgs/include/px4_msgs/px4_msgs/msg/detail/telemetry_status__type_support.hpp\n'}
[1.270049] (px4_msgs) StdoutLine: {'line': b'-- Up-to-date: /home/harsh/ros2_project/install/px4_msgs/include/px4_msgs/px4_msgs/msg/detail/vehicle_land_detected__builder.hpp\n'}
[1.270090] (px4_msgs) StdoutLine: {'line': b'-- Up-to-date: /home/harsh/ros2_project/install/px4_msgs/include/px4_msgs/px4_msgs/msg/detail/iridiumsbd_status__type_support.hpp\n'}
[1.270130] (px4_msgs) StdoutLine: {'line': b'-- Up-to-date: /home/harsh/ros2_project/install/px4_msgs/include/px4_msgs/px4_msgs/msg/detail/iridiumsbd_status__traits.hpp\n'}
[1.270169] (px4_msgs) StdoutLine: {'line': b'-- Up-to-date: /home/harsh/ros2_project/install/px4_msgs/include/px4_msgs/px4_msgs/msg/detail/vtol_vehicle_status__struct.hpp\n'}
[1.270209] (px4_msgs) StdoutLine: {'line': b'-- Up-to-date: /home/harsh/ros2_project/install/px4_msgs/include/px4_msgs/px4_msgs/msg/detail/gimbal_manager_set_manual_control__builder.hpp\n'}
[1.270248] (px4_msgs) StdoutLine: {'line': b'-- Up-to-date: /home/harsh/ros2_project/install/px4_msgs/include/px4_msgs/px4_msgs/msg/detail/gpio_request__builder.hpp\n'}
[1.270288] (px4_msgs) StdoutLine: {'line': b'-- Up-to-date: /home/harsh/ros2_project/install/px4_msgs/include/px4_msgs/px4_msgs/msg/detail/vehicle_local_position__traits.hpp\n'}
[1.270334] (px4_msgs) StdoutLine: {'line': b'-- Up-to-date: /home/harsh/ros2_project/install/px4_msgs/include/px4_msgs/px4_msgs/msg/detail/sensor_uwb__struct.hpp\n'}
[1.270376] (px4_msgs) StdoutLine: {'line': b'-- Up-to-date: /home/harsh/ros2_project/install/px4_msgs/include/px4_msgs/px4_msgs/msg/detail/adc_report__struct.hpp\n'}
[1.270417] (px4_msgs) StdoutLine: {'line': b'-- Up-to-date: /home/harsh/ros2_project/install/px4_msgs/include/px4_msgs/px4_msgs/msg/detail/differential_pressure__struct.hpp\n'}
[1.270456] (px4_msgs) StdoutLine: {'line': b'-- Up-to-date: /home/harsh/ros2_project/install/px4_msgs/include/px4_msgs/px4_msgs/msg/detail/landing_target_innovations__struct.hpp\n'}
[1.270496] (px4_msgs) StdoutLine: {'line': b'-- Up-to-date: /home/harsh/ros2_project/install/px4_msgs/include/px4_msgs/px4_msgs/msg/detail/sensor_mag__traits.hpp\n'}
[1.270536] (px4_msgs) StdoutLine: {'line': b'-- Up-to-date: /home/harsh/ros2_project/install/px4_msgs/include/px4_msgs/px4_msgs/msg/detail/position_controller_status__builder.hpp\n'}
[1.270576] (px4_msgs) StdoutLine: {'line': b'-- Up-to-date: /home/harsh/ros2_project/install/px4_msgs/include/px4_msgs/px4_msgs/msg/detail/vehicle_imu_status__struct.hpp\n'}
[1.270617] (px4_msgs) StdoutLine: {'line': b'-- Up-to-date: /home/harsh/ros2_project/install/px4_msgs/include/px4_msgs/px4_msgs/msg/detail/camera_trigger__builder.hpp\n'}
[1.270657] (px4_msgs) StdoutLine: {'line': b'-- Up-to-date: /home/harsh/ros2_project/install/px4_msgs/include/px4_msgs/px4_msgs/msg/detail/vehicle_local_position_setpoint__type_support.hpp\n'}
[1.270698] (px4_msgs) StdoutLine: {'line': b'-- Up-to-date: /home/harsh/ros2_project/install/px4_msgs/include/px4_msgs/px4_msgs/msg/detail/vehicle_air_data__type_support.hpp\n'}
[1.270737] (px4_msgs) StdoutLine: {'line': b'-- Up-to-date: /home/harsh/ros2_project/install/px4_msgs/include/px4_msgs/px4_msgs/msg/detail/vehicle_angular_acceleration_setpoint__struct.hpp\n'}
[1.270777] (px4_msgs) StdoutLine: {'line': b'-- Up-to-date: /home/harsh/ros2_project/install/px4_msgs/include/px4_msgs/px4_msgs/msg/detail/control_allocator_status__struct.hpp\n'}
[1.270817] (px4_msgs) StdoutLine: {'line': b'-- Up-to-date: /home/harsh/ros2_project/install/px4_msgs/include/px4_msgs/px4_msgs/msg/detail/differential_pressure__type_support.hpp\n'}
[1.270856] (px4_msgs) StdoutLine: {'line': b'-- Up-to-date: /home/harsh/ros2_project/install/px4_msgs/include/px4_msgs/px4_msgs/msg/detail/pwm_input__type_support.hpp\n'}
[1.270896] (px4_msgs) StdoutLine: {'line': b'-- Up-to-date: /home/harsh/ros2_project/install/px4_msgs/include/px4_msgs/px4_msgs/msg/detail/led_control__traits.hpp\n'}
[1.270937] (px4_msgs) StdoutLine: {'line': b'-- Up-to-date: /home/harsh/ros2_project/install/px4_msgs/include/px4_msgs/px4_msgs/msg/detail/battery_status__struct.hpp\n'}
[1.270976] (px4_msgs) StdoutLine: {'line': b'-- Up-to-date: /home/harsh/ros2_project/install/px4_msgs/include/px4_msgs/px4_msgs/msg/detail/rpm__struct.hpp\n'}
[1.271015] (px4_msgs) StdoutLine: {'line': b'-- Up-to-date: /home/harsh/ros2_project/install/px4_msgs/include/px4_msgs/px4_msgs/msg/detail/vehicle_imu__traits.hpp\n'}
[1.271055] (px4_msgs) StdoutLine: {'line': b'-- Up-to-date: /home/harsh/ros2_project/install/px4_msgs/include/px4_msgs/px4_msgs/msg/detail/velocity_limits__builder.hpp\n'}
[1.271095] (px4_msgs) StdoutLine: {'line': b'-- Up-to-date: /home/harsh/ros2_project/install/px4_msgs/include/px4_msgs/px4_msgs/msg/detail/yaw_estimator_status__type_support.hpp\n'}
[1.271137] (px4_msgs) StdoutLine: {'line': b'-- Up-to-date: /home/harsh/ros2_project/install/px4_msgs/include/px4_msgs/px4_msgs/msg/detail/generator_status__struct.hpp\n'}
[1.271178] (px4_msgs) StdoutLine: {'line': b'-- Up-to-date: /home/harsh/ros2_project/install/px4_msgs/include/px4_msgs/px4_msgs/msg/detail/gimbal_manager_status__traits.hpp\n'}
[1.271217] (px4_msgs) StdoutLine: {'line': b'-- Up-to-date: /home/harsh/ros2_project/install/px4_msgs/include/px4_msgs/px4_msgs/msg/detail/debug_key_value__type_support.hpp\n'}
[1.271256] (px4_msgs) StdoutLine: {'line': b'-- Up-to-date: /home/harsh/ros2_project/install/px4_msgs/include/px4_msgs/px4_msgs/msg/detail/follow_target_status__builder.hpp\n'}
[1.271295] (px4_msgs) StdoutLine: {'line': b'-- Up-to-date: /home/harsh/ros2_project/install/px4_msgs/include/px4_msgs/px4_msgs/msg/detail/sensors_status_imu__type_support.hpp\n'}
[1.271339] (px4_msgs) StdoutLine: {'line': b'-- Up-to-date: /home/harsh/ros2_project/install/px4_msgs/include/px4_msgs/px4_msgs/msg/detail/mavlink_tunnel__struct.hpp\n'}
[1.271380] (px4_msgs) StdoutLine: {'line': b'-- Up-to-date: /home/harsh/ros2_project/install/px4_msgs/include/px4_msgs/px4_msgs/msg/detail/sensor_gyro__struct.hpp\n'}
[1.271420] (px4_msgs) StdoutLine: {'line': b'-- Up-to-date: /home/harsh/ros2_project/install/px4_msgs/include/px4_msgs/px4_msgs/msg/detail/mavlink_tunnel__type_support.hpp\n'}
[1.271459] (px4_msgs) StdoutLine: {'line': b'-- Up-to-date: /home/harsh/ros2_project/install/px4_msgs/include/px4_msgs/px4_msgs/msg/detail/tune_control__builder.hpp\n'}
[1.271499] (px4_msgs) StdoutLine: {'line': b'-- Up-to-date: /home/harsh/ros2_project/install/px4_msgs/include/px4_msgs/px4_msgs/msg/detail/satellite_info__struct.hpp\n'}
[1.271538] (px4_msgs) StdoutLine: {'line': b'-- Up-to-date: /home/harsh/ros2_project/install/px4_msgs/include/px4_msgs/px4_msgs/msg/detail/dataman_response__type_support.hpp\n'}
[1.271577] (px4_msgs) StdoutLine: {'line': b'-- Up-to-date: /home/harsh/ros2_project/install/px4_msgs/include/px4_msgs/px4_msgs/msg/detail/esc_status__type_support.hpp\n'}
[1.271616] (px4_msgs) StdoutLine: {'line': b'-- Up-to-date: /home/harsh/ros2_project/install/px4_msgs/include/px4_msgs/px4_msgs/msg/detail/gps_dump__traits.hpp\n'}
[1.271657] (px4_msgs) StdoutLine: {'line': b'-- Up-to-date: /home/harsh/ros2_project/install/px4_msgs/include/px4_msgs/px4_msgs/msg/detail/distance_sensor__struct.hpp\n'}
[1.271702] (px4_msgs) StdoutLine: {'line': b'-- Up-to-date: /home/harsh/ros2_project/install/px4_msgs/include/px4_msgs/px4_msgs/msg/detail/message_format_request__struct.hpp\n'}
[1.271743] (px4_msgs) StdoutLine: {'line': b'-- Up-to-date: /home/harsh/ros2_project/install/px4_msgs/include/px4_msgs/px4_msgs/msg/detail/failsafe_flags__builder.hpp\n'}
[1.271783] (px4_msgs) StdoutLine: {'line': b'-- Up-to-date: /home/harsh/ros2_project/install/px4_msgs/include/px4_msgs/px4_msgs/msg/detail/geofence_status__traits.hpp\n'}
[1.271824] (px4_msgs) StdoutLine: {'line': b'-- Up-to-date: /home/harsh/ros2_project/install/px4_msgs/include/px4_msgs/px4_msgs/msg/detail/cellular_status__struct.hpp\n'}
[1.271868] (px4_msgs) StdoutLine: {'line': b'-- Up-to-date: /home/harsh/ros2_project/install/px4_msgs/include/px4_msgs/px4_msgs/msg/detail/gpio_config__type_support.hpp\n'}
[1.271912] (px4_msgs) StdoutLine: {'line': b'-- Up-to-date: /home/harsh/ros2_project/install/px4_msgs/include/px4_msgs/px4_msgs/msg/detail/iridiumsbd_status__struct.hpp\n'}
[1.271954] (px4_msgs) StdoutLine: {'line': b'-- Up-to-date: /home/harsh/ros2_project/install/px4_msgs/include/px4_msgs/px4_msgs/msg/detail/sensors_status__type_support.hpp\n'}
[1.271993] (px4_msgs) StdoutLine: {'line': b'-- Up-to-date: /home/harsh/ros2_project/install/px4_msgs/include/px4_msgs/px4_msgs/msg/detail/landing_gear_wheel__type_support.hpp\n'}
[1.272034] (px4_msgs) StdoutLine: {'line': b'-- Up-to-date: /home/harsh/ros2_project/install/px4_msgs/include/px4_msgs/px4_msgs/msg/detail/logger_status__type_support.hpp\n'}
[1.272075] (px4_msgs) StdoutLine: {'line': b'-- Up-to-date: /home/harsh/ros2_project/install/px4_msgs/include/px4_msgs/px4_msgs/msg/detail/vehicle_status__builder.hpp\n'}
[1.272121] (px4_msgs) StdoutLine: {'line': b'-- Up-to-date: /home/harsh/ros2_project/install/px4_msgs/include/px4_msgs/px4_msgs/msg/detail/ping__type_support.hpp\n'}
[1.272160] (px4_msgs) StdoutLine: {'line': b'-- Up-to-date: /home/harsh/ros2_project/install/px4_msgs/include/px4_msgs/px4_msgs/msg/detail/arming_check_request__struct.hpp\n'}
[1.272199] (px4_msgs) StdoutLine: {'line': b'-- Up-to-date: /home/harsh/ros2_project/install/px4_msgs/include/px4_msgs/px4_msgs/msg/detail/wind__type_support.hpp\n'}
[1.272239] (px4_msgs) StdoutLine: {'line': b'-- Up-to-date: /home/harsh/ros2_project/install/px4_msgs/include/px4_msgs/px4_msgs/msg/detail/vehicle_magnetometer__traits.hpp\n'}
[1.272277] (px4_msgs) StdoutLine: {'line': b'-- Up-to-date: /home/harsh/ros2_project/install/px4_msgs/include/px4_msgs/px4_msgs/msg/detail/trajectory_bezier__struct.hpp\n'}
[1.272323] (px4_msgs) StdoutLine: {'line': b'-- Up-to-date: /home/harsh/ros2_project/install/px4_msgs/include/px4_msgs/px4_msgs/msg/detail/mission_result__builder.hpp\n'}
[1.272367] (px4_msgs) StdoutLine: {'line': b'-- Up-to-date: /home/harsh/ros2_project/install/px4_msgs/include/px4_msgs/px4_msgs/msg/detail/orb_test_medium__type_support.hpp\n'}
[1.272407] (px4_msgs) StdoutLine: {'line': b'-- Up-to-date: /home/harsh/ros2_project/install/px4_msgs/include/px4_msgs/px4_msgs/msg/detail/navigator_mission_item__struct.hpp\n'}
[1.272447] (px4_msgs) StdoutLine: {'line': b'-- Up-to-date: /home/harsh/ros2_project/install/px4_msgs/include/px4_msgs/px4_msgs/msg/detail/sensor_uwb__traits.hpp\n'}
[1.272490] (px4_msgs) StdoutLine: {'line': b'-- Up-to-date: /home/harsh/ros2_project/install/px4_msgs/include/px4_msgs/px4_msgs/msg/detail/actuator_motors__builder.hpp\n'}
[1.272528] (px4_msgs) StdoutLine: {'line': b'-- Up-to-date: /home/harsh/ros2_project/install/px4_msgs/include/px4_msgs/px4_msgs/msg/detail/gps_dump__struct.hpp\n'}
[1.272566] (px4_msgs) StdoutLine: {'line': b'-- Up-to-date: /home/harsh/ros2_project/install/px4_msgs/include/px4_msgs/px4_msgs/msg/detail/sensor_optical_flow__type_support.hpp\n'}
[1.272605] (px4_msgs) StdoutLine: {'line': b'-- Up-to-date: /home/harsh/ros2_project/install/px4_msgs/include/px4_msgs/px4_msgs/msg/detail/led_control__type_support.hpp\n'}
[1.272644] (px4_msgs) StdoutLine: {'line': b'-- Up-to-date: /home/harsh/ros2_project/install/px4_msgs/include/px4_msgs/px4_msgs/msg/detail/gimbal_device_set_attitude__type_support.hpp\n'}
[1.272681] (px4_msgs) StdoutLine: {'line': b'-- Up-to-date: /home/harsh/ros2_project/install/px4_msgs/include/px4_msgs/px4_msgs/msg/detail/vehicle_trajectory_waypoint__struct.hpp\n'}
[1.272720] (px4_msgs) StdoutLine: {'line': b'-- Up-to-date: /home/harsh/ros2_project/install/px4_msgs/include/px4_msgs/px4_msgs/msg/detail/gimbal_device_attitude_status__builder.hpp\n'}
[1.272761] (px4_msgs) StdoutLine: {'line': b'-- Up-to-date: /home/harsh/ros2_project/install/px4_msgs/include/px4_msgs/px4_msgs/msg/detail/estimator_aid_source3d__struct.hpp\n'}
[1.272799] (px4_msgs) StdoutLine: {'line': b'-- Up-to-date: /home/harsh/ros2_project/install/px4_msgs/include/px4_msgs/px4_msgs/msg/detail/npfg_status__type_support.hpp\n'}
[1.272840] (px4_msgs) StdoutLine: {'line': b'-- Up-to-date: /home/harsh/ros2_project/install/px4_msgs/include/px4_msgs/px4_msgs/msg/detail/estimator_status__traits.hpp\n'}
[1.272878] (px4_msgs) StdoutLine: {'line': b'-- Up-to-date: /home/harsh/ros2_project/install/px4_msgs/include/px4_msgs/px4_msgs/msg/detail/estimator_gps_status__type_support.hpp\n'}
[1.272919] (px4_msgs) StdoutLine: {'line': b'-- Up-to-date: /home/harsh/ros2_project/install/px4_msgs/include/px4_msgs/px4_msgs/msg/detail/log_message__builder.hpp\n'}
[1.272957] (px4_msgs) StdoutLine: {'line': b'-- Up-to-date: /home/harsh/ros2_project/install/px4_msgs/include/px4_msgs/px4_msgs/msg/detail/logger_status__struct.hpp\n'}
[1.273000] (px4_msgs) StdoutLine: {'line': b'-- Up-to-date: /home/harsh/ros2_project/install/px4_msgs/include/px4_msgs/px4_msgs/msg/detail/gpio_in__struct.hpp\n'}
[1.273050] (px4_msgs) StdoutLine: {'line': b'-- Up-to-date: /home/harsh/ros2_project/install/px4_msgs/include/px4_msgs/px4_msgs/msg/detail/heater_status__type_support.hpp\n'}
[1.273089] (px4_msgs) StdoutLine: {'line': b'-- Up-to-date: /home/harsh/ros2_project/install/px4_msgs/include/px4_msgs/px4_msgs/msg/detail/trajectory_bezier__traits.hpp\n'}
[1.273127] (px4_msgs) StdoutLine: {'line': b'-- Up-to-date: /home/harsh/ros2_project/install/px4_msgs/include/px4_msgs/px4_msgs/msg/detail/magnetometer_bias_estimate__struct.hpp\n'}
[1.273167] (px4_msgs) StdoutLine: {'line': b'-- Up-to-date: /home/harsh/ros2_project/install/px4_msgs/include/px4_msgs/px4_msgs/msg/detail/radio_status__builder.hpp\n'}
[1.273206] (px4_msgs) StdoutLine: {'line': b'-- Up-to-date: /home/harsh/ros2_project/install/px4_msgs/include/px4_msgs/px4_msgs/msg/detail/vehicle_status__type_support.hpp\n'}
[1.273245] (px4_msgs) StdoutLine: {'line': b'-- Up-to-date: /home/harsh/ros2_project/install/px4_msgs/include/px4_msgs/px4_msgs/msg/detail/debug_value__traits.hpp\n'}
[1.273283] (px4_msgs) StdoutLine: {'line': b'-- Up-to-date: /home/harsh/ros2_project/install/px4_msgs/include/px4_msgs/px4_msgs/msg/detail/landing_target_pose__type_support.hpp\n'}
[1.273328] (px4_msgs) StdoutLine: {'line': b'-- Up-to-date: /home/harsh/ros2_project/install/px4_msgs/include/px4_msgs/px4_msgs/msg/detail/estimator_aid_source2d__type_support.hpp\n'}
[1.273371] (px4_msgs) StdoutLine: {'line': b'-- Up-to-date: /home/harsh/ros2_project/install/px4_msgs/include/px4_msgs/px4_msgs/msg/detail/led_control__struct.hpp\n'}
[1.273409] (px4_msgs) StdoutLine: {'line': b'-- Up-to-date: /home/harsh/ros2_project/install/px4_msgs/include/px4_msgs/px4_msgs/msg/detail/config_overrides__type_support.hpp\n'}
[1.273448] (px4_msgs) StdoutLine: {'line': b'-- Up-to-date: /home/harsh/ros2_project/install/px4_msgs/include/px4_msgs/px4_msgs/msg/detail/led_control__builder.hpp\n'}
[1.273486] (px4_msgs) StdoutLine: {'line': b'-- Up-to-date: /home/harsh/ros2_project/install/px4_msgs/include/px4_msgs/px4_msgs/msg/detail/vehicle_global_position__traits.hpp\n'}
[1.273526] (px4_msgs) StdoutLine: {'line': b'-- Up-to-date: /home/harsh/ros2_project/install/px4_msgs/include/px4_msgs/px4_msgs/msg/detail/differential_drive_setpoint__builder.hpp\n'}
[1.273565] (px4_msgs) StdoutLine: {'line': b'-- Up-to-date: /home/harsh/ros2_project/install/px4_msgs/include/px4_msgs/px4_msgs/msg/detail/sensor_baro__traits.hpp\n'}
[1.273604] (px4_msgs) StdoutLine: {'line': b'-- Up-to-date: /home/harsh/ros2_project/install/px4_msgs/include/px4_msgs/px4_msgs/msg/detail/sensor_airflow__traits.hpp\n'}
[1.273641] (px4_msgs) StdoutLine: {'line': b'-- Up-to-date: /home/harsh/ros2_project/install/px4_msgs/include/px4_msgs/px4_msgs/msg/detail/distance_sensor__builder.hpp\n'}
[1.273683] (px4_msgs) StdoutLine: {'line': b'-- Up-to-date: /home/harsh/ros2_project/install/px4_msgs/include/px4_msgs/px4_msgs/msg/detail/takeoff_status__builder.hpp\n'}
[1.273721] (px4_msgs) StdoutLine: {'line': b'-- Up-to-date: /home/harsh/ros2_project/install/px4_msgs/include/px4_msgs/px4_msgs/msg/detail/actuator_armed__struct.hpp\n'}
[1.273763] (px4_msgs) StdoutLine: {'line': b'-- Up-to-date: /home/harsh/ros2_project/install/px4_msgs/include/px4_msgs/px4_msgs/msg/detail/vehicle_trajectory_bezier__builder.hpp\n'}
[1.273804] (px4_msgs) StdoutLine: {'line': b'-- Up-to-date: /home/harsh/ros2_project/install/px4_msgs/include/px4_msgs/px4_msgs/msg/detail/camera_trigger__struct.hpp\n'}
[1.273842] (px4_msgs) StdoutLine: {'line': b'-- Up-to-date: /home/harsh/ros2_project/install/px4_msgs/include/px4_msgs/px4_msgs/msg/detail/estimator_bias__struct.hpp\n'}
[1.273880] (px4_msgs) StdoutLine: {'line': b'-- Up-to-date: /home/harsh/ros2_project/install/px4_msgs/include/px4_msgs/px4_msgs/msg/detail/magnetometer_bias_estimate__type_support.hpp\n'}
[1.273918] (px4_msgs) StdoutLine: {'line': b'-- Up-to-date: /home/harsh/ros2_project/install/px4_msgs/include/px4_msgs/px4_msgs/msg/detail/estimator_event_flags__builder.hpp\n'}
[1.273955] (px4_msgs) StdoutLine: {'line': b'-- Up-to-date: /home/harsh/ros2_project/install/px4_msgs/include/px4_msgs/px4_msgs/msg/detail/heater_status__struct.hpp\n'}
[1.273994] (px4_msgs) StdoutLine: {'line': b'-- Up-to-date: /home/harsh/ros2_project/install/px4_msgs/include/px4_msgs/px4_msgs/msg/detail/uavcan_parameter_value__traits.hpp\n'}
[1.274032] (px4_msgs) StdoutLine: {'line': b'-- Up-to-date: /home/harsh/ros2_project/install/px4_msgs/include/px4_msgs/px4_msgs/msg/detail/gpio_in__builder.hpp\n'}
[1.274071] (px4_msgs) StdoutLine: {'line': b'-- Up-to-date: /home/harsh/ros2_project/install/px4_msgs/include/px4_msgs/px4_msgs/msg/detail/estimator_aid_source2d__struct.hpp\n'}
[1.274113] (px4_msgs) StdoutLine: {'line': b'-- Up-to-date: /home/harsh/ros2_project/install/px4_msgs/include/px4_msgs/px4_msgs/msg/detail/estimator_aid_source1d__struct.hpp\n'}
[1.274155] (px4_msgs) StdoutLine: {'line': b'-- Up-to-date: /home/harsh/ros2_project/install/px4_msgs/include/px4_msgs/px4_msgs/msg/detail/geofence_status__struct.hpp\n'}
[1.274194] (px4_msgs) StdoutLine: {'line': b'-- Up-to-date: /home/harsh/ros2_project/install/px4_msgs/include/px4_msgs/px4_msgs/msg/detail/figure_eight_status__traits.hpp\n'}
[1.274232] (px4_msgs) StdoutLine: {'line': b'-- Up-to-date: /home/harsh/ros2_project/install/px4_msgs/include/px4_msgs/px4_msgs/msg/detail/debug_vect__builder.hpp\n'}
[1.274271] (px4_msgs) StdoutLine: {'line': b'-- Up-to-date: /home/harsh/ros2_project/install/px4_msgs/include/px4_msgs/px4_msgs/msg/detail/parameter_update__traits.hpp\n'}
[1.274314] (px4_msgs) StdoutLine: {'line': b'-- Up-to-date: /home/harsh/ros2_project/install/px4_msgs/include/px4_msgs/px4_msgs/msg/detail/mode_completed__traits.hpp\n'}
[1.274360] (px4_msgs) StdoutLine: {'line': b'-- Up-to-date: /home/harsh/ros2_project/install/px4_msgs/include/px4_msgs/px4_msgs/msg/detail/vehicle_command_ack__type_support.hpp\n'}
[1.274400] (px4_msgs) StdoutLine: {'line': b'-- Up-to-date: /home/harsh/ros2_project/install/px4_msgs/include/px4_msgs/px4_msgs/msg/detail/collision_report__traits.hpp\n'}
[1.274439] (px4_msgs) StdoutLine: {'line': b'-- Up-to-date: /home/harsh/ros2_project/install/px4_msgs/include/px4_msgs/px4_msgs/msg/detail/actuator_controls_status__traits.hpp\n'}
[1.274478] (px4_msgs) StdoutLine: {'line': b'-- Up-to-date: /home/harsh/ros2_project/install/px4_msgs/include/px4_msgs/px4_msgs/msg/detail/gpio_out__traits.hpp\n'}
[1.274517] (px4_msgs) StdoutLine: {'line': b'-- Up-to-date: /home/harsh/ros2_project/install/px4_msgs/include/px4_msgs/px4_msgs/msg/detail/mount_orientation__type_support.hpp\n'}
[1.274555] (px4_msgs) StdoutLine: {'line': b'-- Up-to-date: /home/harsh/ros2_project/install/px4_msgs/include/px4_msgs/px4_msgs/msg/detail/gps_inject_data__struct.hpp\n'}
[1.274594] (px4_msgs) StdoutLine: {'line': b'-- Up-to-date: /home/harsh/ros2_project/install/px4_msgs/include/px4_msgs/px4_msgs/msg/detail/estimator_event_flags__struct.hpp\n'}
[1.274634] (px4_msgs) StdoutLine: {'line': b'-- Up-to-date: /home/harsh/ros2_project/install/px4_msgs/include/px4_msgs/px4_msgs/msg/detail/log_message__struct.hpp\n'}
[1.274673] (px4_msgs) StdoutLine: {'line': b'-- Up-to-date: /home/harsh/ros2_project/install/px4_msgs/include/px4_msgs/px4_msgs/msg/detail/control_allocator_status__builder.hpp\n'}
[1.274713] (px4_msgs) StdoutLine: {'line': b'-- Up-to-date: /home/harsh/ros2_project/install/px4_msgs/include/px4_msgs/px4_msgs/msg/detail/vehicle_optical_flow_vel__struct.hpp\n'}
[1.274753] (px4_msgs) StdoutLine: {'line': b'-- Up-to-date: /home/harsh/ros2_project/install/px4_msgs/include/px4_msgs/px4_msgs/msg/detail/geofence_status__type_support.hpp\n'}
[1.274791] (px4_msgs) StdoutLine: {'line': b'-- Up-to-date: /home/harsh/ros2_project/install/px4_msgs/include/px4_msgs/px4_msgs/msg/detail/figure_eight_status__builder.hpp\n'}
[1.274830] (px4_msgs) StdoutLine: {'line': b'-- Up-to-date: /home/harsh/ros2_project/install/px4_msgs/include/px4_msgs/px4_msgs/msg/detail/qshell_retval__struct.hpp\n'}
[1.274870] (px4_msgs) StdoutLine: {'line': b'-- Up-to-date: /home/harsh/ros2_project/install/px4_msgs/include/px4_msgs/px4_msgs/msg/detail/gps_dump__builder.hpp\n'}
[1.274908] (px4_msgs) StdoutLine: {'line': b'-- Up-to-date: /home/harsh/ros2_project/install/px4_msgs/include/px4_msgs/px4_msgs/msg/detail/onboard_computer_status__struct.hpp\n'}
[1.274947] (px4_msgs) StdoutLine: {'line': b'-- Up-to-date: /home/harsh/ros2_project/install/px4_msgs/include/px4_msgs/px4_msgs/msg/detail/vehicle_rates_setpoint__builder.hpp\n'}
[1.274985] (px4_msgs) StdoutLine: {'line': b'-- Up-to-date: /home/harsh/ros2_project/install/px4_msgs/include/px4_msgs/px4_msgs/msg/detail/tiltrotor_extra_controls__builder.hpp\n'}
[1.275027] (px4_msgs) StdoutLine: {'line': b'-- Up-to-date: /home/harsh/ros2_project/install/px4_msgs/include/px4_msgs/px4_msgs/msg/detail/actuator_outputs__type_support.hpp\n'}
[1.275069] (px4_msgs) StdoutLine: {'line': b'-- Up-to-date: /home/harsh/ros2_project/install/px4_msgs/include/px4_msgs/px4_msgs/msg/detail/vehicle_rates_setpoint__traits.hpp\n'}
[1.275109] (px4_msgs) StdoutLine: {'line': b'-- Up-to-date: /home/harsh/ros2_project/install/px4_msgs/include/px4_msgs/px4_msgs/msg/detail/qshell_retval__builder.hpp\n'}
[1.275148] (px4_msgs) StdoutLine: {'line': b'-- Up-to-date: /home/harsh/ros2_project/install/px4_msgs/include/px4_msgs/px4_msgs/msg/detail/trajectory_setpoint__type_support.hpp\n'}
[1.275187] (px4_msgs) StdoutLine: {'line': b'-- Up-to-date: /home/harsh/ros2_project/install/px4_msgs/include/px4_msgs/px4_msgs/msg/detail/px4io_status__traits.hpp\n'}
[1.275225] (px4_msgs) StdoutLine: {'line': b'-- Up-to-date: /home/harsh/ros2_project/install/px4_msgs/include/px4_msgs/px4_msgs/msg/detail/actuator_outputs__traits.hpp\n'}
[1.275264] (px4_msgs) StdoutLine: {'line': b'-- Up-to-date: /home/harsh/ros2_project/install/px4_msgs/include/px4_msgs/px4_msgs/msg/detail/mag_worker_data__builder.hpp\n'}
[1.275302] (px4_msgs) StdoutLine: {'line': b'-- Up-to-date: /home/harsh/ros2_project/install/px4_msgs/include/px4_msgs/px4_msgs/msg/detail/gimbal_manager_information__builder.hpp\n'}
[1.275351] (px4_msgs) StdoutLine: {'line': b'-- Up-to-date: /home/harsh/ros2_project/install/px4_msgs/include/px4_msgs/px4_msgs/msg/detail/register_ext_component_reply__type_support.hpp\n'}
[1.275393] (px4_msgs) StdoutLine: {'line': b'-- Up-to-date: /home/harsh/ros2_project/install/px4_msgs/include/px4_msgs/px4_msgs/msg/detail/estimator_gps_status__traits.hpp\n'}
[1.275432] (px4_msgs) StdoutLine: {'line': b'-- Up-to-date: /home/harsh/ros2_project/install/px4_msgs/include/px4_msgs/px4_msgs/msg/detail/orbit_status__type_support.hpp\n'}
[1.275474] (px4_msgs) StdoutLine: {'line': b'-- Up-to-date: /home/harsh/ros2_project/install/px4_msgs/include/px4_msgs/px4_msgs/msg/detail/buffer128__struct.hpp\n'}
[1.275514] (px4_msgs) StdoutLine: {'line': b'-- Up-to-date: /home/harsh/ros2_project/install/px4_msgs/include/px4_msgs/px4_msgs/msg/detail/estimator_states__struct.hpp\n'}
[1.275554] (px4_msgs) StdoutLine: {'line': b'-- Up-to-date: /home/harsh/ros2_project/install/px4_msgs/include/px4_msgs/px4_msgs/msg/detail/gpio_config__builder.hpp\n'}
[1.275594] (px4_msgs) StdoutLine: {'line': b'-- Up-to-date: /home/harsh/ros2_project/install/px4_msgs/include/px4_msgs/px4_msgs/msg/detail/vehicle_torque_setpoint__type_support.hpp\n'}
[1.275632] (px4_msgs) StdoutLine: {'line': b'-- Up-to-date: /home/harsh/ros2_project/install/px4_msgs/include/px4_msgs/px4_msgs/msg/detail/ulog_stream__type_support.hpp\n'}
[1.275672] (px4_msgs) StdoutLine: {'line': b'-- Up-to-date: /home/harsh/ros2_project/install/px4_msgs/include/px4_msgs/px4_msgs/msg/detail/vehicle_rates_setpoint__type_support.hpp\n'}
[1.275711] (px4_msgs) StdoutLine: {'line': b'-- Up-to-date: /home/harsh/ros2_project/install/px4_msgs/include/px4_msgs/px4_msgs/msg/detail/action_request__struct.hpp\n'}
[1.275750] (px4_msgs) StdoutLine: {'line': b'-- Up-to-date: /home/harsh/ros2_project/install/px4_msgs/include/px4_msgs/px4_msgs/msg/detail/vehicle_angular_acceleration_setpoint__traits.hpp\n'}
[1.275789] (px4_msgs) StdoutLine: {'line': b'-- Up-to-date: /home/harsh/ros2_project/install/px4_msgs/include/px4_msgs/px4_msgs/msg/detail/tecs_status__builder.hpp\n'}
[1.275828] (px4_msgs) StdoutLine: {'line': b'-- Up-to-date: /home/harsh/ros2_project/install/px4_msgs/include/px4_msgs/px4_msgs/msg/detail/vehicle_magnetometer__type_support.hpp\n'}
[1.275866] (px4_msgs) StdoutLine: {'line': b'-- Up-to-date: /home/harsh/ros2_project/install/px4_msgs/include/px4_msgs/px4_msgs/msg/detail/follow_target__struct.hpp\n'}
[1.275905] (px4_msgs) StdoutLine: {'line': b'-- Up-to-date: /home/harsh/ros2_project/install/px4_msgs/include/px4_msgs/px4_msgs/msg/detail/power_button_state__traits.hpp\n'}
[1.275944] (px4_msgs) StdoutLine: {'line': b'-- Up-to-date: /home/harsh/ros2_project/install/px4_msgs/include/px4_msgs/px4_msgs/msg/detail/vehicle_optical_flow_vel__builder.hpp\n'}
[1.275982] (px4_msgs) StdoutLine: {'line': b'-- Up-to-date: /home/harsh/ros2_project/install/px4_msgs/include/px4_msgs/px4_msgs/msg/detail/onboard_computer_status__traits.hpp\n'}
[1.276021] (px4_msgs) StdoutLine: {'line': b'-- Up-to-date: /home/harsh/ros2_project/install/px4_msgs/include/px4_msgs/px4_msgs/msg/detail/offboard_control_mode__traits.hpp\n'}
[1.276060] (px4_msgs) StdoutLine: {'line': b'-- Up-to-date: /home/harsh/ros2_project/install/px4_msgs/include/px4_msgs/px4_msgs/msg/detail/orb_test__struct.hpp\n'}
[1.276098] (px4_msgs) StdoutLine: {'line': b'-- Up-to-date: /home/harsh/ros2_project/install/px4_msgs/include/px4_msgs/px4_msgs/msg/detail/follow_target__type_support.hpp\n'}
[1.276136] (px4_msgs) StdoutLine: {'line': b'-- Up-to-date: /home/harsh/ros2_project/install/px4_msgs/include/px4_msgs/px4_msgs/msg/detail/sensor_airflow__struct.hpp\n'}
[1.276174] (px4_msgs) StdoutLine: {'line': b'-- Up-to-date: /home/harsh/ros2_project/install/px4_msgs/include/px4_msgs/px4_msgs/msg/detail/health_report__traits.hpp\n'}
[1.276213] (px4_msgs) StdoutLine: {'line': b'-- Up-to-date: /home/harsh/ros2_project/install/px4_msgs/include/px4_msgs/px4_msgs/msg/detail/takeoff_status__struct.hpp\n'}
[1.276250] (px4_msgs) StdoutLine: {'line': b'-- Up-to-date: /home/harsh/ros2_project/install/px4_msgs/include/px4_msgs/px4_msgs/msg/detail/rate_ctrl_status__builder.hpp\n'}
[1.276289] (px4_msgs) StdoutLine: {'line': b'-- Up-to-date: /home/harsh/ros2_project/install/px4_msgs/include/px4_msgs/px4_msgs/msg/detail/sensor_combined__type_support.hpp\n'}
[1.276335] (px4_msgs) StdoutLine: {'line': b'-- Up-to-date: /home/harsh/ros2_project/install/px4_msgs/include/px4_msgs/px4_msgs/msg/detail/rate_ctrl_status__type_support.hpp\n'}
[1.276377] (px4_msgs) StdoutLine: {'line': b'-- Up-to-date: /home/harsh/ros2_project/install/px4_msgs/include/px4_msgs/px4_msgs/msg/detail/estimator_gps_status__struct.hpp\n'}
[1.276417] (px4_msgs) StdoutLine: {'line': b'-- Up-to-date: /home/harsh/ros2_project/install/px4_msgs/include/px4_msgs/px4_msgs/msg/detail/trajectory_waypoint__type_support.hpp\n'}
[1.276457] (px4_msgs) StdoutLine: {'line': b'-- Up-to-date: /home/harsh/ros2_project/install/px4_msgs/include/px4_msgs/px4_msgs/msg/detail/health_report__builder.hpp\n'}
[1.276496] (px4_msgs) StdoutLine: {'line': b'-- Up-to-date: /home/harsh/ros2_project/install/px4_msgs/include/px4_msgs/px4_msgs/msg/detail/wind__traits.hpp\n'}
[1.276535] (px4_msgs) StdoutLine: {'line': b'-- Up-to-date: /home/harsh/ros2_project/install/px4_msgs/include/px4_msgs/px4_msgs/msg/detail/gimbal_device_information__traits.hpp\n'}
[1.276578] (px4_msgs) StdoutLine: {'line': b'-- Up-to-date: /home/harsh/ros2_project/install/px4_msgs/include/px4_msgs/px4_msgs/msg/detail/cpuload__builder.hpp\n'}
[1.276618] (px4_msgs) StdoutLine: {'line': b'-- Up-to-date: /home/harsh/ros2_project/install/px4_msgs/include/px4_msgs/px4_msgs/msg/detail/message_format_request__type_support.hpp\n'}
[1.276659] (px4_msgs) StdoutLine: {'line': b'-- Up-to-date: /home/harsh/ros2_project/install/px4_msgs/include/px4_msgs/px4_msgs/msg/detail/estimator_aid_source1d__type_support.hpp\n'}
[1.276699] (px4_msgs) StdoutLine: {'line': b'-- Up-to-date: /home/harsh/ros2_project/install/px4_msgs/include/px4_msgs/px4_msgs/msg/detail/parameter_update__struct.hpp\n'}
[1.276736] (px4_msgs) StdoutLine: {'line': b'-- Up-to-date: /home/harsh/ros2_project/install/px4_msgs/include/px4_msgs/px4_msgs/msg/detail/vehicle_status__traits.hpp\n'}
[1.276775] (px4_msgs) StdoutLine: {'line': b'-- Up-to-date: /home/harsh/ros2_project/install/px4_msgs/include/px4_msgs/px4_msgs/msg/detail/cpuload__struct.hpp\n'}
[1.276814] (px4_msgs) StdoutLine: {'line': b'-- Up-to-date: /home/harsh/ros2_project/install/px4_msgs/include/px4_msgs/px4_msgs/msg/detail/differential_drive_setpoint__struct.hpp\n'}
[1.276852] (px4_msgs) StdoutLine: {'line': b'-- Up-to-date: /home/harsh/ros2_project/install/px4_msgs/include/px4_msgs/px4_msgs/msg/detail/parameter_reset_request__traits.hpp\n'}
[1.276891] (px4_msgs) StdoutLine: {'line': b'-- Up-to-date: /home/harsh/ros2_project/install/px4_msgs/include/px4_msgs/px4_msgs/msg/detail/trajectory_waypoint__struct.hpp\n'}
[1.276929] (px4_msgs) StdoutLine: {'line': b'-- Up-to-date: /home/harsh/ros2_project/install/px4_msgs/include/px4_msgs/px4_msgs/msg/detail/can_interface_status__builder.hpp\n'}
[1.276967] (px4_msgs) StdoutLine: {'line': b'-- Up-to-date: /home/harsh/ros2_project/install/px4_msgs/include/px4_msgs/px4_msgs/msg/detail/telemetry_status__traits.hpp\n'}
[1.277006] (px4_msgs) StdoutLine: {'line': b'-- Up-to-date: /home/harsh/ros2_project/install/px4_msgs/include/px4_msgs/px4_msgs/msg/detail/estimator_selector_status__traits.hpp\n'}
[1.277044] (px4_msgs) StdoutLine: {'line': b'-- Up-to-date: /home/harsh/ros2_project/install/px4_msgs/include/px4_msgs/px4_msgs/msg/detail/sensor_optical_flow__struct.hpp\n'}
[1.277082] (px4_msgs) StdoutLine: {'line': b'-- Up-to-date: /home/harsh/ros2_project/install/px4_msgs/include/px4_msgs/px4_msgs/msg/detail/gimbal_manager_status__builder.hpp\n'}
[1.277122] (px4_msgs) StdoutLine: {'line': b'-- Up-to-date: /home/harsh/ros2_project/install/px4_msgs/include/px4_msgs/px4_msgs/msg/detail/mount_orientation__struct.hpp\n'}
[1.277160] (px4_msgs) StdoutLine: {'line': b'-- Up-to-date: /home/harsh/ros2_project/install/px4_msgs/include/px4_msgs/px4_msgs/msg/detail/vehicle_rates_setpoint__struct.hpp\n'}
[1.277199] (px4_msgs) StdoutLine: {'line': b'-- Up-to-date: /home/harsh/ros2_project/install/px4_msgs/include/px4_msgs/px4_msgs/msg/detail/unregister_ext_component__struct.hpp\n'}
[1.277237] (px4_msgs) StdoutLine: {'line': b'-- Up-to-date: /home/harsh/ros2_project/install/px4_msgs/include/px4_msgs/px4_msgs/msg/detail/geofence_status__builder.hpp\n'}
[1.277275] (px4_msgs) StdoutLine: {'line': b'-- Up-to-date: /home/harsh/ros2_project/install/px4_msgs/include/px4_msgs/px4_msgs/msg/detail/hover_thrust_estimate__traits.hpp\n'}
[1.277314] (px4_msgs) StdoutLine: {'line': b'-- Up-to-date: /home/harsh/ros2_project/install/px4_msgs/include/px4_msgs/px4_msgs/msg/detail/estimator_selector_status__type_support.hpp\n'}
[1.277360] (px4_msgs) StdoutLine: {'line': b'-- Up-to-date: /home/harsh/ros2_project/install/px4_msgs/include/px4_msgs/px4_msgs/msg/detail/mission_result__traits.hpp\n'}
[1.277401] (px4_msgs) StdoutLine: {'line': b'-- Up-to-date: /home/harsh/ros2_project/install/px4_msgs/include/px4_msgs/px4_msgs/msg/detail/gimbal_manager_set_attitude__struct.hpp\n'}
[1.277440] (px4_msgs) StdoutLine: {'line': b'-- Up-to-date: /home/harsh/ros2_project/install/px4_msgs/include/px4_msgs/px4_msgs/msg/detail/config_overrides__struct.hpp\n'}
[1.277479] (px4_msgs) StdoutLine: {'line': b'-- Up-to-date: /home/harsh/ros2_project/install/px4_msgs/include/px4_msgs/px4_msgs/msg/detail/gimbal_manager_set_attitude__type_support.hpp\n'}
[1.277521] (px4_msgs) StdoutLine: {'line': b'-- Up-to-date: /home/harsh/ros2_project/install/px4_msgs/include/px4_msgs/px4_msgs/msg/detail/npfg_status__struct.hpp\n'}
[1.277559] (px4_msgs) StdoutLine: {'line': b'-- Up-to-date: /home/harsh/ros2_project/install/px4_msgs/include/px4_msgs/px4_msgs/msg/detail/mission__type_support.hpp\n'}
[1.277597] (px4_msgs) StdoutLine: {'line': b'-- Up-to-date: /home/harsh/ros2_project/install/px4_msgs/include/px4_msgs/px4_msgs/msg/detail/sensor_gps__type_support.hpp\n'}
[1.277642] (px4_msgs) StdoutLine: {'line': b'-- Up-to-date: /home/harsh/ros2_project/install/px4_msgs/include/px4_msgs/px4_msgs/msg/detail/vehicle_acceleration__type_support.hpp\n'}
[1.277682] (px4_msgs) StdoutLine: {'line': b'-- Up-to-date: /home/harsh/ros2_project/install/px4_msgs/include/px4_msgs/px4_msgs/msg/detail/tiltrotor_extra_controls__traits.hpp\n'}
[1.277721] (px4_msgs) StdoutLine: {'line': b'-- Up-to-date: /home/harsh/ros2_project/install/px4_msgs/include/px4_msgs/px4_msgs/msg/detail/internal_combustion_engine_status__struct.hpp\n'}
[1.277762] (px4_msgs) StdoutLine: {'line': b'-- Up-to-date: /home/harsh/ros2_project/install/px4_msgs/include/px4_msgs/px4_msgs/msg/detail/logger_status__builder.hpp\n'}
[1.277800] (px4_msgs) StdoutLine: {'line': b'-- Up-to-date: /home/harsh/ros2_project/install/px4_msgs/include/px4_msgs/px4_msgs/msg/detail/qshell_req__type_support.hpp\n'}
[1.277839] (px4_msgs) StdoutLine: {'line': b'-- Up-to-date: /home/harsh/ros2_project/install/px4_msgs/include/px4_msgs/px4_msgs/msg/detail/gimbal_manager_status__type_support.hpp\n'}
[1.277877] (px4_msgs) StdoutLine: {'line': b'-- Up-to-date: /home/harsh/ros2_project/install/px4_msgs/include/px4_msgs/px4_msgs/msg/detail/orb_test_medium__struct.hpp\n'}
[1.277915] (px4_msgs) StdoutLine: {'line': b'-- Up-to-date: /home/harsh/ros2_project/install/px4_msgs/include/px4_msgs/px4_msgs/msg/detail/transponder_report__struct.hpp\n'}
[1.277954] (px4_msgs) StdoutLine: {'line': b'-- Up-to-date: /home/harsh/ros2_project/install/px4_msgs/include/px4_msgs/px4_msgs/msg/detail/esc_report__traits.hpp\n'}
[1.277992] (px4_msgs) StdoutLine: {'line': b'-- Up-to-date: /home/harsh/ros2_project/install/px4_msgs/include/px4_msgs/px4_msgs/msg/detail/task_stack_info__builder.hpp\n'}
[1.278031] (px4_msgs) StdoutLine: {'line': b'-- Up-to-date: /home/harsh/ros2_project/install/px4_msgs/include/px4_msgs/px4_msgs/msg/detail/gimbal_device_attitude_status__traits.hpp\n'}
[1.278074] (px4_msgs) StdoutLine: {'line': b'-- Up-to-date: /home/harsh/ros2_project/install/px4_msgs/include/px4_msgs/px4_msgs/msg/detail/offboard_control_mode__type_support.hpp\n'}
[1.278112] (px4_msgs) StdoutLine: {'line': b'-- Up-to-date: /home/harsh/ros2_project/install/px4_msgs/include/px4_msgs/px4_msgs/msg/detail/vehicle_land_detected__type_support.hpp\n'}
[1.278150] (px4_msgs) StdoutLine: {'line': b'-- Up-to-date: /home/harsh/ros2_project/install/px4_msgs/include/px4_msgs/px4_msgs/msg/detail/vehicle_global_position__builder.hpp\n'}
[1.278188] (px4_msgs) StdoutLine: {'line': b'-- Up-to-date: /home/harsh/ros2_project/install/px4_msgs/include/px4_msgs/px4_msgs/msg/detail/sensors_status_imu__traits.hpp\n'}
[1.278228] (px4_msgs) StdoutLine: {'line': b'-- Up-to-date: /home/harsh/ros2_project/install/px4_msgs/include/px4_msgs/px4_msgs/msg/detail/irlock_report__traits.hpp\n'}
[1.278266] (px4_msgs) StdoutLine: {'line': b'-- Up-to-date: /home/harsh/ros2_project/install/px4_msgs/include/px4_msgs/px4_msgs/msg/detail/follow_target_estimator__traits.hpp\n'}
[1.278306] (px4_msgs) StdoutLine: {'line': b'-- Up-to-date: /home/harsh/ros2_project/install/px4_msgs/include/px4_msgs/px4_msgs/msg/detail/internal_combustion_engine_status__traits.hpp\n'}
[1.278353] (px4_msgs) StdoutLine: {'line': b'-- Up-to-date: /home/harsh/ros2_project/install/px4_msgs/include/px4_msgs/px4_msgs/msg/detail/sensor_preflight_mag__builder.hpp\n'}
[1.278393] (px4_msgs) StdoutLine: {'line': b'-- Up-to-date: /home/harsh/ros2_project/install/px4_msgs/include/px4_msgs/px4_msgs/msg/detail/launch_detection_status__type_support.hpp\n'}
[1.278437] (px4_msgs) StdoutLine: {'line': b'-- Up-to-date: /home/harsh/ros2_project/install/px4_msgs/include/px4_msgs/px4_msgs/msg/detail/position_setpoint__traits.hpp\n'}
[1.278476] (px4_msgs) StdoutLine: {'line': b'-- Up-to-date: /home/harsh/ros2_project/install/px4_msgs/include/px4_msgs/px4_msgs/msg/detail/landing_gear__traits.hpp\n'}
[1.278516] (px4_msgs) StdoutLine: {'line': b'-- Up-to-date: /home/harsh/ros2_project/install/px4_msgs/include/px4_msgs/px4_msgs/msg/detail/vehicle_torque_setpoint__traits.hpp\n'}
[1.278556] (px4_msgs) StdoutLine: {'line': b'-- Up-to-date: /home/harsh/ros2_project/install/px4_msgs/include/px4_msgs/px4_msgs/msg/detail/sensor_selection__struct.hpp\n'}
[1.278596] (px4_msgs) StdoutLine: {'line': b'-- Up-to-date: /home/harsh/ros2_project/install/px4_msgs/include/px4_msgs/px4_msgs/msg/detail/gps_inject_data__builder.hpp\n'}
[1.278635] (px4_msgs) StdoutLine: {'line': b'-- Up-to-date: /home/harsh/ros2_project/install/px4_msgs/include/px4_msgs/px4_msgs/msg/detail/sensor_correction__builder.hpp\n'}
[1.278674] (px4_msgs) StdoutLine: {'line': b'-- Up-to-date: /home/harsh/ros2_project/install/px4_msgs/include/px4_msgs/px4_msgs/msg/detail/sensor_gps__traits.hpp\n'}
[1.278714] (px4_msgs) StdoutLine: {'line': b'-- Up-to-date: /home/harsh/ros2_project/install/px4_msgs/include/px4_msgs/px4_msgs/msg/detail/telemetry_status__builder.hpp\n'}
[1.278753] (px4_msgs) StdoutLine: {'line': b'-- Up-to-date: /home/harsh/ros2_project/install/px4_msgs/include/px4_msgs/px4_msgs/msg/detail/timesync_status__struct.hpp\n'}
[1.278793] (px4_msgs) StdoutLine: {'line': b'-- Up-to-date: /home/harsh/ros2_project/install/px4_msgs/include/px4_msgs/px4_msgs/msg/detail/ulog_stream_ack__builder.hpp\n'}
[1.278834] (px4_msgs) StdoutLine: {'line': b'-- Up-to-date: /home/harsh/ros2_project/install/px4_msgs/include/px4_msgs/px4_msgs/msg/detail/gpio_request__traits.hpp\n'}
[1.278876] (px4_msgs) StdoutLine: {'line': b'-- Up-to-date: /home/harsh/ros2_project/install/px4_msgs/include/px4_msgs/px4_msgs/msg/detail/position_controller_status__traits.hpp\n'}
[1.278924] (px4_msgs) StdoutLine: {'line': b'-- Up-to-date: /home/harsh/ros2_project/install/px4_msgs/include/px4_msgs/px4_msgs/msg/detail/geofence_result__builder.hpp\n'}
[1.278970] (px4_msgs) StdoutLine: {'line': b'-- Up-to-date: /home/harsh/ros2_project/install/px4_msgs/include/px4_msgs/px4_msgs/msg/detail/vehicle_command__type_support.hpp\n'}
[1.279011] (px4_msgs) StdoutLine: {'line': b'-- Up-to-date: /home/harsh/ros2_project/install/px4_msgs/include/px4_msgs/px4_msgs/msg/detail/actuator_outputs__builder.hpp\n'}
[1.279052] (px4_msgs) StdoutLine: {'line': b'-- Up-to-date: /home/harsh/ros2_project/install/px4_msgs/include/px4_msgs/px4_msgs/msg/detail/power_button_state__builder.hpp\n'}
[1.279096] (px4_msgs) StdoutLine: {'line': b'-- Up-to-date: /home/harsh/ros2_project/install/px4_msgs/include/px4_msgs/px4_msgs/msg/detail/tiltrotor_extra_controls__struct.hpp\n'}
[1.279139] (px4_msgs) StdoutLine: {'line': b'-- Up-to-date: /home/harsh/ros2_project/install/px4_msgs/include/px4_msgs/px4_msgs/msg/detail/estimator_aid_source3d__traits.hpp\n'}
[1.279182] (px4_msgs) StdoutLine: {'line': b'-- Up-to-date: /home/harsh/ros2_project/install/px4_msgs/include/px4_msgs/px4_msgs/msg/detail/takeoff_status__traits.hpp\n'}
[1.279223] (px4_msgs) StdoutLine: {'line': b'-- Up-to-date: /home/harsh/ros2_project/install/px4_msgs/include/px4_msgs/px4_msgs/msg/detail/yaw_estimator_status__struct.hpp\n'}
[1.279265] (px4_msgs) StdoutLine: {'line': b'-- Up-to-date: /home/harsh/ros2_project/install/px4_msgs/include/px4_msgs/px4_msgs/msg/detail/vehicle_odometry__builder.hpp\n'}
[1.279307] (px4_msgs) StdoutLine: {'line': b'-- Up-to-date: /home/harsh/ros2_project/install/px4_msgs/include/px4_msgs/px4_msgs/msg/detail/ulog_stream_ack__traits.hpp\n'}
[1.279358] (px4_msgs) StdoutLine: {'line': b'-- Up-to-date: /home/harsh/ros2_project/install/px4_msgs/include/px4_msgs/px4_msgs/msg/detail/rpm__type_support.hpp\n'}
[1.279406] (px4_msgs) StdoutLine: {'line': b'-- Up-to-date: /home/harsh/ros2_project/install/px4_msgs/include/px4_msgs/px4_msgs/msg/detail/gripper__traits.hpp\n'}
[1.279454] (px4_msgs) StdoutLine: {'line': b'-- Up-to-date: /home/harsh/ros2_project/install/px4_msgs/include/px4_msgs/px4_msgs/msg/detail/estimator_selector_status__struct.hpp\n'}
[1.279498] (px4_msgs) StdoutLine: {'line': b'-- Up-to-date: /home/harsh/ros2_project/install/px4_msgs/include/px4_msgs/px4_msgs/msg/detail/estimator_innovations__builder.hpp\n'}
[1.279540] (px4_msgs) StdoutLine: {'line': b'-- Up-to-date: /home/harsh/ros2_project/install/px4_msgs/include/px4_msgs/px4_msgs/msg/detail/power_monitor__builder.hpp\n'}
[1.279585] (px4_msgs) StdoutLine: {'line': b'-- Up-to-date: /home/harsh/ros2_project/install/px4_msgs/include/px4_msgs/px4_msgs/msg/detail/camera_capture__builder.hpp\n'}
[1.279626] (px4_msgs) StdoutLine: {'line': b'-- Up-to-date: /home/harsh/ros2_project/install/px4_msgs/include/px4_msgs/px4_msgs/msg/detail/vehicle_trajectory_bezier__type_support.hpp\n'}
[1.279669] (px4_msgs) StdoutLine: {'line': b'-- Up-to-date: /home/harsh/ros2_project/install/px4_msgs/include/px4_msgs/px4_msgs/msg/detail/sensor_combined__traits.hpp\n'}
[1.279714] (px4_msgs) StdoutLine: {'line': b'-- Up-to-date: /home/harsh/ros2_project/install/px4_msgs/include/px4_msgs/px4_msgs/msg/detail/tecs_status__type_support.hpp\n'}
[1.279759] (px4_msgs) StdoutLine: {'line': b'-- Up-to-date: /home/harsh/ros2_project/install/px4_msgs/include/px4_msgs/px4_msgs/msg/detail/vehicle_optical_flow_vel__traits.hpp\n'}
[1.279801] (px4_msgs) StdoutLine: {'line': b'-- Up-to-date: /home/harsh/ros2_project/install/px4_msgs/include/px4_msgs/px4_msgs/msg/detail/vehicle_angular_acceleration_setpoint__type_support.hpp\n'}
[1.279844] (px4_msgs) StdoutLine: {'line': b'-- Up-to-date: /home/harsh/ros2_project/install/px4_msgs/include/px4_msgs/px4_msgs/msg/detail/arming_check_request__builder.hpp\n'}
[1.279891] (px4_msgs) StdoutLine: {'line': b'-- Up-to-date: /home/harsh/ros2_project/install/px4_msgs/include/px4_msgs/px4_msgs/msg/detail/sensor_airflow__builder.hpp\n'}
[1.279935] (px4_msgs) StdoutLine: {'line': b'-- Up-to-date: /home/harsh/ros2_project/install/px4_msgs/include/px4_msgs/px4_msgs/msg/detail/sensor_optical_flow__traits.hpp\n'}
[1.279980] (px4_msgs) StdoutLine: {'line': b'-- Up-to-date: /home/harsh/ros2_project/install/px4_msgs/include/px4_msgs/px4_msgs/msg/detail/sensors_status_imu__struct.hpp\n'}
[1.280028] (px4_msgs) StdoutLine: {'line': b'-- Up-to-date: /home/harsh/ros2_project/install/px4_msgs/include/px4_msgs/px4_msgs/msg/detail/follow_target_estimator__builder.hpp\n'}
[1.280080] (px4_msgs) StdoutLine: {'line': b'-- Up-to-date: /home/harsh/ros2_project/install/px4_msgs/include/px4_msgs/px4_msgs/msg/detail/position_setpoint_triplet__builder.hpp\n'}
[1.280126] (px4_msgs) StdoutLine: {'line': b'-- Up-to-date: /home/harsh/ros2_project/install/px4_msgs/include/px4_msgs/px4_msgs/msg/detail/sensor_uwb__builder.hpp\n'}
[1.280170] (px4_msgs) StdoutLine: {'line': b'-- Up-to-date: /home/harsh/ros2_project/install/px4_msgs/include/px4_msgs/px4_msgs/msg/detail/wind__struct.hpp\n'}
[1.280224] (px4_msgs) StdoutLine: {'line': b'-- Up-to-date: /home/harsh/ros2_project/install/px4_msgs/include/px4_msgs/px4_msgs/msg/detail/mount_orientation__traits.hpp\n'}
[1.280269] (px4_msgs) StdoutLine: {'line': b'-- Up-to-date: /home/harsh/ros2_project/install/px4_msgs/include/px4_msgs/px4_msgs/msg/detail/sensor_gyro_fft__traits.hpp\n'}
[1.280315] (px4_msgs) StdoutLine: {'line': b'-- Up-to-date: /home/harsh/ros2_project/install/px4_msgs/include/px4_msgs/px4_msgs/msg/detail/satellite_info__builder.hpp\n'}
[1.280380] (px4_msgs) StdoutLine: {'line': b'-- Up-to-date: /home/harsh/ros2_project/install/px4_msgs/include/px4_msgs/px4_msgs/msg/detail/actuator_test__type_support.hpp\n'}
[1.280436] (px4_msgs) StdoutLine: {'line': b'-- Up-to-date: /home/harsh/ros2_project/install/px4_msgs/include/px4_msgs/px4_msgs/msg/detail/power_monitor__struct.hpp\n'}
[1.280485] (px4_msgs) StdoutLine: {'line': b'-- Up-to-date: /home/harsh/ros2_project/install/px4_msgs/include/px4_msgs/px4_msgs/msg/detail/gpio_config__struct.hpp\n'}
[1.280530] (px4_msgs) StdoutLine: {'line': b'-- Up-to-date: /home/harsh/ros2_project/install/px4_msgs/include/px4_msgs/px4_msgs/msg/detail/collision_report__type_support.hpp\n'}
[1.280572] (px4_msgs) StdoutLine: {'line': b'-- Up-to-date: /home/harsh/ros2_project/install/px4_msgs/include/px4_msgs/px4_msgs/msg/detail/sensor_uwb__type_support.hpp\n'}
[1.280611] (px4_msgs) StdoutLine: {'line': b'-- Up-to-date: /home/harsh/ros2_project/install/px4_msgs/include/px4_msgs/px4_msgs/msg/detail/gpio_out__builder.hpp\n'}
[1.280649] (px4_msgs) StdoutLine: {'line': b'-- Up-to-date: /home/harsh/ros2_project/install/px4_msgs/include/px4_msgs/px4_msgs/msg/detail/arming_check_reply__traits.hpp\n'}
[1.280722] (px4_msgs) StdoutLine: {'line': b'-- Up-to-date: /home/harsh/ros2_project/install/px4_msgs/include/px4_msgs/px4_msgs/msg/detail/onboard_computer_status__builder.hpp\n'}
[1.280778] (px4_msgs) StdoutLine: {'line': b'-- Up-to-date: /home/harsh/ros2_project/install/px4_msgs/include/px4_msgs/px4_msgs/msg/detail/debug_key_value__traits.hpp\n'}
[1.280821] (px4_msgs) StdoutLine: {'line': b'-- Up-to-date: /home/harsh/ros2_project/install/px4_msgs/include/px4_msgs/px4_msgs/msg/detail/message_format_response__type_support.hpp\n'}
[1.280867] (px4_msgs) StdoutLine: {'line': b'-- Up-to-date: /home/harsh/ros2_project/install/px4_msgs/include/px4_msgs/px4_msgs/msg/detail/trajectory_setpoint__struct.hpp\n'}
[1.280910] (px4_msgs) StdoutLine: {'line': b'-- Up-to-date: /home/harsh/ros2_project/install/px4_msgs/include/px4_msgs/px4_msgs/msg/detail/health_report__type_support.hpp\n'}
[1.280953] (px4_msgs) StdoutLine: {'line': b'-- Up-to-date: /home/harsh/ros2_project/install/px4_msgs/include/px4_msgs/px4_msgs/msg/detail/vehicle_imu__builder.hpp\n'}
[1.281016] (px4_msgs) StdoutLine: {'line': b'-- Up-to-date: /home/harsh/ros2_project/install/px4_msgs/include/px4_msgs/px4_msgs/msg/detail/ulog_stream_ack__struct.hpp\n'}
[1.281083] (px4_msgs) StdoutLine: {'line': b'-- Up-to-date: /home/harsh/ros2_project/install/px4_msgs/include/px4_msgs/px4_msgs/msg/detail/gps_dump__type_support.hpp\n'}
[1.281137] (px4_msgs) StdoutLine: {'line': b'-- Up-to-date: /home/harsh/ros2_project/install/px4_msgs/include/px4_msgs/px4_msgs/msg/detail/debug_array__type_support.hpp\n'}
[1.281188] (px4_msgs) StdoutLine: {'line': b'-- Up-to-date: /home/harsh/ros2_project/install/px4_msgs/include/px4_msgs/px4_msgs/msg/detail/arming_check_request__type_support.hpp\n'}
[1.281232] (px4_msgs) StdoutLine: {'line': b'-- Up-to-date: /home/harsh/ros2_project/install/px4_msgs/include/px4_msgs/px4_msgs/msg/detail/parameter_set_used_request__traits.hpp\n'}
[1.281273] (px4_msgs) StdoutLine: {'line': b'-- Up-to-date: /home/harsh/ros2_project/install/px4_msgs/include/px4_msgs/px4_msgs/msg/detail/tecs_status__struct.hpp\n'}
[1.281315] (px4_msgs) StdoutLine: {'line': b'-- Up-to-date: /home/harsh/ros2_project/install/px4_msgs/include/px4_msgs/px4_msgs/msg/detail/velocity_limits__traits.hpp\n'}
[1.281405] (px4_msgs) StdoutLine: {'line': b'-- Up-to-date: /home/harsh/ros2_project/install/px4_msgs/include/px4_msgs/px4_msgs/msg/detail/failure_detector_status__builder.hpp\n'}
[1.281458] (px4_msgs) StdoutLine: {'line': b'-- Up-to-date: /home/harsh/ros2_project/install/px4_msgs/include/px4_msgs/px4_msgs/msg/detail/mission__struct.hpp\n'}
[1.281501] (px4_msgs) StdoutLine: {'line': b'-- Up-to-date: /home/harsh/ros2_project/install/px4_msgs/include/px4_msgs/px4_msgs/msg/detail/flight_phase_estimation__struct.hpp\n'}
[1.281541] (px4_msgs) StdoutLine: {'line': b'-- Up-to-date: /home/harsh/ros2_project/install/px4_msgs/include/px4_msgs/px4_msgs/msg/detail/actuator_servos_trim__builder.hpp\n'}
[1.281620] (px4_msgs) StdoutLine: {'line': b'-- Up-to-date: /home/harsh/ros2_project/install/px4_msgs/include/px4_msgs/px4_msgs/msg/detail/system_power__builder.hpp\n'}
[1.281805] (px4_msgs) StdoutLine: {'line': b'-- Up-to-date: /home/harsh/ros2_project/install/px4_msgs/include/px4_msgs/px4_msgs/msg/detail/message_format_response__traits.hpp\n'}
[1.281944] (px4_msgs) StdoutLine: {'line': b'-- Up-to-date: /home/harsh/ros2_project/install/px4_msgs/include/px4_msgs/px4_msgs/msg/detail/position_controller_status__type_support.hpp\n'}
[1.282042] (px4_msgs) StdoutLine: {'line': b'-- Up-to-date: /home/harsh/ros2_project/install/px4_msgs/include/px4_msgs/px4_msgs/msg/detail/gimbal_controls__struct.hpp\n'}
[1.282128] (px4_msgs) StdoutLine: {'line': b'-- Up-to-date: /home/harsh/ros2_project/install/px4_msgs/include/px4_msgs/px4_msgs/msg/detail/generator_status__builder.hpp\n'}
[1.282204] (px4_msgs) StdoutLine: {'line': b'-- Up-to-date: /home/harsh/ros2_project/install/px4_msgs/include/px4_msgs/px4_msgs/msg/detail/trajectory_setpoint__traits.hpp\n'}
[1.282286] (px4_msgs) StdoutLine: {'line': b'-- Up-to-date: /home/harsh/ros2_project/install/px4_msgs/include/px4_msgs/px4_msgs/msg/detail/sensor_hygrometer__traits.hpp\n'}
[1.282391] (px4_msgs) StdoutLine: {'line': b'-- Up-to-date: /home/harsh/ros2_project/install/px4_msgs/include/px4_msgs/px4_msgs/msg/detail/ping__struct.hpp\n'}
[1.282472] (px4_msgs) StdoutLine: {'line': b'-- Up-to-date: /home/harsh/ros2_project/install/px4_msgs/include/px4_msgs/px4_msgs/msg/detail/event__builder.hpp\n'}
[1.282550] (px4_msgs) StdoutLine: {'line': b'-- Up-to-date: /home/harsh/ros2_project/install/px4_msgs/include/px4_msgs/px4_msgs/msg/detail/position_controller_landing_status__builder.hpp\n'}
[1.282629] (px4_msgs) StdoutLine: {'line': b'-- Up-to-date: /home/harsh/ros2_project/install/px4_msgs/include/px4_msgs/px4_msgs/msg/detail/gimbal_device_set_attitude__traits.hpp\n'}
[1.282706] (px4_msgs) StdoutLine: {'line': b'-- Up-to-date: /home/harsh/ros2_project/install/px4_msgs/include/px4_msgs/px4_msgs/msg/detail/airspeed__struct.hpp\n'}
[1.282784] (px4_msgs) StdoutLine: {'line': b'-- Up-to-date: /home/harsh/ros2_project/install/px4_msgs/include/px4_msgs/px4_msgs/msg/detail/estimator_gps_status__builder.hpp\n'}
[1.282851] (px4_msgs) StdoutLine: {'line': b'-- Up-to-date: /home/harsh/ros2_project/install/px4_msgs/include/px4_msgs/px4_msgs/msg/detail/estimator_selector_status__builder.hpp\n'}
[1.282919] (px4_msgs) StdoutLine: {'line': b'-- Up-to-date: /home/harsh/ros2_project/install/px4_msgs/include/px4_msgs/px4_msgs/msg/detail/sensor_hygrometer__struct.hpp\n'}
[1.282994] (px4_msgs) StdoutLine: {'line': b'-- Up-to-date: /home/harsh/ros2_project/install/px4_msgs/include/px4_msgs/px4_msgs/msg/detail/vehicle_control_mode__traits.hpp\n'}
[1.283061] (px4_msgs) StdoutLine: {'line': b'-- Up-to-date: /home/harsh/ros2_project/install/px4_msgs/include/px4_msgs/px4_msgs/msg/detail/trajectory_waypoint__traits.hpp\n'}
[1.283129] (px4_msgs) StdoutLine: {'line': b'-- Up-to-date: /home/harsh/ros2_project/install/px4_msgs/include/px4_msgs/px4_msgs/msg/detail/sensor_accel_fifo__type_support.hpp\n'}
[1.283203] (px4_msgs) StdoutLine: {'line': b'-- Up-to-date: /home/harsh/ros2_project/install/px4_msgs/include/px4_msgs/px4_msgs/msg/detail/uavcan_parameter_request__traits.hpp\n'}
[1.283270] (px4_msgs) StdoutLine: {'line': b'-- Up-to-date: /home/harsh/ros2_project/install/px4_msgs/include/px4_msgs/px4_msgs/msg/detail/actuator_armed__type_support.hpp\n'}
[1.283346] (px4_msgs) StdoutLine: {'line': b'-- Up-to-date: /home/harsh/ros2_project/install/px4_msgs/include/px4_msgs/px4_msgs/msg/detail/parameter_set_value_request__traits.hpp\n'}
[1.283417] (px4_msgs) StdoutLine: {'line': b'-- Up-to-date: /home/harsh/ros2_project/install/px4_msgs/include/px4_msgs/px4_msgs/msg/detail/sensor_baro__type_support.hpp\n'}
[1.283483] (px4_msgs) StdoutLine: {'line': b'-- Up-to-date: /home/harsh/ros2_project/install/px4_msgs/include/px4_msgs/px4_msgs/msg/detail/failure_detector_status__traits.hpp\n'}
[1.283553] (px4_msgs) StdoutLine: {'line': b'-- Up-to-date: /home/harsh/ros2_project/install/px4_msgs/include/px4_msgs/px4_msgs/msg/detail/home_position__struct.hpp\n'}
[1.283623] (px4_msgs) StdoutLine: {'line': b'-- Up-to-date: /home/harsh/ros2_project/install/px4_msgs/include/px4_msgs/px4_msgs/msg/detail/wheel_encoders__type_support.hpp\n'}
[1.283689] (px4_msgs) StdoutLine: {'line': b'-- Up-to-date: /home/harsh/ros2_project/install/px4_msgs/include/px4_msgs/px4_msgs/msg/detail/mavlink_log__type_support.hpp\n'}
[1.283762] (px4_msgs) StdoutLine: {'line': b'-- Up-to-date: /home/harsh/ros2_project/install/px4_msgs/include/px4_msgs/px4_msgs/msg/detail/satellite_info__type_support.hpp\n'}
[1.283832] (px4_msgs) StdoutLine: {'line': b'-- Up-to-date: /home/harsh/ros2_project/install/px4_msgs/include/px4_msgs/px4_msgs/msg/detail/orb_test_large__type_support.hpp\n'}
[1.283907] (px4_msgs) StdoutLine: {'line': b'-- Up-to-date: /home/harsh/ros2_project/install/px4_msgs/include/px4_msgs/px4_msgs/msg/detail/vehicle_local_position__struct.hpp\n'}
[1.283979] (px4_msgs) StdoutLine: {'line': b'-- Up-to-date: /home/harsh/ros2_project/install/px4_msgs/include/px4_msgs/px4_msgs/msg/detail/sensor_combined__struct.hpp\n'}
[1.284051] (px4_msgs) StdoutLine: {'line': b'-- Up-to-date: /home/harsh/ros2_project/install/px4_msgs/include/px4_msgs/px4_msgs/msg/detail/register_ext_component_reply__builder.hpp\n'}
[1.284120] (px4_msgs) StdoutLine: {'line': b'-- Up-to-date: /home/harsh/ros2_project/install/px4_msgs/include/px4_msgs/px4_msgs/msg/detail/vehicle_angular_acceleration_setpoint__builder.hpp\n'}
[1.284192] (px4_msgs) StdoutLine: {'line': b'-- Up-to-date: /home/harsh/ros2_project/install/px4_msgs/include/px4_msgs/px4_msgs/msg/detail/vehicle_attitude_setpoint__type_support.hpp\n'}
[1.284264] (px4_msgs) StdoutLine: {'line': b'-- Up-to-date: /home/harsh/ros2_project/install/px4_msgs/include/px4_msgs/px4_msgs/msg/detail/actuator_servos_trim__type_support.hpp\n'}
[1.284350] (px4_msgs) StdoutLine: {'line': b'-- Up-to-date: /home/harsh/ros2_project/install/px4_msgs/include/px4_msgs/px4_msgs/msg/detail/mavlink_tunnel__traits.hpp\n'}
[1.284429] (px4_msgs) StdoutLine: {'line': b'-- Up-to-date: /home/harsh/ros2_project/install/px4_msgs/include/px4_msgs/px4_msgs/msg/detail/obstacle_distance__struct.hpp\n'}
[1.284505] (px4_msgs) StdoutLine: {'line': b'-- Up-to-date: /home/harsh/ros2_project/install/px4_msgs/include/px4_msgs/px4_msgs/msg/detail/rc_channels__type_support.hpp\n'}
[1.284578] (px4_msgs) StdoutLine: {'line': b'-- Up-to-date: /home/harsh/ros2_project/install/px4_msgs/include/px4_msgs/px4_msgs/msg/detail/message_format_request__builder.hpp\n'}
[1.284648] (px4_msgs) StdoutLine: {'line': b'-- Up-to-date: /home/harsh/ros2_project/install/px4_msgs/include/px4_msgs/px4_msgs/msg/detail/gimbal_manager_set_attitude__builder.hpp\n'}
[1.284720] (px4_msgs) StdoutLine: {'line': b'-- Up-to-date: /home/harsh/ros2_project/install/px4_msgs/include/px4_msgs/px4_msgs/msg/detail/position_setpoint_triplet__traits.hpp\n'}
[1.284794] (px4_msgs) StdoutLine: {'line': b'-- Up-to-date: /home/harsh/ros2_project/install/px4_msgs/include/px4_msgs/px4_msgs/msg/detail/rc_channels__builder.hpp\n'}
[1.284885] (px4_msgs) StdoutLine: {'line': b'-- Up-to-date: /home/harsh/ros2_project/install/px4_msgs/include/px4_msgs/px4_msgs/msg/detail/input_rc__builder.hpp\n'}
[1.284956] (px4_msgs) StdoutLine: {'line': b'-- Up-to-date: /home/harsh/ros2_project/install/px4_msgs/include/px4_msgs/px4_msgs/msg/detail/vtol_vehicle_status__builder.hpp\n'}
[1.285028] (px4_msgs) StdoutLine: {'line': b'-- Up-to-date: /home/harsh/ros2_project/install/px4_msgs/include/px4_msgs/px4_msgs/msg/detail/power_button_state__struct.hpp\n'}
[1.285104] (px4_msgs) StdoutLine: {'line': b'-- Up-to-date: /home/harsh/ros2_project/install/px4_msgs/include/px4_msgs/px4_msgs/msg/detail/manual_control_setpoint__type_support.hpp\n'}
[1.285173] (px4_msgs) StdoutLine: {'line': b'-- Up-to-date: /home/harsh/ros2_project/install/px4_msgs/include/px4_msgs/px4_msgs/msg/detail/airspeed__type_support.hpp\n'}
[1.285238] (px4_msgs) StdoutLine: {'line': b'-- Up-to-date: /home/harsh/ros2_project/install/px4_msgs/include/px4_msgs/px4_msgs/msg/detail/timesync_status__type_support.hpp\n'}
[1.285301] (px4_msgs) StdoutLine: {'line': b'-- Up-to-date: /home/harsh/ros2_project/install/px4_msgs/include/px4_msgs/px4_msgs/msg/detail/parameter_reset_request__builder.hpp\n'}
[1.285378] (px4_msgs) StdoutLine: {'line': b'-- Up-to-date: /home/harsh/ros2_project/install/px4_msgs/include/px4_msgs/px4_msgs/msg/detail/adc_report__builder.hpp\n'}
[1.285464] (px4_msgs) StdoutLine: {'line': b'-- Up-to-date: /home/harsh/ros2_project/install/px4_msgs/include/px4_msgs/px4_msgs/msg/detail/manual_control_setpoint__struct.hpp\n'}
[1.285541] (px4_msgs) StdoutLine: {'line': b'-- Up-to-date: /home/harsh/ros2_project/install/px4_msgs/include/px4_msgs/px4_msgs/msg/detail/obstacle_distance__builder.hpp\n'}
[1.285610] (px4_msgs) StdoutLine: {'line': b'-- Up-to-date: /home/harsh/ros2_project/install/px4_msgs/include/px4_msgs/px4_msgs/msg/detail/estimator_innovations__traits.hpp\n'}
[1.285680] (px4_msgs) StdoutLine: {'line': b'-- Up-to-date: /home/harsh/ros2_project/install/px4_msgs/include/px4_msgs/px4_msgs/msg/detail/gimbal_controls__builder.hpp\n'}
[1.285752] (px4_msgs) StdoutLine: {'line': b'-- Up-to-date: /home/harsh/ros2_project/install/px4_msgs/include/px4_msgs/px4_msgs/msg/detail/vehicle_attitude__traits.hpp\n'}
[1.285822] (px4_msgs) StdoutLine: {'line': b'-- Up-to-date: /home/harsh/ros2_project/install/px4_msgs/include/px4_msgs/px4_msgs/msg/detail/landing_gear_wheel__traits.hpp\n'}
[1.285896] (px4_msgs) StdoutLine: {'line': b'-- Up-to-date: /home/harsh/ros2_project/install/px4_msgs/include/px4_msgs/px4_msgs/msg/detail/gimbal_device_attitude_status__struct.hpp\n'}
[1.285972] (px4_msgs) StdoutLine: {'line': b'-- Up-to-date: /home/harsh/ros2_project/install/px4_msgs/include/px4_msgs/px4_msgs/msg/detail/hover_thrust_estimate__struct.hpp\n'}
[1.286044] (px4_msgs) StdoutLine: {'line': b'-- Up-to-date: /home/harsh/ros2_project/install/px4_msgs/include/px4_msgs/px4_msgs/msg/detail/estimator_bias3d__traits.hpp\n'}
[1.286117] (px4_msgs) StdoutLine: {'line': b'-- Up-to-date: /home/harsh/ros2_project/install/px4_msgs/include/px4_msgs/px4_msgs/msg/detail/estimator_status__type_support.hpp\n'}
[1.286185] (px4_msgs) StdoutLine: {'line': b'-- Up-to-date: /home/harsh/ros2_project/install/px4_msgs/include/px4_msgs/px4_msgs/msg/detail/pps_capture__traits.hpp\n'}
[1.286264] (px4_msgs) StdoutLine: {'line': b'-- Up-to-date: /home/harsh/ros2_project/install/px4_msgs/include/px4_msgs/px4_msgs/msg/detail/goto_setpoint__builder.hpp\n'}
[1.286355] (px4_msgs) StdoutLine: {'line': b'-- Up-to-date: /home/harsh/ros2_project/install/px4_msgs/include/px4_msgs/px4_msgs/msg/detail/differential_drive_setpoint__traits.hpp\n'}
[1.286440] (px4_msgs) StdoutLine: {'line': b'-- Up-to-date: /home/harsh/ros2_project/install/px4_msgs/include/px4_msgs/px4_msgs/msg/detail/sensor_airflow__type_support.hpp\n'}
[1.286513] (px4_msgs) StdoutLine: {'line': b'-- Up-to-date: /home/harsh/ros2_project/install/px4_msgs/include/px4_msgs/px4_msgs/msg/detail/obstacle_distance__type_support.hpp\n'}
[1.286587] (px4_msgs) StdoutLine: {'line': b'-- Up-to-date: /home/harsh/ros2_project/install/px4_msgs/include/px4_msgs/px4_msgs/msg/detail/input_rc__type_support.hpp\n'}
[1.286659] (px4_msgs) StdoutLine: {'line': b'-- Up-to-date: /home/harsh/ros2_project/install/px4_msgs/include/px4_msgs/px4_msgs/msg/detail/orb_test_medium__traits.hpp\n'}
[1.286741] (px4_msgs) StdoutLine: {'line': b'-- Up-to-date: /home/harsh/ros2_project/install/px4_msgs/include/px4_msgs/px4_msgs/msg/detail/estimator_bias__traits.hpp\n'}
[1.286812] (px4_msgs) StdoutLine: {'line': b'-- Up-to-date: /home/harsh/ros2_project/install/px4_msgs/include/px4_msgs/px4_msgs/msg/detail/vehicle_odometry__traits.hpp\n'}
[1.286886] (px4_msgs) StdoutLine: {'line': b'-- Up-to-date: /home/harsh/ros2_project/install/px4_msgs/include/px4_msgs/px4_msgs/msg/detail/rc_parameter_map__type_support.hpp\n'}
[1.286955] (px4_msgs) StdoutLine: {'line': b'-- Up-to-date: /home/harsh/ros2_project/install/px4_msgs/include/px4_msgs/px4_msgs/msg/detail/cpuload__traits.hpp\n'}
[1.287029] (px4_msgs) StdoutLine: {'line': b'-- Up-to-date: /home/harsh/ros2_project/install/px4_msgs/include/px4_msgs/px4_msgs/msg/detail/debug_value__builder.hpp\n'}
[1.287099] (px4_msgs) StdoutLine: {'line': b'-- Up-to-date: /home/harsh/ros2_project/install/px4_msgs/include/px4_msgs/px4_msgs/msg/detail/gpio_in__traits.hpp\n'}
[1.287182] (px4_msgs) StdoutLine: {'line': b'-- Up-to-date: /home/harsh/ros2_project/install/px4_msgs/include/px4_msgs/px4_msgs/msg/detail/sensors_status__struct.hpp\n'}
[1.287253] (px4_msgs) StdoutLine: {'line': b'-- Up-to-date: /home/harsh/ros2_project/install/px4_msgs/include/px4_msgs/px4_msgs/msg/detail/actuator_controls_status__type_support.hpp\n'}
[1.287359] (px4_msgs) StdoutLine: {'line': b'-- Up-to-date: /home/harsh/ros2_project/install/px4_msgs/include/px4_msgs/px4_msgs/msg/detail/goto_setpoint__traits.hpp\n'}
[1.287438] (px4_msgs) StdoutLine: {'line': b'-- Up-to-date: /home/harsh/ros2_project/install/px4_msgs/include/px4_msgs/px4_msgs/msg/detail/vehicle_optical_flow_vel__type_support.hpp\n'}
[1.287511] (px4_msgs) StdoutLine: {'line': b'-- Up-to-date: /home/harsh/ros2_project/install/px4_msgs/include/px4_msgs/px4_msgs/msg/detail/can_interface_status__type_support.hpp\n'}
[1.287587] (px4_msgs) StdoutLine: {'line': b'-- Up-to-date: /home/harsh/ros2_project/install/px4_msgs/include/px4_msgs/px4_msgs/msg/detail/position_setpoint__struct.hpp\n'}
[1.287666] (px4_msgs) StdoutLine: {'line': b'-- Up-to-date: /home/harsh/ros2_project/install/px4_msgs/include/px4_msgs/px4_msgs/msg/detail/irlock_report__type_support.hpp\n'}
[1.287739] (px4_msgs) StdoutLine: {'line': b'-- Up-to-date: /home/harsh/ros2_project/install/px4_msgs/include/px4_msgs/px4_msgs/msg/detail/parameter_update__builder.hpp\n'}
[1.287815] (px4_msgs) StdoutLine: {'line': b'-- Up-to-date: /home/harsh/ros2_project/install/px4_msgs/include/px4_msgs/px4_msgs/msg/detail/estimator_status_flags__builder.hpp\n'}
[1.287893] (px4_msgs) StdoutLine: {'line': b'-- Up-to-date: /home/harsh/ros2_project/install/px4_msgs/include/px4_msgs/px4_msgs/msg/detail/tune_control__traits.hpp\n'}
[1.287992] (px4_msgs) StdoutLine: {'line': b'-- Up-to-date: /home/harsh/ros2_project/install/px4_msgs/include/px4_msgs/px4_msgs/msg/detail/home_position__traits.hpp\n'}
[1.288081] (px4_msgs) StdoutLine: {'line': b'-- Up-to-date: /home/harsh/ros2_project/install/px4_msgs/include/px4_msgs/px4_msgs/msg/detail/gimbal_manager_set_manual_control__traits.hpp\n'}
[1.288176] (px4_msgs) StdoutLine: {'line': b'-- Up-to-date: /home/harsh/ros2_project/install/px4_msgs/include/px4_msgs/px4_msgs/msg/detail/tecs_status__traits.hpp\n'}
[1.288264] (px4_msgs) StdoutLine: {'line': b'-- Up-to-date: /home/harsh/ros2_project/install/px4_msgs/include/px4_msgs/px4_msgs/msg/detail/action_request__builder.hpp\n'}
[1.288366] (px4_msgs) StdoutLine: {'line': b'-- Up-to-date: /home/harsh/ros2_project/install/px4_msgs/include/px4_msgs/px4_msgs/msg/detail/npfg_status__builder.hpp\n'}
[1.288462] (px4_msgs) StdoutLine: {'line': b'-- Up-to-date: /home/harsh/ros2_project/install/px4_msgs/include/px4_msgs/px4_msgs/msg/detail/orb_test__traits.hpp\n'}
[1.288535] (px4_msgs) StdoutLine: {'line': b'-- Up-to-date: /home/harsh/ros2_project/install/px4_msgs/include/px4_msgs/px4_msgs/msg/detail/ekf2_timestamps__builder.hpp\n'}
[1.288603] (px4_msgs) StdoutLine: {'line': b'-- Up-to-date: /home/harsh/ros2_project/install/px4_msgs/include/px4_msgs/px4_msgs/msg/detail/estimator_sensor_bias__struct.hpp\n'}
[1.288685] (px4_msgs) StdoutLine: {'line': b'-- Up-to-date: /home/harsh/ros2_project/install/px4_msgs/include/px4_msgs/px4_msgs/msg/detail/orb_test_large__traits.hpp\n'}
[1.288883] (px4_msgs) StdoutLine: {'line': b'-- Up-to-date: /home/harsh/ros2_project/install/px4_msgs/include/px4_msgs/px4_msgs/msg/detail/vtol_vehicle_status__traits.hpp\n'}
[1.288944] (px4_msgs) StdoutLine: {'line': b'-- Up-to-date: /home/harsh/ros2_project/install/px4_msgs/include/px4_msgs/px4_msgs/msg/detail/hover_thrust_estimate__builder.hpp\n'}
[1.288987] (px4_msgs) StdoutLine: {'line': b'-- Up-to-date: /home/harsh/ros2_project/install/px4_msgs/include/px4_msgs/px4_msgs/msg/detail/sensor_mag__builder.hpp\n'}
[1.289098] (px4_msgs) StdoutLine: {'line': b'-- Up-to-date: /home/harsh/ros2_project/install/px4_msgs/include/px4_msgs/px4_msgs/msg/detail/register_ext_component_request__traits.hpp\n'}
[1.289159] (px4_msgs) StdoutLine: {'line': b'-- Up-to-date: /home/harsh/ros2_project/install/px4_msgs/include/px4_msgs/px4_msgs/msg/detail/px4io_status__builder.hpp\n'}
[1.289227] (px4_msgs) StdoutLine: {'line': b'-- Up-to-date: /home/harsh/ros2_project/install/px4_msgs/include/px4_msgs/px4_msgs/msg/detail/vehicle_command_ack__builder.hpp\n'}
[1.289272] (px4_msgs) StdoutLine: {'line': b'-- Up-to-date: /home/harsh/ros2_project/install/px4_msgs/include/px4_msgs/px4_msgs/msg/detail/landing_gear__builder.hpp\n'}
[1.289313] (px4_msgs) StdoutLine: {'line': b'-- Up-to-date: /home/harsh/ros2_project/install/px4_msgs/include/px4_msgs/px4_msgs/msg/detail/landing_gear__type_support.hpp\n'}
[1.289375] (px4_msgs) StdoutLine: {'line': b'-- Up-to-date: /home/harsh/ros2_project/install/px4_msgs/include/px4_msgs/px4_msgs/msg/detail/ulog_stream__builder.hpp\n'}
[1.289420] (px4_msgs) StdoutLine: {'line': b'-- Up-to-date: /home/harsh/ros2_project/install/px4_msgs/include/px4_msgs/px4_msgs/msg/detail/estimator_bias3d__builder.hpp\n'}
[1.289489] (px4_msgs) StdoutLine: {'line': b'-- Up-to-date: /home/harsh/ros2_project/install/px4_msgs/include/px4_msgs/px4_msgs/msg/detail/arming_check_reply__builder.hpp\n'}
[1.289537] (px4_msgs) StdoutLine: {'line': b'-- Up-to-date: /home/harsh/ros2_project/install/px4_msgs/include/px4_msgs/px4_msgs/msg/detail/cpuload__type_support.hpp\n'}
[1.289593] (px4_msgs) StdoutLine: {'line': b'-- Up-to-date: /home/harsh/ros2_project/install/px4_msgs/include/px4_msgs/px4_msgs/msg/detail/vehicle_angular_velocity__type_support.hpp\n'}
[1.289640] (px4_msgs) StdoutLine: {'line': b'-- Up-to-date: /home/harsh/ros2_project/install/px4_msgs/include/px4_msgs/px4_msgs/msg/detail/event__traits.hpp\n'}
[1.289685] (px4_msgs) StdoutLine: {'line': b'-- Up-to-date: /home/harsh/ros2_project/install/px4_msgs/include/px4_msgs/px4_msgs/msg/detail/normalized_unsigned_setpoint__builder.hpp\n'}
[1.289764] (px4_msgs) StdoutLine: {'line': b'-- Up-to-date: /home/harsh/ros2_project/install/px4_msgs/include/px4_msgs/px4_msgs/msg/detail/gps_inject_data__traits.hpp\n'}
[1.289852] (px4_msgs) StdoutLine: {'line': b'-- Up-to-date: /home/harsh/ros2_project/install/px4_msgs/include/px4_msgs/px4_msgs/msg/detail/follow_target_status__type_support.hpp\n'}
[1.289921] (px4_msgs) StdoutLine: {'line': b'-- Up-to-date: /home/harsh/ros2_project/install/px4_msgs/include/px4_msgs/px4_msgs/msg/detail/hover_thrust_estimate__type_support.hpp\n'}
[1.289975] (px4_msgs) StdoutLine: {'line': b'-- Up-to-date: /home/harsh/ros2_project/install/px4_msgs/include/px4_msgs/px4_msgs/msg/detail/airspeed__traits.hpp\n'}
[1.290029] (px4_msgs) StdoutLine: {'line': b'-- Up-to-date: /home/harsh/ros2_project/install/px4_msgs/include/px4_msgs/px4_msgs/msg/detail/estimator_innovations__struct.hpp\n'}
[1.290082] (px4_msgs) StdoutLine: {'line': b'-- Up-to-date: /home/harsh/ros2_project/install/px4_msgs/include/px4_msgs/px4_msgs/msg/detail/pwm_input__builder.hpp\n'}
[1.290134] (px4_msgs) StdoutLine: {'line': b'-- Up-to-date: /home/harsh/ros2_project/install/px4_msgs/include/px4_msgs/px4_msgs/msg/detail/manual_control_switches__struct.hpp\n'}
[1.290194] (px4_msgs) StdoutLine: {'line': b'-- Up-to-date: /home/harsh/ros2_project/install/px4_msgs/include/px4_msgs/px4_msgs/msg/detail/airspeed_wind__builder.hpp\n'}
[1.290264] (px4_msgs) StdoutLine: {'line': b'-- Up-to-date: /home/harsh/ros2_project/install/px4_msgs/include/px4_msgs/px4_msgs/msg/detail/sensor_accel_fifo__traits.hpp\n'}
[1.290332] (px4_msgs) StdoutLine: {'line': b'-- Up-to-date: /home/harsh/ros2_project/install/px4_msgs/include/px4_msgs/px4_msgs/msg/detail/vehicle_air_data__traits.hpp\n'}
[1.290392] (px4_msgs) StdoutLine: {'line': b'-- Up-to-date: /home/harsh/ros2_project/install/px4_msgs/include/px4_msgs/px4_msgs/msg/detail/timesync_status__traits.hpp\n'}
[1.290445] (px4_msgs) StdoutLine: {'line': b'-- Up-to-date: /home/harsh/ros2_project/install/px4_msgs/include/px4_msgs/px4_msgs/msg/detail/sensor_gps__builder.hpp\n'}
[1.290507] (px4_msgs) StdoutLine: {'line': b'-- Up-to-date: /home/harsh/ros2_project/install/px4_msgs/include/px4_msgs/px4_msgs/msg/detail/flight_phase_estimation__builder.hpp\n'}
[1.290570] (px4_msgs) StdoutLine: {'line': b'-- Up-to-date: /home/harsh/ros2_project/install/px4_msgs/include/px4_msgs/px4_msgs/msg/detail/vtol_vehicle_status__type_support.hpp\n'}
[1.290613] (px4_msgs) StdoutLine: {'line': b'-- Up-to-date: /home/harsh/ros2_project/install/px4_msgs/include/px4_msgs/px4_msgs/msg/detail/camera_capture__traits.hpp\n'}
[1.290651] (px4_msgs) StdoutLine: {'line': b'-- Up-to-date: /home/harsh/ros2_project/install/px4_msgs/include/px4_msgs/px4_msgs/msg/detail/airspeed_validated__struct.hpp\n'}
[1.290692] (px4_msgs) StdoutLine: {'line': b'-- Up-to-date: /home/harsh/ros2_project/install/px4_msgs/include/px4_msgs/px4_msgs/msg/detail/battery_status__builder.hpp\n'}
[1.290731] (px4_msgs) StdoutLine: {'line': b'-- Up-to-date: /home/harsh/ros2_project/install/px4_msgs/include/px4_msgs/px4_msgs/msg/detail/sensor_accel__builder.hpp\n'}
[1.290766] (px4_msgs) StdoutLine: {'line': b'-- Up-to-date: /home/harsh/ros2_project/install/px4_msgs/include/px4_msgs/px4_msgs/msg/detail/collision_constraints__type_support.hpp\n'}
[1.290809] (px4_msgs) StdoutLine: {'line': b'-- Up-to-date: /home/harsh/ros2_project/install/px4_msgs/include/px4_msgs/px4_msgs/msg/detail/manual_control_switches__builder.hpp\n'}
[1.290846] (px4_msgs) StdoutLine: {'line': b'-- Up-to-date: /home/harsh/ros2_project/install/px4_msgs/include/px4_msgs/px4_msgs/msg/detail/failsafe_flags__struct.hpp\n'}
[1.290882] (px4_msgs) StdoutLine: {'line': b'-- Up-to-date: /home/harsh/ros2_project/install/px4_msgs/include/px4_msgs/px4_msgs/msg/detail/actuator_armed__traits.hpp\n'}
[1.290935] (px4_msgs) StdoutLine: {'line': b'-- Up-to-date: /home/harsh/ros2_project/install/px4_msgs/include/px4_msgs/px4_msgs/msg/detail/message_format_request__traits.hpp\n'}
[1.291009] (px4_msgs) StdoutLine: {'line': b'-- Up-to-date: /home/harsh/ros2_project/install/px4_msgs/include/px4_msgs/px4_msgs/msg/detail/figure_eight_status__type_support.hpp\n'}
[1.291057] (px4_msgs) StdoutLine: {'line': b'-- Up-to-date: /home/harsh/ros2_project/install/px4_msgs/include/px4_msgs/px4_msgs/msg/detail/geofence_result__type_support.hpp\n'}
[1.291097] (px4_msgs) StdoutLine: {'line': b'-- Up-to-date: /home/harsh/ros2_project/install/px4_msgs/include/px4_msgs/px4_msgs/msg/detail/irlock_report__builder.hpp\n'}
[1.291136] (px4_msgs) StdoutLine: {'line': b'-- Up-to-date: /home/harsh/ros2_project/install/px4_msgs/include/px4_msgs/px4_msgs/msg/detail/failsafe_flags__traits.hpp\n'}
[1.291177] (px4_msgs) StdoutLine: {'line': b'-- Up-to-date: /home/harsh/ros2_project/install/px4_msgs/include/px4_msgs/px4_msgs/msg/detail/vehicle_air_data__builder.hpp\n'}
[1.291219] (px4_msgs) StdoutLine: {'line': b'-- Up-to-date: /home/harsh/ros2_project/install/px4_msgs/include/px4_msgs/px4_msgs/msg/detail/action_request__traits.hpp\n'}
[1.291267] (px4_msgs) StdoutLine: {'line': b'-- Up-to-date: /home/harsh/ros2_project/install/px4_msgs/include/px4_msgs/px4_msgs/msg/detail/estimator_status_flags__type_support.hpp\n'}
[1.291303] (px4_msgs) StdoutLine: {'line': b'-- Up-to-date: /home/harsh/ros2_project/install/px4_msgs/include/px4_msgs/px4_msgs/msg/detail/sensor_gyro_fifo__struct.hpp\n'}
[1.291368] (px4_msgs) StdoutLine: {'line': b'-- Up-to-date: /home/harsh/ros2_project/install/px4_msgs/include/px4_msgs/px4_msgs/msg/detail/debug_value__type_support.hpp\n'}
[1.291404] (px4_msgs) StdoutLine: {'line': b'-- Up-to-date: /home/harsh/ros2_project/install/px4_msgs/include/px4_msgs/px4_msgs/msg/detail/vehicle_optical_flow__builder.hpp\n'}
[1.291439] (px4_msgs) StdoutLine: {'line': b'-- Up-to-date: /home/harsh/ros2_project/install/px4_msgs/include/px4_msgs/px4_msgs/msg/detail/wheel_encoders__struct.hpp\n'}
[1.291481] (px4_msgs) StdoutLine: {'line': b'-- Up-to-date: /home/harsh/ros2_project/install/px4_msgs/include/px4_msgs/px4_msgs/msg/detail/home_position__type_support.hpp\n'}
[1.291515] (px4_msgs) StdoutLine: {'line': b'-- Up-to-date: /home/harsh/ros2_project/install/px4_msgs/include/px4_msgs/px4_msgs/msg/detail/velocity_limits__type_support.hpp\n'}
[1.291548] (px4_msgs) StdoutLine: {'line': b'-- Up-to-date: /home/harsh/ros2_project/install/px4_msgs/include/px4_msgs/px4_msgs/msg/detail/unregister_ext_component__type_support.hpp\n'}
[1.291585] (px4_msgs) StdoutLine: {'line': b'-- Up-to-date: /home/harsh/ros2_project/install/px4_msgs/include/px4_msgs/px4_msgs/msg/detail/estimator_status_flags__traits.hpp\n'}
[1.291615] (px4_msgs) StdoutLine: {'line': b'-- Up-to-date: /home/harsh/ros2_project/install/px4_msgs/include/px4_msgs/px4_msgs/msg/detail/landing_target_innovations__type_support.hpp\n'}
[1.291649] (px4_msgs) StdoutLine: {'line': b'-- Up-to-date: /home/harsh/ros2_project/install/px4_msgs/include/px4_msgs/px4_msgs/msg/detail/rtl_time_estimate__traits.hpp\n'}
[1.291682] (px4_msgs) StdoutLine: {'line': b'-- Up-to-date: /home/harsh/ros2_project/install/px4_msgs/include/px4_msgs/px4_msgs/msg/detail/sensor_preflight_mag__struct.hpp\n'}
[1.291721] (px4_msgs) StdoutLine: {'line': b'-- Up-to-date: /home/harsh/ros2_project/install/px4_msgs/include/px4_msgs/px4_msgs/msg/detail/parameter_set_value_response__type_support.hpp\n'}
[1.291767] (px4_msgs) StdoutLine: {'line': b'-- Up-to-date: /home/harsh/ros2_project/install/px4_msgs/include/px4_msgs/px4_msgs/msg/detail/onboard_computer_status__type_support.hpp\n'}
[1.291808] (px4_msgs) StdoutLine: {'line': b'-- Up-to-date: /home/harsh/ros2_project/install/px4_msgs/include/px4_msgs/px4_msgs/msg/detail/failsafe_flags__type_support.hpp\n'}
[1.291848] (px4_msgs) StdoutLine: {'line': b'-- Up-to-date: /home/harsh/ros2_project/install/px4_msgs/include/px4_msgs/px4_msgs/msg/detail/parameter_set_value_response__struct.hpp\n'}
[1.291901] (px4_msgs) StdoutLine: {'line': b'-- Up-to-date: /home/harsh/ros2_project/install/px4_msgs/include/px4_msgs/px4_msgs/msg/detail/debug_array__builder.hpp\n'}
[1.291948] (px4_msgs) StdoutLine: {'line': b'-- Up-to-date: /home/harsh/ros2_project/install/px4_msgs/include/px4_msgs/px4_msgs/msg/detail/uavcan_parameter_value__struct.hpp\n'}
[1.291992] (px4_msgs) StdoutLine: {'line': b'-- Up-to-date: /home/harsh/ros2_project/install/px4_msgs/include/px4_msgs/px4_msgs/msg/detail/sensor_gnss_relative__type_support.hpp\n'}
[1.292044] (px4_msgs) StdoutLine: {'line': b'-- Up-to-date: /home/harsh/ros2_project/install/px4_msgs/include/px4_msgs/px4_msgs/msg/detail/actuator_controls_status__struct.hpp\n'}
[1.292096] (px4_msgs) StdoutLine: {'line': b'-- Up-to-date: /home/harsh/ros2_project/install/px4_msgs/include/px4_msgs/px4_msgs/msg/detail/autotune_attitude_control_status__type_support.hpp\n'}
[1.292138] (px4_msgs) StdoutLine: {'line': b'-- Up-to-date: /home/harsh/ros2_project/install/px4_msgs/include/px4_msgs/px4_msgs/msg/detail/estimator_bias3d__type_support.hpp\n'}
[1.292190] (px4_msgs) StdoutLine: {'line': b'-- Up-to-date: /home/harsh/ros2_project/install/px4_msgs/include/px4_msgs/px4_msgs/msg/detail/ekf2_timestamps__type_support.hpp\n'}
[1.292236] (px4_msgs) StdoutLine: {'line': b'-- Up-to-date: /home/harsh/ros2_project/install/px4_msgs/include/px4_msgs/px4_msgs/msg/detail/actuator_outputs__struct.hpp\n'}
[1.292280] (px4_msgs) StdoutLine: {'line': b'-- Up-to-date: /home/harsh/ros2_project/install/px4_msgs/include/px4_msgs/px4_msgs/msg/detail/qshell_req__traits.hpp\n'}
[1.292333] (px4_msgs) StdoutLine: {'line': b'-- Up-to-date: /home/harsh/ros2_project/install/px4_msgs/include/px4_msgs/px4_msgs/msg/detail/landing_gear_wheel__struct.hpp\n'}
[1.292386] (px4_msgs) StdoutLine: {'line': b'-- Up-to-date: /home/harsh/ros2_project/install/px4_msgs/include/px4_msgs/px4_msgs/msg/detail/adc_report__type_support.hpp\n'}
[1.292429] (px4_msgs) StdoutLine: {'line': b'-- Up-to-date: /home/harsh/ros2_project/install/px4_msgs/include/px4_msgs/px4_msgs/msg/detail/sensor_gyro_fft__struct.hpp\n'}
[1.292467] (px4_msgs) StdoutLine: {'line': b'-- Up-to-date: /home/harsh/ros2_project/install/px4_msgs/include/px4_msgs/px4_msgs/msg/detail/ekf2_timestamps__traits.hpp\n'}
[1.292504] (px4_msgs) StdoutLine: {'line': b'-- Up-to-date: /home/harsh/ros2_project/install/px4_msgs/include/px4_msgs/px4_msgs/msg/detail/sensor_accel_fifo__builder.hpp\n'}
[1.292536] (px4_msgs) StdoutLine: {'line': b'-- Up-to-date: /home/harsh/ros2_project/install/px4_msgs/include/px4_msgs/px4_msgs/msg/detail/sensor_baro__builder.hpp\n'}
[1.292575] (px4_msgs) StdoutLine: {'line': b'-- Up-to-date: /home/harsh/ros2_project/install/px4_msgs/include/px4_msgs/px4_msgs/msg/detail/control_allocator_status__type_support.hpp\n'}
[1.292607] (px4_msgs) StdoutLine: {'line': b'-- Up-to-date: /home/harsh/ros2_project/install/px4_msgs/include/px4_msgs/px4_msgs/msg/detail/qshell_retval__traits.hpp\n'}
[1.292640] (px4_msgs) StdoutLine: {'line': b'-- Up-to-date: /home/harsh/ros2_project/install/px4_msgs/include/px4_msgs/px4_msgs/msg/detail/vehicle_roi__builder.hpp\n'}
[1.292672] (px4_msgs) StdoutLine: {'line': b'-- Up-to-date: /home/harsh/ros2_project/install/px4_msgs/include/px4_msgs/px4_msgs/msg/detail/position_setpoint_triplet__type_support.hpp\n'}
[1.292705] (px4_msgs) StdoutLine: {'line': b'-- Up-to-date: /home/harsh/ros2_project/install/px4_msgs/include/px4_msgs/px4_msgs/msg/detail/parameter_reset_request__struct.hpp\n'}
[1.292738] (px4_msgs) StdoutLine: {'line': b'-- Up-to-date: /home/harsh/ros2_project/install/px4_msgs/include/px4_msgs/px4_msgs/msg/detail/ulog_stream__traits.hpp\n'}
[1.292774] (px4_msgs) StdoutLine: {'line': b'-- Up-to-date: /home/harsh/ros2_project/install/px4_msgs/include/px4_msgs/px4_msgs/msg/detail/vehicle_torque_setpoint__struct.hpp\n'}
[1.292806] (px4_msgs) StdoutLine: {'line': b'-- Up-to-date: /home/harsh/ros2_project/install/px4_msgs/include/px4_msgs/px4_msgs/msg/detail/actuator_servos_trim__struct.hpp\n'}
[1.292837] (px4_msgs) StdoutLine: {'line': b'-- Up-to-date: /home/harsh/ros2_project/install/px4_msgs/include/px4_msgs/px4_msgs/msg/detail/actuator_test__struct.hpp\n'}
[1.292869] (px4_msgs) StdoutLine: {'line': b'-- Up-to-date: /home/harsh/ros2_project/install/px4_msgs/include/px4_msgs/px4_msgs/msg/detail/vehicle_imu__struct.hpp\n'}
[1.292903] (px4_msgs) StdoutLine: {'line': b'-- Up-to-date: /home/harsh/ros2_project/install/px4_msgs/include/px4_msgs/px4_msgs/msg/detail/mag_worker_data__traits.hpp\n'}
[1.292937] (px4_msgs) StdoutLine: {'line': b'-- Up-to-date: /home/harsh/ros2_project/install/px4_msgs/include/px4_msgs/px4_msgs/msg/detail/qshell_req__builder.hpp\n'}
[1.292971] (px4_msgs) StdoutLine: {'line': b'-- Up-to-date: /home/harsh/ros2_project/install/px4_msgs/include/px4_msgs/px4_msgs/msg/detail/mission__builder.hpp\n'}
[1.293006] (px4_msgs) StdoutLine: {'line': b'-- Up-to-date: /home/harsh/ros2_project/install/px4_msgs/include/px4_msgs/px4_msgs/msg/detail/estimator_aid_source2d__traits.hpp\n'}
[1.293040] (px4_msgs) StdoutLine: {'line': b'-- Up-to-date: /home/harsh/ros2_project/install/px4_msgs/include/px4_msgs/px4_msgs/msg/detail/manual_control_setpoint__traits.hpp\n'}
[1.293073] (px4_msgs) StdoutLine: {'line': b'-- Up-to-date: /home/harsh/ros2_project/install/px4_msgs/include/px4_msgs/px4_msgs/msg/detail/vehicle_magnetometer__builder.hpp\n'}
[1.293108] (px4_msgs) StdoutLine: {'line': b'-- Up-to-date: /home/harsh/ros2_project/install/px4_msgs/include/px4_msgs/px4_msgs/msg/detail/power_monitor__type_support.hpp\n'}
[1.293143] (px4_msgs) StdoutLine: {'line': b'-- Up-to-date: /home/harsh/ros2_project/install/px4_msgs/include/px4_msgs/px4_msgs/msg/detail/sensor_selection__type_support.hpp\n'}
[1.293177] (px4_msgs) StdoutLine: {'line': b'-- Up-to-date: /home/harsh/ros2_project/install/px4_msgs/include/px4_msgs/px4_msgs/msg/detail/vehicle_status__struct.hpp\n'}
[1.293212] (px4_msgs) StdoutLine: {'line': b'-- Up-to-date: /home/harsh/ros2_project/install/px4_msgs/include/px4_msgs/px4_msgs/msg/detail/flight_phase_estimation__traits.hpp\n'}
[1.293246] (px4_msgs) StdoutLine: {'line': b'-- Up-to-date: /home/harsh/ros2_project/install/px4_msgs/include/px4_msgs/px4_msgs/msg/detail/airspeed_wind__type_support.hpp\n'}
[1.293279] (px4_msgs) StdoutLine: {'line': b'-- Up-to-date: /home/harsh/ros2_project/install/px4_msgs/include/px4_msgs/px4_msgs/msg/detail/transponder_report__builder.hpp\n'}
[1.293314] (px4_msgs) StdoutLine: {'line': b'-- Up-to-date: /home/harsh/ros2_project/install/px4_msgs/include/px4_msgs/px4_msgs/msg/detail/actuator_servos__type_support.hpp\n'}
[1.293365] (px4_msgs) StdoutLine: {'line': b'-- Up-to-date: /home/harsh/ros2_project/install/px4_msgs/include/px4_msgs/px4_msgs/msg/detail/trajectory_setpoint__builder.hpp\n'}
[1.293401] (px4_msgs) StdoutLine: {'line': b'-- Up-to-date: /home/harsh/ros2_project/install/px4_msgs/include/px4_msgs/px4_msgs/msg/detail/estimator_states__traits.hpp\n'}
[1.293436] (px4_msgs) StdoutLine: {'line': b'-- Up-to-date: /home/harsh/ros2_project/install/px4_msgs/include/px4_msgs/px4_msgs/msg/detail/rtl_status__type_support.hpp\n'}
[1.293469] (px4_msgs) StdoutLine: {'line': b'-- Up-to-date: /home/harsh/ros2_project/install/px4_msgs/include/px4_msgs/px4_msgs/msg/detail/irlock_report__struct.hpp\n'}
[1.293503] (px4_msgs) StdoutLine: {'line': b'-- Up-to-date: /home/harsh/ros2_project/install/px4_msgs/include/px4_msgs/px4_msgs/msg/detail/qshell_req__struct.hpp\n'}
[1.293537] (px4_msgs) StdoutLine: {'line': b'-- Up-to-date: /home/harsh/ros2_project/install/px4_msgs/include/px4_msgs/px4_msgs/msg/detail/esc_status__traits.hpp\n'}
[1.293571] (px4_msgs) StdoutLine: {'line': b'-- Up-to-date: /home/harsh/ros2_project/install/px4_msgs/include/px4_msgs/px4_msgs/msg/detail/mode_completed__struct.hpp\n'}
[1.293605] (px4_msgs) StdoutLine: {'line': b'-- Up-to-date: /home/harsh/ros2_project/install/px4_msgs/include/px4_msgs/px4_msgs/msg/detail/vehicle_air_data__struct.hpp\n'}
[1.293639] (px4_msgs) StdoutLine: {'line': b'-- Up-to-date: /home/harsh/ros2_project/install/px4_msgs/include/px4_msgs/px4_msgs/msg/detail/vehicle_command__struct.hpp\n'}
[1.293673] (px4_msgs) StdoutLine: {'line': b'-- Up-to-date: /home/harsh/ros2_project/install/px4_msgs/include/px4_msgs/px4_msgs/msg/detail/orb_test__type_support.hpp\n'}
[1.293706] (px4_msgs) StdoutLine: {'line': b'-- Up-to-date: /home/harsh/ros2_project/install/px4_msgs/include/px4_msgs/px4_msgs/msg/detail/pwm_input__struct.hpp\n'}
[1.293740] (px4_msgs) StdoutLine: {'line': b'-- Up-to-date: /home/harsh/ros2_project/install/px4_msgs/include/px4_msgs/px4_msgs/msg/detail/rtl_status__struct.hpp\n'}
[1.293774] (px4_msgs) StdoutLine: {'line': b'-- Up-to-date: /home/harsh/ros2_project/install/px4_msgs/include/px4_msgs/px4_msgs/msg/detail/sensors_status__builder.hpp\n'}
[1.293809] (px4_msgs) StdoutLine: {'line': b'-- Up-to-date: /home/harsh/ros2_project/install/px4_msgs/include/px4_msgs/px4_msgs/msg/detail/mavlink_log__struct.hpp\n'}
[1.293843] (px4_msgs) StdoutLine: {'line': b'-- Up-to-date: /home/harsh/ros2_project/install/px4_msgs/include/px4_msgs/px4_msgs/msg/detail/manual_control_setpoint__builder.hpp\n'}
[1.293876] (px4_msgs) StdoutLine: {'line': b'-- Up-to-date: /home/harsh/ros2_project/install/px4_msgs/include/px4_msgs/px4_msgs/msg/detail/px4io_status__struct.hpp\n'}
[1.293912] (px4_msgs) StdoutLine: {'line': b'-- Up-to-date: /home/harsh/ros2_project/install/px4_msgs/include/px4_msgs/px4_msgs/msg/detail/launch_detection_status__traits.hpp\n'}
[1.293945] (px4_msgs) StdoutLine: {'line': b'-- Up-to-date: /home/harsh/ros2_project/install/px4_msgs/include/px4_msgs/px4_msgs/msg/detail/actuator_servos__traits.hpp\n'}
[1.293977] (px4_msgs) StdoutLine: {'line': b'-- Up-to-date: /home/harsh/ros2_project/install/px4_msgs/include/px4_msgs/px4_msgs/msg/detail/config_overrides__builder.hpp\n'}
[1.294010] (px4_msgs) StdoutLine: {'line': b'-- Up-to-date: /home/harsh/ros2_project/install/px4_msgs/include/px4_msgs/px4_msgs/msg/detail/satellite_info__traits.hpp\n'}
[1.294042] (px4_msgs) StdoutLine: {'line': b'-- Up-to-date: /home/harsh/ros2_project/install/px4_msgs/include/px4_msgs/px4_msgs/msg/detail/gimbal_device_information__type_support.hpp\n'}
[1.294074] (px4_msgs) StdoutLine: {'line': b'-- Up-to-date: /home/harsh/ros2_project/install/px4_msgs/include/px4_msgs/px4_msgs/msg/detail/sensor_gyro_fifo__builder.hpp\n'}
[1.294106] (px4_msgs) StdoutLine: {'line': b'-- Up-to-date: /home/harsh/ros2_project/install/px4_msgs/include/px4_msgs/px4_msgs/msg/detail/mode_completed__type_support.hpp\n'}
[1.294138] (px4_msgs) StdoutLine: {'line': b'-- Up-to-date: /home/harsh/ros2_project/install/px4_msgs/include/px4_msgs/px4_msgs/msg/detail/vehicle_thrust_setpoint__traits.hpp\n'}
[1.294174] (px4_msgs) StdoutLine: {'line': b'-- Up-to-date: /home/harsh/ros2_project/install/px4_msgs/include/px4_msgs/px4_msgs/msg/detail/dataman_request__traits.hpp\n'}
[1.294209] (px4_msgs) StdoutLine: {'line': b'-- Up-to-date: /home/harsh/ros2_project/install/px4_msgs/include/px4_msgs/px4_msgs/msg/detail/sensor_correction__type_support.hpp\n'}
[1.294244] (px4_msgs) StdoutLine: {'line': b'-- Up-to-date: /home/harsh/ros2_project/install/px4_msgs/include/px4_msgs/px4_msgs/msg/detail/uavcan_parameter_value__builder.hpp\n'}
[1.294280] (px4_msgs) StdoutLine: {'line': b'-- Up-to-date: /home/harsh/ros2_project/install/px4_msgs/include/px4_msgs/px4_msgs/msg/detail/debug_array__struct.hpp\n'}
[1.294314] (px4_msgs) StdoutLine: {'line': b'-- Up-to-date: /home/harsh/ros2_project/install/px4_msgs/include/px4_msgs/px4_msgs/msg/detail/gimbal_controls__traits.hpp\n'}
[1.294362] (px4_msgs) StdoutLine: {'line': b'-- Up-to-date: /home/harsh/ros2_project/install/px4_msgs/include/px4_msgs/px4_msgs/msg/detail/position_setpoint_triplet__struct.hpp\n'}
[1.294400] (px4_msgs) StdoutLine: {'line': b'-- Up-to-date: /home/harsh/ros2_project/install/px4_msgs/include/px4_msgs/px4_msgs/msg/detail/rpm__builder.hpp\n'}
[1.294436] (px4_msgs) StdoutLine: {'line': b'-- Up-to-date: /home/harsh/ros2_project/install/px4_msgs/include/px4_msgs/px4_msgs/msg/detail/sensor_preflight_mag__traits.hpp\n'}
[1.294470] (px4_msgs) StdoutLine: {'line': b'-- Up-to-date: /home/harsh/ros2_project/install/px4_msgs/include/px4_msgs/px4_msgs/msg/detail/airspeed_wind__struct.hpp\n'}
[1.294507] (px4_msgs) StdoutLine: {'line': b'-- Up-to-date: /home/harsh/ros2_project/install/px4_msgs/include/px4_msgs/px4_msgs/msg/detail/sensor_gps__struct.hpp\n'}
[1.294543] (px4_msgs) StdoutLine: {'line': b'-- Up-to-date: /home/harsh/ros2_project/install/px4_msgs/include/px4_msgs/px4_msgs/msg/detail/sensors_status__traits.hpp\n'}
[1.294580] (px4_msgs) StdoutLine: {'line': b'-- Up-to-date: /home/harsh/ros2_project/install/px4_msgs/include/px4_msgs/px4_msgs/msg/detail/gripper__type_support.hpp\n'}
[1.294616] (px4_msgs) StdoutLine: {'line': b'-- Up-to-date: /home/harsh/ros2_project/install/px4_msgs/include/px4_msgs/px4_msgs/msg/detail/can_interface_status__struct.hpp\n'}
[1.294651] (px4_msgs) StdoutLine: {'line': b'-- Up-to-date: /home/harsh/ros2_project/install/px4_msgs/include/px4_msgs/px4_msgs/msg/detail/sensor_preflight_mag__type_support.hpp\n'}
[1.294685] (px4_msgs) StdoutLine: {'line': b'-- Up-to-date: /home/harsh/ros2_project/install/px4_msgs/include/px4_msgs/px4_msgs/msg/detail/task_stack_info__struct.hpp\n'}
[1.294721] (px4_msgs) StdoutLine: {'line': b'-- Up-to-date: /home/harsh/ros2_project/install/px4_msgs/include/px4_msgs/px4_msgs/msg/detail/esc_status__builder.hpp\n'}
[1.294757] (px4_msgs) StdoutLine: {'line': b'-- Up-to-date: /home/harsh/ros2_project/install/px4_msgs/include/px4_msgs/px4_msgs/msg/detail/magnetometer_bias_estimate__traits.hpp\n'}
[1.294793] (px4_msgs) StdoutLine: {'line': b'-- Up-to-date: /home/harsh/ros2_project/install/px4_msgs/include/px4_msgs/px4_msgs/msg/detail/ulog_stream_ack__type_support.hpp\n'}
[1.294829] (px4_msgs) StdoutLine: {'line': b'-- Up-to-date: /home/harsh/ros2_project/install/px4_msgs/include/px4_msgs/px4_msgs/msg/detail/position_controller_status__struct.hpp\n'}
[1.294867] (px4_msgs) StdoutLine: {'line': b'-- Up-to-date: /home/harsh/ros2_project/install/px4_msgs/include/px4_msgs/px4_msgs/msg/detail/transponder_report__traits.hpp\n'}
[1.294903] (px4_msgs) StdoutLine: {'line': b'-- Up-to-date: /home/harsh/ros2_project/install/px4_msgs/include/px4_msgs/px4_msgs/msg/detail/mount_orientation__builder.hpp\n'}
[1.294940] (px4_msgs) StdoutLine: {'line': b'-- Up-to-date: /home/harsh/ros2_project/install/px4_msgs/include/px4_msgs/px4_msgs/msg/detail/position_controller_landing_status__type_support.hpp\n'}
[1.294978] (px4_msgs) StdoutLine: {'line': b'-- Up-to-date: /home/harsh/ros2_project/install/px4_msgs/include/px4_msgs/px4_msgs/msg/detail/uavcan_parameter_value__type_support.hpp\n'}
[1.295017] (px4_msgs) StdoutLine: {'line': b'-- Up-to-date: /home/harsh/ros2_project/install/px4_msgs/include/px4_msgs/px4_msgs/msg/detail/mag_worker_data__struct.hpp\n'}
[1.295058] (px4_msgs) StdoutLine: {'line': b'-- Up-to-date: /home/harsh/ros2_project/install/px4_msgs/include/px4_msgs/px4_msgs/msg/detail/button_event__struct.hpp\n'}
[1.295101] (px4_msgs) StdoutLine: {'line': b'-- Up-to-date: /home/harsh/ros2_project/install/px4_msgs/include/px4_msgs/px4_msgs/msg/detail/sensor_mag__type_support.hpp\n'}
[1.295142] (px4_msgs) StdoutLine: {'line': b'-- Up-to-date: /home/harsh/ros2_project/install/px4_msgs/include/px4_msgs/px4_msgs/msg/detail/gimbal_manager_information__type_support.hpp\n'}
[1.295182] (px4_msgs) StdoutLine: {'line': b'-- Up-to-date: /home/harsh/ros2_project/install/px4_msgs/include/px4_msgs/px4_msgs/msg/detail/gpio_request__type_support.hpp\n'}
[1.295221] (px4_msgs) StdoutLine: {'line': b'-- Up-to-date: /home/harsh/ros2_project/install/px4_msgs/include/px4_msgs/px4_msgs/msg/detail/sensor_accel__traits.hpp\n'}
[1.295260] (px4_msgs) StdoutLine: {'line': b'-- Up-to-date: /home/harsh/ros2_project/install/px4_msgs/include/px4_msgs/px4_msgs/msg/detail/vehicle_command_ack__struct.hpp\n'}
[1.295299] (px4_msgs) StdoutLine: {'line': b'-- Up-to-date: /home/harsh/ros2_project/install/px4_msgs/include/px4_msgs/px4_msgs/msg/detail/config_overrides__traits.hpp\n'}
[1.295350] (px4_msgs) StdoutLine: {'line': b'-- Up-to-date: /home/harsh/ros2_project/install/px4_msgs/include/px4_msgs/px4_msgs/msg/detail/autotune_attitude_control_status__builder.hpp\n'}
[1.295392] (px4_msgs) StdoutLine: {'line': b'-- Up-to-date: /home/harsh/ros2_project/install/px4_msgs/include/px4_msgs/px4_msgs/msg/detail/debug_array__traits.hpp\n'}
[1.295432] (px4_msgs) StdoutLine: {'line': b'-- Up-to-date: /home/harsh/ros2_project/install/px4_msgs/include/px4_msgs/px4_msgs/msg/detail/vehicle_attitude__builder.hpp\n'}
[1.295472] (px4_msgs) StdoutLine: {'line': b'-- Up-to-date: /home/harsh/ros2_project/install/px4_msgs/include/px4_msgs/px4_msgs/msg/detail/button_event__builder.hpp\n'}
[1.295514] (px4_msgs) StdoutLine: {'line': b'-- Up-to-date: /home/harsh/ros2_project/install/px4_msgs/include/px4_msgs/px4_msgs/msg/detail/arming_check_reply__struct.hpp\n'}
[1.295556] (px4_msgs) StdoutLine: {'line': b'-- Up-to-date: /home/harsh/ros2_project/install/px4_msgs/include/px4_msgs/px4_msgs/msg/detail/flight_phase_estimation__type_support.hpp\n'}
[1.295597] (px4_msgs) StdoutLine: {'line': b'-- Up-to-date: /home/harsh/ros2_project/install/px4_msgs/include/px4_msgs/px4_msgs/msg/detail/vehicle_command__builder.hpp\n'}
[1.295637] (px4_msgs) StdoutLine: {'line': b'-- Up-to-date: /home/harsh/ros2_project/install/px4_msgs/include/px4_msgs/px4_msgs/msg/detail/vehicle_imu__type_support.hpp\n'}
[1.295677] (px4_msgs) StdoutLine: {'line': b'-- Up-to-date: /home/harsh/ros2_project/install/px4_msgs/include/px4_msgs/px4_msgs/msg/detail/distance_sensor__type_support.hpp\n'}
[1.295717] (px4_msgs) StdoutLine: {'line': b'-- Up-to-date: /home/harsh/ros2_project/install/px4_msgs/include/px4_msgs/px4_msgs/msg/detail/collision_report__builder.hpp\n'}
[1.295757] (px4_msgs) StdoutLine: {'line': b'-- Up-to-date: /home/harsh/ros2_project/install/px4_msgs/include/px4_msgs/px4_msgs/msg/detail/airspeed_wind__traits.hpp\n'}
[1.295798] (px4_msgs) StdoutLine: {'line': b'-- Up-to-date: /home/harsh/ros2_project/install/px4_msgs/include/px4_msgs/px4_msgs/msg/detail/power_button_state__type_support.hpp\n'}
[1.295837] (px4_msgs) StdoutLine: {'line': b'-- Up-to-date: /home/harsh/ros2_project/install/px4_msgs/include/px4_msgs/px4_msgs/msg/detail/vehicle_acceleration__struct.hpp\n'}
[1.295877] (px4_msgs) StdoutLine: {'line': b'-- Up-to-date: /home/harsh/ros2_project/install/px4_msgs/include/px4_msgs/px4_msgs/msg/detail/vehicle_acceleration__builder.hpp\n'}
[1.295916] (px4_msgs) StdoutLine: {'line': b'-- Up-to-date: /home/harsh/ros2_project/install/px4_msgs/include/px4_msgs/px4_msgs/msg/detail/pps_capture__builder.hpp\n'}
[1.295957] (px4_msgs) StdoutLine: {'line': b'-- Up-to-date: /home/harsh/ros2_project/install/px4_msgs/include/px4_msgs/px4_msgs/msg/detail/vehicle_optical_flow__type_support.hpp\n'}
[1.295999] (px4_msgs) StdoutLine: {'line': b'-- Up-to-date: /home/harsh/ros2_project/install/px4_msgs/include/px4_msgs/px4_msgs/msg/detail/esc_report__type_support.hpp\n'}
[1.296039] (px4_msgs) StdoutLine: {'line': b'-- Up-to-date: /home/harsh/ros2_project/install/px4_msgs/include/px4_msgs/px4_msgs/msg/detail/ping__traits.hpp\n'}
[1.296081] (px4_msgs) StdoutLine: {'line': b'-- Up-to-date: /home/harsh/ros2_project/install/px4_msgs/include/px4_msgs/px4_msgs/msg/detail/estimator_status__struct.hpp\n'}
[1.296123] (px4_msgs) StdoutLine: {'line': b'-- Up-to-date: /home/harsh/ros2_project/install/px4_msgs/include/px4_msgs/px4_msgs/msg/detail/vehicle_global_position__struct.hpp\n'}
[1.296166] (px4_msgs) StdoutLine: {'line': b'-- Up-to-date: /home/harsh/ros2_project/install/px4_msgs/include/px4_msgs/px4_msgs/msg/detail/vehicle_torque_setpoint__builder.hpp\n'}
[1.296207] (px4_msgs) StdoutLine: {'line': b'-- Up-to-date: /home/harsh/ros2_project/install/px4_msgs/include/px4_msgs/px4_msgs/msg/detail/orb_test_large__builder.hpp\n'}
[1.296250] (px4_msgs) StdoutLine: {'line': b'-- Up-to-date: /home/harsh/ros2_project/install/px4_msgs/include/px4_msgs/px4_msgs/msg/detail/offboard_control_mode__struct.hpp\n'}
[1.296289] (px4_msgs) StdoutLine: {'line': b'-- Up-to-date: /home/harsh/ros2_project/install/px4_msgs/include/px4_msgs/px4_msgs/msg/detail/sensor_hygrometer__builder.hpp\n'}
[1.296339] (px4_msgs) StdoutLine: {'line': b'-- Up-to-date: /home/harsh/ros2_project/install/px4_msgs/include/px4_msgs/px4_msgs/msg/detail/camera_status__builder.hpp\n'}
[1.296387] (px4_msgs) StdoutLine: {'line': b'-- Up-to-date: /home/harsh/ros2_project/install/px4_msgs/include/px4_msgs/px4_msgs/msg/detail/estimator_states__type_support.hpp\n'}
[1.296431] (px4_msgs) StdoutLine: {'line': b'-- Up-to-date: /home/harsh/ros2_project/install/px4_msgs/include/px4_msgs/px4_msgs/msg/detail/tune_control__type_support.hpp\n'}
[1.296470] (px4_msgs) StdoutLine: {'line': b'-- Up-to-date: /home/harsh/ros2_project/install/px4_msgs/include/px4_msgs/px4_msgs/msg/detail/vehicle_trajectory_waypoint__type_support.hpp\n'}
[1.296511] (px4_msgs) StdoutLine: {'line': b'-- Up-to-date: /home/harsh/ros2_project/install/px4_msgs/include/px4_msgs/px4_msgs/msg/detail/arming_check_reply__type_support.hpp\n'}
[1.296551] (px4_msgs) StdoutLine: {'line': b'-- Up-to-date: /home/harsh/ros2_project/install/px4_msgs/include/px4_msgs/px4_msgs/msg/detail/parameter_set_used_request__struct.hpp\n'}
[1.296590] (px4_msgs) StdoutLine: {'line': b'-- Up-to-date: /home/harsh/ros2_project/install/px4_msgs/include/px4_msgs/px4_msgs/msg/detail/generator_status__type_support.hpp\n'}
[1.296630] (px4_msgs) StdoutLine: {'line': b'-- Up-to-date: /home/harsh/ros2_project/install/px4_msgs/include/px4_msgs/px4_msgs/msg/detail/rtl_time_estimate__struct.hpp\n'}
[1.296671] (px4_msgs) StdoutLine: {'line': b'-- Up-to-date: /home/harsh/ros2_project/install/px4_msgs/include/px4_msgs/px4_msgs/msg/detail/vehicle_optical_flow__struct.hpp\n'}
[1.296710] (px4_msgs) StdoutLine: {'line': b'-- Up-to-date: /home/harsh/ros2_project/install/px4_msgs/include/px4_msgs/px4_msgs/msg/detail/mavlink_log__builder.hpp\n'}
[1.296751] (px4_msgs) StdoutLine: {'line': b'-- Up-to-date: /home/harsh/ros2_project/install/px4_msgs/include/px4_msgs/px4_msgs/msg/detail/gimbal_device_set_attitude__struct.hpp\n'}
[1.296789] (px4_msgs) StdoutLine: {'line': b'-- Up-to-date: /home/harsh/ros2_project/install/px4_msgs/include/px4_msgs/px4_msgs/msg/detail/action_request__type_support.hpp\n'}
[1.296830] (px4_msgs) StdoutLine: {'line': b'-- Up-to-date: /home/harsh/ros2_project/install/px4_msgs/include/px4_msgs/px4_msgs/msg/detail/input_rc__traits.hpp\n'}
[1.296870] (px4_msgs) StdoutLine: {'line': b'-- Up-to-date: /home/harsh/ros2_project/install/px4_msgs/include/px4_msgs/px4_msgs/msg/detail/debug_vect__type_support.hpp\n'}
[1.296911] (px4_msgs) StdoutLine: {'line': b'-- Up-to-date: /home/harsh/ros2_project/install/px4_msgs/include/px4_msgs/px4_msgs/msg/detail/differential_pressure__traits.hpp\n'}
[1.296951] (px4_msgs) StdoutLine: {'line': b'-- Up-to-date: /home/harsh/ros2_project/install/px4_msgs/include/px4_msgs/px4_msgs/msg/detail/rtl_status__traits.hpp\n'}
[1.296998] (px4_msgs) StdoutLine: {'line': b'-- Up-to-date: /home/harsh/ros2_project/install/px4_msgs/include/px4_msgs/px4_msgs/msg/detail/ulog_stream__struct.hpp\n'}
[1.297041] (px4_msgs) StdoutLine: {'line': b'-- Up-to-date: /home/harsh/ros2_project/install/px4_msgs/include/px4_msgs/px4_msgs/msg/detail/register_ext_component_reply__struct.hpp\n'}
[1.297084] (px4_msgs) StdoutLine: {'line': b'-- Up-to-date: /home/harsh/ros2_project/install/px4_msgs/include/px4_msgs/px4_msgs/msg/detail/debug_vect__traits.hpp\n'}
[1.297125] (px4_msgs) StdoutLine: {'line': b'-- Up-to-date: /home/harsh/ros2_project/install/px4_msgs/include/px4_msgs/px4_msgs/msg/detail/vehicle_attitude_setpoint__builder.hpp\n'}
[1.297166] (px4_msgs) StdoutLine: {'line': b'-- Up-to-date: /home/harsh/ros2_project/install/px4_msgs/include/px4_msgs/px4_msgs/msg/detail/manual_control_switches__type_support.hpp\n'}
[1.297208] (px4_msgs) StdoutLine: {'line': b'-- Up-to-date: /home/harsh/ros2_project/install/px4_msgs/include/px4_msgs/px4_msgs/msg/detail/radio_status__traits.hpp\n'}
[1.297251] (px4_msgs) StdoutLine: {'line': b'-- Up-to-date: /home/harsh/ros2_project/install/px4_msgs/include/px4_msgs/px4_msgs/msg/detail/geofence_result__struct.hpp\n'}
[1.297292] (px4_msgs) StdoutLine: {'line': b'-- Up-to-date: /home/harsh/ros2_project/install/px4_msgs/include/px4_msgs/px4_msgs/msg/detail/radio_status__struct.hpp\n'}
[1.297343] (px4_msgs) StdoutLine: {'line': b'-- Up-to-date: /home/harsh/ros2_project/install/px4_msgs/include/px4_msgs/px4_msgs/msg/detail/can_interface_status__traits.hpp\n'}
[1.297390] (px4_msgs) StdoutLine: {'line': b'-- Up-to-date: /home/harsh/ros2_project/install/px4_msgs/include/px4_msgs/px4_msgs/msg/detail/adc_report__traits.hpp\n'}
[1.297431] (px4_msgs) StdoutLine: {'line': b'-- Up-to-date: /home/harsh/ros2_project/install/px4_msgs/include/px4_msgs/px4_msgs/msg/detail/system_power__traits.hpp\n'}
[1.297472] (px4_msgs) StdoutLine: {'line': b'-- Up-to-date: /home/harsh/ros2_project/install/px4_msgs/include/px4_msgs/px4_msgs/msg/detail/estimator_innovations__type_support.hpp\n'}
[1.297514] (px4_msgs) StdoutLine: {'line': b'-- Up-to-date: /home/harsh/ros2_project/install/px4_msgs/include/px4_msgs/px4_msgs/msg/detail/follow_target_estimator__type_support.hpp\n'}
[1.297556] (px4_msgs) StdoutLine: {'line': b'-- Up-to-date: /home/harsh/ros2_project/install/px4_msgs/include/px4_msgs/px4_msgs/msg/detail/orb_test__builder.hpp\n'}
[1.297598] (px4_msgs) StdoutLine: {'line': b'-- Up-to-date: /home/harsh/ros2_project/install/px4_msgs/include/px4_msgs/px4_msgs/msg/detail/buffer128__builder.hpp\n'}
[1.297639] (px4_msgs) StdoutLine: {'line': b'-- Up-to-date: /home/harsh/ros2_project/install/px4_msgs/include/px4_msgs/px4_msgs/msg/detail/event__struct.hpp\n'}
[1.297679] (px4_msgs) StdoutLine: {'line': b'-- Up-to-date: /home/harsh/ros2_project/install/px4_msgs/include/px4_msgs/px4_msgs/msg/detail/system_power__type_support.hpp\n'}
[1.297721] (px4_msgs) StdoutLine: {'line': b'-- Up-to-date: /home/harsh/ros2_project/install/px4_msgs/include/px4_msgs/px4_msgs/msg/detail/vehicle_angular_velocity__builder.hpp\n'}
[1.297762] (px4_msgs) StdoutLine: {'line': b'-- Up-to-date: /home/harsh/ros2_project/install/px4_msgs/include/px4_msgs/px4_msgs/msg/detail/transponder_report__type_support.hpp\n'}
[1.297807] (px4_msgs) StdoutLine: {'line': b'-- Up-to-date: /home/harsh/ros2_project/install/px4_msgs/include/px4_msgs/px4_msgs/msg/detail/pps_capture__struct.hpp\n'}
[1.297848] (px4_msgs) StdoutLine: {'line': b'-- Up-to-date: /home/harsh/ros2_project/install/px4_msgs/include/px4_msgs/px4_msgs/msg/detail/sensor_selection__traits.hpp\n'}
[1.297888] (px4_msgs) StdoutLine: {'line': b'-- Up-to-date: /home/harsh/ros2_project/install/px4_msgs/include/px4_msgs/px4_msgs/msg/detail/magnetometer_bias_estimate__builder.hpp\n'}
[1.297931] (px4_msgs) StdoutLine: {'line': b'-- Up-to-date: /home/harsh/ros2_project/install/px4_msgs/include/px4_msgs/px4_msgs/msg/detail/parameter_set_value_request__struct.hpp\n'}
[1.297974] (px4_msgs) StdoutLine: {'line': b'-- Up-to-date: /home/harsh/ros2_project/install/px4_msgs/include/px4_msgs/px4_msgs/msg/detail/follow_target__traits.hpp\n'}
[1.298015] (px4_msgs) StdoutLine: {'line': b'-- Up-to-date: /home/harsh/ros2_project/install/px4_msgs/include/px4_msgs/px4_msgs/msg/detail/camera_status__traits.hpp\n'}
[1.298057] (px4_msgs) StdoutLine: {'line': b'-- Up-to-date: /home/harsh/ros2_project/install/px4_msgs/include/px4_msgs/px4_msgs/msg/detail/cellular_status__type_support.hpp\n'}
[1.298100] (px4_msgs) StdoutLine: {'line': b'-- Up-to-date: /home/harsh/ros2_project/install/px4_msgs/include/px4_msgs/px4_msgs/msg/detail/sensor_gyro__type_support.hpp\n'}
[1.298142] (px4_msgs) StdoutLine: {'line': b'-- Up-to-date: /home/harsh/ros2_project/install/px4_msgs/include/px4_msgs/px4_msgs/msg/detail/sensor_accel__type_support.hpp\n'}
[1.298184] (px4_msgs) StdoutLine: {'line': b'-- Up-to-date: /home/harsh/ros2_project/install/px4_msgs/include/px4_msgs/px4_msgs/msg/detail/register_ext_component_request__builder.hpp\n'}
[1.298227] (px4_msgs) StdoutLine: {'line': b'-- Up-to-date: /home/harsh/ros2_project/install/px4_msgs/include/px4_msgs/px4_msgs/msg/detail/arming_check_request__traits.hpp\n'}
[1.298271] (px4_msgs) StdoutLine: {'line': b'-- Up-to-date: /home/harsh/ros2_project/install/px4_msgs/include/px4_msgs/px4_msgs/msg/detail/vehicle_local_position_setpoint__builder.hpp\n'}
[1.298314] (px4_msgs) StdoutLine: {'line': b'-- Up-to-date: /home/harsh/ros2_project/install/px4_msgs/include/px4_msgs/px4_msgs/msg/detail/cellular_status__builder.hpp\n'}
[1.298372] (px4_msgs) StdoutLine: {'line': b'-- Up-to-date: /home/harsh/ros2_project/install/px4_msgs/include/px4_msgs/px4_msgs/msg/detail/airspeed__builder.hpp\n'}
[1.298418] (px4_msgs) StdoutLine: {'line': b'-- Up-to-date: /home/harsh/ros2_project/install/px4_msgs/include/px4_msgs/px4_msgs/msg/detail/follow_target__builder.hpp\n'}
[1.298463] (px4_msgs) StdoutLine: {'line': b'-- Up-to-date: /home/harsh/ros2_project/install/px4_msgs/include/px4_msgs/px4_msgs/msg/detail/sensor_baro__struct.hpp\n'}
[1.298506] (px4_msgs) StdoutLine: {'line': b'-- Up-to-date: /home/harsh/ros2_project/install/px4_msgs/include/px4_msgs/px4_msgs/msg/detail/sensor_correction__struct.hpp\n'}
[1.298550] (px4_msgs) StdoutLine: {'line': b'-- Up-to-date: /home/harsh/ros2_project/install/px4_msgs/include/px4_msgs/px4_msgs/msg/detail/follow_target_estimator__struct.hpp\n'}
[1.298594] (px4_msgs) StdoutLine: {'line': b'-- Up-to-date: /home/harsh/ros2_project/install/px4_msgs/include/px4_msgs/px4_msgs/msg/detail/gripper__struct.hpp\n'}
[1.298638] (px4_msgs) StdoutLine: {'line': b'-- Up-to-date: /home/harsh/ros2_project/install/px4_msgs/include/px4_msgs/px4_msgs/msg/detail/sensor_gnss_relative__struct.hpp\n'}
[1.298681] (px4_msgs) StdoutLine: {'line': b'-- Up-to-date: /home/harsh/ros2_project/install/px4_msgs/include/px4_msgs/px4_msgs/msg/detail/failure_detector_status__struct.hpp\n'}
[1.298724] (px4_msgs) StdoutLine: {'line': b'-- Up-to-date: /home/harsh/ros2_project/install/px4_msgs/include/px4_msgs/px4_msgs/msg/detail/estimator_aid_source3d__builder.hpp\n'}
[1.298766] (px4_msgs) StdoutLine: {'line': b'-- Up-to-date: /home/harsh/ros2_project/install/px4_msgs/include/px4_msgs/px4_msgs/msg/detail/telemetry_status__struct.hpp\n'}
[1.298809] (px4_msgs) StdoutLine: {'line': b'-- Up-to-date: /home/harsh/ros2_project/install/px4_msgs/include/px4_msgs/px4_msgs/msg/detail/gimbal_manager_status__struct.hpp\n'}
[1.298850] (px4_msgs) StdoutLine: {'line': b'-- Up-to-date: /home/harsh/ros2_project/install/px4_msgs/include/px4_msgs/px4_msgs/msg/detail/landing_target_pose__builder.hpp\n'}
[1.298892] (px4_msgs) StdoutLine: {'line': b'-- Up-to-date: /home/harsh/ros2_project/install/px4_msgs/include/px4_msgs/px4_msgs/msg/detail/follow_target_status__traits.hpp\n'}
[1.298933] (px4_msgs) StdoutLine: {'line': b'-- Up-to-date: /home/harsh/ros2_project/install/px4_msgs/include/px4_msgs/px4_msgs/msg/detail/sensors_status_imu__builder.hpp\n'}
[1.298973] (px4_msgs) StdoutLine: {'line': b'-- Up-to-date: /home/harsh/ros2_project/install/px4_msgs/include/px4_msgs/px4_msgs/msg/detail/internal_combustion_engine_status__type_support.hpp\n'}
[1.299017] (px4_msgs) StdoutLine: {'line': b'-- Up-to-date: /home/harsh/ros2_project/install/px4_msgs/include/px4_msgs/px4_msgs/msg/detail/autotune_attitude_control_status__struct.hpp\n'}
[1.299060] (px4_msgs) StdoutLine: {'line': b'-- Up-to-date: /home/harsh/ros2_project/install/px4_msgs/include/px4_msgs/px4_msgs/msg/detail/launch_detection_status__builder.hpp\n'}
[1.299102] (px4_msgs) StdoutLine: {'line': b'-- Up-to-date: /home/harsh/ros2_project/install/px4_msgs/include/px4_msgs/px4_msgs/msg/detail/actuator_servos_trim__traits.hpp\n'}
[1.299144] (px4_msgs) StdoutLine: {'line': b'-- Up-to-date: /home/harsh/ros2_project/install/px4_msgs/include/px4_msgs/px4_msgs/msg/detail/system_power__struct.hpp\n'}
[1.299191] (px4_msgs) StdoutLine: {'line': b'-- Up-to-date: /home/harsh/ros2_project/install/px4_msgs/include/px4_msgs/px4_msgs/msg/detail/vehicle_land_detected__struct.hpp\n'}
[1.299235] (px4_msgs) StdoutLine: {'line': b'-- Up-to-date: /home/harsh/ros2_project/install/px4_msgs/include/px4_msgs/px4_msgs/msg/detail/estimator_bias__type_support.hpp\n'}
[1.299279] (px4_msgs) StdoutLine: {'line': b'-- Up-to-date: /home/harsh/ros2_project/install/px4_msgs/include/px4_msgs/px4_msgs/msg/detail/vehicle_roi__struct.hpp\n'}
[1.299328] (px4_msgs) StdoutLine: {'line': b'-- Up-to-date: /home/harsh/ros2_project/install/px4_msgs/include/px4_msgs/px4_msgs/msg/detail/pwm_input__traits.hpp\n'}
[1.299380] (px4_msgs) StdoutLine: {'line': b'-- Up-to-date: /home/harsh/ros2_project/install/px4_msgs/include/px4_msgs/px4_msgs/msg/detail/position_setpoint__type_support.hpp\n'}
[1.299426] (px4_msgs) StdoutLine: {'line': b'-- Up-to-date: /home/harsh/ros2_project/install/px4_msgs/include/px4_msgs/px4_msgs/msg/detail/rc_parameter_map__builder.hpp\n'}
[1.299471] (px4_msgs) StdoutLine: {'line': b'-- Up-to-date: /home/harsh/ros2_project/install/px4_msgs/include/px4_msgs/px4_msgs/msg/detail/vehicle_constraints__builder.hpp\n'}
[1.299514] (px4_msgs) StdoutLine: {'line': b'-- Up-to-date: /home/harsh/ros2_project/install/px4_msgs/include/px4_msgs/px4_msgs/msg/detail/sensor_gyro_fft__builder.hpp\n'}
[1.299557] (px4_msgs) StdoutLine: {'line': b'-- Up-to-date: /home/harsh/ros2_project/install/px4_msgs/include/px4_msgs/px4_msgs/msg/detail/velocity_limits__struct.hpp\n'}
[1.299601] (px4_msgs) StdoutLine: {'line': b'-- Up-to-date: /home/harsh/ros2_project/install/px4_msgs/include/px4_msgs/px4_msgs/msg/detail/message_format_response__struct.hpp\n'}
[1.299643] (px4_msgs) StdoutLine: {'line': b'-- Up-to-date: /home/harsh/ros2_project/install/px4_msgs/include/px4_msgs/px4_msgs/msg/detail/parameter_update__type_support.hpp\n'}
[1.299685] (px4_msgs) StdoutLine: {'line': b'-- Up-to-date: /home/harsh/ros2_project/install/px4_msgs/include/px4_msgs/px4_msgs/msg/detail/estimator_sensor_bias__traits.hpp\n'}
[1.299727] (px4_msgs) StdoutLine: {'line': b'-- Up-to-date: /home/harsh/ros2_project/install/px4_msgs/include/px4_msgs/px4_msgs/msg/detail/geofence_result__traits.hpp\n'}
[1.299769] (px4_msgs) StdoutLine: {'line': b'-- Up-to-date: /home/harsh/ros2_project/install/px4_msgs/include/px4_msgs/px4_msgs/msg/detail/gimbal_manager_set_manual_control__struct.hpp\n'}
[1.299812] (px4_msgs) StdoutLine: {'line': b'-- Up-to-date: /home/harsh/ros2_project/install/px4_msgs/include/px4_msgs/px4_msgs/msg/detail/vehicle_local_position_setpoint__traits.hpp\n'}
[1.299854] (px4_msgs) StdoutLine: {'line': b'-- Up-to-date: /home/harsh/ros2_project/install/px4_msgs/include/px4_msgs/px4_msgs/msg/detail/sensor_mag__struct.hpp\n'}
[1.299895] (px4_msgs) StdoutLine: {'line': b'-- Up-to-date: /home/harsh/ros2_project/install/px4_msgs/include/px4_msgs/px4_msgs/msg/detail/debug_key_value__builder.hpp\n'}
[1.299938] (px4_msgs) StdoutLine: {'line': b'-- Up-to-date: /home/harsh/ros2_project/install/px4_msgs/include/px4_msgs/px4_msgs/msg/detail/differential_drive_setpoint__type_support.hpp\n'}
[1.299981] (px4_msgs) StdoutLine: {'line': b'-- Up-to-date: /home/harsh/ros2_project/install/px4_msgs/include/px4_msgs/px4_msgs/msg/detail/vehicle_constraints__struct.hpp\n'}
[1.300027] (px4_msgs) StdoutLine: {'line': b'-- Up-to-date: /home/harsh/ros2_project/install/px4_msgs/include/px4_msgs/px4_msgs/msg/detail/vehicle_constraints__traits.hpp\n'}
[1.300069] (px4_msgs) StdoutLine: {'line': b'-- Up-to-date: /home/harsh/ros2_project/install/px4_msgs/include/px4_msgs/px4_msgs/msg/detail/mission_result__type_support.hpp\n'}
[1.300110] (px4_msgs) StdoutLine: {'line': b'-- Up-to-date: /home/harsh/ros2_project/install/px4_msgs/include/px4_msgs/px4_msgs/msg/detail/orbit_status__traits.hpp\n'}
[1.300152] (px4_msgs) StdoutLine: {'line': b'-- Up-to-date: /home/harsh/ros2_project/install/px4_msgs/include/px4_msgs/px4_msgs/msg/detail/sensor_hygrometer__type_support.hpp\n'}
[1.300194] (px4_msgs) StdoutLine: {'line': b'-- Up-to-date: /home/harsh/ros2_project/install/px4_msgs/include/px4_msgs/px4_msgs/msg/detail/unregister_ext_component__builder.hpp\n'}
[1.300235] (px4_msgs) StdoutLine: {'line': b'-- Up-to-date: /home/harsh/ros2_project/install/px4_msgs/include/px4_msgs/px4_msgs/msg/detail/buffer128__traits.hpp\n'}
[1.300276] (px4_msgs) StdoutLine: {'line': b'-- Up-to-date: /home/harsh/ros2_project/install/px4_msgs/include/px4_msgs/px4_msgs/msg/detail/yaw_estimator_status__builder.hpp\n'}
[1.300318] (px4_msgs) StdoutLine: {'line': b'-- Up-to-date: /home/harsh/ros2_project/install/px4_msgs/include/px4_msgs/px4_msgs/msg/detail/button_event__traits.hpp\n'}
[1.300375] (px4_msgs) StdoutLine: {'line': b'-- Up-to-date: /home/harsh/ros2_project/install/px4_msgs/include/px4_msgs/px4_msgs/msg/detail/ekf2_timestamps__struct.hpp\n'}
[1.300419] (px4_msgs) StdoutLine: {'line': b'-- Up-to-date: /home/harsh/ros2_project/install/px4_msgs/include/px4_msgs/px4_msgs/msg/detail/sensor_gyro_fft__type_support.hpp\n'}
[1.300460] (px4_msgs) StdoutLine: {'line': b'-- Up-to-date: /home/harsh/ros2_project/install/px4_msgs/include/px4_msgs/px4_msgs/msg/detail/landing_target_innovations__traits.hpp\n'}
[1.300504] (px4_msgs) StdoutLine: {'line': b'-- Up-to-date: /home/harsh/ros2_project/install/px4_msgs/include/px4_msgs/px4_msgs/msg/detail/gimbal_manager_set_attitude__traits.hpp\n'}
[1.300547] (px4_msgs) StdoutLine: {'line': b'-- Up-to-date: /home/harsh/ros2_project/install/px4_msgs/include/px4_msgs/px4_msgs/msg/detail/launch_detection_status__struct.hpp\n'}
[1.300589] (px4_msgs) StdoutLine: {'line': b'-- Up-to-date: /home/harsh/ros2_project/install/px4_msgs/include/px4_msgs/px4_msgs/msg/detail/vehicle_roi__traits.hpp\n'}
[1.300636] (px4_msgs) StdoutLine: {'line': b'-- Up-to-date: /home/harsh/ros2_project/install/px4_msgs/include/px4_msgs/px4_msgs/msg/detail/distance_sensor__traits.hpp\n'}
[1.300677] (px4_msgs) StdoutLine: {'line': b'-- Up-to-date: /home/harsh/ros2_project/install/px4_msgs/include/px4_msgs/px4_msgs/msg/detail/position_setpoint__builder.hpp\n'}
[1.300721] (px4_msgs) StdoutLine: {'line': b'-- Up-to-date: /home/harsh/ros2_project/install/px4_msgs/include/px4_msgs/px4_msgs/msg/detail/estimator_aid_source2d__builder.hpp\n'}
[1.300764] (px4_msgs) StdoutLine: {'line': b'-- Up-to-date: /home/harsh/ros2_project/install/px4_msgs/include/px4_msgs/px4_msgs/msg/detail/landing_target_pose__traits.hpp\n'}
[1.300808] (px4_msgs) StdoutLine: {'line': b'-- Up-to-date: /home/harsh/ros2_project/install/px4_msgs/include/px4_msgs/px4_msgs/msg/detail/esc_report__struct.hpp\n'}
[1.300856] (px4_msgs) StdoutLine: {'line': b'-- Up-to-date: /home/harsh/ros2_project/install/px4_msgs/include/px4_msgs/px4_msgs/msg/detail/sensor_accel_fifo__struct.hpp\n'}
[1.300900] (px4_msgs) StdoutLine: {'line': b'-- Up-to-date: /home/harsh/ros2_project/install/px4_msgs/include/px4_msgs/px4_msgs/msg/detail/orb_test_large__struct.hpp\n'}
[1.300944] (px4_msgs) StdoutLine: {'line': b'-- Up-to-date: /home/harsh/ros2_project/install/px4_msgs/include/px4_msgs/px4_msgs/msg/detail/actuator_armed__builder.hpp\n'}
[1.300986] (px4_msgs) StdoutLine: {'line': b'-- Up-to-date: /home/harsh/ros2_project/install/px4_msgs/include/px4_msgs/px4_msgs/msg/detail/figure_eight_status__struct.hpp\n'}
[1.301031] (px4_msgs) StdoutLine: {'line': b'-- Up-to-date: /home/harsh/ros2_project/install/px4_msgs/include/px4_msgs/px4_msgs/msg/detail/buffer128__type_support.hpp\n'}
[1.301075] (px4_msgs) StdoutLine: {'line': b'-- Up-to-date: /home/harsh/ros2_project/install/px4_msgs/include/px4_msgs/px4_msgs/msg/detail/uavcan_parameter_request__builder.hpp\n'}
[1.301118] (px4_msgs) StdoutLine: {'line': b'-- Up-to-date: /home/harsh/ros2_project/install/px4_msgs/include/px4_msgs/px4_msgs/msg/detail/vehicle_trajectory_waypoint__traits.hpp\n'}
[1.301164] (px4_msgs) StdoutLine: {'line': b'-- Up-to-date: /home/harsh/ros2_project/install/px4_msgs/include/px4_msgs/px4_msgs/msg/detail/gpio_in__type_support.hpp\n'}
[1.301209] (px4_msgs) StdoutLine: {'line': b'-- Up-to-date: /home/harsh/ros2_project/install/px4_msgs/include/px4_msgs/px4_msgs/msg/detail/gimbal_manager_set_manual_control__type_support.hpp\n'}
[1.301253] (px4_msgs) StdoutLine: {'line': b'-- Up-to-date: /home/harsh/ros2_project/install/px4_msgs/include/px4_msgs/px4_msgs/msg/detail/rtl_time_estimate__type_support.hpp\n'}
[1.301295] (px4_msgs) StdoutLine: {'line': b'-- Up-to-date: /home/harsh/ros2_project/install/px4_msgs/include/px4_msgs/px4_msgs/msg/detail/debug_value__struct.hpp\n'}
[1.301353] (px4_msgs) StdoutLine: {'line': b'-- Up-to-date: /home/harsh/ros2_project/install/px4_msgs/include/px4_msgs/px4_msgs/msg/detail/parameter_set_value_response__builder.hpp\n'}
[1.301402] (px4_msgs) StdoutLine: {'line': b'-- Up-to-date: /home/harsh/ros2_project/install/px4_msgs/include/px4_msgs/px4_msgs/msg/detail/gimbal_device_attitude_status__type_support.hpp\n'}
[1.301445] (px4_msgs) StdoutLine: {'line': b'-- Up-to-date: /home/harsh/ros2_project/install/px4_msgs/include/px4_msgs/px4_msgs/msg/detail/vehicle_attitude_setpoint__struct.hpp\n'}
[1.301489] (px4_msgs) StdoutLine: {'line': b'-- Up-to-date: /home/harsh/ros2_project/install/px4_msgs/include/px4_msgs/px4_msgs/msg/detail/actuator_test__builder.hpp\n'}
[1.301532] (px4_msgs) StdoutLine: {'line': b'-- Up-to-date: /home/harsh/ros2_project/install/px4_msgs/include/px4_msgs/px4_msgs/msg/detail/vehicle_imu_status__type_support.hpp\n'}
[1.301574] (px4_msgs) StdoutLine: {'line': b'-- Up-to-date: /home/harsh/ros2_project/install/px4_msgs/include/px4_msgs/px4_msgs/msg/detail/sensor_gnss_relative__builder.hpp\n'}
[1.301617] (px4_msgs) StdoutLine: {'line': b'-- Up-to-date: /home/harsh/ros2_project/install/px4_msgs/include/px4_msgs/px4_msgs/msg/detail/iridiumsbd_status__builder.hpp\n'}
[1.301660] (px4_msgs) StdoutLine: {'line': b'-- Up-to-date: /home/harsh/ros2_project/install/px4_msgs/include/px4_msgs/px4_msgs/msg/detail/rpm__traits.hpp\n'}
[1.301703] (px4_msgs) StdoutLine: {'line': b'-- Up-to-date: /home/harsh/ros2_project/install/px4_msgs/include/px4_msgs/px4_msgs/msg/detail/gpio_request__struct.hpp\n'}
[1.301747] (px4_msgs) StdoutLine: {'line': b'-- Up-to-date: /home/harsh/ros2_project/install/px4_msgs/include/px4_msgs/px4_msgs/msg/detail/message_format_response__builder.hpp\n'}
[1.301789] (px4_msgs) StdoutLine: {'line': b'-- Up-to-date: /home/harsh/ros2_project/install/px4_msgs/include/px4_msgs/px4_msgs/msg/detail/gpio_out__type_support.hpp\n'}
[1.301832] (px4_msgs) StdoutLine: {'line': b'-- Up-to-date: /home/harsh/ros2_project/install/px4_msgs/include/px4_msgs/px4_msgs/msg/detail/internal_combustion_engine_status__builder.hpp\n'}
[1.301876] (px4_msgs) StdoutLine: {'line': b'-- Up-to-date: /home/harsh/ros2_project/install/px4_msgs/include/px4_msgs/px4_msgs/msg/detail/gimbal_device_set_attitude__builder.hpp\n'}
[1.301917] (px4_msgs) StdoutLine: {'line': b'-- Up-to-date: /home/harsh/ros2_project/install/px4_msgs/include/px4_msgs/px4_msgs/msg/detail/battery_status__type_support.hpp\n'}
[1.301959] (px4_msgs) StdoutLine: {'line': b'-- Up-to-date: /home/harsh/ros2_project/install/px4_msgs/include/px4_msgs/px4_msgs/msg/detail/parameter_set_value_request__builder.hpp\n'}
[1.302000] (px4_msgs) StdoutLine: {'line': b'-- Up-to-date: /home/harsh/ros2_project/install/px4_msgs/include/px4_msgs/px4_msgs/msg/detail/vehicle_command__traits.hpp\n'}
[1.302048] (px4_msgs) StdoutLine: {'line': b'-- Up-to-date: /home/harsh/ros2_project/install/px4_msgs/include/px4_msgs/px4_msgs/msg/detail/collision_constraints__traits.hpp\n'}
[1.302093] (px4_msgs) StdoutLine: {'line': b'-- Up-to-date: /home/harsh/ros2_project/install/px4_msgs/include/px4_msgs/px4_msgs/msg/detail/wheel_encoders__builder.hpp\n'}
[1.302136] (px4_msgs) StdoutLine: {'line': b'-- Up-to-date: /home/harsh/ros2_project/install/px4_msgs/include/px4_msgs/px4_msgs/msg/detail/actuator_motors__struct.hpp\n'}
[1.302179] (px4_msgs) StdoutLine: {'line': b'-- Up-to-date: /home/harsh/ros2_project/install/px4_msgs/include/px4_msgs/px4_msgs/msg/detail/vehicle_global_position__type_support.hpp\n'}
[1.302223] (px4_msgs) StdoutLine: {'line': b'-- Up-to-date: /home/harsh/ros2_project/install/px4_msgs/include/px4_msgs/px4_msgs/msg/detail/sensor_selection__builder.hpp\n'}
[1.302265] (px4_msgs) StdoutLine: {'line': b'-- Up-to-date: /home/harsh/ros2_project/install/px4_msgs/include/px4_msgs/px4_msgs/msg/detail/parameter_set_used_request__builder.hpp\n'}
[1.302307] (px4_msgs) StdoutLine: {'line': b'-- Up-to-date: /home/harsh/ros2_project/install/px4_msgs/include/px4_msgs/px4_msgs/msg/detail/landing_gear__struct.hpp\n'}
[1.302365] (px4_msgs) StdoutLine: {'line': b'-- Up-to-date: /home/harsh/ros2_project/install/px4_msgs/include/px4_msgs/px4_msgs/msg/detail/debug_key_value__struct.hpp\n'}
[1.302411] (px4_msgs) StdoutLine: {'line': b'-- Up-to-date: /home/harsh/ros2_project/install/px4_msgs/include/px4_msgs/px4_msgs/msg/detail/vehicle_control_mode__builder.hpp\n'}
[1.302455] (px4_msgs) StdoutLine: {'line': b'-- Up-to-date: /home/harsh/ros2_project/install/px4_msgs/include/px4_msgs/px4_msgs/msg/detail/vehicle_imu_status__builder.hpp\n'}
[1.302498] (px4_msgs) StdoutLine: {'line': b'-- Up-to-date: /home/harsh/ros2_project/install/px4_msgs/include/px4_msgs/px4_msgs/msg/detail/vehicle_control_mode__struct.hpp\n'}
[1.302543] (px4_msgs) StdoutLine: {'line': b'-- Up-to-date: /home/harsh/ros2_project/install/px4_msgs/include/px4_msgs/px4_msgs/msg/detail/autotune_attitude_control_status__traits.hpp\n'}
[1.302588] (px4_msgs) StdoutLine: {'line': b'-- Up-to-date: /home/harsh/ros2_project/install/px4_msgs/include/px4_msgs/px4_msgs/msg/detail/sensor_gyro_fifo__type_support.hpp\n'}
[1.302632] (px4_msgs) StdoutLine: {'line': b'-- Up-to-date: /home/harsh/ros2_project/install/px4_msgs/include/px4_msgs/px4_msgs/msg/detail/navigator_mission_item__type_support.hpp\n'}
[1.302676] (px4_msgs) StdoutLine: {'line': b'-- Up-to-date: /home/harsh/ros2_project/install/px4_msgs/include/px4_msgs/px4_msgs/msg/vehicle_air_data.hpp\n'}
[1.302719] (px4_msgs) StdoutLine: {'line': b'-- Up-to-date: /home/harsh/ros2_project/install/px4_msgs/include/px4_msgs/px4_msgs/srv\n'}
[1.302762] (px4_msgs) StdoutLine: {'line': b'-- Up-to-date: /home/harsh/ros2_project/install/px4_msgs/include/px4_msgs/px4_msgs/srv/vehicle_command.hpp\n'}
[1.302805] (px4_msgs) StdoutLine: {'line': b'-- Up-to-date: /home/harsh/ros2_project/install/px4_msgs/include/px4_msgs/px4_msgs/srv/detail\n'}
[1.302848] (px4_msgs) StdoutLine: {'line': b'-- Up-to-date: /home/harsh/ros2_project/install/px4_msgs/include/px4_msgs/px4_msgs/srv/detail/vehicle_command__type_support.hpp\n'}
[1.302891] (px4_msgs) StdoutLine: {'line': b'-- Up-to-date: /home/harsh/ros2_project/install/px4_msgs/include/px4_msgs/px4_msgs/srv/detail/vehicle_command__struct.hpp\n'}
[1.302936] (px4_msgs) StdoutLine: {'line': b'-- Up-to-date: /home/harsh/ros2_project/install/px4_msgs/include/px4_msgs/px4_msgs/srv/detail/vehicle_command__builder.hpp\n'}
[1.302981] (px4_msgs) StdoutLine: {'line': b'-- Up-to-date: /home/harsh/ros2_project/install/px4_msgs/include/px4_msgs/px4_msgs/srv/detail/vehicle_command__traits.hpp\n'}
[1.303026] (px4_msgs) StdoutLine: {'line': b'-- Up-to-date: /home/harsh/ros2_project/install/px4_msgs/include/px4_msgs/px4_msgs\n'}
[1.303074] (px4_msgs) StdoutLine: {'line': b'-- Up-to-date: /home/harsh/ros2_project/install/px4_msgs/include/px4_msgs/px4_msgs/msg\n'}
[1.303119] (px4_msgs) StdoutLine: {'line': b'-- Up-to-date: /home/harsh/ros2_project/install/px4_msgs/include/px4_msgs/px4_msgs/msg/rosidl_typesupport_fastrtps_cpp__visibility_control.h\n'}
[1.303167] (-) TimerEvent: {}
[1.303252] (px4_msgs) StdoutLine: {'line': b'-- Up-to-date: /home/harsh/ros2_project/install/px4_msgs/include/px4_msgs/px4_msgs/msg/detail\n'}
[1.303310] (px4_msgs) StdoutLine: {'line': b'-- Up-to-date: /home/harsh/ros2_project/install/px4_msgs/include/px4_msgs/px4_msgs/msg/detail/task_stack_info__rosidl_typesupport_fastrtps_cpp.hpp\n'}
[1.303376] (px4_msgs) StdoutLine: {'line': b'-- Up-to-date: /home/harsh/ros2_project/install/px4_msgs/include/px4_msgs/px4_msgs/msg/detail/vehicle_optical_flow_vel__rosidl_typesupport_fastrtps_cpp.hpp\n'}
[1.303423] (px4_msgs) StdoutLine: {'line': b'-- Up-to-date: /home/harsh/ros2_project/install/px4_msgs/include/px4_msgs/px4_msgs/msg/detail/navigator_mission_item__rosidl_typesupport_fastrtps_cpp.hpp\n'}
[1.303468] (px4_msgs) StdoutLine: {'line': b'-- Up-to-date: /home/harsh/ros2_project/install/px4_msgs/include/px4_msgs/px4_msgs/msg/detail/landing_target_innovations__rosidl_typesupport_fastrtps_cpp.hpp\n'}
[1.303514] (px4_msgs) StdoutLine: {'line': b'-- Up-to-date: /home/harsh/ros2_project/install/px4_msgs/include/px4_msgs/px4_msgs/msg/detail/camera_status__rosidl_typesupport_fastrtps_cpp.hpp\n'}
[1.303558] (px4_msgs) StdoutLine: {'line': b'-- Up-to-date: /home/harsh/ros2_project/install/px4_msgs/include/px4_msgs/px4_msgs/msg/detail/distance_sensor__rosidl_typesupport_fastrtps_cpp.hpp\n'}
[1.303610] (px4_msgs) StdoutLine: {'line': b'-- Up-to-date: /home/harsh/ros2_project/install/px4_msgs/include/px4_msgs/px4_msgs/msg/detail/arming_check_request__rosidl_typesupport_fastrtps_cpp.hpp\n'}
[1.303659] (px4_msgs) StdoutLine: {'line': b'-- Up-to-date: /home/harsh/ros2_project/install/px4_msgs/include/px4_msgs/px4_msgs/msg/detail/actuator_controls_status__rosidl_typesupport_fastrtps_cpp.hpp\n'}
[1.303704] (px4_msgs) StdoutLine: {'line': b'-- Up-to-date: /home/harsh/ros2_project/install/px4_msgs/include/px4_msgs/px4_msgs/msg/detail/debug_array__rosidl_typesupport_fastrtps_cpp.hpp\n'}
[1.303748] (px4_msgs) StdoutLine: {'line': b'-- Up-to-date: /home/harsh/ros2_project/install/px4_msgs/include/px4_msgs/px4_msgs/msg/detail/geofence_status__rosidl_typesupport_fastrtps_cpp.hpp\n'}
[1.303793] (px4_msgs) StdoutLine: {'line': b'-- Up-to-date: /home/harsh/ros2_project/install/px4_msgs/include/px4_msgs/px4_msgs/msg/detail/gimbal_controls__rosidl_typesupport_fastrtps_cpp.hpp\n'}
[1.303838] (px4_msgs) StdoutLine: {'line': b'-- Up-to-date: /home/harsh/ros2_project/install/px4_msgs/include/px4_msgs/px4_msgs/msg/detail/onboard_computer_status__rosidl_typesupport_fastrtps_cpp.hpp\n'}
[1.303882] (px4_msgs) StdoutLine: {'line': b'-- Up-to-date: /home/harsh/ros2_project/install/px4_msgs/include/px4_msgs/px4_msgs/msg/detail/buffer128__rosidl_typesupport_fastrtps_cpp.hpp\n'}
[1.303928] (px4_msgs) StdoutLine: {'line': b'-- Up-to-date: /home/harsh/ros2_project/install/px4_msgs/include/px4_msgs/px4_msgs/msg/detail/obstacle_distance__rosidl_typesupport_fastrtps_cpp.hpp\n'}
[1.303974] (px4_msgs) StdoutLine: {'line': b'-- Up-to-date: /home/harsh/ros2_project/install/px4_msgs/include/px4_msgs/px4_msgs/msg/detail/vehicle_constraints__rosidl_typesupport_fastrtps_cpp.hpp\n'}
[1.304018] (px4_msgs) StdoutLine: {'line': b'-- Up-to-date: /home/harsh/ros2_project/install/px4_msgs/include/px4_msgs/px4_msgs/msg/detail/message_format_request__rosidl_typesupport_fastrtps_cpp.hpp\n'}
[1.304064] (px4_msgs) StdoutLine: {'line': b'-- Up-to-date: /home/harsh/ros2_project/install/px4_msgs/include/px4_msgs/px4_msgs/msg/detail/vehicle_local_position__rosidl_typesupport_fastrtps_cpp.hpp\n'}
[1.304110] (px4_msgs) StdoutLine: {'line': b'-- Up-to-date: /home/harsh/ros2_project/install/px4_msgs/include/px4_msgs/px4_msgs/msg/detail/input_rc__rosidl_typesupport_fastrtps_cpp.hpp\n'}
[1.304155] (px4_msgs) StdoutLine: {'line': b'-- Up-to-date: /home/harsh/ros2_project/install/px4_msgs/include/px4_msgs/px4_msgs/msg/detail/sensor_gyro_fifo__rosidl_typesupport_fastrtps_cpp.hpp\n'}
[1.304201] (px4_msgs) StdoutLine: {'line': b'-- Up-to-date: /home/harsh/ros2_project/install/px4_msgs/include/px4_msgs/px4_msgs/msg/detail/control_allocator_status__rosidl_typesupport_fastrtps_cpp.hpp\n'}
[1.304251] (px4_msgs) StdoutLine: {'line': b'-- Up-to-date: /home/harsh/ros2_project/install/px4_msgs/include/px4_msgs/px4_msgs/msg/detail/gimbal_device_information__rosidl_typesupport_fastrtps_cpp.hpp\n'}
[1.304298] (px4_msgs) StdoutLine: {'line': b'-- Up-to-date: /home/harsh/ros2_project/install/px4_msgs/include/px4_msgs/px4_msgs/msg/detail/cellular_status__rosidl_typesupport_fastrtps_cpp.hpp\n'}
[1.304361] (px4_msgs) StdoutLine: {'line': b'-- Up-to-date: /home/harsh/ros2_project/install/px4_msgs/include/px4_msgs/px4_msgs/msg/detail/differential_drive_setpoint__rosidl_typesupport_fastrtps_cpp.hpp\n'}
[1.304408] (px4_msgs) StdoutLine: {'line': b'-- Up-to-date: /home/harsh/ros2_project/install/px4_msgs/include/px4_msgs/px4_msgs/msg/detail/sensor_preflight_mag__rosidl_typesupport_fastrtps_cpp.hpp\n'}
[1.304455] (px4_msgs) StdoutLine: {'line': b'-- Up-to-date: /home/harsh/ros2_project/install/px4_msgs/include/px4_msgs/px4_msgs/msg/detail/rc_parameter_map__rosidl_typesupport_fastrtps_cpp.hpp\n'}
[1.304498] (px4_msgs) StdoutLine: {'line': b'-- Up-to-date: /home/harsh/ros2_project/install/px4_msgs/include/px4_msgs/px4_msgs/msg/detail/mavlink_log__rosidl_typesupport_fastrtps_cpp.hpp\n'}
[1.304544] (px4_msgs) StdoutLine: {'line': b'-- Up-to-date: /home/harsh/ros2_project/install/px4_msgs/include/px4_msgs/px4_msgs/msg/detail/collision_constraints__rosidl_typesupport_fastrtps_cpp.hpp\n'}
[1.304591] (px4_msgs) StdoutLine: {'line': b'-- Up-to-date: /home/harsh/ros2_project/install/px4_msgs/include/px4_msgs/px4_msgs/msg/detail/position_setpoint_triplet__rosidl_typesupport_fastrtps_cpp.hpp\n'}
[1.304634] (px4_msgs) StdoutLine: {'line': b'-- Up-to-date: /home/harsh/ros2_project/install/px4_msgs/include/px4_msgs/px4_msgs/msg/detail/vtol_vehicle_status__rosidl_typesupport_fastrtps_cpp.hpp\n'}
[1.304679] (px4_msgs) StdoutLine: {'line': b'-- Up-to-date: /home/harsh/ros2_project/install/px4_msgs/include/px4_msgs/px4_msgs/msg/detail/message_format_response__rosidl_typesupport_fastrtps_cpp.hpp\n'}
[1.304724] (px4_msgs) StdoutLine: {'line': b'-- Up-to-date: /home/harsh/ros2_project/install/px4_msgs/include/px4_msgs/px4_msgs/msg/detail/sensors_status_imu__rosidl_typesupport_fastrtps_cpp.hpp\n'}
[1.304773] (px4_msgs) StdoutLine: {'line': b'-- Up-to-date: /home/harsh/ros2_project/install/px4_msgs/include/px4_msgs/px4_msgs/msg/detail/sensor_uwb__rosidl_typesupport_fastrtps_cpp.hpp\n'}
[1.304819] (px4_msgs) StdoutLine: {'line': b'-- Up-to-date: /home/harsh/ros2_project/install/px4_msgs/include/px4_msgs/px4_msgs/msg/detail/button_event__rosidl_typesupport_fastrtps_cpp.hpp\n'}
[1.304864] (px4_msgs) StdoutLine: {'line': b'-- Up-to-date: /home/harsh/ros2_project/install/px4_msgs/include/px4_msgs/px4_msgs/msg/detail/rc_channels__rosidl_typesupport_fastrtps_cpp.hpp\n'}
[1.304915] (px4_msgs) StdoutLine: {'line': b'-- Up-to-date: /home/harsh/ros2_project/install/px4_msgs/include/px4_msgs/px4_msgs/msg/detail/qshell_retval__rosidl_typesupport_fastrtps_cpp.hpp\n'}
[1.304960] (px4_msgs) StdoutLine: {'line': b'-- Up-to-date: /home/harsh/ros2_project/install/px4_msgs/include/px4_msgs/px4_msgs/msg/detail/estimator_selector_status__rosidl_typesupport_fastrtps_cpp.hpp\n'}
[1.305008] (px4_msgs) StdoutLine: {'line': b'-- Up-to-date: /home/harsh/ros2_project/install/px4_msgs/include/px4_msgs/px4_msgs/msg/detail/sensor_baro__rosidl_typesupport_fastrtps_cpp.hpp\n'}
[1.305054] (px4_msgs) StdoutLine: {'line': b'-- Up-to-date: /home/harsh/ros2_project/install/px4_msgs/include/px4_msgs/px4_msgs/msg/detail/vehicle_land_detected__rosidl_typesupport_fastrtps_cpp.hpp\n'}
[1.305100] (px4_msgs) StdoutLine: {'line': b'-- Up-to-date: /home/harsh/ros2_project/install/px4_msgs/include/px4_msgs/px4_msgs/msg/detail/collision_report__rosidl_typesupport_fastrtps_cpp.hpp\n'}
[1.305147] (px4_msgs) StdoutLine: {'line': b'-- Up-to-date: /home/harsh/ros2_project/install/px4_msgs/include/px4_msgs/px4_msgs/msg/detail/logger_status__rosidl_typesupport_fastrtps_cpp.hpp\n'}
[1.305196] (px4_msgs) StdoutLine: {'line': b'-- Up-to-date: /home/harsh/ros2_project/install/px4_msgs/include/px4_msgs/px4_msgs/msg/detail/parameter_set_value_request__rosidl_typesupport_fastrtps_cpp.hpp\n'}
[1.305242] (px4_msgs) StdoutLine: {'line': b'-- Up-to-date: /home/harsh/ros2_project/install/px4_msgs/include/px4_msgs/px4_msgs/msg/detail/gimbal_manager_status__rosidl_typesupport_fastrtps_cpp.hpp\n'}
[1.305290] (px4_msgs) StdoutLine: {'line': b'-- Up-to-date: /home/harsh/ros2_project/install/px4_msgs/include/px4_msgs/px4_msgs/msg/detail/rpm__rosidl_typesupport_fastrtps_cpp.hpp\n'}
[1.305357] (px4_msgs) StdoutLine: {'line': b'-- Up-to-date: /home/harsh/ros2_project/install/px4_msgs/include/px4_msgs/px4_msgs/msg/detail/vehicle_status__rosidl_typesupport_fastrtps_cpp.hpp\n'}
[1.305411] (px4_msgs) StdoutLine: {'line': b'-- Up-to-date: /home/harsh/ros2_project/install/px4_msgs/include/px4_msgs/px4_msgs/msg/detail/actuator_outputs__rosidl_typesupport_fastrtps_cpp.hpp\n'}
[1.305458] (px4_msgs) StdoutLine: {'line': b'-- Up-to-date: /home/harsh/ros2_project/install/px4_msgs/include/px4_msgs/px4_msgs/msg/detail/power_button_state__rosidl_typesupport_fastrtps_cpp.hpp\n'}
[1.305503] (px4_msgs) StdoutLine: {'line': b'-- Up-to-date: /home/harsh/ros2_project/install/px4_msgs/include/px4_msgs/px4_msgs/msg/detail/trajectory_setpoint__rosidl_typesupport_fastrtps_cpp.hpp\n'}
[1.305547] (px4_msgs) StdoutLine: {'line': b'-- Up-to-date: /home/harsh/ros2_project/install/px4_msgs/include/px4_msgs/px4_msgs/msg/detail/manual_control_setpoint__rosidl_typesupport_fastrtps_cpp.hpp\n'}
[1.305594] (px4_msgs) StdoutLine: {'line': b'-- Up-to-date: /home/harsh/ros2_project/install/px4_msgs/include/px4_msgs/px4_msgs/msg/detail/health_report__rosidl_typesupport_fastrtps_cpp.hpp\n'}
[1.305637] (px4_msgs) StdoutLine: {'line': b'-- Up-to-date: /home/harsh/ros2_project/install/px4_msgs/include/px4_msgs/px4_msgs/msg/detail/sensor_gyro__rosidl_typesupport_fastrtps_cpp.hpp\n'}
[1.305682] (px4_msgs) StdoutLine: {'line': b'-- Up-to-date: /home/harsh/ros2_project/install/px4_msgs/include/px4_msgs/px4_msgs/msg/detail/register_ext_component_reply__rosidl_typesupport_fastrtps_cpp.hpp\n'}
[1.305728] (px4_msgs) StdoutLine: {'line': b'-- Up-to-date: /home/harsh/ros2_project/install/px4_msgs/include/px4_msgs/px4_msgs/msg/detail/px4io_status__rosidl_typesupport_fastrtps_cpp.hpp\n'}
[1.305772] (px4_msgs) StdoutLine: {'line': b'-- Up-to-date: /home/harsh/ros2_project/install/px4_msgs/include/px4_msgs/px4_msgs/msg/detail/mavlink_tunnel__rosidl_typesupport_fastrtps_cpp.hpp\n'}
[1.305819] (px4_msgs) StdoutLine: {'line': b'-- Up-to-date: /home/harsh/ros2_project/install/px4_msgs/include/px4_msgs/px4_msgs/msg/detail/sensor_gps__rosidl_typesupport_fastrtps_cpp.hpp\n'}
[1.305863] (px4_msgs) StdoutLine: {'line': b'-- Up-to-date: /home/harsh/ros2_project/install/px4_msgs/include/px4_msgs/px4_msgs/msg/detail/trajectory_bezier__rosidl_typesupport_fastrtps_cpp.hpp\n'}
[1.305911] (px4_msgs) StdoutLine: {'line': b'-- Up-to-date: /home/harsh/ros2_project/install/px4_msgs/include/px4_msgs/px4_msgs/msg/detail/flight_phase_estimation__rosidl_typesupport_fastrtps_cpp.hpp\n'}
[1.305957] (px4_msgs) StdoutLine: {'line': b'-- Up-to-date: /home/harsh/ros2_project/install/px4_msgs/include/px4_msgs/px4_msgs/msg/detail/dataman_request__rosidl_typesupport_fastrtps_cpp.hpp\n'}
[1.306005] (px4_msgs) StdoutLine: {'line': b'-- Up-to-date: /home/harsh/ros2_project/install/px4_msgs/include/px4_msgs/px4_msgs/msg/detail/camera_capture__rosidl_typesupport_fastrtps_cpp.hpp\n'}
[1.306050] (px4_msgs) StdoutLine: {'line': b'-- Up-to-date: /home/harsh/ros2_project/install/px4_msgs/include/px4_msgs/px4_msgs/msg/detail/sensor_accel__rosidl_typesupport_fastrtps_cpp.hpp\n'}
[1.306097] (px4_msgs) StdoutLine: {'line': b'-- Up-to-date: /home/harsh/ros2_project/install/px4_msgs/include/px4_msgs/px4_msgs/msg/detail/position_controller_status__rosidl_typesupport_fastrtps_cpp.hpp\n'}
[1.306144] (px4_msgs) StdoutLine: {'line': b'-- Up-to-date: /home/harsh/ros2_project/install/px4_msgs/include/px4_msgs/px4_msgs/msg/detail/sensor_mag__rosidl_typesupport_fastrtps_cpp.hpp\n'}
[1.306193] (px4_msgs) StdoutLine: {'line': b'-- Up-to-date: /home/harsh/ros2_project/install/px4_msgs/include/px4_msgs/px4_msgs/msg/detail/airspeed_validated__rosidl_typesupport_fastrtps_cpp.hpp\n'}
[1.306244] (px4_msgs) StdoutLine: {'line': b'-- Up-to-date: /home/harsh/ros2_project/install/px4_msgs/include/px4_msgs/px4_msgs/msg/detail/failure_detector_status__rosidl_typesupport_fastrtps_cpp.hpp\n'}
[1.306293] (px4_msgs) StdoutLine: {'line': b'-- Up-to-date: /home/harsh/ros2_project/install/px4_msgs/include/px4_msgs/px4_msgs/msg/detail/sensor_combined__rosidl_typesupport_fastrtps_cpp.hpp\n'}
[1.306359] (px4_msgs) StdoutLine: {'line': b'-- Up-to-date: /home/harsh/ros2_project/install/px4_msgs/include/px4_msgs/px4_msgs/msg/detail/vehicle_angular_acceleration_setpoint__rosidl_typesupport_fastrtps_cpp.hpp\n'}
[1.306410] (px4_msgs) StdoutLine: {'line': b'-- Up-to-date: /home/harsh/ros2_project/install/px4_msgs/include/px4_msgs/px4_msgs/msg/detail/ulog_stream__rosidl_typesupport_fastrtps_cpp.hpp\n'}
[1.306457] (px4_msgs) StdoutLine: {'line': b'-- Up-to-date: /home/harsh/ros2_project/install/px4_msgs/include/px4_msgs/px4_msgs/msg/detail/npfg_status__rosidl_typesupport_fastrtps_cpp.hpp\n'}
[1.306502] (px4_msgs) StdoutLine: {'line': b'-- Up-to-date: /home/harsh/ros2_project/install/px4_msgs/include/px4_msgs/px4_msgs/msg/detail/gripper__rosidl_typesupport_fastrtps_cpp.hpp\n'}
[1.306549] (px4_msgs) StdoutLine: {'line': b'-- Up-to-date: /home/harsh/ros2_project/install/px4_msgs/include/px4_msgs/px4_msgs/msg/detail/home_position__rosidl_typesupport_fastrtps_cpp.hpp\n'}
[1.306597] (px4_msgs) StdoutLine: {'line': b'-- Up-to-date: /home/harsh/ros2_project/install/px4_msgs/include/px4_msgs/px4_msgs/msg/detail/parameter_set_value_response__rosidl_typesupport_fastrtps_cpp.hpp\n'}
[1.306644] (px4_msgs) StdoutLine: {'line': b'-- Up-to-date: /home/harsh/ros2_project/install/px4_msgs/include/px4_msgs/px4_msgs/msg/detail/sensor_accel_fifo__rosidl_typesupport_fastrtps_cpp.hpp\n'}
[1.306692] (px4_msgs) StdoutLine: {'line': b'-- Up-to-date: /home/harsh/ros2_project/install/px4_msgs/include/px4_msgs/px4_msgs/msg/detail/landing_gear_wheel__rosidl_typesupport_fastrtps_cpp.hpp\n'}
[1.306740] (px4_msgs) StdoutLine: {'line': b'-- Up-to-date: /home/harsh/ros2_project/install/px4_msgs/include/px4_msgs/px4_msgs/msg/detail/vehicle_air_data__rosidl_typesupport_fastrtps_cpp.hpp\n'}
[1.306787] (px4_msgs) StdoutLine: {'line': b'-- Up-to-date: /home/harsh/ros2_project/install/px4_msgs/include/px4_msgs/px4_msgs/msg/detail/parameter_set_used_request__rosidl_typesupport_fastrtps_cpp.hpp\n'}
[1.306834] (px4_msgs) StdoutLine: {'line': b'-- Up-to-date: /home/harsh/ros2_project/install/px4_msgs/include/px4_msgs/px4_msgs/msg/detail/offboard_control_mode__rosidl_typesupport_fastrtps_cpp.hpp\n'}
[1.306883] (px4_msgs) StdoutLine: {'line': b'-- Up-to-date: /home/harsh/ros2_project/install/px4_msgs/include/px4_msgs/px4_msgs/msg/detail/goto_setpoint__rosidl_typesupport_fastrtps_cpp.hpp\n'}
[1.306928] (px4_msgs) StdoutLine: {'line': b'-- Up-to-date: /home/harsh/ros2_project/install/px4_msgs/include/px4_msgs/px4_msgs/msg/detail/vehicle_attitude_setpoint__rosidl_typesupport_fastrtps_cpp.hpp\n'}
[1.306974] (px4_msgs) StdoutLine: {'line': b'-- Up-to-date: /home/harsh/ros2_project/install/px4_msgs/include/px4_msgs/px4_msgs/msg/detail/estimator_aid_source1d__rosidl_typesupport_fastrtps_cpp.hpp\n'}
[1.307021] (px4_msgs) StdoutLine: {'line': b'-- Up-to-date: /home/harsh/ros2_project/install/px4_msgs/include/px4_msgs/px4_msgs/msg/detail/estimator_status__rosidl_typesupport_fastrtps_cpp.hpp\n'}
[1.307070] (px4_msgs) StdoutLine: {'line': b'-- Up-to-date: /home/harsh/ros2_project/install/px4_msgs/include/px4_msgs/px4_msgs/msg/detail/irlock_report__rosidl_typesupport_fastrtps_cpp.hpp\n'}
[1.307119] (px4_msgs) StdoutLine: {'line': b'-- Up-to-date: /home/harsh/ros2_project/install/px4_msgs/include/px4_msgs/px4_msgs/msg/detail/pwm_input__rosidl_typesupport_fastrtps_cpp.hpp\n'}
[1.307179] (px4_msgs) StdoutLine: {'line': b'-- Up-to-date: /home/harsh/ros2_project/install/px4_msgs/include/px4_msgs/px4_msgs/msg/detail/gimbal_device_attitude_status__rosidl_typesupport_fastrtps_cpp.hpp\n'}
[1.307229] (px4_msgs) StdoutLine: {'line': b'-- Up-to-date: /home/harsh/ros2_project/install/px4_msgs/include/px4_msgs/px4_msgs/msg/detail/failsafe_flags__rosidl_typesupport_fastrtps_cpp.hpp\n'}
[1.307285] (px4_msgs) StdoutLine: {'line': b'-- Up-to-date: /home/harsh/ros2_project/install/px4_msgs/include/px4_msgs/px4_msgs/msg/detail/timesync_status__rosidl_typesupport_fastrtps_cpp.hpp\n'}
[1.307350] (px4_msgs) StdoutLine: {'line': b'-- Up-to-date: /home/harsh/ros2_project/install/px4_msgs/include/px4_msgs/px4_msgs/msg/detail/velocity_limits__rosidl_typesupport_fastrtps_cpp.hpp\n'}
[1.307408] (px4_msgs) StdoutLine: {'line': b'-- Up-to-date: /home/harsh/ros2_project/install/px4_msgs/include/px4_msgs/px4_msgs/msg/detail/action_request__rosidl_typesupport_fastrtps_cpp.hpp\n'}
[1.307460] (px4_msgs) StdoutLine: {'line': b'-- Up-to-date: /home/harsh/ros2_project/install/px4_msgs/include/px4_msgs/px4_msgs/msg/detail/vehicle_magnetometer__rosidl_typesupport_fastrtps_cpp.hpp\n'}
[1.307509] (px4_msgs) StdoutLine: {'line': b'-- Up-to-date: /home/harsh/ros2_project/install/px4_msgs/include/px4_msgs/px4_msgs/msg/detail/power_monitor__rosidl_typesupport_fastrtps_cpp.hpp\n'}
[1.307558] (px4_msgs) StdoutLine: {'line': b'-- Up-to-date: /home/harsh/ros2_project/install/px4_msgs/include/px4_msgs/px4_msgs/msg/detail/vehicle_control_mode__rosidl_typesupport_fastrtps_cpp.hpp\n'}
[1.307609] (px4_msgs) StdoutLine: {'line': b'-- Up-to-date: /home/harsh/ros2_project/install/px4_msgs/include/px4_msgs/px4_msgs/msg/detail/led_control__rosidl_typesupport_fastrtps_cpp.hpp\n'}
[1.307658] (px4_msgs) StdoutLine: {'line': b'-- Up-to-date: /home/harsh/ros2_project/install/px4_msgs/include/px4_msgs/px4_msgs/msg/detail/esc_report__rosidl_typesupport_fastrtps_cpp.hpp\n'}
[1.307708] (px4_msgs) StdoutLine: {'line': b'-- Up-to-date: /home/harsh/ros2_project/install/px4_msgs/include/px4_msgs/px4_msgs/msg/detail/vehicle_thrust_setpoint__rosidl_typesupport_fastrtps_cpp.hpp\n'}
[1.307757] (px4_msgs) StdoutLine: {'line': b'-- Up-to-date: /home/harsh/ros2_project/install/px4_msgs/include/px4_msgs/px4_msgs/msg/detail/vehicle_global_position__rosidl_typesupport_fastrtps_cpp.hpp\n'}
[1.307805] (px4_msgs) StdoutLine: {'line': b'-- Up-to-date: /home/harsh/ros2_project/install/px4_msgs/include/px4_msgs/px4_msgs/msg/detail/vehicle_torque_setpoint__rosidl_typesupport_fastrtps_cpp.hpp\n'}
[1.307854] (px4_msgs) StdoutLine: {'line': b'-- Up-to-date: /home/harsh/ros2_project/install/px4_msgs/include/px4_msgs/px4_msgs/msg/detail/manual_control_switches__rosidl_typesupport_fastrtps_cpp.hpp\n'}
[1.307901] (px4_msgs) StdoutLine: {'line': b'-- Up-to-date: /home/harsh/ros2_project/install/px4_msgs/include/px4_msgs/px4_msgs/msg/detail/vehicle_trajectory_bezier__rosidl_typesupport_fastrtps_cpp.hpp\n'}
[1.307950] (px4_msgs) StdoutLine: {'line': b'-- Up-to-date: /home/harsh/ros2_project/install/px4_msgs/include/px4_msgs/px4_msgs/msg/detail/system_power__rosidl_typesupport_fastrtps_cpp.hpp\n'}
[1.307998] (px4_msgs) StdoutLine: {'line': b'-- Up-to-date: /home/harsh/ros2_project/install/px4_msgs/include/px4_msgs/px4_msgs/msg/detail/iridiumsbd_status__rosidl_typesupport_fastrtps_cpp.hpp\n'}
[1.308046] (px4_msgs) StdoutLine: {'line': b'-- Up-to-date: /home/harsh/ros2_project/install/px4_msgs/include/px4_msgs/px4_msgs/msg/detail/orb_test_large__rosidl_typesupport_fastrtps_cpp.hpp\n'}
[1.308094] (px4_msgs) StdoutLine: {'line': b'-- Up-to-date: /home/harsh/ros2_project/install/px4_msgs/include/px4_msgs/px4_msgs/msg/detail/sensor_gyro_fft__rosidl_typesupport_fastrtps_cpp.hpp\n'}
[1.308142] (px4_msgs) StdoutLine: {'line': b'-- Up-to-date: /home/harsh/ros2_project/install/px4_msgs/include/px4_msgs/px4_msgs/msg/detail/vehicle_odometry__rosidl_typesupport_fastrtps_cpp.hpp\n'}
[1.308190] (px4_msgs) StdoutLine: {'line': b'-- Up-to-date: /home/harsh/ros2_project/install/px4_msgs/include/px4_msgs/px4_msgs/msg/detail/figure_eight_status__rosidl_typesupport_fastrtps_cpp.hpp\n'}
[1.308242] (px4_msgs) StdoutLine: {'line': b'-- Up-to-date: /home/harsh/ros2_project/install/px4_msgs/include/px4_msgs/px4_msgs/msg/detail/estimator_innovations__rosidl_typesupport_fastrtps_cpp.hpp\n'}
[1.308290] (px4_msgs) StdoutLine: {'line': b'-- Up-to-date: /home/harsh/ros2_project/install/px4_msgs/include/px4_msgs/px4_msgs/msg/detail/follow_target_status__rosidl_typesupport_fastrtps_cpp.hpp\n'}
[1.308354] (px4_msgs) StdoutLine: {'line': b'-- Up-to-date: /home/harsh/ros2_project/install/px4_msgs/include/px4_msgs/px4_msgs/msg/detail/actuator_armed__rosidl_typesupport_fastrtps_cpp.hpp\n'}
[1.308406] (px4_msgs) StdoutLine: {'line': b'-- Up-to-date: /home/harsh/ros2_project/install/px4_msgs/include/px4_msgs/px4_msgs/msg/detail/wheel_encoders__rosidl_typesupport_fastrtps_cpp.hpp\n'}
[1.308455] (px4_msgs) StdoutLine: {'line': b'-- Up-to-date: /home/harsh/ros2_project/install/px4_msgs/include/px4_msgs/px4_msgs/msg/detail/qshell_req__rosidl_typesupport_fastrtps_cpp.hpp\n'}
[1.308506] (px4_msgs) StdoutLine: {'line': b'-- Up-to-date: /home/harsh/ros2_project/install/px4_msgs/include/px4_msgs/px4_msgs/msg/detail/rate_ctrl_status__rosidl_typesupport_fastrtps_cpp.hpp\n'}
[1.308554] (px4_msgs) StdoutLine: {'line': b'-- Up-to-date: /home/harsh/ros2_project/install/px4_msgs/include/px4_msgs/px4_msgs/msg/detail/satellite_info__rosidl_typesupport_fastrtps_cpp.hpp\n'}
[1.308609] (px4_msgs) StdoutLine: {'line': b'-- Up-to-date: /home/harsh/ros2_project/install/px4_msgs/include/px4_msgs/px4_msgs/msg/detail/gpio_out__rosidl_typesupport_fastrtps_cpp.hpp\n'}
[1.308661] (px4_msgs) StdoutLine: {'line': b'-- Up-to-date: /home/harsh/ros2_project/install/px4_msgs/include/px4_msgs/px4_msgs/msg/detail/sensor_hygrometer__rosidl_typesupport_fastrtps_cpp.hpp\n'}
[1.308711] (px4_msgs) StdoutLine: {'line': b'-- Up-to-date: /home/harsh/ros2_project/install/px4_msgs/include/px4_msgs/px4_msgs/msg/detail/mission__rosidl_typesupport_fastrtps_cpp.hpp\n'}
[1.308761] (px4_msgs) StdoutLine: {'line': b'-- Up-to-date: /home/harsh/ros2_project/install/px4_msgs/include/px4_msgs/px4_msgs/msg/detail/actuator_servos_trim__rosidl_typesupport_fastrtps_cpp.hpp\n'}
[1.308812] (px4_msgs) StdoutLine: {'line': b'-- Up-to-date: /home/harsh/ros2_project/install/px4_msgs/include/px4_msgs/px4_msgs/msg/detail/gimbal_manager_information__rosidl_typesupport_fastrtps_cpp.hpp\n'}
[1.308861] (px4_msgs) StdoutLine: {'line': b'-- Up-to-date: /home/harsh/ros2_project/install/px4_msgs/include/px4_msgs/px4_msgs/msg/detail/vehicle_rates_setpoint__rosidl_typesupport_fastrtps_cpp.hpp\n'}
[1.308911] (px4_msgs) StdoutLine: {'line': b'-- Up-to-date: /home/harsh/ros2_project/install/px4_msgs/include/px4_msgs/px4_msgs/msg/detail/estimator_bias3d__rosidl_typesupport_fastrtps_cpp.hpp\n'}
[1.308964] (px4_msgs) StdoutLine: {'line': b'-- Up-to-date: /home/harsh/ros2_project/install/px4_msgs/include/px4_msgs/px4_msgs/msg/detail/mount_orientation__rosidl_typesupport_fastrtps_cpp.hpp\n'}
[1.309016] (px4_msgs) StdoutLine: {'line': b'-- Up-to-date: /home/harsh/ros2_project/install/px4_msgs/include/px4_msgs/px4_msgs/msg/detail/gimbal_manager_set_manual_control__rosidl_typesupport_fastrtps_cpp.hpp\n'}
[1.309066] (px4_msgs) StdoutLine: {'line': b'-- Up-to-date: /home/harsh/ros2_project/install/px4_msgs/include/px4_msgs/px4_msgs/msg/detail/trajectory_waypoint__rosidl_typesupport_fastrtps_cpp.hpp\n'}
[1.309119] (px4_msgs) StdoutLine: {'line': b'-- Up-to-date: /home/harsh/ros2_project/install/px4_msgs/include/px4_msgs/px4_msgs/msg/detail/estimator_bias__rosidl_typesupport_fastrtps_cpp.hpp\n'}
[1.309170] (px4_msgs) StdoutLine: {'line': b'-- Up-to-date: /home/harsh/ros2_project/install/px4_msgs/include/px4_msgs/px4_msgs/msg/detail/vehicle_acceleration__rosidl_typesupport_fastrtps_cpp.hpp\n'}
[1.309220] (px4_msgs) StdoutLine: {'line': b'-- Up-to-date: /home/harsh/ros2_project/install/px4_msgs/include/px4_msgs/px4_msgs/msg/detail/sensor_optical_flow__rosidl_typesupport_fastrtps_cpp.hpp\n'}
[1.309271] (px4_msgs) StdoutLine: {'line': b'-- Up-to-date: /home/harsh/ros2_project/install/px4_msgs/include/px4_msgs/px4_msgs/msg/detail/generator_status__rosidl_typesupport_fastrtps_cpp.hpp\n'}
[1.309329] (px4_msgs) StdoutLine: {'line': b'-- Up-to-date: /home/harsh/ros2_project/install/px4_msgs/include/px4_msgs/px4_msgs/msg/detail/sensor_correction__rosidl_typesupport_fastrtps_cpp.hpp\n'}
[1.309393] (px4_msgs) StdoutLine: {'line': b'-- Up-to-date: /home/harsh/ros2_project/install/px4_msgs/include/px4_msgs/px4_msgs/msg/detail/orbit_status__rosidl_typesupport_fastrtps_cpp.hpp\n'}
[1.309445] (px4_msgs) StdoutLine: {'line': b'-- Up-to-date: /home/harsh/ros2_project/install/px4_msgs/include/px4_msgs/px4_msgs/msg/detail/sensors_status__rosidl_typesupport_fastrtps_cpp.hpp\n'}
[1.309495] (px4_msgs) StdoutLine: {'line': b'-- Up-to-date: /home/harsh/ros2_project/install/px4_msgs/include/px4_msgs/px4_msgs/msg/detail/gimbal_device_set_attitude__rosidl_typesupport_fastrtps_cpp.hpp\n'}
[1.309546] (px4_msgs) StdoutLine: {'line': b'-- Up-to-date: /home/harsh/ros2_project/install/px4_msgs/include/px4_msgs/px4_msgs/msg/detail/hover_thrust_estimate__rosidl_typesupport_fastrtps_cpp.hpp\n'}
[1.309597] (px4_msgs) StdoutLine: {'line': b'-- Up-to-date: /home/harsh/ros2_project/install/px4_msgs/include/px4_msgs/px4_msgs/msg/detail/differential_pressure__rosidl_typesupport_fastrtps_cpp.hpp\n'}
[1.309647] (px4_msgs) StdoutLine: {'line': b'-- Up-to-date: /home/harsh/ros2_project/install/px4_msgs/include/px4_msgs/px4_msgs/msg/detail/debug_key_value__rosidl_typesupport_fastrtps_cpp.hpp\n'}
[1.309697] (px4_msgs) StdoutLine: {'line': b'-- Up-to-date: /home/harsh/ros2_project/install/px4_msgs/include/px4_msgs/px4_msgs/msg/detail/follow_target_estimator__rosidl_typesupport_fastrtps_cpp.hpp\n'}
[1.309746] (px4_msgs) StdoutLine: {'line': b'-- Up-to-date: /home/harsh/ros2_project/install/px4_msgs/include/px4_msgs/px4_msgs/msg/detail/esc_status__rosidl_typesupport_fastrtps_cpp.hpp\n'}
[1.309797] (px4_msgs) StdoutLine: {'line': b'-- Up-to-date: /home/harsh/ros2_project/install/px4_msgs/include/px4_msgs/px4_msgs/msg/detail/sensor_selection__rosidl_typesupport_fastrtps_cpp.hpp\n'}
[1.309850] (px4_msgs) StdoutLine: {'line': b'-- Up-to-date: /home/harsh/ros2_project/install/px4_msgs/include/px4_msgs/px4_msgs/msg/detail/launch_detection_status__rosidl_typesupport_fastrtps_cpp.hpp\n'}
[1.309903] (px4_msgs) StdoutLine: {'line': b'-- Up-to-date: /home/harsh/ros2_project/install/px4_msgs/include/px4_msgs/px4_msgs/msg/detail/estimator_states__rosidl_typesupport_fastrtps_cpp.hpp\n'}
[1.309956] (px4_msgs) StdoutLine: {'line': b'-- Up-to-date: /home/harsh/ros2_project/install/px4_msgs/include/px4_msgs/px4_msgs/msg/detail/vehicle_attitude__rosidl_typesupport_fastrtps_cpp.hpp\n'}
[1.310007] (px4_msgs) StdoutLine: {'line': b'-- Up-to-date: /home/harsh/ros2_project/install/px4_msgs/include/px4_msgs/px4_msgs/msg/detail/airspeed__rosidl_typesupport_fastrtps_cpp.hpp\n'}
[1.310059] (px4_msgs) StdoutLine: {'line': b'-- Up-to-date: /home/harsh/ros2_project/install/px4_msgs/include/px4_msgs/px4_msgs/msg/detail/dataman_response__rosidl_typesupport_fastrtps_cpp.hpp\n'}
[1.310114] (px4_msgs) StdoutLine: {'line': b'-- Up-to-date: /home/harsh/ros2_project/install/px4_msgs/include/px4_msgs/px4_msgs/msg/detail/tune_control__rosidl_typesupport_fastrtps_cpp.hpp\n'}
[1.310167] (px4_msgs) StdoutLine: {'line': b'-- Up-to-date: /home/harsh/ros2_project/install/px4_msgs/include/px4_msgs/px4_msgs/msg/detail/config_overrides__rosidl_typesupport_fastrtps_cpp.hpp\n'}
[1.310220] (px4_msgs) StdoutLine: {'line': b'-- Up-to-date: /home/harsh/ros2_project/install/px4_msgs/include/px4_msgs/px4_msgs/msg/detail/gps_dump__rosidl_typesupport_fastrtps_cpp.hpp\n'}
[1.310274] (px4_msgs) StdoutLine: {'line': b'-- Up-to-date: /home/harsh/ros2_project/install/px4_msgs/include/px4_msgs/px4_msgs/msg/detail/vehicle_trajectory_waypoint__rosidl_typesupport_fastrtps_cpp.hpp\n'}
[1.310343] (px4_msgs) StdoutLine: {'line': b'-- Up-to-date: /home/harsh/ros2_project/install/px4_msgs/include/px4_msgs/px4_msgs/msg/detail/geofence_result__rosidl_typesupport_fastrtps_cpp.hpp\n'}
[1.310410] (px4_msgs) StdoutLine: {'line': b'-- Up-to-date: /home/harsh/ros2_project/install/px4_msgs/include/px4_msgs/px4_msgs/msg/detail/gpio_config__rosidl_typesupport_fastrtps_cpp.hpp\n'}
[1.310471] (px4_msgs) StdoutLine: {'line': b'-- Up-to-date: /home/harsh/ros2_project/install/px4_msgs/include/px4_msgs/px4_msgs/msg/detail/autotune_attitude_control_status__rosidl_typesupport_fastrtps_cpp.hpp\n'}
[1.310527] (px4_msgs) StdoutLine: {'line': b'-- Up-to-date: /home/harsh/ros2_project/install/px4_msgs/include/px4_msgs/px4_msgs/msg/detail/actuator_test__rosidl_typesupport_fastrtps_cpp.hpp\n'}
[1.310583] (px4_msgs) StdoutLine: {'line': b'-- Up-to-date: /home/harsh/ros2_project/install/px4_msgs/include/px4_msgs/px4_msgs/msg/detail/estimator_sensor_bias__rosidl_typesupport_fastrtps_cpp.hpp\n'}
[1.310642] (px4_msgs) StdoutLine: {'line': b'-- Up-to-date: /home/harsh/ros2_project/install/px4_msgs/include/px4_msgs/px4_msgs/msg/detail/airspeed_wind__rosidl_typesupport_fastrtps_cpp.hpp\n'}
[1.310700] (px4_msgs) StdoutLine: {'line': b'-- Up-to-date: /home/harsh/ros2_project/install/px4_msgs/include/px4_msgs/px4_msgs/msg/detail/position_setpoint__rosidl_typesupport_fastrtps_cpp.hpp\n'}
[1.310757] (px4_msgs) StdoutLine: {'line': b'-- Up-to-date: /home/harsh/ros2_project/install/px4_msgs/include/px4_msgs/px4_msgs/msg/detail/camera_trigger__rosidl_typesupport_fastrtps_cpp.hpp\n'}
[1.310814] (px4_msgs) StdoutLine: {'line': b'-- Up-to-date: /home/harsh/ros2_project/install/px4_msgs/include/px4_msgs/px4_msgs/msg/detail/parameter_update__rosidl_typesupport_fastrtps_cpp.hpp\n'}
[1.310867] (px4_msgs) StdoutLine: {'line': b'-- Up-to-date: /home/harsh/ros2_project/install/px4_msgs/include/px4_msgs/px4_msgs/msg/detail/yaw_estimator_status__rosidl_typesupport_fastrtps_cpp.hpp\n'}
[1.310923] (px4_msgs) StdoutLine: {'line': b'-- Up-to-date: /home/harsh/ros2_project/install/px4_msgs/include/px4_msgs/px4_msgs/msg/detail/normalized_unsigned_setpoint__rosidl_typesupport_fastrtps_cpp.hpp\n'}
[1.310978] (px4_msgs) StdoutLine: {'line': b'-- Up-to-date: /home/harsh/ros2_project/install/px4_msgs/include/px4_msgs/px4_msgs/msg/detail/tecs_status__rosidl_typesupport_fastrtps_cpp.hpp\n'}
[1.311032] (px4_msgs) StdoutLine: {'line': b'-- Up-to-date: /home/harsh/ros2_project/install/px4_msgs/include/px4_msgs/px4_msgs/msg/detail/uavcan_parameter_value__rosidl_typesupport_fastrtps_cpp.hpp\n'}
[1.311090] (px4_msgs) StdoutLine: {'line': b'-- Up-to-date: /home/harsh/ros2_project/install/px4_msgs/include/px4_msgs/px4_msgs/msg/detail/vehicle_roi__rosidl_typesupport_fastrtps_cpp.hpp\n'}
[1.311146] (px4_msgs) StdoutLine: {'line': b'-- Up-to-date: /home/harsh/ros2_project/install/px4_msgs/include/px4_msgs/px4_msgs/msg/detail/rtl_time_estimate__rosidl_typesupport_fastrtps_cpp.hpp\n'}
[1.311204] (px4_msgs) StdoutLine: {'line': b'-- Up-to-date: /home/harsh/ros2_project/install/px4_msgs/include/px4_msgs/px4_msgs/msg/detail/estimator_aid_source2d__rosidl_typesupport_fastrtps_cpp.hpp\n'}
[1.311262] (px4_msgs) StdoutLine: {'line': b'-- Up-to-date: /home/harsh/ros2_project/install/px4_msgs/include/px4_msgs/px4_msgs/msg/detail/debug_value__rosidl_typesupport_fastrtps_cpp.hpp\n'}
[1.311328] (px4_msgs) StdoutLine: {'line': b'-- Up-to-date: /home/harsh/ros2_project/install/px4_msgs/include/px4_msgs/px4_msgs/msg/detail/parameter_reset_request__rosidl_typesupport_fastrtps_cpp.hpp\n'}
[1.311402] (px4_msgs) StdoutLine: {'line': b'-- Up-to-date: /home/harsh/ros2_project/install/px4_msgs/include/px4_msgs/px4_msgs/msg/detail/register_ext_component_request__rosidl_typesupport_fastrtps_cpp.hpp\n'}
[1.311464] (px4_msgs) StdoutLine: {'line': b'-- Up-to-date: /home/harsh/ros2_project/install/px4_msgs/include/px4_msgs/px4_msgs/msg/detail/vehicle_angular_velocity__rosidl_typesupport_fastrtps_cpp.hpp\n'}
[1.311524] (px4_msgs) StdoutLine: {'line': b'-- Up-to-date: /home/harsh/ros2_project/install/px4_msgs/include/px4_msgs/px4_msgs/msg/detail/dds_fastrtps\n'}
[1.311583] (px4_msgs) StdoutLine: {'line': b'-- Up-to-date: /home/harsh/ros2_project/install/px4_msgs/include/px4_msgs/px4_msgs/msg/detail/actuator_motors__rosidl_typesupport_fastrtps_cpp.hpp\n'}
[1.311642] (px4_msgs) StdoutLine: {'line': b'-- Up-to-date: /home/harsh/ros2_project/install/px4_msgs/include/px4_msgs/px4_msgs/msg/detail/vehicle_imu__rosidl_typesupport_fastrtps_cpp.hpp\n'}
[1.311702] (px4_msgs) StdoutLine: {'line': b'-- Up-to-date: /home/harsh/ros2_project/install/px4_msgs/include/px4_msgs/px4_msgs/msg/detail/position_controller_landing_status__rosidl_typesupport_fastrtps_cpp.hpp\n'}
[1.311764] (px4_msgs) StdoutLine: {'line': b'-- Up-to-date: /home/harsh/ros2_project/install/px4_msgs/include/px4_msgs/px4_msgs/msg/detail/heater_status__rosidl_typesupport_fastrtps_cpp.hpp\n'}
[1.311825] (px4_msgs) StdoutLine: {'line': b'-- Up-to-date: /home/harsh/ros2_project/install/px4_msgs/include/px4_msgs/px4_msgs/msg/detail/can_interface_status__rosidl_typesupport_fastrtps_cpp.hpp\n'}
[1.311886] (px4_msgs) StdoutLine: {'line': b'-- Up-to-date: /home/harsh/ros2_project/install/px4_msgs/include/px4_msgs/px4_msgs/msg/detail/transponder_report__rosidl_typesupport_fastrtps_cpp.hpp\n'}
[1.311944] (px4_msgs) StdoutLine: {'line': b'-- Up-to-date: /home/harsh/ros2_project/install/px4_msgs/include/px4_msgs/px4_msgs/msg/detail/follow_target__rosidl_typesupport_fastrtps_cpp.hpp\n'}
[1.312005] (px4_msgs) StdoutLine: {'line': b'-- Up-to-date: /home/harsh/ros2_project/install/px4_msgs/include/px4_msgs/px4_msgs/msg/detail/internal_combustion_engine_status__rosidl_typesupport_fastrtps_cpp.hpp\n'}
[1.312068] (px4_msgs) StdoutLine: {'line': b'-- Up-to-date: /home/harsh/ros2_project/install/px4_msgs/include/px4_msgs/px4_msgs/msg/detail/sensor_gnss_relative__rosidl_typesupport_fastrtps_cpp.hpp\n'}
[1.312139] (px4_msgs) StdoutLine: {'line': b'-- Up-to-date: /home/harsh/ros2_project/install/px4_msgs/include/px4_msgs/px4_msgs/msg/detail/landing_target_pose__rosidl_typesupport_fastrtps_cpp.hpp\n'}
[1.312215] (px4_msgs) StdoutLine: {'line': b'-- Up-to-date: /home/harsh/ros2_project/install/px4_msgs/include/px4_msgs/px4_msgs/msg/detail/wind__rosidl_typesupport_fastrtps_cpp.hpp\n'}
[1.312281] (px4_msgs) StdoutLine: {'line': b'-- Up-to-date: /home/harsh/ros2_project/install/px4_msgs/include/px4_msgs/px4_msgs/msg/detail/actuator_servos__rosidl_typesupport_fastrtps_cpp.hpp\n'}
[1.312362] (px4_msgs) StdoutLine: {'line': b'-- Up-to-date: /home/harsh/ros2_project/install/px4_msgs/include/px4_msgs/px4_msgs/msg/detail/estimator_gps_status__rosidl_typesupport_fastrtps_cpp.hpp\n'}
[1.312429] (px4_msgs) StdoutLine: {'line': b'-- Up-to-date: /home/harsh/ros2_project/install/px4_msgs/include/px4_msgs/px4_msgs/msg/detail/vehicle_command_ack__rosidl_typesupport_fastrtps_cpp.hpp\n'}
[1.312488] (px4_msgs) StdoutLine: {'line': b'-- Up-to-date: /home/harsh/ros2_project/install/px4_msgs/include/px4_msgs/px4_msgs/msg/detail/event__rosidl_typesupport_fastrtps_cpp.hpp\n'}
[1.312549] (px4_msgs) StdoutLine: {'line': b'-- Up-to-date: /home/harsh/ros2_project/install/px4_msgs/include/px4_msgs/px4_msgs/msg/detail/vehicle_imu_status__rosidl_typesupport_fastrtps_cpp.hpp\n'}
[1.312611] (px4_msgs) StdoutLine: {'line': b'-- Up-to-date: /home/harsh/ros2_project/install/px4_msgs/include/px4_msgs/px4_msgs/msg/detail/radio_status__rosidl_typesupport_fastrtps_cpp.hpp\n'}
[1.312672] (px4_msgs) StdoutLine: {'line': b'-- Up-to-date: /home/harsh/ros2_project/install/px4_msgs/include/px4_msgs/px4_msgs/msg/detail/estimator_event_flags__rosidl_typesupport_fastrtps_cpp.hpp\n'}
[1.312733] (px4_msgs) StdoutLine: {'line': b'-- Up-to-date: /home/harsh/ros2_project/install/px4_msgs/include/px4_msgs/px4_msgs/msg/detail/magnetometer_bias_estimate__rosidl_typesupport_fastrtps_cpp.hpp\n'}
[1.312793] (px4_msgs) StdoutLine: {'line': b'-- Up-to-date: /home/harsh/ros2_project/install/px4_msgs/include/px4_msgs/px4_msgs/msg/detail/gps_inject_data__rosidl_typesupport_fastrtps_cpp.hpp\n'}
[1.312852] (px4_msgs) StdoutLine: {'line': b'-- Up-to-date: /home/harsh/ros2_project/install/px4_msgs/include/px4_msgs/px4_msgs/msg/detail/cpuload__rosidl_typesupport_fastrtps_cpp.hpp\n'}
[1.312914] (px4_msgs) StdoutLine: {'line': b'-- Up-to-date: /home/harsh/ros2_project/install/px4_msgs/include/px4_msgs/px4_msgs/msg/detail/rtl_status__rosidl_typesupport_fastrtps_cpp.hpp\n'}
[1.312990] (px4_msgs) StdoutLine: {'line': b'-- Up-to-date: /home/harsh/ros2_project/install/px4_msgs/include/px4_msgs/px4_msgs/msg/detail/vehicle_optical_flow__rosidl_typesupport_fastrtps_cpp.hpp\n'}
[1.313054] (px4_msgs) StdoutLine: {'line': b'-- Up-to-date: /home/harsh/ros2_project/install/px4_msgs/include/px4_msgs/px4_msgs/msg/detail/mission_result__rosidl_typesupport_fastrtps_cpp.hpp\n'}
[1.313124] (px4_msgs) StdoutLine: {'line': b'-- Up-to-date: /home/harsh/ros2_project/install/px4_msgs/include/px4_msgs/px4_msgs/msg/detail/estimator_aid_source3d__rosidl_typesupport_fastrtps_cpp.hpp\n'}
[1.313190] (px4_msgs) StdoutLine: {'line': b'-- Up-to-date: /home/harsh/ros2_project/install/px4_msgs/include/px4_msgs/px4_msgs/msg/detail/mag_worker_data__rosidl_typesupport_fastrtps_cpp.hpp\n'}
[1.313255] (px4_msgs) StdoutLine: {'line': b'-- Up-to-date: /home/harsh/ros2_project/install/px4_msgs/include/px4_msgs/px4_msgs/msg/detail/pps_capture__rosidl_typesupport_fastrtps_cpp.hpp\n'}
[1.313338] (px4_msgs) StdoutLine: {'line': b'-- Up-to-date: /home/harsh/ros2_project/install/px4_msgs/include/px4_msgs/px4_msgs/msg/detail/orb_test_medium__rosidl_typesupport_fastrtps_cpp.hpp\n'}
[1.313431] (px4_msgs) StdoutLine: {'line': b'-- Up-to-date: /home/harsh/ros2_project/install/px4_msgs/include/px4_msgs/px4_msgs/msg/detail/ekf2_timestamps__rosidl_typesupport_fastrtps_cpp.hpp\n'}
[1.313506] (px4_msgs) StdoutLine: {'line': b'-- Up-to-date: /home/harsh/ros2_project/install/px4_msgs/include/px4_msgs/px4_msgs/msg/detail/uavcan_parameter_request__rosidl_typesupport_fastrtps_cpp.hpp\n'}
[1.313576] (px4_msgs) StdoutLine: {'line': b'-- Up-to-date: /home/harsh/ros2_project/install/px4_msgs/include/px4_msgs/px4_msgs/msg/detail/arming_check_reply__rosidl_typesupport_fastrtps_cpp.hpp\n'}
[1.313648] (px4_msgs) StdoutLine: {'line': b'-- Up-to-date: /home/harsh/ros2_project/install/px4_msgs/include/px4_msgs/px4_msgs/msg/detail/ulog_stream_ack__rosidl_typesupport_fastrtps_cpp.hpp\n'}
[1.313724] (px4_msgs) StdoutLine: {'line': b'-- Up-to-date: /home/harsh/ros2_project/install/px4_msgs/include/px4_msgs/px4_msgs/msg/detail/ping__rosidl_typesupport_fastrtps_cpp.hpp\n'}
[1.313817] (px4_msgs) StdoutLine: {'line': b'-- Up-to-date: /home/harsh/ros2_project/install/px4_msgs/include/px4_msgs/px4_msgs/msg/detail/estimator_status_flags__rosidl_typesupport_fastrtps_cpp.hpp\n'}
[1.313910] (px4_msgs) StdoutLine: {'line': b'-- Up-to-date: /home/harsh/ros2_project/install/px4_msgs/include/px4_msgs/px4_msgs/msg/detail/gpio_in__rosidl_typesupport_fastrtps_cpp.hpp\n'}
[1.313979] (px4_msgs) StdoutLine: {'line': b'-- Up-to-date: /home/harsh/ros2_project/install/px4_msgs/include/px4_msgs/px4_msgs/msg/detail/landing_gear__rosidl_typesupport_fastrtps_cpp.hpp\n'}
[1.314056] (px4_msgs) StdoutLine: {'line': b'-- Up-to-date: /home/harsh/ros2_project/install/px4_msgs/include/px4_msgs/px4_msgs/msg/detail/debug_vect__rosidl_typesupport_fastrtps_cpp.hpp\n'}
[1.314124] (px4_msgs) StdoutLine: {'line': b'-- Up-to-date: /home/harsh/ros2_project/install/px4_msgs/include/px4_msgs/px4_msgs/msg/detail/gimbal_manager_set_attitude__rosidl_typesupport_fastrtps_cpp.hpp\n'}
[1.314193] (px4_msgs) StdoutLine: {'line': b'-- Up-to-date: /home/harsh/ros2_project/install/px4_msgs/include/px4_msgs/px4_msgs/msg/detail/mode_completed__rosidl_typesupport_fastrtps_cpp.hpp\n'}
[1.314261] (px4_msgs) StdoutLine: {'line': b'-- Up-to-date: /home/harsh/ros2_project/install/px4_msgs/include/px4_msgs/px4_msgs/msg/detail/vehicle_command__rosidl_typesupport_fastrtps_cpp.hpp\n'}
[1.314336] (px4_msgs) StdoutLine: {'line': b'-- Up-to-date: /home/harsh/ros2_project/install/px4_msgs/include/px4_msgs/px4_msgs/msg/detail/log_message__rosidl_typesupport_fastrtps_cpp.hpp\n'}
[1.314421] (px4_msgs) StdoutLine: {'line': b'-- Up-to-date: /home/harsh/ros2_project/install/px4_msgs/include/px4_msgs/px4_msgs/msg/detail/tiltrotor_extra_controls__rosidl_typesupport_fastrtps_cpp.hpp\n'}
[1.314534] (px4_msgs) StdoutLine: {'line': b'-- Up-to-date: /home/harsh/ros2_project/install/px4_msgs/include/px4_msgs/px4_msgs/msg/detail/telemetry_status__rosidl_typesupport_fastrtps_cpp.hpp\n'}
[1.314670] (px4_msgs) StdoutLine: {'line': b'-- Up-to-date: /home/harsh/ros2_project/install/px4_msgs/include/px4_msgs/px4_msgs/msg/detail/takeoff_status__rosidl_typesupport_fastrtps_cpp.hpp\n'}
[1.314742] (px4_msgs) StdoutLine: {'line': b'-- Up-to-date: /home/harsh/ros2_project/install/px4_msgs/include/px4_msgs/px4_msgs/msg/detail/sensor_airflow__rosidl_typesupport_fastrtps_cpp.hpp\n'}
[1.314816] (px4_msgs) StdoutLine: {'line': b'-- Up-to-date: /home/harsh/ros2_project/install/px4_msgs/include/px4_msgs/px4_msgs/msg/detail/orb_test__rosidl_typesupport_fastrtps_cpp.hpp\n'}
[1.314886] (px4_msgs) StdoutLine: {'line': b'-- Up-to-date: /home/harsh/ros2_project/install/px4_msgs/include/px4_msgs/px4_msgs/msg/detail/unregister_ext_component__rosidl_typesupport_fastrtps_cpp.hpp\n'}
[1.314958] (px4_msgs) StdoutLine: {'line': b'-- Up-to-date: /home/harsh/ros2_project/install/px4_msgs/include/px4_msgs/px4_msgs/msg/detail/adc_report__rosidl_typesupport_fastrtps_cpp.hpp\n'}
[1.315031] (px4_msgs) StdoutLine: {'line': b'-- Up-to-date: /home/harsh/ros2_project/install/px4_msgs/include/px4_msgs/px4_msgs/msg/detail/gpio_request__rosidl_typesupport_fastrtps_cpp.hpp\n'}
[1.315104] (px4_msgs) StdoutLine: {'line': b'-- Up-to-date: /home/harsh/ros2_project/install/px4_msgs/include/px4_msgs/px4_msgs/msg/detail/vehicle_local_position_setpoint__rosidl_typesupport_fastrtps_cpp.hpp\n'}
[1.315177] (px4_msgs) StdoutLine: {'line': b'-- Up-to-date: /home/harsh/ros2_project/install/px4_msgs/include/px4_msgs/px4_msgs/msg/detail/battery_status__rosidl_typesupport_fastrtps_cpp.hpp\n'}
[1.315248] (px4_msgs) StdoutLine: {'line': b'-- Up-to-date: /home/harsh/ros2_project/install/px4_msgs/include/px4_msgs/px4_msgs/srv\n'}
[1.315326] (px4_msgs) StdoutLine: {'line': b'-- Up-to-date: /home/harsh/ros2_project/install/px4_msgs/include/px4_msgs/px4_msgs/srv/detail\n'}
[1.315412] (px4_msgs) StdoutLine: {'line': b'-- Up-to-date: /home/harsh/ros2_project/install/px4_msgs/include/px4_msgs/px4_msgs/srv/detail/dds_fastrtps\n'}
[1.315483] (px4_msgs) StdoutLine: {'line': b'-- Up-to-date: /home/harsh/ros2_project/install/px4_msgs/include/px4_msgs/px4_msgs/srv/detail/vehicle_command__rosidl_typesupport_fastrtps_cpp.hpp\n'}
[1.315551] (px4_msgs) StdoutLine: {'line': b'-- Up-to-date: /home/harsh/ros2_project/install/px4_msgs/lib/libpx4_msgs__rosidl_typesupport_fastrtps_cpp.so\n'}
[1.315618] (px4_msgs) StdoutLine: {'line': b'-- Up-to-date: /home/harsh/ros2_project/install/px4_msgs/include/px4_msgs/px4_msgs\n'}
[1.315682] (px4_msgs) StdoutLine: {'line': b'-- Up-to-date: /home/harsh/ros2_project/install/px4_msgs/include/px4_msgs/px4_msgs/msg\n'}
[1.315748] (px4_msgs) StdoutLine: {'line': b'-- Up-to-date: /home/harsh/ros2_project/install/px4_msgs/include/px4_msgs/px4_msgs/msg/rosidl_typesupport_introspection_c__visibility_control.h\n'}
[1.315824] (px4_msgs) StdoutLine: {'line': b'-- Up-to-date: /home/harsh/ros2_project/install/px4_msgs/include/px4_msgs/px4_msgs/msg/detail\n'}
[1.315904] (px4_msgs) StdoutLine: {'line': b'-- Up-to-date: /home/harsh/ros2_project/install/px4_msgs/include/px4_msgs/px4_msgs/msg/detail/hover_thrust_estimate__rosidl_typesupport_introspection_c.h\n'}
[1.315975] (px4_msgs) StdoutLine: {'line': b'-- Up-to-date: /home/harsh/ros2_project/install/px4_msgs/include/px4_msgs/px4_msgs/msg/detail/wind__rosidl_typesupport_introspection_c.h\n'}
[1.316048] (px4_msgs) StdoutLine: {'line': b'-- Installing: /home/harsh/ros2_project/install/px4_msgs/include/px4_msgs/px4_msgs/msg/detail/vehicle_magnetometer__type_support.c\n'}
[1.316128] (px4_msgs) StdoutLine: {'line': b'-- Installing: /home/harsh/ros2_project/install/px4_msgs/include/px4_msgs/px4_msgs/msg/detail/dataman_response__type_support.c\n'}
[1.316219] (px4_msgs) StdoutLine: {'line': b'-- Installing: /home/harsh/ros2_project/install/px4_msgs/include/px4_msgs/px4_msgs/msg/detail/sensor_gyro_fifo__type_support.c\n'}
[1.316295] (px4_msgs) StdoutLine: {'line': b'-- Up-to-date: /home/harsh/ros2_project/install/px4_msgs/include/px4_msgs/px4_msgs/msg/detail/obstacle_distance__rosidl_typesupport_introspection_c.h\n'}
[1.316391] (px4_msgs) StdoutLine: {'line': b'-- Up-to-date: /home/harsh/ros2_project/install/px4_msgs/include/px4_msgs/px4_msgs/msg/detail/gps_inject_data__rosidl_typesupport_introspection_c.h\n'}
[1.316470] (px4_msgs) StdoutLine: {'line': b'-- Up-to-date: /home/harsh/ros2_project/install/px4_msgs/include/px4_msgs/px4_msgs/msg/detail/actuator_controls_status__rosidl_typesupport_introspection_c.h\n'}
[1.316543] (px4_msgs) StdoutLine: {'line': b'-- Installing: /home/harsh/ros2_project/install/px4_msgs/include/px4_msgs/px4_msgs/msg/detail/sensor_accel__type_support.c\n'}
[1.316609] (px4_msgs) StdoutLine: {'line': b'-- Up-to-date: /home/harsh/ros2_project/install/px4_msgs/include/px4_msgs/px4_msgs/msg/detail/rtl_status__rosidl_typesupport_introspection_c.h\n'}
[1.316676] (px4_msgs) StdoutLine: {'line': b'-- Up-to-date: /home/harsh/ros2_project/install/px4_msgs/include/px4_msgs/px4_msgs/msg/detail/estimator_aid_source2d__rosidl_typesupport_introspection_c.h\n'}
[1.316745] (px4_msgs) StdoutLine: {'line': b'-- Installing: /home/harsh/ros2_project/install/px4_msgs/include/px4_msgs/px4_msgs/msg/detail/goto_setpoint__type_support.c\n'}
[1.316814] (px4_msgs) StdoutLine: {'line': b'-- Installing: /home/harsh/ros2_project/install/px4_msgs/include/px4_msgs/px4_msgs/msg/detail/power_monitor__type_support.c\n'}
[1.316883] (px4_msgs) StdoutLine: {'line': b'-- Up-to-date: /home/harsh/ros2_project/install/px4_msgs/include/px4_msgs/px4_msgs/msg/detail/parameter_set_value_response__rosidl_typesupport_introspection_c.h\n'}
[1.316954] (px4_msgs) StdoutLine: {'line': b'-- Up-to-date: /home/harsh/ros2_project/install/px4_msgs/include/px4_msgs/px4_msgs/msg/detail/pwm_input__rosidl_typesupport_introspection_c.h\n'}
[1.317025] (px4_msgs) StdoutLine: {'line': b'-- Installing: /home/harsh/ros2_project/install/px4_msgs/include/px4_msgs/px4_msgs/msg/detail/sensor_mag__type_support.c\n'}
[1.317095] (px4_msgs) StdoutLine: {'line': b'-- Installing: /home/harsh/ros2_project/install/px4_msgs/include/px4_msgs/px4_msgs/msg/detail/mode_completed__type_support.c\n'}
[1.317163] (px4_msgs) StdoutLine: {'line': b'-- Installing: /home/harsh/ros2_project/install/px4_msgs/include/px4_msgs/px4_msgs/msg/detail/sensors_status_imu__type_support.c\n'}
[1.317230] (px4_msgs) StdoutLine: {'line': b'-- Up-to-date: /home/harsh/ros2_project/install/px4_msgs/include/px4_msgs/px4_msgs/msg/detail/led_control__rosidl_typesupport_introspection_c.h\n'}
[1.317298] (px4_msgs) StdoutLine: {'line': b'-- Installing: /home/harsh/ros2_project/install/px4_msgs/include/px4_msgs/px4_msgs/msg/detail/wind__type_support.c\n'}
[1.317400] (px4_msgs) StdoutLine: {'line': b'-- Up-to-date: /home/harsh/ros2_project/install/px4_msgs/include/px4_msgs/px4_msgs/msg/detail/vehicle_trajectory_waypoint__rosidl_typesupport_introspection_c.h\n'}
[1.317477] (px4_msgs) StdoutLine: {'line': b'-- Up-to-date: /home/harsh/ros2_project/install/px4_msgs/include/px4_msgs/px4_msgs/msg/detail/rpm__rosidl_typesupport_introspection_c.h\n'}
[1.317550] (px4_msgs) StdoutLine: {'line': b'-- Up-to-date: /home/harsh/ros2_project/install/px4_msgs/include/px4_msgs/px4_msgs/msg/detail/vtol_vehicle_status__rosidl_typesupport_introspection_c.h\n'}
[1.317626] (px4_msgs) StdoutLine: {'line': b'-- Installing: /home/harsh/ros2_project/install/px4_msgs/include/px4_msgs/px4_msgs/msg/detail/uavcan_parameter_value__type_support.c\n'}
[1.317697] (px4_msgs) StdoutLine: {'line': b'-- Up-to-date: /home/harsh/ros2_project/install/px4_msgs/include/px4_msgs/px4_msgs/msg/detail/sensor_accel__rosidl_typesupport_introspection_c.h\n'}
[1.317767] (px4_msgs) StdoutLine: {'line': b'-- Up-to-date: /home/harsh/ros2_project/install/px4_msgs/include/px4_msgs/px4_msgs/msg/detail/cpuload__rosidl_typesupport_introspection_c.h\n'}
[1.317838] (px4_msgs) StdoutLine: {'line': b'-- Installing: /home/harsh/ros2_project/install/px4_msgs/include/px4_msgs/px4_msgs/msg/detail/sensor_gps__type_support.c\n'}
[1.317909] (px4_msgs) StdoutLine: {'line': b'-- Installing: /home/harsh/ros2_project/install/px4_msgs/include/px4_msgs/px4_msgs/msg/detail/vehicle_constraints__type_support.c\n'}
[1.317980] (px4_msgs) StdoutLine: {'line': b'-- Up-to-date: /home/harsh/ros2_project/install/px4_msgs/include/px4_msgs/px4_msgs/msg/detail/follow_target__rosidl_typesupport_introspection_c.h\n'}
[1.318049] (px4_msgs) StdoutLine: {'line': b'-- Installing: /home/harsh/ros2_project/install/px4_msgs/include/px4_msgs/px4_msgs/msg/detail/launch_detection_status__type_support.c\n'}
[1.318121] (px4_msgs) StdoutLine: {'line': b'-- Installing: /home/harsh/ros2_project/install/px4_msgs/include/px4_msgs/px4_msgs/msg/detail/manual_control_setpoint__type_support.c\n'}
[1.318189] (px4_msgs) StdoutLine: {'line': b'-- Installing: /home/harsh/ros2_project/install/px4_msgs/include/px4_msgs/px4_msgs/msg/detail/estimator_bias3d__type_support.c\n'}
[1.318260] (px4_msgs) StdoutLine: {'line': b'-- Installing: /home/harsh/ros2_project/install/px4_msgs/include/px4_msgs/px4_msgs/msg/detail/pwm_input__type_support.c\n'}
[1.318344] (px4_msgs) StdoutLine: {'line': b'-- Up-to-date: /home/harsh/ros2_project/install/px4_msgs/include/px4_msgs/px4_msgs/msg/detail/sensor_gnss_relative__rosidl_typesupport_introspection_c.h\n'}
[1.318422] (px4_msgs) StdoutLine: {'line': b'-- Up-to-date: /home/harsh/ros2_project/install/px4_msgs/include/px4_msgs/px4_msgs/msg/detail/mission_result__rosidl_typesupport_introspection_c.h\n'}
[1.318493] (px4_msgs) StdoutLine: {'line': b'-- Up-to-date: /home/harsh/ros2_project/install/px4_msgs/include/px4_msgs/px4_msgs/msg/detail/sensors_status_imu__rosidl_typesupport_introspection_c.h\n'}
[1.318574] (px4_msgs) StdoutLine: {'line': b'-- Installing: /home/harsh/ros2_project/install/px4_msgs/include/px4_msgs/px4_msgs/msg/detail/irlock_report__type_support.c\n'}
[1.318644] (px4_msgs) StdoutLine: {'line': b'-- Installing: /home/harsh/ros2_project/install/px4_msgs/include/px4_msgs/px4_msgs/msg/detail/actuator_servos_trim__type_support.c\n'}
[1.318714] (px4_msgs) StdoutLine: {'line': b'-- Up-to-date: /home/harsh/ros2_project/install/px4_msgs/include/px4_msgs/px4_msgs/msg/detail/qshell_req__rosidl_typesupport_introspection_c.h\n'}
[1.318782] (px4_msgs) StdoutLine: {'line': b'-- Up-to-date: /home/harsh/ros2_project/install/px4_msgs/include/px4_msgs/px4_msgs/msg/detail/trajectory_waypoint__rosidl_typesupport_introspection_c.h\n'}
[1.318850] (px4_msgs) StdoutLine: {'line': b'-- Installing: /home/harsh/ros2_project/install/px4_msgs/include/px4_msgs/px4_msgs/msg/detail/generator_status__type_support.c\n'}
[1.318917] (px4_msgs) StdoutLine: {'line': b'-- Up-to-date: /home/harsh/ros2_project/install/px4_msgs/include/px4_msgs/px4_msgs/msg/detail/gpio_request__rosidl_typesupport_introspection_c.h\n'}
[1.318984] (px4_msgs) StdoutLine: {'line': b'-- Up-to-date: /home/harsh/ros2_project/install/px4_msgs/include/px4_msgs/px4_msgs/msg/detail/parameter_set_value_request__rosidl_typesupport_introspection_c.h\n'}
[1.319052] (px4_msgs) StdoutLine: {'line': b'-- Up-to-date: /home/harsh/ros2_project/install/px4_msgs/include/px4_msgs/px4_msgs/msg/detail/generator_status__rosidl_typesupport_introspection_c.h\n'}
[1.319119] (px4_msgs) StdoutLine: {'line': b'-- Installing: /home/harsh/ros2_project/install/px4_msgs/include/px4_msgs/px4_msgs/msg/detail/can_interface_status__type_support.c\n'}
[1.319189] (px4_msgs) StdoutLine: {'line': b'-- Installing: /home/harsh/ros2_project/install/px4_msgs/include/px4_msgs/px4_msgs/msg/detail/gps_inject_data__type_support.c\n'}
[1.319257] (px4_msgs) StdoutLine: {'line': b'-- Up-to-date: /home/harsh/ros2_project/install/px4_msgs/include/px4_msgs/px4_msgs/msg/detail/estimator_sensor_bias__rosidl_typesupport_introspection_c.h\n'}
[1.319336] (px4_msgs) StdoutLine: {'line': b'-- Installing: /home/harsh/ros2_project/install/px4_msgs/include/px4_msgs/px4_msgs/msg/detail/buffer128__type_support.c\n'}
[1.319420] (px4_msgs) StdoutLine: {'line': b'-- Up-to-date: /home/harsh/ros2_project/install/px4_msgs/include/px4_msgs/px4_msgs/msg/detail/flight_phase_estimation__rosidl_typesupport_introspection_c.h\n'}
[1.319502] (px4_msgs) StdoutLine: {'line': b'-- Installing: /home/harsh/ros2_project/install/px4_msgs/include/px4_msgs/px4_msgs/msg/detail/vehicle_odometry__type_support.c\n'}
[1.319571] (px4_msgs) StdoutLine: {'line': b'-- Up-to-date: /home/harsh/ros2_project/install/px4_msgs/include/px4_msgs/px4_msgs/msg/detail/estimator_selector_status__rosidl_typesupport_introspection_c.h\n'}
[1.319641] (px4_msgs) StdoutLine: {'line': b'-- Installing: /home/harsh/ros2_project/install/px4_msgs/include/px4_msgs/px4_msgs/msg/detail/gimbal_controls__type_support.c\n'}
[1.319710] (px4_msgs) StdoutLine: {'line': b'-- Installing: /home/harsh/ros2_project/install/px4_msgs/include/px4_msgs/px4_msgs/msg/detail/cellular_status__type_support.c\n'}
[1.319778] (px4_msgs) StdoutLine: {'line': b'-- Up-to-date: /home/harsh/ros2_project/install/px4_msgs/include/px4_msgs/px4_msgs/msg/detail/logger_status__rosidl_typesupport_introspection_c.h\n'}
[1.319852] (px4_msgs) StdoutLine: {'line': b'-- Installing: /home/harsh/ros2_project/install/px4_msgs/include/px4_msgs/px4_msgs/msg/detail/system_power__type_support.c\n'}
[1.319923] (px4_msgs) StdoutLine: {'line': b'-- Installing: /home/harsh/ros2_project/install/px4_msgs/include/px4_msgs/px4_msgs/msg/detail/vtol_vehicle_status__type_support.c\n'}
[1.319992] (px4_msgs) StdoutLine: {'line': b'-- Up-to-date: /home/harsh/ros2_project/install/px4_msgs/include/px4_msgs/px4_msgs/msg/detail/estimator_bias3d__rosidl_typesupport_introspection_c.h\n'}
[1.320061] (px4_msgs) StdoutLine: {'line': b'-- Installing: /home/harsh/ros2_project/install/px4_msgs/include/px4_msgs/px4_msgs/msg/detail/gimbal_manager_information__type_support.c\n'}
[1.320135] (px4_msgs) StdoutLine: {'line': b'-- Installing: /home/harsh/ros2_project/install/px4_msgs/include/px4_msgs/px4_msgs/msg/detail/sensor_accel_fifo__type_support.c\n'}
[1.320204] (px4_msgs) StdoutLine: {'line': b'-- Up-to-date: /home/harsh/ros2_project/install/px4_msgs/include/px4_msgs/px4_msgs/msg/detail/autotune_attitude_control_status__rosidl_typesupport_introspection_c.h\n'}
[1.320274] (px4_msgs) StdoutLine: {'line': b'-- Up-to-date: /home/harsh/ros2_project/install/px4_msgs/include/px4_msgs/px4_msgs/msg/detail/manual_control_setpoint__rosidl_typesupport_introspection_c.h\n'}
[1.320369] (px4_msgs) StdoutLine: {'line': b'-- Installing: /home/harsh/ros2_project/install/px4_msgs/include/px4_msgs/px4_msgs/msg/detail/uavcan_parameter_request__type_support.c\n'}
[1.320443] (px4_msgs) StdoutLine: {'line': b'-- Installing: /home/harsh/ros2_project/install/px4_msgs/include/px4_msgs/px4_msgs/msg/detail/register_ext_component_reply__type_support.c\n'}
[1.320513] (px4_msgs) StdoutLine: {'line': b'-- Up-to-date: /home/harsh/ros2_project/install/px4_msgs/include/px4_msgs/px4_msgs/msg/detail/position_controller_status__rosidl_typesupport_introspection_c.h\n'}
[1.320583] (px4_msgs) StdoutLine: {'line': b'-- Installing: /home/harsh/ros2_project/install/px4_msgs/include/px4_msgs/px4_msgs/msg/detail/vehicle_acceleration__type_support.c\n'}
[1.320653] (px4_msgs) StdoutLine: {'line': b'-- Installing: /home/harsh/ros2_project/install/px4_msgs/include/px4_msgs/px4_msgs/msg/detail/orb_test_medium__type_support.c\n'}
[1.320732] (px4_msgs) StdoutLine: {'line': b'-- Up-to-date: /home/harsh/ros2_project/install/px4_msgs/include/px4_msgs/px4_msgs/msg/detail/follow_target_status__rosidl_typesupport_introspection_c.h\n'}
[1.320803] (px4_msgs) StdoutLine: {'line': b'-- Installing: /home/harsh/ros2_project/install/px4_msgs/include/px4_msgs/px4_msgs/msg/detail/position_setpoint__type_support.c\n'}
[1.320872] (px4_msgs) StdoutLine: {'line': b'-- Up-to-date: /home/harsh/ros2_project/install/px4_msgs/include/px4_msgs/px4_msgs/msg/detail/follow_target_estimator__rosidl_typesupport_introspection_c.h\n'}
[1.320942] (px4_msgs) StdoutLine: {'line': b'-- Up-to-date: /home/harsh/ros2_project/install/px4_msgs/include/px4_msgs/px4_msgs/msg/detail/actuator_test__rosidl_typesupport_introspection_c.h\n'}
[1.321017] (px4_msgs) StdoutLine: {'line': b'-- Installing: /home/harsh/ros2_project/install/px4_msgs/include/px4_msgs/px4_msgs/msg/detail/vehicle_optical_flow__type_support.c\n'}
[1.321094] (px4_msgs) StdoutLine: {'line': b'-- Installing: /home/harsh/ros2_project/install/px4_msgs/include/px4_msgs/px4_msgs/msg/detail/ulog_stream_ack__type_support.c\n'}
[1.321163] (px4_msgs) StdoutLine: {'line': b'-- Installing: /home/harsh/ros2_project/install/px4_msgs/include/px4_msgs/px4_msgs/msg/detail/trajectory_setpoint__type_support.c\n'}
[1.321234] (px4_msgs) StdoutLine: {'line': b'-- Installing: /home/harsh/ros2_project/install/px4_msgs/include/px4_msgs/px4_msgs/msg/detail/rpm__type_support.c\n'}
[1.321304] (px4_msgs) StdoutLine: {'line': b'-- Up-to-date: /home/harsh/ros2_project/install/px4_msgs/include/px4_msgs/px4_msgs/msg/detail/tune_control__rosidl_typesupport_introspection_c.h\n'}
[1.321435] (px4_msgs) StdoutLine: {'line': b'-- Installing: /home/harsh/ros2_project/install/px4_msgs/include/px4_msgs/px4_msgs/msg/detail/position_setpoint_triplet__type_support.c\n'}
[1.321507] (px4_msgs) StdoutLine: {'line': b'-- Installing: /home/harsh/ros2_project/install/px4_msgs/include/px4_msgs/px4_msgs/msg/detail/debug_value__type_support.c\n'}
[1.321574] (px4_msgs) StdoutLine: {'line': b'-- Up-to-date: /home/harsh/ros2_project/install/px4_msgs/include/px4_msgs/px4_msgs/msg/detail/sensor_uwb__rosidl_typesupport_introspection_c.h\n'}
[1.321642] (px4_msgs) StdoutLine: {'line': b'-- Up-to-date: /home/harsh/ros2_project/install/px4_msgs/include/px4_msgs/px4_msgs/msg/detail/actuator_servos__rosidl_typesupport_introspection_c.h\n'}
[1.321707] (px4_msgs) StdoutLine: {'line': b'-- Up-to-date: /home/harsh/ros2_project/install/px4_msgs/include/px4_msgs/px4_msgs/msg/detail/mavlink_log__rosidl_typesupport_introspection_c.h\n'}
[1.321770] (px4_msgs) StdoutLine: {'line': b'-- Up-to-date: /home/harsh/ros2_project/install/px4_msgs/include/px4_msgs/px4_msgs/msg/detail/goto_setpoint__rosidl_typesupport_introspection_c.h\n'}
[1.321835] (px4_msgs) StdoutLine: {'line': b'-- Up-to-date: /home/harsh/ros2_project/install/px4_msgs/include/px4_msgs/px4_msgs/msg/detail/uavcan_parameter_request__rosidl_typesupport_introspection_c.h\n'}
[1.321902] (px4_msgs) StdoutLine: {'line': b'-- Up-to-date: /home/harsh/ros2_project/install/px4_msgs/include/px4_msgs/px4_msgs/msg/detail/debug_value__rosidl_typesupport_introspection_c.h\n'}
[1.321968] (px4_msgs) StdoutLine: {'line': b'-- Up-to-date: /home/harsh/ros2_project/install/px4_msgs/include/px4_msgs/px4_msgs/msg/detail/action_request__rosidl_typesupport_introspection_c.h\n'}
[1.322033] (px4_msgs) StdoutLine: {'line': b'-- Up-to-date: /home/harsh/ros2_project/install/px4_msgs/include/px4_msgs/px4_msgs/msg/detail/telemetry_status__rosidl_typesupport_introspection_c.h\n'}
[1.322100] (px4_msgs) StdoutLine: {'line': b'-- Up-to-date: /home/harsh/ros2_project/install/px4_msgs/include/px4_msgs/px4_msgs/msg/detail/system_power__rosidl_typesupport_introspection_c.h\n'}
[1.322169] (px4_msgs) StdoutLine: {'line': b'-- Up-to-date: /home/harsh/ros2_project/install/px4_msgs/include/px4_msgs/px4_msgs/msg/detail/estimator_states__rosidl_typesupport_introspection_c.h\n'}
[1.322236] (px4_msgs) StdoutLine: {'line': b'-- Installing: /home/harsh/ros2_project/install/px4_msgs/include/px4_msgs/px4_msgs/msg/detail/estimator_status__type_support.c\n'}
[1.322304] (px4_msgs) StdoutLine: {'line': b'-- Up-to-date: /home/harsh/ros2_project/install/px4_msgs/include/px4_msgs/px4_msgs/msg/detail/vehicle_imu_status__rosidl_typesupport_introspection_c.h\n'}
[1.322399] (px4_msgs) StdoutLine: {'line': b'-- Installing: /home/harsh/ros2_project/install/px4_msgs/include/px4_msgs/px4_msgs/msg/detail/airspeed_validated__type_support.c\n'}
[1.322471] (px4_msgs) StdoutLine: {'line': b'-- Up-to-date: /home/harsh/ros2_project/install/px4_msgs/include/px4_msgs/px4_msgs/msg/detail/geofence_result__rosidl_typesupport_introspection_c.h\n'}
[1.322541] (px4_msgs) StdoutLine: {'line': b'-- Up-to-date: /home/harsh/ros2_project/install/px4_msgs/include/px4_msgs/px4_msgs/msg/detail/magnetometer_bias_estimate__rosidl_typesupport_introspection_c.h\n'}
[1.322612] (px4_msgs) StdoutLine: {'line': b'-- Installing: /home/harsh/ros2_project/install/px4_msgs/include/px4_msgs/px4_msgs/msg/detail/geofence_result__type_support.c\n'}
[1.322707] (px4_msgs) StdoutLine: {'line': b'-- Up-to-date: /home/harsh/ros2_project/install/px4_msgs/include/px4_msgs/px4_msgs/msg/detail/camera_status__rosidl_typesupport_introspection_c.h\n'}
[1.322794] (px4_msgs) StdoutLine: {'line': b'-- Up-to-date: /home/harsh/ros2_project/install/px4_msgs/include/px4_msgs/px4_msgs/msg/detail/iridiumsbd_status__rosidl_typesupport_introspection_c.h\n'}
[1.322876] (px4_msgs) StdoutLine: {'line': b'-- Up-to-date: /home/harsh/ros2_project/install/px4_msgs/include/px4_msgs/px4_msgs/msg/detail/orbit_status__rosidl_typesupport_introspection_c.h\n'}
[1.322950] (px4_msgs) StdoutLine: {'line': b'-- Installing: /home/harsh/ros2_project/install/px4_msgs/include/px4_msgs/px4_msgs/msg/detail/rtl_status__type_support.c\n'}
[1.323017] (px4_msgs) StdoutLine: {'line': b'-- Installing: /home/harsh/ros2_project/install/px4_msgs/include/px4_msgs/px4_msgs/msg/detail/geofence_status__type_support.c\n'}
[1.323085] (px4_msgs) StdoutLine: {'line': b'-- Installing: /home/harsh/ros2_project/install/px4_msgs/include/px4_msgs/px4_msgs/msg/detail/tiltrotor_extra_controls__type_support.c\n'}
[1.323154] (px4_msgs) StdoutLine: {'line': b'-- Installing: /home/harsh/ros2_project/install/px4_msgs/include/px4_msgs/px4_msgs/msg/detail/sensor_airflow__type_support.c\n'}
[1.323226] (px4_msgs) StdoutLine: {'line': b'-- Installing: /home/harsh/ros2_project/install/px4_msgs/include/px4_msgs/px4_msgs/msg/detail/message_format_response__type_support.c\n'}
[1.323301] (px4_msgs) StdoutLine: {'line': b'-- Up-to-date: /home/harsh/ros2_project/install/px4_msgs/include/px4_msgs/px4_msgs/msg/detail/takeoff_status__rosidl_typesupport_introspection_c.h\n'}
[1.323393] (px4_msgs) StdoutLine: {'line': b'-- Installing: /home/harsh/ros2_project/install/px4_msgs/include/px4_msgs/px4_msgs/msg/detail/battery_status__type_support.c\n'}
[1.323484] (px4_msgs) StdoutLine: {'line': b'-- Up-to-date: /home/harsh/ros2_project/install/px4_msgs/include/px4_msgs/px4_msgs/msg/detail/debug_vect__rosidl_typesupport_introspection_c.h\n'}
[1.323560] (px4_msgs) StdoutLine: {'line': b'-- Installing: /home/harsh/ros2_project/install/px4_msgs/include/px4_msgs/px4_msgs/msg/detail/sensor_correction__type_support.c\n'}
[1.323636] (px4_msgs) StdoutLine: {'line': b'-- Up-to-date: /home/harsh/ros2_project/install/px4_msgs/include/px4_msgs/px4_msgs/msg/detail/cellular_status__rosidl_typesupport_introspection_c.h\n'}
[1.323707] (px4_msgs) StdoutLine: {'line': b'-- Installing: /home/harsh/ros2_project/install/px4_msgs/include/px4_msgs/px4_msgs/msg/detail/home_position__type_support.c\n'}
[1.323783] (px4_msgs) StdoutLine: {'line': b'-- Up-to-date: /home/harsh/ros2_project/install/px4_msgs/include/px4_msgs/px4_msgs/msg/detail/gimbal_device_information__rosidl_typesupport_introspection_c.h\n'}
[1.323861] (px4_msgs) StdoutLine: {'line': b'-- Installing: /home/harsh/ros2_project/install/px4_msgs/include/px4_msgs/px4_msgs/msg/detail/vehicle_optical_flow_vel__type_support.c\n'}
[1.323931] (px4_msgs) StdoutLine: {'line': b'-- Up-to-date: /home/harsh/ros2_project/install/px4_msgs/include/px4_msgs/px4_msgs/msg/detail/debug_array__rosidl_typesupport_introspection_c.h\n'}
[1.324005] (px4_msgs) StdoutLine: {'line': b'-- Up-to-date: /home/harsh/ros2_project/install/px4_msgs/include/px4_msgs/px4_msgs/msg/detail/estimator_aid_source3d__rosidl_typesupport_introspection_c.h\n'}
[1.324073] (px4_msgs) StdoutLine: {'line': b'-- Installing: /home/harsh/ros2_project/install/px4_msgs/include/px4_msgs/px4_msgs/msg/detail/tune_control__type_support.c\n'}
[1.324141] (px4_msgs) StdoutLine: {'line': b'-- Installing: /home/harsh/ros2_project/install/px4_msgs/include/px4_msgs/px4_msgs/msg/detail/gimbal_manager_set_attitude__type_support.c\n'}
[1.324210] (px4_msgs) StdoutLine: {'line': b'-- Installing: /home/harsh/ros2_project/install/px4_msgs/include/px4_msgs/px4_msgs/msg/detail/mavlink_log__type_support.c\n'}
[1.324277] (px4_msgs) StdoutLine: {'line': b'-- Installing: /home/harsh/ros2_project/install/px4_msgs/include/px4_msgs/px4_msgs/msg/detail/estimator_innovations__type_support.c\n'}
[1.324401] (px4_msgs) StdoutLine: {'line': b'-- Up-to-date: /home/harsh/ros2_project/install/px4_msgs/include/px4_msgs/px4_msgs/msg/detail/event__rosidl_typesupport_introspection_c.h\n'}
[1.324490] (px4_msgs) StdoutLine: {'line': b'-- Installing: /home/harsh/ros2_project/install/px4_msgs/include/px4_msgs/px4_msgs/msg/detail/collision_report__type_support.c\n'}
[1.324566] (px4_msgs) StdoutLine: {'line': b'-- Up-to-date: /home/harsh/ros2_project/install/px4_msgs/include/px4_msgs/px4_msgs/msg/detail/figure_eight_status__rosidl_typesupport_introspection_c.h\n'}
[1.324632] (px4_msgs) StdoutLine: {'line': b'-- Up-to-date: /home/harsh/ros2_project/install/px4_msgs/include/px4_msgs/px4_msgs/msg/detail/position_setpoint_triplet__rosidl_typesupport_introspection_c.h\n'}
[1.324703] (px4_msgs) StdoutLine: {'line': b'-- Up-to-date: /home/harsh/ros2_project/install/px4_msgs/include/px4_msgs/px4_msgs/msg/detail/vehicle_odometry__rosidl_typesupport_introspection_c.h\n'}
[1.324774] (px4_msgs) StdoutLine: {'line': b'-- Up-to-date: /home/harsh/ros2_project/install/px4_msgs/include/px4_msgs/px4_msgs/msg/detail/uavcan_parameter_value__rosidl_typesupport_introspection_c.h\n'}
[1.324841] (px4_msgs) StdoutLine: {'line': b'-- Up-to-date: /home/harsh/ros2_project/install/px4_msgs/include/px4_msgs/px4_msgs/msg/detail/sensor_optical_flow__rosidl_typesupport_introspection_c.h\n'}
[1.324907] (px4_msgs) StdoutLine: {'line': b'-- Up-to-date: /home/harsh/ros2_project/install/px4_msgs/include/px4_msgs/px4_msgs/msg/detail/vehicle_control_mode__rosidl_typesupport_introspection_c.h\n'}
[1.324973] (px4_msgs) StdoutLine: {'line': b'-- Installing: /home/harsh/ros2_project/install/px4_msgs/include/px4_msgs/px4_msgs/msg/detail/landing_target_pose__type_support.c\n'}
[1.325045] (px4_msgs) StdoutLine: {'line': b'-- Up-to-date: /home/harsh/ros2_project/install/px4_msgs/include/px4_msgs/px4_msgs/msg/detail/register_ext_component_request__rosidl_typesupport_introspection_c.h\n'}
[1.325109] (px4_msgs) StdoutLine: {'line': b'-- Installing: /home/harsh/ros2_project/install/px4_msgs/include/px4_msgs/px4_msgs/msg/detail/trajectory_bezier__type_support.c\n'}
[1.325172] (px4_msgs) StdoutLine: {'line': b'-- Installing: /home/harsh/ros2_project/install/px4_msgs/include/px4_msgs/px4_msgs/msg/detail/message_format_request__type_support.c\n'}
[1.325241] (px4_msgs) StdoutLine: {'line': b'-- Up-to-date: /home/harsh/ros2_project/install/px4_msgs/include/px4_msgs/px4_msgs/msg/detail/gps_dump__rosidl_typesupport_introspection_c.h\n'}
[1.325304] (px4_msgs) StdoutLine: {'line': b'-- Installing: /home/harsh/ros2_project/install/px4_msgs/include/px4_msgs/px4_msgs/msg/detail/rate_ctrl_status__type_support.c\n'}
[1.325390] (px4_msgs) StdoutLine: {'line': b'-- Up-to-date: /home/harsh/ros2_project/install/px4_msgs/include/px4_msgs/px4_msgs/msg/detail/launch_detection_status__rosidl_typesupport_introspection_c.h\n'}
[1.325460] (px4_msgs) StdoutLine: {'line': b'-- Up-to-date: /home/harsh/ros2_project/install/px4_msgs/include/px4_msgs/px4_msgs/msg/detail/irlock_report__rosidl_typesupport_introspection_c.h\n'}
[1.325523] (px4_msgs) StdoutLine: {'line': b'-- Up-to-date: /home/harsh/ros2_project/install/px4_msgs/include/px4_msgs/px4_msgs/msg/detail/actuator_motors__rosidl_typesupport_introspection_c.h\n'}
[1.325585] (px4_msgs) StdoutLine: {'line': b'-- Up-to-date: /home/harsh/ros2_project/install/px4_msgs/include/px4_msgs/px4_msgs/msg/detail/position_setpoint__rosidl_typesupport_introspection_c.h\n'}
[1.325647] (px4_msgs) StdoutLine: {'line': b'-- Installing: /home/harsh/ros2_project/install/px4_msgs/include/px4_msgs/px4_msgs/msg/detail/gripper__type_support.c\n'}
[1.325709] (px4_msgs) StdoutLine: {'line': b'-- Up-to-date: /home/harsh/ros2_project/install/px4_msgs/include/px4_msgs/px4_msgs/msg/detail/distance_sensor__rosidl_typesupport_introspection_c.h\n'}
[1.325766] (px4_msgs) StdoutLine: {'line': b'-- Installing: /home/harsh/ros2_project/install/px4_msgs/include/px4_msgs/px4_msgs/msg/detail/log_message__type_support.c\n'}
[1.325842] (px4_msgs) StdoutLine: {'line': b'-- Installing: /home/harsh/ros2_project/install/px4_msgs/include/px4_msgs/px4_msgs/msg/detail/mag_worker_data__type_support.c\n'}
[1.325930] (px4_msgs) StdoutLine: {'line': b'-- Up-to-date: /home/harsh/ros2_project/install/px4_msgs/include/px4_msgs/px4_msgs/msg/detail/estimator_aid_source1d__rosidl_typesupport_introspection_c.h\n'}
[1.326018] (px4_msgs) StdoutLine: {'line': b'-- Installing: /home/harsh/ros2_project/install/px4_msgs/include/px4_msgs/px4_msgs/msg/detail/sensor_preflight_mag__type_support.c\n'}
[1.326105] (px4_msgs) StdoutLine: {'line': b'-- Up-to-date: /home/harsh/ros2_project/install/px4_msgs/include/px4_msgs/px4_msgs/msg/detail/failsafe_flags__rosidl_typesupport_introspection_c.h\n'}
[1.326197] (px4_msgs) StdoutLine: {'line': b'-- Up-to-date: /home/harsh/ros2_project/install/px4_msgs/include/px4_msgs/px4_msgs/msg/detail/ekf2_timestamps__rosidl_typesupport_introspection_c.h\n'}
[1.326281] (px4_msgs) StdoutLine: {'line': b'-- Up-to-date: /home/harsh/ros2_project/install/px4_msgs/include/px4_msgs/px4_msgs/msg/detail/vehicle_optical_flow__rosidl_typesupport_introspection_c.h\n'}
[1.326382] (px4_msgs) StdoutLine: {'line': b'-- Up-to-date: /home/harsh/ros2_project/install/px4_msgs/include/px4_msgs/px4_msgs/msg/detail/rc_parameter_map__rosidl_typesupport_introspection_c.h\n'}
[1.326454] (px4_msgs) StdoutLine: {'line': b'-- Installing: /home/harsh/ros2_project/install/px4_msgs/include/px4_msgs/px4_msgs/msg/detail/sensor_hygrometer__type_support.c\n'}
[1.326522] (px4_msgs) StdoutLine: {'line': b'-- Up-to-date: /home/harsh/ros2_project/install/px4_msgs/include/px4_msgs/px4_msgs/msg/detail/vehicle_rates_setpoint__rosidl_typesupport_introspection_c.h\n'}
[1.326587] (px4_msgs) StdoutLine: {'line': b'-- Installing: /home/harsh/ros2_project/install/px4_msgs/include/px4_msgs/px4_msgs/msg/detail/actuator_servos__type_support.c\n'}
[1.326654] (px4_msgs) StdoutLine: {'line': b'-- Up-to-date: /home/harsh/ros2_project/install/px4_msgs/include/px4_msgs/px4_msgs/msg/detail/heater_status__rosidl_typesupport_introspection_c.h\n'}
[1.326755] (px4_msgs) StdoutLine: {'line': b'-- Up-to-date: /home/harsh/ros2_project/install/px4_msgs/include/px4_msgs/px4_msgs/msg/detail/ulog_stream__rosidl_typesupport_introspection_c.h\n'}
[1.326828] (px4_msgs) StdoutLine: {'line': b'-- Up-to-date: /home/harsh/ros2_project/install/px4_msgs/include/px4_msgs/px4_msgs/msg/detail/vehicle_land_detected__rosidl_typesupport_introspection_c.h\n'}
[1.326887] (px4_msgs) StdoutLine: {'line': b'-- Installing: /home/harsh/ros2_project/install/px4_msgs/include/px4_msgs/px4_msgs/msg/detail/distance_sensor__type_support.c\n'}
[1.326944] (px4_msgs) StdoutLine: {'line': b'-- Installing: /home/harsh/ros2_project/install/px4_msgs/include/px4_msgs/px4_msgs/msg/detail/estimator_states__type_support.c\n'}
[1.327006] (px4_msgs) StdoutLine: {'line': b'-- Installing: /home/harsh/ros2_project/install/px4_msgs/include/px4_msgs/px4_msgs/msg/detail/led_control__type_support.c\n'}
[1.327067] (px4_msgs) StdoutLine: {'line': b'-- Up-to-date: /home/harsh/ros2_project/install/px4_msgs/include/px4_msgs/px4_msgs/msg/detail/estimator_event_flags__rosidl_typesupport_introspection_c.h\n'}
[1.327124] (px4_msgs) StdoutLine: {'line': b'-- Up-to-date: /home/harsh/ros2_project/install/px4_msgs/include/px4_msgs/px4_msgs/msg/detail/transponder_report__rosidl_typesupport_introspection_c.h\n'}
[1.327215] (px4_msgs) StdoutLine: {'line': b'-- Installing: /home/harsh/ros2_project/install/px4_msgs/include/px4_msgs/px4_msgs/msg/detail/heater_status__type_support.c\n'}
[1.327291] (px4_msgs) StdoutLine: {'line': b'-- Up-to-date: /home/harsh/ros2_project/install/px4_msgs/include/px4_msgs/px4_msgs/msg/detail/failure_detector_status__rosidl_typesupport_introspection_c.h\n'}
[1.327372] (px4_msgs) StdoutLine: {'line': b'-- Up-to-date: /home/harsh/ros2_project/install/px4_msgs/include/px4_msgs/px4_msgs/msg/detail/log_message__rosidl_typesupport_introspection_c.h\n'}
[1.327435] (px4_msgs) StdoutLine: {'line': b'-- Installing: /home/harsh/ros2_project/install/px4_msgs/include/px4_msgs/px4_msgs/msg/detail/qshell_retval__type_support.c\n'}
[1.327501] (px4_msgs) StdoutLine: {'line': b'-- Installing: /home/harsh/ros2_project/install/px4_msgs/include/px4_msgs/px4_msgs/msg/detail/gimbal_device_information__type_support.c\n'}
[1.327601] (px4_msgs) StdoutLine: {'line': b'-- Installing: /home/harsh/ros2_project/install/px4_msgs/include/px4_msgs/px4_msgs/msg/detail/unregister_ext_component__type_support.c\n'}
[1.327669] (px4_msgs) StdoutLine: {'line': b'-- Installing: /home/harsh/ros2_project/install/px4_msgs/include/px4_msgs/px4_msgs/msg/detail/control_allocator_status__type_support.c\n'}
[1.327731] (px4_msgs) StdoutLine: {'line': b'-- Installing: /home/harsh/ros2_project/install/px4_msgs/include/px4_msgs/px4_msgs/msg/detail/rtl_time_estimate__type_support.c\n'}
[1.327810] (px4_msgs) StdoutLine: {'line': b'-- Up-to-date: /home/harsh/ros2_project/install/px4_msgs/include/px4_msgs/px4_msgs/msg/detail/vehicle_optical_flow_vel__rosidl_typesupport_introspection_c.h\n'}
[1.327921] (px4_msgs) StdoutLine: {'line': b'-- Installing: /home/harsh/ros2_project/install/px4_msgs/include/px4_msgs/px4_msgs/msg/detail/magnetometer_bias_estimate__type_support.c\n'}
[1.328018] (px4_msgs) StdoutLine: {'line': b'-- Installing: /home/harsh/ros2_project/install/px4_msgs/include/px4_msgs/px4_msgs/msg/detail/mission__type_support.c\n'}
[1.328081] (px4_msgs) StdoutLine: {'line': b'-- Installing: /home/harsh/ros2_project/install/px4_msgs/include/px4_msgs/px4_msgs/msg/detail/trajectory_waypoint__type_support.c\n'}
[1.328151] (px4_msgs) StdoutLine: {'line': b'-- Installing: /home/harsh/ros2_project/install/px4_msgs/include/px4_msgs/px4_msgs/msg/detail/estimator_aid_source2d__type_support.c\n'}
[1.328234] (px4_msgs) StdoutLine: {'line': b'-- Installing: /home/harsh/ros2_project/install/px4_msgs/include/px4_msgs/px4_msgs/msg/detail/button_event__type_support.c\n'}
[1.328298] (px4_msgs) StdoutLine: {'line': b'-- Up-to-date: /home/harsh/ros2_project/install/px4_msgs/include/px4_msgs/px4_msgs/msg/detail/mount_orientation__rosidl_typesupport_introspection_c.h\n'}
[1.328393] (px4_msgs) StdoutLine: {'line': b'-- Installing: /home/harsh/ros2_project/install/px4_msgs/include/px4_msgs/px4_msgs/msg/detail/vehicle_rates_setpoint__type_support.c\n'}
[1.328464] (px4_msgs) StdoutLine: {'line': b'-- Up-to-date: /home/harsh/ros2_project/install/px4_msgs/include/px4_msgs/px4_msgs/msg/detail/gripper__rosidl_typesupport_introspection_c.h\n'}
[1.328525] (px4_msgs) StdoutLine: {'line': b'-- Installing: /home/harsh/ros2_project/install/px4_msgs/include/px4_msgs/px4_msgs/msg/detail/gimbal_device_set_attitude__type_support.c\n'}
[1.328584] (px4_msgs) StdoutLine: {'line': b'-- Installing: /home/harsh/ros2_project/install/px4_msgs/include/px4_msgs/px4_msgs/msg/detail/adc_report__type_support.c\n'}
[1.328649] (px4_msgs) StdoutLine: {'line': b'-- Installing: /home/harsh/ros2_project/install/px4_msgs/include/px4_msgs/px4_msgs/msg/detail/mount_orientation__type_support.c\n'}
[1.328740] (px4_msgs) StdoutLine: {'line': b'-- Up-to-date: /home/harsh/ros2_project/install/px4_msgs/include/px4_msgs/px4_msgs/msg/detail/power_monitor__rosidl_typesupport_introspection_c.h\n'}
[1.328838] (px4_msgs) StdoutLine: {'line': b'-- Up-to-date: /home/harsh/ros2_project/install/px4_msgs/include/px4_msgs/px4_msgs/msg/detail/position_controller_landing_status__rosidl_typesupport_introspection_c.h\n'}
[1.328910] (px4_msgs) StdoutLine: {'line': b'-- Up-to-date: /home/harsh/ros2_project/install/px4_msgs/include/px4_msgs/px4_msgs/msg/detail/normalized_unsigned_setpoint__rosidl_typesupport_introspection_c.h\n'}
[1.328973] (px4_msgs) StdoutLine: {'line': b'-- Up-to-date: /home/harsh/ros2_project/install/px4_msgs/include/px4_msgs/px4_msgs/msg/detail/gimbal_manager_set_manual_control__rosidl_typesupport_introspection_c.h\n'}
[1.329043] (px4_msgs) StdoutLine: {'line': b'-- Up-to-date: /home/harsh/ros2_project/install/px4_msgs/include/px4_msgs/px4_msgs/msg/detail/dataman_request__rosidl_typesupport_introspection_c.h\n'}
[1.329118] (px4_msgs) StdoutLine: {'line': b'-- Up-to-date: /home/harsh/ros2_project/install/px4_msgs/include/px4_msgs/px4_msgs/msg/detail/vehicle_magnetometer__rosidl_typesupport_introspection_c.h\n'}
[1.329186] (px4_msgs) StdoutLine: {'line': b'-- Up-to-date: /home/harsh/ros2_project/install/px4_msgs/include/px4_msgs/px4_msgs/msg/detail/dataman_response__rosidl_typesupport_introspection_c.h\n'}
[1.329247] (px4_msgs) StdoutLine: {'line': b'-- Installing: /home/harsh/ros2_project/install/px4_msgs/include/px4_msgs/px4_msgs/msg/detail/vehicle_control_mode__type_support.c\n'}
[1.329304] (px4_msgs) StdoutLine: {'line': b'-- Up-to-date: /home/harsh/ros2_project/install/px4_msgs/include/px4_msgs/px4_msgs/msg/detail/ulog_stream_ack__rosidl_typesupport_introspection_c.h\n'}
[1.329390] (px4_msgs) StdoutLine: {'line': b'-- Installing: /home/harsh/ros2_project/install/px4_msgs/include/px4_msgs/px4_msgs/msg/detail/sensor_uwb__type_support.c\n'}
[1.329451] (px4_msgs) StdoutLine: {'line': b'-- Installing: /home/harsh/ros2_project/install/px4_msgs/include/px4_msgs/px4_msgs/msg/detail/landing_target_innovations__type_support.c\n'}
[1.329517] (px4_msgs) StdoutLine: {'line': b'-- Installing: /home/harsh/ros2_project/install/px4_msgs/include/px4_msgs/px4_msgs/msg/detail/config_overrides__type_support.c\n'}
[1.329574] (px4_msgs) StdoutLine: {'line': b'-- Up-to-date: /home/harsh/ros2_project/install/px4_msgs/include/px4_msgs/px4_msgs/msg/detail/differential_drive_setpoint__rosidl_typesupport_introspection_c.h\n'}
[1.329631] (px4_msgs) StdoutLine: {'line': b'-- Installing: /home/harsh/ros2_project/install/px4_msgs/include/px4_msgs/px4_msgs/msg/detail/vehicle_thrust_setpoint__type_support.c\n'}
[1.329689] (px4_msgs) StdoutLine: {'line': b'-- Up-to-date: /home/harsh/ros2_project/install/px4_msgs/include/px4_msgs/px4_msgs/msg/detail/buffer128__rosidl_typesupport_introspection_c.h\n'}
[1.329747] (px4_msgs) StdoutLine: {'line': b'-- Installing: /home/harsh/ros2_project/install/px4_msgs/include/px4_msgs/px4_msgs/msg/detail/parameter_reset_request__type_support.c\n'}
[1.329802] (px4_msgs) StdoutLine: {'line': b'-- Up-to-date: /home/harsh/ros2_project/install/px4_msgs/include/px4_msgs/px4_msgs/msg/detail/px4io_status__rosidl_typesupport_introspection_c.h\n'}
[1.329858] (px4_msgs) StdoutLine: {'line': b'-- Installing: /home/harsh/ros2_project/install/px4_msgs/include/px4_msgs/px4_msgs/msg/detail/landing_gear__type_support.c\n'}
[1.329919] (px4_msgs) StdoutLine: {'line': b'-- Installing: /home/harsh/ros2_project/install/px4_msgs/include/px4_msgs/px4_msgs/msg/detail/mavlink_tunnel__type_support.c\n'}
[1.329976] (px4_msgs) StdoutLine: {'line': b'-- Installing: /home/harsh/ros2_project/install/px4_msgs/include/px4_msgs/px4_msgs/msg/detail/orbit_status__type_support.c\n'}
[1.330031] (px4_msgs) StdoutLine: {'line': b'-- Up-to-date: /home/harsh/ros2_project/install/px4_msgs/include/px4_msgs/px4_msgs/msg/detail/vehicle_thrust_setpoint__rosidl_typesupport_introspection_c.h\n'}
[1.330086] (px4_msgs) StdoutLine: {'line': b'-- Installing: /home/harsh/ros2_project/install/px4_msgs/include/px4_msgs/px4_msgs/msg/detail/px4io_status__type_support.c\n'}
[1.330141] (px4_msgs) StdoutLine: {'line': b'-- Up-to-date: /home/harsh/ros2_project/install/px4_msgs/include/px4_msgs/px4_msgs/msg/detail/home_position__rosidl_typesupport_introspection_c.h\n'}
[1.330197] (px4_msgs) StdoutLine: {'line': b'-- Up-to-date: /home/harsh/ros2_project/install/px4_msgs/include/px4_msgs/px4_msgs/msg/detail/mission__rosidl_typesupport_introspection_c.h\n'}
[1.330256] (px4_msgs) StdoutLine: {'line': b'-- Installing: /home/harsh/ros2_project/install/px4_msgs/include/px4_msgs/px4_msgs/msg/detail/timesync_status__type_support.c\n'}
[1.330312] (px4_msgs) StdoutLine: {'line': b'-- Installing: /home/harsh/ros2_project/install/px4_msgs/include/px4_msgs/px4_msgs/msg/detail/logger_status__type_support.c\n'}
[1.330384] (px4_msgs) StdoutLine: {'line': b'-- Installing: /home/harsh/ros2_project/install/px4_msgs/include/px4_msgs/px4_msgs/msg/detail/vehicle_command_ack__type_support.c\n'}
[1.330440] (px4_msgs) StdoutLine: {'line': b'-- Up-to-date: /home/harsh/ros2_project/install/px4_msgs/include/px4_msgs/px4_msgs/msg/detail/gimbal_controls__rosidl_typesupport_introspection_c.h\n'}
[1.330505] (px4_msgs) StdoutLine: {'line': b'-- Installing: /home/harsh/ros2_project/install/px4_msgs/include/px4_msgs/px4_msgs/msg/detail/airspeed__type_support.c\n'}
[1.330560] (px4_msgs) StdoutLine: {'line': b'-- Installing: /home/harsh/ros2_project/install/px4_msgs/include/px4_msgs/px4_msgs/msg/detail/arming_check_reply__type_support.c\n'}
[1.330619] (px4_msgs) StdoutLine: {'line': b'-- Up-to-date: /home/harsh/ros2_project/install/px4_msgs/include/px4_msgs/px4_msgs/msg/detail/sensor_preflight_mag__rosidl_typesupport_introspection_c.h\n'}
[1.330676] (px4_msgs) StdoutLine: {'line': b'-- Installing: /home/harsh/ros2_project/install/px4_msgs/include/px4_msgs/px4_msgs/msg/detail/flight_phase_estimation__type_support.c\n'}
[1.330733] (px4_msgs) StdoutLine: {'line': b'-- Up-to-date: /home/harsh/ros2_project/install/px4_msgs/include/px4_msgs/px4_msgs/msg/detail/gimbal_device_set_attitude__rosidl_typesupport_introspection_c.h\n'}
[1.330787] (px4_msgs) StdoutLine: {'line': b'-- Up-to-date: /home/harsh/ros2_project/install/px4_msgs/include/px4_msgs/px4_msgs/msg/detail/sensor_accel_fifo__rosidl_typesupport_introspection_c.h\n'}
[1.330839] (px4_msgs) StdoutLine: {'line': b'-- Installing: /home/harsh/ros2_project/install/px4_msgs/include/px4_msgs/px4_msgs/msg/detail/gimbal_manager_status__type_support.c\n'}
[1.330893] (px4_msgs) StdoutLine: {'line': b'-- Up-to-date: /home/harsh/ros2_project/install/px4_msgs/include/px4_msgs/px4_msgs/msg/detail/gimbal_manager_information__rosidl_typesupport_introspection_c.h\n'}
[1.330947] (px4_msgs) StdoutLine: {'line': b'-- Installing: /home/harsh/ros2_project/install/px4_msgs/include/px4_msgs/px4_msgs/msg/detail/gimbal_manager_set_manual_control__type_support.c\n'}
[1.330999] (px4_msgs) StdoutLine: {'line': b'-- Up-to-date: /home/harsh/ros2_project/install/px4_msgs/include/px4_msgs/px4_msgs/msg/detail/estimator_bias__rosidl_typesupport_introspection_c.h\n'}
[1.331061] (px4_msgs) StdoutLine: {'line': b'-- Installing: /home/harsh/ros2_project/install/px4_msgs/include/px4_msgs/px4_msgs/msg/detail/arming_check_request__type_support.c\n'}
[1.331117] (px4_msgs) StdoutLine: {'line': b'-- Installing: /home/harsh/ros2_project/install/px4_msgs/include/px4_msgs/px4_msgs/msg/detail/orb_test__type_support.c\n'}
[1.331174] (px4_msgs) StdoutLine: {'line': b'-- Installing: /home/harsh/ros2_project/install/px4_msgs/include/px4_msgs/px4_msgs/msg/detail/vehicle_attitude__type_support.c\n'}
[1.331228] (px4_msgs) StdoutLine: {'line': b'-- Up-to-date: /home/harsh/ros2_project/install/px4_msgs/include/px4_msgs/px4_msgs/msg/detail/collision_constraints__rosidl_typesupport_introspection_c.h\n'}
[1.331281] (px4_msgs) StdoutLine: {'line': b'-- Installing: /home/harsh/ros2_project/install/px4_msgs/include/px4_msgs/px4_msgs/msg/detail/vehicle_command__type_support.c\n'}
[1.331351] (px4_msgs) StdoutLine: {'line': b'-- Up-to-date: /home/harsh/ros2_project/install/px4_msgs/include/px4_msgs/px4_msgs/msg/detail/ping__rosidl_typesupport_introspection_c.h\n'}
[1.331412] (px4_msgs) StdoutLine: {'line': b'-- Up-to-date: /home/harsh/ros2_project/install/px4_msgs/include/px4_msgs/px4_msgs/msg/detail/vehicle_air_data__rosidl_typesupport_introspection_c.h\n'}
[1.331468] (px4_msgs) StdoutLine: {'line': b'-- Installing: /home/harsh/ros2_project/install/px4_msgs/include/px4_msgs/px4_msgs/msg/detail/gps_dump__type_support.c\n'}
[1.331522] (px4_msgs) StdoutLine: {'line': b'-- Up-to-date: /home/harsh/ros2_project/install/px4_msgs/include/px4_msgs/px4_msgs/msg/detail/vehicle_trajectory_bezier__rosidl_typesupport_introspection_c.h\n'}
[1.331576] (px4_msgs) StdoutLine: {'line': b'-- Installing: /home/harsh/ros2_project/install/px4_msgs/include/px4_msgs/px4_msgs/msg/detail/health_report__type_support.c\n'}
[1.331630] (px4_msgs) StdoutLine: {'line': b'-- Installing: /home/harsh/ros2_project/install/px4_msgs/include/px4_msgs/px4_msgs/msg/detail/task_stack_info__type_support.c\n'}
[1.331683] (px4_msgs) StdoutLine: {'line': b'-- Installing: /home/harsh/ros2_project/install/px4_msgs/include/px4_msgs/px4_msgs/msg/detail/differential_pressure__type_support.c\n'}
[1.331742] (px4_msgs) StdoutLine: {'line': b'-- Installing: /home/harsh/ros2_project/install/px4_msgs/include/px4_msgs/px4_msgs/msg/detail/parameter_set_value_request__type_support.c\n'}
[1.331798] (px4_msgs) StdoutLine: {'line': b'-- Installing: /home/harsh/ros2_project/install/px4_msgs/include/px4_msgs/px4_msgs/msg/detail/estimator_gps_status__type_support.c\n'}
[1.331852] (px4_msgs) StdoutLine: {'line': b'-- Installing: /home/harsh/ros2_project/install/px4_msgs/include/px4_msgs/px4_msgs/msg/detail/navigator_mission_item__type_support.c\n'}
[1.331906] (px4_msgs) StdoutLine: {'line': b'-- Installing: /home/harsh/ros2_project/install/px4_msgs/include/px4_msgs/px4_msgs/msg/detail/sensor_gyro__type_support.c\n'}
[1.331960] (px4_msgs) StdoutLine: {'line': b'-- Installing: /home/harsh/ros2_project/install/px4_msgs/include/px4_msgs/px4_msgs/msg/detail/cpuload__type_support.c\n'}
[1.332016] (px4_msgs) StdoutLine: {'line': b'-- Up-to-date: /home/harsh/ros2_project/install/px4_msgs/include/px4_msgs/px4_msgs/msg/detail/sensor_correction__rosidl_typesupport_introspection_c.h\n'}
[1.332071] (px4_msgs) StdoutLine: {'line': b'-- Installing: /home/harsh/ros2_project/install/px4_msgs/include/px4_msgs/px4_msgs/msg/detail/actuator_motors__type_support.c\n'}
[1.332121] (px4_msgs) StdoutLine: {'line': b'-- Installing: /home/harsh/ros2_project/install/px4_msgs/include/px4_msgs/px4_msgs/msg/detail/vehicle_attitude_setpoint__type_support.c\n'}
[1.332175] (px4_msgs) StdoutLine: {'line': b'-- Up-to-date: /home/harsh/ros2_project/install/px4_msgs/include/px4_msgs/px4_msgs/msg/detail/manual_control_switches__rosidl_typesupport_introspection_c.h\n'}
[1.332229] (px4_msgs) StdoutLine: {'line': b'-- Installing: /home/harsh/ros2_project/install/px4_msgs/include/px4_msgs/px4_msgs/msg/detail/sensor_optical_flow__type_support.c\n'}
[1.332284] (px4_msgs) StdoutLine: {'line': b'-- Installing: /home/harsh/ros2_project/install/px4_msgs/include/px4_msgs/px4_msgs/msg/detail/ekf2_timestamps__type_support.c\n'}
[1.332351] (px4_msgs) StdoutLine: {'line': b'-- Installing: /home/harsh/ros2_project/install/px4_msgs/include/px4_msgs/px4_msgs/msg/detail/vehicle_imu_status__type_support.c\n'}
[1.332410] (px4_msgs) StdoutLine: {'line': b'-- Up-to-date: /home/harsh/ros2_project/install/px4_msgs/include/px4_msgs/px4_msgs/msg/detail/landing_gear_wheel__rosidl_typesupport_introspection_c.h\n'}
[1.332466] (px4_msgs) StdoutLine: {'line': b'-- Up-to-date: /home/harsh/ros2_project/install/px4_msgs/include/px4_msgs/px4_msgs/msg/detail/sensors_status__rosidl_typesupport_introspection_c.h\n'}
[1.332522] (px4_msgs) StdoutLine: {'line': b'-- Up-to-date: /home/harsh/ros2_project/install/px4_msgs/include/px4_msgs/px4_msgs/msg/detail/sensor_baro__rosidl_typesupport_introspection_c.h\n'}
[1.332577] (px4_msgs) StdoutLine: {'line': b'-- Up-to-date: /home/harsh/ros2_project/install/px4_msgs/include/px4_msgs/px4_msgs/msg/detail/mag_worker_data__rosidl_typesupport_introspection_c.h\n'}
[1.332630] (px4_msgs) StdoutLine: {'line': b'-- Up-to-date: /home/harsh/ros2_project/install/px4_msgs/include/px4_msgs/px4_msgs/msg/detail/landing_gear__rosidl_typesupport_introspection_c.h\n'}
[1.332688] (px4_msgs) StdoutLine: {'line': b'-- Installing: /home/harsh/ros2_project/install/px4_msgs/include/px4_msgs/px4_msgs/msg/detail/satellite_info__type_support.c\n'}
[1.332744] (px4_msgs) StdoutLine: {'line': b'-- Up-to-date: /home/harsh/ros2_project/install/px4_msgs/include/px4_msgs/px4_msgs/msg/detail/vehicle_local_position__rosidl_typesupport_introspection_c.h\n'}
[1.332802] (px4_msgs) StdoutLine: {'line': b'-- Up-to-date: /home/harsh/ros2_project/install/px4_msgs/include/px4_msgs/px4_msgs/msg/detail/geofence_status__rosidl_typesupport_introspection_c.h\n'}
[1.332857] (px4_msgs) StdoutLine: {'line': b'-- Up-to-date: /home/harsh/ros2_project/install/px4_msgs/include/px4_msgs/px4_msgs/msg/detail/health_report__rosidl_typesupport_introspection_c.h\n'}
[1.332914] (px4_msgs) StdoutLine: {'line': b'-- Up-to-date: /home/harsh/ros2_project/install/px4_msgs/include/px4_msgs/px4_msgs/msg/detail/rc_channels__rosidl_typesupport_introspection_c.h\n'}
[1.332968] (px4_msgs) StdoutLine: {'line': b'-- Installing: /home/harsh/ros2_project/install/px4_msgs/include/px4_msgs/px4_msgs/msg/detail/vehicle_imu__type_support.c\n'}
[1.333019] (px4_msgs) StdoutLine: {'line': b'-- Up-to-date: /home/harsh/ros2_project/install/px4_msgs/include/px4_msgs/px4_msgs/msg/detail/can_interface_status__rosidl_typesupport_introspection_c.h\n'}
[1.333072] (px4_msgs) StdoutLine: {'line': b'-- Installing: /home/harsh/ros2_project/install/px4_msgs/include/px4_msgs/px4_msgs/msg/detail/vehicle_trajectory_bezier__type_support.c\n'}
[1.333125] (px4_msgs) StdoutLine: {'line': b'-- Installing: /home/harsh/ros2_project/install/px4_msgs/include/px4_msgs/px4_msgs/msg/detail/manual_control_switches__type_support.c\n'}
[1.333176] (px4_msgs) StdoutLine: {'line': b'-- Installing: /home/harsh/ros2_project/install/px4_msgs/include/px4_msgs/px4_msgs/msg/detail/position_controller_landing_status__type_support.c\n'}
[1.333232] (px4_msgs) StdoutLine: {'line': b'-- Up-to-date: /home/harsh/ros2_project/install/px4_msgs/include/px4_msgs/px4_msgs/msg/detail/tecs_status__rosidl_typesupport_introspection_c.h\n'}
[1.333287] (px4_msgs) StdoutLine: {'line': b'-- Up-to-date: /home/harsh/ros2_project/install/px4_msgs/include/px4_msgs/px4_msgs/msg/detail/wheel_encoders__rosidl_typesupport_introspection_c.h\n'}
[1.333358] (px4_msgs) StdoutLine: {'line': b'-- Installing: /home/harsh/ros2_project/install/px4_msgs/include/px4_msgs/px4_msgs/msg/detail/wheel_encoders__type_support.c\n'}
[1.333582] (px4_msgs) StdoutLine: {'line': b'-- Installing: /home/harsh/ros2_project/install/px4_msgs/include/px4_msgs/px4_msgs/msg/detail/vehicle_local_position__type_support.c\n'}
[1.333663] (px4_msgs) StdoutLine: {'line': b'-- Installing: /home/harsh/ros2_project/install/px4_msgs/include/px4_msgs/px4_msgs/msg/detail/npfg_status__type_support.c\n'}
[1.333850] (px4_msgs) StdoutLine: {'line': b'-- Up-to-date: /home/harsh/ros2_project/install/px4_msgs/include/px4_msgs/px4_msgs/msg/detail/mavlink_tunnel__rosidl_typesupport_introspection_c.h\n'}
[1.333946] (px4_msgs) StdoutLine: {'line': b'-- Installing: /home/harsh/ros2_project/install/px4_msgs/include/px4_msgs/px4_msgs/msg/detail/vehicle_status__type_support.c\n'}
[1.334180] (px4_msgs) StdoutLine: {'line': b'-- Up-to-date: /home/harsh/ros2_project/install/px4_msgs/include/px4_msgs/px4_msgs/msg/detail/yaw_estimator_status__rosidl_typesupport_introspection_c.h\n'}
[1.334255] (px4_msgs) StdoutLine: {'line': b'-- Up-to-date: /home/harsh/ros2_project/install/px4_msgs/include/px4_msgs/px4_msgs/msg/detail/esc_status__rosidl_typesupport_introspection_c.h\n'}
[1.334300] (px4_msgs) StdoutLine: {'line': b'-- Installing: /home/harsh/ros2_project/install/px4_msgs/include/px4_msgs/px4_msgs/msg/detail/parameter_set_used_request__type_support.c\n'}
[1.334366] (px4_msgs) StdoutLine: {'line': b'-- Installing: /home/harsh/ros2_project/install/px4_msgs/include/px4_msgs/px4_msgs/msg/detail/takeoff_status__type_support.c\n'}
[1.334403] (px4_msgs) StdoutLine: {'line': b'-- Up-to-date: /home/harsh/ros2_project/install/px4_msgs/include/px4_msgs/px4_msgs/msg/detail/vehicle_attitude__rosidl_typesupport_introspection_c.h\n'}
[1.334435] (px4_msgs) StdoutLine: {'line': b'-- Up-to-date: /home/harsh/ros2_project/install/px4_msgs/include/px4_msgs/px4_msgs/msg/detail/parameter_reset_request__rosidl_typesupport_introspection_c.h\n'}
[1.334472] (px4_msgs) StdoutLine: {'line': b'-- Up-to-date: /home/harsh/ros2_project/install/px4_msgs/include/px4_msgs/px4_msgs/msg/detail/sensor_gyro__rosidl_typesupport_introspection_c.h\n'}
[1.334531] (px4_msgs) StdoutLine: {'line': b'-- Installing: /home/harsh/ros2_project/install/px4_msgs/include/px4_msgs/px4_msgs/msg/detail/vehicle_torque_setpoint__type_support.c\n'}
[1.334564] (px4_msgs) StdoutLine: {'line': b'-- Up-to-date: /home/harsh/ros2_project/install/px4_msgs/include/px4_msgs/px4_msgs/msg/detail/vehicle_global_position__rosidl_typesupport_introspection_c.h\n'}
[1.334621] (px4_msgs) StdoutLine: {'line': b'-- Installing: /home/harsh/ros2_project/install/px4_msgs/include/px4_msgs/px4_msgs/msg/detail/register_ext_component_request__type_support.c\n'}
[1.334654] (px4_msgs) StdoutLine: {'line': b'-- Installing: /home/harsh/ros2_project/install/px4_msgs/include/px4_msgs/px4_msgs/msg/detail/rc_parameter_map__type_support.c\n'}
[1.334689] (px4_msgs) StdoutLine: {'line': b'-- Installing: /home/harsh/ros2_project/install/px4_msgs/include/px4_msgs/px4_msgs/msg/detail/orb_test_large__type_support.c\n'}
[1.334720] (px4_msgs) StdoutLine: {'line': b'-- Up-to-date: /home/harsh/ros2_project/install/px4_msgs/include/px4_msgs/px4_msgs/msg/detail/gpio_config__rosidl_typesupport_introspection_c.h\n'}
[1.334752] (px4_msgs) StdoutLine: {'line': b'-- Up-to-date: /home/harsh/ros2_project/install/px4_msgs/include/px4_msgs/px4_msgs/msg/detail/esc_report__rosidl_typesupport_introspection_c.h\n'}
[1.334794] (px4_msgs) StdoutLine: {'line': b'-- Up-to-date: /home/harsh/ros2_project/install/px4_msgs/include/px4_msgs/px4_msgs/msg/detail/airspeed_wind__rosidl_typesupport_introspection_c.h\n'}
[1.334854] (px4_msgs) StdoutLine: {'line': b'-- Up-to-date: /home/harsh/ros2_project/install/px4_msgs/include/px4_msgs/px4_msgs/msg/detail/sensor_selection__rosidl_typesupport_introspection_c.h\n'}
[1.334899] (px4_msgs) StdoutLine: {'line': b'-- Installing: /home/harsh/ros2_project/install/px4_msgs/include/px4_msgs/px4_msgs/msg/detail/position_controller_status__type_support.c\n'}
[1.334931] (px4_msgs) StdoutLine: {'line': b'-- Installing: /home/harsh/ros2_project/install/px4_msgs/include/px4_msgs/px4_msgs/msg/detail/autotune_attitude_control_status__type_support.c\n'}
[1.334964] (px4_msgs) StdoutLine: {'line': b'-- Installing: /home/harsh/ros2_project/install/px4_msgs/include/px4_msgs/px4_msgs/msg/detail/estimator_aid_source3d__type_support.c\n'}
[1.335038] (px4_msgs) StdoutLine: {'line': b'-- Up-to-date: /home/harsh/ros2_project/install/px4_msgs/include/px4_msgs/px4_msgs/msg/detail/unregister_ext_component__rosidl_typesupport_introspection_c.h\n'}
[1.335074] (px4_msgs) StdoutLine: {'line': b'-- Up-to-date: /home/harsh/ros2_project/install/px4_msgs/include/px4_msgs/px4_msgs/msg/detail/collision_report__rosidl_typesupport_introspection_c.h\n'}
[1.335115] (px4_msgs) StdoutLine: {'line': b'-- Up-to-date: /home/harsh/ros2_project/install/px4_msgs/include/px4_msgs/px4_msgs/msg/detail/orb_test__rosidl_typesupport_introspection_c.h\n'}
[1.335147] (px4_msgs) StdoutLine: {'line': b'-- Installing: /home/harsh/ros2_project/install/px4_msgs/include/px4_msgs/px4_msgs/msg/detail/collision_constraints__type_support.c\n'}
[1.335192] (px4_msgs) StdoutLine: {'line': b'-- Up-to-date: /home/harsh/ros2_project/install/px4_msgs/include/px4_msgs/px4_msgs/msg/detail/vehicle_torque_setpoint__rosidl_typesupport_introspection_c.h\n'}
[1.335248] (px4_msgs) StdoutLine: {'line': b'-- Installing: /home/harsh/ros2_project/install/px4_msgs/include/px4_msgs/px4_msgs/msg/detail/gpio_request__type_support.c\n'}
[1.335305] (px4_msgs) StdoutLine: {'line': b'-- Installing: /home/harsh/ros2_project/install/px4_msgs/include/px4_msgs/px4_msgs/msg/detail/onboard_computer_status__type_support.c\n'}
[1.335359] (px4_msgs) StdoutLine: {'line': b'-- Up-to-date: /home/harsh/ros2_project/install/px4_msgs/include/px4_msgs/px4_msgs/msg/detail/gimbal_manager_status__rosidl_typesupport_introspection_c.h\n'}
[1.335409] (px4_msgs) StdoutLine: {'line': b'-- Up-to-date: /home/harsh/ros2_project/install/px4_msgs/include/px4_msgs/px4_msgs/msg/detail/vehicle_angular_velocity__rosidl_typesupport_introspection_c.h\n'}
[1.335466] (px4_msgs) StdoutLine: {'line': b'-- Installing: /home/harsh/ros2_project/install/px4_msgs/include/px4_msgs/px4_msgs/msg/detail/estimator_sensor_bias__type_support.c\n'}
[1.335504] (px4_msgs) StdoutLine: {'line': b'-- Installing: /home/harsh/ros2_project/install/px4_msgs/include/px4_msgs/px4_msgs/msg/detail/debug_vect__type_support.c\n'}
[1.335654] (px4_msgs) StdoutLine: {'line': b'-- Up-to-date: /home/harsh/ros2_project/install/px4_msgs/include/px4_msgs/px4_msgs/msg/detail/npfg_status__rosidl_typesupport_introspection_c.h\n'}
[1.335745] (px4_msgs) StdoutLine: {'line': b'-- Installing: /home/harsh/ros2_project/install/px4_msgs/include/px4_msgs/px4_msgs/msg/detail/action_request__type_support.c\n'}
[1.335793] (px4_msgs) StdoutLine: {'line': b'-- Installing: /home/harsh/ros2_project/install/px4_msgs/include/px4_msgs/px4_msgs/msg/detail/estimator_bias__type_support.c\n'}
[1.335836] (px4_msgs) StdoutLine: {'line': b'-- Installing: /home/harsh/ros2_project/install/px4_msgs/include/px4_msgs/px4_msgs/msg/detail/sensor_gnss_relative__type_support.c\n'}
[1.335873] (px4_msgs) StdoutLine: {'line': b'-- Up-to-date: /home/harsh/ros2_project/install/px4_msgs/include/px4_msgs/px4_msgs/msg/detail/trajectory_setpoint__rosidl_typesupport_introspection_c.h\n'}
[1.335906] (px4_msgs) StdoutLine: {'line': b'-- Up-to-date: /home/harsh/ros2_project/install/px4_msgs/include/px4_msgs/px4_msgs/msg/detail/landing_target_pose__rosidl_typesupport_introspection_c.h\n'}
[1.335967] (px4_msgs) StdoutLine: {'line': b'-- Up-to-date: /home/harsh/ros2_project/install/px4_msgs/include/px4_msgs/px4_msgs/msg/detail/parameter_set_used_request__rosidl_typesupport_introspection_c.h\n'}
[1.336008] (px4_msgs) StdoutLine: {'line': b'-- Up-to-date: /home/harsh/ros2_project/install/px4_msgs/include/px4_msgs/px4_msgs/msg/detail/sensor_hygrometer__rosidl_typesupport_introspection_c.h\n'}
[1.336059] (px4_msgs) StdoutLine: {'line': b'-- Installing: /home/harsh/ros2_project/install/px4_msgs/include/px4_msgs/px4_msgs/msg/detail/parameter_set_value_response__type_support.c\n'}
[1.336098] (px4_msgs) StdoutLine: {'line': b'-- Up-to-date: /home/harsh/ros2_project/install/px4_msgs/include/px4_msgs/px4_msgs/msg/detail/estimator_gps_status__rosidl_typesupport_introspection_c.h\n'}
[1.336133] (px4_msgs) StdoutLine: {'line': b'-- Up-to-date: /home/harsh/ros2_project/install/px4_msgs/include/px4_msgs/px4_msgs/msg/detail/trajectory_bezier__rosidl_typesupport_introspection_c.h\n'}
[1.336179] (px4_msgs) StdoutLine: {'line': b'-- Installing: /home/harsh/ros2_project/install/px4_msgs/include/px4_msgs/px4_msgs/msg/detail/sensor_baro__type_support.c\n'}
[1.336313] (px4_msgs) StdoutLine: {'line': b'-- Installing: /home/harsh/ros2_project/install/px4_msgs/include/px4_msgs/px4_msgs/msg/detail/internal_combustion_engine_status__type_support.c\n'}
[1.336384] (px4_msgs) StdoutLine: {'line': b'-- Up-to-date: /home/harsh/ros2_project/install/px4_msgs/include/px4_msgs/px4_msgs/msg/detail/button_event__rosidl_typesupport_introspection_c.h\n'}
[1.336440] (px4_msgs) StdoutLine: {'line': b'-- Up-to-date: /home/harsh/ros2_project/install/px4_msgs/include/px4_msgs/px4_msgs/msg/detail/message_format_request__rosidl_typesupport_introspection_c.h\n'}
[1.336499] (px4_msgs) StdoutLine: {'line': b'-- Installing: /home/harsh/ros2_project/install/px4_msgs/include/px4_msgs/px4_msgs/msg/detail/rc_channels__type_support.c\n'}
[1.336575] (px4_msgs) StdoutLine: {'line': b'-- Up-to-date: /home/harsh/ros2_project/install/px4_msgs/include/px4_msgs/px4_msgs/msg/detail/airspeed_validated__rosidl_typesupport_introspection_c.h\n'}
[1.336649] (px4_msgs) StdoutLine: {'line': b'-- Up-to-date: /home/harsh/ros2_project/install/px4_msgs/include/px4_msgs/px4_msgs/msg/detail/offboard_control_mode__rosidl_typesupport_introspection_c.h\n'}
[1.336745] (px4_msgs) StdoutLine: {'line': b'-- Up-to-date: /home/harsh/ros2_project/install/px4_msgs/include/px4_msgs/px4_msgs/msg/detail/estimator_innovations__rosidl_typesupport_introspection_c.h\n'}
[1.336789] (px4_msgs) StdoutLine: {'line': b'-- Up-to-date: /home/harsh/ros2_project/install/px4_msgs/include/px4_msgs/px4_msgs/msg/detail/qshell_retval__rosidl_typesupport_introspection_c.h\n'}
[1.336841] (px4_msgs) StdoutLine: {'line': b'-- Up-to-date: /home/harsh/ros2_project/install/px4_msgs/include/px4_msgs/px4_msgs/msg/detail/estimator_status__rosidl_typesupport_introspection_c.h\n'}
[1.336884] (px4_msgs) StdoutLine: {'line': b'-- Up-to-date: /home/harsh/ros2_project/install/px4_msgs/include/px4_msgs/px4_msgs/msg/detail/actuator_outputs__rosidl_typesupport_introspection_c.h\n'}
[1.336942] (px4_msgs) StdoutLine: {'line': b'-- Up-to-date: /home/harsh/ros2_project/install/px4_msgs/include/px4_msgs/px4_msgs/msg/detail/airspeed__rosidl_typesupport_introspection_c.h\n'}
[1.336986] (px4_msgs) StdoutLine: {'line': b'-- Installing: /home/harsh/ros2_project/install/px4_msgs/include/px4_msgs/px4_msgs/msg/detail/differential_drive_setpoint__type_support.c\n'}
[1.337028] (px4_msgs) StdoutLine: {'line': b'-- Installing: /home/harsh/ros2_project/install/px4_msgs/include/px4_msgs/px4_msgs/msg/detail/transponder_report__type_support.c\n'}
[1.337064] (px4_msgs) StdoutLine: {'line': b'-- Up-to-date: /home/harsh/ros2_project/install/px4_msgs/include/px4_msgs/px4_msgs/msg/detail/camera_trigger__rosidl_typesupport_introspection_c.h\n'}
[1.337103] (px4_msgs) StdoutLine: {'line': b'-- Up-to-date: /home/harsh/ros2_project/install/px4_msgs/include/px4_msgs/px4_msgs/msg/detail/timesync_status__rosidl_typesupport_introspection_c.h\n'}
[1.337144] (px4_msgs) StdoutLine: {'line': b'-- Up-to-date: /home/harsh/ros2_project/install/px4_msgs/include/px4_msgs/px4_msgs/msg/detail/power_button_state__rosidl_typesupport_introspection_c.h\n'}
[1.337188] (px4_msgs) StdoutLine: {'line': b'-- Up-to-date: /home/harsh/ros2_project/install/px4_msgs/include/px4_msgs/px4_msgs/msg/detail/vehicle_roi__rosidl_typesupport_introspection_c.h\n'}
[1.337230] (px4_msgs) StdoutLine: {'line': b'-- Up-to-date: /home/harsh/ros2_project/install/px4_msgs/include/px4_msgs/px4_msgs/msg/detail/differential_pressure__rosidl_typesupport_introspection_c.h\n'}
[1.337273] (px4_msgs) StdoutLine: {'line': b'-- Installing: /home/harsh/ros2_project/install/px4_msgs/include/px4_msgs/px4_msgs/msg/detail/landing_gear_wheel__type_support.c\n'}
[1.337315] (px4_msgs) StdoutLine: {'line': b'-- Installing: /home/harsh/ros2_project/install/px4_msgs/include/px4_msgs/px4_msgs/msg/detail/sensors_status__type_support.c\n'}
[1.337373] (px4_msgs) StdoutLine: {'line': b'-- Up-to-date: /home/harsh/ros2_project/install/px4_msgs/include/px4_msgs/px4_msgs/msg/detail/message_format_response__rosidl_typesupport_introspection_c.h\n'}
[1.337425] (px4_msgs) StdoutLine: {'line': b'-- Installing: /home/harsh/ros2_project/install/px4_msgs/include/px4_msgs/px4_msgs/msg/detail/telemetry_status__type_support.c\n'}
[1.337477] (px4_msgs) StdoutLine: {'line': b'-- Up-to-date: /home/harsh/ros2_project/install/px4_msgs/include/px4_msgs/px4_msgs/msg/detail/input_rc__rosidl_typesupport_introspection_c.h\n'}
[1.337580] (px4_msgs) StdoutLine: {'line': b'-- Installing: /home/harsh/ros2_project/install/px4_msgs/include/px4_msgs/px4_msgs/msg/detail/mission_result__type_support.c\n'}
[1.337626] (px4_msgs) StdoutLine: {'line': b'-- Installing: /home/harsh/ros2_project/install/px4_msgs/include/px4_msgs/px4_msgs/msg/detail/airspeed_wind__type_support.c\n'}
[1.337667] (px4_msgs) StdoutLine: {'line': b'-- Up-to-date: /home/harsh/ros2_project/install/px4_msgs/include/px4_msgs/px4_msgs/msg/detail/orb_test_large__rosidl_typesupport_introspection_c.h\n'}
[1.337709] (px4_msgs) StdoutLine: {'line': b'-- Up-to-date: /home/harsh/ros2_project/install/px4_msgs/include/px4_msgs/px4_msgs/msg/detail/vehicle_angular_acceleration_setpoint__rosidl_typesupport_introspection_c.h\n'}
[1.337782] (px4_msgs) StdoutLine: {'line': b'-- Installing: /home/harsh/ros2_project/install/px4_msgs/include/px4_msgs/px4_msgs/msg/detail/gimbal_device_attitude_status__type_support.c\n'}
[1.337825] (px4_msgs) StdoutLine: {'line': b'-- Installing: /home/harsh/ros2_project/install/px4_msgs/include/px4_msgs/px4_msgs/msg/detail/camera_capture__type_support.c\n'}
[1.337865] (px4_msgs) StdoutLine: {'line': b'-- Installing: /home/harsh/ros2_project/install/px4_msgs/include/px4_msgs/px4_msgs/msg/detail/estimator_selector_status__type_support.c\n'}
[1.337914] (px4_msgs) StdoutLine: {'line': b'-- Installing: /home/harsh/ros2_project/install/px4_msgs/include/px4_msgs/px4_msgs/msg/detail/vehicle_roi__type_support.c\n'}
[1.337957] (px4_msgs) StdoutLine: {'line': b'-- Up-to-date: /home/harsh/ros2_project/install/px4_msgs/include/px4_msgs/px4_msgs/msg/detail/control_allocator_status__rosidl_typesupport_introspection_c.h\n'}
[1.338019] (px4_msgs) StdoutLine: {'line': b'-- Up-to-date: /home/harsh/ros2_project/install/px4_msgs/include/px4_msgs/px4_msgs/msg/detail/sensor_gyro_fifo__rosidl_typesupport_introspection_c.h\n'}
[1.338059] (px4_msgs) StdoutLine: {'line': b'-- Installing: /home/harsh/ros2_project/install/px4_msgs/include/px4_msgs/px4_msgs/msg/detail/follow_target__type_support.c\n'}
[1.338099] (px4_msgs) StdoutLine: {'line': b'-- Installing: /home/harsh/ros2_project/install/px4_msgs/include/px4_msgs/px4_msgs/msg/detail/vehicle_trajectory_waypoint__type_support.c\n'}
[1.338137] (px4_msgs) StdoutLine: {'line': b'-- Installing: /home/harsh/ros2_project/install/px4_msgs/include/px4_msgs/px4_msgs/msg/detail/yaw_estimator_status__type_support.c\n'}
[1.338175] (px4_msgs) StdoutLine: {'line': b'-- Installing: /home/harsh/ros2_project/install/px4_msgs/include/px4_msgs/px4_msgs/msg/detail/camera_trigger__type_support.c\n'}
[1.338230] (px4_msgs) StdoutLine: {'line': b'-- Installing: /home/harsh/ros2_project/install/px4_msgs/include/px4_msgs/px4_msgs/msg/detail/ulog_stream__type_support.c\n'}
[1.338272] (px4_msgs) StdoutLine: {'line': b'-- Up-to-date: /home/harsh/ros2_project/install/px4_msgs/include/px4_msgs/px4_msgs/msg/detail/adc_report__rosidl_typesupport_introspection_c.h\n'}
[1.338310] (px4_msgs) StdoutLine: {'line': b'-- Installing: /home/harsh/ros2_project/install/px4_msgs/include/px4_msgs/px4_msgs/msg/detail/pps_capture__type_support.c\n'}
[1.338363] (px4_msgs) StdoutLine: {'line': b'-- Installing: /home/harsh/ros2_project/install/px4_msgs/include/px4_msgs/px4_msgs/msg/detail/follow_target_estimator__type_support.c\n'}
[1.338405] (px4_msgs) StdoutLine: {'line': b'-- Installing: /home/harsh/ros2_project/install/px4_msgs/include/px4_msgs/px4_msgs/msg/detail/sensor_selection__type_support.c\n'}
[1.338444] (px4_msgs) StdoutLine: {'line': b'-- Up-to-date: /home/harsh/ros2_project/install/px4_msgs/include/px4_msgs/px4_msgs/msg/detail/battery_status__rosidl_typesupport_introspection_c.h\n'}
[1.338484] (px4_msgs) StdoutLine: {'line': b'-- Up-to-date: /home/harsh/ros2_project/install/px4_msgs/include/px4_msgs/px4_msgs/msg/detail/register_ext_component_reply__rosidl_typesupport_introspection_c.h\n'}
[1.338522] (px4_msgs) StdoutLine: {'line': b'-- Installing: /home/harsh/ros2_project/install/px4_msgs/include/px4_msgs/px4_msgs/msg/detail/sensor_gyro_fft__type_support.c\n'}
[1.338560] (px4_msgs) StdoutLine: {'line': b'-- Installing: /home/harsh/ros2_project/install/px4_msgs/include/px4_msgs/px4_msgs/msg/detail/vehicle_global_position__type_support.c\n'}
[1.338598] (px4_msgs) StdoutLine: {'line': b'-- Up-to-date: /home/harsh/ros2_project/install/px4_msgs/include/px4_msgs/px4_msgs/msg/detail/gpio_out__rosidl_typesupport_introspection_c.h\n'}
[1.338656] (px4_msgs) StdoutLine: {'line': b'-- Up-to-date: /home/harsh/ros2_project/install/px4_msgs/include/px4_msgs/px4_msgs/msg/detail/navigator_mission_item__rosidl_typesupport_introspection_c.h\n'}
[1.338694] (px4_msgs) StdoutLine: {'line': b'-- Installing: /home/harsh/ros2_project/install/px4_msgs/include/px4_msgs/px4_msgs/msg/detail/power_button_state__type_support.c\n'}
[1.338731] (px4_msgs) StdoutLine: {'line': b'-- Up-to-date: /home/harsh/ros2_project/install/px4_msgs/include/px4_msgs/px4_msgs/msg/detail/task_stack_info__rosidl_typesupport_introspection_c.h\n'}
[1.338767] (px4_msgs) StdoutLine: {'line': b'-- Installing: /home/harsh/ros2_project/install/px4_msgs/include/px4_msgs/px4_msgs/msg/detail/parameter_update__type_support.c\n'}
[1.338809] (px4_msgs) StdoutLine: {'line': b'-- Up-to-date: /home/harsh/ros2_project/install/px4_msgs/include/px4_msgs/px4_msgs/msg/detail/orb_test_medium__rosidl_typesupport_introspection_c.h\n'}
[1.338850] (px4_msgs) StdoutLine: {'line': b'-- Up-to-date: /home/harsh/ros2_project/install/px4_msgs/include/px4_msgs/px4_msgs/msg/detail/landing_target_innovations__rosidl_typesupport_introspection_c.h\n'}
[1.338892] (px4_msgs) StdoutLine: {'line': b'-- Installing: /home/harsh/ros2_project/install/px4_msgs/include/px4_msgs/px4_msgs/msg/detail/estimator_event_flags__type_support.c\n'}
[1.338955] (px4_msgs) StdoutLine: {'line': b'-- Installing: /home/harsh/ros2_project/install/px4_msgs/include/px4_msgs/px4_msgs/msg/detail/estimator_aid_source1d__type_support.c\n'}
[1.338995] (px4_msgs) StdoutLine: {'line': b'-- Installing: /home/harsh/ros2_project/install/px4_msgs/include/px4_msgs/px4_msgs/msg/detail/offboard_control_mode__type_support.c\n'}
[1.339034] (px4_msgs) StdoutLine: {'line': b'-- Installing: /home/harsh/ros2_project/install/px4_msgs/include/px4_msgs/px4_msgs/msg/detail/gpio_in__type_support.c\n'}
[1.339079] (px4_msgs) StdoutLine: {'line': b'-- Installing: /home/harsh/ros2_project/install/px4_msgs/include/px4_msgs/px4_msgs/msg/detail/event__type_support.c\n'}
[1.339121] (px4_msgs) StdoutLine: {'line': b'-- Installing: /home/harsh/ros2_project/install/px4_msgs/include/px4_msgs/px4_msgs/msg/detail/vehicle_land_detected__type_support.c\n'}
[1.339162] (px4_msgs) StdoutLine: {'line': b'-- Up-to-date: /home/harsh/ros2_project/install/px4_msgs/include/px4_msgs/px4_msgs/msg/detail/arming_check_request__rosidl_typesupport_introspection_c.h\n'}
[1.339224] (px4_msgs) StdoutLine: {'line': b'-- Up-to-date: /home/harsh/ros2_project/install/px4_msgs/include/px4_msgs/px4_msgs/msg/detail/onboard_computer_status__rosidl_typesupport_introspection_c.h\n'}
[1.339264] (px4_msgs) StdoutLine: {'line': b'-- Up-to-date: /home/harsh/ros2_project/install/px4_msgs/include/px4_msgs/px4_msgs/msg/detail/velocity_limits__rosidl_typesupport_introspection_c.h\n'}
[1.339302] (px4_msgs) StdoutLine: {'line': b'-- Up-to-date: /home/harsh/ros2_project/install/px4_msgs/include/px4_msgs/px4_msgs/msg/detail/actuator_servos_trim__rosidl_typesupport_introspection_c.h\n'}
[1.339352] (px4_msgs) StdoutLine: {'line': b'-- Up-to-date: /home/harsh/ros2_project/install/px4_msgs/include/px4_msgs/px4_msgs/msg/detail/arming_check_reply__rosidl_typesupport_introspection_c.h\n'}
[1.339400] (px4_msgs) StdoutLine: {'line': b'-- Installing: /home/harsh/ros2_project/install/px4_msgs/include/px4_msgs/px4_msgs/msg/detail/sensor_combined__type_support.c\n'}
[1.339444] (px4_msgs) StdoutLine: {'line': b'-- Installing: /home/harsh/ros2_project/install/px4_msgs/include/px4_msgs/px4_msgs/msg/detail/failsafe_flags__type_support.c\n'}
[1.339489] (px4_msgs) StdoutLine: {'line': b'-- Installing: /home/harsh/ros2_project/install/px4_msgs/include/px4_msgs/px4_msgs/msg/detail/camera_status__type_support.c\n'}
[1.339532] (px4_msgs) StdoutLine: {'line': b'-- Installing: /home/harsh/ros2_project/install/px4_msgs/include/px4_msgs/px4_msgs/msg/detail/actuator_controls_status__type_support.c\n'}
[1.339580] (px4_msgs) StdoutLine: {'line': b'-- Installing: /home/harsh/ros2_project/install/px4_msgs/include/px4_msgs/px4_msgs/msg/detail/vehicle_local_position_setpoint__type_support.c\n'}
[1.339627] (px4_msgs) StdoutLine: {'line': b'-- Installing: /home/harsh/ros2_project/install/px4_msgs/include/px4_msgs/px4_msgs/msg/detail/tecs_status__type_support.c\n'}
[1.339676] (px4_msgs) StdoutLine: {'line': b'-- Up-to-date: /home/harsh/ros2_project/install/px4_msgs/include/px4_msgs/px4_msgs/msg/detail/vehicle_status__rosidl_typesupport_introspection_c.h\n'}
[1.339724] (px4_msgs) StdoutLine: {'line': b'-- Up-to-date: /home/harsh/ros2_project/install/px4_msgs/include/px4_msgs/px4_msgs/msg/detail/sensor_airflow__rosidl_typesupport_introspection_c.h\n'}
[1.339772] (px4_msgs) StdoutLine: {'line': b'-- Up-to-date: /home/harsh/ros2_project/install/px4_msgs/include/px4_msgs/px4_msgs/msg/detail/sensor_gyro_fft__rosidl_typesupport_introspection_c.h\n'}
[1.339816] (px4_msgs) StdoutLine: {'line': b'-- Installing: /home/harsh/ros2_project/install/px4_msgs/include/px4_msgs/px4_msgs/msg/detail/velocity_limits__type_support.c\n'}
[1.339859] (px4_msgs) StdoutLine: {'line': b'-- Up-to-date: /home/harsh/ros2_project/install/px4_msgs/include/px4_msgs/px4_msgs/msg/detail/estimator_status_flags__rosidl_typesupport_introspection_c.h\n'}
[1.339902] (px4_msgs) StdoutLine: {'line': b'-- Installing: /home/harsh/ros2_project/install/px4_msgs/include/px4_msgs/px4_msgs/msg/detail/vehicle_angular_velocity__type_support.c\n'}
[1.339979] (px4_msgs) StdoutLine: {'line': b'-- Installing: /home/harsh/ros2_project/install/px4_msgs/include/px4_msgs/px4_msgs/msg/detail/debug_key_value__type_support.c\n'}
[1.340026] (px4_msgs) StdoutLine: {'line': b'-- Up-to-date: /home/harsh/ros2_project/install/px4_msgs/include/px4_msgs/px4_msgs/msg/detail/rtl_time_estimate__rosidl_typesupport_introspection_c.h\n'}
[1.340070] (px4_msgs) StdoutLine: {'line': b'-- Up-to-date: /home/harsh/ros2_project/install/px4_msgs/include/px4_msgs/px4_msgs/msg/detail/config_overrides__rosidl_typesupport_introspection_c.h\n'}
[1.340137] (px4_msgs) StdoutLine: {'line': b'-- Installing: /home/harsh/ros2_project/install/px4_msgs/include/px4_msgs/px4_msgs/msg/detail/gpio_config__type_support.c\n'}
[1.340178] (px4_msgs) StdoutLine: {'line': b'-- Up-to-date: /home/harsh/ros2_project/install/px4_msgs/include/px4_msgs/px4_msgs/msg/detail/gimbal_device_attitude_status__rosidl_typesupport_introspection_c.h\n'}
[1.340218] (px4_msgs) StdoutLine: {'line': b'-- Up-to-date: /home/harsh/ros2_project/install/px4_msgs/include/px4_msgs/px4_msgs/msg/detail/satellite_info__rosidl_typesupport_introspection_c.h\n'}
[1.340257] (px4_msgs) StdoutLine: {'line': b'-- Up-to-date: /home/harsh/ros2_project/install/px4_msgs/include/px4_msgs/px4_msgs/msg/detail/mode_completed__rosidl_typesupport_introspection_c.h\n'}
[1.340299] (px4_msgs) StdoutLine: {'line': b'-- Installing: /home/harsh/ros2_project/install/px4_msgs/include/px4_msgs/px4_msgs/msg/detail/debug_array__type_support.c\n'}
[1.340353] (px4_msgs) StdoutLine: {'line': b'-- Up-to-date: /home/harsh/ros2_project/install/px4_msgs/include/px4_msgs/px4_msgs/msg/detail/actuator_armed__rosidl_typesupport_introspection_c.h\n'}
[1.340400] (px4_msgs) StdoutLine: {'line': b'-- Up-to-date: /home/harsh/ros2_project/install/px4_msgs/include/px4_msgs/px4_msgs/msg/detail/gimbal_manager_set_attitude__rosidl_typesupport_introspection_c.h\n'}
[1.340444] (px4_msgs) StdoutLine: {'line': b'-- Installing: /home/harsh/ros2_project/install/px4_msgs/include/px4_msgs/px4_msgs/msg/detail/input_rc__type_support.c\n'}
[1.340487] (px4_msgs) StdoutLine: {'line': b'-- Up-to-date: /home/harsh/ros2_project/install/px4_msgs/include/px4_msgs/px4_msgs/msg/detail/parameter_update__rosidl_typesupport_introspection_c.h\n'}
[1.340530] (px4_msgs) StdoutLine: {'line': b'-- Installing: /home/harsh/ros2_project/install/px4_msgs/include/px4_msgs/px4_msgs/msg/detail/radio_status__type_support.c\n'}
[1.340580] (px4_msgs) StdoutLine: {'line': b'-- Installing: /home/harsh/ros2_project/install/px4_msgs/include/px4_msgs/px4_msgs/msg/detail/figure_eight_status__type_support.c\n'}
[1.340629] (px4_msgs) StdoutLine: {'line': b'-- Up-to-date: /home/harsh/ros2_project/install/px4_msgs/include/px4_msgs/px4_msgs/msg/detail/camera_capture__rosidl_typesupport_introspection_c.h\n'}
[1.340675] (px4_msgs) StdoutLine: {'line': b'-- Installing: /home/harsh/ros2_project/install/px4_msgs/include/px4_msgs/px4_msgs/msg/detail/follow_target_status__type_support.c\n'}
[1.340719] (px4_msgs) StdoutLine: {'line': b'-- Installing: /home/harsh/ros2_project/install/px4_msgs/include/px4_msgs/px4_msgs/msg/detail/vehicle_air_data__type_support.c\n'}
[1.340767] (px4_msgs) StdoutLine: {'line': b'-- Installing: /home/harsh/ros2_project/install/px4_msgs/include/px4_msgs/px4_msgs/msg/detail/hover_thrust_estimate__type_support.c\n'}
[1.340814] (px4_msgs) StdoutLine: {'line': b'-- Up-to-date: /home/harsh/ros2_project/install/px4_msgs/include/px4_msgs/px4_msgs/msg/detail/sensor_gps__rosidl_typesupport_introspection_c.h\n'}
[1.340861] (px4_msgs) StdoutLine: {'line': b'-- Installing: /home/harsh/ros2_project/install/px4_msgs/include/px4_msgs/px4_msgs/msg/detail/esc_report__type_support.c\n'}
[1.340909] (px4_msgs) StdoutLine: {'line': b'-- Up-to-date: /home/harsh/ros2_project/install/px4_msgs/include/px4_msgs/px4_msgs/msg/detail/pps_capture__rosidl_typesupport_introspection_c.h\n'}
[1.340955] (px4_msgs) StdoutLine: {'line': b'-- Installing: /home/harsh/ros2_project/install/px4_msgs/include/px4_msgs/px4_msgs/msg/detail/failure_detector_status__type_support.c\n'}
[1.341045] (px4_msgs) StdoutLine: {'line': b'-- Installing: /home/harsh/ros2_project/install/px4_msgs/include/px4_msgs/px4_msgs/msg/detail/actuator_outputs__type_support.c\n'}
[1.341091] (px4_msgs) StdoutLine: {'line': b'-- Installing: /home/harsh/ros2_project/install/px4_msgs/include/px4_msgs/px4_msgs/msg/detail/actuator_test__type_support.c\n'}
[1.341141] (px4_msgs) StdoutLine: {'line': b'-- Up-to-date: /home/harsh/ros2_project/install/px4_msgs/include/px4_msgs/px4_msgs/msg/detail/radio_status__rosidl_typesupport_introspection_c.h\n'}
[1.341191] (px4_msgs) StdoutLine: {'line': b'-- Up-to-date: /home/harsh/ros2_project/install/px4_msgs/include/px4_msgs/px4_msgs/msg/detail/debug_key_value__rosidl_typesupport_introspection_c.h\n'}
[1.341242] (px4_msgs) StdoutLine: {'line': b'-- Installing: /home/harsh/ros2_project/install/px4_msgs/include/px4_msgs/px4_msgs/msg/detail/iridiumsbd_status__type_support.c\n'}
[1.341290] (px4_msgs) StdoutLine: {'line': b'-- Up-to-date: /home/harsh/ros2_project/install/px4_msgs/include/px4_msgs/px4_msgs/msg/detail/vehicle_constraints__rosidl_typesupport_introspection_c.h\n'}
[1.341352] (px4_msgs) StdoutLine: {'line': b'-- Up-to-date: /home/harsh/ros2_project/install/px4_msgs/include/px4_msgs/px4_msgs/msg/detail/vehicle_command_ack__rosidl_typesupport_introspection_c.h\n'}
[1.341400] (px4_msgs) StdoutLine: {'line': b'-- Up-to-date: /home/harsh/ros2_project/install/px4_msgs/include/px4_msgs/px4_msgs/msg/detail/vehicle_attitude_setpoint__rosidl_typesupport_introspection_c.h\n'}
[1.341443] (px4_msgs) StdoutLine: {'line': b'-- Up-to-date: /home/harsh/ros2_project/install/px4_msgs/include/px4_msgs/px4_msgs/msg/detail/vehicle_local_position_setpoint__rosidl_typesupport_introspection_c.h\n'}
[1.341513] (px4_msgs) StdoutLine: {'line': b'-- Installing: /home/harsh/ros2_project/install/px4_msgs/include/px4_msgs/px4_msgs/msg/detail/normalized_unsigned_setpoint__type_support.c\n'}
[1.341557] (px4_msgs) StdoutLine: {'line': b'-- Up-to-date: /home/harsh/ros2_project/install/px4_msgs/include/px4_msgs/px4_msgs/msg/detail/internal_combustion_engine_status__rosidl_typesupport_introspection_c.h\n'}
[1.341598] (px4_msgs) StdoutLine: {'line': b'-- Up-to-date: /home/harsh/ros2_project/install/px4_msgs/include/px4_msgs/px4_msgs/msg/detail/vehicle_acceleration__rosidl_typesupport_introspection_c.h\n'}
[1.341641] (px4_msgs) StdoutLine: {'line': b'-- Installing: /home/harsh/ros2_project/install/px4_msgs/include/px4_msgs/px4_msgs/msg/detail/vehicle_angular_acceleration_setpoint__type_support.c\n'}
[1.341684] (px4_msgs) StdoutLine: {'line': b'-- Installing: /home/harsh/ros2_project/install/px4_msgs/include/px4_msgs/px4_msgs/msg/detail/qshell_req__type_support.c\n'}
[1.341726] (px4_msgs) StdoutLine: {'line': b'-- Installing: /home/harsh/ros2_project/install/px4_msgs/include/px4_msgs/px4_msgs/msg/detail/esc_status__type_support.c\n'}
[1.341818] (px4_msgs) StdoutLine: {'line': b'-- Up-to-date: /home/harsh/ros2_project/install/px4_msgs/include/px4_msgs/px4_msgs/msg/detail/vehicle_command__rosidl_typesupport_introspection_c.h\n'}
[1.341865] (px4_msgs) StdoutLine: {'line': b'-- Up-to-date: /home/harsh/ros2_project/install/px4_msgs/include/px4_msgs/px4_msgs/msg/detail/vehicle_imu__rosidl_typesupport_introspection_c.h\n'}
[1.341909] (px4_msgs) StdoutLine: {'line': b'-- Installing: /home/harsh/ros2_project/install/px4_msgs/include/px4_msgs/px4_msgs/msg/detail/actuator_armed__type_support.c\n'}
[1.341952] (px4_msgs) StdoutLine: {'line': b'-- Up-to-date: /home/harsh/ros2_project/install/px4_msgs/include/px4_msgs/px4_msgs/msg/detail/sensor_combined__rosidl_typesupport_introspection_c.h\n'}
[1.341996] (px4_msgs) StdoutLine: {'line': b'-- Installing: /home/harsh/ros2_project/install/px4_msgs/include/px4_msgs/px4_msgs/msg/detail/dataman_request__type_support.c\n'}
[1.342043] (px4_msgs) StdoutLine: {'line': b'-- Installing: /home/harsh/ros2_project/install/px4_msgs/include/px4_msgs/px4_msgs/msg/detail/obstacle_distance__type_support.c\n'}
[1.342086] (px4_msgs) StdoutLine: {'line': b'-- Up-to-date: /home/harsh/ros2_project/install/px4_msgs/include/px4_msgs/px4_msgs/msg/detail/rate_ctrl_status__rosidl_typesupport_introspection_c.h\n'}
[1.342127] (px4_msgs) StdoutLine: {'line': b'-- Up-to-date: /home/harsh/ros2_project/install/px4_msgs/include/px4_msgs/px4_msgs/msg/detail/tiltrotor_extra_controls__rosidl_typesupport_introspection_c.h\n'}
[1.342167] (px4_msgs) StdoutLine: {'line': b'-- Installing: /home/harsh/ros2_project/install/px4_msgs/include/px4_msgs/px4_msgs/msg/detail/ping__type_support.c\n'}
[1.342225] (px4_msgs) StdoutLine: {'line': b'-- Installing: /home/harsh/ros2_project/install/px4_msgs/include/px4_msgs/px4_msgs/msg/detail/estimator_status_flags__type_support.c\n'}
[1.342284] (px4_msgs) StdoutLine: {'line': b'-- Installing: /home/harsh/ros2_project/install/px4_msgs/include/px4_msgs/px4_msgs/msg/detail/gpio_out__type_support.c\n'}
[1.342393] (px4_msgs) StdoutLine: {'line': b'-- Up-to-date: /home/harsh/ros2_project/install/px4_msgs/include/px4_msgs/px4_msgs/msg/detail/sensor_mag__rosidl_typesupport_introspection_c.h\n'}
[1.342456] (px4_msgs) StdoutLine: {'line': b'-- Up-to-date: /home/harsh/ros2_project/install/px4_msgs/include/px4_msgs/px4_msgs/msg/detail/gpio_in__rosidl_typesupport_introspection_c.h\n'}
[1.342514] (px4_msgs) StdoutLine: {'line': b'-- Up-to-date: /home/harsh/ros2_project/install/px4_msgs/include/px4_msgs/px4_msgs/srv\n'}
[1.342573] (px4_msgs) StdoutLine: {'line': b'-- Up-to-date: /home/harsh/ros2_project/install/px4_msgs/include/px4_msgs/px4_msgs/srv/detail\n'}
[1.342641] (px4_msgs) StdoutLine: {'line': b'-- Installing: /home/harsh/ros2_project/install/px4_msgs/include/px4_msgs/px4_msgs/srv/detail/vehicle_command__type_support.c\n'}
[1.342716] (px4_msgs) StdoutLine: {'line': b'-- Up-to-date: /home/harsh/ros2_project/install/px4_msgs/include/px4_msgs/px4_msgs/srv/detail/vehicle_command__rosidl_typesupport_introspection_c.h\n'}
[1.342798] (px4_msgs) StdoutLine: {'line': b'-- Up-to-date: /home/harsh/ros2_project/install/px4_msgs/lib/libpx4_msgs__rosidl_typesupport_introspection_c.so\n'}
[1.342878] (px4_msgs) StdoutLine: {'line': b'-- Up-to-date: /home/harsh/ros2_project/install/px4_msgs/lib/libpx4_msgs__rosidl_typesupport_c.so\n'}
[1.342960] (px4_msgs) StdoutLine: {'line': b'-- Up-to-date: /home/harsh/ros2_project/install/px4_msgs/include/px4_msgs/px4_msgs\n'}
[1.343047] (px4_msgs) StdoutLine: {'line': b'-- Up-to-date: /home/harsh/ros2_project/install/px4_msgs/include/px4_msgs/px4_msgs/msg\n'}
[1.343118] (px4_msgs) StdoutLine: {'line': b'-- Up-to-date: /home/harsh/ros2_project/install/px4_msgs/include/px4_msgs/px4_msgs/msg/detail\n'}
[1.343168] (px4_msgs) StdoutLine: {'line': b'-- Up-to-date: /home/harsh/ros2_project/install/px4_msgs/include/px4_msgs/px4_msgs/msg/detail/transponder_report__type_support.cpp\n'}
[1.343231] (px4_msgs) StdoutLine: {'line': b'-- Up-to-date: /home/harsh/ros2_project/install/px4_msgs/include/px4_msgs/px4_msgs/msg/detail/vehicle_angular_acceleration_setpoint__type_support.cpp\n'}
[1.343278] (px4_msgs) StdoutLine: {'line': b'-- Up-to-date: /home/harsh/ros2_project/install/px4_msgs/include/px4_msgs/px4_msgs/msg/detail/camera_trigger__type_support.cpp\n'}
[1.343344] (px4_msgs) StdoutLine: {'line': b'-- Up-to-date: /home/harsh/ros2_project/install/px4_msgs/include/px4_msgs/px4_msgs/msg/detail/home_position__type_support.cpp\n'}
[1.343391] (px4_msgs) StdoutLine: {'line': b'-- Up-to-date: /home/harsh/ros2_project/install/px4_msgs/include/px4_msgs/px4_msgs/msg/detail/register_ext_component_request__type_support.cpp\n'}
[1.343438] (px4_msgs) StdoutLine: {'line': b'-- Up-to-date: /home/harsh/ros2_project/install/px4_msgs/include/px4_msgs/px4_msgs/msg/detail/wind__rosidl_typesupport_introspection_cpp.hpp\n'}
[1.343486] (px4_msgs) StdoutLine: {'line': b'-- Up-to-date: /home/harsh/ros2_project/install/px4_msgs/include/px4_msgs/px4_msgs/msg/detail/pps_capture__type_support.cpp\n'}
[1.343535] (px4_msgs) StdoutLine: {'line': b'-- Up-to-date: /home/harsh/ros2_project/install/px4_msgs/include/px4_msgs/px4_msgs/msg/detail/rtl_status__rosidl_typesupport_introspection_cpp.hpp\n'}
[1.343594] (px4_msgs) StdoutLine: {'line': b'-- Up-to-date: /home/harsh/ros2_project/install/px4_msgs/include/px4_msgs/px4_msgs/msg/detail/vehicle_odometry__type_support.cpp\n'}
[1.343642] (px4_msgs) StdoutLine: {'line': b'-- Up-to-date: /home/harsh/ros2_project/install/px4_msgs/include/px4_msgs/px4_msgs/msg/detail/message_format_request__rosidl_typesupport_introspection_cpp.hpp\n'}
[1.343686] (px4_msgs) StdoutLine: {'line': b'-- Up-to-date: /home/harsh/ros2_project/install/px4_msgs/include/px4_msgs/px4_msgs/msg/detail/manual_control_switches__type_support.cpp\n'}
[1.343731] (px4_msgs) StdoutLine: {'line': b'-- Up-to-date: /home/harsh/ros2_project/install/px4_msgs/include/px4_msgs/px4_msgs/msg/detail/debug_value__type_support.cpp\n'}
[1.343775] (px4_msgs) StdoutLine: {'line': b'-- Up-to-date: /home/harsh/ros2_project/install/px4_msgs/include/px4_msgs/px4_msgs/msg/detail/vehicle_trajectory_bezier__rosidl_typesupport_introspection_cpp.hpp\n'}
[1.343821] (px4_msgs) StdoutLine: {'line': b'-- Up-to-date: /home/harsh/ros2_project/install/px4_msgs/include/px4_msgs/px4_msgs/msg/detail/gps_inject_data__type_support.cpp\n'}
[1.343865] (px4_msgs) StdoutLine: {'line': b'-- Up-to-date: /home/harsh/ros2_project/install/px4_msgs/include/px4_msgs/px4_msgs/msg/detail/position_setpoint__type_support.cpp\n'}
[1.343909] (px4_msgs) StdoutLine: {'line': b'-- Up-to-date: /home/harsh/ros2_project/install/px4_msgs/include/px4_msgs/px4_msgs/msg/detail/can_interface_status__rosidl_typesupport_introspection_cpp.hpp\n'}
[1.343958] (px4_msgs) StdoutLine: {'line': b'-- Up-to-date: /home/harsh/ros2_project/install/px4_msgs/include/px4_msgs/px4_msgs/msg/detail/debug_key_value__rosidl_typesupport_introspection_cpp.hpp\n'}
[1.344003] (px4_msgs) StdoutLine: {'line': b'-- Up-to-date: /home/harsh/ros2_project/install/px4_msgs/include/px4_msgs/px4_msgs/msg/detail/vehicle_command_ack__type_support.cpp\n'}
[1.344051] (px4_msgs) StdoutLine: {'line': b'-- Up-to-date: /home/harsh/ros2_project/install/px4_msgs/include/px4_msgs/px4_msgs/msg/detail/gimbal_device_information__rosidl_typesupport_introspection_cpp.hpp\n'}
[1.344102] (px4_msgs) StdoutLine: {'line': b'-- Up-to-date: /home/harsh/ros2_project/install/px4_msgs/include/px4_msgs/px4_msgs/msg/detail/actuator_outputs__type_support.cpp\n'}
[1.344149] (px4_msgs) StdoutLine: {'line': b'-- Up-to-date: /home/harsh/ros2_project/install/px4_msgs/include/px4_msgs/px4_msgs/msg/detail/event__rosidl_typesupport_introspection_cpp.hpp\n'}
[1.344198] (px4_msgs) StdoutLine: {'line': b'-- Up-to-date: /home/harsh/ros2_project/install/px4_msgs/include/px4_msgs/px4_msgs/msg/detail/sensor_baro__rosidl_typesupport_introspection_cpp.hpp\n'}
[1.344244] (px4_msgs) StdoutLine: {'line': b'-- Up-to-date: /home/harsh/ros2_project/install/px4_msgs/include/px4_msgs/px4_msgs/msg/detail/debug_array__rosidl_typesupport_introspection_cpp.hpp\n'}
[1.344291] (px4_msgs) StdoutLine: {'line': b'-- Up-to-date: /home/harsh/ros2_project/install/px4_msgs/include/px4_msgs/px4_msgs/msg/detail/vehicle_rates_setpoint__rosidl_typesupport_introspection_cpp.hpp\n'}
[1.344343] (px4_msgs) StdoutLine: {'line': b'-- Up-to-date: /home/harsh/ros2_project/install/px4_msgs/include/px4_msgs/px4_msgs/msg/detail/vehicle_status__type_support.cpp\n'}
[1.344391] (px4_msgs) StdoutLine: {'line': b'-- Up-to-date: /home/harsh/ros2_project/install/px4_msgs/include/px4_msgs/px4_msgs/msg/detail/vehicle_command__rosidl_typesupport_introspection_cpp.hpp\n'}
[1.344441] (px4_msgs) StdoutLine: {'line': b'-- Up-to-date: /home/harsh/ros2_project/install/px4_msgs/include/px4_msgs/px4_msgs/msg/detail/gimbal_device_information__type_support.cpp\n'}
[1.344493] (px4_msgs) StdoutLine: {'line': b'-- Up-to-date: /home/harsh/ros2_project/install/px4_msgs/include/px4_msgs/px4_msgs/msg/detail/radio_status__type_support.cpp\n'}
[1.344544] (px4_msgs) StdoutLine: {'line': b'-- Up-to-date: /home/harsh/ros2_project/install/px4_msgs/include/px4_msgs/px4_msgs/msg/detail/collision_report__rosidl_typesupport_introspection_cpp.hpp\n'}
[1.344607] (px4_msgs) StdoutLine: {'line': b'-- Up-to-date: /home/harsh/ros2_project/install/px4_msgs/include/px4_msgs/px4_msgs/msg/detail/follow_target_status__type_support.cpp\n'}
[1.344655] (px4_msgs) StdoutLine: {'line': b'-- Up-to-date: /home/harsh/ros2_project/install/px4_msgs/include/px4_msgs/px4_msgs/msg/detail/vehicle_roi__type_support.cpp\n'}
[1.344703] (px4_msgs) StdoutLine: {'line': b'-- Up-to-date: /home/harsh/ros2_project/install/px4_msgs/include/px4_msgs/px4_msgs/msg/detail/failsafe_flags__type_support.cpp\n'}
[1.344751] (px4_msgs) StdoutLine: {'line': b'-- Up-to-date: /home/harsh/ros2_project/install/px4_msgs/include/px4_msgs/px4_msgs/msg/detail/event__type_support.cpp\n'}
[1.344798] (px4_msgs) StdoutLine: {'line': b'-- Up-to-date: /home/harsh/ros2_project/install/px4_msgs/include/px4_msgs/px4_msgs/msg/detail/actuator_servos_trim__type_support.cpp\n'}
[1.344846] (px4_msgs) StdoutLine: {'line': b'-- Up-to-date: /home/harsh/ros2_project/install/px4_msgs/include/px4_msgs/px4_msgs/msg/detail/vehicle_thrust_setpoint__rosidl_typesupport_introspection_cpp.hpp\n'}
[1.344895] (px4_msgs) StdoutLine: {'line': b'-- Up-to-date: /home/harsh/ros2_project/install/px4_msgs/include/px4_msgs/px4_msgs/msg/detail/sensor_gnss_relative__type_support.cpp\n'}
[1.344944] (px4_msgs) StdoutLine: {'line': b'-- Up-to-date: /home/harsh/ros2_project/install/px4_msgs/include/px4_msgs/px4_msgs/msg/detail/follow_target__type_support.cpp\n'}
[1.344991] (px4_msgs) StdoutLine: {'line': b'-- Up-to-date: /home/harsh/ros2_project/install/px4_msgs/include/px4_msgs/px4_msgs/msg/detail/npfg_status__rosidl_typesupport_introspection_cpp.hpp\n'}
[1.345039] (px4_msgs) StdoutLine: {'line': b'-- Up-to-date: /home/harsh/ros2_project/install/px4_msgs/include/px4_msgs/px4_msgs/msg/detail/trajectory_bezier__rosidl_typesupport_introspection_cpp.hpp\n'}
[1.345085] (px4_msgs) StdoutLine: {'line': b'-- Up-to-date: /home/harsh/ros2_project/install/px4_msgs/include/px4_msgs/px4_msgs/msg/detail/tiltrotor_extra_controls__type_support.cpp\n'}
[1.345136] (px4_msgs) StdoutLine: {'line': b'-- Up-to-date: /home/harsh/ros2_project/install/px4_msgs/include/px4_msgs/px4_msgs/msg/detail/control_allocator_status__rosidl_typesupport_introspection_cpp.hpp\n'}
[1.345189] (px4_msgs) StdoutLine: {'line': b'-- Up-to-date: /home/harsh/ros2_project/install/px4_msgs/include/px4_msgs/px4_msgs/msg/detail/irlock_report__rosidl_typesupport_introspection_cpp.hpp\n'}
[1.345240] (px4_msgs) StdoutLine: {'line': b'-- Up-to-date: /home/harsh/ros2_project/install/px4_msgs/include/px4_msgs/px4_msgs/msg/detail/manual_control_setpoint__rosidl_typesupport_introspection_cpp.hpp\n'}
[1.345295] (px4_msgs) StdoutLine: {'line': b'-- Up-to-date: /home/harsh/ros2_project/install/px4_msgs/include/px4_msgs/px4_msgs/msg/detail/follow_target_estimator__type_support.cpp\n'}
[1.345381] (px4_msgs) StdoutLine: {'line': b'-- Up-to-date: /home/harsh/ros2_project/install/px4_msgs/include/px4_msgs/px4_msgs/msg/detail/estimator_gps_status__type_support.cpp\n'}
[1.345438] (px4_msgs) StdoutLine: {'line': b'-- Up-to-date: /home/harsh/ros2_project/install/px4_msgs/include/px4_msgs/px4_msgs/msg/detail/mount_orientation__type_support.cpp\n'}
[1.345487] (px4_msgs) StdoutLine: {'line': b'-- Up-to-date: /home/harsh/ros2_project/install/px4_msgs/include/px4_msgs/px4_msgs/msg/detail/tecs_status__rosidl_typesupport_introspection_cpp.hpp\n'}
[1.345539] (px4_msgs) StdoutLine: {'line': b'-- Up-to-date: /home/harsh/ros2_project/install/px4_msgs/include/px4_msgs/px4_msgs/msg/detail/sensor_gyro__rosidl_typesupport_introspection_cpp.hpp\n'}
[1.345586] (px4_msgs) StdoutLine: {'line': b'-- Up-to-date: /home/harsh/ros2_project/install/px4_msgs/include/px4_msgs/px4_msgs/msg/detail/gimbal_manager_set_manual_control__rosidl_typesupport_introspection_cpp.hpp\n'}
[1.345636] (px4_msgs) StdoutLine: {'line': b'-- Up-to-date: /home/harsh/ros2_project/install/px4_msgs/include/px4_msgs/px4_msgs/msg/detail/power_monitor__rosidl_typesupport_introspection_cpp.hpp\n'}
[1.345685] (px4_msgs) StdoutLine: {'line': b'-- Up-to-date: /home/harsh/ros2_project/install/px4_msgs/include/px4_msgs/px4_msgs/msg/detail/rc_parameter_map__rosidl_typesupport_introspection_cpp.hpp\n'}
[1.345741] (px4_msgs) StdoutLine: {'line': b'-- Up-to-date: /home/harsh/ros2_project/install/px4_msgs/include/px4_msgs/px4_msgs/msg/detail/actuator_test__type_support.cpp\n'}
[1.345787] (px4_msgs) StdoutLine: {'line': b'-- Up-to-date: /home/harsh/ros2_project/install/px4_msgs/include/px4_msgs/px4_msgs/msg/detail/buffer128__rosidl_typesupport_introspection_cpp.hpp\n'}
[1.345834] (px4_msgs) StdoutLine: {'line': b'-- Up-to-date: /home/harsh/ros2_project/install/px4_msgs/include/px4_msgs/px4_msgs/msg/detail/estimator_selector_status__type_support.cpp\n'}
[1.345894] (px4_msgs) StdoutLine: {'line': b'-- Up-to-date: /home/harsh/ros2_project/install/px4_msgs/include/px4_msgs/px4_msgs/msg/detail/vehicle_angular_acceleration_setpoint__rosidl_typesupport_introspection_cpp.hpp\n'}
[1.345947] (px4_msgs) StdoutLine: {'line': b'-- Up-to-date: /home/harsh/ros2_project/install/px4_msgs/include/px4_msgs/px4_msgs/msg/detail/mode_completed__type_support.cpp\n'}
[1.346006] (px4_msgs) StdoutLine: {'line': b'-- Up-to-date: /home/harsh/ros2_project/install/px4_msgs/include/px4_msgs/px4_msgs/msg/detail/message_format_request__type_support.cpp\n'}
[1.346069] (px4_msgs) StdoutLine: {'line': b'-- Up-to-date: /home/harsh/ros2_project/install/px4_msgs/include/px4_msgs/px4_msgs/msg/detail/trajectory_setpoint__rosidl_typesupport_introspection_cpp.hpp\n'}
[1.346122] (px4_msgs) StdoutLine: {'line': b'-- Up-to-date: /home/harsh/ros2_project/install/px4_msgs/include/px4_msgs/px4_msgs/msg/detail/trajectory_waypoint__type_support.cpp\n'}
[1.346175] (px4_msgs) StdoutLine: {'line': b'-- Up-to-date: /home/harsh/ros2_project/install/px4_msgs/include/px4_msgs/px4_msgs/msg/detail/camera_capture__type_support.cpp\n'}
[1.346233] (px4_msgs) StdoutLine: {'line': b'-- Up-to-date: /home/harsh/ros2_project/install/px4_msgs/include/px4_msgs/px4_msgs/msg/detail/sensor_uwb__type_support.cpp\n'}
[1.346286] (px4_msgs) StdoutLine: {'line': b'-- Up-to-date: /home/harsh/ros2_project/install/px4_msgs/include/px4_msgs/px4_msgs/msg/detail/orbit_status__rosidl_typesupport_introspection_cpp.hpp\n'}
[1.346350] (px4_msgs) StdoutLine: {'line': b'-- Up-to-date: /home/harsh/ros2_project/install/px4_msgs/include/px4_msgs/px4_msgs/msg/detail/led_control__rosidl_typesupport_introspection_cpp.hpp\n'}
[1.346409] (px4_msgs) StdoutLine: {'line': b'-- Up-to-date: /home/harsh/ros2_project/install/px4_msgs/include/px4_msgs/px4_msgs/msg/detail/vehicle_imu_status__type_support.cpp\n'}
[1.346469] (px4_msgs) StdoutLine: {'line': b'-- Up-to-date: /home/harsh/ros2_project/install/px4_msgs/include/px4_msgs/px4_msgs/msg/detail/rate_ctrl_status__type_support.cpp\n'}
[1.346528] (px4_msgs) StdoutLine: {'line': b'-- Up-to-date: /home/harsh/ros2_project/install/px4_msgs/include/px4_msgs/px4_msgs/msg/detail/hover_thrust_estimate__rosidl_typesupport_introspection_cpp.hpp\n'}
[1.346588] (px4_msgs) StdoutLine: {'line': b'-- Up-to-date: /home/harsh/ros2_project/install/px4_msgs/include/px4_msgs/px4_msgs/msg/detail/sensor_combined__rosidl_typesupport_introspection_cpp.hpp\n'}
[1.346646] (px4_msgs) StdoutLine: {'line': b'-- Up-to-date: /home/harsh/ros2_project/install/px4_msgs/include/px4_msgs/px4_msgs/msg/detail/qshell_retval__type_support.cpp\n'}
[1.346702] (px4_msgs) StdoutLine: {'line': b'-- Up-to-date: /home/harsh/ros2_project/install/px4_msgs/include/px4_msgs/px4_msgs/msg/detail/orb_test_medium__type_support.cpp\n'}
[1.346758] (px4_msgs) StdoutLine: {'line': b'-- Up-to-date: /home/harsh/ros2_project/install/px4_msgs/include/px4_msgs/px4_msgs/msg/detail/gpio_config__type_support.cpp\n'}
[1.346811] (px4_msgs) StdoutLine: {'line': b'-- Up-to-date: /home/harsh/ros2_project/install/px4_msgs/include/px4_msgs/px4_msgs/msg/detail/estimator_sensor_bias__rosidl_typesupport_introspection_cpp.hpp\n'}
[1.346866] (px4_msgs) StdoutLine: {'line': b'-- Up-to-date: /home/harsh/ros2_project/install/px4_msgs/include/px4_msgs/px4_msgs/msg/detail/heater_status__type_support.cpp\n'}
[1.346958] (px4_msgs) StdoutLine: {'line': b'-- Up-to-date: /home/harsh/ros2_project/install/px4_msgs/include/px4_msgs/px4_msgs/msg/detail/sensor_mag__rosidl_typesupport_introspection_cpp.hpp\n'}
[1.347011] (px4_msgs) StdoutLine: {'line': b'-- Up-to-date: /home/harsh/ros2_project/install/px4_msgs/include/px4_msgs/px4_msgs/msg/detail/geofence_result__rosidl_typesupport_introspection_cpp.hpp\n'}
[1.347060] (px4_msgs) StdoutLine: {'line': b'-- Up-to-date: /home/harsh/ros2_project/install/px4_msgs/include/px4_msgs/px4_msgs/msg/detail/vehicle_angular_velocity__type_support.cpp\n'}
[1.347110] (px4_msgs) StdoutLine: {'line': b'-- Up-to-date: /home/harsh/ros2_project/install/px4_msgs/include/px4_msgs/px4_msgs/msg/detail/vehicle_status__rosidl_typesupport_introspection_cpp.hpp\n'}
[1.347157] (px4_msgs) StdoutLine: {'line': b'-- Up-to-date: /home/harsh/ros2_project/install/px4_msgs/include/px4_msgs/px4_msgs/msg/detail/vehicle_optical_flow_vel__rosidl_typesupport_introspection_cpp.hpp\n'}
[1.347207] (px4_msgs) StdoutLine: {'line': b'-- Up-to-date: /home/harsh/ros2_project/install/px4_msgs/include/px4_msgs/px4_msgs/msg/detail/offboard_control_mode__type_support.cpp\n'}
[1.347255] (px4_msgs) StdoutLine: {'line': b'-- Up-to-date: /home/harsh/ros2_project/install/px4_msgs/include/px4_msgs/px4_msgs/msg/detail/vehicle_local_position_setpoint__rosidl_typesupport_introspection_cpp.hpp\n'}
[1.347304] (px4_msgs) StdoutLine: {'line': b'-- Up-to-date: /home/harsh/ros2_project/install/px4_msgs/include/px4_msgs/px4_msgs/msg/detail/rate_ctrl_status__rosidl_typesupport_introspection_cpp.hpp\n'}
[1.347366] (px4_msgs) StdoutLine: {'line': b'-- Up-to-date: /home/harsh/ros2_project/install/px4_msgs/include/px4_msgs/px4_msgs/msg/detail/sensor_gps__rosidl_typesupport_introspection_cpp.hpp\n'}
[1.347414] (px4_msgs) StdoutLine: {'line': b'-- Up-to-date: /home/harsh/ros2_project/install/px4_msgs/include/px4_msgs/px4_msgs/msg/detail/vehicle_optical_flow_vel__type_support.cpp\n'}
[1.347460] (px4_msgs) StdoutLine: {'line': b'-- Up-to-date: /home/harsh/ros2_project/install/px4_msgs/include/px4_msgs/px4_msgs/msg/detail/sensor_preflight_mag__type_support.cpp\n'}
[1.347509] (px4_msgs) StdoutLine: {'line': b'-- Up-to-date: /home/harsh/ros2_project/install/px4_msgs/include/px4_msgs/px4_msgs/msg/detail/sensor_accel_fifo__type_support.cpp\n'}
[1.347554] (px4_msgs) StdoutLine: {'line': b'-- Up-to-date: /home/harsh/ros2_project/install/px4_msgs/include/px4_msgs/px4_msgs/msg/detail/differential_pressure__rosidl_typesupport_introspection_cpp.hpp\n'}
[1.347605] (px4_msgs) StdoutLine: {'line': b'-- Up-to-date: /home/harsh/ros2_project/install/px4_msgs/include/px4_msgs/px4_msgs/msg/detail/logger_status__type_support.cpp\n'}
[1.347654] (px4_msgs) StdoutLine: {'line': b'-- Up-to-date: /home/harsh/ros2_project/install/px4_msgs/include/px4_msgs/px4_msgs/msg/detail/airspeed__type_support.cpp\n'}
[1.347710] (px4_msgs) StdoutLine: {'line': b'-- Up-to-date: /home/harsh/ros2_project/install/px4_msgs/include/px4_msgs/px4_msgs/msg/detail/airspeed_validated__rosidl_typesupport_introspection_cpp.hpp\n'}
[1.347764] (px4_msgs) StdoutLine: {'line': b'-- Up-to-date: /home/harsh/ros2_project/install/px4_msgs/include/px4_msgs/px4_msgs/msg/detail/landing_target_pose__type_support.cpp\n'}
[1.347818] (px4_msgs) StdoutLine: {'line': b'-- Up-to-date: /home/harsh/ros2_project/install/px4_msgs/include/px4_msgs/px4_msgs/msg/detail/vehicle_command_ack__rosidl_typesupport_introspection_cpp.hpp\n'}
[1.347872] (px4_msgs) StdoutLine: {'line': b'-- Up-to-date: /home/harsh/ros2_project/install/px4_msgs/include/px4_msgs/px4_msgs/msg/detail/camera_capture__rosidl_typesupport_introspection_cpp.hpp\n'}
[1.347926] (px4_msgs) StdoutLine: {'line': b'-- Up-to-date: /home/harsh/ros2_project/install/px4_msgs/include/px4_msgs/px4_msgs/msg/detail/register_ext_component_request__rosidl_typesupport_introspection_cpp.hpp\n'}
[1.347979] (px4_msgs) StdoutLine: {'line': b'-- Up-to-date: /home/harsh/ros2_project/install/px4_msgs/include/px4_msgs/px4_msgs/msg/detail/message_format_response__type_support.cpp\n'}
[1.348034] (px4_msgs) StdoutLine: {'line': b'-- Up-to-date: /home/harsh/ros2_project/install/px4_msgs/include/px4_msgs/px4_msgs/msg/detail/sensor_optical_flow__type_support.cpp\n'}
[1.348087] (px4_msgs) StdoutLine: {'line': b'-- Up-to-date: /home/harsh/ros2_project/install/px4_msgs/include/px4_msgs/px4_msgs/msg/detail/airspeed_wind__type_support.cpp\n'}
[1.348142] (px4_msgs) StdoutLine: {'line': b'-- Up-to-date: /home/harsh/ros2_project/install/px4_msgs/include/px4_msgs/px4_msgs/msg/detail/landing_target_innovations__type_support.cpp\n'}
[1.348195] (px4_msgs) StdoutLine: {'line': b'-- Up-to-date: /home/harsh/ros2_project/install/px4_msgs/include/px4_msgs/px4_msgs/msg/detail/sensor_gps__type_support.cpp\n'}
[1.348247] (px4_msgs) StdoutLine: {'line': b'-- Up-to-date: /home/harsh/ros2_project/install/px4_msgs/include/px4_msgs/px4_msgs/msg/detail/tecs_status__type_support.cpp\n'}
[1.348299] (px4_msgs) StdoutLine: {'line': b'-- Up-to-date: /home/harsh/ros2_project/install/px4_msgs/include/px4_msgs/px4_msgs/msg/detail/actuator_motors__rosidl_typesupport_introspection_cpp.hpp\n'}
[1.348361] (px4_msgs) StdoutLine: {'line': b'-- Up-to-date: /home/harsh/ros2_project/install/px4_msgs/include/px4_msgs/px4_msgs/msg/detail/qshell_retval__rosidl_typesupport_introspection_cpp.hpp\n'}
[1.348415] (px4_msgs) StdoutLine: {'line': b'-- Up-to-date: /home/harsh/ros2_project/install/px4_msgs/include/px4_msgs/px4_msgs/msg/detail/vehicle_control_mode__rosidl_typesupport_introspection_cpp.hpp\n'}
[1.348469] (px4_msgs) StdoutLine: {'line': b'-- Up-to-date: /home/harsh/ros2_project/install/px4_msgs/include/px4_msgs/px4_msgs/msg/detail/position_controller_landing_status__rosidl_typesupport_introspection_cpp.hpp\n'}
[1.348528] (px4_msgs) StdoutLine: {'line': b'-- Up-to-date: /home/harsh/ros2_project/install/px4_msgs/include/px4_msgs/px4_msgs/msg/detail/sensor_gyro_fft__rosidl_typesupport_introspection_cpp.hpp\n'}
[1.348585] (px4_msgs) StdoutLine: {'line': b'-- Up-to-date: /home/harsh/ros2_project/install/px4_msgs/include/px4_msgs/px4_msgs/msg/detail/vehicle_local_position_setpoint__type_support.cpp\n'}
[1.348642] (px4_msgs) StdoutLine: {'line': b'-- Up-to-date: /home/harsh/ros2_project/install/px4_msgs/include/px4_msgs/px4_msgs/msg/detail/adc_report__rosidl_typesupport_introspection_cpp.hpp\n'}
[1.348697] (px4_msgs) StdoutLine: {'line': b'-- Up-to-date: /home/harsh/ros2_project/install/px4_msgs/include/px4_msgs/px4_msgs/msg/detail/gimbal_device_set_attitude__type_support.cpp\n'}
[1.348751] (px4_msgs) StdoutLine: {'line': b'-- Up-to-date: /home/harsh/ros2_project/install/px4_msgs/include/px4_msgs/px4_msgs/msg/detail/system_power__type_support.cpp\n'}
[1.348804] (px4_msgs) StdoutLine: {'line': b'-- Up-to-date: /home/harsh/ros2_project/install/px4_msgs/include/px4_msgs/px4_msgs/msg/detail/ping__type_support.cpp\n'}
[1.348858] (px4_msgs) StdoutLine: {'line': b'-- Up-to-date: /home/harsh/ros2_project/install/px4_msgs/include/px4_msgs/px4_msgs/msg/detail/manual_control_setpoint__type_support.cpp\n'}
[1.348910] (px4_msgs) StdoutLine: {'line': b'-- Up-to-date: /home/harsh/ros2_project/install/px4_msgs/include/px4_msgs/px4_msgs/msg/detail/vehicle_magnetometer__type_support.cpp\n'}
[1.348974] (px4_msgs) StdoutLine: {'line': b'-- Up-to-date: /home/harsh/ros2_project/install/px4_msgs/include/px4_msgs/px4_msgs/msg/detail/satellite_info__rosidl_typesupport_introspection_cpp.hpp\n'}
[1.349023] (px4_msgs) StdoutLine: {'line': b'-- Up-to-date: /home/harsh/ros2_project/install/px4_msgs/include/px4_msgs/px4_msgs/msg/detail/figure_eight_status__rosidl_typesupport_introspection_cpp.hpp\n'}
[1.349073] (px4_msgs) StdoutLine: {'line': b'-- Up-to-date: /home/harsh/ros2_project/install/px4_msgs/include/px4_msgs/px4_msgs/msg/detail/vehicle_air_data__type_support.cpp\n'}
[1.349120] (px4_msgs) StdoutLine: {'line': b'-- Up-to-date: /home/harsh/ros2_project/install/px4_msgs/include/px4_msgs/px4_msgs/msg/detail/gpio_out__type_support.cpp\n'}
[1.349171] (px4_msgs) StdoutLine: {'line': b'-- Up-to-date: /home/harsh/ros2_project/install/px4_msgs/include/px4_msgs/px4_msgs/msg/detail/vehicle_land_detected__type_support.cpp\n'}
[1.349224] (px4_msgs) StdoutLine: {'line': b'-- Up-to-date: /home/harsh/ros2_project/install/px4_msgs/include/px4_msgs/px4_msgs/msg/detail/landing_target_pose__rosidl_typesupport_introspection_cpp.hpp\n'}
[1.349277] (px4_msgs) StdoutLine: {'line': b'-- Up-to-date: /home/harsh/ros2_project/install/px4_msgs/include/px4_msgs/px4_msgs/msg/detail/mavlink_log__type_support.cpp\n'}
[1.349335] (px4_msgs) StdoutLine: {'line': b'-- Up-to-date: /home/harsh/ros2_project/install/px4_msgs/include/px4_msgs/px4_msgs/msg/detail/estimator_bias__rosidl_typesupport_introspection_cpp.hpp\n'}
[1.349392] (px4_msgs) StdoutLine: {'line': b'-- Up-to-date: /home/harsh/ros2_project/install/px4_msgs/include/px4_msgs/px4_msgs/msg/detail/sensor_accel_fifo__rosidl_typesupport_introspection_cpp.hpp\n'}
[1.349445] (px4_msgs) StdoutLine: {'line': b'-- Up-to-date: /home/harsh/ros2_project/install/px4_msgs/include/px4_msgs/px4_msgs/msg/detail/yaw_estimator_status__rosidl_typesupport_introspection_cpp.hpp\n'}
[1.349498] (px4_msgs) StdoutLine: {'line': b'-- Up-to-date: /home/harsh/ros2_project/install/px4_msgs/include/px4_msgs/px4_msgs/msg/detail/actuator_outputs__rosidl_typesupport_introspection_cpp.hpp\n'}
[1.349551] (px4_msgs) StdoutLine: {'line': b'-- Up-to-date: /home/harsh/ros2_project/install/px4_msgs/include/px4_msgs/px4_msgs/msg/detail/rtl_status__type_support.cpp\n'}
[1.349604] (px4_msgs) StdoutLine: {'line': b'-- Up-to-date: /home/harsh/ros2_project/install/px4_msgs/include/px4_msgs/px4_msgs/msg/detail/parameter_update__rosidl_typesupport_introspection_cpp.hpp\n'}
[1.349656] (px4_msgs) StdoutLine: {'line': b'-- Up-to-date: /home/harsh/ros2_project/install/px4_msgs/include/px4_msgs/px4_msgs/msg/detail/navigator_mission_item__rosidl_typesupport_introspection_cpp.hpp\n'}
[1.349710] (px4_msgs) StdoutLine: {'line': b'-- Up-to-date: /home/harsh/ros2_project/install/px4_msgs/include/px4_msgs/px4_msgs/msg/detail/vehicle_command__type_support.cpp\n'}
[1.349763] (px4_msgs) StdoutLine: {'line': b'-- Up-to-date: /home/harsh/ros2_project/install/px4_msgs/include/px4_msgs/px4_msgs/msg/detail/led_control__type_support.cpp\n'}
[1.349819] (px4_msgs) StdoutLine: {'line': b'-- Up-to-date: /home/harsh/ros2_project/install/px4_msgs/include/px4_msgs/px4_msgs/msg/detail/estimator_sensor_bias__type_support.cpp\n'}
[1.349891] (px4_msgs) StdoutLine: {'line': b'-- Up-to-date: /home/harsh/ros2_project/install/px4_msgs/include/px4_msgs/px4_msgs/msg/detail/log_message__type_support.cpp\n'}
[1.349949] (px4_msgs) StdoutLine: {'line': b'-- Up-to-date: /home/harsh/ros2_project/install/px4_msgs/include/px4_msgs/px4_msgs/msg/detail/orb_test_large__rosidl_typesupport_introspection_cpp.hpp\n'}
[1.350005] (px4_msgs) StdoutLine: {'line': b'-- Up-to-date: /home/harsh/ros2_project/install/px4_msgs/include/px4_msgs/px4_msgs/msg/detail/parameter_reset_request__rosidl_typesupport_introspection_cpp.hpp\n'}
[1.350065] (px4_msgs) StdoutLine: {'line': b'-- Up-to-date: /home/harsh/ros2_project/install/px4_msgs/include/px4_msgs/px4_msgs/msg/detail/gimbal_device_attitude_status__type_support.cpp\n'}
[1.350163] (px4_msgs) StdoutLine: {'line': b'-- Up-to-date: /home/harsh/ros2_project/install/px4_msgs/include/px4_msgs/px4_msgs/msg/detail/position_setpoint__rosidl_typesupport_introspection_cpp.hpp\n'}
[1.350222] (px4_msgs) StdoutLine: {'line': b'-- Up-to-date: /home/harsh/ros2_project/install/px4_msgs/include/px4_msgs/px4_msgs/msg/detail/vehicle_attitude__rosidl_typesupport_introspection_cpp.hpp\n'}
[1.350292] (px4_msgs) StdoutLine: {'line': b'-- Up-to-date: /home/harsh/ros2_project/install/px4_msgs/include/px4_msgs/px4_msgs/msg/detail/magnetometer_bias_estimate__rosidl_typesupport_introspection_cpp.hpp\n'}
[1.350380] (px4_msgs) StdoutLine: {'line': b'-- Up-to-date: /home/harsh/ros2_project/install/px4_msgs/include/px4_msgs/px4_msgs/msg/detail/vehicle_torque_setpoint__type_support.cpp\n'}
[1.350437] (px4_msgs) StdoutLine: {'line': b'-- Up-to-date: /home/harsh/ros2_project/install/px4_msgs/include/px4_msgs/px4_msgs/msg/detail/vehicle_imu__type_support.cpp\n'}
[1.350506] (px4_msgs) StdoutLine: {'line': b'-- Up-to-date: /home/harsh/ros2_project/install/px4_msgs/include/px4_msgs/px4_msgs/msg/detail/sensor_gyro__type_support.cpp\n'}
[1.350568] (px4_msgs) StdoutLine: {'line': b'-- Up-to-date: /home/harsh/ros2_project/install/px4_msgs/include/px4_msgs/px4_msgs/msg/detail/estimator_gps_status__rosidl_typesupport_introspection_cpp.hpp\n'}
[1.350620] (px4_msgs) StdoutLine: {'line': b'-- Up-to-date: /home/harsh/ros2_project/install/px4_msgs/include/px4_msgs/px4_msgs/msg/detail/estimator_status_flags__type_support.cpp\n'}
[1.350669] (px4_msgs) StdoutLine: {'line': b'-- Up-to-date: /home/harsh/ros2_project/install/px4_msgs/include/px4_msgs/px4_msgs/msg/detail/sensor_mag__type_support.cpp\n'}
[1.350719] (px4_msgs) StdoutLine: {'line': b'-- Up-to-date: /home/harsh/ros2_project/install/px4_msgs/include/px4_msgs/px4_msgs/msg/detail/cpuload__type_support.cpp\n'}
[1.350770] (px4_msgs) StdoutLine: {'line': b'-- Up-to-date: /home/harsh/ros2_project/install/px4_msgs/include/px4_msgs/px4_msgs/msg/detail/vehicle_local_position__rosidl_typesupport_introspection_cpp.hpp\n'}
[1.350820] (px4_msgs) StdoutLine: {'line': b'-- Up-to-date: /home/harsh/ros2_project/install/px4_msgs/include/px4_msgs/px4_msgs/msg/detail/battery_status__type_support.cpp\n'}
[1.350869] (px4_msgs) StdoutLine: {'line': b'-- Up-to-date: /home/harsh/ros2_project/install/px4_msgs/include/px4_msgs/px4_msgs/msg/detail/sensors_status_imu__type_support.cpp\n'}
[1.350918] (px4_msgs) StdoutLine: {'line': b'-- Up-to-date: /home/harsh/ros2_project/install/px4_msgs/include/px4_msgs/px4_msgs/msg/detail/mission__rosidl_typesupport_introspection_cpp.hpp\n'}
[1.350968] (px4_msgs) StdoutLine: {'line': b'-- Up-to-date: /home/harsh/ros2_project/install/px4_msgs/include/px4_msgs/px4_msgs/msg/detail/follow_target__rosidl_typesupport_introspection_cpp.hpp\n'}
[1.351019] (px4_msgs) StdoutLine: {'line': b'-- Up-to-date: /home/harsh/ros2_project/install/px4_msgs/include/px4_msgs/px4_msgs/msg/detail/rc_channels__type_support.cpp\n'}
[1.351070] (px4_msgs) StdoutLine: {'line': b'-- Up-to-date: /home/harsh/ros2_project/install/px4_msgs/include/px4_msgs/px4_msgs/msg/detail/config_overrides__type_support.cpp\n'}
[1.351125] (px4_msgs) StdoutLine: {'line': b'-- Up-to-date: /home/harsh/ros2_project/install/px4_msgs/include/px4_msgs/px4_msgs/msg/detail/hover_thrust_estimate__type_support.cpp\n'}
[1.351181] (px4_msgs) StdoutLine: {'line': b'-- Up-to-date: /home/harsh/ros2_project/install/px4_msgs/include/px4_msgs/px4_msgs/msg/detail/geofence_status__type_support.cpp\n'}
[1.351234] (px4_msgs) StdoutLine: {'line': b'-- Up-to-date: /home/harsh/ros2_project/install/px4_msgs/include/px4_msgs/px4_msgs/msg/detail/obstacle_distance__rosidl_typesupport_introspection_cpp.hpp\n'}
[1.351288] (px4_msgs) StdoutLine: {'line': b'-- Up-to-date: /home/harsh/ros2_project/install/px4_msgs/include/px4_msgs/px4_msgs/msg/detail/failsafe_flags__rosidl_typesupport_introspection_cpp.hpp\n'}
[1.351373] (px4_msgs) StdoutLine: {'line': b'-- Up-to-date: /home/harsh/ros2_project/install/px4_msgs/include/px4_msgs/px4_msgs/msg/detail/differential_drive_setpoint__rosidl_typesupport_introspection_cpp.hpp\n'}
[1.351428] (px4_msgs) StdoutLine: {'line': b'-- Up-to-date: /home/harsh/ros2_project/install/px4_msgs/include/px4_msgs/px4_msgs/msg/detail/gimbal_manager_set_attitude__type_support.cpp\n'}
[1.351479] (px4_msgs) StdoutLine: {'line': b'-- Up-to-date: /home/harsh/ros2_project/install/px4_msgs/include/px4_msgs/px4_msgs/msg/detail/vehicle_control_mode__type_support.cpp\n'}
[1.351532] (px4_msgs) StdoutLine: {'line': b'-- Up-to-date: /home/harsh/ros2_project/install/px4_msgs/include/px4_msgs/px4_msgs/msg/detail/ekf2_timestamps__rosidl_typesupport_introspection_cpp.hpp\n'}
[1.351584] (px4_msgs) StdoutLine: {'line': b'-- Up-to-date: /home/harsh/ros2_project/install/px4_msgs/include/px4_msgs/px4_msgs/msg/detail/buffer128__type_support.cpp\n'}
[1.351637] (px4_msgs) StdoutLine: {'line': b'-- Up-to-date: /home/harsh/ros2_project/install/px4_msgs/include/px4_msgs/px4_msgs/msg/detail/vtol_vehicle_status__rosidl_typesupport_introspection_cpp.hpp\n'}
[1.351694] (px4_msgs) StdoutLine: {'line': b'-- Up-to-date: /home/harsh/ros2_project/install/px4_msgs/include/px4_msgs/px4_msgs/msg/detail/iridiumsbd_status__type_support.cpp\n'}
[1.351746] (px4_msgs) StdoutLine: {'line': b'-- Up-to-date: /home/harsh/ros2_project/install/px4_msgs/include/px4_msgs/px4_msgs/msg/detail/health_report__type_support.cpp\n'}
[1.351802] (px4_msgs) StdoutLine: {'line': b'-- Up-to-date: /home/harsh/ros2_project/install/px4_msgs/include/px4_msgs/px4_msgs/msg/detail/rtl_time_estimate__rosidl_typesupport_introspection_cpp.hpp\n'}
[1.351856] (px4_msgs) StdoutLine: {'line': b'-- Up-to-date: /home/harsh/ros2_project/install/px4_msgs/include/px4_msgs/px4_msgs/msg/detail/gripper__type_support.cpp\n'}
[1.351908] (px4_msgs) StdoutLine: {'line': b'-- Up-to-date: /home/harsh/ros2_project/install/px4_msgs/include/px4_msgs/px4_msgs/msg/detail/landing_gear_wheel__rosidl_typesupport_introspection_cpp.hpp\n'}
[1.351960] (px4_msgs) StdoutLine: {'line': b'-- Up-to-date: /home/harsh/ros2_project/install/px4_msgs/include/px4_msgs/px4_msgs/msg/detail/sensor_airflow__type_support.cpp\n'}
[1.352013] (px4_msgs) StdoutLine: {'line': b'-- Up-to-date: /home/harsh/ros2_project/install/px4_msgs/include/px4_msgs/px4_msgs/msg/detail/estimator_bias__type_support.cpp\n'}
[1.352078] (px4_msgs) StdoutLine: {'line': b'-- Up-to-date: /home/harsh/ros2_project/install/px4_msgs/include/px4_msgs/px4_msgs/msg/detail/takeoff_status__type_support.cpp\n'}
[1.352129] (px4_msgs) StdoutLine: {'line': b'-- Up-to-date: /home/harsh/ros2_project/install/px4_msgs/include/px4_msgs/px4_msgs/msg/detail/transponder_report__rosidl_typesupport_introspection_cpp.hpp\n'}
[1.352177] (px4_msgs) StdoutLine: {'line': b'-- Up-to-date: /home/harsh/ros2_project/install/px4_msgs/include/px4_msgs/px4_msgs/msg/detail/vehicle_acceleration__type_support.cpp\n'}
[1.352226] (px4_msgs) StdoutLine: {'line': b'-- Up-to-date: /home/harsh/ros2_project/install/px4_msgs/include/px4_msgs/px4_msgs/msg/detail/mavlink_tunnel__type_support.cpp\n'}
[1.352278] (px4_msgs) StdoutLine: {'line': b'-- Up-to-date: /home/harsh/ros2_project/install/px4_msgs/include/px4_msgs/px4_msgs/msg/detail/sensor_accel__rosidl_typesupport_introspection_cpp.hpp\n'}
[1.352337] (px4_msgs) StdoutLine: {'line': b'-- Up-to-date: /home/harsh/ros2_project/install/px4_msgs/include/px4_msgs/px4_msgs/msg/detail/mag_worker_data__type_support.cpp\n'}
[1.352393] (px4_msgs) StdoutLine: {'line': b'-- Up-to-date: /home/harsh/ros2_project/install/px4_msgs/include/px4_msgs/px4_msgs/msg/detail/estimator_selector_status__rosidl_typesupport_introspection_cpp.hpp\n'}
[1.352443] (px4_msgs) StdoutLine: {'line': b'-- Up-to-date: /home/harsh/ros2_project/install/px4_msgs/include/px4_msgs/px4_msgs/msg/detail/camera_status__type_support.cpp\n'}
[1.352494] (px4_msgs) StdoutLine: {'line': b'-- Up-to-date: /home/harsh/ros2_project/install/px4_msgs/include/px4_msgs/px4_msgs/msg/detail/wind__type_support.cpp\n'}
[1.352545] (px4_msgs) StdoutLine: {'line': b'-- Up-to-date: /home/harsh/ros2_project/install/px4_msgs/include/px4_msgs/px4_msgs/msg/detail/esc_status__type_support.cpp\n'}
[1.352597] (px4_msgs) StdoutLine: {'line': b'-- Up-to-date: /home/harsh/ros2_project/install/px4_msgs/include/px4_msgs/px4_msgs/msg/detail/autotune_attitude_control_status__type_support.cpp\n'}
[1.352648] (px4_msgs) StdoutLine: {'line': b'-- Up-to-date: /home/harsh/ros2_project/install/px4_msgs/include/px4_msgs/px4_msgs/msg/detail/internal_combustion_engine_status__type_support.cpp\n'}
[1.352698] (px4_msgs) StdoutLine: {'line': b'-- Up-to-date: /home/harsh/ros2_project/install/px4_msgs/include/px4_msgs/px4_msgs/msg/detail/sensor_hygrometer__type_support.cpp\n'}
[1.352749] (px4_msgs) StdoutLine: {'line': b'-- Up-to-date: /home/harsh/ros2_project/install/px4_msgs/include/px4_msgs/px4_msgs/msg/detail/actuator_motors__type_support.cpp\n'}
[1.352799] (px4_msgs) StdoutLine: {'line': b'-- Up-to-date: /home/harsh/ros2_project/install/px4_msgs/include/px4_msgs/px4_msgs/msg/detail/iridiumsbd_status__rosidl_typesupport_introspection_cpp.hpp\n'}
[1.352864] (px4_msgs) StdoutLine: {'line': b'-- Up-to-date: /home/harsh/ros2_project/install/px4_msgs/include/px4_msgs/px4_msgs/msg/detail/ulog_stream_ack__type_support.cpp\n'}
[1.352914] (px4_msgs) StdoutLine: {'line': b'-- Up-to-date: /home/harsh/ros2_project/install/px4_msgs/include/px4_msgs/px4_msgs/msg/detail/position_controller_landing_status__type_support.cpp\n'}
[1.352963] (px4_msgs) StdoutLine: {'line': b'-- Up-to-date: /home/harsh/ros2_project/install/px4_msgs/include/px4_msgs/px4_msgs/msg/detail/power_button_state__type_support.cpp\n'}
[1.353010] (px4_msgs) StdoutLine: {'line': b'-- Up-to-date: /home/harsh/ros2_project/install/px4_msgs/include/px4_msgs/px4_msgs/msg/detail/estimator_aid_source2d__rosidl_typesupport_introspection_cpp.hpp\n'}
[1.353059] (px4_msgs) StdoutLine: {'line': b'-- Up-to-date: /home/harsh/ros2_project/install/px4_msgs/include/px4_msgs/px4_msgs/msg/detail/vehicle_trajectory_bezier__type_support.cpp\n'}
[1.353109] (px4_msgs) StdoutLine: {'line': b'-- Up-to-date: /home/harsh/ros2_project/install/px4_msgs/include/px4_msgs/px4_msgs/msg/detail/onboard_computer_status__rosidl_typesupport_introspection_cpp.hpp\n'}
[1.353164] (px4_msgs) StdoutLine: {'line': b'-- Up-to-date: /home/harsh/ros2_project/install/px4_msgs/include/px4_msgs/px4_msgs/msg/detail/mag_worker_data__rosidl_typesupport_introspection_cpp.hpp\n'}
[1.353218] (px4_msgs) StdoutLine: {'line': b'-- Up-to-date: /home/harsh/ros2_project/install/px4_msgs/include/px4_msgs/px4_msgs/msg/detail/parameter_reset_request__type_support.cpp\n'}
[1.353270] (px4_msgs) StdoutLine: {'line': b'-- Up-to-date: /home/harsh/ros2_project/install/px4_msgs/include/px4_msgs/px4_msgs/msg/detail/magnetometer_bias_estimate__type_support.cpp\n'}
[1.353327] (px4_msgs) StdoutLine: {'line': b'-- Up-to-date: /home/harsh/ros2_project/install/px4_msgs/include/px4_msgs/px4_msgs/msg/detail/debug_value__rosidl_typesupport_introspection_cpp.hpp\n'}
[1.353399] (px4_msgs) StdoutLine: {'line': b'-- Up-to-date: /home/harsh/ros2_project/install/px4_msgs/include/px4_msgs/px4_msgs/msg/detail/arming_check_request__rosidl_typesupport_introspection_cpp.hpp\n'}
[1.353452] (px4_msgs) StdoutLine: {'line': b'-- Up-to-date: /home/harsh/ros2_project/install/px4_msgs/include/px4_msgs/px4_msgs/msg/detail/gpio_out__rosidl_typesupport_introspection_cpp.hpp\n'}
[1.353507] (px4_msgs) StdoutLine: {'line': b'-- Up-to-date: /home/harsh/ros2_project/install/px4_msgs/include/px4_msgs/px4_msgs/msg/detail/gimbal_device_set_attitude__rosidl_typesupport_introspection_cpp.hpp\n'}
[1.353563] (px4_msgs) StdoutLine: {'line': b'-- Up-to-date: /home/harsh/ros2_project/install/px4_msgs/include/px4_msgs/px4_msgs/msg/detail/rpm__type_support.cpp\n'}
[1.353618] (px4_msgs) StdoutLine: {'line': b'-- Up-to-date: /home/harsh/ros2_project/install/px4_msgs/include/px4_msgs/px4_msgs/msg/detail/orb_test_medium__rosidl_typesupport_introspection_cpp.hpp\n'}
[1.353672] (px4_msgs) StdoutLine: {'line': b'-- Up-to-date: /home/harsh/ros2_project/install/px4_msgs/include/px4_msgs/px4_msgs/msg/detail/follow_target_estimator__rosidl_typesupport_introspection_cpp.hpp\n'}
[1.353727] (px4_msgs) StdoutLine: {'line': b'-- Up-to-date: /home/harsh/ros2_project/install/px4_msgs/include/px4_msgs/px4_msgs/msg/detail/actuator_servos__rosidl_typesupport_introspection_cpp.hpp\n'}
[1.353781] (px4_msgs) StdoutLine: {'line': b'-- Up-to-date: /home/harsh/ros2_project/install/px4_msgs/include/px4_msgs/px4_msgs/msg/detail/sensor_selection__rosidl_typesupport_introspection_cpp.hpp\n'}
[1.353836] (px4_msgs) StdoutLine: {'line': b'-- Up-to-date: /home/harsh/ros2_project/install/px4_msgs/include/px4_msgs/px4_msgs/msg/detail/uavcan_parameter_request__rosidl_typesupport_introspection_cpp.hpp\n'}
[1.353892] (px4_msgs) StdoutLine: {'line': b'-- Up-to-date: /home/harsh/ros2_project/install/px4_msgs/include/px4_msgs/px4_msgs/msg/detail/figure_eight_status__type_support.cpp\n'}
[1.353947] (px4_msgs) StdoutLine: {'line': b'-- Up-to-date: /home/harsh/ros2_project/install/px4_msgs/include/px4_msgs/px4_msgs/msg/detail/satellite_info__type_support.cpp\n'}
[1.354004] (px4_msgs) StdoutLine: {'line': b'-- Up-to-date: /home/harsh/ros2_project/install/px4_msgs/include/px4_msgs/px4_msgs/msg/detail/camera_trigger__rosidl_typesupport_introspection_cpp.hpp\n'}
[1.354065] (px4_msgs) StdoutLine: {'line': b'-- Up-to-date: /home/harsh/ros2_project/install/px4_msgs/include/px4_msgs/px4_msgs/msg/detail/gimbal_manager_information__type_support.cpp\n'}
[1.354125] (px4_msgs) StdoutLine: {'line': b'-- Up-to-date: /home/harsh/ros2_project/install/px4_msgs/include/px4_msgs/px4_msgs/msg/detail/uavcan_parameter_request__type_support.cpp\n'}
[1.354182] (px4_msgs) StdoutLine: {'line': b'-- Up-to-date: /home/harsh/ros2_project/install/px4_msgs/include/px4_msgs/px4_msgs/msg/detail/flight_phase_estimation__rosidl_typesupport_introspection_cpp.hpp\n'}
[1.354245] (px4_msgs) StdoutLine: {'line': b'-- Up-to-date: /home/harsh/ros2_project/install/px4_msgs/include/px4_msgs/px4_msgs/msg/detail/gimbal_device_attitude_status__rosidl_typesupport_introspection_cpp.hpp\n'}
[1.354303] (px4_msgs) StdoutLine: {'line': b'-- Up-to-date: /home/harsh/ros2_project/install/px4_msgs/include/px4_msgs/px4_msgs/msg/detail/vehicle_imu__rosidl_typesupport_introspection_cpp.hpp\n'}
[1.354366] (px4_msgs) StdoutLine: {'line': b'-- Up-to-date: /home/harsh/ros2_project/install/px4_msgs/include/px4_msgs/px4_msgs/msg/detail/gpio_request__rosidl_typesupport_introspection_cpp.hpp\n'}
[1.354423] (px4_msgs) StdoutLine: {'line': b'-- Up-to-date: /home/harsh/ros2_project/install/px4_msgs/include/px4_msgs/px4_msgs/msg/detail/uavcan_parameter_value__rosidl_typesupport_introspection_cpp.hpp\n'}
[1.354484] (px4_msgs) StdoutLine: {'line': b'-- Up-to-date: /home/harsh/ros2_project/install/px4_msgs/include/px4_msgs/px4_msgs/msg/detail/actuator_controls_status__type_support.cpp\n'}
[1.354539] (px4_msgs) StdoutLine: {'line': b'-- Up-to-date: /home/harsh/ros2_project/install/px4_msgs/include/px4_msgs/px4_msgs/msg/detail/esc_report__type_support.cpp\n'}
[1.354593] (px4_msgs) StdoutLine: {'line': b'-- Up-to-date: /home/harsh/ros2_project/install/px4_msgs/include/px4_msgs/px4_msgs/msg/detail/sensor_gyro_fft__type_support.cpp\n'}
[1.354648] (px4_msgs) StdoutLine: {'line': b'-- Up-to-date: /home/harsh/ros2_project/install/px4_msgs/include/px4_msgs/px4_msgs/msg/detail/debug_array__type_support.cpp\n'}
[1.354702] (px4_msgs) StdoutLine: {'line': b'-- Up-to-date: /home/harsh/ros2_project/install/px4_msgs/include/px4_msgs/px4_msgs/msg/detail/input_rc__rosidl_typesupport_introspection_cpp.hpp\n'}
[1.354756] (px4_msgs) StdoutLine: {'line': b'-- Up-to-date: /home/harsh/ros2_project/install/px4_msgs/include/px4_msgs/px4_msgs/msg/detail/vehicle_local_position__type_support.cpp\n'}
[1.354811] (px4_msgs) StdoutLine: {'line': b'-- Up-to-date: /home/harsh/ros2_project/install/px4_msgs/include/px4_msgs/px4_msgs/msg/detail/vehicle_attitude__type_support.cpp\n'}
[1.354866] (px4_msgs) StdoutLine: {'line': b'-- Up-to-date: /home/harsh/ros2_project/install/px4_msgs/include/px4_msgs/px4_msgs/msg/detail/collision_constraints__type_support.cpp\n'}
[1.354922] (px4_msgs) StdoutLine: {'line': b'-- Up-to-date: /home/harsh/ros2_project/install/px4_msgs/include/px4_msgs/px4_msgs/msg/detail/health_report__rosidl_typesupport_introspection_cpp.hpp\n'}
[1.355002] (px4_msgs) StdoutLine: {'line': b'-- Up-to-date: /home/harsh/ros2_project/install/px4_msgs/include/px4_msgs/px4_msgs/msg/detail/dataman_response__type_support.cpp\n'}
[1.355057] (px4_msgs) StdoutLine: {'line': b'-- Up-to-date: /home/harsh/ros2_project/install/px4_msgs/include/px4_msgs/px4_msgs/msg/detail/gpio_in__type_support.cpp\n'}
[1.355121] (px4_msgs) StdoutLine: {'line': b'-- Up-to-date: /home/harsh/ros2_project/install/px4_msgs/include/px4_msgs/px4_msgs/msg/detail/sensor_baro__type_support.cpp\n'}
[1.355173] (px4_msgs) StdoutLine: {'line': b'-- Up-to-date: /home/harsh/ros2_project/install/px4_msgs/include/px4_msgs/px4_msgs/msg/detail/camera_status__rosidl_typesupport_introspection_cpp.hpp\n'}
[1.355222] (px4_msgs) StdoutLine: {'line': b'-- Up-to-date: /home/harsh/ros2_project/install/px4_msgs/include/px4_msgs/px4_msgs/msg/detail/launch_detection_status__type_support.cpp\n'}
[1.355275] (px4_msgs) StdoutLine: {'line': b'-- Up-to-date: /home/harsh/ros2_project/install/px4_msgs/include/px4_msgs/px4_msgs/msg/detail/estimator_event_flags__rosidl_typesupport_introspection_cpp.hpp\n'}
[1.355334] (px4_msgs) StdoutLine: {'line': b'-- Up-to-date: /home/harsh/ros2_project/install/px4_msgs/include/px4_msgs/px4_msgs/msg/detail/vehicle_attitude_setpoint__rosidl_typesupport_introspection_cpp.hpp\n'}
[1.355390] (px4_msgs) StdoutLine: {'line': b'-- Up-to-date: /home/harsh/ros2_project/install/px4_msgs/include/px4_msgs/px4_msgs/msg/detail/position_setpoint_triplet__rosidl_typesupport_introspection_cpp.hpp\n'}
[1.355440] (px4_msgs) StdoutLine: {'line': b'-- Up-to-date: /home/harsh/ros2_project/install/px4_msgs/include/px4_msgs/px4_msgs/msg/detail/estimator_event_flags__type_support.cpp\n'}
[1.355494] (px4_msgs) StdoutLine: {'line': b'-- Up-to-date: /home/harsh/ros2_project/install/px4_msgs/include/px4_msgs/px4_msgs/msg/detail/task_stack_info__type_support.cpp\n'}
[1.355548] (px4_msgs) StdoutLine: {'line': b'-- Up-to-date: /home/harsh/ros2_project/install/px4_msgs/include/px4_msgs/px4_msgs/msg/detail/orb_test_large__type_support.cpp\n'}
[1.355602] (px4_msgs) StdoutLine: {'line': b'-- Up-to-date: /home/harsh/ros2_project/install/px4_msgs/include/px4_msgs/px4_msgs/msg/detail/tiltrotor_extra_controls__rosidl_typesupport_introspection_cpp.hpp\n'}
[1.355655] (px4_msgs) StdoutLine: {'line': b'-- Up-to-date: /home/harsh/ros2_project/install/px4_msgs/include/px4_msgs/px4_msgs/msg/detail/mount_orientation__rosidl_typesupport_introspection_cpp.hpp\n'}
[1.355708] (px4_msgs) StdoutLine: {'line': b'-- Up-to-date: /home/harsh/ros2_project/install/px4_msgs/include/px4_msgs/px4_msgs/msg/detail/yaw_estimator_status__type_support.cpp\n'}
[1.355761] (px4_msgs) StdoutLine: {'line': b'-- Up-to-date: /home/harsh/ros2_project/install/px4_msgs/include/px4_msgs/px4_msgs/msg/detail/goto_setpoint__rosidl_typesupport_introspection_cpp.hpp\n'}
[1.355814] (px4_msgs) StdoutLine: {'line': b'-- Up-to-date: /home/harsh/ros2_project/install/px4_msgs/include/px4_msgs/px4_msgs/msg/detail/vehicle_rates_setpoint__type_support.cpp\n'}
[1.355865] (px4_msgs) StdoutLine: {'line': b'-- Up-to-date: /home/harsh/ros2_project/install/px4_msgs/include/px4_msgs/px4_msgs/msg/detail/power_monitor__type_support.cpp\n'}
[1.355918] (px4_msgs) StdoutLine: {'line': b'-- Up-to-date: /home/harsh/ros2_project/install/px4_msgs/include/px4_msgs/px4_msgs/msg/detail/gps_dump__rosidl_typesupport_introspection_cpp.hpp\n'}
[1.355970] (px4_msgs) StdoutLine: {'line': b'-- Up-to-date: /home/harsh/ros2_project/install/px4_msgs/include/px4_msgs/px4_msgs/msg/detail/adc_report__type_support.cpp\n'}
[1.356088] (px4_msgs) StdoutLine: {'line': b'-- Up-to-date: /home/harsh/ros2_project/install/px4_msgs/include/px4_msgs/px4_msgs/msg/detail/cellular_status__rosidl_typesupport_introspection_cpp.hpp\n'}
[1.356132] (px4_msgs) StdoutLine: {'line': b'-- Up-to-date: /home/harsh/ros2_project/install/px4_msgs/include/px4_msgs/px4_msgs/msg/detail/qshell_req__rosidl_typesupport_introspection_cpp.hpp\n'}
[1.356167] (px4_msgs) StdoutLine: {'line': b'-- Up-to-date: /home/harsh/ros2_project/install/px4_msgs/include/px4_msgs/px4_msgs/msg/detail/px4io_status__type_support.cpp\n'}
[1.356198] (px4_msgs) StdoutLine: {'line': b'-- Up-to-date: /home/harsh/ros2_project/install/px4_msgs/include/px4_msgs/px4_msgs/msg/detail/vehicle_roi__rosidl_typesupport_introspection_cpp.hpp\n'}
[1.356228] (px4_msgs) StdoutLine: {'line': b'-- Up-to-date: /home/harsh/ros2_project/install/px4_msgs/include/px4_msgs/px4_msgs/msg/detail/rtl_time_estimate__type_support.cpp\n'}
[1.356262] (px4_msgs) StdoutLine: {'line': b'-- Up-to-date: /home/harsh/ros2_project/install/px4_msgs/include/px4_msgs/px4_msgs/msg/detail/gpio_in__rosidl_typesupport_introspection_cpp.hpp\n'}
[1.356292] (px4_msgs) StdoutLine: {'line': b'-- Up-to-date: /home/harsh/ros2_project/install/px4_msgs/include/px4_msgs/px4_msgs/msg/detail/npfg_status__type_support.cpp\n'}
[1.356329] (px4_msgs) StdoutLine: {'line': b'-- Up-to-date: /home/harsh/ros2_project/install/px4_msgs/include/px4_msgs/px4_msgs/msg/detail/wheel_encoders__rosidl_typesupport_introspection_cpp.hpp\n'}
[1.356395] (px4_msgs) StdoutLine: {'line': b'-- Up-to-date: /home/harsh/ros2_project/install/px4_msgs/include/px4_msgs/px4_msgs/msg/detail/vehicle_air_data__rosidl_typesupport_introspection_cpp.hpp\n'}
[1.356427] (px4_msgs) StdoutLine: {'line': b'-- Up-to-date: /home/harsh/ros2_project/install/px4_msgs/include/px4_msgs/px4_msgs/msg/detail/gps_inject_data__rosidl_typesupport_introspection_cpp.hpp\n'}
[1.356464] (px4_msgs) StdoutLine: {'line': b'-- Up-to-date: /home/harsh/ros2_project/install/px4_msgs/include/px4_msgs/px4_msgs/msg/detail/gimbal_controls__type_support.cpp\n'}
[1.356494] (px4_msgs) StdoutLine: {'line': b'-- Up-to-date: /home/harsh/ros2_project/install/px4_msgs/include/px4_msgs/px4_msgs/msg/detail/vehicle_optical_flow__type_support.cpp\n'}
[1.356524] (px4_msgs) StdoutLine: {'line': b'-- Up-to-date: /home/harsh/ros2_project/install/px4_msgs/include/px4_msgs/px4_msgs/msg/detail/ekf2_timestamps__type_support.cpp\n'}
[1.356554] (px4_msgs) StdoutLine: {'line': b'-- Up-to-date: /home/harsh/ros2_project/install/px4_msgs/include/px4_msgs/px4_msgs/msg/detail/esc_status__rosidl_typesupport_introspection_cpp.hpp\n'}
[1.356585] (px4_msgs) StdoutLine: {'line': b'-- Up-to-date: /home/harsh/ros2_project/install/px4_msgs/include/px4_msgs/px4_msgs/msg/detail/debug_vect__type_support.cpp\n'}
[1.356615] (px4_msgs) StdoutLine: {'line': b'-- Up-to-date: /home/harsh/ros2_project/install/px4_msgs/include/px4_msgs/px4_msgs/msg/detail/wheel_encoders__type_support.cpp\n'}
[1.356645] (px4_msgs) StdoutLine: {'line': b'-- Up-to-date: /home/harsh/ros2_project/install/px4_msgs/include/px4_msgs/px4_msgs/msg/detail/debug_key_value__type_support.cpp\n'}
[1.356679] (px4_msgs) StdoutLine: {'line': b'-- Up-to-date: /home/harsh/ros2_project/install/px4_msgs/include/px4_msgs/px4_msgs/msg/detail/config_overrides__rosidl_typesupport_introspection_cpp.hpp\n'}
[1.356714] (px4_msgs) StdoutLine: {'line': b'-- Up-to-date: /home/harsh/ros2_project/install/px4_msgs/include/px4_msgs/px4_msgs/msg/detail/generator_status__rosidl_typesupport_introspection_cpp.hpp\n'}
[1.356750] (px4_msgs) StdoutLine: {'line': b'-- Up-to-date: /home/harsh/ros2_project/install/px4_msgs/include/px4_msgs/px4_msgs/msg/detail/mission_result__type_support.cpp\n'}
[1.356785] (px4_msgs) StdoutLine: {'line': b'-- Up-to-date: /home/harsh/ros2_project/install/px4_msgs/include/px4_msgs/px4_msgs/msg/detail/rc_channels__rosidl_typesupport_introspection_cpp.hpp\n'}
[1.356823] (px4_msgs) StdoutLine: {'line': b'-- Up-to-date: /home/harsh/ros2_project/install/px4_msgs/include/px4_msgs/px4_msgs/msg/detail/estimator_bias3d__rosidl_typesupport_introspection_cpp.hpp\n'}
[1.356857] (px4_msgs) StdoutLine: {'line': b'-- Up-to-date: /home/harsh/ros2_project/install/px4_msgs/include/px4_msgs/px4_msgs/msg/detail/airspeed_validated__type_support.cpp\n'}
[1.356893] (px4_msgs) StdoutLine: {'line': b'-- Up-to-date: /home/harsh/ros2_project/install/px4_msgs/include/px4_msgs/px4_msgs/msg/detail/gimbal_manager_set_attitude__rosidl_typesupport_introspection_cpp.hpp\n'}
[1.356928] (px4_msgs) StdoutLine: {'line': b'-- Up-to-date: /home/harsh/ros2_project/install/px4_msgs/include/px4_msgs/px4_msgs/msg/detail/landing_gear__type_support.cpp\n'}
[1.356963] (px4_msgs) StdoutLine: {'line': b'-- Up-to-date: /home/harsh/ros2_project/install/px4_msgs/include/px4_msgs/px4_msgs/msg/detail/button_event__type_support.cpp\n'}
[1.356998] (px4_msgs) StdoutLine: {'line': b'-- Up-to-date: /home/harsh/ros2_project/install/px4_msgs/include/px4_msgs/px4_msgs/msg/detail/actuator_test__rosidl_typesupport_introspection_cpp.hpp\n'}
[1.357143] (px4_msgs) StdoutLine: {'line': b'-- Up-to-date: /home/harsh/ros2_project/install/px4_msgs/include/px4_msgs/px4_msgs/msg/detail/message_format_response__rosidl_typesupport_introspection_cpp.hpp\n'}
[1.357182] (px4_msgs) StdoutLine: {'line': b'-- Up-to-date: /home/harsh/ros2_project/install/px4_msgs/include/px4_msgs/px4_msgs/msg/detail/gps_dump__type_support.cpp\n'}
[1.357224] (px4_msgs) StdoutLine: {'line': b'-- Up-to-date: /home/harsh/ros2_project/install/px4_msgs/include/px4_msgs/px4_msgs/msg/detail/system_power__rosidl_typesupport_introspection_cpp.hpp\n'}
[1.357263] (px4_msgs) StdoutLine: {'line': b'-- Up-to-date: /home/harsh/ros2_project/install/px4_msgs/include/px4_msgs/px4_msgs/msg/detail/trajectory_waypoint__rosidl_typesupport_introspection_cpp.hpp\n'}
[1.357302] (px4_msgs) StdoutLine: {'line': b'-- Up-to-date: /home/harsh/ros2_project/install/px4_msgs/include/px4_msgs/px4_msgs/msg/detail/action_request__type_support.cpp\n'}
[1.357351] (px4_msgs) StdoutLine: {'line': b'-- Up-to-date: /home/harsh/ros2_project/install/px4_msgs/include/px4_msgs/px4_msgs/msg/detail/position_controller_status__rosidl_typesupport_introspection_cpp.hpp\n'}
[1.357389] (px4_msgs) StdoutLine: {'line': b'-- Up-to-date: /home/harsh/ros2_project/install/px4_msgs/include/px4_msgs/px4_msgs/msg/detail/vehicle_constraints__rosidl_typesupport_introspection_cpp.hpp\n'}
[1.357424] (px4_msgs) StdoutLine: {'line': b'-- Up-to-date: /home/harsh/ros2_project/install/px4_msgs/include/px4_msgs/px4_msgs/msg/detail/parameter_set_value_request__rosidl_typesupport_introspection_cpp.hpp\n'}
[1.357460] (px4_msgs) StdoutLine: {'line': b'-- Up-to-date: /home/harsh/ros2_project/install/px4_msgs/include/px4_msgs/px4_msgs/msg/detail/vehicle_odometry__rosidl_typesupport_introspection_cpp.hpp\n'}
[1.357496] (px4_msgs) StdoutLine: {'line': b'-- Up-to-date: /home/harsh/ros2_project/install/px4_msgs/include/px4_msgs/px4_msgs/msg/detail/ulog_stream__type_support.cpp\n'}
[1.357532] (px4_msgs) StdoutLine: {'line': b'-- Up-to-date: /home/harsh/ros2_project/install/px4_msgs/include/px4_msgs/px4_msgs/msg/detail/sensor_selection__type_support.cpp\n'}
[1.357566] (px4_msgs) StdoutLine: {'line': b'-- Up-to-date: /home/harsh/ros2_project/install/px4_msgs/include/px4_msgs/px4_msgs/msg/detail/parameter_set_value_request__type_support.cpp\n'}
[1.357604] (px4_msgs) StdoutLine: {'line': b'-- Up-to-date: /home/harsh/ros2_project/install/px4_msgs/include/px4_msgs/px4_msgs/msg/detail/pwm_input__type_support.cpp\n'}
[1.357642] (px4_msgs) StdoutLine: {'line': b'-- Up-to-date: /home/harsh/ros2_project/install/px4_msgs/include/px4_msgs/px4_msgs/msg/detail/vtol_vehicle_status__type_support.cpp\n'}
[1.357681] (px4_msgs) StdoutLine: {'line': b'-- Up-to-date: /home/harsh/ros2_project/install/px4_msgs/include/px4_msgs/px4_msgs/msg/detail/home_position__rosidl_typesupport_introspection_cpp.hpp\n'}
[1.357721] (px4_msgs) StdoutLine: {'line': b'-- Up-to-date: /home/harsh/ros2_project/install/px4_msgs/include/px4_msgs/px4_msgs/msg/detail/timesync_status__rosidl_typesupport_introspection_cpp.hpp\n'}
[1.357761] (px4_msgs) StdoutLine: {'line': b'-- Up-to-date: /home/harsh/ros2_project/install/px4_msgs/include/px4_msgs/px4_msgs/msg/detail/irlock_report__type_support.cpp\n'}
[1.357802] (px4_msgs) StdoutLine: {'line': b'-- Up-to-date: /home/harsh/ros2_project/install/px4_msgs/include/px4_msgs/px4_msgs/msg/detail/gimbal_manager_status__type_support.cpp\n'}
[1.357844] (px4_msgs) StdoutLine: {'line': b'-- Up-to-date: /home/harsh/ros2_project/install/px4_msgs/include/px4_msgs/px4_msgs/msg/detail/vehicle_imu_status__rosidl_typesupport_introspection_cpp.hpp\n'}
[1.357901] (px4_msgs) StdoutLine: {'line': b'-- Up-to-date: /home/harsh/ros2_project/install/px4_msgs/include/px4_msgs/px4_msgs/msg/detail/estimator_aid_source2d__type_support.cpp\n'}
[1.357944] (px4_msgs) StdoutLine: {'line': b'-- Up-to-date: /home/harsh/ros2_project/install/px4_msgs/include/px4_msgs/px4_msgs/msg/detail/estimator_status_flags__rosidl_typesupport_introspection_cpp.hpp\n'}
[1.357989] (px4_msgs) StdoutLine: {'line': b'-- Up-to-date: /home/harsh/ros2_project/install/px4_msgs/include/px4_msgs/px4_msgs/msg/detail/estimator_aid_source1d__type_support.cpp\n'}
[1.358046] (px4_msgs) StdoutLine: {'line': b'-- Up-to-date: /home/harsh/ros2_project/install/px4_msgs/include/px4_msgs/px4_msgs/msg/detail/mavlink_tunnel__rosidl_typesupport_introspection_cpp.hpp\n'}
[1.358098] (px4_msgs) StdoutLine: {'line': b'-- Up-to-date: /home/harsh/ros2_project/install/px4_msgs/include/px4_msgs/px4_msgs/msg/detail/uavcan_parameter_value__type_support.cpp\n'}
[1.358156] (px4_msgs) StdoutLine: {'line': b'-- Up-to-date: /home/harsh/ros2_project/install/px4_msgs/include/px4_msgs/px4_msgs/msg/detail/differential_pressure__type_support.cpp\n'}
[1.358315] (px4_msgs) StdoutLine: {'line': b'-- Up-to-date: /home/harsh/ros2_project/install/px4_msgs/include/px4_msgs/px4_msgs/msg/detail/register_ext_component_reply__rosidl_typesupport_introspection_cpp.hpp\n'}
[1.358377] (px4_msgs) StdoutLine: {'line': b'-- Up-to-date: /home/harsh/ros2_project/install/px4_msgs/include/px4_msgs/px4_msgs/msg/detail/parameter_set_used_request__type_support.cpp\n'}
[1.358479] (px4_msgs) StdoutLine: {'line': b'-- Up-to-date: /home/harsh/ros2_project/install/px4_msgs/include/px4_msgs/px4_msgs/msg/detail/mission_result__rosidl_typesupport_introspection_cpp.hpp\n'}
[1.358564] (px4_msgs) StdoutLine: {'line': b'-- Up-to-date: /home/harsh/ros2_project/install/px4_msgs/include/px4_msgs/px4_msgs/msg/detail/unregister_ext_component__rosidl_typesupport_introspection_cpp.hpp\n'}
[1.358608] (px4_msgs) StdoutLine: {'line': b'-- Up-to-date: /home/harsh/ros2_project/install/px4_msgs/include/px4_msgs/px4_msgs/msg/detail/velocity_limits__type_support.cpp\n'}
[1.358651] (px4_msgs) StdoutLine: {'line': b'-- Up-to-date: /home/harsh/ros2_project/install/px4_msgs/include/px4_msgs/px4_msgs/msg/detail/estimator_innovations__type_support.cpp\n'}
[1.358696] (px4_msgs) StdoutLine: {'line': b'-- Up-to-date: /home/harsh/ros2_project/install/px4_msgs/include/px4_msgs/px4_msgs/msg/detail/pps_capture__rosidl_typesupport_introspection_cpp.hpp\n'}
[1.358740] (px4_msgs) StdoutLine: {'line': b'-- Up-to-date: /home/harsh/ros2_project/install/px4_msgs/include/px4_msgs/px4_msgs/msg/detail/orbit_status__type_support.cpp\n'}
[1.358789] (px4_msgs) StdoutLine: {'line': b'-- Up-to-date: /home/harsh/ros2_project/install/px4_msgs/include/px4_msgs/px4_msgs/msg/detail/vehicle_land_detected__rosidl_typesupport_introspection_cpp.hpp\n'}
[1.358839] (px4_msgs) StdoutLine: {'line': b'-- Up-to-date: /home/harsh/ros2_project/install/px4_msgs/include/px4_msgs/px4_msgs/msg/detail/landing_gear_wheel__type_support.cpp\n'}
[1.358892] (px4_msgs) StdoutLine: {'line': b'-- Up-to-date: /home/harsh/ros2_project/install/px4_msgs/include/px4_msgs/px4_msgs/msg/detail/differential_drive_setpoint__type_support.cpp\n'}
[1.359058] (px4_msgs) StdoutLine: {'line': b'-- Up-to-date: /home/harsh/ros2_project/install/px4_msgs/include/px4_msgs/px4_msgs/msg/detail/landing_gear__rosidl_typesupport_introspection_cpp.hpp\n'}
[1.359124] (px4_msgs) StdoutLine: {'line': b'-- Up-to-date: /home/harsh/ros2_project/install/px4_msgs/include/px4_msgs/px4_msgs/msg/detail/failure_detector_status__type_support.cpp\n'}
[1.359186] (px4_msgs) StdoutLine: {'line': b'-- Up-to-date: /home/harsh/ros2_project/install/px4_msgs/include/px4_msgs/px4_msgs/msg/detail/vehicle_trajectory_waypoint__type_support.cpp\n'}
[1.359248] (px4_msgs) StdoutLine: {'line': b'-- Up-to-date: /home/harsh/ros2_project/install/px4_msgs/include/px4_msgs/px4_msgs/msg/detail/debug_vect__rosidl_typesupport_introspection_cpp.hpp\n'}
[1.359300] (px4_msgs) StdoutLine: {'line': b'-- Up-to-date: /home/harsh/ros2_project/install/px4_msgs/include/px4_msgs/px4_msgs/msg/detail/ulog_stream_ack__rosidl_typesupport_introspection_cpp.hpp\n'}
[1.359374] (px4_msgs) StdoutLine: {'line': b'-- Up-to-date: /home/harsh/ros2_project/install/px4_msgs/include/px4_msgs/px4_msgs/msg/detail/gripper__rosidl_typesupport_introspection_cpp.hpp\n'}
[1.359433] (px4_msgs) StdoutLine: {'line': b'-- Up-to-date: /home/harsh/ros2_project/install/px4_msgs/include/px4_msgs/px4_msgs/msg/detail/actuator_servos_trim__rosidl_typesupport_introspection_cpp.hpp\n'}
[1.359489] (px4_msgs) StdoutLine: {'line': b'-- Up-to-date: /home/harsh/ros2_project/install/px4_msgs/include/px4_msgs/px4_msgs/msg/detail/register_ext_component_reply__type_support.cpp\n'}
[1.359545] (px4_msgs) StdoutLine: {'line': b'-- Up-to-date: /home/harsh/ros2_project/install/px4_msgs/include/px4_msgs/px4_msgs/msg/detail/sensor_accel__type_support.cpp\n'}
[1.359607] (px4_msgs) StdoutLine: {'line': b'-- Up-to-date: /home/harsh/ros2_project/install/px4_msgs/include/px4_msgs/px4_msgs/msg/detail/trajectory_bezier__type_support.cpp\n'}
[1.359667] (px4_msgs) StdoutLine: {'line': b'-- Up-to-date: /home/harsh/ros2_project/install/px4_msgs/include/px4_msgs/px4_msgs/msg/detail/autotune_attitude_control_status__rosidl_typesupport_introspection_cpp.hpp\n'}
[1.359726] (px4_msgs) StdoutLine: {'line': b'-- Up-to-date: /home/harsh/ros2_project/install/px4_msgs/include/px4_msgs/px4_msgs/msg/detail/unregister_ext_component__type_support.cpp\n'}
[1.359784] (px4_msgs) StdoutLine: {'line': b'-- Up-to-date: /home/harsh/ros2_project/install/px4_msgs/include/px4_msgs/px4_msgs/msg/detail/sensor_correction__type_support.cpp\n'}
[1.359842] (px4_msgs) StdoutLine: {'line': b'-- Up-to-date: /home/harsh/ros2_project/install/px4_msgs/include/px4_msgs/px4_msgs/msg/detail/estimator_aid_source3d__rosidl_typesupport_introspection_cpp.hpp\n'}
[1.359902] (px4_msgs) StdoutLine: {'line': b'-- Up-to-date: /home/harsh/ros2_project/install/px4_msgs/include/px4_msgs/px4_msgs/msg/detail/sensor_combined__type_support.cpp\n'}
[1.359963] (px4_msgs) StdoutLine: {'line': b'-- Up-to-date: /home/harsh/ros2_project/install/px4_msgs/include/px4_msgs/px4_msgs/msg/detail/log_message__rosidl_typesupport_introspection_cpp.hpp\n'}
[1.360025] (px4_msgs) StdoutLine: {'line': b'-- Up-to-date: /home/harsh/ros2_project/install/px4_msgs/include/px4_msgs/px4_msgs/msg/detail/mission__type_support.cpp\n'}
[1.360085] (px4_msgs) StdoutLine: {'line': b'-- Up-to-date: /home/harsh/ros2_project/install/px4_msgs/include/px4_msgs/px4_msgs/msg/detail/orb_test__type_support.cpp\n'}
[1.360146] (px4_msgs) StdoutLine: {'line': b'-- Up-to-date: /home/harsh/ros2_project/install/px4_msgs/include/px4_msgs/px4_msgs/msg/detail/vehicle_optical_flow__rosidl_typesupport_introspection_cpp.hpp\n'}
[1.360208] (px4_msgs) StdoutLine: {'line': b'-- Up-to-date: /home/harsh/ros2_project/install/px4_msgs/include/px4_msgs/px4_msgs/msg/detail/mavlink_log__rosidl_typesupport_introspection_cpp.hpp\n'}
[1.360271] (px4_msgs) StdoutLine: {'line': b'-- Up-to-date: /home/harsh/ros2_project/install/px4_msgs/include/px4_msgs/px4_msgs/msg/detail/ulog_stream__rosidl_typesupport_introspection_cpp.hpp\n'}
[1.360365] (px4_msgs) StdoutLine: {'line': b'-- Up-to-date: /home/harsh/ros2_project/install/px4_msgs/include/px4_msgs/px4_msgs/msg/detail/vehicle_global_position__type_support.cpp\n'}
[1.360433] (px4_msgs) StdoutLine: {'line': b'-- Up-to-date: /home/harsh/ros2_project/install/px4_msgs/include/px4_msgs/px4_msgs/msg/detail/internal_combustion_engine_status__rosidl_typesupport_introspection_cpp.hpp\n'}
[1.360496] (px4_msgs) StdoutLine: {'line': b'-- Up-to-date: /home/harsh/ros2_project/install/px4_msgs/include/px4_msgs/px4_msgs/msg/detail/radio_status__rosidl_typesupport_introspection_cpp.hpp\n'}
[1.360560] (px4_msgs) StdoutLine: {'line': b'-- Up-to-date: /home/harsh/ros2_project/install/px4_msgs/include/px4_msgs/px4_msgs/msg/detail/arming_check_request__type_support.cpp\n'}
[1.360625] (px4_msgs) StdoutLine: {'line': b'-- Up-to-date: /home/harsh/ros2_project/install/px4_msgs/include/px4_msgs/px4_msgs/msg/detail/onboard_computer_status__type_support.cpp\n'}
[1.360692] (px4_msgs) StdoutLine: {'line': b'-- Up-to-date: /home/harsh/ros2_project/install/px4_msgs/include/px4_msgs/px4_msgs/msg/detail/distance_sensor__type_support.cpp\n'}
[1.360774] (px4_msgs) StdoutLine: {'line': b'-- Up-to-date: /home/harsh/ros2_project/install/px4_msgs/include/px4_msgs/px4_msgs/msg/detail/estimator_innovations__rosidl_typesupport_introspection_cpp.hpp\n'}
[1.360845] (px4_msgs) StdoutLine: {'line': b'-- Up-to-date: /home/harsh/ros2_project/install/px4_msgs/include/px4_msgs/px4_msgs/msg/detail/vehicle_magnetometer__rosidl_typesupport_introspection_cpp.hpp\n'}
[1.360914] (px4_msgs) StdoutLine: {'line': b'-- Up-to-date: /home/harsh/ros2_project/install/px4_msgs/include/px4_msgs/px4_msgs/msg/detail/orb_test__rosidl_typesupport_introspection_cpp.hpp\n'}
[1.360995] (px4_msgs) StdoutLine: {'line': b'-- Up-to-date: /home/harsh/ros2_project/install/px4_msgs/include/px4_msgs/px4_msgs/msg/detail/power_button_state__rosidl_typesupport_introspection_cpp.hpp\n'}
[1.361065] (px4_msgs) StdoutLine: {'line': b'-- Up-to-date: /home/harsh/ros2_project/install/px4_msgs/include/px4_msgs/px4_msgs/msg/detail/sensors_status__type_support.cpp\n'}
[1.361138] (px4_msgs) StdoutLine: {'line': b'-- Up-to-date: /home/harsh/ros2_project/install/px4_msgs/include/px4_msgs/px4_msgs/msg/detail/estimator_states__rosidl_typesupport_introspection_cpp.hpp\n'}
[1.361206] (px4_msgs) StdoutLine: {'line': b'-- Up-to-date: /home/harsh/ros2_project/install/px4_msgs/include/px4_msgs/px4_msgs/msg/detail/parameter_set_value_response__type_support.cpp\n'}
[1.361289] (px4_msgs) StdoutLine: {'line': b'-- Up-to-date: /home/harsh/ros2_project/install/px4_msgs/include/px4_msgs/px4_msgs/msg/detail/sensor_uwb__rosidl_typesupport_introspection_cpp.hpp\n'}
[1.361379] (px4_msgs) StdoutLine: {'line': b'-- Up-to-date: /home/harsh/ros2_project/install/px4_msgs/include/px4_msgs/px4_msgs/msg/detail/task_stack_info__rosidl_typesupport_introspection_cpp.hpp\n'}
[1.361450] (px4_msgs) StdoutLine: {'line': b'-- Up-to-date: /home/harsh/ros2_project/install/px4_msgs/include/px4_msgs/px4_msgs/msg/detail/parameter_set_value_response__rosidl_typesupport_introspection_cpp.hpp\n'}
[1.361518] (px4_msgs) StdoutLine: {'line': b'-- Up-to-date: /home/harsh/ros2_project/install/px4_msgs/include/px4_msgs/px4_msgs/msg/detail/gimbal_manager_status__rosidl_typesupport_introspection_cpp.hpp\n'}
[1.361587] (px4_msgs) StdoutLine: {'line': b'-- Up-to-date: /home/harsh/ros2_project/install/px4_msgs/include/px4_msgs/px4_msgs/msg/detail/telemetry_status__rosidl_typesupport_introspection_cpp.hpp\n'}
[1.361656] (px4_msgs) StdoutLine: {'line': b'-- Up-to-date: /home/harsh/ros2_project/install/px4_msgs/include/px4_msgs/px4_msgs/msg/detail/sensor_gyro_fifo__rosidl_typesupport_introspection_cpp.hpp\n'}
[1.361732] (px4_msgs) StdoutLine: {'line': b'-- Up-to-date: /home/harsh/ros2_project/install/px4_msgs/include/px4_msgs/px4_msgs/msg/detail/sensor_hygrometer__rosidl_typesupport_introspection_cpp.hpp\n'}
[1.361809] (px4_msgs) StdoutLine: {'line': b'-- Up-to-date: /home/harsh/ros2_project/install/px4_msgs/include/px4_msgs/px4_msgs/msg/detail/estimator_aid_source3d__type_support.cpp\n'}
[1.361893] (px4_msgs) StdoutLine: {'line': b'-- Up-to-date: /home/harsh/ros2_project/install/px4_msgs/include/px4_msgs/px4_msgs/msg/detail/gpio_request__type_support.cpp\n'}
[1.362002] (px4_msgs) StdoutLine: {'line': b'-- Up-to-date: /home/harsh/ros2_project/install/px4_msgs/include/px4_msgs/px4_msgs/msg/detail/gimbal_controls__rosidl_typesupport_introspection_cpp.hpp\n'}
[1.362109] (px4_msgs) StdoutLine: {'line': b'-- Up-to-date: /home/harsh/ros2_project/install/px4_msgs/include/px4_msgs/px4_msgs/msg/detail/estimator_status__type_support.cpp\n'}
[1.362190] (px4_msgs) StdoutLine: {'line': b'-- Up-to-date: /home/harsh/ros2_project/install/px4_msgs/include/px4_msgs/px4_msgs/msg/detail/button_event__rosidl_typesupport_introspection_cpp.hpp\n'}
[1.362272] (px4_msgs) StdoutLine: {'line': b'-- Up-to-date: /home/harsh/ros2_project/install/px4_msgs/include/px4_msgs/px4_msgs/msg/detail/actuator_armed__rosidl_typesupport_introspection_cpp.hpp\n'}
[1.362387] (px4_msgs) StdoutLine: {'line': b'-- Up-to-date: /home/harsh/ros2_project/install/px4_msgs/include/px4_msgs/px4_msgs/msg/detail/gimbal_manager_set_manual_control__type_support.cpp\n'}
[1.362488] (px4_msgs) StdoutLine: {'line': b'-- Up-to-date: /home/harsh/ros2_project/install/px4_msgs/include/px4_msgs/px4_msgs/msg/detail/normalized_unsigned_setpoint__rosidl_typesupport_introspection_cpp.hpp\n'}
[1.362569] (px4_msgs) StdoutLine: {'line': b'-- Up-to-date: /home/harsh/ros2_project/install/px4_msgs/include/px4_msgs/px4_msgs/msg/detail/vehicle_global_position__rosidl_typesupport_introspection_cpp.hpp\n'}
[1.362673] (px4_msgs) StdoutLine: {'line': b'-- Up-to-date: /home/harsh/ros2_project/install/px4_msgs/include/px4_msgs/px4_msgs/msg/detail/manual_control_switches__rosidl_typesupport_introspection_cpp.hpp\n'}
[1.362779] (px4_msgs) StdoutLine: {'line': b'-- Up-to-date: /home/harsh/ros2_project/install/px4_msgs/include/px4_msgs/px4_msgs/msg/detail/dataman_response__rosidl_typesupport_introspection_cpp.hpp\n'}
[1.362855] (px4_msgs) StdoutLine: {'line': b'-- Up-to-date: /home/harsh/ros2_project/install/px4_msgs/include/px4_msgs/px4_msgs/msg/detail/launch_detection_status__rosidl_typesupport_introspection_cpp.hpp\n'}
[1.362929] (px4_msgs) StdoutLine: {'line': b'-- Up-to-date: /home/harsh/ros2_project/install/px4_msgs/include/px4_msgs/px4_msgs/msg/detail/velocity_limits__rosidl_typesupport_introspection_cpp.hpp\n'}
[1.363020] (px4_msgs) StdoutLine: {'line': b'-- Up-to-date: /home/harsh/ros2_project/install/px4_msgs/include/px4_msgs/px4_msgs/msg/detail/dataman_request__type_support.cpp\n'}
[1.363097] (px4_msgs) StdoutLine: {'line': b'-- Up-to-date: /home/harsh/ros2_project/install/px4_msgs/include/px4_msgs/px4_msgs/msg/detail/control_allocator_status__type_support.cpp\n'}
[1.363177] (px4_msgs) StdoutLine: {'line': b'-- Up-to-date: /home/harsh/ros2_project/install/px4_msgs/include/px4_msgs/px4_msgs/msg/detail/collision_report__type_support.cpp\n'}
[1.363265] (px4_msgs) StdoutLine: {'line': b'-- Up-to-date: /home/harsh/ros2_project/install/px4_msgs/include/px4_msgs/px4_msgs/msg/detail/battery_status__rosidl_typesupport_introspection_cpp.hpp\n'}
[1.363358] (px4_msgs) StdoutLine: {'line': b'-- Up-to-date: /home/harsh/ros2_project/install/px4_msgs/include/px4_msgs/px4_msgs/msg/detail/generator_status__type_support.cpp\n'}
[1.363447] (px4_msgs) StdoutLine: {'line': b'-- Up-to-date: /home/harsh/ros2_project/install/px4_msgs/include/px4_msgs/px4_msgs/msg/detail/parameter_set_used_request__rosidl_typesupport_introspection_cpp.hpp\n'}
[1.363534] (px4_msgs) StdoutLine: {'line': b'-- Up-to-date: /home/harsh/ros2_project/install/px4_msgs/include/px4_msgs/px4_msgs/msg/detail/sensors_status__rosidl_typesupport_introspection_cpp.hpp\n'}
[1.363639] (px4_msgs) StdoutLine: {'line': b'-- Up-to-date: /home/harsh/ros2_project/install/px4_msgs/include/px4_msgs/px4_msgs/msg/detail/goto_setpoint__type_support.cpp\n'}
[1.363732] (px4_msgs) StdoutLine: {'line': b'-- Up-to-date: /home/harsh/ros2_project/install/px4_msgs/include/px4_msgs/px4_msgs/msg/detail/vehicle_angular_velocity__rosidl_typesupport_introspection_cpp.hpp\n'}
[1.363826] (px4_msgs) StdoutLine: {'line': b'-- Up-to-date: /home/harsh/ros2_project/install/px4_msgs/include/px4_msgs/px4_msgs/msg/detail/input_rc__type_support.cpp\n'}
[1.363918] (px4_msgs) StdoutLine: {'line': b'-- Up-to-date: /home/harsh/ros2_project/install/px4_msgs/include/px4_msgs/px4_msgs/msg/detail/vehicle_thrust_setpoint__type_support.cpp\n'}
[1.364011] (px4_msgs) StdoutLine: {'line': b'-- Up-to-date: /home/harsh/ros2_project/install/px4_msgs/include/px4_msgs/px4_msgs/msg/detail/sensor_correction__rosidl_typesupport_introspection_cpp.hpp\n'}
[1.364106] (px4_msgs) StdoutLine: {'line': b'-- Up-to-date: /home/harsh/ros2_project/install/px4_msgs/include/px4_msgs/px4_msgs/msg/detail/airspeed__rosidl_typesupport_introspection_cpp.hpp\n'}
[1.364197] (px4_msgs) StdoutLine: {'line': b'-- Up-to-date: /home/harsh/ros2_project/install/px4_msgs/include/px4_msgs/px4_msgs/msg/detail/navigator_mission_item__type_support.cpp\n'}
[1.364289] (px4_msgs) StdoutLine: {'line': b'-- Up-to-date: /home/harsh/ros2_project/install/px4_msgs/include/px4_msgs/px4_msgs/msg/detail/timesync_status__type_support.cpp\n'}
[1.364418] (px4_msgs) StdoutLine: {'line': b'-- Up-to-date: /home/harsh/ros2_project/install/px4_msgs/include/px4_msgs/px4_msgs/msg/detail/sensor_optical_flow__rosidl_typesupport_introspection_cpp.hpp\n'}
[1.364510] (px4_msgs) StdoutLine: {'line': b'-- Up-to-date: /home/harsh/ros2_project/install/px4_msgs/include/px4_msgs/px4_msgs/msg/detail/sensor_gnss_relative__rosidl_typesupport_introspection_cpp.hpp\n'}
[1.364597] (px4_msgs) StdoutLine: {'line': b'-- Up-to-date: /home/harsh/ros2_project/install/px4_msgs/include/px4_msgs/px4_msgs/msg/detail/heater_status__rosidl_typesupport_introspection_cpp.hpp\n'}
[1.364695] (px4_msgs) StdoutLine: {'line': b'-- Up-to-date: /home/harsh/ros2_project/install/px4_msgs/include/px4_msgs/px4_msgs/msg/detail/qshell_req__type_support.cpp\n'}
[1.364790] (px4_msgs) StdoutLine: {'line': b'-- Up-to-date: /home/harsh/ros2_project/install/px4_msgs/include/px4_msgs/px4_msgs/msg/detail/arming_check_reply__rosidl_typesupport_introspection_cpp.hpp\n'}
[1.364883] (px4_msgs) StdoutLine: {'line': b'-- Up-to-date: /home/harsh/ros2_project/install/px4_msgs/include/px4_msgs/px4_msgs/msg/detail/rpm__rosidl_typesupport_introspection_cpp.hpp\n'}
[1.364973] (px4_msgs) StdoutLine: {'line': b'-- Up-to-date: /home/harsh/ros2_project/install/px4_msgs/include/px4_msgs/px4_msgs/msg/detail/vehicle_attitude_setpoint__type_support.cpp\n'}
[1.365068] (px4_msgs) StdoutLine: {'line': b'-- Up-to-date: /home/harsh/ros2_project/install/px4_msgs/include/px4_msgs/px4_msgs/msg/detail/estimator_status__rosidl_typesupport_introspection_cpp.hpp\n'}
[1.365159] (px4_msgs) StdoutLine: {'line': b'-- Up-to-date: /home/harsh/ros2_project/install/px4_msgs/include/px4_msgs/px4_msgs/msg/detail/actuator_armed__type_support.cpp\n'}
[1.365253] (px4_msgs) StdoutLine: {'line': b'-- Up-to-date: /home/harsh/ros2_project/install/px4_msgs/include/px4_msgs/px4_msgs/msg/detail/collision_constraints__rosidl_typesupport_introspection_cpp.hpp\n'}
[1.365364] (px4_msgs) StdoutLine: {'line': b'-- Up-to-date: /home/harsh/ros2_project/install/px4_msgs/include/px4_msgs/px4_msgs/msg/detail/actuator_controls_status__rosidl_typesupport_introspection_cpp.hpp\n'}
[1.365478] (px4_msgs) StdoutLine: {'line': b'-- Up-to-date: /home/harsh/ros2_project/install/px4_msgs/include/px4_msgs/px4_msgs/msg/detail/flight_phase_estimation__type_support.cpp\n'}
[1.365584] (px4_msgs) StdoutLine: {'line': b'-- Up-to-date: /home/harsh/ros2_project/install/px4_msgs/include/px4_msgs/px4_msgs/msg/detail/sensors_status_imu__rosidl_typesupport_introspection_cpp.hpp\n'}
[1.365682] (px4_msgs) StdoutLine: {'line': b'-- Up-to-date: /home/harsh/ros2_project/install/px4_msgs/include/px4_msgs/px4_msgs/msg/detail/pwm_input__rosidl_typesupport_introspection_cpp.hpp\n'}
[1.365775] (px4_msgs) StdoutLine: {'line': b'-- Up-to-date: /home/harsh/ros2_project/install/px4_msgs/include/px4_msgs/px4_msgs/msg/detail/geofence_status__rosidl_typesupport_introspection_cpp.hpp\n'}
[1.365869] (px4_msgs) StdoutLine: {'line': b'-- Up-to-date: /home/harsh/ros2_project/install/px4_msgs/include/px4_msgs/px4_msgs/msg/detail/arming_check_reply__type_support.cpp\n'}
[1.366001] (px4_msgs) StdoutLine: {'line': b'-- Up-to-date: /home/harsh/ros2_project/install/px4_msgs/include/px4_msgs/px4_msgs/msg/detail/esc_report__rosidl_typesupport_introspection_cpp.hpp\n'}
[1.366110] (px4_msgs) StdoutLine: {'line': b'-- Up-to-date: /home/harsh/ros2_project/install/px4_msgs/include/px4_msgs/px4_msgs/msg/detail/cpuload__rosidl_typesupport_introspection_cpp.hpp\n'}
[1.366230] (px4_msgs) StdoutLine: {'line': b'-- Up-to-date: /home/harsh/ros2_project/install/px4_msgs/include/px4_msgs/px4_msgs/msg/detail/position_controller_status__type_support.cpp\n'}
[1.366344] (px4_msgs) StdoutLine: {'line': b'-- Up-to-date: /home/harsh/ros2_project/install/px4_msgs/include/px4_msgs/px4_msgs/msg/detail/sensor_airflow__rosidl_typesupport_introspection_cpp.hpp\n'}
[1.366474] (px4_msgs) StdoutLine: {'line': b'-- Up-to-date: /home/harsh/ros2_project/install/px4_msgs/include/px4_msgs/px4_msgs/msg/detail/logger_status__rosidl_typesupport_introspection_cpp.hpp\n'}
[1.366586] (px4_msgs) StdoutLine: {'line': b'-- Up-to-date: /home/harsh/ros2_project/install/px4_msgs/include/px4_msgs/px4_msgs/msg/detail/vehicle_torque_setpoint__rosidl_typesupport_introspection_cpp.hpp\n'}
[1.366680] (px4_msgs) StdoutLine: {'line': b'-- Up-to-date: /home/harsh/ros2_project/install/px4_msgs/include/px4_msgs/px4_msgs/msg/detail/tune_control__type_support.cpp\n'}
[1.366775] (px4_msgs) StdoutLine: {'line': b'-- Up-to-date: /home/harsh/ros2_project/install/px4_msgs/include/px4_msgs/px4_msgs/msg/detail/failure_detector_status__rosidl_typesupport_introspection_cpp.hpp\n'}
[1.366877] (px4_msgs) StdoutLine: {'line': b'-- Up-to-date: /home/harsh/ros2_project/install/px4_msgs/include/px4_msgs/px4_msgs/msg/detail/airspeed_wind__rosidl_typesupport_introspection_cpp.hpp\n'}
[1.366980] (px4_msgs) StdoutLine: {'line': b'-- Up-to-date: /home/harsh/ros2_project/install/px4_msgs/include/px4_msgs/px4_msgs/msg/detail/telemetry_status__type_support.cpp\n'}
[1.367099] (px4_msgs) StdoutLine: {'line': b'-- Up-to-date: /home/harsh/ros2_project/install/px4_msgs/include/px4_msgs/px4_msgs/msg/detail/gimbal_manager_information__rosidl_typesupport_introspection_cpp.hpp\n'}
[1.367197] (px4_msgs) StdoutLine: {'line': b'-- Up-to-date: /home/harsh/ros2_project/install/px4_msgs/include/px4_msgs/px4_msgs/msg/detail/position_setpoint_triplet__type_support.cpp\n'}
[1.367289] (px4_msgs) StdoutLine: {'line': b'-- Up-to-date: /home/harsh/ros2_project/install/px4_msgs/include/px4_msgs/px4_msgs/msg/detail/sensor_gyro_fifo__type_support.cpp\n'}
[1.367412] (px4_msgs) StdoutLine: {'line': b'-- Up-to-date: /home/harsh/ros2_project/install/px4_msgs/include/px4_msgs/px4_msgs/msg/detail/geofence_result__type_support.cpp\n'}
[1.367519] (px4_msgs) StdoutLine: {'line': b'-- Up-to-date: /home/harsh/ros2_project/install/px4_msgs/include/px4_msgs/px4_msgs/msg/detail/ping__rosidl_typesupport_introspection_cpp.hpp\n'}
[1.367624] (px4_msgs) StdoutLine: {'line': b'-- Up-to-date: /home/harsh/ros2_project/install/px4_msgs/include/px4_msgs/px4_msgs/msg/detail/sensor_preflight_mag__rosidl_typesupport_introspection_cpp.hpp\n'}
[1.367727] (px4_msgs) StdoutLine: {'line': b'-- Up-to-date: /home/harsh/ros2_project/install/px4_msgs/include/px4_msgs/px4_msgs/msg/detail/dataman_request__rosidl_typesupport_introspection_cpp.hpp\n'}
[1.367829] (px4_msgs) StdoutLine: {'line': b'-- Up-to-date: /home/harsh/ros2_project/install/px4_msgs/include/px4_msgs/px4_msgs/msg/detail/tune_control__rosidl_typesupport_introspection_cpp.hpp\n'}
[1.367924] (px4_msgs) StdoutLine: {'line': b'-- Up-to-date: /home/harsh/ros2_project/install/px4_msgs/include/px4_msgs/px4_msgs/msg/detail/parameter_update__type_support.cpp\n'}
[1.368020] (px4_msgs) StdoutLine: {'line': b'-- Up-to-date: /home/harsh/ros2_project/install/px4_msgs/include/px4_msgs/px4_msgs/msg/detail/vehicle_constraints__type_support.cpp\n'}
[1.368118] (px4_msgs) StdoutLine: {'line': b'-- Up-to-date: /home/harsh/ros2_project/install/px4_msgs/include/px4_msgs/px4_msgs/msg/detail/trajectory_setpoint__type_support.cpp\n'}
[1.368224] (px4_msgs) StdoutLine: {'line': b'-- Up-to-date: /home/harsh/ros2_project/install/px4_msgs/include/px4_msgs/px4_msgs/msg/detail/actuator_servos__type_support.cpp\n'}
[1.368317] (px4_msgs) StdoutLine: {'line': b'-- Up-to-date: /home/harsh/ros2_project/install/px4_msgs/include/px4_msgs/px4_msgs/msg/detail/estimator_bias3d__type_support.cpp\n'}
[1.368448] (px4_msgs) StdoutLine: {'line': b'-- Up-to-date: /home/harsh/ros2_project/install/px4_msgs/include/px4_msgs/px4_msgs/msg/detail/takeoff_status__rosidl_typesupport_introspection_cpp.hpp\n'}
[1.368570] (px4_msgs) StdoutLine: {'line': b'-- Up-to-date: /home/harsh/ros2_project/install/px4_msgs/include/px4_msgs/px4_msgs/msg/detail/estimator_aid_source1d__rosidl_typesupport_introspection_cpp.hpp\n'}
[1.368673] (px4_msgs) StdoutLine: {'line': b'-- Up-to-date: /home/harsh/ros2_project/install/px4_msgs/include/px4_msgs/px4_msgs/msg/detail/can_interface_status__type_support.cpp\n'}
[1.368790] (px4_msgs) StdoutLine: {'line': b'-- Up-to-date: /home/harsh/ros2_project/install/px4_msgs/include/px4_msgs/px4_msgs/msg/detail/mode_completed__rosidl_typesupport_introspection_cpp.hpp\n'}
[1.368891] (px4_msgs) StdoutLine: {'line': b'-- Up-to-date: /home/harsh/ros2_project/install/px4_msgs/include/px4_msgs/px4_msgs/msg/detail/cellular_status__type_support.cpp\n'}
[1.368997] (px4_msgs) StdoutLine: {'line': b'-- Up-to-date: /home/harsh/ros2_project/install/px4_msgs/include/px4_msgs/px4_msgs/msg/detail/offboard_control_mode__rosidl_typesupport_introspection_cpp.hpp\n'}
[1.369116] (px4_msgs) StdoutLine: {'line': b'-- Up-to-date: /home/harsh/ros2_project/install/px4_msgs/include/px4_msgs/px4_msgs/msg/detail/action_request__rosidl_typesupport_introspection_cpp.hpp\n'}
[1.369227] (px4_msgs) StdoutLine: {'line': b'-- Up-to-date: /home/harsh/ros2_project/install/px4_msgs/include/px4_msgs/px4_msgs/msg/detail/gpio_config__rosidl_typesupport_introspection_cpp.hpp\n'}
[1.369349] (px4_msgs) StdoutLine: {'line': b'-- Up-to-date: /home/harsh/ros2_project/install/px4_msgs/include/px4_msgs/px4_msgs/msg/detail/rc_parameter_map__type_support.cpp\n'}
[1.369453] (px4_msgs) StdoutLine: {'line': b'-- Up-to-date: /home/harsh/ros2_project/install/px4_msgs/include/px4_msgs/px4_msgs/msg/detail/distance_sensor__rosidl_typesupport_introspection_cpp.hpp\n'}
[1.369551] (px4_msgs) StdoutLine: {'line': b'-- Up-to-date: /home/harsh/ros2_project/install/px4_msgs/include/px4_msgs/px4_msgs/msg/detail/vehicle_trajectory_waypoint__rosidl_typesupport_introspection_cpp.hpp\n'}
[1.369667] (px4_msgs) StdoutLine: {'line': b'-- Up-to-date: /home/harsh/ros2_project/install/px4_msgs/include/px4_msgs/px4_msgs/msg/detail/follow_target_status__rosidl_typesupport_introspection_cpp.hpp\n'}
[1.369767] (px4_msgs) StdoutLine: {'line': b'-- Up-to-date: /home/harsh/ros2_project/install/px4_msgs/include/px4_msgs/px4_msgs/msg/detail/landing_target_innovations__rosidl_typesupport_introspection_cpp.hpp\n'}
[1.369874] (px4_msgs) StdoutLine: {'line': b'-- Up-to-date: /home/harsh/ros2_project/install/px4_msgs/include/px4_msgs/px4_msgs/msg/detail/estimator_states__type_support.cpp\n'}
[1.369992] (px4_msgs) StdoutLine: {'line': b'-- Up-to-date: /home/harsh/ros2_project/install/px4_msgs/include/px4_msgs/px4_msgs/msg/detail/obstacle_distance__type_support.cpp\n'}
[1.370101] (px4_msgs) StdoutLine: {'line': b'-- Up-to-date: /home/harsh/ros2_project/install/px4_msgs/include/px4_msgs/px4_msgs/msg/detail/px4io_status__rosidl_typesupport_introspection_cpp.hpp\n'}
[1.370209] (px4_msgs) StdoutLine: {'line': b'-- Up-to-date: /home/harsh/ros2_project/install/px4_msgs/include/px4_msgs/px4_msgs/msg/detail/normalized_unsigned_setpoint__type_support.cpp\n'}
[1.370341] (px4_msgs) StdoutLine: {'line': b'-- Up-to-date: /home/harsh/ros2_project/install/px4_msgs/include/px4_msgs/px4_msgs/msg/detail/vehicle_acceleration__rosidl_typesupport_introspection_cpp.hpp\n'}
[1.370451] (px4_msgs) StdoutLine: {'line': b'-- Up-to-date: /home/harsh/ros2_project/install/px4_msgs/include/px4_msgs/px4_msgs/srv\n'}
[1.370552] (px4_msgs) StdoutLine: {'line': b'-- Up-to-date: /home/harsh/ros2_project/install/px4_msgs/include/px4_msgs/px4_msgs/srv/detail\n'}
[1.370654] (px4_msgs) StdoutLine: {'line': b'-- Up-to-date: /home/harsh/ros2_project/install/px4_msgs/include/px4_msgs/px4_msgs/srv/detail/vehicle_command__rosidl_typesupport_introspection_cpp.hpp\n'}
[1.370762] (px4_msgs) StdoutLine: {'line': b'-- Up-to-date: /home/harsh/ros2_project/install/px4_msgs/include/px4_msgs/px4_msgs/srv/detail/vehicle_command__type_support.cpp\n'}
[1.370881] (px4_msgs) StdoutLine: {'line': b'-- Up-to-date: /home/harsh/ros2_project/install/px4_msgs/lib/libpx4_msgs__rosidl_typesupport_introspection_cpp.so\n'}
[1.370990] (px4_msgs) StdoutLine: {'line': b'-- Up-to-date: /home/harsh/ros2_project/install/px4_msgs/lib/libpx4_msgs__rosidl_typesupport_cpp.so\n'}
[1.371130] (px4_msgs) StdoutLine: {'line': b'-- Up-to-date: /home/harsh/ros2_project/install/px4_msgs/share/px4_msgs/environment/pythonpath.sh\n'}
[1.371255] (px4_msgs) StdoutLine: {'line': b'-- Up-to-date: /home/harsh/ros2_project/install/px4_msgs/share/px4_msgs/environment/pythonpath.dsv\n'}
[1.371377] (px4_msgs) StdoutLine: {'line': b'-- Up-to-date: /home/harsh/ros2_project/install/px4_msgs/lib/python3.12/site-packages/px4_msgs-2.0.1-py3.12.egg-info\n'}
[1.371509] (px4_msgs) StdoutLine: {'line': b'-- Installing: /home/harsh/ros2_project/install/px4_msgs/lib/python3.12/site-packages/px4_msgs-2.0.1-py3.12.egg-info/PKG-INFO\n'}
[1.371614] (px4_msgs) StdoutLine: {'line': b'-- Installing: /home/harsh/ros2_project/install/px4_msgs/lib/python3.12/site-packages/px4_msgs-2.0.1-py3.12.egg-info/SOURCES.txt\n'}
[1.371722] (px4_msgs) StdoutLine: {'line': b'-- Installing: /home/harsh/ros2_project/install/px4_msgs/lib/python3.12/site-packages/px4_msgs-2.0.1-py3.12.egg-info/top_level.txt\n'}
[1.371848] (px4_msgs) StdoutLine: {'line': b'-- Installing: /home/harsh/ros2_project/install/px4_msgs/lib/python3.12/site-packages/px4_msgs-2.0.1-py3.12.egg-info/dependency_links.txt\n'}
[1.371950] (px4_msgs) StdoutLine: {'line': b'-- Up-to-date: /home/harsh/ros2_project/install/px4_msgs/lib/python3.12/site-packages/px4_msgs\n'}
[1.372061] (px4_msgs) StdoutLine: {'line': b'-- Up-to-date: /home/harsh/ros2_project/install/px4_msgs/lib/python3.12/site-packages/px4_msgs/px4_msgs_s__rosidl_typesupport_c.so\n'}
[1.372174] (px4_msgs) StdoutLine: {'line': b'-- Up-to-date: /home/harsh/ros2_project/install/px4_msgs/lib/python3.12/site-packages/px4_msgs/__init__.py\n'}
[1.372279] (px4_msgs) StdoutLine: {'line': b'-- Up-to-date: /home/harsh/ros2_project/install/px4_msgs/lib/python3.12/site-packages/px4_msgs/px4_msgs_s__rosidl_typesupport_fastrtps_c.so\n'}
[1.372414] (px4_msgs) StdoutLine: {'line': b'-- Up-to-date: /home/harsh/ros2_project/install/px4_msgs/lib/python3.12/site-packages/px4_msgs/px4_msgs_s__rosidl_typesupport_introspection_c.so\n'}
[1.372542] (px4_msgs) StdoutLine: {'line': b'-- Up-to-date: /home/harsh/ros2_project/install/px4_msgs/lib/python3.12/site-packages/px4_msgs/msg\n'}
[1.372643] (px4_msgs) StdoutLine: {'line': b'-- Up-to-date: /home/harsh/ros2_project/install/px4_msgs/lib/python3.12/site-packages/px4_msgs/msg/_battery_status_s.c\n'}
[1.372742] (px4_msgs) StdoutLine: {'line': b'-- Up-to-date: /home/harsh/ros2_project/install/px4_msgs/lib/python3.12/site-packages/px4_msgs/msg/_telemetry_status.py\n'}
[1.372847] (px4_msgs) StdoutLine: {'line': b'-- Up-to-date: /home/harsh/ros2_project/install/px4_msgs/lib/python3.12/site-packages/px4_msgs/msg/_vehicle_status.py\n'}
[1.372963] (px4_msgs) StdoutLine: {'line': b'-- Up-to-date: /home/harsh/ros2_project/install/px4_msgs/lib/python3.12/site-packages/px4_msgs/msg/_hover_thrust_estimate_s.c\n'}
[1.373076] (px4_msgs) StdoutLine: {'line': b'-- Up-to-date: /home/harsh/ros2_project/install/px4_msgs/lib/python3.12/site-packages/px4_msgs/msg/_timesync_status.py\n'}
[1.373174] (px4_msgs) StdoutLine: {'line': b'-- Up-to-date: /home/harsh/ros2_project/install/px4_msgs/lib/python3.12/site-packages/px4_msgs/msg/_telemetry_status_s.c\n'}
[1.373306] (px4_msgs) StdoutLine: {'line': b'-- Up-to-date: /home/harsh/ros2_project/install/px4_msgs/lib/python3.12/site-packages/px4_msgs/msg/_estimator_bias.py\n'}
[1.373428] (px4_msgs) StdoutLine: {'line': b'-- Up-to-date: /home/harsh/ros2_project/install/px4_msgs/lib/python3.12/site-packages/px4_msgs/msg/_mission_result.py\n'}
[1.373532] (px4_msgs) StdoutLine: {'line': b'-- Up-to-date: /home/harsh/ros2_project/install/px4_msgs/lib/python3.12/site-packages/px4_msgs/msg/_gpio_out_s.c\n'}
[1.373633] (px4_msgs) StdoutLine: {'line': b'-- Up-to-date: /home/harsh/ros2_project/install/px4_msgs/lib/python3.12/site-packages/px4_msgs/msg/_power_button_state.py\n'}
[1.373737] (px4_msgs) StdoutLine: {'line': b'-- Up-to-date: /home/harsh/ros2_project/install/px4_msgs/lib/python3.12/site-packages/px4_msgs/msg/_camera_capture.py\n'}
[1.373834] (px4_msgs) StdoutLine: {'line': b'-- Up-to-date: /home/harsh/ros2_project/install/px4_msgs/lib/python3.12/site-packages/px4_msgs/msg/_dataman_response.py\n'}
[1.373935] (px4_msgs) StdoutLine: {'line': b'-- Up-to-date: /home/harsh/ros2_project/install/px4_msgs/lib/python3.12/site-packages/px4_msgs/msg/_debug_array_s.c\n'}
[1.374064] (px4_msgs) StdoutLine: {'line': b'-- Up-to-date: /home/harsh/ros2_project/install/px4_msgs/lib/python3.12/site-packages/px4_msgs/msg/_esc_status.py\n'}
[1.374199] (px4_msgs) StdoutLine: {'line': b'-- Up-to-date: /home/harsh/ros2_project/install/px4_msgs/lib/python3.12/site-packages/px4_msgs/msg/_register_ext_component_request_s.c\n'}
[1.374299] (px4_msgs) StdoutLine: {'line': b'-- Up-to-date: /home/harsh/ros2_project/install/px4_msgs/lib/python3.12/site-packages/px4_msgs/msg/_goto_setpoint.py\n'}
[1.374416] (px4_msgs) StdoutLine: {'line': b'-- Up-to-date: /home/harsh/ros2_project/install/px4_msgs/lib/python3.12/site-packages/px4_msgs/msg/_iridiumsbd_status_s.c\n'}
[1.374534] (px4_msgs) StdoutLine: {'line': b'-- Up-to-date: /home/harsh/ros2_project/install/px4_msgs/lib/python3.12/site-packages/px4_msgs/msg/_ping_s.c\n'}
[1.374631] (px4_msgs) StdoutLine: {'line': b'-- Up-to-date: /home/harsh/ros2_project/install/px4_msgs/lib/python3.12/site-packages/px4_msgs/msg/_vehicle_magnetometer_s.c\n'}
[1.374741] (px4_msgs) StdoutLine: {'line': b'-- Up-to-date: /home/harsh/ros2_project/install/px4_msgs/lib/python3.12/site-packages/px4_msgs/msg/_timesync_status_s.c\n'}
[1.374835] (px4_msgs) StdoutLine: {'line': b'-- Up-to-date: /home/harsh/ros2_project/install/px4_msgs/lib/python3.12/site-packages/px4_msgs/msg/_estimator_sensor_bias.py\n'}
[1.374928] (px4_msgs) StdoutLine: {'line': b'-- Up-to-date: /home/harsh/ros2_project/install/px4_msgs/lib/python3.12/site-packages/px4_msgs/msg/_cellular_status_s.c\n'}
[1.375031] (px4_msgs) StdoutLine: {'line': b'-- Up-to-date: /home/harsh/ros2_project/install/px4_msgs/lib/python3.12/site-packages/px4_msgs/msg/_home_position.py\n'}
[1.375150] (px4_msgs) StdoutLine: {'line': b'-- Up-to-date: /home/harsh/ros2_project/install/px4_msgs/lib/python3.12/site-packages/px4_msgs/msg/_vehicle_optical_flow.py\n'}
[1.375247] (px4_msgs) StdoutLine: {'line': b'-- Up-to-date: /home/harsh/ros2_project/install/px4_msgs/lib/python3.12/site-packages/px4_msgs/msg/_qshell_req_s.c\n'}
[1.375372] (px4_msgs) StdoutLine: {'line': b'-- Up-to-date: /home/harsh/ros2_project/install/px4_msgs/lib/python3.12/site-packages/px4_msgs/msg/_sensor_optical_flow.py\n'}
[1.375477] (px4_msgs) StdoutLine: {'line': b'-- Up-to-date: /home/harsh/ros2_project/install/px4_msgs/lib/python3.12/site-packages/px4_msgs/msg/_generator_status_s.c\n'}
[1.375578] (px4_msgs) StdoutLine: {'line': b'-- Up-to-date: /home/harsh/ros2_project/install/px4_msgs/lib/python3.12/site-packages/px4_msgs/msg/_dataman_response_s.c\n'}
[1.375679] (px4_msgs) StdoutLine: {'line': b'-- Up-to-date: /home/harsh/ros2_project/install/px4_msgs/lib/python3.12/site-packages/px4_msgs/msg/_gimbal_controls_s.c\n'}
[1.375779] (px4_msgs) StdoutLine: {'line': b'-- Up-to-date: /home/harsh/ros2_project/install/px4_msgs/lib/python3.12/site-packages/px4_msgs/msg/_landing_target_pose.py\n'}
[1.375875] (px4_msgs) StdoutLine: {'line': b'-- Up-to-date: /home/harsh/ros2_project/install/px4_msgs/lib/python3.12/site-packages/px4_msgs/msg/_orb_test_medium.py\n'}
[1.375973] (px4_msgs) StdoutLine: {'line': b'-- Up-to-date: /home/harsh/ros2_project/install/px4_msgs/lib/python3.12/site-packages/px4_msgs/msg/_heater_status.py\n'}
[1.376071] (px4_msgs) StdoutLine: {'line': b'-- Up-to-date: /home/harsh/ros2_project/install/px4_msgs/lib/python3.12/site-packages/px4_msgs/msg/_wheel_encoders_s.c\n'}
[1.376178] (px4_msgs) StdoutLine: {'line': b'-- Up-to-date: /home/harsh/ros2_project/install/px4_msgs/lib/python3.12/site-packages/px4_msgs/msg/_estimator_sensor_bias_s.c\n'}
[1.376282] (px4_msgs) StdoutLine: {'line': b'-- Up-to-date: /home/harsh/ros2_project/install/px4_msgs/lib/python3.12/site-packages/px4_msgs/msg/_mag_worker_data_s.c\n'}
[1.376413] (px4_msgs) StdoutLine: {'line': b'-- Up-to-date: /home/harsh/ros2_project/install/px4_msgs/lib/python3.12/site-packages/px4_msgs/msg/_gimbal_manager_status.py\n'}
[1.376511] (px4_msgs) StdoutLine: {'line': b'-- Up-to-date: /home/harsh/ros2_project/install/px4_msgs/lib/python3.12/site-packages/px4_msgs/msg/_sensor_baro.py\n'}
[1.376613] (px4_msgs) StdoutLine: {'line': b'-- Up-to-date: /home/harsh/ros2_project/install/px4_msgs/lib/python3.12/site-packages/px4_msgs/msg/_vehicle_angular_acceleration_setpoint_s.c\n'}
[1.376713] (px4_msgs) StdoutLine: {'line': b'-- Up-to-date: /home/harsh/ros2_project/install/px4_msgs/lib/python3.12/site-packages/px4_msgs/msg/_vehicle_trajectory_bezier_s.c\n'}
[1.376842] (px4_msgs) StdoutLine: {'line': b'-- Up-to-date: /home/harsh/ros2_project/install/px4_msgs/lib/python3.12/site-packages/px4_msgs/msg/_tune_control.py\n'}
[1.376964] (px4_msgs) StdoutLine: {'line': b'-- Up-to-date: /home/harsh/ros2_project/install/px4_msgs/lib/python3.12/site-packages/px4_msgs/msg/_estimator_aid_source3d.py\n'}
[1.377076] (px4_msgs) StdoutLine: {'line': b'-- Up-to-date: /home/harsh/ros2_project/install/px4_msgs/lib/python3.12/site-packages/px4_msgs/msg/_vehicle_torque_setpoint.py\n'}
[1.377173] (px4_msgs) StdoutLine: {'line': b'-- Up-to-date: /home/harsh/ros2_project/install/px4_msgs/lib/python3.12/site-packages/px4_msgs/msg/_sensor_hygrometer.py\n'}
[1.377272] (px4_msgs) StdoutLine: {'line': b'-- Up-to-date: /home/harsh/ros2_project/install/px4_msgs/lib/python3.12/site-packages/px4_msgs/msg/_mavlink_log.py\n'}
[1.377395] (px4_msgs) StdoutLine: {'line': b'-- Up-to-date: /home/harsh/ros2_project/install/px4_msgs/lib/python3.12/site-packages/px4_msgs/msg/_vehicle_global_position.py\n'}
[1.377499] (px4_msgs) StdoutLine: {'line': b'-- Up-to-date: /home/harsh/ros2_project/install/px4_msgs/lib/python3.12/site-packages/px4_msgs/msg/_mode_completed_s.c\n'}
[1.377596] (px4_msgs) StdoutLine: {'line': b'-- Up-to-date: /home/harsh/ros2_project/install/px4_msgs/lib/python3.12/site-packages/px4_msgs/msg/_actuator_servos_trim.py\n'}
[1.377708] (px4_msgs) StdoutLine: {'line': b'-- Up-to-date: /home/harsh/ros2_project/install/px4_msgs/lib/python3.12/site-packages/px4_msgs/msg/_gpio_config_s.c\n'}
[1.377812] (px4_msgs) StdoutLine: {'line': b'-- Up-to-date: /home/harsh/ros2_project/install/px4_msgs/lib/python3.12/site-packages/px4_msgs/msg/_gimbal_device_set_attitude_s.c\n'}
[1.377913] (px4_msgs) StdoutLine: {'line': b'-- Up-to-date: /home/harsh/ros2_project/install/px4_msgs/lib/python3.12/site-packages/px4_msgs/msg/_debug_vect.py\n'}
[1.378029] (px4_msgs) StdoutLine: {'line': b'-- Up-to-date: /home/harsh/ros2_project/install/px4_msgs/lib/python3.12/site-packages/px4_msgs/msg/_mag_worker_data.py\n'}
[1.378124] (px4_msgs) StdoutLine: {'line': b'-- Up-to-date: /home/harsh/ros2_project/install/px4_msgs/lib/python3.12/site-packages/px4_msgs/msg/_rpm_s.c\n'}
[1.378232] (px4_msgs) StdoutLine: {'line': b'-- Up-to-date: /home/harsh/ros2_project/install/px4_msgs/lib/python3.12/site-packages/px4_msgs/msg/_gpio_out.py\n'}
[1.378336] (px4_msgs) StdoutLine: {'line': b'-- Up-to-date: /home/harsh/ros2_project/install/px4_msgs/lib/python3.12/site-packages/px4_msgs/msg/_vehicle_local_position.py\n'}
[1.378453] (px4_msgs) StdoutLine: {'line': b'-- Up-to-date: /home/harsh/ros2_project/install/px4_msgs/lib/python3.12/site-packages/px4_msgs/msg/_iridiumsbd_status.py\n'}
[1.378552] (px4_msgs) StdoutLine: {'line': b'-- Up-to-date: /home/harsh/ros2_project/install/px4_msgs/lib/python3.12/site-packages/px4_msgs/msg/_estimator_innovations.py\n'}
[1.378643] (px4_msgs) StdoutLine: {'line': b'-- Up-to-date: /home/harsh/ros2_project/install/px4_msgs/lib/python3.12/site-packages/px4_msgs/msg/_collision_constraints_s.c\n'}
[1.378734] (px4_msgs) StdoutLine: {'line': b'-- Up-to-date: /home/harsh/ros2_project/install/px4_msgs/lib/python3.12/site-packages/px4_msgs/msg/_estimator_event_flags.py\n'}
[1.378826] (px4_msgs) StdoutLine: {'line': b'-- Up-to-date: /home/harsh/ros2_project/install/px4_msgs/lib/python3.12/site-packages/px4_msgs/msg/_uavcan_parameter_request_s.c\n'}
[1.378922] (px4_msgs) StdoutLine: {'line': b'-- Up-to-date: /home/harsh/ros2_project/install/px4_msgs/lib/python3.12/site-packages/px4_msgs/msg/_sensor_combined_s.c\n'}
[1.379017] (px4_msgs) StdoutLine: {'line': b'-- Up-to-date: /home/harsh/ros2_project/install/px4_msgs/lib/python3.12/site-packages/px4_msgs/msg/_esc_status_s.c\n'}
[1.379108] (px4_msgs) StdoutLine: {'line': b'-- Up-to-date: /home/harsh/ros2_project/install/px4_msgs/lib/python3.12/site-packages/px4_msgs/msg/_action_request_s.c\n'}
[1.379203] (px4_msgs) StdoutLine: {'line': b'-- Up-to-date: /home/harsh/ros2_project/install/px4_msgs/lib/python3.12/site-packages/px4_msgs/msg/_gimbal_manager_set_manual_control_s.c\n'}
[1.379297] (px4_msgs) StdoutLine: {'line': b'-- Up-to-date: /home/harsh/ros2_project/install/px4_msgs/lib/python3.12/site-packages/px4_msgs/msg/_ekf2_timestamps_s.c\n'}
[1.379421] (px4_msgs) StdoutLine: {'line': b'-- Up-to-date: /home/harsh/ros2_project/install/px4_msgs/lib/python3.12/site-packages/px4_msgs/msg/_config_overrides_s.c\n'}
[1.379521] (px4_msgs) StdoutLine: {'line': b'-- Up-to-date: /home/harsh/ros2_project/install/px4_msgs/lib/python3.12/site-packages/px4_msgs/msg/_parameter_set_value_response_s.c\n'}
[1.379610] (px4_msgs) StdoutLine: {'line': b'-- Up-to-date: /home/harsh/ros2_project/install/px4_msgs/lib/python3.12/site-packages/px4_msgs/msg/_sensor_gyro_fifo_s.c\n'}
[1.379698] (px4_msgs) StdoutLine: {'line': b'-- Up-to-date: /home/harsh/ros2_project/install/px4_msgs/lib/python3.12/site-packages/px4_msgs/msg/_figure_eight_status_s.c\n'}
[1.379790] (px4_msgs) StdoutLine: {'line': b'-- Up-to-date: /home/harsh/ros2_project/install/px4_msgs/lib/python3.12/site-packages/px4_msgs/msg/_gpio_in_s.c\n'}
[1.379881] (px4_msgs) StdoutLine: {'line': b'-- Up-to-date: /home/harsh/ros2_project/install/px4_msgs/lib/python3.12/site-packages/px4_msgs/msg/_autotune_attitude_control_status.py\n'}
[1.379977] (px4_msgs) StdoutLine: {'line': b'-- Up-to-date: /home/harsh/ros2_project/install/px4_msgs/lib/python3.12/site-packages/px4_msgs/msg/_gpio_config.py\n'}
[1.380069] (px4_msgs) StdoutLine: {'line': b'-- Up-to-date: /home/harsh/ros2_project/install/px4_msgs/lib/python3.12/site-packages/px4_msgs/msg/_sensor_mag_s.c\n'}
[1.380159] (px4_msgs) StdoutLine: {'line': b'-- Up-to-date: /home/harsh/ros2_project/install/px4_msgs/lib/python3.12/site-packages/px4_msgs/msg/_internal_combustion_engine_status.py\n'}
[1.380260] (px4_msgs) StdoutLine: {'line': b'-- Up-to-date: /home/harsh/ros2_project/install/px4_msgs/lib/python3.12/site-packages/px4_msgs/msg/_vehicle_attitude_setpoint.py\n'}
[1.380395] (px4_msgs) StdoutLine: {'line': b'-- Up-to-date: /home/harsh/ros2_project/install/px4_msgs/lib/python3.12/site-packages/px4_msgs/msg/_buffer128.py\n'}
[1.380494] (px4_msgs) StdoutLine: {'line': b'-- Up-to-date: /home/harsh/ros2_project/install/px4_msgs/lib/python3.12/site-packages/px4_msgs/msg/_sensor_gyro_fifo.py\n'}
[1.380581] (px4_msgs) StdoutLine: {'line': b'-- Up-to-date: /home/harsh/ros2_project/install/px4_msgs/lib/python3.12/site-packages/px4_msgs/msg/_transponder_report_s.c\n'}
[1.380669] (px4_msgs) StdoutLine: {'line': b'-- Up-to-date: /home/harsh/ros2_project/install/px4_msgs/lib/python3.12/site-packages/px4_msgs/msg/_adc_report.py\n'}
[1.380760] (px4_msgs) StdoutLine: {'line': b'-- Up-to-date: /home/harsh/ros2_project/install/px4_msgs/lib/python3.12/site-packages/px4_msgs/msg/_rc_channels.py\n'}
[1.380855] (px4_msgs) StdoutLine: {'line': b'-- Up-to-date: /home/harsh/ros2_project/install/px4_msgs/lib/python3.12/site-packages/px4_msgs/msg/_trajectory_waypoint.py\n'}
[1.380960] (px4_msgs) StdoutLine: {'line': b'-- Up-to-date: /home/harsh/ros2_project/install/px4_msgs/lib/python3.12/site-packages/px4_msgs/msg/_vehicle_land_detected_s.c\n'}
[1.381269] (px4_msgs) StdoutLine: {'line': b'-- Up-to-date: /home/harsh/ros2_project/install/px4_msgs/lib/python3.12/site-packages/px4_msgs/msg/_ping.py\n'}
[1.381425] (px4_msgs) StdoutLine: {'line': b'-- Up-to-date: /home/harsh/ros2_project/install/px4_msgs/lib/python3.12/site-packages/px4_msgs/msg/_launch_detection_status.py\n'}
[1.381516] (px4_msgs) StdoutLine: {'line': b'-- Up-to-date: /home/harsh/ros2_project/install/px4_msgs/lib/python3.12/site-packages/px4_msgs/msg/_obstacle_distance_s.c\n'}
[1.381552] (px4_msgs) StdoutLine: {'line': b'-- Up-to-date: /home/harsh/ros2_project/install/px4_msgs/lib/python3.12/site-packages/px4_msgs/msg/_log_message_s.c\n'}
[1.381586] (px4_msgs) StdoutLine: {'line': b'-- Up-to-date: /home/harsh/ros2_project/install/px4_msgs/lib/python3.12/site-packages/px4_msgs/msg/_sensor_accel_fifo_s.c\n'}
[1.381634] (px4_msgs) StdoutLine: {'line': b'-- Up-to-date: /home/harsh/ros2_project/install/px4_msgs/lib/python3.12/site-packages/px4_msgs/msg/_mission_result_s.c\n'}
[1.381665] (px4_msgs) StdoutLine: {'line': b'-- Up-to-date: /home/harsh/ros2_project/install/px4_msgs/lib/python3.12/site-packages/px4_msgs/msg/_tecs_status.py\n'}
[1.381696] (px4_msgs) StdoutLine: {'line': b'-- Up-to-date: /home/harsh/ros2_project/install/px4_msgs/lib/python3.12/site-packages/px4_msgs/msg/_position_controller_status_s.c\n'}
[1.381728] (px4_msgs) StdoutLine: {'line': b'-- Up-to-date: /home/harsh/ros2_project/install/px4_msgs/lib/python3.12/site-packages/px4_msgs/msg/_vehicle_imu_status_s.c\n'}
[1.381791] (px4_msgs) StdoutLine: {'line': b'-- Up-to-date: /home/harsh/ros2_project/install/px4_msgs/lib/python3.12/site-packages/px4_msgs/msg/_orb_test_medium_s.c\n'}
[1.381824] (px4_msgs) StdoutLine: {'line': b'-- Up-to-date: /home/harsh/ros2_project/install/px4_msgs/lib/python3.12/site-packages/px4_msgs/msg/_estimator_aid_source3d_s.c\n'}
[1.381863] (px4_msgs) StdoutLine: {'line': b'-- Up-to-date: /home/harsh/ros2_project/install/px4_msgs/lib/python3.12/site-packages/px4_msgs/msg/_control_allocator_status_s.c\n'}
[1.381898] (px4_msgs) StdoutLine: {'line': b'-- Up-to-date: /home/harsh/ros2_project/install/px4_msgs/lib/python3.12/site-packages/px4_msgs/msg/_sensor_selection.py\n'}
[1.381932] (px4_msgs) StdoutLine: {'line': b'-- Up-to-date: /home/harsh/ros2_project/install/px4_msgs/lib/python3.12/site-packages/px4_msgs/msg/_flight_phase_estimation_s.c\n'}
[1.381965] (px4_msgs) StdoutLine: {'line': b'-- Up-to-date: /home/harsh/ros2_project/install/px4_msgs/lib/python3.12/site-packages/px4_msgs/msg/_trajectory_bezier_s.c\n'}
[1.381999] (px4_msgs) StdoutLine: {'line': b'-- Up-to-date: /home/harsh/ros2_project/install/px4_msgs/lib/python3.12/site-packages/px4_msgs/msg/_camera_status_s.c\n'}
[1.382032] (px4_msgs) StdoutLine: {'line': b'-- Up-to-date: /home/harsh/ros2_project/install/px4_msgs/lib/python3.12/site-packages/px4_msgs/msg/_vehicle_optical_flow_s.c\n'}
[1.382094] (px4_msgs) StdoutLine: {'line': b'-- Up-to-date: /home/harsh/ros2_project/install/px4_msgs/lib/python3.12/site-packages/px4_msgs/msg/_estimator_status.py\n'}
[1.382158] (px4_msgs) StdoutLine: {'line': b'-- Up-to-date: /home/harsh/ros2_project/install/px4_msgs/lib/python3.12/site-packages/px4_msgs/msg/_collision_constraints.py\n'}
[1.382206] (px4_msgs) StdoutLine: {'line': b'-- Up-to-date: /home/harsh/ros2_project/install/px4_msgs/lib/python3.12/site-packages/px4_msgs/msg/_can_interface_status.py\n'}
[1.382240] (px4_msgs) StdoutLine: {'line': b'-- Up-to-date: /home/harsh/ros2_project/install/px4_msgs/lib/python3.12/site-packages/px4_msgs/msg/_gripper_s.c\n'}
[1.382273] (px4_msgs) StdoutLine: {'line': b'-- Up-to-date: /home/harsh/ros2_project/install/px4_msgs/lib/python3.12/site-packages/px4_msgs/msg/_estimator_gps_status.py\n'}
[1.382318] (px4_msgs) StdoutLine: {'line': b'-- Up-to-date: /home/harsh/ros2_project/install/px4_msgs/lib/python3.12/site-packages/px4_msgs/msg/_position_controller_landing_status.py\n'}
[1.382383] (px4_msgs) StdoutLine: {'line': b'-- Up-to-date: /home/harsh/ros2_project/install/px4_msgs/lib/python3.12/site-packages/px4_msgs/msg/__init__.py\n'}
[1.382434] (px4_msgs) StdoutLine: {'line': b'-- Up-to-date: /home/harsh/ros2_project/install/px4_msgs/lib/python3.12/site-packages/px4_msgs/msg/_figure_eight_status.py\n'}
[1.382468] (px4_msgs) StdoutLine: {'line': b'-- Up-to-date: /home/harsh/ros2_project/install/px4_msgs/lib/python3.12/site-packages/px4_msgs/msg/_npfg_status.py\n'}
[1.382506] (px4_msgs) StdoutLine: {'line': b'-- Up-to-date: /home/harsh/ros2_project/install/px4_msgs/lib/python3.12/site-packages/px4_msgs/msg/_power_monitor.py\n'}
[1.382541] (px4_msgs) StdoutLine: {'line': b'-- Up-to-date: /home/harsh/ros2_project/install/px4_msgs/lib/python3.12/site-packages/px4_msgs/msg/_tiltrotor_extra_controls_s.c\n'}
[1.382574] (px4_msgs) StdoutLine: {'line': b'-- Up-to-date: /home/harsh/ros2_project/install/px4_msgs/lib/python3.12/site-packages/px4_msgs/msg/_mission_s.c\n'}
[1.382697] (px4_msgs) StdoutLine: {'line': b'-- Up-to-date: /home/harsh/ros2_project/install/px4_msgs/lib/python3.12/site-packages/px4_msgs/msg/_flight_phase_estimation.py\n'}
[1.382769] (px4_msgs) StdoutLine: {'line': b'-- Up-to-date: /home/harsh/ros2_project/install/px4_msgs/lib/python3.12/site-packages/px4_msgs/msg/_debug_value.py\n'}
[1.382855] (px4_msgs) StdoutLine: {'line': b'-- Up-to-date: /home/harsh/ros2_project/install/px4_msgs/lib/python3.12/site-packages/px4_msgs/msg/_vehicle_local_position_setpoint_s.c\n'}
[1.382895] (px4_msgs) StdoutLine: {'line': b'-- Up-to-date: /home/harsh/ros2_project/install/px4_msgs/lib/python3.12/site-packages/px4_msgs/msg/_rc_parameter_map_s.c\n'}
[1.382927] (px4_msgs) StdoutLine: {'line': b'-- Up-to-date: /home/harsh/ros2_project/install/px4_msgs/lib/python3.12/site-packages/px4_msgs/msg/_wind_s.c\n'}
[1.382958] (px4_msgs) StdoutLine: {'line': b'-- Up-to-date: /home/harsh/ros2_project/install/px4_msgs/lib/python3.12/site-packages/px4_msgs/msg/_tiltrotor_extra_controls.py\n'}
[1.382989] (px4_msgs) StdoutLine: {'line': b'-- Up-to-date: /home/harsh/ros2_project/install/px4_msgs/lib/python3.12/site-packages/px4_msgs/msg/_vehicle_thrust_setpoint.py\n'}
[1.383026] (px4_msgs) StdoutLine: {'line': b'-- Up-to-date: /home/harsh/ros2_project/install/px4_msgs/lib/python3.12/site-packages/px4_msgs/msg/_esc_report_s.c\n'}
[1.383059] (px4_msgs) StdoutLine: {'line': b'-- Up-to-date: /home/harsh/ros2_project/install/px4_msgs/lib/python3.12/site-packages/px4_msgs/msg/_collision_report_s.c\n'}
[1.383103] (px4_msgs) StdoutLine: {'line': b'-- Up-to-date: /home/harsh/ros2_project/install/px4_msgs/lib/python3.12/site-packages/px4_msgs/msg/_register_ext_component_request.py\n'}
[1.383156] (px4_msgs) StdoutLine: {'line': b'-- Up-to-date: /home/harsh/ros2_project/install/px4_msgs/lib/python3.12/site-packages/px4_msgs/msg/_debug_key_value.py\n'}
[1.383192] (px4_msgs) StdoutLine: {'line': b'-- Up-to-date: /home/harsh/ros2_project/install/px4_msgs/lib/python3.12/site-packages/px4_msgs/msg/_register_ext_component_reply.py\n'}
[1.383253] (px4_msgs) StdoutLine: {'line': b'-- Up-to-date: /home/harsh/ros2_project/install/px4_msgs/lib/python3.12/site-packages/px4_msgs/msg/_geofence_result.py\n'}
[1.383301] (px4_msgs) StdoutLine: {'line': b'-- Up-to-date: /home/harsh/ros2_project/install/px4_msgs/lib/python3.12/site-packages/px4_msgs/msg/_differential_drive_setpoint_s.c\n'}
[1.383354] (px4_msgs) StdoutLine: {'line': b'-- Up-to-date: /home/harsh/ros2_project/install/px4_msgs/lib/python3.12/site-packages/px4_msgs/msg/_gimbal_manager_set_attitude_s.c\n'}
[1.383397] (px4_msgs) StdoutLine: {'line': b'-- Up-to-date: /home/harsh/ros2_project/install/px4_msgs/lib/python3.12/site-packages/px4_msgs/msg/_camera_status.py\n'}
[1.383440] (px4_msgs) StdoutLine: {'line': b'-- Up-to-date: /home/harsh/ros2_project/install/px4_msgs/lib/python3.12/site-packages/px4_msgs/msg/_actuator_test.py\n'}
[1.383484] (px4_msgs) StdoutLine: {'line': b'-- Up-to-date: /home/harsh/ros2_project/install/px4_msgs/lib/python3.12/site-packages/px4_msgs/msg/_led_control_s.c\n'}
[1.383532] (px4_msgs) StdoutLine: {'line': b'-- Up-to-date: /home/harsh/ros2_project/install/px4_msgs/lib/python3.12/site-packages/px4_msgs/msg/_vehicle_acceleration_s.c\n'}
[1.383589] (px4_msgs) StdoutLine: {'line': b'-- Up-to-date: /home/harsh/ros2_project/install/px4_msgs/lib/python3.12/site-packages/px4_msgs/msg/_vehicle_optical_flow_vel_s.c\n'}
[1.383639] (px4_msgs) StdoutLine: {'line': b'-- Up-to-date: /home/harsh/ros2_project/install/px4_msgs/lib/python3.12/site-packages/px4_msgs/msg/_task_stack_info.py\n'}
[1.383682] (px4_msgs) StdoutLine: {'line': b'-- Up-to-date: /home/harsh/ros2_project/install/px4_msgs/lib/python3.12/site-packages/px4_msgs/msg/_gimbal_device_information.py\n'}
[1.383732] (px4_msgs) StdoutLine: {'line': b'-- Up-to-date: /home/harsh/ros2_project/install/px4_msgs/lib/python3.12/site-packages/px4_msgs/msg/_gimbal_manager_set_manual_control.py\n'}
[1.383776] (px4_msgs) StdoutLine: {'line': b'-- Up-to-date: /home/harsh/ros2_project/install/px4_msgs/lib/python3.12/site-packages/px4_msgs/msg/_rc_parameter_map.py\n'}
[1.383831] (px4_msgs) StdoutLine: {'line': b'-- Up-to-date: /home/harsh/ros2_project/install/px4_msgs/lib/python3.12/site-packages/px4_msgs/msg/_rc_channels_s.c\n'}
[1.383876] (px4_msgs) StdoutLine: {'line': b'-- Up-to-date: /home/harsh/ros2_project/install/px4_msgs/lib/python3.12/site-packages/px4_msgs/msg/_geofence_status_s.c\n'}
[1.383923] (px4_msgs) StdoutLine: {'line': b'-- Up-to-date: /home/harsh/ros2_project/install/px4_msgs/lib/python3.12/site-packages/px4_msgs/msg/_parameter_reset_request.py\n'}
[1.383988] (px4_msgs) StdoutLine: {'line': b'-- Up-to-date: /home/harsh/ros2_project/install/px4_msgs/lib/python3.12/site-packages/px4_msgs/msg/_follow_target.py\n'}
[1.384021] (px4_msgs) StdoutLine: {'line': b'-- Up-to-date: /home/harsh/ros2_project/install/px4_msgs/lib/python3.12/site-packages/px4_msgs/msg/_mavlink_tunnel_s.c\n'}
[1.384055] (px4_msgs) StdoutLine: {'line': b'-- Up-to-date: /home/harsh/ros2_project/install/px4_msgs/lib/python3.12/site-packages/px4_msgs/msg/_velocity_limits_s.c\n'}
[1.384089] (px4_msgs) StdoutLine: {'line': b'-- Up-to-date: /home/harsh/ros2_project/install/px4_msgs/lib/python3.12/site-packages/px4_msgs/msg/_vehicle_optical_flow_vel.py\n'}
[1.384144] (px4_msgs) StdoutLine: {'line': b'-- Up-to-date: /home/harsh/ros2_project/install/px4_msgs/lib/python3.12/site-packages/px4_msgs/msg/_vehicle_angular_acceleration_setpoint.py\n'}
[1.384181] (px4_msgs) StdoutLine: {'line': b'-- Up-to-date: /home/harsh/ros2_project/install/px4_msgs/lib/python3.12/site-packages/px4_msgs/msg/_vehicle_constraints_s.c\n'}
[1.384217] (px4_msgs) StdoutLine: {'line': b'-- Up-to-date: /home/harsh/ros2_project/install/px4_msgs/lib/python3.12/site-packages/px4_msgs/msg/_mount_orientation_s.c\n'}
[1.384252] (px4_msgs) StdoutLine: {'line': b'-- Up-to-date: /home/harsh/ros2_project/install/px4_msgs/lib/python3.12/site-packages/px4_msgs/msg/_position_setpoint_s.c\n'}
[1.384289] (px4_msgs) StdoutLine: {'line': b'-- Up-to-date: /home/harsh/ros2_project/install/px4_msgs/lib/python3.12/site-packages/px4_msgs/msg/_gps_dump.py\n'}
[1.384334] (px4_msgs) StdoutLine: {'line': b'-- Up-to-date: /home/harsh/ros2_project/install/px4_msgs/lib/python3.12/site-packages/px4_msgs/msg/_vehicle_odometry_s.c\n'}
[1.384371] (px4_msgs) StdoutLine: {'line': b'-- Up-to-date: /home/harsh/ros2_project/install/px4_msgs/lib/python3.12/site-packages/px4_msgs/msg/_arming_check_request.py\n'}
[1.384411] (px4_msgs) StdoutLine: {'line': b'-- Up-to-date: /home/harsh/ros2_project/install/px4_msgs/lib/python3.12/site-packages/px4_msgs/msg/_uavcan_parameter_value.py\n'}
[1.384454] (px4_msgs) StdoutLine: {'line': b'-- Up-to-date: /home/harsh/ros2_project/install/px4_msgs/lib/python3.12/site-packages/px4_msgs/msg/_vehicle_odometry.py\n'}
[1.384501] (px4_msgs) StdoutLine: {'line': b'-- Up-to-date: /home/harsh/ros2_project/install/px4_msgs/lib/python3.12/site-packages/px4_msgs/msg/_sensors_status.py\n'}
[1.384549] (px4_msgs) StdoutLine: {'line': b'-- Up-to-date: /home/harsh/ros2_project/install/px4_msgs/lib/python3.12/site-packages/px4_msgs/msg/_trajectory_waypoint_s.c\n'}
[1.384596] (px4_msgs) StdoutLine: {'line': b'-- Up-to-date: /home/harsh/ros2_project/install/px4_msgs/lib/python3.12/site-packages/px4_msgs/msg/_vehicle_air_data.py\n'}
[1.384643] (px4_msgs) StdoutLine: {'line': b'-- Up-to-date: /home/harsh/ros2_project/install/px4_msgs/lib/python3.12/site-packages/px4_msgs/msg/_gimbal_manager_information.py\n'}
[1.384689] (px4_msgs) StdoutLine: {'line': b'-- Up-to-date: /home/harsh/ros2_project/install/px4_msgs/lib/python3.12/site-packages/px4_msgs/msg/_sensor_correction.py\n'}
[1.384735] (px4_msgs) StdoutLine: {'line': b'-- Up-to-date: /home/harsh/ros2_project/install/px4_msgs/lib/python3.12/site-packages/px4_msgs/msg/_sensors_status_imu.py\n'}
[1.384781] (px4_msgs) StdoutLine: {'line': b'-- Up-to-date: /home/harsh/ros2_project/install/px4_msgs/lib/python3.12/site-packages/px4_msgs/msg/_estimator_innovations_s.c\n'}
[1.384830] (px4_msgs) StdoutLine: {'line': b'-- Up-to-date: /home/harsh/ros2_project/install/px4_msgs/lib/python3.12/site-packages/px4_msgs/msg/_sensor_airflow_s.c\n'}
[1.384877] (px4_msgs) StdoutLine: {'line': b'-- Up-to-date: /home/harsh/ros2_project/install/px4_msgs/lib/python3.12/site-packages/px4_msgs/msg/_message_format_response.py\n'}
[1.384926] (px4_msgs) StdoutLine: {'line': b'-- Up-to-date: /home/harsh/ros2_project/install/px4_msgs/lib/python3.12/site-packages/px4_msgs/msg/_vehicle_attitude.py\n'}
[1.384992] (px4_msgs) StdoutLine: {'line': b'-- Up-to-date: /home/harsh/ros2_project/install/px4_msgs/lib/python3.12/site-packages/px4_msgs/msg/_camera_capture_s.c\n'}
[1.385031] (px4_msgs) StdoutLine: {'line': b'-- Up-to-date: /home/harsh/ros2_project/install/px4_msgs/lib/python3.12/site-packages/px4_msgs/msg/_estimator_aid_source1d.py\n'}
[1.385068] (px4_msgs) StdoutLine: {'line': b'-- Up-to-date: /home/harsh/ros2_project/install/px4_msgs/lib/python3.12/site-packages/px4_msgs/msg/_wind.py\n'}
[1.385105] (px4_msgs) StdoutLine: {'line': b'-- Up-to-date: /home/harsh/ros2_project/install/px4_msgs/lib/python3.12/site-packages/px4_msgs/msg/_buffer128_s.c\n'}
[1.385143] (px4_msgs) StdoutLine: {'line': b'-- Up-to-date: /home/harsh/ros2_project/install/px4_msgs/lib/python3.12/site-packages/px4_msgs/msg/_normalized_unsigned_setpoint_s.c\n'}
[1.385180] (px4_msgs) StdoutLine: {'line': b'-- Up-to-date: /home/harsh/ros2_project/install/px4_msgs/lib/python3.12/site-packages/px4_msgs/msg/_gimbal_manager_information_s.c\n'}
[1.385220] (px4_msgs) StdoutLine: {'line': b'-- Up-to-date: /home/harsh/ros2_project/install/px4_msgs/lib/python3.12/site-packages/px4_msgs/msg/_arming_check_reply_s.c\n'}
[1.385270] (px4_msgs) StdoutLine: {'line': b'-- Up-to-date: /home/harsh/ros2_project/install/px4_msgs/lib/python3.12/site-packages/px4_msgs/msg/_button_event_s.c\n'}
[1.385323] (px4_msgs) StdoutLine: {'line': b'-- Up-to-date: /home/harsh/ros2_project/install/px4_msgs/lib/python3.12/site-packages/px4_msgs/msg/_vehicle_attitude_s.c\n'}
[1.385380] (px4_msgs) StdoutLine: {'line': b'-- Up-to-date: /home/harsh/ros2_project/install/px4_msgs/lib/python3.12/site-packages/px4_msgs/msg/_vehicle_land_detected.py\n'}
[1.385432] (px4_msgs) StdoutLine: {'line': b'-- Up-to-date: /home/harsh/ros2_project/install/px4_msgs/lib/python3.12/site-packages/px4_msgs/msg/_airspeed_validated.py\n'}
[1.385485] (px4_msgs) StdoutLine: {'line': b'-- Up-to-date: /home/harsh/ros2_project/install/px4_msgs/lib/python3.12/site-packages/px4_msgs/msg/_rtl_time_estimate_s.c\n'}
[1.385534] (px4_msgs) StdoutLine: {'line': b'-- Up-to-date: /home/harsh/ros2_project/install/px4_msgs/lib/python3.12/site-packages/px4_msgs/msg/_esc_report.py\n'}
[1.385584] (px4_msgs) StdoutLine: {'line': b'-- Up-to-date: /home/harsh/ros2_project/install/px4_msgs/lib/python3.12/site-packages/px4_msgs/msg/_vehicle_imu_s.c\n'}
[1.385651] (px4_msgs) StdoutLine: {'line': b'-- Up-to-date: /home/harsh/ros2_project/install/px4_msgs/lib/python3.12/site-packages/px4_msgs/msg/_differential_drive_setpoint.py\n'}
[1.385692] (px4_msgs) StdoutLine: {'line': b'-- Up-to-date: /home/harsh/ros2_project/install/px4_msgs/lib/python3.12/site-packages/px4_msgs/msg/_gimbal_manager_set_attitude.py\n'}
[1.385730] (px4_msgs) StdoutLine: {'line': b'-- Up-to-date: /home/harsh/ros2_project/install/px4_msgs/lib/python3.12/site-packages/px4_msgs/msg/_manual_control_setpoint_s.c\n'}
[1.385770] (px4_msgs) StdoutLine: {'line': b'-- Up-to-date: /home/harsh/ros2_project/install/px4_msgs/lib/python3.12/site-packages/px4_msgs/msg/_vehicle_local_position_setpoint.py\n'}
[1.385820] (px4_msgs) StdoutLine: {'line': b'-- Up-to-date: /home/harsh/ros2_project/install/px4_msgs/lib/python3.12/site-packages/px4_msgs/msg/_failure_detector_status.py\n'}
[1.385885] (px4_msgs) StdoutLine: {'line': b'-- Up-to-date: /home/harsh/ros2_project/install/px4_msgs/lib/python3.12/site-packages/px4_msgs/msg/_manual_control_setpoint.py\n'}
[1.385929] (px4_msgs) StdoutLine: {'line': b'-- Up-to-date: /home/harsh/ros2_project/install/px4_msgs/lib/python3.12/site-packages/px4_msgs/msg/_qshell_retval.py\n'}
[1.385971] (px4_msgs) StdoutLine: {'line': b'-- Up-to-date: /home/harsh/ros2_project/install/px4_msgs/lib/python3.12/site-packages/px4_msgs/msg/_sensors_status_imu_s.c\n'}
[1.386011] (px4_msgs) StdoutLine: {'line': b'-- Up-to-date: /home/harsh/ros2_project/install/px4_msgs/lib/python3.12/site-packages/px4_msgs/msg/_sensor_preflight_mag_s.c\n'}
[1.386049] (px4_msgs) StdoutLine: {'line': b'-- Up-to-date: /home/harsh/ros2_project/install/px4_msgs/lib/python3.12/site-packages/px4_msgs/msg/_vehicle_constraints.py\n'}
[1.386091] (px4_msgs) StdoutLine: {'line': b'-- Up-to-date: /home/harsh/ros2_project/install/px4_msgs/lib/python3.12/site-packages/px4_msgs/msg/_vehicle_roi.py\n'}
[1.386132] (px4_msgs) StdoutLine: {'line': b'-- Up-to-date: /home/harsh/ros2_project/install/px4_msgs/lib/python3.12/site-packages/px4_msgs/msg/_sensor_optical_flow_s.c\n'}
[1.386185] (px4_msgs) StdoutLine: {'line': b'-- Up-to-date: /home/harsh/ros2_project/install/px4_msgs/lib/python3.12/site-packages/px4_msgs/msg/_offboard_control_mode.py\n'}
[1.386238] (px4_msgs) StdoutLine: {'line': b'-- Up-to-date: /home/harsh/ros2_project/install/px4_msgs/lib/python3.12/site-packages/px4_msgs/msg/_actuator_controls_status_s.c\n'}
[1.386295] (px4_msgs) StdoutLine: {'line': b'-- Up-to-date: /home/harsh/ros2_project/install/px4_msgs/lib/python3.12/site-packages/px4_msgs/msg/_actuator_controls_status.py\n'}
[1.386379] (px4_msgs) StdoutLine: {'line': b'-- Up-to-date: /home/harsh/ros2_project/install/px4_msgs/lib/python3.12/site-packages/px4_msgs/msg/_ulog_stream_ack_s.c\n'}
[1.386436] (px4_msgs) StdoutLine: {'line': b'-- Up-to-date: /home/harsh/ros2_project/install/px4_msgs/lib/python3.12/site-packages/px4_msgs/msg/_geofence_status.py\n'}
[1.386490] (px4_msgs) StdoutLine: {'line': b'-- Up-to-date: /home/harsh/ros2_project/install/px4_msgs/lib/python3.12/site-packages/px4_msgs/msg/_rate_ctrl_status.py\n'}
[1.386546] (px4_msgs) StdoutLine: {'line': b'-- Up-to-date: /home/harsh/ros2_project/install/px4_msgs/lib/python3.12/site-packages/px4_msgs/msg/_system_power_s.c\n'}
[1.386601] (px4_msgs) StdoutLine: {'line': b'-- Up-to-date: /home/harsh/ros2_project/install/px4_msgs/lib/python3.12/site-packages/px4_msgs/msg/_dataman_request_s.c\n'}
[1.386655] (px4_msgs) StdoutLine: {'line': b'-- Up-to-date: /home/harsh/ros2_project/install/px4_msgs/lib/python3.12/site-packages/px4_msgs/msg/_button_event.py\n'}
[1.386710] (px4_msgs) StdoutLine: {'line': b'-- Up-to-date: /home/harsh/ros2_project/install/px4_msgs/lib/python3.12/site-packages/px4_msgs/msg/_vehicle_rates_setpoint_s.c\n'}
[1.386764] (px4_msgs) StdoutLine: {'line': b'-- Up-to-date: /home/harsh/ros2_project/install/px4_msgs/lib/python3.12/site-packages/px4_msgs/msg/_px4io_status.py\n'}
[1.386819] (px4_msgs) StdoutLine: {'line': b'-- Up-to-date: /home/harsh/ros2_project/install/px4_msgs/lib/python3.12/site-packages/px4_msgs/msg/_arming_check_request_s.c\n'}
[1.386874] (px4_msgs) StdoutLine: {'line': b'-- Up-to-date: /home/harsh/ros2_project/install/px4_msgs/lib/python3.12/site-packages/px4_msgs/msg/_sensor_hygrometer_s.c\n'}
[1.386929] (px4_msgs) StdoutLine: {'line': b'-- Up-to-date: /home/harsh/ros2_project/install/px4_msgs/lib/python3.12/site-packages/px4_msgs/msg/_landing_gear_s.c\n'}
[1.386986] (px4_msgs) StdoutLine: {'line': b'-- Up-to-date: /home/harsh/ros2_project/install/px4_msgs/lib/python3.12/site-packages/px4_msgs/msg/_vehicle_roi_s.c\n'}
[1.387040] (px4_msgs) StdoutLine: {'line': b'-- Up-to-date: /home/harsh/ros2_project/install/px4_msgs/lib/python3.12/site-packages/px4_msgs/msg/_failsafe_flags_s.c\n'}
[1.387091] (px4_msgs) StdoutLine: {'line': b'-- Up-to-date: /home/harsh/ros2_project/install/px4_msgs/lib/python3.12/site-packages/px4_msgs/msg/_input_rc.py\n'}
[1.387143] (px4_msgs) StdoutLine: {'line': b'-- Up-to-date: /home/harsh/ros2_project/install/px4_msgs/lib/python3.12/site-packages/px4_msgs/msg/_generator_status.py\n'}
[1.387195] (px4_msgs) StdoutLine: {'line': b'-- Up-to-date: /home/harsh/ros2_project/install/px4_msgs/lib/python3.12/site-packages/px4_msgs/msg/_airspeed_s.c\n'}
[1.387245] (px4_msgs) StdoutLine: {'line': b'-- Up-to-date: /home/harsh/ros2_project/install/px4_msgs/lib/python3.12/site-packages/px4_msgs/msg/_manual_control_switches_s.c\n'}
[1.387296] (px4_msgs) StdoutLine: {'line': b'-- Up-to-date: /home/harsh/ros2_project/install/px4_msgs/lib/python3.12/site-packages/px4_msgs/msg/_trajectory_setpoint.py\n'}
[1.387359] (px4_msgs) StdoutLine: {'line': b'-- Up-to-date: /home/harsh/ros2_project/install/px4_msgs/lib/python3.12/site-packages/px4_msgs/msg/_estimator_status_s.c\n'}
[1.387446] (px4_msgs) StdoutLine: {'line': b'-- Up-to-date: /home/harsh/ros2_project/install/px4_msgs/lib/python3.12/site-packages/px4_msgs/msg/_actuator_armed_s.c\n'}
[1.387491] (px4_msgs) StdoutLine: {'line': b'-- Up-to-date: /home/harsh/ros2_project/install/px4_msgs/lib/python3.12/site-packages/px4_msgs/msg/_vehicle_magnetometer.py\n'}
[1.387536] (px4_msgs) StdoutLine: {'line': b'-- Up-to-date: /home/harsh/ros2_project/install/px4_msgs/lib/python3.12/site-packages/px4_msgs/msg/_estimator_event_flags_s.c\n'}
[1.387584] (px4_msgs) StdoutLine: {'line': b'-- Up-to-date: /home/harsh/ros2_project/install/px4_msgs/lib/python3.12/site-packages/px4_msgs/msg/_gimbal_device_attitude_status_s.c\n'}
[1.387634] (px4_msgs) StdoutLine: {'line': b'-- Up-to-date: /home/harsh/ros2_project/install/px4_msgs/lib/python3.12/site-packages/px4_msgs/msg/_sensor_gyro.py\n'}
[1.387691] (px4_msgs) StdoutLine: {'line': b'-- Up-to-date: /home/harsh/ros2_project/install/px4_msgs/lib/python3.12/site-packages/px4_msgs/msg/_vtol_vehicle_status_s.c\n'}
[1.387754] (px4_msgs) StdoutLine: {'line': b'-- Up-to-date: /home/harsh/ros2_project/install/px4_msgs/lib/python3.12/site-packages/px4_msgs/msg/_takeoff_status.py\n'}
[1.387811] (px4_msgs) StdoutLine: {'line': b'-- Up-to-date: /home/harsh/ros2_project/install/px4_msgs/lib/python3.12/site-packages/px4_msgs/msg/_task_stack_info_s.c\n'}
[1.387866] (px4_msgs) StdoutLine: {'line': b'-- Up-to-date: /home/harsh/ros2_project/install/px4_msgs/lib/python3.12/site-packages/px4_msgs/msg/_airspeed.py\n'}
[1.387923] (px4_msgs) StdoutLine: {'line': b'-- Up-to-date: /home/harsh/ros2_project/install/px4_msgs/lib/python3.12/site-packages/px4_msgs/msg/_differential_pressure_s.c\n'}
[1.387978] (px4_msgs) StdoutLine: {'line': b'-- Up-to-date: /home/harsh/ros2_project/install/px4_msgs/lib/python3.12/site-packages/px4_msgs/msg/_onboard_computer_status.py\n'}
[1.388033] (px4_msgs) StdoutLine: {'line': b'-- Up-to-date: /home/harsh/ros2_project/install/px4_msgs/lib/python3.12/site-packages/px4_msgs/msg/_vehicle_attitude_setpoint_s.c\n'}
[1.388089] (px4_msgs) StdoutLine: {'line': b'-- Up-to-date: /home/harsh/ros2_project/install/px4_msgs/lib/python3.12/site-packages/px4_msgs/msg/_vehicle_angular_velocity.py\n'}
[1.388143] (px4_msgs) StdoutLine: {'line': b'-- Up-to-date: /home/harsh/ros2_project/install/px4_msgs/lib/python3.12/site-packages/px4_msgs/msg/_orb_test_large.py\n'}
[1.388198] (px4_msgs) StdoutLine: {'line': b'-- Up-to-date: /home/harsh/ros2_project/install/px4_msgs/lib/python3.12/site-packages/px4_msgs/msg/_position_setpoint.py\n'}
[1.388254] (px4_msgs) StdoutLine: {'line': b'-- Up-to-date: /home/harsh/ros2_project/install/px4_msgs/lib/python3.12/site-packages/px4_msgs/msg/_logger_status.py\n'}
[1.388318] (px4_msgs) StdoutLine: {'line': b'-- Up-to-date: /home/harsh/ros2_project/install/px4_msgs/lib/python3.12/site-packages/px4_msgs/msg/_gimbal_device_attitude_status.py\n'}
[1.388397] (px4_msgs) StdoutLine: {'line': b'-- Up-to-date: /home/harsh/ros2_project/install/px4_msgs/lib/python3.12/site-packages/px4_msgs/msg/_geofence_result_s.c\n'}
[1.388464] (px4_msgs) StdoutLine: {'line': b'-- Up-to-date: /home/harsh/ros2_project/install/px4_msgs/lib/python3.12/site-packages/px4_msgs/msg/_debug_value_s.c\n'}
[1.388531] (px4_msgs) StdoutLine: {'line': b'-- Up-to-date: /home/harsh/ros2_project/install/px4_msgs/lib/python3.12/site-packages/px4_msgs/msg/_cpuload.py\n'}
[1.388601] (px4_msgs) StdoutLine: {'line': b'-- Up-to-date: /home/harsh/ros2_project/install/px4_msgs/lib/python3.12/site-packages/px4_msgs/msg/_failure_detector_status_s.c\n'}
[1.388669] (px4_msgs) StdoutLine: {'line': b'-- Up-to-date: /home/harsh/ros2_project/install/px4_msgs/lib/python3.12/site-packages/px4_msgs/msg/_landing_gear_wheel_s.c\n'}
[1.388728] (px4_msgs) StdoutLine: {'line': b'-- Up-to-date: /home/harsh/ros2_project/install/px4_msgs/lib/python3.12/site-packages/px4_msgs/msg/_vehicle_trajectory_waypoint_s.c\n'}
[1.388786] (px4_msgs) StdoutLine: {'line': b'-- Up-to-date: /home/harsh/ros2_project/install/px4_msgs/lib/python3.12/site-packages/px4_msgs/msg/_estimator_gps_status_s.c\n'}
[1.388868] (px4_msgs) StdoutLine: {'line': b'-- Up-to-date: /home/harsh/ros2_project/install/px4_msgs/lib/python3.12/site-packages/px4_msgs/msg/_gpio_in.py\n'}
[1.388916] (px4_msgs) StdoutLine: {'line': b'-- Up-to-date: /home/harsh/ros2_project/install/px4_msgs/lib/python3.12/site-packages/px4_msgs/msg/_gimbal_device_set_attitude.py\n'}
[1.388961] (px4_msgs) StdoutLine: {'line': b'-- Up-to-date: /home/harsh/ros2_project/install/px4_msgs/lib/python3.12/site-packages/px4_msgs/msg/_obstacle_distance.py\n'}
[1.389006] (px4_msgs) StdoutLine: {'line': b'-- Up-to-date: /home/harsh/ros2_project/install/px4_msgs/lib/python3.12/site-packages/px4_msgs/msg/_follow_target_status_s.c\n'}
[1.389054] (px4_msgs) StdoutLine: {'line': b'-- Up-to-date: /home/harsh/ros2_project/install/px4_msgs/lib/python3.12/site-packages/px4_msgs/msg/_ulog_stream_ack.py\n'}
[1.389104] (px4_msgs) StdoutLine: {'line': b'-- Up-to-date: /home/harsh/ros2_project/install/px4_msgs/lib/python3.12/site-packages/px4_msgs/msg/_differential_pressure.py\n'}
[1.389153] (px4_msgs) StdoutLine: {'line': b'-- Up-to-date: /home/harsh/ros2_project/install/px4_msgs/lib/python3.12/site-packages/px4_msgs/msg/_rtl_status_s.c\n'}
[1.389200] (px4_msgs) StdoutLine: {'line': b'-- Up-to-date: /home/harsh/ros2_project/install/px4_msgs/lib/python3.12/site-packages/px4_msgs/msg/_yaw_estimator_status.py\n'}
[1.389250] (px4_msgs) StdoutLine: {'line': b'-- Up-to-date: /home/harsh/ros2_project/install/px4_msgs/lib/python3.12/site-packages/px4_msgs/msg/_estimator_bias_s.c\n'}
[1.389335] (px4_msgs) StdoutLine: {'line': b'-- Up-to-date: /home/harsh/ros2_project/install/px4_msgs/lib/python3.12/site-packages/px4_msgs/msg/_sensor_selection_s.c\n'}
[1.389392] (px4_msgs) StdoutLine: {'line': b'-- Up-to-date: /home/harsh/ros2_project/install/px4_msgs/lib/python3.12/site-packages/px4_msgs/msg/_estimator_status_flags_s.c\n'}
[1.389452] (px4_msgs) StdoutLine: {'line': b'-- Up-to-date: /home/harsh/ros2_project/install/px4_msgs/lib/python3.12/site-packages/px4_msgs/msg/_rtl_status.py\n'}
[1.389513] (px4_msgs) StdoutLine: {'line': b'-- Up-to-date: /home/harsh/ros2_project/install/px4_msgs/lib/python3.12/site-packages/px4_msgs/msg/_follow_target_estimator.py\n'}
[1.389572] (px4_msgs) StdoutLine: {'line': b'-- Up-to-date: /home/harsh/ros2_project/install/px4_msgs/lib/python3.12/site-packages/px4_msgs/msg/_goto_setpoint_s.c\n'}
[1.389629] (px4_msgs) StdoutLine: {'line': b'-- Up-to-date: /home/harsh/ros2_project/install/px4_msgs/lib/python3.12/site-packages/px4_msgs/msg/_sensor_accel_fifo.py\n'}
[1.389688] (px4_msgs) StdoutLine: {'line': b'-- Up-to-date: /home/harsh/ros2_project/install/px4_msgs/lib/python3.12/site-packages/px4_msgs/msg/_actuator_outputs.py\n'}
[1.389748] (px4_msgs) StdoutLine: {'line': b'-- Up-to-date: /home/harsh/ros2_project/install/px4_msgs/lib/python3.12/site-packages/px4_msgs/msg/_vehicle_air_data_s.c\n'}
[1.389809] (px4_msgs) StdoutLine: {'line': b'-- Up-to-date: /home/harsh/ros2_project/install/px4_msgs/lib/python3.12/site-packages/px4_msgs/msg/_vehicle_global_position_s.c\n'}
[1.389871] (px4_msgs) StdoutLine: {'line': b'-- Up-to-date: /home/harsh/ros2_project/install/px4_msgs/lib/python3.12/site-packages/px4_msgs/msg/_home_position_s.c\n'}
[1.389934] (px4_msgs) StdoutLine: {'line': b'-- Up-to-date: /home/harsh/ros2_project/install/px4_msgs/lib/python3.12/site-packages/px4_msgs/msg/_estimator_bias3d.py\n'}
[1.389999] (px4_msgs) StdoutLine: {'line': b'-- Up-to-date: /home/harsh/ros2_project/install/px4_msgs/lib/python3.12/site-packages/px4_msgs/msg/_parameter_set_value_request_s.c\n'}
[1.390063] (px4_msgs) StdoutLine: {'line': b'-- Up-to-date: /home/harsh/ros2_project/install/px4_msgs/lib/python3.12/site-packages/px4_msgs/msg/_estimator_aid_source2d_s.c\n'}
[1.390127] (px4_msgs) StdoutLine: {'line': b'-- Up-to-date: /home/harsh/ros2_project/install/px4_msgs/lib/python3.12/site-packages/px4_msgs/msg/_velocity_limits.py\n'}
[1.390190] (px4_msgs) StdoutLine: {'line': b'-- Up-to-date: /home/harsh/ros2_project/install/px4_msgs/lib/python3.12/site-packages/px4_msgs/msg/_estimator_aid_source1d_s.c\n'}
[1.390285] (px4_msgs) StdoutLine: {'line': b'-- Up-to-date: /home/harsh/ros2_project/install/px4_msgs/lib/python3.12/site-packages/px4_msgs/msg/_position_setpoint_triplet_s.c\n'}
[1.390369] (px4_msgs) StdoutLine: {'line': b'-- Up-to-date: /home/harsh/ros2_project/install/px4_msgs/lib/python3.12/site-packages/px4_msgs/msg/_vehicle_control_mode_s.c\n'}
[1.390442] (px4_msgs) StdoutLine: {'line': b'-- Up-to-date: /home/harsh/ros2_project/install/px4_msgs/lib/python3.12/site-packages/px4_msgs/msg/_vehicle_local_position_s.c\n'}
[1.390509] (px4_msgs) StdoutLine: {'line': b'-- Up-to-date: /home/harsh/ros2_project/install/px4_msgs/lib/python3.12/site-packages/px4_msgs/msg/_camera_trigger_s.c\n'}
[1.390575] (px4_msgs) StdoutLine: {'line': b'-- Up-to-date: /home/harsh/ros2_project/install/px4_msgs/lib/python3.12/site-packages/px4_msgs/msg/_sensor_gyro_s.c\n'}
[1.390641] (px4_msgs) StdoutLine: {'line': b'-- Up-to-date: /home/harsh/ros2_project/install/px4_msgs/lib/python3.12/site-packages/px4_msgs/msg/_actuator_armed.py\n'}
[1.390702] (px4_msgs) StdoutLine: {'line': b'-- Up-to-date: /home/harsh/ros2_project/install/px4_msgs/lib/python3.12/site-packages/px4_msgs/msg/_failsafe_flags.py\n'}
[1.390766] (px4_msgs) StdoutLine: {'line': b'-- Up-to-date: /home/harsh/ros2_project/install/px4_msgs/lib/python3.12/site-packages/px4_msgs/msg/_pps_capture.py\n'}
[1.390828] (px4_msgs) StdoutLine: {'line': b'-- Up-to-date: /home/harsh/ros2_project/install/px4_msgs/lib/python3.12/site-packages/px4_msgs/msg/_sensor_correction_s.c\n'}
[1.390888] (px4_msgs) StdoutLine: {'line': b'-- Up-to-date: /home/harsh/ros2_project/install/px4_msgs/lib/python3.12/site-packages/px4_msgs/msg/_system_power.py\n'}
[1.390948] (px4_msgs) StdoutLine: {'line': b'-- Up-to-date: /home/harsh/ros2_project/install/px4_msgs/lib/python3.12/site-packages/px4_msgs/msg/_arming_check_reply.py\n'}
[1.391007] (px4_msgs) StdoutLine: {'line': b'-- Up-to-date: /home/harsh/ros2_project/install/px4_msgs/lib/python3.12/site-packages/px4_msgs/msg/_trajectory_setpoint_s.c\n'}
[1.391065] (px4_msgs) StdoutLine: {'line': b'-- Up-to-date: /home/harsh/ros2_project/install/px4_msgs/lib/python3.12/site-packages/px4_msgs/msg/_power_button_state_s.c\n'}
[1.391126] (px4_msgs) StdoutLine: {'line': b'-- Up-to-date: /home/harsh/ros2_project/install/px4_msgs/lib/python3.12/site-packages/px4_msgs/msg/_wheel_encoders.py\n'}
[1.391188] (px4_msgs) StdoutLine: {'line': b'-- Up-to-date: /home/harsh/ros2_project/install/px4_msgs/lib/python3.12/site-packages/px4_msgs/msg/_battery_status.py\n'}
[1.391251] (px4_msgs) StdoutLine: {'line': b'-- Up-to-date: /home/harsh/ros2_project/install/px4_msgs/lib/python3.12/site-packages/px4_msgs/msg/_vehicle_torque_setpoint_s.c\n'}
[1.391315] (px4_msgs) StdoutLine: {'line': b'-- Up-to-date: /home/harsh/ros2_project/install/px4_msgs/lib/python3.12/site-packages/px4_msgs/msg/_autotune_attitude_control_status_s.c\n'}
[1.391425] (px4_msgs) StdoutLine: {'line': b'-- Up-to-date: /home/harsh/ros2_project/install/px4_msgs/lib/python3.12/site-packages/px4_msgs/msg/_irlock_report_s.c\n'}
[1.391496] (px4_msgs) StdoutLine: {'line': b'-- Up-to-date: /home/harsh/ros2_project/install/px4_msgs/lib/python3.12/site-packages/px4_msgs/msg/_message_format_request.py\n'}
[1.391575] (px4_msgs) StdoutLine: {'line': b'-- Up-to-date: /home/harsh/ros2_project/install/px4_msgs/lib/python3.12/site-packages/px4_msgs/msg/_power_monitor_s.c\n'}
[1.391625] (px4_msgs) StdoutLine: {'line': b'-- Up-to-date: /home/harsh/ros2_project/install/px4_msgs/lib/python3.12/site-packages/px4_msgs/msg/_landing_gear_wheel.py\n'}
[1.391673] (px4_msgs) StdoutLine: {'line': b'-- Up-to-date: /home/harsh/ros2_project/install/px4_msgs/lib/python3.12/site-packages/px4_msgs/msg/_takeoff_status_s.c\n'}
[1.391720] (px4_msgs) StdoutLine: {'line': b'-- Up-to-date: /home/harsh/ros2_project/install/px4_msgs/lib/python3.12/site-packages/px4_msgs/msg/_sensor_baro_s.c\n'}
[1.391783] (px4_msgs) StdoutLine: {'line': b'-- Up-to-date: /home/harsh/ros2_project/install/px4_msgs/lib/python3.12/site-packages/px4_msgs/msg/_sensor_airflow.py\n'}
[1.391854] (px4_msgs) StdoutLine: {'line': b'-- Up-to-date: /home/harsh/ros2_project/install/px4_msgs/lib/python3.12/site-packages/px4_msgs/msg/_gps_dump_s.c\n'}
[1.391905] (px4_msgs) StdoutLine: {'line': b'-- Up-to-date: /home/harsh/ros2_project/install/px4_msgs/lib/python3.12/site-packages/px4_msgs/msg/_adc_report_s.c\n'}
[1.391953] (px4_msgs) StdoutLine: {'line': b'-- Up-to-date: /home/harsh/ros2_project/install/px4_msgs/lib/python3.12/site-packages/px4_msgs/msg/_input_rc_s.c\n'}
[1.392001] (px4_msgs) StdoutLine: {'line': b'-- Up-to-date: /home/harsh/ros2_project/install/px4_msgs/lib/python3.12/site-packages/px4_msgs/msg/_estimator_selector_status_s.c\n'}
[1.392049] (px4_msgs) StdoutLine: {'line': b'-- Up-to-date: /home/harsh/ros2_project/install/px4_msgs/lib/python3.12/site-packages/px4_msgs/msg/_dataman_request.py\n'}
[1.392094] (px4_msgs) StdoutLine: {'line': b'-- Up-to-date: /home/harsh/ros2_project/install/px4_msgs/lib/python3.12/site-packages/px4_msgs/msg/_magnetometer_bias_estimate.py\n'}
[1.392139] (px4_msgs) StdoutLine: {'line': b'-- Up-to-date: /home/harsh/ros2_project/install/px4_msgs/lib/python3.12/site-packages/px4_msgs/msg/_distance_sensor.py\n'}
[1.392186] (px4_msgs) StdoutLine: {'line': b'-- Up-to-date: /home/harsh/ros2_project/install/px4_msgs/lib/python3.12/site-packages/px4_msgs/msg/_yaw_estimator_status_s.c\n'}
[1.392232] (px4_msgs) StdoutLine: {'line': b'-- Up-to-date: /home/harsh/ros2_project/install/px4_msgs/lib/python3.12/site-packages/px4_msgs/msg/_parameter_set_value_request.py\n'}
[1.392279] (px4_msgs) StdoutLine: {'line': b'-- Up-to-date: /home/harsh/ros2_project/install/px4_msgs/lib/python3.12/site-packages/px4_msgs/msg/_ulog_stream.py\n'}
[1.392329] (px4_msgs) StdoutLine: {'line': b'-- Up-to-date: /home/harsh/ros2_project/install/px4_msgs/lib/python3.12/site-packages/px4_msgs/msg/_radio_status.py\n'}
[1.392380] (px4_msgs) StdoutLine: {'line': b'-- Up-to-date: /home/harsh/ros2_project/install/px4_msgs/lib/python3.12/site-packages/px4_msgs/msg/_estimator_states.py\n'}
[1.392426] (px4_msgs) StdoutLine: {'line': b'-- Up-to-date: /home/harsh/ros2_project/install/px4_msgs/lib/python3.12/site-packages/px4_msgs/msg/_estimator_aid_source2d.py\n'}
[1.392472] (px4_msgs) StdoutLine: {'line': b'-- Up-to-date: /home/harsh/ros2_project/install/px4_msgs/lib/python3.12/site-packages/px4_msgs/msg/_transponder_report.py\n'}
[1.392532] (px4_msgs) StdoutLine: {'line': b'-- Up-to-date: /home/harsh/ros2_project/install/px4_msgs/lib/python3.12/site-packages/px4_msgs/msg/_qshell_req.py\n'}
[1.392592] (px4_msgs) StdoutLine: {'line': b'-- Up-to-date: /home/harsh/ros2_project/install/px4_msgs/lib/python3.12/site-packages/px4_msgs/msg/_actuator_servos_trim_s.c\n'}
[1.392653] (px4_msgs) StdoutLine: {'line': b'-- Up-to-date: /home/harsh/ros2_project/install/px4_msgs/lib/python3.12/site-packages/px4_msgs/msg/_airspeed_wind_s.c\n'}
[1.392714] (px4_msgs) StdoutLine: {'line': b'-- Up-to-date: /home/harsh/ros2_project/install/px4_msgs/lib/python3.12/site-packages/px4_msgs/msg/_pwm_input.py\n'}
[1.392777] (px4_msgs) StdoutLine: {'line': b'-- Up-to-date: /home/harsh/ros2_project/install/px4_msgs/lib/python3.12/site-packages/px4_msgs/msg/_sensor_uwb.py\n'}
[1.392839] (px4_msgs) StdoutLine: {'line': b'-- Up-to-date: /home/harsh/ros2_project/install/px4_msgs/lib/python3.12/site-packages/px4_msgs/msg/_vehicle_command_ack_s.c\n'}
[1.392901] (px4_msgs) StdoutLine: {'line': b'-- Up-to-date: /home/harsh/ros2_project/install/px4_msgs/lib/python3.12/site-packages/px4_msgs/msg/_landing_gear.py\n'}
[1.392964] (px4_msgs) StdoutLine: {'line': b'-- Up-to-date: /home/harsh/ros2_project/install/px4_msgs/lib/python3.12/site-packages/px4_msgs/msg/_airspeed_validated_s.c\n'}
[1.393025] (px4_msgs) StdoutLine: {'line': b'-- Up-to-date: /home/harsh/ros2_project/install/px4_msgs/lib/python3.12/site-packages/px4_msgs/msg/_hover_thrust_estimate.py\n'}
[1.393087] (px4_msgs) StdoutLine: {'line': b'-- Up-to-date: /home/harsh/ros2_project/install/px4_msgs/lib/python3.12/site-packages/px4_msgs/msg/_gps_inject_data_s.c\n'}
[1.393163] (px4_msgs) StdoutLine: {'line': b'-- Up-to-date: /home/harsh/ros2_project/install/px4_msgs/lib/python3.12/site-packages/px4_msgs/msg/_actuator_servos.py\n'}
[1.393212] (px4_msgs) StdoutLine: {'line': b'-- Up-to-date: /home/harsh/ros2_project/install/px4_msgs/lib/python3.12/site-packages/px4_msgs/msg/_sensor_gnss_relative_s.c\n'}
[1.393260] (px4_msgs) StdoutLine: {'line': b'-- Up-to-date: /home/harsh/ros2_project/install/px4_msgs/lib/python3.12/site-packages/px4_msgs/msg/_landing_target_innovations.py\n'}
[1.393310] (px4_msgs) StdoutLine: {'line': b'-- Up-to-date: /home/harsh/ros2_project/install/px4_msgs/lib/python3.12/site-packages/px4_msgs/msg/_debug_array.py\n'}
[1.393387] (px4_msgs) StdoutLine: {'line': b'-- Up-to-date: /home/harsh/ros2_project/install/px4_msgs/lib/python3.12/site-packages/px4_msgs/msg/_npfg_status_s.c\n'}
[1.393449] (px4_msgs) StdoutLine: {'line': b'-- Up-to-date: /home/harsh/ros2_project/install/px4_msgs/lib/python3.12/site-packages/px4_msgs/msg/_parameter_set_used_request.py\n'}
[1.393496] (px4_msgs) StdoutLine: {'line': b'-- Up-to-date: /home/harsh/ros2_project/install/px4_msgs/lib/python3.12/site-packages/px4_msgs/msg/_parameter_update_s.c\n'}
[1.393545] (px4_msgs) StdoutLine: {'line': b'-- Up-to-date: /home/harsh/ros2_project/install/px4_msgs/lib/python3.12/site-packages/px4_msgs/msg/_orb_test_large_s.c\n'}
[1.393592] (px4_msgs) StdoutLine: {'line': b'-- Up-to-date: /home/harsh/ros2_project/install/px4_msgs/lib/python3.12/site-packages/px4_msgs/msg/_event_s.c\n'}
[1.393641] (px4_msgs) StdoutLine: {'line': b'-- Up-to-date: /home/harsh/ros2_project/install/px4_msgs/lib/python3.12/site-packages/px4_msgs/msg/_orb_test_s.c\n'}
[1.393686] (px4_msgs) StdoutLine: {'line': b'-- Up-to-date: /home/harsh/ros2_project/install/px4_msgs/lib/python3.12/site-packages/px4_msgs/msg/_mavlink_log_s.c\n'}
[1.393730] (px4_msgs) StdoutLine: {'line': b'-- Up-to-date: /home/harsh/ros2_project/install/px4_msgs/lib/python3.12/site-packages/px4_msgs/msg/_launch_detection_status_s.c\n'}
[1.393777] (px4_msgs) StdoutLine: {'line': b'-- Up-to-date: /home/harsh/ros2_project/install/px4_msgs/lib/python3.12/site-packages/px4_msgs/msg/_estimator_bias3d_s.c\n'}
[1.393824] (px4_msgs) StdoutLine: {'line': b'-- Up-to-date: /home/harsh/ros2_project/install/px4_msgs/lib/python3.12/site-packages/px4_msgs/msg/_uavcan_parameter_value_s.c\n'}
[1.393873] (px4_msgs) StdoutLine: {'line': b'-- Up-to-date: /home/harsh/ros2_project/install/px4_msgs/lib/python3.12/site-packages/px4_msgs/msg/_sensors_status_s.c\n'}
[1.393957] (px4_msgs) StdoutLine: {'line': b'-- Up-to-date: /home/harsh/ros2_project/install/px4_msgs/lib/python3.12/site-packages/px4_msgs/msg/_vehicle_command_ack.py\n'}
[1.394023] (px4_msgs) StdoutLine: {'line': b'-- Up-to-date: /home/harsh/ros2_project/install/px4_msgs/lib/python3.12/site-packages/px4_msgs/msg/_position_controller_landing_status_s.c\n'}
[1.394086] (px4_msgs) StdoutLine: {'line': b'-- Up-to-date: /home/harsh/ros2_project/install/px4_msgs/lib/python3.12/site-packages/px4_msgs/msg/_vehicle_rates_setpoint.py\n'}
[1.394150] (px4_msgs) StdoutLine: {'line': b'-- Up-to-date: /home/harsh/ros2_project/install/px4_msgs/lib/python3.12/site-packages/px4_msgs/msg/_navigator_mission_item.py\n'}
[1.394212] (px4_msgs) StdoutLine: {'line': b'-- Up-to-date: /home/harsh/ros2_project/install/px4_msgs/lib/python3.12/site-packages/px4_msgs/msg/_navigator_mission_item_s.c\n'}
[1.394275] (px4_msgs) StdoutLine: {'line': b'-- Up-to-date: /home/harsh/ros2_project/install/px4_msgs/lib/python3.12/site-packages/px4_msgs/msg/_vtol_vehicle_status.py\n'}
[1.394347] (px4_msgs) StdoutLine: {'line': b'-- Up-to-date: /home/harsh/ros2_project/install/px4_msgs/lib/python3.12/site-packages/px4_msgs/msg/_orbit_status_s.c\n'}
[1.394412] (px4_msgs) StdoutLine: {'line': b'-- Up-to-date: /home/harsh/ros2_project/install/px4_msgs/lib/python3.12/site-packages/px4_msgs/msg/_sensor_gps.py\n'}
[1.394475] (px4_msgs) StdoutLine: {'line': b'-- Up-to-date: /home/harsh/ros2_project/install/px4_msgs/lib/python3.12/site-packages/px4_msgs/msg/_tecs_status_s.c\n'}
[1.394557] (px4_msgs) StdoutLine: {'line': b'-- Up-to-date: /home/harsh/ros2_project/install/px4_msgs/lib/python3.12/site-packages/px4_msgs/msg/_vehicle_acceleration.py\n'}
[1.394609] (px4_msgs) StdoutLine: {'line': b'-- Up-to-date: /home/harsh/ros2_project/install/px4_msgs/lib/python3.12/site-packages/px4_msgs/msg/_gps_inject_data.py\n'}
[1.394658] (px4_msgs) StdoutLine: {'line': b'-- Up-to-date: /home/harsh/ros2_project/install/px4_msgs/lib/python3.12/site-packages/px4_msgs/msg/_estimator_states_s.c\n'}
[1.394707] (px4_msgs) StdoutLine: {'line': b'-- Up-to-date: /home/harsh/ros2_project/install/px4_msgs/lib/python3.12/site-packages/px4_msgs/msg/_vehicle_trajectory_waypoint.py\n'}
[1.394756] (px4_msgs) StdoutLine: {'line': b'-- Up-to-date: /home/harsh/ros2_project/install/px4_msgs/lib/python3.12/site-packages/px4_msgs/msg/_parameter_set_value_response.py\n'}
[1.394804] (px4_msgs) StdoutLine: {'line': b'-- Up-to-date: /home/harsh/ros2_project/install/px4_msgs/lib/python3.12/site-packages/px4_msgs/msg/_mission.py\n'}
[1.394851] (px4_msgs) StdoutLine: {'line': b'-- Up-to-date: /home/harsh/ros2_project/install/px4_msgs/lib/python3.12/site-packages/px4_msgs/msg/_gimbal_device_information_s.c\n'}
[1.394898] (px4_msgs) StdoutLine: {'line': b'-- Up-to-date: /home/harsh/ros2_project/install/px4_msgs/lib/python3.12/site-packages/px4_msgs/msg/_event.py\n'}
[1.394949] (px4_msgs) StdoutLine: {'line': b'-- Up-to-date: /home/harsh/ros2_project/install/px4_msgs/lib/python3.12/site-packages/px4_msgs/msg/_sensor_preflight_mag.py\n'}
[1.394997] (px4_msgs) StdoutLine: {'line': b'-- Up-to-date: /home/harsh/ros2_project/install/px4_msgs/lib/python3.12/site-packages/px4_msgs/msg/_magnetometer_bias_estimate_s.c\n'}
[1.395044] (px4_msgs) StdoutLine: {'line': b'-- Up-to-date: /home/harsh/ros2_project/install/px4_msgs/lib/python3.12/site-packages/px4_msgs/msg/_gpio_request.py\n'}
[1.395089] (px4_msgs) StdoutLine: {'line': b'-- Up-to-date: /home/harsh/ros2_project/install/px4_msgs/lib/python3.12/site-packages/px4_msgs/msg/_gimbal_manager_status_s.c\n'}
[1.395149] (px4_msgs) StdoutLine: {'line': b'-- Up-to-date: /home/harsh/ros2_project/install/px4_msgs/lib/python3.12/site-packages/px4_msgs/msg/_unregister_ext_component_s.c\n'}
[1.395211] (px4_msgs) StdoutLine: {'line': b'-- Up-to-date: /home/harsh/ros2_project/install/px4_msgs/lib/python3.12/site-packages/px4_msgs/msg/_offboard_control_mode_s.c\n'}
[1.395291] (px4_msgs) StdoutLine: {'line': b'-- Up-to-date: /home/harsh/ros2_project/install/px4_msgs/lib/python3.12/site-packages/px4_msgs/msg/_follow_target_s.c\n'}
[1.395350] (px4_msgs) StdoutLine: {'line': b'-- Up-to-date: /home/harsh/ros2_project/install/px4_msgs/lib/python3.12/site-packages/px4_msgs/msg/_unregister_ext_component.py\n'}
[1.395402] (px4_msgs) StdoutLine: {'line': b'-- Up-to-date: /home/harsh/ros2_project/install/px4_msgs/lib/python3.12/site-packages/px4_msgs/msg/_internal_combustion_engine_status_s.c\n'}
[1.395449] (px4_msgs) StdoutLine: {'line': b'-- Up-to-date: /home/harsh/ros2_project/install/px4_msgs/lib/python3.12/site-packages/px4_msgs/msg/_vehicle_command.py\n'}
[1.395497] (px4_msgs) StdoutLine: {'line': b'-- Up-to-date: /home/harsh/ros2_project/install/px4_msgs/lib/python3.12/site-packages/px4_msgs/msg/_parameter_update.py\n'}
[1.395545] (px4_msgs) StdoutLine: {'line': b'-- Up-to-date: /home/harsh/ros2_project/install/px4_msgs/lib/python3.12/site-packages/px4_msgs/msg/_satellite_info.py\n'}
[1.395593] (px4_msgs) StdoutLine: {'line': b'-- Up-to-date: /home/harsh/ros2_project/install/px4_msgs/lib/python3.12/site-packages/px4_msgs/msg/_pps_capture_s.c\n'}
[1.395638] (px4_msgs) StdoutLine: {'line': b'-- Up-to-date: /home/harsh/ros2_project/install/px4_msgs/lib/python3.12/site-packages/px4_msgs/msg/_orbit_status.py\n'}
[1.395683] (px4_msgs) StdoutLine: {'line': b'-- Up-to-date: /home/harsh/ros2_project/install/px4_msgs/lib/python3.12/site-packages/px4_msgs/msg/_satellite_info_s.c\n'}
[1.395729] (px4_msgs) StdoutLine: {'line': b'-- Up-to-date: /home/harsh/ros2_project/install/px4_msgs/lib/python3.12/site-packages/px4_msgs/msg/_mavlink_tunnel.py\n'}
[1.395777] (px4_msgs) StdoutLine: {'line': b'-- Up-to-date: /home/harsh/ros2_project/install/px4_msgs/lib/python3.12/site-packages/px4_msgs/msg/_health_report_s.c\n'}
[1.395824] (px4_msgs) StdoutLine: {'line': b'-- Up-to-date: /home/harsh/ros2_project/install/px4_msgs/lib/python3.12/site-packages/px4_msgs/msg/_estimator_status_flags.py\n'}
[1.395872] (px4_msgs) StdoutLine: {'line': b'-- Up-to-date: /home/harsh/ros2_project/install/px4_msgs/lib/python3.12/site-packages/px4_msgs/msg/_parameter_reset_request_s.c\n'}
[1.395919] (px4_msgs) StdoutLine: {'line': b'-- Up-to-date: /home/harsh/ros2_project/install/px4_msgs/lib/python3.12/site-packages/px4_msgs/msg/_actuator_motors.py\n'}
[1.395968] (px4_msgs) StdoutLine: {'line': b'-- Up-to-date: /home/harsh/ros2_project/install/px4_msgs/lib/python3.12/site-packages/px4_msgs/msg/_rate_ctrl_status_s.c\n'}
[1.396016] (px4_msgs) StdoutLine: {'line': b'-- Up-to-date: /home/harsh/ros2_project/install/px4_msgs/lib/python3.12/site-packages/px4_msgs/msg/_sensor_gps_s.c\n'}
[1.396064] (px4_msgs) StdoutLine: {'line': b'-- Up-to-date: /home/harsh/ros2_project/install/px4_msgs/lib/python3.12/site-packages/px4_msgs/msg/_actuator_test_s.c\n'}
[1.396112] (px4_msgs) StdoutLine: {'line': b'-- Up-to-date: /home/harsh/ros2_project/install/px4_msgs/lib/python3.12/site-packages/px4_msgs/msg/_heater_status_s.c\n'}
[1.396160] (px4_msgs) StdoutLine: {'line': b'-- Up-to-date: /home/harsh/ros2_project/install/px4_msgs/lib/python3.12/site-packages/px4_msgs/msg/_airspeed_wind.py\n'}
[1.396207] (px4_msgs) StdoutLine: {'line': b'-- Up-to-date: /home/harsh/ros2_project/install/px4_msgs/lib/python3.12/site-packages/px4_msgs/msg/_register_ext_component_reply_s.c\n'}
[1.396270] (px4_msgs) StdoutLine: {'line': b'-- Up-to-date: /home/harsh/ros2_project/install/px4_msgs/lib/python3.12/site-packages/px4_msgs/msg/_estimator_selector_status.py\n'}
[1.396364] (px4_msgs) StdoutLine: {'line': b'-- Up-to-date: /home/harsh/ros2_project/install/px4_msgs/lib/python3.12/site-packages/px4_msgs/msg/_parameter_set_used_request_s.c\n'}
[1.396420] (px4_msgs) StdoutLine: {'line': b'-- Up-to-date: /home/harsh/ros2_project/install/px4_msgs/lib/python3.12/site-packages/px4_msgs/msg/_control_allocator_status.py\n'}
[1.396469] (px4_msgs) StdoutLine: {'line': b'-- Up-to-date: /home/harsh/ros2_project/install/px4_msgs/lib/python3.12/site-packages/px4_msgs/msg/_vehicle_imu.py\n'}
[1.396521] (px4_msgs) StdoutLine: {'line': b'-- Up-to-date: /home/harsh/ros2_project/install/px4_msgs/lib/python3.12/site-packages/px4_msgs/msg/_sensor_accel.py\n'}
[1.396574] (px4_msgs) StdoutLine: {'line': b'-- Up-to-date: /home/harsh/ros2_project/install/px4_msgs/lib/python3.12/site-packages/px4_msgs/msg/_mount_orientation.py\n'}
[1.396624] (px4_msgs) StdoutLine: {'line': b'-- Up-to-date: /home/harsh/ros2_project/install/px4_msgs/lib/python3.12/site-packages/px4_msgs/msg/_pwm_input_s.c\n'}
[1.396674] (px4_msgs) StdoutLine: {'line': b'-- Up-to-date: /home/harsh/ros2_project/install/px4_msgs/lib/python3.12/site-packages/px4_msgs/msg/_sensor_combined.py\n'}
[1.396729] (px4_msgs) StdoutLine: {'line': b'-- Up-to-date: /home/harsh/ros2_project/install/px4_msgs/lib/python3.12/site-packages/px4_msgs/msg/_vehicle_status_s.c\n'}
[1.396779] (px4_msgs) StdoutLine: {'line': b'-- Up-to-date: /home/harsh/ros2_project/install/px4_msgs/lib/python3.12/site-packages/px4_msgs/msg/_radio_status_s.c\n'}
[1.396830] (px4_msgs) StdoutLine: {'line': b'-- Up-to-date: /home/harsh/ros2_project/install/px4_msgs/lib/python3.12/site-packages/px4_msgs/msg/_can_interface_status_s.c\n'}
[1.396884] (px4_msgs) StdoutLine: {'line': b'-- Up-to-date: /home/harsh/ros2_project/install/px4_msgs/lib/python3.12/site-packages/px4_msgs/msg/_normalized_unsigned_setpoint.py\n'}
[1.396935] (px4_msgs) StdoutLine: {'line': b'-- Up-to-date: /home/harsh/ros2_project/install/px4_msgs/lib/python3.12/site-packages/px4_msgs/msg/_led_control.py\n'}
[1.396988] (px4_msgs) StdoutLine: {'line': b'-- Up-to-date: /home/harsh/ros2_project/install/px4_msgs/lib/python3.12/site-packages/px4_msgs/msg/_follow_target_estimator_s.c\n'}
[1.397045] (px4_msgs) StdoutLine: {'line': b'-- Up-to-date: /home/harsh/ros2_project/install/px4_msgs/lib/python3.12/site-packages/px4_msgs/msg/_sensor_uwb_s.c\n'}
[1.397094] (px4_msgs) StdoutLine: {'line': b'-- Up-to-date: /home/harsh/ros2_project/install/px4_msgs/lib/python3.12/site-packages/px4_msgs/msg/_distance_sensor_s.c\n'}
[1.397148] (px4_msgs) StdoutLine: {'line': b'-- Up-to-date: /home/harsh/ros2_project/install/px4_msgs/lib/python3.12/site-packages/px4_msgs/msg/_gimbal_controls.py\n'}
[1.397200] (px4_msgs) StdoutLine: {'line': b'-- Up-to-date: /home/harsh/ros2_project/install/px4_msgs/lib/python3.12/site-packages/px4_msgs/msg/_onboard_computer_status_s.c\n'}
[1.397247] (px4_msgs) StdoutLine: {'line': b'-- Up-to-date: /home/harsh/ros2_project/install/px4_msgs/lib/python3.12/site-packages/px4_msgs/msg/_log_message.py\n'}
[1.397297] (px4_msgs) StdoutLine: {'line': b'-- Up-to-date: /home/harsh/ros2_project/install/px4_msgs/lib/python3.12/site-packages/px4_msgs/msg/_follow_target_status.py\n'}
[1.397358] (px4_msgs) StdoutLine: {'line': b'-- Up-to-date: /home/harsh/ros2_project/install/px4_msgs/lib/python3.12/site-packages/px4_msgs/msg/_landing_target_innovations_s.c\n'}
[1.397412] (px4_msgs) StdoutLine: {'line': b'-- Up-to-date: /home/harsh/ros2_project/install/px4_msgs/lib/python3.12/site-packages/px4_msgs/msg/_landing_target_pose_s.c\n'}
[1.397468] (px4_msgs) StdoutLine: {'line': b'-- Up-to-date: /home/harsh/ros2_project/install/px4_msgs/lib/python3.12/site-packages/px4_msgs/msg/_cpuload_s.c\n'}
[1.397523] (px4_msgs) StdoutLine: {'line': b'-- Up-to-date: /home/harsh/ros2_project/install/px4_msgs/lib/python3.12/site-packages/px4_msgs/msg/_vehicle_imu_status.py\n'}
[1.397584] (px4_msgs) StdoutLine: {'line': b'-- Up-to-date: /home/harsh/ros2_project/install/px4_msgs/lib/python3.12/site-packages/px4_msgs/msg/_config_overrides.py\n'}
[1.397654] (px4_msgs) StdoutLine: {'line': b'-- Up-to-date: /home/harsh/ros2_project/install/px4_msgs/lib/python3.12/site-packages/px4_msgs/msg/_cellular_status.py\n'}
[1.397722] (px4_msgs) StdoutLine: {'line': b'-- Up-to-date: /home/harsh/ros2_project/install/px4_msgs/lib/python3.12/site-packages/px4_msgs/msg/_debug_vect_s.c\n'}
[1.397788] (px4_msgs) StdoutLine: {'line': b'-- Up-to-date: /home/harsh/ros2_project/install/px4_msgs/lib/python3.12/site-packages/px4_msgs/msg/_action_request.py\n'}
[1.397856] (px4_msgs) StdoutLine: {'line': b'-- Up-to-date: /home/harsh/ros2_project/install/px4_msgs/lib/python3.12/site-packages/px4_msgs/msg/_ulog_stream_s.c\n'}
[1.397924] (px4_msgs) StdoutLine: {'line': b'-- Up-to-date: /home/harsh/ros2_project/install/px4_msgs/lib/python3.12/site-packages/px4_msgs/msg/_position_controller_status.py\n'}
[1.397993] (px4_msgs) StdoutLine: {'line': b'-- Up-to-date: /home/harsh/ros2_project/install/px4_msgs/lib/python3.12/site-packages/px4_msgs/msg/_position_setpoint_triplet.py\n'}
[1.398083] (px4_msgs) StdoutLine: {'line': b'-- Up-to-date: /home/harsh/ros2_project/install/px4_msgs/lib/python3.12/site-packages/px4_msgs/msg/_gripper.py\n'}
[1.398160] (px4_msgs) StdoutLine: {'line': b'-- Up-to-date: /home/harsh/ros2_project/install/px4_msgs/lib/python3.12/site-packages/px4_msgs/msg/_tune_control_s.c\n'}
[1.398249] (px4_msgs) StdoutLine: {'line': b'-- Up-to-date: /home/harsh/ros2_project/install/px4_msgs/lib/python3.12/site-packages/px4_msgs/msg/_actuator_servos_s.c\n'}
[1.398352] (px4_msgs) StdoutLine: {'line': b'-- Up-to-date: /home/harsh/ros2_project/install/px4_msgs/lib/python3.12/site-packages/px4_msgs/msg/_health_report.py\n'}
[1.398421] (px4_msgs) StdoutLine: {'line': b'-- Up-to-date: /home/harsh/ros2_project/install/px4_msgs/lib/python3.12/site-packages/px4_msgs/msg/_sensor_accel_s.c\n'}
[1.398492] (px4_msgs) StdoutLine: {'line': b'-- Up-to-date: /home/harsh/ros2_project/install/px4_msgs/lib/python3.12/site-packages/px4_msgs/msg/_uavcan_parameter_request.py\n'}
[1.398583] (px4_msgs) StdoutLine: {'line': b'-- Up-to-date: /home/harsh/ros2_project/install/px4_msgs/lib/python3.12/site-packages/px4_msgs/msg/_orb_test.py\n'}
[1.398664] (px4_msgs) StdoutLine: {'line': b'-- Up-to-date: /home/harsh/ros2_project/install/px4_msgs/lib/python3.12/site-packages/px4_msgs/msg/_vehicle_angular_velocity_s.c\n'}
[1.398714] (px4_msgs) StdoutLine: {'line': b'-- Up-to-date: /home/harsh/ros2_project/install/px4_msgs/lib/python3.12/site-packages/px4_msgs/msg/_rtl_time_estimate.py\n'}
[1.398764] (px4_msgs) StdoutLine: {'line': b'-- Up-to-date: /home/harsh/ros2_project/install/px4_msgs/lib/python3.12/site-packages/px4_msgs/msg/_rpm.py\n'}
[1.398815] (px4_msgs) StdoutLine: {'line': b'-- Up-to-date: /home/harsh/ros2_project/install/px4_msgs/lib/python3.12/site-packages/px4_msgs/msg/_sensor_mag.py\n'}
[1.398904] (px4_msgs) StdoutLine: {'line': b'-- Up-to-date: /home/harsh/ros2_project/install/px4_msgs/lib/python3.12/site-packages/px4_msgs/msg/_debug_key_value_s.c\n'}
[1.398962] (px4_msgs) StdoutLine: {'line': b'-- Up-to-date: /home/harsh/ros2_project/install/px4_msgs/lib/python3.12/site-packages/px4_msgs/msg/_actuator_outputs_s.c\n'}
[1.399008] (px4_msgs) StdoutLine: {'line': b'-- Up-to-date: /home/harsh/ros2_project/install/px4_msgs/lib/python3.12/site-packages/px4_msgs/msg/_trajectory_bezier.py\n'}
[1.399055] (px4_msgs) StdoutLine: {'line': b'-- Up-to-date: /home/harsh/ros2_project/install/px4_msgs/lib/python3.12/site-packages/px4_msgs/msg/_mode_completed.py\n'}
[1.399102] (px4_msgs) StdoutLine: {'line': b'-- Up-to-date: /home/harsh/ros2_project/install/px4_msgs/lib/python3.12/site-packages/px4_msgs/msg/_gpio_request_s.c\n'}
[1.399149] (px4_msgs) StdoutLine: {'line': b'-- Up-to-date: /home/harsh/ros2_project/install/px4_msgs/lib/python3.12/site-packages/px4_msgs/msg/_vehicle_control_mode.py\n'}
[1.399209] (px4_msgs) StdoutLine: {'line': b'-- Up-to-date: /home/harsh/ros2_project/install/px4_msgs/lib/python3.12/site-packages/px4_msgs/msg/_sensor_gyro_fft_s.c\n'}
[1.399286] (px4_msgs) StdoutLine: {'line': b'-- Up-to-date: /home/harsh/ros2_project/install/px4_msgs/lib/python3.12/site-packages/px4_msgs/msg/_irlock_report.py\n'}
[1.399361] (px4_msgs) StdoutLine: {'line': b'-- Up-to-date: /home/harsh/ros2_project/install/px4_msgs/lib/python3.12/site-packages/px4_msgs/msg/_vehicle_thrust_setpoint_s.c\n'}
[1.399413] (px4_msgs) StdoutLine: {'line': b'-- Up-to-date: /home/harsh/ros2_project/install/px4_msgs/lib/python3.12/site-packages/px4_msgs/msg/_vehicle_command_s.c\n'}
[1.399460] (px4_msgs) StdoutLine: {'line': b'-- Up-to-date: /home/harsh/ros2_project/install/px4_msgs/lib/python3.12/site-packages/px4_msgs/msg/_actuator_motors_s.c\n'}
[1.399505] (px4_msgs) StdoutLine: {'line': b'-- Up-to-date: /home/harsh/ros2_project/install/px4_msgs/lib/python3.12/site-packages/px4_msgs/msg/_sensor_gnss_relative.py\n'}
[1.399551] (px4_msgs) StdoutLine: {'line': b'-- Up-to-date: /home/harsh/ros2_project/install/px4_msgs/lib/python3.12/site-packages/px4_msgs/msg/_camera_trigger.py\n'}
[1.399596] (px4_msgs) StdoutLine: {'line': b'-- Up-to-date: /home/harsh/ros2_project/install/px4_msgs/lib/python3.12/site-packages/px4_msgs/msg/_px4io_status_s.c\n'}
[1.399640] (px4_msgs) StdoutLine: {'line': b'-- Up-to-date: /home/harsh/ros2_project/install/px4_msgs/lib/python3.12/site-packages/px4_msgs/msg/_message_format_request_s.c\n'}
[1.399704] (px4_msgs) StdoutLine: {'line': b'-- Up-to-date: /home/harsh/ros2_project/install/px4_msgs/lib/python3.12/site-packages/px4_msgs/msg/_logger_status_s.c\n'}
[1.399768] (px4_msgs) StdoutLine: {'line': b'-- Up-to-date: /home/harsh/ros2_project/install/px4_msgs/lib/python3.12/site-packages/px4_msgs/msg/_qshell_retval_s.c\n'}
[1.399829] (px4_msgs) StdoutLine: {'line': b'-- Up-to-date: /home/harsh/ros2_project/install/px4_msgs/lib/python3.12/site-packages/px4_msgs/msg/_ekf2_timestamps.py\n'}
[1.399878] (px4_msgs) StdoutLine: {'line': b'-- Up-to-date: /home/harsh/ros2_project/install/px4_msgs/lib/python3.12/site-packages/px4_msgs/msg/_message_format_response_s.c\n'}
[1.399926] (px4_msgs) StdoutLine: {'line': b'-- Up-to-date: /home/harsh/ros2_project/install/px4_msgs/lib/python3.12/site-packages/px4_msgs/msg/_sensor_gyro_fft.py\n'}
[1.399975] (px4_msgs) StdoutLine: {'line': b'-- Up-to-date: /home/harsh/ros2_project/install/px4_msgs/lib/python3.12/site-packages/px4_msgs/msg/_vehicle_trajectory_bezier.py\n'}
[1.400055] (px4_msgs) StdoutLine: {'line': b'-- Up-to-date: /home/harsh/ros2_project/install/px4_msgs/lib/python3.12/site-packages/px4_msgs/msg/_manual_control_switches.py\n'}
[1.400110] (px4_msgs) StdoutLine: {'line': b'-- Up-to-date: /home/harsh/ros2_project/install/px4_msgs/lib/python3.12/site-packages/px4_msgs/msg/_collision_report.py\n'}
[1.400159] (px4_msgs) StdoutLine: {'line': b'-- Up-to-date: /home/harsh/ros2_project/install/px4_msgs/lib/python3.12/site-packages/px4_msgs/_px4_msgs_s.ep.rosidl_typesupport_introspection_c.c\n'}
[1.400217] (px4_msgs) StdoutLine: {'line': b'-- Up-to-date: /home/harsh/ros2_project/install/px4_msgs/lib/python3.12/site-packages/px4_msgs/_px4_msgs_s.ep.rosidl_typesupport_c.c\n'}
[1.400290] (px4_msgs) StdoutLine: {'line': b'-- Up-to-date: /home/harsh/ros2_project/install/px4_msgs/lib/python3.12/site-packages/px4_msgs/srv\n'}
[1.400437] (px4_msgs) StdoutLine: {'line': b'-- Up-to-date: /home/harsh/ros2_project/install/px4_msgs/lib/python3.12/site-packages/px4_msgs/srv/__init__.py\n'}
[1.400497] (px4_msgs) StdoutLine: {'line': b'-- Up-to-date: /home/harsh/ros2_project/install/px4_msgs/lib/python3.12/site-packages/px4_msgs/srv/_vehicle_command.py\n'}
[1.400551] (px4_msgs) StdoutLine: {'line': b'-- Up-to-date: /home/harsh/ros2_project/install/px4_msgs/lib/python3.12/site-packages/px4_msgs/srv/_vehicle_command_s.c\n'}
[1.400596] (px4_msgs) StdoutLine: {'line': b'-- Up-to-date: /home/harsh/ros2_project/install/px4_msgs/lib/python3.12/site-packages/px4_msgs/_px4_msgs_s.ep.rosidl_typesupport_fastrtps_c.c\n'}
[1.400642] (px4_msgs) StdoutLine: {'line': b"Listing '/home/harsh/ros2_project/install/px4_msgs/lib/python3.12/site-packages/px4_msgs'...\n"}
[1.400702] (px4_msgs) StdoutLine: {'line': b"Listing '/home/harsh/ros2_project/install/px4_msgs/lib/python3.12/site-packages/px4_msgs/msg'...\n"}
[1.400775] (px4_msgs) StdoutLine: {'line': b"Listing '/home/harsh/ros2_project/install/px4_msgs/lib/python3.12/site-packages/px4_msgs/srv'...\n"}
[1.400829] (px4_msgs) StdoutLine: {'line': b'-- Up-to-date: /home/harsh/ros2_project/install/px4_msgs/lib/python3.12/site-packages/px4_msgs/px4_msgs_s__rosidl_typesupport_fastrtps_c.so\n'}
[1.400881] (px4_msgs) StdoutLine: {'line': b'-- Up-to-date: /home/harsh/ros2_project/install/px4_msgs/lib/python3.12/site-packages/px4_msgs/px4_msgs_s__rosidl_typesupport_introspection_c.so\n'}
[1.400942] (px4_msgs) StdoutLine: {'line': b'-- Up-to-date: /home/harsh/ros2_project/install/px4_msgs/lib/python3.12/site-packages/px4_msgs/px4_msgs_s__rosidl_typesupport_c.so\n'}
[1.401012] (px4_msgs) StdoutLine: {'line': b'-- Up-to-date: /home/harsh/ros2_project/install/px4_msgs/lib/libpx4_msgs__rosidl_generator_py.so\n'}
[1.401069] (px4_msgs) StdoutLine: {'line': b'-- Up-to-date: /home/harsh/ros2_project/install/px4_msgs/share/px4_msgs/msg/ActionRequest.idl\n'}
[1.401118] (px4_msgs) StdoutLine: {'line': b'-- Up-to-date: /home/harsh/ros2_project/install/px4_msgs/share/px4_msgs/msg/ActuatorArmed.idl\n'}
[1.401169] (px4_msgs) StdoutLine: {'line': b'-- Up-to-date: /home/harsh/ros2_project/install/px4_msgs/share/px4_msgs/msg/ActuatorControlsStatus.idl\n'}
[1.401219] (px4_msgs) StdoutLine: {'line': b'-- Up-to-date: /home/harsh/ros2_project/install/px4_msgs/share/px4_msgs/msg/ActuatorMotors.idl\n'}
[1.401414] (px4_msgs) StdoutLine: {'line': b'-- Up-to-date: /home/harsh/ros2_project/install/px4_msgs/share/px4_msgs/msg/ActuatorOutputs.idl\n'}
[1.401476] (px4_msgs) StdoutLine: {'line': b'-- Up-to-date: /home/harsh/ros2_project/install/px4_msgs/share/px4_msgs/msg/ActuatorServos.idl\n'}
[1.401512] (px4_msgs) StdoutLine: {'line': b'-- Up-to-date: /home/harsh/ros2_project/install/px4_msgs/share/px4_msgs/msg/ActuatorServosTrim.idl\n'}
[1.401546] (px4_msgs) StdoutLine: {'line': b'-- Up-to-date: /home/harsh/ros2_project/install/px4_msgs/share/px4_msgs/msg/ActuatorTest.idl\n'}
[1.401582] (px4_msgs) StdoutLine: {'line': b'-- Up-to-date: /home/harsh/ros2_project/install/px4_msgs/share/px4_msgs/msg/AdcReport.idl\n'}
[1.401618] (px4_msgs) StdoutLine: {'line': b'-- Up-to-date: /home/harsh/ros2_project/install/px4_msgs/share/px4_msgs/msg/Airspeed.idl\n'}
[1.401651] (px4_msgs) StdoutLine: {'line': b'-- Up-to-date: /home/harsh/ros2_project/install/px4_msgs/share/px4_msgs/msg/AirspeedValidated.idl\n'}
[1.401685] (px4_msgs) StdoutLine: {'line': b'-- Up-to-date: /home/harsh/ros2_project/install/px4_msgs/share/px4_msgs/msg/AirspeedWind.idl\n'}
[1.401719] (px4_msgs) StdoutLine: {'line': b'-- Up-to-date: /home/harsh/ros2_project/install/px4_msgs/share/px4_msgs/msg/ArmingCheckReply.idl\n'}
[1.401751] (px4_msgs) StdoutLine: {'line': b'-- Up-to-date: /home/harsh/ros2_project/install/px4_msgs/share/px4_msgs/msg/ArmingCheckRequest.idl\n'}
[1.401785] (px4_msgs) StdoutLine: {'line': b'-- Up-to-date: /home/harsh/ros2_project/install/px4_msgs/share/px4_msgs/msg/AutotuneAttitudeControlStatus.idl\n'}
[1.401820] (px4_msgs) StdoutLine: {'line': b'-- Up-to-date: /home/harsh/ros2_project/install/px4_msgs/share/px4_msgs/msg/BatteryStatus.idl\n'}
[1.401857] (px4_msgs) StdoutLine: {'line': b'-- Up-to-date: /home/harsh/ros2_project/install/px4_msgs/share/px4_msgs/msg/Buffer128.idl\n'}
[1.401894] (px4_msgs) StdoutLine: {'line': b'-- Up-to-date: /home/harsh/ros2_project/install/px4_msgs/share/px4_msgs/msg/ButtonEvent.idl\n'}
[1.401930] (px4_msgs) StdoutLine: {'line': b'-- Up-to-date: /home/harsh/ros2_project/install/px4_msgs/share/px4_msgs/msg/CameraCapture.idl\n'}
[1.401968] (px4_msgs) StdoutLine: {'line': b'-- Up-to-date: /home/harsh/ros2_project/install/px4_msgs/share/px4_msgs/msg/CameraStatus.idl\n'}
[1.402004] (px4_msgs) StdoutLine: {'line': b'-- Up-to-date: /home/harsh/ros2_project/install/px4_msgs/share/px4_msgs/msg/CameraTrigger.idl\n'}
[1.402041] (px4_msgs) StdoutLine: {'line': b'-- Up-to-date: /home/harsh/ros2_project/install/px4_msgs/share/px4_msgs/msg/CanInterfaceStatus.idl\n'}
[1.402078] (px4_msgs) StdoutLine: {'line': b'-- Up-to-date: /home/harsh/ros2_project/install/px4_msgs/share/px4_msgs/msg/CellularStatus.idl\n'}
[1.402115] (px4_msgs) StdoutLine: {'line': b'-- Up-to-date: /home/harsh/ros2_project/install/px4_msgs/share/px4_msgs/msg/CollisionConstraints.idl\n'}
[1.402153] (px4_msgs) StdoutLine: {'line': b'-- Up-to-date: /home/harsh/ros2_project/install/px4_msgs/share/px4_msgs/msg/CollisionReport.idl\n'}
[1.402192] (px4_msgs) StdoutLine: {'line': b'-- Up-to-date: /home/harsh/ros2_project/install/px4_msgs/share/px4_msgs/msg/ConfigOverrides.idl\n'}
[1.402234] (px4_msgs) StdoutLine: {'line': b'-- Up-to-date: /home/harsh/ros2_project/install/px4_msgs/share/px4_msgs/msg/ControlAllocatorStatus.idl\n'}
[1.402274] (px4_msgs) StdoutLine: {'line': b'-- Up-to-date: /home/harsh/ros2_project/install/px4_msgs/share/px4_msgs/msg/Cpuload.idl\n'}
[1.402317] (px4_msgs) StdoutLine: {'line': b'-- Up-to-date: /home/harsh/ros2_project/install/px4_msgs/share/px4_msgs/msg/DatamanRequest.idl\n'}
[1.402375] (px4_msgs) StdoutLine: {'line': b'-- Up-to-date: /home/harsh/ros2_project/install/px4_msgs/share/px4_msgs/msg/DatamanResponse.idl\n'}
[1.402417] (px4_msgs) StdoutLine: {'line': b'-- Up-to-date: /home/harsh/ros2_project/install/px4_msgs/share/px4_msgs/msg/DebugArray.idl\n'}
[1.402457] (px4_msgs) StdoutLine: {'line': b'-- Up-to-date: /home/harsh/ros2_project/install/px4_msgs/share/px4_msgs/msg/DebugKeyValue.idl\n'}
[1.402499] (px4_msgs) StdoutLine: {'line': b'-- Up-to-date: /home/harsh/ros2_project/install/px4_msgs/share/px4_msgs/msg/DebugValue.idl\n'}
[1.402543] (px4_msgs) StdoutLine: {'line': b'-- Up-to-date: /home/harsh/ros2_project/install/px4_msgs/share/px4_msgs/msg/DebugVect.idl\n'}
[1.402587] (px4_msgs) StdoutLine: {'line': b'-- Up-to-date: /home/harsh/ros2_project/install/px4_msgs/share/px4_msgs/msg/DifferentialDriveSetpoint.idl\n'}
[1.402635] (px4_msgs) StdoutLine: {'line': b'-- Up-to-date: /home/harsh/ros2_project/install/px4_msgs/share/px4_msgs/msg/DifferentialPressure.idl\n'}
[1.402676] (px4_msgs) StdoutLine: {'line': b'-- Up-to-date: /home/harsh/ros2_project/install/px4_msgs/share/px4_msgs/msg/DistanceSensor.idl\n'}
[1.402723] (px4_msgs) StdoutLine: {'line': b'-- Up-to-date: /home/harsh/ros2_project/install/px4_msgs/share/px4_msgs/msg/Ekf2Timestamps.idl\n'}
[1.402770] (px4_msgs) StdoutLine: {'line': b'-- Up-to-date: /home/harsh/ros2_project/install/px4_msgs/share/px4_msgs/msg/EscReport.idl\n'}
[1.402844] (px4_msgs) StdoutLine: {'line': b'-- Up-to-date: /home/harsh/ros2_project/install/px4_msgs/share/px4_msgs/msg/EscStatus.idl\n'}
[1.402888] (px4_msgs) StdoutLine: {'line': b'-- Up-to-date: /home/harsh/ros2_project/install/px4_msgs/share/px4_msgs/msg/EstimatorAidSource1d.idl\n'}
[1.402931] (px4_msgs) StdoutLine: {'line': b'-- Up-to-date: /home/harsh/ros2_project/install/px4_msgs/share/px4_msgs/msg/EstimatorAidSource2d.idl\n'}
[1.402972] (px4_msgs) StdoutLine: {'line': b'-- Up-to-date: /home/harsh/ros2_project/install/px4_msgs/share/px4_msgs/msg/EstimatorAidSource3d.idl\n'}
[1.403013] (px4_msgs) StdoutLine: {'line': b'-- Up-to-date: /home/harsh/ros2_project/install/px4_msgs/share/px4_msgs/msg/EstimatorBias.idl\n'}
[1.403054] (px4_msgs) StdoutLine: {'line': b'-- Up-to-date: /home/harsh/ros2_project/install/px4_msgs/share/px4_msgs/msg/EstimatorBias3d.idl\n'}
[1.403094] (px4_msgs) StdoutLine: {'line': b'-- Up-to-date: /home/harsh/ros2_project/install/px4_msgs/share/px4_msgs/msg/EstimatorEventFlags.idl\n'}
[1.403133] (px4_msgs) StdoutLine: {'line': b'-- Up-to-date: /home/harsh/ros2_project/install/px4_msgs/share/px4_msgs/msg/EstimatorGpsStatus.idl\n'}
[1.403196] (-) TimerEvent: {}
[1.403273] (px4_msgs) StdoutLine: {'line': b'-- Up-to-date: /home/harsh/ros2_project/install/px4_msgs/share/px4_msgs/msg/EstimatorInnovations.idl\n'}
[1.403337] (px4_msgs) StdoutLine: {'line': b'-- Up-to-date: /home/harsh/ros2_project/install/px4_msgs/share/px4_msgs/msg/EstimatorSelectorStatus.idl\n'}
[1.403389] (px4_msgs) StdoutLine: {'line': b'-- Up-to-date: /home/harsh/ros2_project/install/px4_msgs/share/px4_msgs/msg/EstimatorSensorBias.idl\n'}
[1.403437] (px4_msgs) StdoutLine: {'line': b'-- Up-to-date: /home/harsh/ros2_project/install/px4_msgs/share/px4_msgs/msg/EstimatorStates.idl\n'}
[1.403485] (px4_msgs) StdoutLine: {'line': b'-- Up-to-date: /home/harsh/ros2_project/install/px4_msgs/share/px4_msgs/msg/EstimatorStatus.idl\n'}
[1.403530] (px4_msgs) StdoutLine: {'line': b'-- Up-to-date: /home/harsh/ros2_project/install/px4_msgs/share/px4_msgs/msg/EstimatorStatusFlags.idl\n'}
[1.403575] (px4_msgs) StdoutLine: {'line': b'-- Up-to-date: /home/harsh/ros2_project/install/px4_msgs/share/px4_msgs/msg/Event.idl\n'}
[1.403624] (px4_msgs) StdoutLine: {'line': b'-- Up-to-date: /home/harsh/ros2_project/install/px4_msgs/share/px4_msgs/msg/FailsafeFlags.idl\n'}
[1.403671] (px4_msgs) StdoutLine: {'line': b'-- Up-to-date: /home/harsh/ros2_project/install/px4_msgs/share/px4_msgs/msg/FailureDetectorStatus.idl\n'}
[1.403717] (px4_msgs) StdoutLine: {'line': b'-- Up-to-date: /home/harsh/ros2_project/install/px4_msgs/share/px4_msgs/msg/FigureEightStatus.idl\n'}
[1.403764] (px4_msgs) StdoutLine: {'line': b'-- Up-to-date: /home/harsh/ros2_project/install/px4_msgs/share/px4_msgs/msg/FlightPhaseEstimation.idl\n'}
[1.403812] (px4_msgs) StdoutLine: {'line': b'-- Up-to-date: /home/harsh/ros2_project/install/px4_msgs/share/px4_msgs/msg/FollowTarget.idl\n'}
[1.403861] (px4_msgs) StdoutLine: {'line': b'-- Up-to-date: /home/harsh/ros2_project/install/px4_msgs/share/px4_msgs/msg/FollowTargetEstimator.idl\n'}
[1.403919] (px4_msgs) StdoutLine: {'line': b'-- Up-to-date: /home/harsh/ros2_project/install/px4_msgs/share/px4_msgs/msg/FollowTargetStatus.idl\n'}
[1.403970] (px4_msgs) StdoutLine: {'line': b'-- Up-to-date: /home/harsh/ros2_project/install/px4_msgs/share/px4_msgs/msg/GeneratorStatus.idl\n'}
[1.404018] (px4_msgs) StdoutLine: {'line': b'-- Up-to-date: /home/harsh/ros2_project/install/px4_msgs/share/px4_msgs/msg/GeofenceResult.idl\n'}
[1.404070] (px4_msgs) StdoutLine: {'line': b'-- Up-to-date: /home/harsh/ros2_project/install/px4_msgs/share/px4_msgs/msg/GeofenceStatus.idl\n'}
[1.404118] (px4_msgs) StdoutLine: {'line': b'-- Up-to-date: /home/harsh/ros2_project/install/px4_msgs/share/px4_msgs/msg/GimbalControls.idl\n'}
[1.404232] (px4_msgs) StdoutLine: {'line': b'-- Up-to-date: /home/harsh/ros2_project/install/px4_msgs/share/px4_msgs/msg/GimbalDeviceAttitudeStatus.idl\n'}
[1.404282] (px4_msgs) StdoutLine: {'line': b'-- Up-to-date: /home/harsh/ros2_project/install/px4_msgs/share/px4_msgs/msg/GimbalDeviceInformation.idl\n'}
[1.404348] (px4_msgs) StdoutLine: {'line': b'-- Up-to-date: /home/harsh/ros2_project/install/px4_msgs/share/px4_msgs/msg/GimbalDeviceSetAttitude.idl\n'}
[1.404401] (px4_msgs) StdoutLine: {'line': b'-- Up-to-date: /home/harsh/ros2_project/install/px4_msgs/share/px4_msgs/msg/GimbalManagerInformation.idl\n'}
[1.404448] (px4_msgs) StdoutLine: {'line': b'-- Up-to-date: /home/harsh/ros2_project/install/px4_msgs/share/px4_msgs/msg/GimbalManagerSetAttitude.idl\n'}
[1.404494] (px4_msgs) StdoutLine: {'line': b'-- Up-to-date: /home/harsh/ros2_project/install/px4_msgs/share/px4_msgs/msg/GimbalManagerSetManualControl.idl\n'}
[1.404537] (px4_msgs) StdoutLine: {'line': b'-- Up-to-date: /home/harsh/ros2_project/install/px4_msgs/share/px4_msgs/msg/GimbalManagerStatus.idl\n'}
[1.404581] (px4_msgs) StdoutLine: {'line': b'-- Up-to-date: /home/harsh/ros2_project/install/px4_msgs/share/px4_msgs/msg/GotoSetpoint.idl\n'}
[1.404629] (px4_msgs) StdoutLine: {'line': b'-- Up-to-date: /home/harsh/ros2_project/install/px4_msgs/share/px4_msgs/msg/GpioConfig.idl\n'}
[1.404681] (px4_msgs) StdoutLine: {'line': b'-- Up-to-date: /home/harsh/ros2_project/install/px4_msgs/share/px4_msgs/msg/GpioIn.idl\n'}
[1.404727] (px4_msgs) StdoutLine: {'line': b'-- Up-to-date: /home/harsh/ros2_project/install/px4_msgs/share/px4_msgs/msg/GpioOut.idl\n'}
[1.404775] (px4_msgs) StdoutLine: {'line': b'-- Up-to-date: /home/harsh/ros2_project/install/px4_msgs/share/px4_msgs/msg/GpioRequest.idl\n'}
[1.404823] (px4_msgs) StdoutLine: {'line': b'-- Up-to-date: /home/harsh/ros2_project/install/px4_msgs/share/px4_msgs/msg/GpsDump.idl\n'}
[1.404871] (px4_msgs) StdoutLine: {'line': b'-- Up-to-date: /home/harsh/ros2_project/install/px4_msgs/share/px4_msgs/msg/GpsInjectData.idl\n'}
[1.404919] (px4_msgs) StdoutLine: {'line': b'-- Up-to-date: /home/harsh/ros2_project/install/px4_msgs/share/px4_msgs/msg/Gripper.idl\n'}
[1.404967] (px4_msgs) StdoutLine: {'line': b'-- Up-to-date: /home/harsh/ros2_project/install/px4_msgs/share/px4_msgs/msg/HealthReport.idl\n'}
[1.405014] (px4_msgs) StdoutLine: {'line': b'-- Up-to-date: /home/harsh/ros2_project/install/px4_msgs/share/px4_msgs/msg/HeaterStatus.idl\n'}
[1.405062] (px4_msgs) StdoutLine: {'line': b'-- Up-to-date: /home/harsh/ros2_project/install/px4_msgs/share/px4_msgs/msg/HomePosition.idl\n'}
[1.405113] (px4_msgs) StdoutLine: {'line': b'-- Up-to-date: /home/harsh/ros2_project/install/px4_msgs/share/px4_msgs/msg/HoverThrustEstimate.idl\n'}
[1.405161] (px4_msgs) StdoutLine: {'line': b'-- Up-to-date: /home/harsh/ros2_project/install/px4_msgs/share/px4_msgs/msg/InputRc.idl\n'}
[1.405210] (px4_msgs) StdoutLine: {'line': b'-- Up-to-date: /home/harsh/ros2_project/install/px4_msgs/share/px4_msgs/msg/InternalCombustionEngineStatus.idl\n'}
[1.405263] (px4_msgs) StdoutLine: {'line': b'-- Up-to-date: /home/harsh/ros2_project/install/px4_msgs/share/px4_msgs/msg/IridiumsbdStatus.idl\n'}
[1.405314] (px4_msgs) StdoutLine: {'line': b'-- Up-to-date: /home/harsh/ros2_project/install/px4_msgs/share/px4_msgs/msg/IrlockReport.idl\n'}
[1.405384] (px4_msgs) StdoutLine: {'line': b'-- Up-to-date: /home/harsh/ros2_project/install/px4_msgs/share/px4_msgs/msg/LandingGear.idl\n'}
[1.405474] (px4_msgs) StdoutLine: {'line': b'-- Up-to-date: /home/harsh/ros2_project/install/px4_msgs/share/px4_msgs/msg/LandingGearWheel.idl\n'}
[1.405524] (px4_msgs) StdoutLine: {'line': b'-- Up-to-date: /home/harsh/ros2_project/install/px4_msgs/share/px4_msgs/msg/LandingTargetInnovations.idl\n'}
[1.405580] (px4_msgs) StdoutLine: {'line': b'-- Up-to-date: /home/harsh/ros2_project/install/px4_msgs/share/px4_msgs/msg/LandingTargetPose.idl\n'}
[1.405652] (px4_msgs) StdoutLine: {'line': b'-- Up-to-date: /home/harsh/ros2_project/install/px4_msgs/share/px4_msgs/msg/LaunchDetectionStatus.idl\n'}
[1.405712] (px4_msgs) StdoutLine: {'line': b'-- Up-to-date: /home/harsh/ros2_project/install/px4_msgs/share/px4_msgs/msg/LedControl.idl\n'}
[1.405764] (px4_msgs) StdoutLine: {'line': b'-- Up-to-date: /home/harsh/ros2_project/install/px4_msgs/share/px4_msgs/msg/LogMessage.idl\n'}
[1.405820] (px4_msgs) StdoutLine: {'line': b'-- Up-to-date: /home/harsh/ros2_project/install/px4_msgs/share/px4_msgs/msg/LoggerStatus.idl\n'}
[1.405871] (px4_msgs) StdoutLine: {'line': b'-- Up-to-date: /home/harsh/ros2_project/install/px4_msgs/share/px4_msgs/msg/MagWorkerData.idl\n'}
[1.405931] (px4_msgs) StdoutLine: {'line': b'-- Up-to-date: /home/harsh/ros2_project/install/px4_msgs/share/px4_msgs/msg/MagnetometerBiasEstimate.idl\n'}
[1.405989] (px4_msgs) StdoutLine: {'line': b'-- Up-to-date: /home/harsh/ros2_project/install/px4_msgs/share/px4_msgs/msg/ManualControlSetpoint.idl\n'}
[1.406048] (px4_msgs) StdoutLine: {'line': b'-- Up-to-date: /home/harsh/ros2_project/install/px4_msgs/share/px4_msgs/msg/ManualControlSwitches.idl\n'}
[1.406100] (px4_msgs) StdoutLine: {'line': b'-- Up-to-date: /home/harsh/ros2_project/install/px4_msgs/share/px4_msgs/msg/MavlinkLog.idl\n'}
[1.406153] (px4_msgs) StdoutLine: {'line': b'-- Up-to-date: /home/harsh/ros2_project/install/px4_msgs/share/px4_msgs/msg/MavlinkTunnel.idl\n'}
[1.406208] (px4_msgs) StdoutLine: {'line': b'-- Up-to-date: /home/harsh/ros2_project/install/px4_msgs/share/px4_msgs/msg/MessageFormatRequest.idl\n'}
[1.406258] (px4_msgs) StdoutLine: {'line': b'-- Up-to-date: /home/harsh/ros2_project/install/px4_msgs/share/px4_msgs/msg/MessageFormatResponse.idl\n'}
[1.406435] (px4_msgs) StdoutLine: {'line': b'-- Up-to-date: /home/harsh/ros2_project/install/px4_msgs/share/px4_msgs/msg/Mission.idl\n'}
[1.406635] (px4_msgs) StdoutLine: {'line': b'-- Up-to-date: /home/harsh/ros2_project/install/px4_msgs/share/px4_msgs/msg/MissionResult.idl\n'}
[1.406719] (px4_msgs) StdoutLine: {'line': b'-- Up-to-date: /home/harsh/ros2_project/install/px4_msgs/share/px4_msgs/msg/ModeCompleted.idl\n'}
[1.406799] (px4_msgs) StdoutLine: {'line': b'-- Up-to-date: /home/harsh/ros2_project/install/px4_msgs/share/px4_msgs/msg/MountOrientation.idl\n'}
[1.406878] (px4_msgs) StdoutLine: {'line': b'-- Up-to-date: /home/harsh/ros2_project/install/px4_msgs/share/px4_msgs/msg/NavigatorMissionItem.idl\n'}
[1.406962] (px4_msgs) StdoutLine: {'line': b'-- Up-to-date: /home/harsh/ros2_project/install/px4_msgs/share/px4_msgs/msg/NormalizedUnsignedSetpoint.idl\n'}
[1.407050] (px4_msgs) StdoutLine: {'line': b'-- Up-to-date: /home/harsh/ros2_project/install/px4_msgs/share/px4_msgs/msg/NpfgStatus.idl\n'}
[1.407136] (px4_msgs) StdoutLine: {'line': b'-- Up-to-date: /home/harsh/ros2_project/install/px4_msgs/share/px4_msgs/msg/ObstacleDistance.idl\n'}
[1.407227] (px4_msgs) StdoutLine: {'line': b'-- Up-to-date: /home/harsh/ros2_project/install/px4_msgs/share/px4_msgs/msg/OffboardControlMode.idl\n'}
[1.407336] (px4_msgs) StdoutLine: {'line': b'-- Up-to-date: /home/harsh/ros2_project/install/px4_msgs/share/px4_msgs/msg/OnboardComputerStatus.idl\n'}
[1.407465] (px4_msgs) StdoutLine: {'line': b'-- Up-to-date: /home/harsh/ros2_project/install/px4_msgs/share/px4_msgs/msg/OrbTest.idl\n'}
[1.407549] (px4_msgs) StdoutLine: {'line': b'-- Up-to-date: /home/harsh/ros2_project/install/px4_msgs/share/px4_msgs/msg/OrbTestLarge.idl\n'}
[1.407638] (px4_msgs) StdoutLine: {'line': b'-- Up-to-date: /home/harsh/ros2_project/install/px4_msgs/share/px4_msgs/msg/OrbTestMedium.idl\n'}
[1.407748] (px4_msgs) StdoutLine: {'line': b'-- Up-to-date: /home/harsh/ros2_project/install/px4_msgs/share/px4_msgs/msg/OrbitStatus.idl\n'}
[1.407828] (px4_msgs) StdoutLine: {'line': b'-- Up-to-date: /home/harsh/ros2_project/install/px4_msgs/share/px4_msgs/msg/ParameterResetRequest.idl\n'}
[1.407902] (px4_msgs) StdoutLine: {'line': b'-- Up-to-date: /home/harsh/ros2_project/install/px4_msgs/share/px4_msgs/msg/ParameterSetUsedRequest.idl\n'}
[1.407972] (px4_msgs) StdoutLine: {'line': b'-- Up-to-date: /home/harsh/ros2_project/install/px4_msgs/share/px4_msgs/msg/ParameterSetValueRequest.idl\n'}
[1.408103] (px4_msgs) StdoutLine: {'line': b'-- Up-to-date: /home/harsh/ros2_project/install/px4_msgs/share/px4_msgs/msg/ParameterSetValueResponse.idl\n'}
[1.408196] (px4_msgs) StdoutLine: {'line': b'-- Up-to-date: /home/harsh/ros2_project/install/px4_msgs/share/px4_msgs/msg/ParameterUpdate.idl\n'}
[1.408280] (px4_msgs) StdoutLine: {'line': b'-- Up-to-date: /home/harsh/ros2_project/install/px4_msgs/share/px4_msgs/msg/Ping.idl\n'}
[1.408379] (px4_msgs) StdoutLine: {'line': b'-- Up-to-date: /home/harsh/ros2_project/install/px4_msgs/share/px4_msgs/msg/PositionControllerLandingStatus.idl\n'}
[1.408484] (px4_msgs) StdoutLine: {'line': b'-- Up-to-date: /home/harsh/ros2_project/install/px4_msgs/share/px4_msgs/msg/PositionControllerStatus.idl\n'}
[1.408561] (px4_msgs) StdoutLine: {'line': b'-- Up-to-date: /home/harsh/ros2_project/install/px4_msgs/share/px4_msgs/msg/PositionSetpoint.idl\n'}
[1.408634] (px4_msgs) StdoutLine: {'line': b'-- Up-to-date: /home/harsh/ros2_project/install/px4_msgs/share/px4_msgs/msg/PositionSetpointTriplet.idl\n'}
[1.408714] (px4_msgs) StdoutLine: {'line': b'-- Up-to-date: /home/harsh/ros2_project/install/px4_msgs/share/px4_msgs/msg/PowerButtonState.idl\n'}
[1.408805] (px4_msgs) StdoutLine: {'line': b'-- Up-to-date: /home/harsh/ros2_project/install/px4_msgs/share/px4_msgs/msg/PowerMonitor.idl\n'}
[1.408881] (px4_msgs) StdoutLine: {'line': b'-- Up-to-date: /home/harsh/ros2_project/install/px4_msgs/share/px4_msgs/msg/PpsCapture.idl\n'}
[1.408988] (px4_msgs) StdoutLine: {'line': b'-- Up-to-date: /home/harsh/ros2_project/install/px4_msgs/share/px4_msgs/msg/PwmInput.idl\n'}
[1.409066] (px4_msgs) StdoutLine: {'line': b'-- Up-to-date: /home/harsh/ros2_project/install/px4_msgs/share/px4_msgs/msg/Px4ioStatus.idl\n'}
[1.409135] (px4_msgs) StdoutLine: {'line': b'-- Up-to-date: /home/harsh/ros2_project/install/px4_msgs/share/px4_msgs/msg/QshellReq.idl\n'}
[1.409202] (px4_msgs) StdoutLine: {'line': b'-- Up-to-date: /home/harsh/ros2_project/install/px4_msgs/share/px4_msgs/msg/QshellRetval.idl\n'}
[1.409271] (px4_msgs) StdoutLine: {'line': b'-- Up-to-date: /home/harsh/ros2_project/install/px4_msgs/share/px4_msgs/msg/RadioStatus.idl\n'}
[1.409367] (px4_msgs) StdoutLine: {'line': b'-- Up-to-date: /home/harsh/ros2_project/install/px4_msgs/share/px4_msgs/msg/RateCtrlStatus.idl\n'}
[1.409445] (px4_msgs) StdoutLine: {'line': b'-- Up-to-date: /home/harsh/ros2_project/install/px4_msgs/share/px4_msgs/msg/RcChannels.idl\n'}
[1.409508] (px4_msgs) StdoutLine: {'line': b'-- Up-to-date: /home/harsh/ros2_project/install/px4_msgs/share/px4_msgs/msg/RcParameterMap.idl\n'}
[1.409570] (px4_msgs) StdoutLine: {'line': b'-- Up-to-date: /home/harsh/ros2_project/install/px4_msgs/share/px4_msgs/msg/RegisterExtComponentReply.idl\n'}
[1.409631] (px4_msgs) StdoutLine: {'line': b'-- Up-to-date: /home/harsh/ros2_project/install/px4_msgs/share/px4_msgs/msg/RegisterExtComponentRequest.idl\n'}
[1.409694] (px4_msgs) StdoutLine: {'line': b'-- Up-to-date: /home/harsh/ros2_project/install/px4_msgs/share/px4_msgs/msg/Rpm.idl\n'}
[1.409770] (px4_msgs) StdoutLine: {'line': b'-- Up-to-date: /home/harsh/ros2_project/install/px4_msgs/share/px4_msgs/msg/RtlStatus.idl\n'}
[1.409833] (px4_msgs) StdoutLine: {'line': b'-- Up-to-date: /home/harsh/ros2_project/install/px4_msgs/share/px4_msgs/msg/RtlTimeEstimate.idl\n'}
[1.409893] (px4_msgs) StdoutLine: {'line': b'-- Up-to-date: /home/harsh/ros2_project/install/px4_msgs/share/px4_msgs/msg/SatelliteInfo.idl\n'}
[1.409952] (px4_msgs) StdoutLine: {'line': b'-- Up-to-date: /home/harsh/ros2_project/install/px4_msgs/share/px4_msgs/msg/SensorAccel.idl\n'}
[1.410017] (px4_msgs) StdoutLine: {'line': b'-- Up-to-date: /home/harsh/ros2_project/install/px4_msgs/share/px4_msgs/msg/SensorAccelFifo.idl\n'}
[1.410083] (px4_msgs) StdoutLine: {'line': b'-- Up-to-date: /home/harsh/ros2_project/install/px4_msgs/share/px4_msgs/msg/SensorAirflow.idl\n'}
[1.410147] (px4_msgs) StdoutLine: {'line': b'-- Up-to-date: /home/harsh/ros2_project/install/px4_msgs/share/px4_msgs/msg/SensorBaro.idl\n'}
[1.410212] (px4_msgs) StdoutLine: {'line': b'-- Up-to-date: /home/harsh/ros2_project/install/px4_msgs/share/px4_msgs/msg/SensorCombined.idl\n'}
[1.410287] (px4_msgs) StdoutLine: {'line': b'-- Up-to-date: /home/harsh/ros2_project/install/px4_msgs/share/px4_msgs/msg/SensorCorrection.idl\n'}
[1.410356] (px4_msgs) StdoutLine: {'line': b'-- Up-to-date: /home/harsh/ros2_project/install/px4_msgs/share/px4_msgs/msg/SensorGnssRelative.idl\n'}
[1.410419] (px4_msgs) StdoutLine: {'line': b'-- Up-to-date: /home/harsh/ros2_project/install/px4_msgs/share/px4_msgs/msg/SensorGps.idl\n'}
[1.410484] (px4_msgs) StdoutLine: {'line': b'-- Up-to-date: /home/harsh/ros2_project/install/px4_msgs/share/px4_msgs/msg/SensorGyro.idl\n'}
[1.410552] (px4_msgs) StdoutLine: {'line': b'-- Up-to-date: /home/harsh/ros2_project/install/px4_msgs/share/px4_msgs/msg/SensorGyroFft.idl\n'}
[1.410619] (px4_msgs) StdoutLine: {'line': b'-- Up-to-date: /home/harsh/ros2_project/install/px4_msgs/share/px4_msgs/msg/SensorGyroFifo.idl\n'}
[1.410687] (px4_msgs) StdoutLine: {'line': b'-- Up-to-date: /home/harsh/ros2_project/install/px4_msgs/share/px4_msgs/msg/SensorHygrometer.idl\n'}
[1.410757] (px4_msgs) StdoutLine: {'line': b'-- Up-to-date: /home/harsh/ros2_project/install/px4_msgs/share/px4_msgs/msg/SensorMag.idl\n'}
[1.410824] (px4_msgs) StdoutLine: {'line': b'-- Up-to-date: /home/harsh/ros2_project/install/px4_msgs/share/px4_msgs/msg/SensorOpticalFlow.idl\n'}
[1.410893] (px4_msgs) StdoutLine: {'line': b'-- Up-to-date: /home/harsh/ros2_project/install/px4_msgs/share/px4_msgs/msg/SensorPreflightMag.idl\n'}
[1.410963] (px4_msgs) StdoutLine: {'line': b'-- Up-to-date: /home/harsh/ros2_project/install/px4_msgs/share/px4_msgs/msg/SensorSelection.idl\n'}
[1.411041] (px4_msgs) StdoutLine: {'line': b'-- Up-to-date: /home/harsh/ros2_project/install/px4_msgs/share/px4_msgs/msg/SensorUwb.idl\n'}
[1.411133] (px4_msgs) StdoutLine: {'line': b'-- Up-to-date: /home/harsh/ros2_project/install/px4_msgs/share/px4_msgs/msg/SensorsStatus.idl\n'}
[1.411202] (px4_msgs) StdoutLine: {'line': b'-- Up-to-date: /home/harsh/ros2_project/install/px4_msgs/share/px4_msgs/msg/SensorsStatusImu.idl\n'}
[1.411275] (px4_msgs) StdoutLine: {'line': b'-- Up-to-date: /home/harsh/ros2_project/install/px4_msgs/share/px4_msgs/msg/SystemPower.idl\n'}
[1.411363] (px4_msgs) StdoutLine: {'line': b'-- Up-to-date: /home/harsh/ros2_project/install/px4_msgs/share/px4_msgs/msg/TakeoffStatus.idl\n'}
[1.411435] (px4_msgs) StdoutLine: {'line': b'-- Up-to-date: /home/harsh/ros2_project/install/px4_msgs/share/px4_msgs/msg/TaskStackInfo.idl\n'}
[1.411499] (px4_msgs) StdoutLine: {'line': b'-- Up-to-date: /home/harsh/ros2_project/install/px4_msgs/share/px4_msgs/msg/TecsStatus.idl\n'}
[1.411564] (px4_msgs) StdoutLine: {'line': b'-- Up-to-date: /home/harsh/ros2_project/install/px4_msgs/share/px4_msgs/msg/TelemetryStatus.idl\n'}
[1.411629] (px4_msgs) StdoutLine: {'line': b'-- Up-to-date: /home/harsh/ros2_project/install/px4_msgs/share/px4_msgs/msg/TiltrotorExtraControls.idl\n'}
[1.411695] (px4_msgs) StdoutLine: {'line': b'-- Up-to-date: /home/harsh/ros2_project/install/px4_msgs/share/px4_msgs/msg/TimesyncStatus.idl\n'}
[1.411762] (px4_msgs) StdoutLine: {'line': b'-- Up-to-date: /home/harsh/ros2_project/install/px4_msgs/share/px4_msgs/msg/TrajectoryBezier.idl\n'}
[1.411829] (px4_msgs) StdoutLine: {'line': b'-- Up-to-date: /home/harsh/ros2_project/install/px4_msgs/share/px4_msgs/msg/TrajectorySetpoint.idl\n'}
[1.411895] (px4_msgs) StdoutLine: {'line': b'-- Up-to-date: /home/harsh/ros2_project/install/px4_msgs/share/px4_msgs/msg/TrajectoryWaypoint.idl\n'}
[1.411977] (px4_msgs) StdoutLine: {'line': b'-- Up-to-date: /home/harsh/ros2_project/install/px4_msgs/share/px4_msgs/msg/TransponderReport.idl\n'}
[1.412042] (px4_msgs) StdoutLine: {'line': b'-- Up-to-date: /home/harsh/ros2_project/install/px4_msgs/share/px4_msgs/msg/TuneControl.idl\n'}
[1.412108] (px4_msgs) StdoutLine: {'line': b'-- Up-to-date: /home/harsh/ros2_project/install/px4_msgs/share/px4_msgs/msg/UavcanParameterRequest.idl\n'}
[1.412175] (px4_msgs) StdoutLine: {'line': b'-- Up-to-date: /home/harsh/ros2_project/install/px4_msgs/share/px4_msgs/msg/UavcanParameterValue.idl\n'}
[1.412253] (px4_msgs) StdoutLine: {'line': b'-- Up-to-date: /home/harsh/ros2_project/install/px4_msgs/share/px4_msgs/msg/UlogStream.idl\n'}
[1.412317] (px4_msgs) StdoutLine: {'line': b'-- Up-to-date: /home/harsh/ros2_project/install/px4_msgs/share/px4_msgs/msg/UlogStreamAck.idl\n'}
[1.412401] (px4_msgs) StdoutLine: {'line': b'-- Up-to-date: /home/harsh/ros2_project/install/px4_msgs/share/px4_msgs/msg/UnregisterExtComponent.idl\n'}
[1.412463] (px4_msgs) StdoutLine: {'line': b'-- Up-to-date: /home/harsh/ros2_project/install/px4_msgs/share/px4_msgs/msg/VehicleAcceleration.idl\n'}
[1.412538] (px4_msgs) StdoutLine: {'line': b'-- Up-to-date: /home/harsh/ros2_project/install/px4_msgs/share/px4_msgs/msg/VehicleAirData.idl\n'}
[1.412601] (px4_msgs) StdoutLine: {'line': b'-- Up-to-date: /home/harsh/ros2_project/install/px4_msgs/share/px4_msgs/msg/VehicleAngularAccelerationSetpoint.idl\n'}
[1.412662] (px4_msgs) StdoutLine: {'line': b'-- Up-to-date: /home/harsh/ros2_project/install/px4_msgs/share/px4_msgs/msg/VehicleAngularVelocity.idl\n'}
[1.412723] (px4_msgs) StdoutLine: {'line': b'-- Up-to-date: /home/harsh/ros2_project/install/px4_msgs/share/px4_msgs/msg/VehicleAttitude.idl\n'}
[1.412786] (px4_msgs) StdoutLine: {'line': b'-- Up-to-date: /home/harsh/ros2_project/install/px4_msgs/share/px4_msgs/msg/VehicleAttitudeSetpoint.idl\n'}
[1.412850] (px4_msgs) StdoutLine: {'line': b'-- Up-to-date: /home/harsh/ros2_project/install/px4_msgs/share/px4_msgs/msg/VehicleCommand.idl\n'}
[1.412914] (px4_msgs) StdoutLine: {'line': b'-- Up-to-date: /home/harsh/ros2_project/install/px4_msgs/share/px4_msgs/msg/VehicleCommandAck.idl\n'}
[1.412978] (px4_msgs) StdoutLine: {'line': b'-- Up-to-date: /home/harsh/ros2_project/install/px4_msgs/share/px4_msgs/msg/VehicleConstraints.idl\n'}
[1.413041] (px4_msgs) StdoutLine: {'line': b'-- Up-to-date: /home/harsh/ros2_project/install/px4_msgs/share/px4_msgs/msg/VehicleControlMode.idl\n'}
[1.413105] (px4_msgs) StdoutLine: {'line': b'-- Up-to-date: /home/harsh/ros2_project/install/px4_msgs/share/px4_msgs/msg/VehicleGlobalPosition.idl\n'}
[1.413169] (px4_msgs) StdoutLine: {'line': b'-- Up-to-date: /home/harsh/ros2_project/install/px4_msgs/share/px4_msgs/msg/VehicleImu.idl\n'}
[1.413232] (px4_msgs) StdoutLine: {'line': b'-- Up-to-date: /home/harsh/ros2_project/install/px4_msgs/share/px4_msgs/msg/VehicleImuStatus.idl\n'}
[1.413295] (px4_msgs) StdoutLine: {'line': b'-- Up-to-date: /home/harsh/ros2_project/install/px4_msgs/share/px4_msgs/msg/VehicleLandDetected.idl\n'}
[1.413393] (px4_msgs) StdoutLine: {'line': b'-- Up-to-date: /home/harsh/ros2_project/install/px4_msgs/share/px4_msgs/msg/VehicleLocalPosition.idl\n'}
[1.413470] (px4_msgs) StdoutLine: {'line': b'-- Up-to-date: /home/harsh/ros2_project/install/px4_msgs/share/px4_msgs/msg/VehicleLocalPositionSetpoint.idl\n'}
[1.413531] (px4_msgs) StdoutLine: {'line': b'-- Up-to-date: /home/harsh/ros2_project/install/px4_msgs/share/px4_msgs/msg/VehicleMagnetometer.idl\n'}
[1.413591] (px4_msgs) StdoutLine: {'line': b'-- Up-to-date: /home/harsh/ros2_project/install/px4_msgs/share/px4_msgs/msg/VehicleOdometry.idl\n'}
[1.413651] (px4_msgs) StdoutLine: {'line': b'-- Up-to-date: /home/harsh/ros2_project/install/px4_msgs/share/px4_msgs/msg/VehicleOpticalFlow.idl\n'}
[1.413712] (px4_msgs) StdoutLine: {'line': b'-- Up-to-date: /home/harsh/ros2_project/install/px4_msgs/share/px4_msgs/msg/VehicleOpticalFlowVel.idl\n'}
[1.413776] (px4_msgs) StdoutLine: {'line': b'-- Up-to-date: /home/harsh/ros2_project/install/px4_msgs/share/px4_msgs/msg/VehicleRatesSetpoint.idl\n'}
[1.413838] (px4_msgs) StdoutLine: {'line': b'-- Up-to-date: /home/harsh/ros2_project/install/px4_msgs/share/px4_msgs/msg/VehicleRoi.idl\n'}
[1.413901] (px4_msgs) StdoutLine: {'line': b'-- Up-to-date: /home/harsh/ros2_project/install/px4_msgs/share/px4_msgs/msg/VehicleStatus.idl\n'}
[1.413966] (px4_msgs) StdoutLine: {'line': b'-- Up-to-date: /home/harsh/ros2_project/install/px4_msgs/share/px4_msgs/msg/VehicleThrustSetpoint.idl\n'}
[1.414029] (px4_msgs) StdoutLine: {'line': b'-- Up-to-date: /home/harsh/ros2_project/install/px4_msgs/share/px4_msgs/msg/VehicleTorqueSetpoint.idl\n'}
[1.414101] (px4_msgs) StdoutLine: {'line': b'-- Up-to-date: /home/harsh/ros2_project/install/px4_msgs/share/px4_msgs/msg/VehicleTrajectoryBezier.idl\n'}
[1.414165] (px4_msgs) StdoutLine: {'line': b'-- Up-to-date: /home/harsh/ros2_project/install/px4_msgs/share/px4_msgs/msg/VehicleTrajectoryWaypoint.idl\n'}
[1.414398] (px4_msgs) StdoutLine: {'line': b'-- Up-to-date: /home/harsh/ros2_project/install/px4_msgs/share/px4_msgs/msg/VelocityLimits.idl\n'}
[1.414463] (px4_msgs) StdoutLine: {'line': b'-- Up-to-date: /home/harsh/ros2_project/install/px4_msgs/share/px4_msgs/msg/VtolVehicleStatus.idl\n'}
[1.414523] (px4_msgs) StdoutLine: {'line': b'-- Up-to-date: /home/harsh/ros2_project/install/px4_msgs/share/px4_msgs/msg/WheelEncoders.idl\n'}
[1.414585] (px4_msgs) StdoutLine: {'line': b'-- Up-to-date: /home/harsh/ros2_project/install/px4_msgs/share/px4_msgs/msg/Wind.idl\n'}
[1.414669] (px4_msgs) StdoutLine: {'line': b'-- Up-to-date: /home/harsh/ros2_project/install/px4_msgs/share/px4_msgs/msg/YawEstimatorStatus.idl\n'}
[1.414795] (px4_msgs) StdoutLine: {'line': b'-- Up-to-date: /home/harsh/ros2_project/install/px4_msgs/share/px4_msgs/srv/VehicleCommand.idl\n'}
[1.414979] (px4_msgs) StdoutLine: {'line': b'-- Up-to-date: /home/harsh/ros2_project/install/px4_msgs/share/px4_msgs/msg/ActionRequest.msg\n'}
[1.415208] (px4_msgs) StdoutLine: {'line': b'-- Up-to-date: /home/harsh/ros2_project/install/px4_msgs/share/px4_msgs/msg/ActuatorArmed.msg\n'}
[1.415506] (px4_msgs) StdoutLine: {'line': b'-- Up-to-date: /home/harsh/ros2_project/install/px4_msgs/share/px4_msgs/msg/ActuatorControlsStatus.msg\n'}
[1.415692] (px4_msgs) StdoutLine: {'line': b'-- Up-to-date: /home/harsh/ros2_project/install/px4_msgs/share/px4_msgs/msg/ActuatorMotors.msg\n'}
[1.415874] (px4_msgs) StdoutLine: {'line': b'-- Up-to-date: /home/harsh/ros2_project/install/px4_msgs/share/px4_msgs/msg/ActuatorOutputs.msg\n'}
[1.416099] (px4_msgs) StdoutLine: {'line': b'-- Up-to-date: /home/harsh/ros2_project/install/px4_msgs/share/px4_msgs/msg/ActuatorServos.msg\n'}
[1.416398] (px4_msgs) StdoutLine: {'line': b'-- Up-to-date: /home/harsh/ros2_project/install/px4_msgs/share/px4_msgs/msg/ActuatorServosTrim.msg\n'}
[1.416709] (px4_msgs) StdoutLine: {'line': b'-- Up-to-date: /home/harsh/ros2_project/install/px4_msgs/share/px4_msgs/msg/ActuatorTest.msg\n'}
[1.416781] (px4_msgs) StdoutLine: {'line': b'-- Up-to-date: /home/harsh/ros2_project/install/px4_msgs/share/px4_msgs/msg/AdcReport.msg\n'}
[1.417117] (px4_msgs) StdoutLine: {'line': b'-- Up-to-date: /home/harsh/ros2_project/install/px4_msgs/share/px4_msgs/msg/Airspeed.msg\n'}
[1.417425] (px4_msgs) StdoutLine: {'line': b'-- Up-to-date: /home/harsh/ros2_project/install/px4_msgs/share/px4_msgs/msg/AirspeedValidated.msg\n'}
[1.417622] (px4_msgs) StdoutLine: {'line': b'-- Up-to-date: /home/harsh/ros2_project/install/px4_msgs/share/px4_msgs/msg/AirspeedWind.msg\n'}
[1.417809] (px4_msgs) StdoutLine: {'line': b'-- Up-to-date: /home/harsh/ros2_project/install/px4_msgs/share/px4_msgs/msg/ArmingCheckReply.msg\n'}
[1.418055] (px4_msgs) StdoutLine: {'line': b'-- Up-to-date: /home/harsh/ros2_project/install/px4_msgs/share/px4_msgs/msg/ArmingCheckRequest.msg\n'}
[1.418431] (px4_msgs) StdoutLine: {'line': b'-- Up-to-date: /home/harsh/ros2_project/install/px4_msgs/share/px4_msgs/msg/AutotuneAttitudeControlStatus.msg\n'}
[1.419472] (px4_msgs) StdoutLine: {'line': b'-- Up-to-date: /home/harsh/ros2_project/install/px4_msgs/share/px4_msgs/msg/BatteryStatus.msg\n'}
[1.419702] (px4_msgs) StdoutLine: {'line': b'-- Up-to-date: /home/harsh/ros2_project/install/px4_msgs/share/px4_msgs/msg/Buffer128.msg\n'}
[1.419822] (px4_msgs) StdoutLine: {'line': b'-- Up-to-date: /home/harsh/ros2_project/install/px4_msgs/share/px4_msgs/msg/ButtonEvent.msg\n'}
[1.420147] (px4_msgs) StdoutLine: {'line': b'-- Up-to-date: /home/harsh/ros2_project/install/px4_msgs/share/px4_msgs/msg/CameraCapture.msg\n'}
[1.420330] (px4_msgs) StdoutLine: {'line': b'-- Up-to-date: /home/harsh/ros2_project/install/px4_msgs/share/px4_msgs/msg/CameraStatus.msg\n'}
[1.420537] (px4_msgs) StdoutLine: {'line': b'-- Up-to-date: /home/harsh/ros2_project/install/px4_msgs/share/px4_msgs/msg/CameraTrigger.msg\n'}
[1.420798] (px4_msgs) StdoutLine: {'line': b'-- Up-to-date: /home/harsh/ros2_project/install/px4_msgs/share/px4_msgs/msg/CanInterfaceStatus.msg\n'}
[1.421142] (px4_msgs) StdoutLine: {'line': b'-- Up-to-date: /home/harsh/ros2_project/install/px4_msgs/share/px4_msgs/msg/CellularStatus.msg\n'}
[1.421395] (px4_msgs) StdoutLine: {'line': b'-- Up-to-date: /home/harsh/ros2_project/install/px4_msgs/share/px4_msgs/msg/CollisionConstraints.msg\n'}
[1.421633] (px4_msgs) StdoutLine: {'line': b'-- Up-to-date: /home/harsh/ros2_project/install/px4_msgs/share/px4_msgs/msg/CollisionReport.msg\n'}
[1.421929] (px4_msgs) StdoutLine: {'line': b'-- Up-to-date: /home/harsh/ros2_project/install/px4_msgs/share/px4_msgs/msg/ConfigOverrides.msg\n'}
[1.422371] (px4_msgs) StdoutLine: {'line': b'-- Up-to-date: /home/harsh/ros2_project/install/px4_msgs/share/px4_msgs/msg/ControlAllocatorStatus.msg\n'}
[1.422668] (px4_msgs) StdoutLine: {'line': b'-- Up-to-date: /home/harsh/ros2_project/install/px4_msgs/share/px4_msgs/msg/Cpuload.msg\n'}
[1.422921] (px4_msgs) StdoutLine: {'line': b'-- Up-to-date: /home/harsh/ros2_project/install/px4_msgs/share/px4_msgs/msg/DatamanRequest.msg\n'}
[1.423217] (px4_msgs) StdoutLine: {'line': b'-- Up-to-date: /home/harsh/ros2_project/install/px4_msgs/share/px4_msgs/msg/DatamanResponse.msg\n'}
[1.423559] (px4_msgs) StdoutLine: {'line': b'-- Up-to-date: /home/harsh/ros2_project/install/px4_msgs/share/px4_msgs/msg/DebugArray.msg\n'}
[1.423887] (px4_msgs) StdoutLine: {'line': b'-- Up-to-date: /home/harsh/ros2_project/install/px4_msgs/share/px4_msgs/msg/DebugKeyValue.msg\n'}
[1.424001] (px4_msgs) StdoutLine: {'line': b'-- Up-to-date: /home/harsh/ros2_project/install/px4_msgs/share/px4_msgs/msg/DebugValue.msg\n'}
[1.424304] (px4_msgs) StdoutLine: {'line': b'-- Up-to-date: /home/harsh/ros2_project/install/px4_msgs/share/px4_msgs/msg/DebugVect.msg\n'}
[1.424604] (px4_msgs) StdoutLine: {'line': b'-- Up-to-date: /home/harsh/ros2_project/install/px4_msgs/share/px4_msgs/msg/DifferentialDriveSetpoint.msg\n'}
[1.424784] (px4_msgs) StdoutLine: {'line': b'-- Up-to-date: /home/harsh/ros2_project/install/px4_msgs/share/px4_msgs/msg/DifferentialPressure.msg\n'}
[1.424957] (px4_msgs) StdoutLine: {'line': b'-- Up-to-date: /home/harsh/ros2_project/install/px4_msgs/share/px4_msgs/msg/DistanceSensor.msg\n'}
[1.425174] (px4_msgs) StdoutLine: {'line': b'-- Up-to-date: /home/harsh/ros2_project/install/px4_msgs/share/px4_msgs/msg/Ekf2Timestamps.msg\n'}
[1.425475] (px4_msgs) StdoutLine: {'line': b'-- Up-to-date: /home/harsh/ros2_project/install/px4_msgs/share/px4_msgs/msg/EscReport.msg\n'}
[1.425652] (px4_msgs) StdoutLine: {'line': b'-- Up-to-date: /home/harsh/ros2_project/install/px4_msgs/share/px4_msgs/msg/EscStatus.msg\n'}
[1.425828] (px4_msgs) StdoutLine: {'line': b'-- Up-to-date: /home/harsh/ros2_project/install/px4_msgs/share/px4_msgs/msg/EstimatorAidSource1d.msg\n'}
[1.426068] (px4_msgs) StdoutLine: {'line': b'-- Up-to-date: /home/harsh/ros2_project/install/px4_msgs/share/px4_msgs/msg/EstimatorAidSource2d.msg\n'}
[1.426419] (px4_msgs) StdoutLine: {'line': b'-- Up-to-date: /home/harsh/ros2_project/install/px4_msgs/share/px4_msgs/msg/EstimatorAidSource3d.msg\n'}
[1.426597] (px4_msgs) StdoutLine: {'line': b'-- Up-to-date: /home/harsh/ros2_project/install/px4_msgs/share/px4_msgs/msg/EstimatorBias.msg\n'}
[1.426783] (px4_msgs) StdoutLine: {'line': b'-- Up-to-date: /home/harsh/ros2_project/install/px4_msgs/share/px4_msgs/msg/EstimatorBias3d.msg\n'}
[1.427074] (px4_msgs) StdoutLine: {'line': b'-- Up-to-date: /home/harsh/ros2_project/install/px4_msgs/share/px4_msgs/msg/EstimatorEventFlags.msg\n'}
[1.427290] (px4_msgs) StdoutLine: {'line': b'-- Up-to-date: /home/harsh/ros2_project/install/px4_msgs/share/px4_msgs/msg/EstimatorGpsStatus.msg\n'}
[1.427486] (px4_msgs) StdoutLine: {'line': b'-- Up-to-date: /home/harsh/ros2_project/install/px4_msgs/share/px4_msgs/msg/EstimatorInnovations.msg\n'}
[1.427667] (px4_msgs) StdoutLine: {'line': b'-- Up-to-date: /home/harsh/ros2_project/install/px4_msgs/share/px4_msgs/msg/EstimatorSelectorStatus.msg\n'}
[1.427893] (px4_msgs) StdoutLine: {'line': b'-- Up-to-date: /home/harsh/ros2_project/install/px4_msgs/share/px4_msgs/msg/EstimatorSensorBias.msg\n'}
[1.428221] (px4_msgs) StdoutLine: {'line': b'-- Up-to-date: /home/harsh/ros2_project/install/px4_msgs/share/px4_msgs/msg/EstimatorStates.msg\n'}
[1.428468] (px4_msgs) StdoutLine: {'line': b'-- Up-to-date: /home/harsh/ros2_project/install/px4_msgs/share/px4_msgs/msg/EstimatorStatus.msg\n'}
[1.428618] (px4_msgs) StdoutLine: {'line': b'-- Up-to-date: /home/harsh/ros2_project/install/px4_msgs/share/px4_msgs/msg/EstimatorStatusFlags.msg\n'}
[1.428890] (px4_msgs) StdoutLine: {'line': b'-- Up-to-date: /home/harsh/ros2_project/install/px4_msgs/share/px4_msgs/msg/Event.msg\n'}
[1.429224] (px4_msgs) StdoutLine: {'line': b'-- Up-to-date: /home/harsh/ros2_project/install/px4_msgs/share/px4_msgs/msg/FailsafeFlags.msg\n'}
[1.429501] (px4_msgs) StdoutLine: {'line': b'-- Up-to-date: /home/harsh/ros2_project/install/px4_msgs/share/px4_msgs/msg/FailureDetectorStatus.msg\n'}
[1.429817] (px4_msgs) StdoutLine: {'line': b'-- Up-to-date: /home/harsh/ros2_project/install/px4_msgs/share/px4_msgs/msg/FigureEightStatus.msg\n'}
[1.430036] (px4_msgs) StdoutLine: {'line': b'-- Up-to-date: /home/harsh/ros2_project/install/px4_msgs/share/px4_msgs/msg/FlightPhaseEstimation.msg\n'}
[1.430357] (px4_msgs) StdoutLine: {'line': b'-- Up-to-date: /home/harsh/ros2_project/install/px4_msgs/share/px4_msgs/msg/FollowTarget.msg\n'}
[1.430944] (px4_msgs) StdoutLine: {'line': b'-- Up-to-date: /home/harsh/ros2_project/install/px4_msgs/share/px4_msgs/msg/FollowTargetEstimator.msg\n'}
[1.431079] (px4_msgs) StdoutLine: {'line': b'-- Up-to-date: /home/harsh/ros2_project/install/px4_msgs/share/px4_msgs/msg/FollowTargetStatus.msg\n'}
[1.431231] (px4_msgs) StdoutLine: {'line': b'-- Up-to-date: /home/harsh/ros2_project/install/px4_msgs/share/px4_msgs/msg/GeneratorStatus.msg\n'}
[1.431565] (px4_msgs) StdoutLine: {'line': b'-- Up-to-date: /home/harsh/ros2_project/install/px4_msgs/share/px4_msgs/msg/GeofenceResult.msg\n'}
[1.431763] (px4_msgs) StdoutLine: {'line': b'-- Up-to-date: /home/harsh/ros2_project/install/px4_msgs/share/px4_msgs/msg/GeofenceStatus.msg\n'}
[1.431967] (px4_msgs) StdoutLine: {'line': b'-- Up-to-date: /home/harsh/ros2_project/install/px4_msgs/share/px4_msgs/msg/GimbalControls.msg\n'}
[1.432215] (px4_msgs) StdoutLine: {'line': b'-- Up-to-date: /home/harsh/ros2_project/install/px4_msgs/share/px4_msgs/msg/GimbalDeviceAttitudeStatus.msg\n'}
[1.432565] (px4_msgs) StdoutLine: {'line': b'-- Up-to-date: /home/harsh/ros2_project/install/px4_msgs/share/px4_msgs/msg/GimbalDeviceInformation.msg\n'}
[1.432760] (px4_msgs) StdoutLine: {'line': b'-- Up-to-date: /home/harsh/ros2_project/install/px4_msgs/share/px4_msgs/msg/GimbalDeviceSetAttitude.msg\n'}
[1.432954] (px4_msgs) StdoutLine: {'line': b'-- Up-to-date: /home/harsh/ros2_project/install/px4_msgs/share/px4_msgs/msg/GimbalManagerInformation.msg\n'}
[1.433182] (px4_msgs) StdoutLine: {'line': b'-- Up-to-date: /home/harsh/ros2_project/install/px4_msgs/share/px4_msgs/msg/GimbalManagerSetAttitude.msg\n'}
[1.433538] (px4_msgs) StdoutLine: {'line': b'-- Up-to-date: /home/harsh/ros2_project/install/px4_msgs/share/px4_msgs/msg/GimbalManagerSetManualControl.msg\n'}
[1.433765] (px4_msgs) StdoutLine: {'line': b'-- Up-to-date: /home/harsh/ros2_project/install/px4_msgs/share/px4_msgs/msg/GimbalManagerStatus.msg\n'}
[1.434077] (px4_msgs) StdoutLine: {'line': b'-- Up-to-date: /home/harsh/ros2_project/install/px4_msgs/share/px4_msgs/msg/GotoSetpoint.msg\n'}
[1.434248] (px4_msgs) StdoutLine: {'line': b'-- Up-to-date: /home/harsh/ros2_project/install/px4_msgs/share/px4_msgs/msg/GpioConfig.msg\n'}
[1.434508] (px4_msgs) StdoutLine: {'line': b'-- Up-to-date: /home/harsh/ros2_project/install/px4_msgs/share/px4_msgs/msg/GpioIn.msg\n'}
[1.434804] (px4_msgs) StdoutLine: {'line': b'-- Up-to-date: /home/harsh/ros2_project/install/px4_msgs/share/px4_msgs/msg/GpioOut.msg\n'}
[1.434978] (px4_msgs) StdoutLine: {'line': b'-- Up-to-date: /home/harsh/ros2_project/install/px4_msgs/share/px4_msgs/msg/GpioRequest.msg\n'}
[1.435237] (px4_msgs) StdoutLine: {'line': b'-- Up-to-date: /home/harsh/ros2_project/install/px4_msgs/share/px4_msgs/msg/GpsDump.msg\n'}
[1.435538] (px4_msgs) StdoutLine: {'line': b'-- Up-to-date: /home/harsh/ros2_project/install/px4_msgs/share/px4_msgs/msg/GpsInjectData.msg\n'}
[1.435756] (px4_msgs) StdoutLine: {'line': b'-- Up-to-date: /home/harsh/ros2_project/install/px4_msgs/share/px4_msgs/msg/Gripper.msg\n'}
[1.435959] (px4_msgs) StdoutLine: {'line': b'-- Up-to-date: /home/harsh/ros2_project/install/px4_msgs/share/px4_msgs/msg/HealthReport.msg\n'}
[1.436194] (px4_msgs) StdoutLine: {'line': b'-- Up-to-date: /home/harsh/ros2_project/install/px4_msgs/share/px4_msgs/msg/HeaterStatus.msg\n'}
[1.436545] (px4_msgs) StdoutLine: {'line': b'-- Up-to-date: /home/harsh/ros2_project/install/px4_msgs/share/px4_msgs/msg/HomePosition.msg\n'}
[1.436903] (px4_msgs) StdoutLine: {'line': b'-- Up-to-date: /home/harsh/ros2_project/install/px4_msgs/share/px4_msgs/msg/HoverThrustEstimate.msg\n'}
[1.437004] (px4_msgs) StdoutLine: {'line': b'-- Up-to-date: /home/harsh/ros2_project/install/px4_msgs/share/px4_msgs/msg/InputRc.msg\n'}
[1.437346] (px4_msgs) StdoutLine: {'line': b'-- Up-to-date: /home/harsh/ros2_project/install/px4_msgs/share/px4_msgs/msg/InternalCombustionEngineStatus.msg\n'}
[1.437667] (px4_msgs) StdoutLine: {'line': b'-- Up-to-date: /home/harsh/ros2_project/install/px4_msgs/share/px4_msgs/msg/IridiumsbdStatus.msg\n'}
[1.437880] (px4_msgs) StdoutLine: {'line': b'-- Up-to-date: /home/harsh/ros2_project/install/px4_msgs/share/px4_msgs/msg/IrlockReport.msg\n'}
[1.438071] (px4_msgs) StdoutLine: {'line': b'-- Up-to-date: /home/harsh/ros2_project/install/px4_msgs/share/px4_msgs/msg/LandingGear.msg\n'}
[1.438306] (px4_msgs) StdoutLine: {'line': b'-- Up-to-date: /home/harsh/ros2_project/install/px4_msgs/share/px4_msgs/msg/LandingGearWheel.msg\n'}
[1.438669] (px4_msgs) StdoutLine: {'line': b'-- Up-to-date: /home/harsh/ros2_project/install/px4_msgs/share/px4_msgs/msg/LandingTargetInnovations.msg\n'}
[1.438855] (px4_msgs) StdoutLine: {'line': b'-- Up-to-date: /home/harsh/ros2_project/install/px4_msgs/share/px4_msgs/msg/LandingTargetPose.msg\n'}
[1.439044] (px4_msgs) StdoutLine: {'line': b'-- Up-to-date: /home/harsh/ros2_project/install/px4_msgs/share/px4_msgs/msg/LaunchDetectionStatus.msg\n'}
[1.439280] (px4_msgs) StdoutLine: {'line': b'-- Up-to-date: /home/harsh/ros2_project/install/px4_msgs/share/px4_msgs/msg/LedControl.msg\n'}
[1.439608] (px4_msgs) StdoutLine: {'line': b'-- Up-to-date: /home/harsh/ros2_project/install/px4_msgs/share/px4_msgs/msg/LogMessage.msg\n'}
[1.439793] (px4_msgs) StdoutLine: {'line': b'-- Up-to-date: /home/harsh/ros2_project/install/px4_msgs/share/px4_msgs/msg/LoggerStatus.msg\n'}
[1.439981] (px4_msgs) StdoutLine: {'line': b'-- Up-to-date: /home/harsh/ros2_project/install/px4_msgs/share/px4_msgs/msg/MagWorkerData.msg\n'}
[1.440224] (px4_msgs) StdoutLine: {'line': b'-- Up-to-date: /home/harsh/ros2_project/install/px4_msgs/share/px4_msgs/msg/MagnetometerBiasEstimate.msg\n'}
[1.440534] (px4_msgs) StdoutLine: {'line': b'-- Up-to-date: /home/harsh/ros2_project/install/px4_msgs/share/px4_msgs/msg/ManualControlSetpoint.msg\n'}
[1.440724] (px4_msgs) StdoutLine: {'line': b'-- Up-to-date: /home/harsh/ros2_project/install/px4_msgs/share/px4_msgs/msg/ManualControlSwitches.msg\n'}
[1.440895] (px4_msgs) StdoutLine: {'line': b'-- Up-to-date: /home/harsh/ros2_project/install/px4_msgs/share/px4_msgs/msg/MavlinkLog.msg\n'}
[1.441116] (px4_msgs) StdoutLine: {'line': b'-- Up-to-date: /home/harsh/ros2_project/install/px4_msgs/share/px4_msgs/msg/MavlinkTunnel.msg\n'}
[1.441421] (px4_msgs) StdoutLine: {'line': b'-- Up-to-date: /home/harsh/ros2_project/install/px4_msgs/share/px4_msgs/msg/MessageFormatRequest.msg\n'}
[1.441609] (px4_msgs) StdoutLine: {'line': b'-- Up-to-date: /home/harsh/ros2_project/install/px4_msgs/share/px4_msgs/msg/MessageFormatResponse.msg\n'}
[1.441792] (px4_msgs) StdoutLine: {'line': b'-- Up-to-date: /home/harsh/ros2_project/install/px4_msgs/share/px4_msgs/msg/Mission.msg\n'}
[1.442018] (px4_msgs) StdoutLine: {'line': b'-- Up-to-date: /home/harsh/ros2_project/install/px4_msgs/share/px4_msgs/msg/MissionResult.msg\n'}
[1.442345] (px4_msgs) StdoutLine: {'line': b'-- Up-to-date: /home/harsh/ros2_project/install/px4_msgs/share/px4_msgs/msg/ModeCompleted.msg\n'}
[1.442687] (px4_msgs) StdoutLine: {'line': b'-- Up-to-date: /home/harsh/ros2_project/install/px4_msgs/share/px4_msgs/msg/MountOrientation.msg\n'}
[1.442746] (px4_msgs) StdoutLine: {'line': b'-- Up-to-date: /home/harsh/ros2_project/install/px4_msgs/share/px4_msgs/msg/NavigatorMissionItem.msg\n'}
[1.443104] (px4_msgs) StdoutLine: {'line': b'-- Up-to-date: /home/harsh/ros2_project/install/px4_msgs/share/px4_msgs/msg/NormalizedUnsignedSetpoint.msg\n'}
[1.443409] (px4_msgs) StdoutLine: {'line': b'-- Up-to-date: /home/harsh/ros2_project/install/px4_msgs/share/px4_msgs/msg/NpfgStatus.msg\n'}
[1.443596] (px4_msgs) StdoutLine: {'line': b'-- Up-to-date: /home/harsh/ros2_project/install/px4_msgs/share/px4_msgs/msg/ObstacleDistance.msg\n'}
[1.443783] (px4_msgs) StdoutLine: {'line': b'-- Up-to-date: /home/harsh/ros2_project/install/px4_msgs/share/px4_msgs/msg/OffboardControlMode.msg\n'}
[1.444007] (px4_msgs) StdoutLine: {'line': b'-- Up-to-date: /home/harsh/ros2_project/install/px4_msgs/share/px4_msgs/msg/OnboardComputerStatus.msg\n'}
[1.444305] (px4_msgs) StdoutLine: {'line': b'-- Up-to-date: /home/harsh/ros2_project/install/px4_msgs/share/px4_msgs/msg/OrbTest.msg\n'}
[1.444533] (px4_msgs) StdoutLine: {'line': b'-- Up-to-date: /home/harsh/ros2_project/install/px4_msgs/share/px4_msgs/msg/OrbTestLarge.msg\n'}
[1.444714] (px4_msgs) StdoutLine: {'line': b'-- Up-to-date: /home/harsh/ros2_project/install/px4_msgs/share/px4_msgs/msg/OrbTestMedium.msg\n'}
[1.444921] (px4_msgs) StdoutLine: {'line': b'-- Up-to-date: /home/harsh/ros2_project/install/px4_msgs/share/px4_msgs/msg/OrbitStatus.msg\n'}
[1.445243] (px4_msgs) StdoutLine: {'line': b'-- Up-to-date: /home/harsh/ros2_project/install/px4_msgs/share/px4_msgs/msg/ParameterResetRequest.msg\n'}
[1.445439] (px4_msgs) StdoutLine: {'line': b'-- Up-to-date: /home/harsh/ros2_project/install/px4_msgs/share/px4_msgs/msg/ParameterSetUsedRequest.msg\n'}
[1.445620] (px4_msgs) StdoutLine: {'line': b'-- Up-to-date: /home/harsh/ros2_project/install/px4_msgs/share/px4_msgs/msg/ParameterSetValueRequest.msg\n'}
[1.445848] (px4_msgs) StdoutLine: {'line': b'-- Up-to-date: /home/harsh/ros2_project/install/px4_msgs/share/px4_msgs/msg/ParameterSetValueResponse.msg\n'}
[1.446155] (px4_msgs) StdoutLine: {'line': b'-- Up-to-date: /home/harsh/ros2_project/install/px4_msgs/share/px4_msgs/msg/ParameterUpdate.msg\n'}
[1.446367] (px4_msgs) StdoutLine: {'line': b'-- Up-to-date: /home/harsh/ros2_project/install/px4_msgs/share/px4_msgs/msg/Ping.msg\n'}
[1.446557] (px4_msgs) StdoutLine: {'line': b'-- Up-to-date: /home/harsh/ros2_project/install/px4_msgs/share/px4_msgs/msg/PositionControllerLandingStatus.msg\n'}
[1.446784] (px4_msgs) StdoutLine: {'line': b'-- Up-to-date: /home/harsh/ros2_project/install/px4_msgs/share/px4_msgs/msg/PositionControllerStatus.msg\n'}
[1.447092] (px4_msgs) StdoutLine: {'line': b'-- Up-to-date: /home/harsh/ros2_project/install/px4_msgs/share/px4_msgs/msg/PositionSetpoint.msg\n'}
[1.447279] (px4_msgs) StdoutLine: {'line': b'-- Up-to-date: /home/harsh/ros2_project/install/px4_msgs/share/px4_msgs/msg/PositionSetpointTriplet.msg\n'}
[1.447468] (px4_msgs) StdoutLine: {'line': b'-- Up-to-date: /home/harsh/ros2_project/install/px4_msgs/share/px4_msgs/msg/PowerButtonState.msg\n'}
[1.447710] (px4_msgs) StdoutLine: {'line': b'-- Up-to-date: /home/harsh/ros2_project/install/px4_msgs/share/px4_msgs/msg/PowerMonitor.msg\n'}
[1.448031] (px4_msgs) StdoutLine: {'line': b'-- Up-to-date: /home/harsh/ros2_project/install/px4_msgs/share/px4_msgs/msg/PpsCapture.msg\n'}
[1.448347] (px4_msgs) StdoutLine: {'line': b'-- Up-to-date: /home/harsh/ros2_project/install/px4_msgs/share/px4_msgs/msg/PwmInput.msg\n'}
[1.448444] (px4_msgs) StdoutLine: {'line': b'-- Up-to-date: /home/harsh/ros2_project/install/px4_msgs/share/px4_msgs/msg/Px4ioStatus.msg\n'}
[1.448770] (px4_msgs) StdoutLine: {'line': b'-- Up-to-date: /home/harsh/ros2_project/install/px4_msgs/share/px4_msgs/msg/QshellReq.msg\n'}
[1.449066] (px4_msgs) StdoutLine: {'line': b'-- Up-to-date: /home/harsh/ros2_project/install/px4_msgs/share/px4_msgs/msg/QshellRetval.msg\n'}
[1.449258] (px4_msgs) StdoutLine: {'line': b'-- Up-to-date: /home/harsh/ros2_project/install/px4_msgs/share/px4_msgs/msg/RadioStatus.msg\n'}
[1.449447] (px4_msgs) StdoutLine: {'line': b'-- Up-to-date: /home/harsh/ros2_project/install/px4_msgs/share/px4_msgs/msg/RateCtrlStatus.msg\n'}
[1.449682] (px4_msgs) StdoutLine: {'line': b'-- Up-to-date: /home/harsh/ros2_project/install/px4_msgs/share/px4_msgs/msg/RcChannels.msg\n'}
[1.449980] (px4_msgs) StdoutLine: {'line': b'-- Up-to-date: /home/harsh/ros2_project/install/px4_msgs/share/px4_msgs/msg/RcParameterMap.msg\n'}
[1.450171] (px4_msgs) StdoutLine: {'line': b'-- Up-to-date: /home/harsh/ros2_project/install/px4_msgs/share/px4_msgs/msg/RegisterExtComponentReply.msg\n'}
[1.450380] (px4_msgs) StdoutLine: {'line': b'-- Up-to-date: /home/harsh/ros2_project/install/px4_msgs/share/px4_msgs/msg/RegisterExtComponentRequest.msg\n'}
[1.450622] (px4_msgs) StdoutLine: {'line': b'-- Up-to-date: /home/harsh/ros2_project/install/px4_msgs/share/px4_msgs/msg/Rpm.msg\n'}
[1.450952] (px4_msgs) StdoutLine: {'line': b'-- Up-to-date: /home/harsh/ros2_project/install/px4_msgs/share/px4_msgs/msg/RtlStatus.msg\n'}
[1.451168] (px4_msgs) StdoutLine: {'line': b'-- Up-to-date: /home/harsh/ros2_project/install/px4_msgs/share/px4_msgs/msg/RtlTimeEstimate.msg\n'}
[1.451496] (px4_msgs) StdoutLine: {'line': b'-- Up-to-date: /home/harsh/ros2_project/install/px4_msgs/share/px4_msgs/msg/SatelliteInfo.msg\n'}
[1.451670] (px4_msgs) StdoutLine: {'line': b'-- Up-to-date: /home/harsh/ros2_project/install/px4_msgs/share/px4_msgs/msg/SensorAccel.msg\n'}
[1.451983] (px4_msgs) StdoutLine: {'line': b'-- Up-to-date: /home/harsh/ros2_project/install/px4_msgs/share/px4_msgs/msg/SensorAccelFifo.msg\n'}
[1.452220] (px4_msgs) StdoutLine: {'line': b'-- Up-to-date: /home/harsh/ros2_project/install/px4_msgs/share/px4_msgs/msg/SensorAirflow.msg\n'}
[1.452454] (px4_msgs) StdoutLine: {'line': b'-- Up-to-date: /home/harsh/ros2_project/install/px4_msgs/share/px4_msgs/msg/SensorBaro.msg\n'}
[1.452694] (px4_msgs) StdoutLine: {'line': b'-- Up-to-date: /home/harsh/ros2_project/install/px4_msgs/share/px4_msgs/msg/SensorCombined.msg\n'}
[1.453042] (px4_msgs) StdoutLine: {'line': b'-- Up-to-date: /home/harsh/ros2_project/install/px4_msgs/share/px4_msgs/msg/SensorCorrection.msg\n'}
[1.453236] (px4_msgs) StdoutLine: {'line': b'-- Up-to-date: /home/harsh/ros2_project/install/px4_msgs/share/px4_msgs/msg/SensorGnssRelative.msg\n'}
[1.453468] (px4_msgs) StdoutLine: {'line': b'-- Up-to-date: /home/harsh/ros2_project/install/px4_msgs/share/px4_msgs/msg/SensorGps.msg\n'}
[1.453713] (px4_msgs) StdoutLine: {'line': b'-- Up-to-date: /home/harsh/ros2_project/install/px4_msgs/share/px4_msgs/msg/SensorGyro.msg\n'}
[1.454032] (px4_msgs) StdoutLine: {'line': b'-- Up-to-date: /home/harsh/ros2_project/install/px4_msgs/share/px4_msgs/msg/SensorGyroFft.msg\n'}
[1.454233] (px4_msgs) StdoutLine: {'line': b'-- Up-to-date: /home/harsh/ros2_project/install/px4_msgs/share/px4_msgs/msg/SensorGyroFifo.msg\n'}
[1.454472] (px4_msgs) StdoutLine: {'line': b'-- Up-to-date: /home/harsh/ros2_project/install/px4_msgs/share/px4_msgs/msg/SensorHygrometer.msg\n'}
[1.454719] (px4_msgs) StdoutLine: {'line': b'-- Up-to-date: /home/harsh/ros2_project/install/px4_msgs/share/px4_msgs/msg/SensorMag.msg\n'}
[1.455073] (px4_msgs) StdoutLine: {'line': b'-- Up-to-date: /home/harsh/ros2_project/install/px4_msgs/share/px4_msgs/msg/SensorOpticalFlow.msg\n'}
[1.455423] (px4_msgs) StdoutLine: {'line': b'-- Up-to-date: /home/harsh/ros2_project/install/px4_msgs/share/px4_msgs/msg/SensorPreflightMag.msg\n'}
[1.455524] (px4_msgs) StdoutLine: {'line': b'-- Up-to-date: /home/harsh/ros2_project/install/px4_msgs/share/px4_msgs/msg/SensorSelection.msg\n'}
[1.455851] (px4_msgs) StdoutLine: {'line': b'-- Up-to-date: /home/harsh/ros2_project/install/px4_msgs/share/px4_msgs/msg/SensorUwb.msg\n'}
[1.456169] (px4_msgs) StdoutLine: {'line': b'-- Up-to-date: /home/harsh/ros2_project/install/px4_msgs/share/px4_msgs/msg/SensorsStatus.msg\n'}
[1.456378] (px4_msgs) StdoutLine: {'line': b'-- Up-to-date: /home/harsh/ros2_project/install/px4_msgs/share/px4_msgs/msg/SensorsStatusImu.msg\n'}
[1.456569] (px4_msgs) StdoutLine: {'line': b'-- Up-to-date: /home/harsh/ros2_project/install/px4_msgs/share/px4_msgs/msg/SystemPower.msg\n'}
[1.456808] (px4_msgs) StdoutLine: {'line': b'-- Up-to-date: /home/harsh/ros2_project/install/px4_msgs/share/px4_msgs/msg/TakeoffStatus.msg\n'}
[1.457123] (px4_msgs) StdoutLine: {'line': b'-- Up-to-date: /home/harsh/ros2_project/install/px4_msgs/share/px4_msgs/msg/TaskStackInfo.msg\n'}
[1.457345] (px4_msgs) StdoutLine: {'line': b'-- Up-to-date: /home/harsh/ros2_project/install/px4_msgs/share/px4_msgs/msg/TecsStatus.msg\n'}
[1.457535] (px4_msgs) StdoutLine: {'line': b'-- Up-to-date: /home/harsh/ros2_project/install/px4_msgs/share/px4_msgs/msg/TelemetryStatus.msg\n'}
[1.457776] (px4_msgs) StdoutLine: {'line': b'-- Up-to-date: /home/harsh/ros2_project/install/px4_msgs/share/px4_msgs/msg/TiltrotorExtraControls.msg\n'}
[1.458226] (px4_msgs) StdoutLine: {'line': b'-- Up-to-date: /home/harsh/ros2_project/install/px4_msgs/share/px4_msgs/msg/TimesyncStatus.msg\n'}
[1.458492] (px4_msgs) StdoutLine: {'line': b'-- Up-to-date: /home/harsh/ros2_project/install/px4_msgs/share/px4_msgs/msg/TrajectoryBezier.msg\n'}
[1.458733] (px4_msgs) StdoutLine: {'line': b'-- Up-to-date: /home/harsh/ros2_project/install/px4_msgs/share/px4_msgs/msg/TrajectorySetpoint.msg\n'}
[1.459018] (px4_msgs) StdoutLine: {'line': b'-- Up-to-date: /home/harsh/ros2_project/install/px4_msgs/share/px4_msgs/msg/TrajectoryWaypoint.msg\n'}
[1.459340] (px4_msgs) StdoutLine: {'line': b'-- Up-to-date: /home/harsh/ros2_project/install/px4_msgs/share/px4_msgs/msg/TransponderReport.msg\n'}
[1.459562] (px4_msgs) StdoutLine: {'line': b'-- Up-to-date: /home/harsh/ros2_project/install/px4_msgs/share/px4_msgs/msg/TuneControl.msg\n'}
[1.459769] (px4_msgs) StdoutLine: {'line': b'-- Up-to-date: /home/harsh/ros2_project/install/px4_msgs/share/px4_msgs/msg/UavcanParameterRequest.msg\n'}
[1.460053] (px4_msgs) StdoutLine: {'line': b'-- Up-to-date: /home/harsh/ros2_project/install/px4_msgs/share/px4_msgs/msg/UavcanParameterValue.msg\n'}
[1.460427] (px4_msgs) StdoutLine: {'line': b'-- Up-to-date: /home/harsh/ros2_project/install/px4_msgs/share/px4_msgs/msg/UlogStream.msg\n'}
[1.460662] (px4_msgs) StdoutLine: {'line': b'-- Up-to-date: /home/harsh/ros2_project/install/px4_msgs/share/px4_msgs/msg/UlogStreamAck.msg\n'}
[1.460834] (px4_msgs) StdoutLine: {'line': b'-- Up-to-date: /home/harsh/ros2_project/install/px4_msgs/share/px4_msgs/msg/UnregisterExtComponent.msg\n'}
[1.461249] (px4_msgs) StdoutLine: {'line': b'-- Up-to-date: /home/harsh/ros2_project/install/px4_msgs/share/px4_msgs/msg/VehicleAcceleration.msg\n'}
[1.461735] (px4_msgs) StdoutLine: {'line': b'-- Up-to-date: /home/harsh/ros2_project/install/px4_msgs/share/px4_msgs/msg/VehicleAirData.msg\n'}
[1.462196] (px4_msgs) StdoutLine: {'line': b'-- Up-to-date: /home/harsh/ros2_project/install/px4_msgs/share/px4_msgs/msg/VehicleAngularAccelerationSetpoint.msg\n'}
[1.462352] (px4_msgs) StdoutLine: {'line': b'-- Up-to-date: /home/harsh/ros2_project/install/px4_msgs/share/px4_msgs/msg/VehicleAngularVelocity.msg\n'}
[1.462713] (px4_msgs) StdoutLine: {'line': b'-- Up-to-date: /home/harsh/ros2_project/install/px4_msgs/share/px4_msgs/msg/VehicleAttitude.msg\n'}
[1.463081] (px4_msgs) StdoutLine: {'line': b'-- Up-to-date: /home/harsh/ros2_project/install/px4_msgs/share/px4_msgs/msg/VehicleAttitudeSetpoint.msg\n'}
[1.463263] (px4_msgs) StdoutLine: {'line': b'-- Up-to-date: /home/harsh/ros2_project/install/px4_msgs/share/px4_msgs/msg/VehicleCommand.msg\n'}
[1.463479] (px4_msgs) StdoutLine: {'line': b'-- Up-to-date: /home/harsh/ros2_project/install/px4_msgs/share/px4_msgs/msg/VehicleCommandAck.msg\n'}
[1.463726] (px4_msgs) StdoutLine: {'line': b'-- Up-to-date: /home/harsh/ros2_project/install/px4_msgs/share/px4_msgs/msg/VehicleConstraints.msg\n'}
[1.464037] (px4_msgs) StdoutLine: {'line': b'-- Up-to-date: /home/harsh/ros2_project/install/px4_msgs/share/px4_msgs/msg/VehicleControlMode.msg\n'}
[1.464239] (px4_msgs) StdoutLine: {'line': b'-- Up-to-date: /home/harsh/ros2_project/install/px4_msgs/share/px4_msgs/msg/VehicleGlobalPosition.msg\n'}
[1.464456] (px4_msgs) StdoutLine: {'line': b'-- Up-to-date: /home/harsh/ros2_project/install/px4_msgs/share/px4_msgs/msg/VehicleImu.msg\n'}
[1.464741] (px4_msgs) StdoutLine: {'line': b'-- Up-to-date: /home/harsh/ros2_project/install/px4_msgs/share/px4_msgs/msg/VehicleImuStatus.msg\n'}
[1.465063] (px4_msgs) StdoutLine: {'line': b'-- Up-to-date: /home/harsh/ros2_project/install/px4_msgs/share/px4_msgs/msg/VehicleLandDetected.msg\n'}
[1.465286] (px4_msgs) StdoutLine: {'line': b'-- Up-to-date: /home/harsh/ros2_project/install/px4_msgs/share/px4_msgs/msg/VehicleLocalPosition.msg\n'}
[1.465494] (px4_msgs) StdoutLine: {'line': b'-- Up-to-date: /home/harsh/ros2_project/install/px4_msgs/share/px4_msgs/msg/VehicleLocalPositionSetpoint.msg\n'}
[1.465747] (px4_msgs) StdoutLine: {'line': b'-- Up-to-date: /home/harsh/ros2_project/install/px4_msgs/share/px4_msgs/msg/VehicleMagnetometer.msg\n'}
[1.466099] (px4_msgs) StdoutLine: {'line': b'-- Up-to-date: /home/harsh/ros2_project/install/px4_msgs/share/px4_msgs/msg/VehicleOdometry.msg\n'}
[1.466407] (px4_msgs) StdoutLine: {'line': b'-- Up-to-date: /home/harsh/ros2_project/install/px4_msgs/share/px4_msgs/msg/VehicleOpticalFlow.msg\n'}
[1.466593] (px4_msgs) StdoutLine: {'line': b'-- Up-to-date: /home/harsh/ros2_project/install/px4_msgs/share/px4_msgs/msg/VehicleOpticalFlowVel.msg\n'}
[1.466764] (px4_msgs) StdoutLine: {'line': b'-- Up-to-date: /home/harsh/ros2_project/install/px4_msgs/share/px4_msgs/msg/VehicleRatesSetpoint.msg\n'}
[1.466978] (px4_msgs) StdoutLine: {'line': b'-- Up-to-date: /home/harsh/ros2_project/install/px4_msgs/share/px4_msgs/msg/VehicleRoi.msg\n'}
[1.467210] (px4_msgs) StdoutLine: {'line': b'-- Up-to-date: /home/harsh/ros2_project/install/px4_msgs/share/px4_msgs/msg/VehicleStatus.msg\n'}
[1.467374] (px4_msgs) StdoutLine: {'line': b'-- Up-to-date: /home/harsh/ros2_project/install/px4_msgs/share/px4_msgs/msg/VehicleThrustSetpoint.msg\n'}
[1.467604] (px4_msgs) StdoutLine: {'line': b'-- Up-to-date: /home/harsh/ros2_project/install/px4_msgs/share/px4_msgs/msg/VehicleTorqueSetpoint.msg\n'}
[1.467937] (px4_msgs) StdoutLine: {'line': b'-- Up-to-date: /home/harsh/ros2_project/install/px4_msgs/share/px4_msgs/msg/VehicleTrajectoryBezier.msg\n'}
[1.468225] (px4_msgs) StdoutLine: {'line': b'-- Up-to-date: /home/harsh/ros2_project/install/px4_msgs/share/px4_msgs/msg/VehicleTrajectoryWaypoint.msg\n'}
[1.468374] (px4_msgs) StdoutLine: {'line': b'-- Up-to-date: /home/harsh/ros2_project/install/px4_msgs/share/px4_msgs/msg/VelocityLimits.msg\n'}
[1.468647] (px4_msgs) StdoutLine: {'line': b'-- Up-to-date: /home/harsh/ros2_project/install/px4_msgs/share/px4_msgs/msg/VtolVehicleStatus.msg\n'}
[1.468959] (px4_msgs) StdoutLine: {'line': b'-- Up-to-date: /home/harsh/ros2_project/install/px4_msgs/share/px4_msgs/msg/WheelEncoders.msg\n'}
[1.469131] (px4_msgs) StdoutLine: {'line': b'-- Up-to-date: /home/harsh/ros2_project/install/px4_msgs/share/px4_msgs/msg/Wind.msg\n'}
[1.469348] (px4_msgs) StdoutLine: {'line': b'-- Up-to-date: /home/harsh/ros2_project/install/px4_msgs/share/px4_msgs/msg/YawEstimatorStatus.msg\n'}
[1.469564] (px4_msgs) StdoutLine: {'line': b'-- Up-to-date: /home/harsh/ros2_project/install/px4_msgs/share/px4_msgs/srv/VehicleCommand.srv\n'}
[1.469952] (px4_msgs) StdoutLine: {'line': b'-- Up-to-date: /home/harsh/ros2_project/install/px4_msgs/share/ament_index/resource_index/package_run_dependencies/px4_msgs\n'}
[1.470543] (px4_msgs) StdoutLine: {'line': b'-- Up-to-date: /home/harsh/ros2_project/install/px4_msgs/share/ament_index/resource_index/parent_prefix_path/px4_msgs\n'}
[1.471391] (px4_msgs) StdoutLine: {'line': b'-- Up-to-date: /home/harsh/ros2_project/install/px4_msgs/share/px4_msgs/environment/ament_prefix_path.sh\n'}
[1.472031] (px4_msgs) StdoutLine: {'line': b'-- Up-to-date: /home/harsh/ros2_project/install/px4_msgs/share/px4_msgs/environment/ament_prefix_path.dsv\n'}
[1.472596] (px4_msgs) StdoutLine: {'line': b'-- Up-to-date: /home/harsh/ros2_project/install/px4_msgs/share/px4_msgs/environment/path.sh\n'}
[1.473136] (px4_msgs) StdoutLine: {'line': b'-- Up-to-date: /home/harsh/ros2_project/install/px4_msgs/share/px4_msgs/environment/path.dsv\n'}
[1.473443] (px4_msgs) StdoutLine: {'line': b'-- Up-to-date: /home/harsh/ros2_project/install/px4_msgs/share/px4_msgs/local_setup.bash\n'}
[1.473828] (px4_msgs) StdoutLine: {'line': b'-- Up-to-date: /home/harsh/ros2_project/install/px4_msgs/share/px4_msgs/local_setup.sh\n'}
[1.474210] (px4_msgs) StdoutLine: {'line': b'-- Up-to-date: /home/harsh/ros2_project/install/px4_msgs/share/px4_msgs/local_setup.zsh\n'}
[1.474902] (px4_msgs) StdoutLine: {'line': b'-- Up-to-date: /home/harsh/ros2_project/install/px4_msgs/share/px4_msgs/local_setup.dsv\n'}
[1.475151] (px4_msgs) StdoutLine: {'line': b'-- Installing: /home/harsh/ros2_project/install/px4_msgs/share/px4_msgs/package.dsv\n'}
[1.475774] (px4_msgs) StdoutLine: {'line': b'-- Up-to-date: /home/harsh/ros2_project/install/px4_msgs/share/ament_index/resource_index/packages/px4_msgs\n'}
[1.476286] (px4_msgs) StdoutLine: {'line': b'-- Up-to-date: /home/harsh/ros2_project/install/px4_msgs/share/px4_msgs/cmake/export_px4_msgs__rosidl_generator_cExport.cmake\n'}
[1.476490] (px4_msgs) StdoutLine: {'line': b'-- Up-to-date: /home/harsh/ros2_project/install/px4_msgs/share/px4_msgs/cmake/export_px4_msgs__rosidl_generator_cExport-noconfig.cmake\n'}
[1.476734] (px4_msgs) StdoutLine: {'line': b'-- Up-to-date: /home/harsh/ros2_project/install/px4_msgs/share/px4_msgs/cmake/export_px4_msgs__rosidl_typesupport_fastrtps_cExport.cmake\n'}
[1.477057] (px4_msgs) StdoutLine: {'line': b'-- Up-to-date: /home/harsh/ros2_project/install/px4_msgs/share/px4_msgs/cmake/export_px4_msgs__rosidl_typesupport_fastrtps_cExport-noconfig.cmake\n'}
[1.477466] (px4_msgs) StdoutLine: {'line': b'-- Up-to-date: /home/harsh/ros2_project/install/px4_msgs/share/px4_msgs/cmake/export_px4_msgs__rosidl_generator_cppExport.cmake\n'}
[1.477870] (px4_msgs) StdoutLine: {'line': b'-- Up-to-date: /home/harsh/ros2_project/install/px4_msgs/share/px4_msgs/cmake/export_px4_msgs__rosidl_typesupport_fastrtps_cppExport.cmake\n'}
[1.477966] (px4_msgs) StdoutLine: {'line': b'-- Up-to-date: /home/harsh/ros2_project/install/px4_msgs/share/px4_msgs/cmake/export_px4_msgs__rosidl_typesupport_fastrtps_cppExport-noconfig.cmake\n'}
[1.478501] (px4_msgs) StdoutLine: {'line': b'-- Up-to-date: /home/harsh/ros2_project/install/px4_msgs/share/px4_msgs/cmake/px4_msgs__rosidl_typesupport_introspection_cExport.cmake\n'}
[1.478899] (px4_msgs) StdoutLine: {'line': b'-- Up-to-date: /home/harsh/ros2_project/install/px4_msgs/share/px4_msgs/cmake/px4_msgs__rosidl_typesupport_introspection_cExport-noconfig.cmake\n'}
[1.479154] (px4_msgs) StdoutLine: {'line': b'-- Up-to-date: /home/harsh/ros2_project/install/px4_msgs/share/px4_msgs/cmake/px4_msgs__rosidl_typesupport_cExport.cmake\n'}
[1.479367] (px4_msgs) StdoutLine: {'line': b'-- Up-to-date: /home/harsh/ros2_project/install/px4_msgs/share/px4_msgs/cmake/px4_msgs__rosidl_typesupport_cExport-noconfig.cmake\n'}
[1.479705] (px4_msgs) StdoutLine: {'line': b'-- Up-to-date: /home/harsh/ros2_project/install/px4_msgs/share/px4_msgs/cmake/px4_msgs__rosidl_typesupport_introspection_cppExport.cmake\n'}
[1.480023] (px4_msgs) StdoutLine: {'line': b'-- Up-to-date: /home/harsh/ros2_project/install/px4_msgs/share/px4_msgs/cmake/px4_msgs__rosidl_typesupport_introspection_cppExport-noconfig.cmake\n'}
[1.480292] (px4_msgs) StdoutLine: {'line': b'-- Up-to-date: /home/harsh/ros2_project/install/px4_msgs/share/px4_msgs/cmake/px4_msgs__rosidl_typesupport_cppExport.cmake\n'}
[1.480490] (px4_msgs) StdoutLine: {'line': b'-- Up-to-date: /home/harsh/ros2_project/install/px4_msgs/share/px4_msgs/cmake/px4_msgs__rosidl_typesupport_cppExport-noconfig.cmake\n'}
[1.480828] (px4_msgs) StdoutLine: {'line': b'-- Up-to-date: /home/harsh/ros2_project/install/px4_msgs/share/px4_msgs/cmake/export_px4_msgs__rosidl_generator_pyExport.cmake\n'}
[1.481185] (px4_msgs) StdoutLine: {'line': b'-- Up-to-date: /home/harsh/ros2_project/install/px4_msgs/share/px4_msgs/cmake/export_px4_msgs__rosidl_generator_pyExport-noconfig.cmake\n'}
[1.481437] (px4_msgs) StdoutLine: {'line': b'-- Up-to-date: /home/harsh/ros2_project/install/px4_msgs/share/px4_msgs/cmake/rosidl_cmake-extras.cmake\n'}
[1.481622] (px4_msgs) StdoutLine: {'line': b'-- Up-to-date: /home/harsh/ros2_project/install/px4_msgs/share/px4_msgs/cmake/ament_cmake_export_dependencies-extras.cmake\n'}
[1.481896] (px4_msgs) StdoutLine: {'line': b'-- Up-to-date: /home/harsh/ros2_project/install/px4_msgs/share/px4_msgs/cmake/ament_cmake_export_include_directories-extras.cmake\n'}
[1.482273] (px4_msgs) StdoutLine: {'line': b'-- Up-to-date: /home/harsh/ros2_project/install/px4_msgs/share/px4_msgs/cmake/ament_cmake_export_libraries-extras.cmake\n'}
[1.482715] (px4_msgs) StdoutLine: {'line': b'-- Up-to-date: /home/harsh/ros2_project/install/px4_msgs/share/px4_msgs/cmake/ament_cmake_export_targets-extras.cmake\n'}
[1.482795] (px4_msgs) StdoutLine: {'line': b'-- Up-to-date: /home/harsh/ros2_project/install/px4_msgs/share/px4_msgs/cmake/rosidl_cmake_export_typesupport_targets-extras.cmake\n'}
[1.483197] (px4_msgs) StdoutLine: {'line': b'-- Up-to-date: /home/harsh/ros2_project/install/px4_msgs/share/px4_msgs/cmake/rosidl_cmake_export_typesupport_libraries-extras.cmake\n'}
[1.483559] (px4_msgs) StdoutLine: {'line': b'-- Up-to-date: /home/harsh/ros2_project/install/px4_msgs/share/px4_msgs/cmake/px4_msgsConfig.cmake\n'}
[1.483608] (px4_msgs) StdoutLine: {'line': b'-- Up-to-date: /home/harsh/ros2_project/install/px4_msgs/share/px4_msgs/cmake/px4_msgsConfig-version.cmake\n'}
[1.483803] (px4_msgs) StdoutLine: {'line': b'-- Up-to-date: /home/harsh/ros2_project/install/px4_msgs/share/px4_msgs/package.xml\n'}
[1.487594] (px4_msgs) CommandEnded: {'returncode': 0}
[1.503298] (-) TimerEvent: {}
[1.509838] (px4_msgs) JobEnded: {'identifier': 'px4_msgs', 'rc': 0}
[1.510411] (ros2_project) JobStarted: {'identifier': 'ros2_project'}
[1.603391] (-) TimerEvent: {}
[1.703761] (-) TimerEvent: {}
[1.804516] (-) TimerEvent: {}
[1.904920] (-) TimerEvent: {}
[2.005387] (-) TimerEvent: {}
[2.105697] (-) TimerEvent: {}
[2.206029] (-) TimerEvent: {}
[2.306378] (-) TimerEvent: {}
[2.331975] (ros2_project) Command: {'cmd': ['/usr/bin/python3', '-W', 'ignore:setup.py install is deprecated', '-W', 'ignore:easy_install command is deprecated', 'setup.py', 'egg_info', '--egg-base', '../../../build/ros2_project', 'build', '--build-base', '/home/harsh/ros2_project/build/ros2_project/build', 'install', '--record', '/home/harsh/ros2_project/build/ros2_project/install.log', '--single-version-externally-managed', 'install_data'], 'cwd': '/home/harsh/ros2_project/src/ros2_project/ros2_project', 'env': {'GJS_DEBUG_TOPICS': 'JS ERROR;JS LOG', 'XDG_ACTIVATION_TOKEN': 'gnome-shell/Terminator/2901-1-harsh_TIME93268', 'LESSOPEN': '| /usr/bin/lesspipe %s', 'USER': 'harsh', 'GZ_CONFIG_PATH': '/opt/ros/jazzy/opt/gz_sim_vendor/share/gz:/opt/ros/jazzy/opt/sdformat_vendor/share/gz:/opt/ros/jazzy/opt/gz_gui_vendor/share/gz:/opt/ros/jazzy/opt/gz_transport_vendor/share/gz:/opt/ros/jazzy/opt/gz_rendering_vendor/share/gz:/opt/ros/jazzy/opt/gz_plugin_vendor/share/gz:/opt/ros/jazzy/opt/gz_fuel_tools_vendor/share/gz:/opt/ros/jazzy/opt/gz_msgs_vendor/share/gz:/opt/ros/jazzy/opt/gz_common_vendor/share/gz', 'XDG_SESSION_TYPE': 'x11', 'SHLVL': '1', 'LD_LIBRARY_PATH': '/home/harsh/ros2_project/install/px4_msgs/lib:/opt/ros/jazzy/opt/gz_sim_vendor/lib:/opt/ros/jazzy/opt/gz_sensors_vendor/lib:/opt/ros/jazzy/opt/gz_physics_vendor/lib:/opt/ros/jazzy/opt/sdformat_vendor/lib:/opt/ros/jazzy/opt/rviz_ogre_vendor/lib:/opt/ros/jazzy/lib/x86_64-linux-gnu:/opt/ros/jazzy/opt/gz_gui_vendor/lib:/opt/ros/jazzy/opt/gz_transport_vendor/lib:/opt/ros/jazzy/opt/gz_rendering_vendor/lib:/opt/ros/jazzy/opt/gz_plugin_vendor/lib:/opt/ros/jazzy/opt/gz_fuel_tools_vendor/lib:/opt/ros/jazzy/opt/gz_msgs_vendor/lib:/opt/ros/jazzy/opt/gz_common_vendor/lib:/opt/ros/jazzy/opt/gz_math_vendor/lib:/opt/ros/jazzy/opt/gz_utils_vendor/lib:/opt/ros/jazzy/opt/gz_tools_vendor/lib:/opt/ros/jazzy/opt/gz_ogre_next_vendor/lib:/opt/ros/jazzy/opt/gz_dartsim_vendor/lib:/opt/ros/jazzy/opt/gz_cmake_vendor/lib:/opt/ros/jazzy/lib', 'HOME': '/home/harsh', 'DESKTOP_SESSION': 'ubuntu', 'GIO_LAUNCHED_DESKTOP_FILE': '/usr/share/applications/terminator.desktop', 'ROS_PYTHON_VERSION': '3', 'GNOME_SHELL_SESSION_MODE': 'ubuntu', 'GTK_MODULES': 'gail:atk-bridge', 'PS1': '(yolo) \\[\\e]0;\\u@\\h: \\w\\a\\]${debian_chroot:+($debian_chroot)}\\[\\033[01;32m\\]\\u@\\h\\[\\033[00m\\]:\\[\\033[01;34m\\]\\w\\[\\033[00m\\]\\$', 'MANAGERPID': '2470', 'SYSTEMD_EXEC_PID': '2901', 'GSM_SKIP_SSH_AGENT_WORKAROUND': 'true', 'DBUS_SESSION_BUS_ADDRESS': 'unix:path=/run/user/1000/bus', 'COLORTERM': 'truecolor', 'TERMINATOR_DBUS_NAME': 'net.tenshu.Terminator23558193cd9818af7fe4d2c2f5bd9d00f', 'GIO_LAUNCHED_DESKTOP_FILE_PID': '4241', 'DEBUGINFOD_URLS': 'https://debuginfod.ubuntu.com', 'COLCON_PREFIX_PATH': '/home/harsh/ros2_project/install', 'ROS_DISTRO': 'jazzy', 'LOGNAME': 'harsh', 'JOURNAL_STREAM': '9:33124', '_': '/usr/bin/colcon', 'ROS_VERSION': '2', 'MEMORY_PRESSURE_WATCH': '/sys/fs/cgroup/user.slice/user-1000.slice/user@1000.service/session.slice/org.gnome.Shell@x11.service/memory.pressure', 'XDG_SESSION_CLASS': 'user', 'USERNAME': 'harsh', 'TERM': 'xterm-256color', 'GNOME_DESKTOP_SESSION_ID': 'this-is-deprecated', 'WINDOWPATH': '2', 'PATH': '/home/harsh/yolo/bin:/opt/ros/jazzy/opt/gz_msgs_vendor/bin:/opt/ros/jazzy/opt/gz_tools_vendor/bin:/opt/ros/jazzy/opt/gz_ogre_next_vendor/bin:/opt/ros/jazzy/bin:/home/harsh/.local/bin:/usr/local/sbin:/usr/local/bin:/usr/sbin:/usr/bin:/sbin:/bin:/usr/games:/usr/local/games:/snap/bin:/snap/bin', 'SESSION_MANAGER': 'local/harsh:@/tmp/.ICE-unix/2806,unix/harsh:/tmp/.ICE-unix/2806', 'INVOCATION_ID': '4e2239703d944941a029883b6660be4d', 'XDG_MENU_PREFIX': 'gnome-', 'XDG_RUNTIME_DIR': '/run/user/1000', 'DISPLAY': ':1', 'TERMINATOR_DBUS_PATH': '/net/tenshu/Terminator2', 'LANG': 'en_US.UTF-8', 'XDG_CURRENT_DESKTOP': 'ubuntu:GNOME', 'VIRTUAL_ENV_PROMPT': '(yolo)', 'XMODIFIERS': '@im=ibus', 'XDG_SESSION_DESKTOP': 'ubuntu', 'XAUTHORITY': '/run/user/1000/gdm/Xauthority', 'LS_COLORS': 'rs=0:di=01;34:ln=01;36:mh=00:pi=40;33:so=01;35:do=01;35:bd=40;33;01:cd=40;33;01:or=40;31;01:mi=00:su=37;41:sg=30;43:ca=00:tw=30;42:ow=34;42:st=37;44:ex=01;32:*.tar=01;31:*.tgz=01;31:*.arc=01;31:*.arj=01;31:*.taz=01;31:*.lha=01;31:*.lz4=01;31:*.lzh=01;31:*.lzma=01;31:*.tlz=01;31:*.txz=01;31:*.tzo=01;31:*.t7z=01;31:*.zip=01;31:*.z=01;31:*.dz=01;31:*.gz=01;31:*.lrz=01;31:*.lz=01;31:*.lzo=01;31:*.xz=01;31:*.zst=01;31:*.tzst=01;31:*.bz2=01;31:*.bz=01;31:*.tbz=01;31:*.tbz2=01;31:*.tz=01;31:*.deb=01;31:*.rpm=01;31:*.jar=01;31:*.war=01;31:*.ear=01;31:*.sar=01;31:*.rar=01;31:*.alz=01;31:*.ace=01;31:*.zoo=01;31:*.cpio=01;31:*.7z=01;31:*.rz=01;31:*.cab=01;31:*.wim=01;31:*.swm=01;31:*.dwm=01;31:*.esd=01;31:*.avif=01;35:*.jpg=01;35:*.jpeg=01;35:*.mjpg=01;35:*.mjpeg=01;35:*.gif=01;35:*.bmp=01;35:*.pbm=01;35:*.pgm=01;35:*.ppm=01;35:*.tga=01;35:*.xbm=01;35:*.xpm=01;35:*.tif=01;35:*.tiff=01;35:*.png=01;35:*.svg=01;35:*.svgz=01;35:*.mng=01;35:*.pcx=01;35:*.mov=01;35:*.mpg=01;35:*.mpeg=01;35:*.m2v=01;35:*.mkv=01;35:*.webm=01;35:*.webp=01;35:*.ogm=01;35:*.mp4=01;35:*.m4v=01;35:*.mp4v=01;35:*.vob=01;35:*.qt=01;35:*.nuv=01;35:*.wmv=01;35:*.asf=01;35:*.rm=01;35:*.rmvb=01;35:*.flc=01;35:*.avi=01;35:*.fli=01;35:*.flv=01;35:*.gl=01;35:*.dl=01;35:*.xcf=01;35:*.xwd=01;35:*.yuv=01;35:*.cgm=01;35:*.emf=01;35:*.ogv=01;35:*.ogx=01;35:*.aac=00;36:*.au=00;36:*.flac=00;36:*.m4a=00;36:*.mid=00;36:*.midi=00;36:*.mka=00;36:*.mp3=00;36:*.mpc=00;36:*.ogg=00;36:*.ra=00;36:*.wav=00;36:*.oga=00;36:*.opus=00;36:*.spx=00;36:*.xspf=00;36:*~=00;90:*#=00;90:*.bak=00;90:*.crdownload=00;90:*.dpkg-dist=00;90:*.dpkg-new=00;90:*.dpkg-old=00;90:*.dpkg-tmp=00;90:*.old=00;90:*.orig=00;90:*.part=00;90:*.rej=00;90:*.rpmnew=00;90:*.rpmorig=00;90:*.rpmsave=00;90:*.swp=00;90:*.tmp=00;90:*.ucf-dist=00;90:*.ucf-new=00;90:*.ucf-old=00;90:', 'SSH_AUTH_SOCK': '/run/user/1000/keyring/ssh', 'AMENT_PREFIX_PATH': '/home/harsh/ros2_project/install/ros2_project:/home/harsh/ros2_project/install/px4_msgs:/opt/ros/jazzy', 'SHELL': '/bin/bash', 'TERMINATOR_UUID': 'urn:uuid:6709cddb-6949-4e25-8283-2b735b801b48', 'QT_ACCESSIBILITY': '1', 'GDMSESSION': 'ubuntu', 'LESSCLOSE': '/usr/bin/lesspipe %s %s', 'GPG_AGENT_INFO': '/run/user/1000/gnupg/S.gpg-agent:0:1', 'GJS_DEBUG_OUTPUT': 'stderr', 'VIRTUAL_ENV': '/home/harsh/yolo', 'ROS_AUTOMATIC_DISCOVERY_RANGE': 'SUBNET', 'QT_IM_MODULE': 'ibus', 'PWD': '/home/harsh/ros2_project/build/ros2_project', 'LC_ALL': 'en_US.UTF-8', 'XDG_CONFIG_DIRS': '/etc/xdg/xdg-ubuntu:/etc/xdg', 'XDG_DATA_DIRS': '/usr/share/ubuntu:/usr/share/gnome:/usr/local/share/:/usr/share/:/var/lib/snapd/desktop', 'PYTHONPATH': '/home/harsh/ros2_project/build/ros2_project/prefix_override:/usr/lib/python3/dist-packages/colcon_core/task/python/colcon_distutils_commands:/home/harsh/ros2_project/install/ros2_project/lib/python3.12/site-packages:/home/harsh/ros2_project/install/px4_msgs/lib/python3.12/site-packages:/home/harsh/ros2_project/install/ros2_project/lib/python3.12/site-packages:/opt/ros/jazzy/lib/python3.12/site-packages:/home/harsh/ros2_project/install/ros2_project/lib/python3.12/site-packages:/home/harsh/ros2_project/install/px4_msgs/lib/python3.12/site-packages:/opt/ros/jazzy/lib/python3.12/site-packages:$PYTHONPATH:/home/harsh/yolo/lib/python3.12/site-packages:/home/harsh/yolo/lib/python3.12/site-packages', 'COLCON': '1', 'MEMORY_PRESSURE_WRITE': 'c29tZSAyMDAwMDAgMjAwMDAwMAA=', 'VTE_VERSION': '7600', 'CMAKE_PREFIX_PATH': '/home/harsh/ros2_project/install/px4_msgs:/opt/ros/jazzy/opt/gz_sim_vendor:/opt/ros/jazzy/opt/gz_sensors_vendor:/opt/ros/jazzy/opt/gz_physics_vendor:/opt/ros/jazzy/opt/sdformat_vendor:/opt/ros/jazzy/opt/gz_gui_vendor:/opt/ros/jazzy/opt/gz_transport_vendor:/opt/ros/jazzy/opt/gz_rendering_vendor:/opt/ros/jazzy/opt/gz_plugin_vendor:/opt/ros/jazzy/opt/gz_fuel_tools_vendor:/opt/ros/jazzy/opt/gz_msgs_vendor:/opt/ros/jazzy/opt/gz_common_vendor:/opt/ros/jazzy/opt/gz_math_vendor:/opt/ros/jazzy/opt/gz_utils_vendor:/opt/ros/jazzy/opt/gz_tools_vendor:/opt/ros/jazzy/opt/gz_ogre_next_vendor:/opt/ros/jazzy/opt/gz_dartsim_vendor:/opt/ros/jazzy/opt/gz_cmake_vendor'}, 'shell': False}
[2.406511] (-) TimerEvent: {}
[2.484569] (ros2_project) StderrLine: {'line': b"/home/harsh/.local/lib/python3.12/site-packages/setuptools/_distutils/dist.py:289: UserWarning: Unknown distribution option: 'tests_require'\n"}
[2.484851] (ros2_project) StderrLine: {'line': b'  warnings.warn(msg)\n'}
[2.506613] (-) TimerEvent: {}
[2.607031] (-) TimerEvent: {}
[2.624241] (ros2_project) StdoutLine: {'line': b'running egg_info\n'}
[2.646621] (ros2_project) StdoutLine: {'line': b'writing ../../../build/ros2_project/ros2_project.egg-info/PKG-INFO\n'}
[2.647003] (ros2_project) StdoutLine: {'line': b'writing dependency_links to ../../../build/ros2_project/ros2_project.egg-info/dependency_links.txt\n'}
[2.647202] (ros2_project) StdoutLine: {'line': b'writing entry points to ../../../build/ros2_project/ros2_project.egg-info/entry_points.txt\n'}
[2.647342] (ros2_project) StdoutLine: {'line': b'writing requirements to ../../../build/ros2_project/ros2_project.egg-info/requires.txt\n'}
[2.647439] (ros2_project) StdoutLine: {'line': b'writing top-level names to ../../../build/ros2_project/ros2_project.egg-info/top_level.txt\n'}
[2.682144] (ros2_project) StdoutLine: {'line': b"reading manifest file '../../../build/ros2_project/ros2_project.egg-info/SOURCES.txt'\n"}
[2.682462] (ros2_project) StdoutLine: {'line': b"adding license file 'LICENSE'\n"}
[2.683163] (ros2_project) StdoutLine: {'line': b"writing manifest file '../../../build/ros2_project/ros2_project.egg-info/SOURCES.txt'\n"}
[2.683380] (ros2_project) StdoutLine: {'line': b'running build\n'}
[2.683458] (ros2_project) StdoutLine: {'line': b'running build_py\n'}
[2.683627] (ros2_project) StdoutLine: {'line': b'copying ros2_project/coordinates (Copy).py -> /home/harsh/ros2_project/build/ros2_project/build/lib/ros2_project\n'}
[2.683912] (ros2_project) StdoutLine: {'line': b'copying ros2_project/yolo.py -> /home/harsh/ros2_project/build/ros2_project/build/lib/ros2_project\n'}
[2.684009] (ros2_project) StdoutLine: {'line': b'copying ros2_project/coordinates.py -> /home/harsh/ros2_project/build/ros2_project/build/lib/ros2_project\n'}
[2.684306] (ros2_project) StdoutLine: {'line': b'running install\n'}
[2.688370] (ros2_project) StdoutLine: {'line': b'running install_lib\n'}
[2.706478] (ros2_project) StdoutLine: {'line': b'copying /home/harsh/ros2_project/build/ros2_project/build/lib/ros2_project/coordinates.py -> /home/harsh/ros2_project/install/ros2_project/lib/python3.12/site-packages/ros2_project\n'}
[2.707042] (ros2_project) StdoutLine: {'line': b'byte-compiling /home/harsh/ros2_project/install/ros2_project/lib/python3.12/site-packages/ros2_project/coordinates.py to coordinates.cpython-312.pyc\n'}
[2.707157] (-) TimerEvent: {}
[2.708862] (ros2_project) StdoutLine: {'line': b'running install_data\n'}
[2.709352] (ros2_project) StdoutLine: {'line': b'running install_egg_info\n'}
[2.727902] (ros2_project) StdoutLine: {'line': b"removing '/home/harsh/ros2_project/install/ros2_project/lib/python3.12/site-packages/ros2_project-0.0.0-py3.12.egg-info' (and everything under it)\n"}
[2.728174] (ros2_project) StdoutLine: {'line': b'Copying ../../../build/ros2_project/ros2_project.egg-info to /home/harsh/ros2_project/install/ros2_project/lib/python3.12/site-packages/ros2_project-0.0.0-py3.12.egg-info\n'}
[2.730488] (ros2_project) StdoutLine: {'line': b'running install_scripts\n'}
[2.807302] (-) TimerEvent: {}
[2.860616] (ros2_project) StdoutLine: {'line': b'Installing camera_info_publisher script to /home/harsh/ros2_project/install/ros2_project/lib/ros2_project\n'}
[2.861072] (ros2_project) StdoutLine: {'line': b'Installing control script to /home/harsh/ros2_project/install/ros2_project/lib/ros2_project\n'}
[2.861260] (ros2_project) StdoutLine: {'line': b'Installing coordinates script to /home/harsh/ros2_project/install/ros2_project/lib/ros2_project\n'}
[2.861374] (ros2_project) StdoutLine: {'line': b'Installing image_saver script to /home/harsh/ros2_project/install/ros2_project/lib/ros2_project\n'}
[2.861453] (ros2_project) StdoutLine: {'line': b'Installing odometry_tf_broadcaster script to /home/harsh/ros2_project/install/ros2_project/lib/ros2_project\n'}
[2.861524] (ros2_project) StdoutLine: {'line': b'Installing offboard_control script to /home/harsh/ros2_project/install/ros2_project/lib/ros2_project\n'}
[2.861641] (ros2_project) StdoutLine: {'line': b'Installing processes script to /home/harsh/ros2_project/install/ros2_project/lib/ros2_project\n'}
[2.861719] (ros2_project) StdoutLine: {'line': b'Installing velocity_control script to /home/harsh/ros2_project/install/ros2_project/lib/ros2_project\n'}
[2.861788] (ros2_project) StdoutLine: {'line': b'Installing visualizer script to /home/harsh/ros2_project/install/ros2_project/lib/ros2_project\n'}
[2.861866] (ros2_project) StdoutLine: {'line': b'Installing yolo script to /home/harsh/ros2_project/install/ros2_project/lib/ros2_project\n'}
[2.861980] (ros2_project) StdoutLine: {'line': b"writing list of installed files to '/home/harsh/ros2_project/build/ros2_project/install.log'\n"}
[2.905677] (ros2_project) CommandEnded: {'returncode': 0}
[2.907362] (-) TimerEvent: {}
[2.911478] (ros2_project) JobEnded: {'identifier': 'ros2_project', 'rc': 0}
[2.912377] (-) EventReactorShutdown: {}
