[0.000000] (-) TimerEvent: {}
[0.000749] (px4_msgs) JobQueued: {'identifier': 'px4_msgs', 'dependencies': OrderedDict()}
[0.000857] (ros2_project) JobQueued: {'identifier': 'ros2_project', 'dependencies': OrderedDict({'px4_msgs': '/home/harsh/ros2_project/install/px4_msgs'})}
[0.000900] (px4_msgs) JobStarted: {'identifier': 'px4_msgs'}
[0.010956] (px4_msgs) JobProgress: {'identifier': 'px4_msgs', 'progress': 'cmake'}
[0.012338] (px4_msgs) JobProgress: {'identifier': 'px4_msgs', 'progress': 'build'}
[0.012396] (px4_msgs) Command: {'cmd': ['/usr/bin/cmake', '--build', '/home/harsh/ros2_project/build/px4_msgs', '--', '-j22', '-l22'], 'cwd': '/home/harsh/ros2_project/build/px4_msgs', 'env': OrderedDict({'GJS_DEBUG_TOPICS': 'JS ERROR;JS LOG', 'XDG_ACTIVATION_TOKEN': 'gnome-shell/Terminator/2901-1-harsh_TIME93268', 'LESSOPEN': '| /usr/bin/lesspipe %s', 'USER': 'harsh', 'GZ_CONFIG_PATH': '/opt/ros/jazzy/opt/gz_sim_vendor/share/gz:/opt/ros/jazzy/opt/sdformat_vendor/share/gz:/opt/ros/jazzy/opt/gz_gui_vendor/share/gz:/opt/ros/jazzy/opt/gz_transport_vendor/share/gz:/opt/ros/jazzy/opt/gz_rendering_vendor/share/gz:/opt/ros/jazzy/opt/gz_plugin_vendor/share/gz:/opt/ros/jazzy/opt/gz_fuel_tools_vendor/share/gz:/opt/ros/jazzy/opt/gz_msgs_vendor/share/gz:/opt/ros/jazzy/opt/gz_common_vendor/share/gz', 'XDG_SESSION_TYPE': 'x11', 'SHLVL': '1', 'LD_LIBRARY_PATH': '/home/harsh/ros2_project/install/px4_msgs/lib:/opt/ros/jazzy/opt/gz_sim_vendor/lib:/opt/ros/jazzy/opt/gz_sensors_vendor/lib:/opt/ros/jazzy/opt/gz_physics_vendor/lib:/opt/ros/jazzy/opt/sdformat_vendor/lib:/opt/ros/jazzy/opt/rviz_ogre_vendor/lib:/opt/ros/jazzy/lib/x86_64-linux-gnu:/opt/ros/jazzy/opt/gz_gui_vendor/lib:/opt/ros/jazzy/opt/gz_transport_vendor/lib:/opt/ros/jazzy/opt/gz_rendering_vendor/lib:/opt/ros/jazzy/opt/gz_plugin_vendor/lib:/opt/ros/jazzy/opt/gz_fuel_tools_vendor/lib:/opt/ros/jazzy/opt/gz_msgs_vendor/lib:/opt/ros/jazzy/opt/gz_common_vendor/lib:/opt/ros/jazzy/opt/gz_math_vendor/lib:/opt/ros/jazzy/opt/gz_utils_vendor/lib:/opt/ros/jazzy/opt/gz_tools_vendor/lib:/opt/ros/jazzy/opt/gz_ogre_next_vendor/lib:/opt/ros/jazzy/opt/gz_dartsim_vendor/lib:/opt/ros/jazzy/opt/gz_cmake_vendor/lib:/opt/ros/jazzy/lib', 'HOME': '/home/harsh', 'DESKTOP_SESSION': 'ubuntu', 'GIO_LAUNCHED_DESKTOP_FILE': '/usr/share/applications/terminator.desktop', 'ROS_PYTHON_VERSION': '3', 'GNOME_SHELL_SESSION_MODE': 'ubuntu', 'GTK_MODULES': 'gail:atk-bridge', 'PS1': '(yolo) \\[\\e]0;\\u@\\h: \\w\\a\\]${debian_chroot:+($debian_chroot)}\\[\\033[01;32m\\]\\u@\\h\\[\\033[00m\\]:\\[\\033[01;34m\\]\\w\\[\\033[00m\\]\\$', 'MANAGERPID': '2470', 'SYSTEMD_EXEC_PID': '2901', 'GSM_SKIP_SSH_AGENT_WORKAROUND': 'true', 'DBUS_SESSION_BUS_ADDRESS': 'unix:path=/run/user/1000/bus', 'COLORTERM': 'truecolor', 'TERMINATOR_DBUS_NAME': 'net.tenshu.Terminator23558193cd9818af7fe4d2c2f5bd9d00f', 'GIO_LAUNCHED_DESKTOP_FILE_PID': '4241', 'DEBUGINFOD_URLS': 'https://debuginfod.ubuntu.com', 'COLCON_PREFIX_PATH': '/home/harsh/ros2_project/install', 'ROS_DISTRO': 'jazzy', 'LOGNAME': 'harsh', 'JOURNAL_STREAM': '9:33124', '_': '/usr/bin/colcon', 'ROS_VERSION': '2', 'MEMORY_PRESSURE_WATCH': '/sys/fs/cgroup/user.slice/user-1000.slice/user@1000.service/session.slice/org.gnome.Shell@x11.service/memory.pressure', 'XDG_SESSION_CLASS': 'user', 'USERNAME': 'harsh', 'TERM': 'xterm-256color', 'GNOME_DESKTOP_SESSION_ID': 'this-is-deprecated', 'WINDOWPATH': '2', 'PATH': '/home/harsh/yolo/bin:/opt/ros/jazzy/opt/gz_msgs_vendor/bin:/opt/ros/jazzy/opt/gz_tools_vendor/bin:/opt/ros/jazzy/opt/gz_ogre_next_vendor/bin:/opt/ros/jazzy/bin:/home/harsh/.local/bin:/usr/local/sbin:/usr/local/bin:/usr/sbin:/usr/bin:/sbin:/bin:/usr/games:/usr/local/games:/snap/bin:/snap/bin', 'SESSION_MANAGER': 'local/harsh:@/tmp/.ICE-unix/2806,unix/harsh:/tmp/.ICE-unix/2806', 'INVOCATION_ID': '4e2239703d944941a029883b6660be4d', 'XDG_MENU_PREFIX': 'gnome-', 'XDG_RUNTIME_DIR': '/run/user/1000', 'DISPLAY': ':1', 'TERMINATOR_DBUS_PATH': '/net/tenshu/Terminator2', 'LANG': 'en_US.UTF-8', 'XDG_CURRENT_DESKTOP': 'ubuntu:GNOME', 'VIRTUAL_ENV_PROMPT': '(yolo)', 'XMODIFIERS': '@im=ibus', 'XDG_SESSION_DESKTOP': 'ubuntu', 'XAUTHORITY': '/run/user/1000/gdm/Xauthority', 'LS_COLORS': 'rs=0:di=01;34:ln=01;36:mh=00:pi=40;33:so=01;35:do=01;35:bd=40;33;01:cd=40;33;01:or=40;31;01:mi=00:su=37;41:sg=30;43:ca=00:tw=30;42:ow=34;42:st=37;44:ex=01;32:*.tar=01;31:*.tgz=01;31:*.arc=01;31:*.arj=01;31:*.taz=01;31:*.lha=01;31:*.lz4=01;31:*.lzh=01;31:*.lzma=01;31:*.tlz=01;31:*.txz=01;31:*.tzo=01;31:*.t7z=01;31:*.zip=01;31:*.z=01;31:*.dz=01;31:*.gz=01;31:*.lrz=01;31:*.lz=01;31:*.lzo=01;31:*.xz=01;31:*.zst=01;31:*.tzst=01;31:*.bz2=01;31:*.bz=01;31:*.tbz=01;31:*.tbz2=01;31:*.tz=01;31:*.deb=01;31:*.rpm=01;31:*.jar=01;31:*.war=01;31:*.ear=01;31:*.sar=01;31:*.rar=01;31:*.alz=01;31:*.ace=01;31:*.zoo=01;31:*.cpio=01;31:*.7z=01;31:*.rz=01;31:*.cab=01;31:*.wim=01;31:*.swm=01;31:*.dwm=01;31:*.esd=01;31:*.avif=01;35:*.jpg=01;35:*.jpeg=01;35:*.mjpg=01;35:*.mjpeg=01;35:*.gif=01;35:*.bmp=01;35:*.pbm=01;35:*.pgm=01;35:*.ppm=01;35:*.tga=01;35:*.xbm=01;35:*.xpm=01;35:*.tif=01;35:*.tiff=01;35:*.png=01;35:*.svg=01;35:*.svgz=01;35:*.mng=01;35:*.pcx=01;35:*.mov=01;35:*.mpg=01;35:*.mpeg=01;35:*.m2v=01;35:*.mkv=01;35:*.webm=01;35:*.webp=01;35:*.ogm=01;35:*.mp4=01;35:*.m4v=01;35:*.mp4v=01;35:*.vob=01;35:*.qt=01;35:*.nuv=01;35:*.wmv=01;35:*.asf=01;35:*.rm=01;35:*.rmvb=01;35:*.flc=01;35:*.avi=01;35:*.fli=01;35:*.flv=01;35:*.gl=01;35:*.dl=01;35:*.xcf=01;35:*.xwd=01;35:*.yuv=01;35:*.cgm=01;35:*.emf=01;35:*.ogv=01;35:*.ogx=01;35:*.aac=00;36:*.au=00;36:*.flac=00;36:*.m4a=00;36:*.mid=00;36:*.midi=00;36:*.mka=00;36:*.mp3=00;36:*.mpc=00;36:*.ogg=00;36:*.ra=00;36:*.wav=00;36:*.oga=00;36:*.opus=00;36:*.spx=00;36:*.xspf=00;36:*~=00;90:*#=00;90:*.bak=00;90:*.crdownload=00;90:*.dpkg-dist=00;90:*.dpkg-new=00;90:*.dpkg-old=00;90:*.dpkg-tmp=00;90:*.old=00;90:*.orig=00;90:*.part=00;90:*.rej=00;90:*.rpmnew=00;90:*.rpmorig=00;90:*.rpmsave=00;90:*.swp=00;90:*.tmp=00;90:*.ucf-dist=00;90:*.ucf-new=00;90:*.ucf-old=00;90:', 'SSH_AUTH_SOCK': '/run/user/1000/keyring/ssh', 'AMENT_PREFIX_PATH': '/home/harsh/ros2_project/install/ros2_project:/home/harsh/ros2_project/install/px4_msgs:/opt/ros/jazzy', 'SHELL': '/bin/bash', 'TERMINATOR_UUID': 'urn:uuid:6709cddb-6949-4e25-8283-2b735b801b48', 'QT_ACCESSIBILITY': '1', 'GDMSESSION': 'ubuntu', 'LESSCLOSE': '/usr/bin/lesspipe %s %s', 'GPG_AGENT_INFO': '/run/user/1000/gnupg/S.gpg-agent:0:1', 'GJS_DEBUG_OUTPUT': 'stderr', 'VIRTUAL_ENV': '/home/harsh/yolo', 'ROS_AUTOMATIC_DISCOVERY_RANGE': 'SUBNET', 'QT_IM_MODULE': 'ibus', 'PWD': '/home/harsh/ros2_project/build/px4_msgs', 'LC_ALL': 'en_US.UTF-8', 'XDG_CONFIG_DIRS': '/etc/xdg/xdg-ubuntu:/etc/xdg', 'XDG_DATA_DIRS': '/usr/share/ubuntu:/usr/share/gnome:/usr/local/share/:/usr/share/:/var/lib/snapd/desktop', 'PYTHONPATH': '/home/harsh/ros2_project/install/ros2_project/lib/python3.12/site-packages:/home/harsh/ros2_project/install/px4_msgs/lib/python3.12/site-packages:/opt/ros/jazzy/lib/python3.12/site-packages:$PYTHONPATH:/home/harsh/yolo/lib/python3.12/site-packages', 'COLCON': '1', 'MEMORY_PRESSURE_WRITE': 'c29tZSAyMDAwMDAgMjAwMDAwMAA=', 'VTE_VERSION': '7600', 'CMAKE_PREFIX_PATH': '/home/harsh/ros2_project/install/px4_msgs:/opt/ros/jazzy/opt/gz_sim_vendor:/opt/ros/jazzy/opt/gz_sensors_vendor:/opt/ros/jazzy/opt/gz_physics_vendor:/opt/ros/jazzy/opt/sdformat_vendor:/opt/ros/jazzy/opt/gz_gui_vendor:/opt/ros/jazzy/opt/gz_transport_vendor:/opt/ros/jazzy/opt/gz_rendering_vendor:/opt/ros/jazzy/opt/gz_plugin_vendor:/opt/ros/jazzy/opt/gz_fuel_tools_vendor:/opt/ros/jazzy/opt/gz_msgs_vendor:/opt/ros/jazzy/opt/gz_common_vendor:/opt/ros/jazzy/opt/gz_math_vendor:/opt/ros/jazzy/opt/gz_utils_vendor:/opt/ros/jazzy/opt/gz_tools_vendor:/opt/ros/jazzy/opt/gz_ogre_next_vendor:/opt/ros/jazzy/opt/gz_dartsim_vendor:/opt/ros/jazzy/opt/gz_cmake_vendor:/home/harsh/ros2_project/install/ros2_project:/opt/ros/jazzy'}), 'shell': False}
[0.099669] (-) TimerEvent: {}
[0.200109] (-) TimerEvent: {}
[0.300595] (-) TimerEvent: {}
[0.401497] (-) TimerEvent: {}
[0.501879] (-) TimerEvent: {}
[0.602351] (-) TimerEvent: {}
[0.702874] (-) TimerEvent: {}
[0.803363] (-) TimerEvent: {}
[0.870827] (px4_msgs) StdoutLine: {'line': b'[  0%] Built target px4_msgs__rosidl_generator_type_description\n'}
[0.903562] (-) TimerEvent: {}
[0.909933] (px4_msgs) StdoutLine: {'line': b'[  0%] Built target ament_cmake_python_copy_px4_msgs\n'}
[0.946694] (px4_msgs) StdoutLine: {'line': b'[  0%] Built target px4_msgs__cpp\n'}
[1.003686] (-) TimerEvent: {}
[1.091169] (px4_msgs) StdoutLine: {'line': b'[ 29%] Built target px4_msgs__rosidl_generator_c\n'}
[1.103878] (-) TimerEvent: {}
[1.204544] (-) TimerEvent: {}
[1.247934] (px4_msgs) StdoutLine: {'line': b'[ 39%] Built target px4_msgs__rosidl_typesupport_introspection_c\n'}
[1.250853] (px4_msgs) StdoutLine: {'line': b'[ 49%] Built target px4_msgs__rosidl_typesupport_c\n'}
[1.262998] (px4_msgs) StdoutLine: {'line': b'[ 59%] Built target px4_msgs__rosidl_typesupport_fastrtps_c\n'}
[1.263936] (px4_msgs) StdoutLine: {'line': b'running egg_info\n'}
[1.269802] (px4_msgs) StdoutLine: {'line': b'[ 69%] Built target px4_msgs__rosidl_typesupport_introspection_cpp\n'}
[1.275074] (px4_msgs) StdoutLine: {'line': b'[ 79%] Built target px4_msgs__rosidl_typesupport_fastrtps_cpp\n'}
[1.292591] (px4_msgs) StdoutLine: {'line': b'writing px4_msgs.egg-info/PKG-INFO\n'}
[1.293187] (px4_msgs) StdoutLine: {'line': b'writing dependency_links to px4_msgs.egg-info/dependency_links.txt\n'}
[1.293526] (px4_msgs) StdoutLine: {'line': b'writing top-level names to px4_msgs.egg-info/top_level.txt\n'}
[1.304597] (-) TimerEvent: {}
[1.316767] (px4_msgs) StdoutLine: {'line': b'[ 89%] Built target px4_msgs__rosidl_typesupport_cpp\n'}
[1.351979] (px4_msgs) StdoutLine: {'line': b'[ 89%] Built target px4_msgs\n'}
[1.367599] (px4_msgs) StdoutLine: {'line': b"reading manifest file 'px4_msgs.egg-info/SOURCES.txt'\n"}
[1.372798] (px4_msgs) StdoutLine: {'line': b"writing manifest file 'px4_msgs.egg-info/SOURCES.txt'\n"}
[1.404768] (-) TimerEvent: {}
[1.414887] (px4_msgs) StdoutLine: {'line': b'[ 89%] Built target px4_msgs__py\n'}
[1.415245] (px4_msgs) StdoutLine: {'line': b'[ 89%] Built target ament_cmake_python_build_px4_msgs_egg\n'}
[1.504881] (-) TimerEvent: {}
[1.592544] (px4_msgs) StdoutLine: {'line': b'[ 99%] Built target px4_msgs__rosidl_generator_py\n'}
[1.604990] (-) TimerEvent: {}
[1.631998] (px4_msgs) StdoutLine: {'line': b'[ 99%] Built target px4_msgs_s__rosidl_typesupport_c\n'}
[1.632343] (px4_msgs) StdoutLine: {'line': b'[ 99%] Built target px4_msgs_s__rosidl_typesupport_fastrtps_c\n'}
[1.632607] (px4_msgs) StdoutLine: {'line': b'[100%] Built target px4_msgs_s__rosidl_typesupport_introspection_c\n'}
[1.651265] (px4_msgs) CommandEnded: {'returncode': 0}
[1.652869] (px4_msgs) JobProgress: {'identifier': 'px4_msgs', 'progress': 'install'}
[1.667738] (px4_msgs) Command: {'cmd': ['/usr/bin/cmake', '--install', '/home/harsh/ros2_project/build/px4_msgs'], 'cwd': '/home/harsh/ros2_project/build/px4_msgs', 'env': OrderedDict({'GJS_DEBUG_TOPICS': 'JS ERROR;JS LOG', 'XDG_ACTIVATION_TOKEN': 'gnome-shell/Terminator/2901-1-harsh_TIME93268', 'LESSOPEN': '| /usr/bin/lesspipe %s', 'USER': 'harsh', 'GZ_CONFIG_PATH': '/opt/ros/jazzy/opt/gz_sim_vendor/share/gz:/opt/ros/jazzy/opt/sdformat_vendor/share/gz:/opt/ros/jazzy/opt/gz_gui_vendor/share/gz:/opt/ros/jazzy/opt/gz_transport_vendor/share/gz:/opt/ros/jazzy/opt/gz_rendering_vendor/share/gz:/opt/ros/jazzy/opt/gz_plugin_vendor/share/gz:/opt/ros/jazzy/opt/gz_fuel_tools_vendor/share/gz:/opt/ros/jazzy/opt/gz_msgs_vendor/share/gz:/opt/ros/jazzy/opt/gz_common_vendor/share/gz', 'XDG_SESSION_TYPE': 'x11', 'SHLVL': '1', 'LD_LIBRARY_PATH': '/home/harsh/ros2_project/install/px4_msgs/lib:/opt/ros/jazzy/opt/gz_sim_vendor/lib:/opt/ros/jazzy/opt/gz_sensors_vendor/lib:/opt/ros/jazzy/opt/gz_physics_vendor/lib:/opt/ros/jazzy/opt/sdformat_vendor/lib:/opt/ros/jazzy/opt/rviz_ogre_vendor/lib:/opt/ros/jazzy/lib/x86_64-linux-gnu:/opt/ros/jazzy/opt/gz_gui_vendor/lib:/opt/ros/jazzy/opt/gz_transport_vendor/lib:/opt/ros/jazzy/opt/gz_rendering_vendor/lib:/opt/ros/jazzy/opt/gz_plugin_vendor/lib:/opt/ros/jazzy/opt/gz_fuel_tools_vendor/lib:/opt/ros/jazzy/opt/gz_msgs_vendor/lib:/opt/ros/jazzy/opt/gz_common_vendor/lib:/opt/ros/jazzy/opt/gz_math_vendor/lib:/opt/ros/jazzy/opt/gz_utils_vendor/lib:/opt/ros/jazzy/opt/gz_tools_vendor/lib:/opt/ros/jazzy/opt/gz_ogre_next_vendor/lib:/opt/ros/jazzy/opt/gz_dartsim_vendor/lib:/opt/ros/jazzy/opt/gz_cmake_vendor/lib:/opt/ros/jazzy/lib', 'HOME': '/home/harsh', 'DESKTOP_SESSION': 'ubuntu', 'GIO_LAUNCHED_DESKTOP_FILE': '/usr/share/applications/terminator.desktop', 'ROS_PYTHON_VERSION': '3', 'GNOME_SHELL_SESSION_MODE': 'ubuntu', 'GTK_MODULES': 'gail:atk-bridge', 'PS1': '(yolo) \\[\\e]0;\\u@\\h: \\w\\a\\]${debian_chroot:+($debian_chroot)}\\[\\033[01;32m\\]\\u@\\h\\[\\033[00m\\]:\\[\\033[01;34m\\]\\w\\[\\033[00m\\]\\$', 'MANAGERPID': '2470', 'SYSTEMD_EXEC_PID': '2901', 'GSM_SKIP_SSH_AGENT_WORKAROUND': 'true', 'DBUS_SESSION_BUS_ADDRESS': 'unix:path=/run/user/1000/bus', 'COLORTERM': 'truecolor', 'TERMINATOR_DBUS_NAME': 'net.tenshu.Terminator23558193cd9818af7fe4d2c2f5bd9d00f', 'GIO_LAUNCHED_DESKTOP_FILE_PID': '4241', 'DEBUGINFOD_URLS': 'https://debuginfod.ubuntu.com', 'COLCON_PREFIX_PATH': '/home/harsh/ros2_project/install', 'ROS_DISTRO': 'jazzy', 'LOGNAME': 'harsh', 'JOURNAL_STREAM': '9:33124', '_': '/usr/bin/colcon', 'ROS_VERSION': '2', 'MEMORY_PRESSURE_WATCH': '/sys/fs/cgroup/user.slice/user-1000.slice/user@1000.service/session.slice/org.gnome.Shell@x11.service/memory.pressure', 'XDG_SESSION_CLASS': 'user', 'USERNAME': 'harsh', 'TERM': 'xterm-256color', 'GNOME_DESKTOP_SESSION_ID': 'this-is-deprecated', 'WINDOWPATH': '2', 'PATH': '/home/harsh/yolo/bin:/opt/ros/jazzy/opt/gz_msgs_vendor/bin:/opt/ros/jazzy/opt/gz_tools_vendor/bin:/opt/ros/jazzy/opt/gz_ogre_next_vendor/bin:/opt/ros/jazzy/bin:/home/harsh/.local/bin:/usr/local/sbin:/usr/local/bin:/usr/sbin:/usr/bin:/sbin:/bin:/usr/games:/usr/local/games:/snap/bin:/snap/bin', 'SESSION_MANAGER': 'local/harsh:@/tmp/.ICE-unix/2806,unix/harsh:/tmp/.ICE-unix/2806', 'INVOCATION_ID': '4e2239703d944941a029883b6660be4d', 'XDG_MENU_PREFIX': 'gnome-', 'XDG_RUNTIME_DIR': '/run/user/1000', 'DISPLAY': ':1', 'TERMINATOR_DBUS_PATH': '/net/tenshu/Terminator2', 'LANG': 'en_US.UTF-8', 'XDG_CURRENT_DESKTOP': 'ubuntu:GNOME', 'VIRTUAL_ENV_PROMPT': '(yolo)', 'XMODIFIERS': '@im=ibus', 'XDG_SESSION_DESKTOP': 'ubuntu', 'XAUTHORITY': '/run/user/1000/gdm/Xauthority', 'LS_COLORS': 'rs=0:di=01;34:ln=01;36:mh=00:pi=40;33:so=01;35:do=01;35:bd=40;33;01:cd=40;33;01:or=40;31;01:mi=00:su=37;41:sg=30;43:ca=00:tw=30;42:ow=34;42:st=37;44:ex=01;32:*.tar=01;31:*.tgz=01;31:*.arc=01;31:*.arj=01;31:*.taz=01;31:*.lha=01;31:*.lz4=01;31:*.lzh=01;31:*.lzma=01;31:*.tlz=01;31:*.txz=01;31:*.tzo=01;31:*.t7z=01;31:*.zip=01;31:*.z=01;31:*.dz=01;31:*.gz=01;31:*.lrz=01;31:*.lz=01;31:*.lzo=01;31:*.xz=01;31:*.zst=01;31:*.tzst=01;31:*.bz2=01;31:*.bz=01;31:*.tbz=01;31:*.tbz2=01;31:*.tz=01;31:*.deb=01;31:*.rpm=01;31:*.jar=01;31:*.war=01;31:*.ear=01;31:*.sar=01;31:*.rar=01;31:*.alz=01;31:*.ace=01;31:*.zoo=01;31:*.cpio=01;31:*.7z=01;31:*.rz=01;31:*.cab=01;31:*.wim=01;31:*.swm=01;31:*.dwm=01;31:*.esd=01;31:*.avif=01;35:*.jpg=01;35:*.jpeg=01;35:*.mjpg=01;35:*.mjpeg=01;35:*.gif=01;35:*.bmp=01;35:*.pbm=01;35:*.pgm=01;35:*.ppm=01;35:*.tga=01;35:*.xbm=01;35:*.xpm=01;35:*.tif=01;35:*.tiff=01;35:*.png=01;35:*.svg=01;35:*.svgz=01;35:*.mng=01;35:*.pcx=01;35:*.mov=01;35:*.mpg=01;35:*.mpeg=01;35:*.m2v=01;35:*.mkv=01;35:*.webm=01;35:*.webp=01;35:*.ogm=01;35:*.mp4=01;35:*.m4v=01;35:*.mp4v=01;35:*.vob=01;35:*.qt=01;35:*.nuv=01;35:*.wmv=01;35:*.asf=01;35:*.rm=01;35:*.rmvb=01;35:*.flc=01;35:*.avi=01;35:*.fli=01;35:*.flv=01;35:*.gl=01;35:*.dl=01;35:*.xcf=01;35:*.xwd=01;35:*.yuv=01;35:*.cgm=01;35:*.emf=01;35:*.ogv=01;35:*.ogx=01;35:*.aac=00;36:*.au=00;36:*.flac=00;36:*.m4a=00;36:*.mid=00;36:*.midi=00;36:*.mka=00;36:*.mp3=00;36:*.mpc=00;36:*.ogg=00;36:*.ra=00;36:*.wav=00;36:*.oga=00;36:*.opus=00;36:*.spx=00;36:*.xspf=00;36:*~=00;90:*#=00;90:*.bak=00;90:*.crdownload=00;90:*.dpkg-dist=00;90:*.dpkg-new=00;90:*.dpkg-old=00;90:*.dpkg-tmp=00;90:*.old=00;90:*.orig=00;90:*.part=00;90:*.rej=00;90:*.rpmnew=00;90:*.rpmorig=00;90:*.rpmsave=00;90:*.swp=00;90:*.tmp=00;90:*.ucf-dist=00;90:*.ucf-new=00;90:*.ucf-old=00;90:', 'SSH_AUTH_SOCK': '/run/user/1000/keyring/ssh', 'AMENT_PREFIX_PATH': '/home/harsh/ros2_project/install/ros2_project:/home/harsh/ros2_project/install/px4_msgs:/opt/ros/jazzy', 'SHELL': '/bin/bash', 'TERMINATOR_UUID': 'urn:uuid:6709cddb-6949-4e25-8283-2b735b801b48', 'QT_ACCESSIBILITY': '1', 'GDMSESSION': 'ubuntu', 'LESSCLOSE': '/usr/bin/lesspipe %s %s', 'GPG_AGENT_INFO': '/run/user/1000/gnupg/S.gpg-agent:0:1', 'GJS_DEBUG_OUTPUT': 'stderr', 'VIRTUAL_ENV': '/home/harsh/yolo', 'ROS_AUTOMATIC_DISCOVERY_RANGE': 'SUBNET', 'QT_IM_MODULE': 'ibus', 'PWD': '/home/harsh/ros2_project/build/px4_msgs', 'LC_ALL': 'en_US.UTF-8', 'XDG_CONFIG_DIRS': '/etc/xdg/xdg-ubuntu:/etc/xdg', 'XDG_DATA_DIRS': '/usr/share/ubuntu:/usr/share/gnome:/usr/local/share/:/usr/share/:/var/lib/snapd/desktop', 'PYTHONPATH': '/home/harsh/ros2_project/install/ros2_project/lib/python3.12/site-packages:/home/harsh/ros2_project/install/px4_msgs/lib/python3.12/site-packages:/opt/ros/jazzy/lib/python3.12/site-packages:$PYTHONPATH:/home/harsh/yolo/lib/python3.12/site-packages', 'COLCON': '1', 'MEMORY_PRESSURE_WRITE': 'c29tZSAyMDAwMDAgMjAwMDAwMAA=', 'VTE_VERSION': '7600', 'CMAKE_PREFIX_PATH': '/home/harsh/ros2_project/install/px4_msgs:/opt/ros/jazzy/opt/gz_sim_vendor:/opt/ros/jazzy/opt/gz_sensors_vendor:/opt/ros/jazzy/opt/gz_physics_vendor:/opt/ros/jazzy/opt/sdformat_vendor:/opt/ros/jazzy/opt/gz_gui_vendor:/opt/ros/jazzy/opt/gz_transport_vendor:/opt/ros/jazzy/opt/gz_rendering_vendor:/opt/ros/jazzy/opt/gz_plugin_vendor:/opt/ros/jazzy/opt/gz_fuel_tools_vendor:/opt/ros/jazzy/opt/gz_msgs_vendor:/opt/ros/jazzy/opt/gz_common_vendor:/opt/ros/jazzy/opt/gz_math_vendor:/opt/ros/jazzy/opt/gz_utils_vendor:/opt/ros/jazzy/opt/gz_tools_vendor:/opt/ros/jazzy/opt/gz_ogre_next_vendor:/opt/ros/jazzy/opt/gz_dartsim_vendor:/opt/ros/jazzy/opt/gz_cmake_vendor:/home/harsh/ros2_project/install/ros2_project:/opt/ros/jazzy'}), 'shell': False}
[1.685757] (px4_msgs) StdoutLine: {'line': b'-- Install configuration: ""\n'}
[1.686009] (px4_msgs) StdoutLine: {'line': b'-- Up-to-date: /home/harsh/ros2_project/install/px4_msgs/share/ament_index/resource_index/rosidl_interfaces/px4_msgs\n'}
[1.686102] (px4_msgs) StdoutLine: {'line': b'-- Up-to-date: /home/harsh/ros2_project/install/px4_msgs/share/px4_msgs/msg/ActionRequest.json\n'}
[1.686208] (px4_msgs) StdoutLine: {'line': b'-- Up-to-date: /home/harsh/ros2_project/install/px4_msgs/share/px4_msgs/msg/ActuatorArmed.json\n'}
[1.686372] (px4_msgs) StdoutLine: {'line': b'-- Up-to-date: /home/harsh/ros2_project/install/px4_msgs/share/px4_msgs/msg/ActuatorControlsStatus.json\n'}
[1.686468] (px4_msgs) StdoutLine: {'line': b'-- Up-to-date: /home/harsh/ros2_project/install/px4_msgs/share/px4_msgs/msg/ActuatorMotors.json\n'}
[1.686542] (px4_msgs) StdoutLine: {'line': b'-- Up-to-date: /home/harsh/ros2_project/install/px4_msgs/share/px4_msgs/msg/ActuatorOutputs.json\n'}
[1.686616] (px4_msgs) StdoutLine: {'line': b'-- Up-to-date: /home/harsh/ros2_project/install/px4_msgs/share/px4_msgs/msg/ActuatorServos.json\n'}
[1.686687] (px4_msgs) StdoutLine: {'line': b'-- Up-to-date: /home/harsh/ros2_project/install/px4_msgs/share/px4_msgs/msg/ActuatorServosTrim.json\n'}
[1.686759] (px4_msgs) StdoutLine: {'line': b'-- Up-to-date: /home/harsh/ros2_project/install/px4_msgs/share/px4_msgs/msg/ActuatorTest.json\n'}
[1.686867] (px4_msgs) StdoutLine: {'line': b'-- Up-to-date: /home/harsh/ros2_project/install/px4_msgs/share/px4_msgs/msg/AdcReport.json\n'}
[1.686935] (px4_msgs) StdoutLine: {'line': b'-- Up-to-date: /home/harsh/ros2_project/install/px4_msgs/share/px4_msgs/msg/Airspeed.json\n'}
[1.687000] (px4_msgs) StdoutLine: {'line': b'-- Up-to-date: /home/harsh/ros2_project/install/px4_msgs/share/px4_msgs/msg/AirspeedValidated.json\n'}
[1.687074] (px4_msgs) StdoutLine: {'line': b'-- Up-to-date: /home/harsh/ros2_project/install/px4_msgs/share/px4_msgs/msg/AirspeedWind.json\n'}
[1.687193] (px4_msgs) StdoutLine: {'line': b'-- Up-to-date: /home/harsh/ros2_project/install/px4_msgs/share/px4_msgs/msg/ArmingCheckReply.json\n'}
[1.687281] (px4_msgs) StdoutLine: {'line': b'-- Up-to-date: /home/harsh/ros2_project/install/px4_msgs/share/px4_msgs/msg/ArmingCheckRequest.json\n'}
[1.687356] (px4_msgs) StdoutLine: {'line': b'-- Up-to-date: /home/harsh/ros2_project/install/px4_msgs/share/px4_msgs/msg/AutotuneAttitudeControlStatus.json\n'}
[1.687540] (px4_msgs) StdoutLine: {'line': b'-- Up-to-date: /home/harsh/ros2_project/install/px4_msgs/share/px4_msgs/msg/BatteryStatus.json\n'}
[1.687619] (px4_msgs) StdoutLine: {'line': b'-- Up-to-date: /home/harsh/ros2_project/install/px4_msgs/share/px4_msgs/msg/Buffer128.json\n'}
[1.687689] (px4_msgs) StdoutLine: {'line': b'-- Up-to-date: /home/harsh/ros2_project/install/px4_msgs/share/px4_msgs/msg/ButtonEvent.json\n'}
[1.687758] (px4_msgs) StdoutLine: {'line': b'-- Up-to-date: /home/harsh/ros2_project/install/px4_msgs/share/px4_msgs/msg/CameraCapture.json\n'}
[1.687886] (px4_msgs) StdoutLine: {'line': b'-- Up-to-date: /home/harsh/ros2_project/install/px4_msgs/share/px4_msgs/msg/CameraStatus.json\n'}
[1.687993] (px4_msgs) StdoutLine: {'line': b'-- Up-to-date: /home/harsh/ros2_project/install/px4_msgs/share/px4_msgs/msg/CameraTrigger.json\n'}
[1.688061] (px4_msgs) StdoutLine: {'line': b'-- Up-to-date: /home/harsh/ros2_project/install/px4_msgs/share/px4_msgs/msg/CanInterfaceStatus.json\n'}
[1.688136] (px4_msgs) StdoutLine: {'line': b'-- Up-to-date: /home/harsh/ros2_project/install/px4_msgs/share/px4_msgs/msg/CellularStatus.json\n'}
[1.688213] (px4_msgs) StdoutLine: {'line': b'-- Up-to-date: /home/harsh/ros2_project/install/px4_msgs/share/px4_msgs/msg/CollisionConstraints.json\n'}
[1.688304] (px4_msgs) StdoutLine: {'line': b'-- Up-to-date: /home/harsh/ros2_project/install/px4_msgs/share/px4_msgs/msg/CollisionReport.json\n'}
[1.688383] (px4_msgs) StdoutLine: {'line': b'-- Up-to-date: /home/harsh/ros2_project/install/px4_msgs/share/px4_msgs/msg/ConfigOverrides.json\n'}
[1.688461] (px4_msgs) StdoutLine: {'line': b'-- Up-to-date: /home/harsh/ros2_project/install/px4_msgs/share/px4_msgs/msg/ControlAllocatorStatus.json\n'}
[1.688533] (px4_msgs) StdoutLine: {'line': b'-- Up-to-date: /home/harsh/ros2_project/install/px4_msgs/share/px4_msgs/msg/Cpuload.json\n'}
[1.688610] (px4_msgs) StdoutLine: {'line': b'-- Up-to-date: /home/harsh/ros2_project/install/px4_msgs/share/px4_msgs/msg/DatamanRequest.json\n'}
[1.688849] (px4_msgs) StdoutLine: {'line': b'-- Up-to-date: /home/harsh/ros2_project/install/px4_msgs/share/px4_msgs/msg/DatamanResponse.json\n'}
[1.688924] (px4_msgs) StdoutLine: {'line': b'-- Up-to-date: /home/harsh/ros2_project/install/px4_msgs/share/px4_msgs/msg/DebugArray.json\n'}
[1.688993] (px4_msgs) StdoutLine: {'line': b'-- Up-to-date: /home/harsh/ros2_project/install/px4_msgs/share/px4_msgs/msg/DebugKeyValue.json\n'}
[1.689108] (px4_msgs) StdoutLine: {'line': b'-- Up-to-date: /home/harsh/ros2_project/install/px4_msgs/share/px4_msgs/msg/DebugValue.json\n'}
[1.689184] (px4_msgs) StdoutLine: {'line': b'-- Up-to-date: /home/harsh/ros2_project/install/px4_msgs/share/px4_msgs/msg/DebugVect.json\n'}
[1.689266] (px4_msgs) StdoutLine: {'line': b'-- Up-to-date: /home/harsh/ros2_project/install/px4_msgs/share/px4_msgs/msg/DifferentialDriveSetpoint.json\n'}
[1.689341] (px4_msgs) StdoutLine: {'line': b'-- Up-to-date: /home/harsh/ros2_project/install/px4_msgs/share/px4_msgs/msg/DifferentialPressure.json\n'}
[1.689409] (px4_msgs) StdoutLine: {'line': b'-- Up-to-date: /home/harsh/ros2_project/install/px4_msgs/share/px4_msgs/msg/DistanceSensor.json\n'}
[1.689477] (px4_msgs) StdoutLine: {'line': b'-- Up-to-date: /home/harsh/ros2_project/install/px4_msgs/share/px4_msgs/msg/Ekf2Timestamps.json\n'}
[1.689550] (px4_msgs) StdoutLine: {'line': b'-- Up-to-date: /home/harsh/ros2_project/install/px4_msgs/share/px4_msgs/msg/EscReport.json\n'}
[1.689620] (px4_msgs) StdoutLine: {'line': b'-- Up-to-date: /home/harsh/ros2_project/install/px4_msgs/share/px4_msgs/msg/EscStatus.json\n'}
[1.689742] (px4_msgs) StdoutLine: {'line': b'-- Up-to-date: /home/harsh/ros2_project/install/px4_msgs/share/px4_msgs/msg/EstimatorAidSource1d.json\n'}
[1.689851] (px4_msgs) StdoutLine: {'line': b'-- Up-to-date: /home/harsh/ros2_project/install/px4_msgs/share/px4_msgs/msg/EstimatorAidSource2d.json\n'}
[1.689948] (px4_msgs) StdoutLine: {'line': b'-- Up-to-date: /home/harsh/ros2_project/install/px4_msgs/share/px4_msgs/msg/EstimatorAidSource3d.json\n'}
[1.690092] (px4_msgs) StdoutLine: {'line': b'-- Up-to-date: /home/harsh/ros2_project/install/px4_msgs/share/px4_msgs/msg/EstimatorBias.json\n'}
[1.690162] (px4_msgs) StdoutLine: {'line': b'-- Up-to-date: /home/harsh/ros2_project/install/px4_msgs/share/px4_msgs/msg/EstimatorBias3d.json\n'}
[1.690243] (px4_msgs) StdoutLine: {'line': b'-- Up-to-date: /home/harsh/ros2_project/install/px4_msgs/share/px4_msgs/msg/EstimatorEventFlags.json\n'}
[1.690321] (px4_msgs) StdoutLine: {'line': b'-- Up-to-date: /home/harsh/ros2_project/install/px4_msgs/share/px4_msgs/msg/EstimatorGpsStatus.json\n'}
[1.690387] (px4_msgs) StdoutLine: {'line': b'-- Up-to-date: /home/harsh/ros2_project/install/px4_msgs/share/px4_msgs/msg/EstimatorInnovations.json\n'}
[1.690468] (px4_msgs) StdoutLine: {'line': b'-- Up-to-date: /home/harsh/ros2_project/install/px4_msgs/share/px4_msgs/msg/EstimatorSelectorStatus.json\n'}
[1.690550] (px4_msgs) StdoutLine: {'line': b'-- Up-to-date: /home/harsh/ros2_project/install/px4_msgs/share/px4_msgs/msg/EstimatorSensorBias.json\n'}
[1.690729] (px4_msgs) StdoutLine: {'line': b'-- Up-to-date: /home/harsh/ros2_project/install/px4_msgs/share/px4_msgs/msg/EstimatorStates.json\n'}
[1.690821] (px4_msgs) StdoutLine: {'line': b'-- Up-to-date: /home/harsh/ros2_project/install/px4_msgs/share/px4_msgs/msg/EstimatorStatus.json\n'}
[1.690903] (px4_msgs) StdoutLine: {'line': b'-- Up-to-date: /home/harsh/ros2_project/install/px4_msgs/share/px4_msgs/msg/EstimatorStatusFlags.json\n'}
[1.690982] (px4_msgs) StdoutLine: {'line': b'-- Up-to-date: /home/harsh/ros2_project/install/px4_msgs/share/px4_msgs/msg/Event.json\n'}
[1.691063] (px4_msgs) StdoutLine: {'line': b'-- Up-to-date: /home/harsh/ros2_project/install/px4_msgs/share/px4_msgs/msg/FailsafeFlags.json\n'}
[1.691141] (px4_msgs) StdoutLine: {'line': b'-- Up-to-date: /home/harsh/ros2_project/install/px4_msgs/share/px4_msgs/msg/FailureDetectorStatus.json\n'}
[1.691220] (px4_msgs) StdoutLine: {'line': b'-- Up-to-date: /home/harsh/ros2_project/install/px4_msgs/share/px4_msgs/msg/FigureEightStatus.json\n'}
[1.691313] (px4_msgs) StdoutLine: {'line': b'-- Up-to-date: /home/harsh/ros2_project/install/px4_msgs/share/px4_msgs/msg/FlightPhaseEstimation.json\n'}
[1.691395] (px4_msgs) StdoutLine: {'line': b'-- Up-to-date: /home/harsh/ros2_project/install/px4_msgs/share/px4_msgs/msg/FollowTarget.json\n'}
[1.691474] (px4_msgs) StdoutLine: {'line': b'-- Up-to-date: /home/harsh/ros2_project/install/px4_msgs/share/px4_msgs/msg/FollowTargetEstimator.json\n'}
[1.691554] (px4_msgs) StdoutLine: {'line': b'-- Up-to-date: /home/harsh/ros2_project/install/px4_msgs/share/px4_msgs/msg/FollowTargetStatus.json\n'}
[1.691634] (px4_msgs) StdoutLine: {'line': b'-- Up-to-date: /home/harsh/ros2_project/install/px4_msgs/share/px4_msgs/msg/GeneratorStatus.json\n'}
[1.691712] (px4_msgs) StdoutLine: {'line': b'-- Up-to-date: /home/harsh/ros2_project/install/px4_msgs/share/px4_msgs/msg/GeofenceResult.json\n'}
[1.691791] (px4_msgs) StdoutLine: {'line': b'-- Up-to-date: /home/harsh/ros2_project/install/px4_msgs/share/px4_msgs/msg/GeofenceStatus.json\n'}
[1.691872] (px4_msgs) StdoutLine: {'line': b'-- Up-to-date: /home/harsh/ros2_project/install/px4_msgs/share/px4_msgs/msg/GimbalControls.json\n'}
[1.691950] (px4_msgs) StdoutLine: {'line': b'-- Up-to-date: /home/harsh/ros2_project/install/px4_msgs/share/px4_msgs/msg/GimbalDeviceAttitudeStatus.json\n'}
[1.692032] (px4_msgs) StdoutLine: {'line': b'-- Up-to-date: /home/harsh/ros2_project/install/px4_msgs/share/px4_msgs/msg/GimbalDeviceInformation.json\n'}
[1.692107] (px4_msgs) StdoutLine: {'line': b'-- Up-to-date: /home/harsh/ros2_project/install/px4_msgs/share/px4_msgs/msg/GimbalDeviceSetAttitude.json\n'}
[1.692180] (px4_msgs) StdoutLine: {'line': b'-- Up-to-date: /home/harsh/ros2_project/install/px4_msgs/share/px4_msgs/msg/GimbalManagerInformation.json\n'}
[1.692264] (px4_msgs) StdoutLine: {'line': b'-- Up-to-date: /home/harsh/ros2_project/install/px4_msgs/share/px4_msgs/msg/GimbalManagerSetAttitude.json\n'}
[1.692705] (px4_msgs) StdoutLine: {'line': b'-- Up-to-date: /home/harsh/ros2_project/install/px4_msgs/share/px4_msgs/msg/GimbalManagerSetManualControl.json\n'}
[1.692798] (px4_msgs) StdoutLine: {'line': b'-- Up-to-date: /home/harsh/ros2_project/install/px4_msgs/share/px4_msgs/msg/GimbalManagerStatus.json\n'}
[1.692887] (px4_msgs) StdoutLine: {'line': b'-- Up-to-date: /home/harsh/ros2_project/install/px4_msgs/share/px4_msgs/msg/GotoSetpoint.json\n'}
[1.692979] (px4_msgs) StdoutLine: {'line': b'-- Up-to-date: /home/harsh/ros2_project/install/px4_msgs/share/px4_msgs/msg/GpioConfig.json\n'}
[1.693069] (px4_msgs) StdoutLine: {'line': b'-- Up-to-date: /home/harsh/ros2_project/install/px4_msgs/share/px4_msgs/msg/GpioIn.json\n'}
[1.693158] (px4_msgs) StdoutLine: {'line': b'-- Up-to-date: /home/harsh/ros2_project/install/px4_msgs/share/px4_msgs/msg/GpioOut.json\n'}
[1.693256] (px4_msgs) StdoutLine: {'line': b'-- Up-to-date: /home/harsh/ros2_project/install/px4_msgs/share/px4_msgs/msg/GpioRequest.json\n'}
[1.693352] (px4_msgs) StdoutLine: {'line': b'-- Up-to-date: /home/harsh/ros2_project/install/px4_msgs/share/px4_msgs/msg/GpsDump.json\n'}
[1.693445] (px4_msgs) StdoutLine: {'line': b'-- Up-to-date: /home/harsh/ros2_project/install/px4_msgs/share/px4_msgs/msg/GpsInjectData.json\n'}
[1.693534] (px4_msgs) StdoutLine: {'line': b'-- Up-to-date: /home/harsh/ros2_project/install/px4_msgs/share/px4_msgs/msg/Gripper.json\n'}
[1.693624] (px4_msgs) StdoutLine: {'line': b'-- Up-to-date: /home/harsh/ros2_project/install/px4_msgs/share/px4_msgs/msg/HealthReport.json\n'}
[1.693713] (px4_msgs) StdoutLine: {'line': b'-- Up-to-date: /home/harsh/ros2_project/install/px4_msgs/share/px4_msgs/msg/HeaterStatus.json\n'}
[1.693804] (px4_msgs) StdoutLine: {'line': b'-- Up-to-date: /home/harsh/ros2_project/install/px4_msgs/share/px4_msgs/msg/HomePosition.json\n'}
[1.693897] (px4_msgs) StdoutLine: {'line': b'-- Up-to-date: /home/harsh/ros2_project/install/px4_msgs/share/px4_msgs/msg/HoverThrustEstimate.json\n'}
[1.693988] (px4_msgs) StdoutLine: {'line': b'-- Up-to-date: /home/harsh/ros2_project/install/px4_msgs/share/px4_msgs/msg/InputRc.json\n'}
[1.694080] (px4_msgs) StdoutLine: {'line': b'-- Up-to-date: /home/harsh/ros2_project/install/px4_msgs/share/px4_msgs/msg/InternalCombustionEngineStatus.json\n'}
[1.694169] (px4_msgs) StdoutLine: {'line': b'-- Up-to-date: /home/harsh/ros2_project/install/px4_msgs/share/px4_msgs/msg/IridiumsbdStatus.json\n'}
[1.694274] (px4_msgs) StdoutLine: {'line': b'-- Up-to-date: /home/harsh/ros2_project/install/px4_msgs/share/px4_msgs/msg/IrlockReport.json\n'}
[1.694370] (px4_msgs) StdoutLine: {'line': b'-- Up-to-date: /home/harsh/ros2_project/install/px4_msgs/share/px4_msgs/msg/LandingGear.json\n'}
[1.694502] (px4_msgs) StdoutLine: {'line': b'-- Up-to-date: /home/harsh/ros2_project/install/px4_msgs/share/px4_msgs/msg/LandingGearWheel.json\n'}
[1.694593] (px4_msgs) StdoutLine: {'line': b'-- Up-to-date: /home/harsh/ros2_project/install/px4_msgs/share/px4_msgs/msg/LandingTargetInnovations.json\n'}
[1.694687] (px4_msgs) StdoutLine: {'line': b'-- Up-to-date: /home/harsh/ros2_project/install/px4_msgs/share/px4_msgs/msg/LandingTargetPose.json\n'}
[1.694774] (px4_msgs) StdoutLine: {'line': b'-- Up-to-date: /home/harsh/ros2_project/install/px4_msgs/share/px4_msgs/msg/LaunchDetectionStatus.json\n'}
[1.694864] (px4_msgs) StdoutLine: {'line': b'-- Up-to-date: /home/harsh/ros2_project/install/px4_msgs/share/px4_msgs/msg/LedControl.json\n'}
[1.694949] (px4_msgs) StdoutLine: {'line': b'-- Up-to-date: /home/harsh/ros2_project/install/px4_msgs/share/px4_msgs/msg/LogMessage.json\n'}
[1.695035] (px4_msgs) StdoutLine: {'line': b'-- Up-to-date: /home/harsh/ros2_project/install/px4_msgs/share/px4_msgs/msg/LoggerStatus.json\n'}
[1.695123] (px4_msgs) StdoutLine: {'line': b'-- Up-to-date: /home/harsh/ros2_project/install/px4_msgs/share/px4_msgs/msg/MagWorkerData.json\n'}
[1.695212] (px4_msgs) StdoutLine: {'line': b'-- Up-to-date: /home/harsh/ros2_project/install/px4_msgs/share/px4_msgs/msg/MagnetometerBiasEstimate.json\n'}
[1.695428] (px4_msgs) StdoutLine: {'line': b'-- Up-to-date: /home/harsh/ros2_project/install/px4_msgs/share/px4_msgs/msg/ManualControlSetpoint.json\n'}
[1.695500] (px4_msgs) StdoutLine: {'line': b'-- Up-to-date: /home/harsh/ros2_project/install/px4_msgs/share/px4_msgs/msg/ManualControlSwitches.json\n'}
[1.695571] (px4_msgs) StdoutLine: {'line': b'-- Up-to-date: /home/harsh/ros2_project/install/px4_msgs/share/px4_msgs/msg/MavlinkLog.json\n'}
[1.695643] (px4_msgs) StdoutLine: {'line': b'-- Up-to-date: /home/harsh/ros2_project/install/px4_msgs/share/px4_msgs/msg/MavlinkTunnel.json\n'}
[1.695716] (px4_msgs) StdoutLine: {'line': b'-- Up-to-date: /home/harsh/ros2_project/install/px4_msgs/share/px4_msgs/msg/MessageFormatRequest.json\n'}
[1.695787] (px4_msgs) StdoutLine: {'line': b'-- Up-to-date: /home/harsh/ros2_project/install/px4_msgs/share/px4_msgs/msg/MessageFormatResponse.json\n'}
[1.695859] (px4_msgs) StdoutLine: {'line': b'-- Up-to-date: /home/harsh/ros2_project/install/px4_msgs/share/px4_msgs/msg/Mission.json\n'}
[1.695931] (px4_msgs) StdoutLine: {'line': b'-- Up-to-date: /home/harsh/ros2_project/install/px4_msgs/share/px4_msgs/msg/MissionResult.json\n'}
[1.696003] (px4_msgs) StdoutLine: {'line': b'-- Up-to-date: /home/harsh/ros2_project/install/px4_msgs/share/px4_msgs/msg/ModeCompleted.json\n'}
[1.696077] (px4_msgs) StdoutLine: {'line': b'-- Up-to-date: /home/harsh/ros2_project/install/px4_msgs/share/px4_msgs/msg/MountOrientation.json\n'}
[1.696145] (px4_msgs) StdoutLine: {'line': b'-- Up-to-date: /home/harsh/ros2_project/install/px4_msgs/share/px4_msgs/msg/NavigatorMissionItem.json\n'}
[1.696215] (px4_msgs) StdoutLine: {'line': b'-- Up-to-date: /home/harsh/ros2_project/install/px4_msgs/share/px4_msgs/msg/NormalizedUnsignedSetpoint.json\n'}
[1.696301] (px4_msgs) StdoutLine: {'line': b'-- Up-to-date: /home/harsh/ros2_project/install/px4_msgs/share/px4_msgs/msg/NpfgStatus.json\n'}
[1.696378] (px4_msgs) StdoutLine: {'line': b'-- Up-to-date: /home/harsh/ros2_project/install/px4_msgs/share/px4_msgs/msg/ObstacleDistance.json\n'}
[1.696450] (px4_msgs) StdoutLine: {'line': b'-- Up-to-date: /home/harsh/ros2_project/install/px4_msgs/share/px4_msgs/msg/OffboardControlMode.json\n'}
[1.696725] (px4_msgs) StdoutLine: {'line': b'-- Up-to-date: /home/harsh/ros2_project/install/px4_msgs/share/px4_msgs/msg/OnboardComputerStatus.json\n'}
[1.696808] (px4_msgs) StdoutLine: {'line': b'-- Up-to-date: /home/harsh/ros2_project/install/px4_msgs/share/px4_msgs/msg/OrbTest.json\n'}
[1.696884] (px4_msgs) StdoutLine: {'line': b'-- Up-to-date: /home/harsh/ros2_project/install/px4_msgs/share/px4_msgs/msg/OrbTestLarge.json\n'}
[1.696960] (px4_msgs) StdoutLine: {'line': b'-- Up-to-date: /home/harsh/ros2_project/install/px4_msgs/share/px4_msgs/msg/OrbTestMedium.json\n'}
[1.697040] (px4_msgs) StdoutLine: {'line': b'-- Up-to-date: /home/harsh/ros2_project/install/px4_msgs/share/px4_msgs/msg/OrbitStatus.json\n'}
[1.697114] (px4_msgs) StdoutLine: {'line': b'-- Up-to-date: /home/harsh/ros2_project/install/px4_msgs/share/px4_msgs/msg/ParameterResetRequest.json\n'}
[1.697189] (px4_msgs) StdoutLine: {'line': b'-- Up-to-date: /home/harsh/ros2_project/install/px4_msgs/share/px4_msgs/msg/ParameterSetUsedRequest.json\n'}
[1.697592] (px4_msgs) StdoutLine: {'line': b'-- Up-to-date: /home/harsh/ros2_project/install/px4_msgs/share/px4_msgs/msg/ParameterSetValueRequest.json\n'}
[1.697692] (px4_msgs) StdoutLine: {'line': b'-- Up-to-date: /home/harsh/ros2_project/install/px4_msgs/share/px4_msgs/msg/ParameterSetValueResponse.json\n'}
[1.697782] (px4_msgs) StdoutLine: {'line': b'-- Up-to-date: /home/harsh/ros2_project/install/px4_msgs/share/px4_msgs/msg/ParameterUpdate.json\n'}
[1.697869] (px4_msgs) StdoutLine: {'line': b'-- Up-to-date: /home/harsh/ros2_project/install/px4_msgs/share/px4_msgs/msg/Ping.json\n'}
[1.697952] (px4_msgs) StdoutLine: {'line': b'-- Up-to-date: /home/harsh/ros2_project/install/px4_msgs/share/px4_msgs/msg/PositionControllerLandingStatus.json\n'}
[1.698028] (px4_msgs) StdoutLine: {'line': b'-- Up-to-date: /home/harsh/ros2_project/install/px4_msgs/share/px4_msgs/msg/PositionControllerStatus.json\n'}
[1.698305] (px4_msgs) StdoutLine: {'line': b'-- Up-to-date: /home/harsh/ros2_project/install/px4_msgs/share/px4_msgs/msg/PositionSetpoint.json\n'}
[1.698439] (px4_msgs) StdoutLine: {'line': b'-- Up-to-date: /home/harsh/ros2_project/install/px4_msgs/share/px4_msgs/msg/PositionSetpointTriplet.json\n'}
[1.698985] (px4_msgs) StdoutLine: {'line': b'-- Up-to-date: /home/harsh/ros2_project/install/px4_msgs/share/px4_msgs/msg/PowerButtonState.json\n'}
[1.699110] (px4_msgs) StdoutLine: {'line': b'-- Up-to-date: /home/harsh/ros2_project/install/px4_msgs/share/px4_msgs/msg/PowerMonitor.json\n'}
[1.699215] (px4_msgs) StdoutLine: {'line': b'-- Up-to-date: /home/harsh/ros2_project/install/px4_msgs/share/px4_msgs/msg/PpsCapture.json\n'}
[1.699396] (px4_msgs) StdoutLine: {'line': b'-- Up-to-date: /home/harsh/ros2_project/install/px4_msgs/share/px4_msgs/msg/PwmInput.json\n'}
[1.699497] (px4_msgs) StdoutLine: {'line': b'-- Up-to-date: /home/harsh/ros2_project/install/px4_msgs/share/px4_msgs/msg/Px4ioStatus.json\n'}
[1.699665] (px4_msgs) StdoutLine: {'line': b'-- Up-to-date: /home/harsh/ros2_project/install/px4_msgs/share/px4_msgs/msg/QshellReq.json\n'}
[1.699758] (px4_msgs) StdoutLine: {'line': b'-- Up-to-date: /home/harsh/ros2_project/install/px4_msgs/share/px4_msgs/msg/QshellRetval.json\n'}
[1.699851] (px4_msgs) StdoutLine: {'line': b'-- Up-to-date: /home/harsh/ros2_project/install/px4_msgs/share/px4_msgs/msg/RadioStatus.json\n'}
[1.699941] (px4_msgs) StdoutLine: {'line': b'-- Up-to-date: /home/harsh/ros2_project/install/px4_msgs/share/px4_msgs/msg/RateCtrlStatus.json\n'}
[1.700036] (px4_msgs) StdoutLine: {'line': b'-- Up-to-date: /home/harsh/ros2_project/install/px4_msgs/share/px4_msgs/msg/RcChannels.json\n'}
[1.700130] (px4_msgs) StdoutLine: {'line': b'-- Up-to-date: /home/harsh/ros2_project/install/px4_msgs/share/px4_msgs/msg/RcParameterMap.json\n'}
[1.700225] (px4_msgs) StdoutLine: {'line': b'-- Up-to-date: /home/harsh/ros2_project/install/px4_msgs/share/px4_msgs/msg/RegisterExtComponentReply.json\n'}
[1.700344] (px4_msgs) StdoutLine: {'line': b'-- Up-to-date: /home/harsh/ros2_project/install/px4_msgs/share/px4_msgs/msg/RegisterExtComponentRequest.json\n'}
[1.700441] (px4_msgs) StdoutLine: {'line': b'-- Up-to-date: /home/harsh/ros2_project/install/px4_msgs/share/px4_msgs/msg/Rpm.json\n'}
[1.700535] (px4_msgs) StdoutLine: {'line': b'-- Up-to-date: /home/harsh/ros2_project/install/px4_msgs/share/px4_msgs/msg/RtlStatus.json\n'}
[1.700627] (px4_msgs) StdoutLine: {'line': b'-- Up-to-date: /home/harsh/ros2_project/install/px4_msgs/share/px4_msgs/msg/RtlTimeEstimate.json\n'}
[1.700725] (px4_msgs) StdoutLine: {'line': b'-- Up-to-date: /home/harsh/ros2_project/install/px4_msgs/share/px4_msgs/msg/SatelliteInfo.json\n'}
[1.700824] (px4_msgs) StdoutLine: {'line': b'-- Up-to-date: /home/harsh/ros2_project/install/px4_msgs/share/px4_msgs/msg/SensorAccel.json\n'}
[1.700925] (px4_msgs) StdoutLine: {'line': b'-- Up-to-date: /home/harsh/ros2_project/install/px4_msgs/share/px4_msgs/msg/SensorAccelFifo.json\n'}
[1.701023] (px4_msgs) StdoutLine: {'line': b'-- Up-to-date: /home/harsh/ros2_project/install/px4_msgs/share/px4_msgs/msg/SensorAirflow.json\n'}
[1.701124] (px4_msgs) StdoutLine: {'line': b'-- Up-to-date: /home/harsh/ros2_project/install/px4_msgs/share/px4_msgs/msg/SensorBaro.json\n'}
[1.701224] (px4_msgs) StdoutLine: {'line': b'-- Up-to-date: /home/harsh/ros2_project/install/px4_msgs/share/px4_msgs/msg/SensorCombined.json\n'}
[1.701340] (px4_msgs) StdoutLine: {'line': b'-- Up-to-date: /home/harsh/ros2_project/install/px4_msgs/share/px4_msgs/msg/SensorCorrection.json\n'}
[1.701442] (px4_msgs) StdoutLine: {'line': b'-- Up-to-date: /home/harsh/ros2_project/install/px4_msgs/share/px4_msgs/msg/SensorGnssRelative.json\n'}
[1.701544] (px4_msgs) StdoutLine: {'line': b'-- Up-to-date: /home/harsh/ros2_project/install/px4_msgs/share/px4_msgs/msg/SensorGps.json\n'}
[1.701654] (px4_msgs) StdoutLine: {'line': b'-- Up-to-date: /home/harsh/ros2_project/install/px4_msgs/share/px4_msgs/msg/SensorGyro.json\n'}
[1.701863] (px4_msgs) StdoutLine: {'line': b'-- Up-to-date: /home/harsh/ros2_project/install/px4_msgs/share/px4_msgs/msg/SensorGyroFft.json\n'}
[1.702177] (px4_msgs) StdoutLine: {'line': b'-- Up-to-date: /home/harsh/ros2_project/install/px4_msgs/share/px4_msgs/msg/SensorGyroFifo.json\n'}
[1.702306] (px4_msgs) StdoutLine: {'line': b'-- Up-to-date: /home/harsh/ros2_project/install/px4_msgs/share/px4_msgs/msg/SensorHygrometer.json\n'}
[1.702415] (px4_msgs) StdoutLine: {'line': b'-- Up-to-date: /home/harsh/ros2_project/install/px4_msgs/share/px4_msgs/msg/SensorMag.json\n'}
[1.702571] (px4_msgs) StdoutLine: {'line': b'-- Up-to-date: /home/harsh/ros2_project/install/px4_msgs/share/px4_msgs/msg/SensorOpticalFlow.json\n'}
[1.702720] (px4_msgs) StdoutLine: {'line': b'-- Up-to-date: /home/harsh/ros2_project/install/px4_msgs/share/px4_msgs/msg/SensorPreflightMag.json\n'}
[1.702848] (px4_msgs) StdoutLine: {'line': b'-- Up-to-date: /home/harsh/ros2_project/install/px4_msgs/share/px4_msgs/msg/SensorSelection.json\n'}
[1.703013] (px4_msgs) StdoutLine: {'line': b'-- Up-to-date: /home/harsh/ros2_project/install/px4_msgs/share/px4_msgs/msg/SensorUwb.json\n'}
[1.703123] (px4_msgs) StdoutLine: {'line': b'-- Up-to-date: /home/harsh/ros2_project/install/px4_msgs/share/px4_msgs/msg/SensorsStatus.json\n'}
[1.703250] (px4_msgs) StdoutLine: {'line': b'-- Up-to-date: /home/harsh/ros2_project/install/px4_msgs/share/px4_msgs/msg/SensorsStatusImu.json\n'}
[1.703678] (px4_msgs) StdoutLine: {'line': b'-- Up-to-date: /home/harsh/ros2_project/install/px4_msgs/share/px4_msgs/msg/SystemPower.json\n'}
[1.703826] (px4_msgs) StdoutLine: {'line': b'-- Up-to-date: /home/harsh/ros2_project/install/px4_msgs/share/px4_msgs/msg/TakeoffStatus.json\n'}
[1.703990] (px4_msgs) StdoutLine: {'line': b'-- Up-to-date: /home/harsh/ros2_project/install/px4_msgs/share/px4_msgs/msg/TaskStackInfo.json\n'}
[1.704100] (px4_msgs) StdoutLine: {'line': b'-- Up-to-date: /home/harsh/ros2_project/install/px4_msgs/share/px4_msgs/msg/TecsStatus.json\n'}
[1.704204] (px4_msgs) StdoutLine: {'line': b'-- Up-to-date: /home/harsh/ros2_project/install/px4_msgs/share/px4_msgs/msg/TelemetryStatus.json\n'}
[1.704329] (px4_msgs) StdoutLine: {'line': b'-- Up-to-date: /home/harsh/ros2_project/install/px4_msgs/share/px4_msgs/msg/TiltrotorExtraControls.json\n'}
[1.704435] (px4_msgs) StdoutLine: {'line': b'-- Up-to-date: /home/harsh/ros2_project/install/px4_msgs/share/px4_msgs/msg/TimesyncStatus.json\n'}
[1.704546] (px4_msgs) StdoutLine: {'line': b'-- Up-to-date: /home/harsh/ros2_project/install/px4_msgs/share/px4_msgs/msg/TrajectoryBezier.json\n'}
[1.704666] (px4_msgs) StdoutLine: {'line': b'-- Up-to-date: /home/harsh/ros2_project/install/px4_msgs/share/px4_msgs/msg/TrajectorySetpoint.json\n'}
[1.704776] (px4_msgs) StdoutLine: {'line': b'-- Up-to-date: /home/harsh/ros2_project/install/px4_msgs/share/px4_msgs/msg/TrajectoryWaypoint.json\n'}
[1.704886] (px4_msgs) StdoutLine: {'line': b'-- Up-to-date: /home/harsh/ros2_project/install/px4_msgs/share/px4_msgs/msg/TransponderReport.json\n'}
[1.704994] (-) TimerEvent: {}
[1.705212] (px4_msgs) StdoutLine: {'line': b'-- Up-to-date: /home/harsh/ros2_project/install/px4_msgs/share/px4_msgs/msg/TuneControl.json\n'}
[1.705623] (px4_msgs) StdoutLine: {'line': b'-- Up-to-date: /home/harsh/ros2_project/install/px4_msgs/share/px4_msgs/msg/UavcanParameterRequest.json\n'}
[1.705749] (px4_msgs) StdoutLine: {'line': b'-- Up-to-date: /home/harsh/ros2_project/install/px4_msgs/share/px4_msgs/msg/UavcanParameterValue.json\n'}
[1.705870] (px4_msgs) StdoutLine: {'line': b'-- Up-to-date: /home/harsh/ros2_project/install/px4_msgs/share/px4_msgs/msg/UlogStream.json\n'}
[1.705998] (px4_msgs) StdoutLine: {'line': b'-- Up-to-date: /home/harsh/ros2_project/install/px4_msgs/share/px4_msgs/msg/UlogStreamAck.json\n'}
[1.706114] (px4_msgs) StdoutLine: {'line': b'-- Up-to-date: /home/harsh/ros2_project/install/px4_msgs/share/px4_msgs/msg/UnregisterExtComponent.json\n'}
[1.706227] (px4_msgs) StdoutLine: {'line': b'-- Up-to-date: /home/harsh/ros2_project/install/px4_msgs/share/px4_msgs/msg/VehicleAcceleration.json\n'}
[1.706379] (px4_msgs) StdoutLine: {'line': b'-- Up-to-date: /home/harsh/ros2_project/install/px4_msgs/share/px4_msgs/msg/VehicleAirData.json\n'}
[1.706508] (px4_msgs) StdoutLine: {'line': b'-- Up-to-date: /home/harsh/ros2_project/install/px4_msgs/share/px4_msgs/msg/VehicleAngularAccelerationSetpoint.json\n'}
[1.706625] (px4_msgs) StdoutLine: {'line': b'-- Up-to-date: /home/harsh/ros2_project/install/px4_msgs/share/px4_msgs/msg/VehicleAngularVelocity.json\n'}
[1.706738] (px4_msgs) StdoutLine: {'line': b'-- Up-to-date: /home/harsh/ros2_project/install/px4_msgs/share/px4_msgs/msg/VehicleAttitude.json\n'}
[1.706857] (px4_msgs) StdoutLine: {'line': b'-- Up-to-date: /home/harsh/ros2_project/install/px4_msgs/share/px4_msgs/msg/VehicleAttitudeSetpoint.json\n'}
[1.706974] (px4_msgs) StdoutLine: {'line': b'-- Up-to-date: /home/harsh/ros2_project/install/px4_msgs/share/px4_msgs/msg/VehicleCommand.json\n'}
[1.707095] (px4_msgs) StdoutLine: {'line': b'-- Up-to-date: /home/harsh/ros2_project/install/px4_msgs/share/px4_msgs/msg/VehicleCommandAck.json\n'}
[1.707214] (px4_msgs) StdoutLine: {'line': b'-- Up-to-date: /home/harsh/ros2_project/install/px4_msgs/share/px4_msgs/msg/VehicleConstraints.json\n'}
[1.707414] (px4_msgs) StdoutLine: {'line': b'-- Up-to-date: /home/harsh/ros2_project/install/px4_msgs/share/px4_msgs/msg/VehicleControlMode.json\n'}
[1.708110] (px4_msgs) StdoutLine: {'line': b'-- Up-to-date: /home/harsh/ros2_project/install/px4_msgs/share/px4_msgs/msg/VehicleGlobalPosition.json\n'}
[1.708261] (px4_msgs) StdoutLine: {'line': b'-- Up-to-date: /home/harsh/ros2_project/install/px4_msgs/share/px4_msgs/msg/VehicleImu.json\n'}
[1.708663] (px4_msgs) StdoutLine: {'line': b'-- Up-to-date: /home/harsh/ros2_project/install/px4_msgs/share/px4_msgs/msg/VehicleImuStatus.json\n'}
[1.709067] (px4_msgs) StdoutLine: {'line': b'-- Up-to-date: /home/harsh/ros2_project/install/px4_msgs/share/px4_msgs/msg/VehicleLandDetected.json\n'}
[1.709246] (px4_msgs) StdoutLine: {'line': b'-- Up-to-date: /home/harsh/ros2_project/install/px4_msgs/share/px4_msgs/msg/VehicleLocalPosition.json\n'}
[1.709752] (px4_msgs) StdoutLine: {'line': b'-- Up-to-date: /home/harsh/ros2_project/install/px4_msgs/share/px4_msgs/msg/VehicleLocalPositionSetpoint.json\n'}
[1.710017] (px4_msgs) StdoutLine: {'line': b'-- Up-to-date: /home/harsh/ros2_project/install/px4_msgs/share/px4_msgs/msg/VehicleMagnetometer.json\n'}
[1.710173] (px4_msgs) StdoutLine: {'line': b'-- Up-to-date: /home/harsh/ros2_project/install/px4_msgs/share/px4_msgs/msg/VehicleOdometry.json\n'}
[1.710441] (px4_msgs) StdoutLine: {'line': b'-- Up-to-date: /home/harsh/ros2_project/install/px4_msgs/share/px4_msgs/msg/VehicleOpticalFlow.json\n'}
[1.710625] (px4_msgs) StdoutLine: {'line': b'-- Up-to-date: /home/harsh/ros2_project/install/px4_msgs/share/px4_msgs/msg/VehicleOpticalFlowVel.json\n'}
[1.710764] (px4_msgs) StdoutLine: {'line': b'-- Up-to-date: /home/harsh/ros2_project/install/px4_msgs/share/px4_msgs/msg/VehicleRatesSetpoint.json\n'}
[1.710903] (px4_msgs) StdoutLine: {'line': b'-- Up-to-date: /home/harsh/ros2_project/install/px4_msgs/share/px4_msgs/msg/VehicleRoi.json\n'}
[1.711040] (px4_msgs) StdoutLine: {'line': b'-- Up-to-date: /home/harsh/ros2_project/install/px4_msgs/share/px4_msgs/msg/VehicleStatus.json\n'}
[1.711205] (px4_msgs) StdoutLine: {'line': b'-- Up-to-date: /home/harsh/ros2_project/install/px4_msgs/share/px4_msgs/msg/VehicleThrustSetpoint.json\n'}
[1.711494] (px4_msgs) StdoutLine: {'line': b'-- Up-to-date: /home/harsh/ros2_project/install/px4_msgs/share/px4_msgs/msg/VehicleTorqueSetpoint.json\n'}
[1.711637] (px4_msgs) StdoutLine: {'line': b'-- Up-to-date: /home/harsh/ros2_project/install/px4_msgs/share/px4_msgs/msg/VehicleTrajectoryBezier.json\n'}
[1.711771] (px4_msgs) StdoutLine: {'line': b'-- Up-to-date: /home/harsh/ros2_project/install/px4_msgs/share/px4_msgs/msg/VehicleTrajectoryWaypoint.json\n'}
[1.711901] (px4_msgs) StdoutLine: {'line': b'-- Up-to-date: /home/harsh/ros2_project/install/px4_msgs/share/px4_msgs/msg/VelocityLimits.json\n'}
[1.712024] (px4_msgs) StdoutLine: {'line': b'-- Up-to-date: /home/harsh/ros2_project/install/px4_msgs/share/px4_msgs/msg/VtolVehicleStatus.json\n'}
[1.712228] (px4_msgs) StdoutLine: {'line': b'-- Up-to-date: /home/harsh/ros2_project/install/px4_msgs/share/px4_msgs/msg/WheelEncoders.json\n'}
[1.712485] (px4_msgs) StdoutLine: {'line': b'-- Up-to-date: /home/harsh/ros2_project/install/px4_msgs/share/px4_msgs/msg/Wind.json\n'}
[1.712611] (px4_msgs) StdoutLine: {'line': b'-- Up-to-date: /home/harsh/ros2_project/install/px4_msgs/share/px4_msgs/msg/YawEstimatorStatus.json\n'}
[1.712735] (px4_msgs) StdoutLine: {'line': b'-- Up-to-date: /home/harsh/ros2_project/install/px4_msgs/share/px4_msgs/srv/VehicleCommand.json\n'}
[1.712859] (px4_msgs) StdoutLine: {'line': b'-- Up-to-date: /home/harsh/ros2_project/install/px4_msgs/include/px4_msgs/px4_msgs\n'}
[1.712983] (px4_msgs) StdoutLine: {'line': b'-- Up-to-date: /home/harsh/ros2_project/install/px4_msgs/include/px4_msgs/px4_msgs/msg\n'}
[1.713110] (px4_msgs) StdoutLine: {'line': b'-- Up-to-date: /home/harsh/ros2_project/install/px4_msgs/include/px4_msgs/px4_msgs/msg/manual_control_switches.h\n'}
[1.713241] (px4_msgs) StdoutLine: {'line': b'-- Up-to-date: /home/harsh/ros2_project/install/px4_msgs/include/px4_msgs/px4_msgs/msg/debug_value.h\n'}
[1.713547] (px4_msgs) StdoutLine: {'line': b'-- Up-to-date: /home/harsh/ros2_project/install/px4_msgs/include/px4_msgs/px4_msgs/msg/gimbal_device_attitude_status.h\n'}
[1.713687] (px4_msgs) StdoutLine: {'line': b'-- Up-to-date: /home/harsh/ros2_project/install/px4_msgs/include/px4_msgs/px4_msgs/msg/system_power.h\n'}
[1.713820] (px4_msgs) StdoutLine: {'line': b'-- Up-to-date: /home/harsh/ros2_project/install/px4_msgs/include/px4_msgs/px4_msgs/msg/qshell_retval.h\n'}
[1.713944] (px4_msgs) StdoutLine: {'line': b'-- Up-to-date: /home/harsh/ros2_project/install/px4_msgs/include/px4_msgs/px4_msgs/msg/sensor_accel.h\n'}
[1.714078] (px4_msgs) StdoutLine: {'line': b'-- Up-to-date: /home/harsh/ros2_project/install/px4_msgs/include/px4_msgs/px4_msgs/msg/cpuload.h\n'}
[1.714220] (px4_msgs) StdoutLine: {'line': b'-- Up-to-date: /home/harsh/ros2_project/install/px4_msgs/include/px4_msgs/px4_msgs/msg/estimator_aid_source3d.h\n'}
[1.714551] (px4_msgs) StdoutLine: {'line': b'-- Up-to-date: /home/harsh/ros2_project/install/px4_msgs/include/px4_msgs/px4_msgs/msg/estimator_gps_status.h\n'}
[1.714710] (px4_msgs) StdoutLine: {'line': b'-- Up-to-date: /home/harsh/ros2_project/install/px4_msgs/include/px4_msgs/px4_msgs/msg/wheel_encoders.h\n'}
[1.714862] (px4_msgs) StdoutLine: {'line': b'-- Up-to-date: /home/harsh/ros2_project/install/px4_msgs/include/px4_msgs/px4_msgs/msg/landing_gear_wheel.h\n'}
[1.715006] (px4_msgs) StdoutLine: {'line': b'-- Up-to-date: /home/harsh/ros2_project/install/px4_msgs/include/px4_msgs/px4_msgs/msg/estimator_aid_source1d.h\n'}
[1.715140] (px4_msgs) StdoutLine: {'line': b'-- Up-to-date: /home/harsh/ros2_project/install/px4_msgs/include/px4_msgs/px4_msgs/msg/mag_worker_data.h\n'}
[1.715320] (px4_msgs) StdoutLine: {'line': b'-- Up-to-date: /home/harsh/ros2_project/install/px4_msgs/include/px4_msgs/px4_msgs/msg/adc_report.h\n'}
[1.715565] (px4_msgs) StdoutLine: {'line': b'-- Up-to-date: /home/harsh/ros2_project/install/px4_msgs/include/px4_msgs/px4_msgs/msg/orb_test.h\n'}
[1.715701] (px4_msgs) StdoutLine: {'line': b'-- Up-to-date: /home/harsh/ros2_project/install/px4_msgs/include/px4_msgs/px4_msgs/msg/launch_detection_status.h\n'}
[1.715853] (px4_msgs) StdoutLine: {'line': b'-- Up-to-date: /home/harsh/ros2_project/install/px4_msgs/include/px4_msgs/px4_msgs/msg/landing_gear.h\n'}
[1.716004] (px4_msgs) StdoutLine: {'line': b'-- Up-to-date: /home/harsh/ros2_project/install/px4_msgs/include/px4_msgs/px4_msgs/msg/vehicle_constraints.h\n'}
[1.716163] (px4_msgs) StdoutLine: {'line': b'-- Up-to-date: /home/harsh/ros2_project/install/px4_msgs/include/px4_msgs/px4_msgs/msg/sensor_combined.h\n'}
[1.716448] (px4_msgs) StdoutLine: {'line': b'-- Up-to-date: /home/harsh/ros2_project/install/px4_msgs/include/px4_msgs/px4_msgs/msg/debug_array.h\n'}
[1.716692] (px4_msgs) StdoutLine: {'line': b'-- Up-to-date: /home/harsh/ros2_project/install/px4_msgs/include/px4_msgs/px4_msgs/msg/ulog_stream_ack.h\n'}
[1.716955] (px4_msgs) StdoutLine: {'line': b'-- Up-to-date: /home/harsh/ros2_project/install/px4_msgs/include/px4_msgs/px4_msgs/msg/gps_dump.h\n'}
[1.717106] (px4_msgs) StdoutLine: {'line': b'-- Up-to-date: /home/harsh/ros2_project/install/px4_msgs/include/px4_msgs/px4_msgs/msg/gpio_request.h\n'}
[1.717266] (px4_msgs) StdoutLine: {'line': b'-- Up-to-date: /home/harsh/ros2_project/install/px4_msgs/include/px4_msgs/px4_msgs/msg/vehicle_command_ack.h\n'}
[1.717592] (px4_msgs) StdoutLine: {'line': b'-- Up-to-date: /home/harsh/ros2_project/install/px4_msgs/include/px4_msgs/px4_msgs/msg/debug_key_value.h\n'}
[1.717745] (px4_msgs) StdoutLine: {'line': b'-- Up-to-date: /home/harsh/ros2_project/install/px4_msgs/include/px4_msgs/px4_msgs/msg/estimator_bias.h\n'}
[1.717901] (px4_msgs) StdoutLine: {'line': b'-- Up-to-date: /home/harsh/ros2_project/install/px4_msgs/include/px4_msgs/px4_msgs/msg/mission.h\n'}
[1.718051] (px4_msgs) StdoutLine: {'line': b'-- Up-to-date: /home/harsh/ros2_project/install/px4_msgs/include/px4_msgs/px4_msgs/msg/estimator_aid_source2d.h\n'}
[1.718215] (px4_msgs) StdoutLine: {'line': b'-- Up-to-date: /home/harsh/ros2_project/install/px4_msgs/include/px4_msgs/px4_msgs/msg/airspeed.h\n'}
[1.718565] (px4_msgs) StdoutLine: {'line': b'-- Up-to-date: /home/harsh/ros2_project/install/px4_msgs/include/px4_msgs/px4_msgs/msg/vehicle_torque_setpoint.h\n'}
[1.718732] (px4_msgs) StdoutLine: {'line': b'-- Up-to-date: /home/harsh/ros2_project/install/px4_msgs/include/px4_msgs/px4_msgs/msg/actuator_controls_status.h\n'}
[1.718879] (px4_msgs) StdoutLine: {'line': b'-- Up-to-date: /home/harsh/ros2_project/install/px4_msgs/include/px4_msgs/px4_msgs/msg/logger_status.h\n'}
[1.719025] (px4_msgs) StdoutLine: {'line': b'-- Up-to-date: /home/harsh/ros2_project/install/px4_msgs/include/px4_msgs/px4_msgs/msg/actuator_test.h\n'}
[1.719171] (px4_msgs) StdoutLine: {'line': b'-- Up-to-date: /home/harsh/ros2_project/install/px4_msgs/include/px4_msgs/px4_msgs/msg/px4io_status.h\n'}
[1.719334] (px4_msgs) StdoutLine: {'line': b'-- Up-to-date: /home/harsh/ros2_project/install/px4_msgs/include/px4_msgs/px4_msgs/msg/npfg_status.h\n'}
[1.719478] (px4_msgs) StdoutLine: {'line': b'-- Up-to-date: /home/harsh/ros2_project/install/px4_msgs/include/px4_msgs/px4_msgs/msg/message_format_request.h\n'}
[1.719612] (px4_msgs) StdoutLine: {'line': b'-- Up-to-date: /home/harsh/ros2_project/install/px4_msgs/include/px4_msgs/px4_msgs/msg/button_event.h\n'}
[1.719764] (px4_msgs) StdoutLine: {'line': b'-- Up-to-date: /home/harsh/ros2_project/install/px4_msgs/include/px4_msgs/px4_msgs/msg/tiltrotor_extra_controls.h\n'}
[1.719931] (px4_msgs) StdoutLine: {'line': b'-- Up-to-date: /home/harsh/ros2_project/install/px4_msgs/include/px4_msgs/px4_msgs/msg/ekf2_timestamps.h\n'}
[1.720084] (px4_msgs) StdoutLine: {'line': b'-- Up-to-date: /home/harsh/ros2_project/install/px4_msgs/include/px4_msgs/px4_msgs/msg/position_controller_landing_status.h\n'}
[1.720245] (px4_msgs) StdoutLine: {'line': b'-- Up-to-date: /home/harsh/ros2_project/install/px4_msgs/include/px4_msgs/px4_msgs/msg/estimator_states.h\n'}
[1.721272] (px4_msgs) StdoutLine: {'line': b'-- Up-to-date: /home/harsh/ros2_project/install/px4_msgs/include/px4_msgs/px4_msgs/msg/collision_report.h\n'}
[1.721550] (px4_msgs) StdoutLine: {'line': b'-- Up-to-date: /home/harsh/ros2_project/install/px4_msgs/include/px4_msgs/px4_msgs/msg/camera_capture.h\n'}
[1.721708] (px4_msgs) StdoutLine: {'line': b'-- Up-to-date: /home/harsh/ros2_project/install/px4_msgs/include/px4_msgs/px4_msgs/msg/sensor_mag.h\n'}
[1.721876] (px4_msgs) StdoutLine: {'line': b'-- Up-to-date: /home/harsh/ros2_project/install/px4_msgs/include/px4_msgs/px4_msgs/msg/sensor_gps.h\n'}
[1.722027] (px4_msgs) StdoutLine: {'line': b'-- Up-to-date: /home/harsh/ros2_project/install/px4_msgs/include/px4_msgs/px4_msgs/msg/gpio_config.h\n'}
[1.722171] (px4_msgs) StdoutLine: {'line': b'-- Up-to-date: /home/harsh/ros2_project/install/px4_msgs/include/px4_msgs/px4_msgs/msg/telemetry_status.h\n'}
[1.722845] (px4_msgs) StdoutLine: {'line': b'-- Up-to-date: /home/harsh/ros2_project/install/px4_msgs/include/px4_msgs/px4_msgs/msg/gimbal_manager_set_manual_control.h\n'}
[1.723009] (px4_msgs) StdoutLine: {'line': b'-- Up-to-date: /home/harsh/ros2_project/install/px4_msgs/include/px4_msgs/px4_msgs/msg/esc_report.h\n'}
[1.723138] (px4_msgs) StdoutLine: {'line': b'-- Up-to-date: /home/harsh/ros2_project/install/px4_msgs/include/px4_msgs/px4_msgs/msg/mount_orientation.h\n'}
[1.723304] (px4_msgs) StdoutLine: {'line': b'-- Up-to-date: /home/harsh/ros2_project/install/px4_msgs/include/px4_msgs/px4_msgs/msg/failsafe_flags.h\n'}
[1.723440] (px4_msgs) StdoutLine: {'line': b'-- Up-to-date: /home/harsh/ros2_project/install/px4_msgs/include/px4_msgs/px4_msgs/msg/arming_check_reply.h\n'}
[1.723560] (px4_msgs) StdoutLine: {'line': b'-- Up-to-date: /home/harsh/ros2_project/install/px4_msgs/include/px4_msgs/px4_msgs/msg/geofence_result.h\n'}
[1.723681] (px4_msgs) StdoutLine: {'line': b'-- Up-to-date: /home/harsh/ros2_project/install/px4_msgs/include/px4_msgs/px4_msgs/msg/vehicle_global_position.h\n'}
[1.723801] (px4_msgs) StdoutLine: {'line': b'-- Up-to-date: /home/harsh/ros2_project/install/px4_msgs/include/px4_msgs/px4_msgs/msg/config_overrides.h\n'}
[1.723922] (px4_msgs) StdoutLine: {'line': b'-- Up-to-date: /home/harsh/ros2_project/install/px4_msgs/include/px4_msgs/px4_msgs/msg/action_request.h\n'}
[1.724051] (px4_msgs) StdoutLine: {'line': b'-- Up-to-date: /home/harsh/ros2_project/install/px4_msgs/include/px4_msgs/px4_msgs/msg/orbit_status.h\n'}
[1.724184] (px4_msgs) StdoutLine: {'line': b'-- Up-to-date: /home/harsh/ros2_project/install/px4_msgs/include/px4_msgs/px4_msgs/msg/sensor_gyro.h\n'}
[1.724336] (px4_msgs) StdoutLine: {'line': b'-- Up-to-date: /home/harsh/ros2_project/install/px4_msgs/include/px4_msgs/px4_msgs/msg/vehicle_attitude_setpoint.h\n'}
[1.724965] (px4_msgs) StdoutLine: {'line': b'-- Up-to-date: /home/harsh/ros2_project/install/px4_msgs/include/px4_msgs/px4_msgs/msg/pps_capture.h\n'}
[1.725129] (px4_msgs) StdoutLine: {'line': b'-- Up-to-date: /home/harsh/ros2_project/install/px4_msgs/include/px4_msgs/px4_msgs/msg/vehicle_imu_status.h\n'}
[1.725255] (px4_msgs) StdoutLine: {'line': b'-- Up-to-date: /home/harsh/ros2_project/install/px4_msgs/include/px4_msgs/px4_msgs/msg/estimator_status.h\n'}
[1.725355] (px4_msgs) StdoutLine: {'line': b'-- Up-to-date: /home/harsh/ros2_project/install/px4_msgs/include/px4_msgs/px4_msgs/msg/airspeed_validated.h\n'}
[1.725443] (px4_msgs) StdoutLine: {'line': b'-- Up-to-date: /home/harsh/ros2_project/install/px4_msgs/include/px4_msgs/px4_msgs/msg/cellular_status.h\n'}
[1.725545] (px4_msgs) StdoutLine: {'line': b'-- Up-to-date: /home/harsh/ros2_project/install/px4_msgs/include/px4_msgs/px4_msgs/msg/unregister_ext_component.h\n'}
[1.725644] (px4_msgs) StdoutLine: {'line': b'-- Up-to-date: /home/harsh/ros2_project/install/px4_msgs/include/px4_msgs/px4_msgs/msg/sensor_correction.h\n'}
[1.725722] (px4_msgs) StdoutLine: {'line': b'-- Up-to-date: /home/harsh/ros2_project/install/px4_msgs/include/px4_msgs/px4_msgs/msg/gpio_out.h\n'}
[1.725807] (px4_msgs) StdoutLine: {'line': b'-- Up-to-date: /home/harsh/ros2_project/install/px4_msgs/include/px4_msgs/px4_msgs/msg/ulog_stream.h\n'}
[1.725897] (px4_msgs) StdoutLine: {'line': b'-- Up-to-date: /home/harsh/ros2_project/install/px4_msgs/include/px4_msgs/px4_msgs/msg/autotune_attitude_control_status.h\n'}
[1.725978] (px4_msgs) StdoutLine: {'line': b'-- Up-to-date: /home/harsh/ros2_project/install/px4_msgs/include/px4_msgs/px4_msgs/msg/mavlink_log.h\n'}
[1.726062] (px4_msgs) StdoutLine: {'line': b'-- Up-to-date: /home/harsh/ros2_project/install/px4_msgs/include/px4_msgs/px4_msgs/msg/gpio_in.h\n'}
[1.726145] (px4_msgs) StdoutLine: {'line': b'-- Up-to-date: /home/harsh/ros2_project/install/px4_msgs/include/px4_msgs/px4_msgs/msg/message_format_response.h\n'}
[1.726213] (px4_msgs) StdoutLine: {'line': b'-- Up-to-date: /home/harsh/ros2_project/install/px4_msgs/include/px4_msgs/px4_msgs/msg/parameter_update.h\n'}
[1.726333] (px4_msgs) StdoutLine: {'line': b'-- Up-to-date: /home/harsh/ros2_project/install/px4_msgs/include/px4_msgs/px4_msgs/msg/obstacle_distance.h\n'}
[1.726414] (px4_msgs) StdoutLine: {'line': b'-- Up-to-date: /home/harsh/ros2_project/install/px4_msgs/include/px4_msgs/px4_msgs/msg/gimbal_manager_set_attitude.h\n'}
[1.726502] (px4_msgs) StdoutLine: {'line': b'-- Up-to-date: /home/harsh/ros2_project/install/px4_msgs/include/px4_msgs/px4_msgs/msg/manual_control_setpoint.h\n'}
[1.726587] (px4_msgs) StdoutLine: {'line': b'-- Up-to-date: /home/harsh/ros2_project/install/px4_msgs/include/px4_msgs/px4_msgs/msg/input_rc.h\n'}
[1.726651] (px4_msgs) StdoutLine: {'line': b'-- Up-to-date: /home/harsh/ros2_project/install/px4_msgs/include/px4_msgs/px4_msgs/msg/vehicle_roi.h\n'}
[1.726719] (px4_msgs) StdoutLine: {'line': b'-- Up-to-date: /home/harsh/ros2_project/install/px4_msgs/include/px4_msgs/px4_msgs/msg/estimator_status_flags.h\n'}
[1.726809] (px4_msgs) StdoutLine: {'line': b'-- Up-to-date: /home/harsh/ros2_project/install/px4_msgs/include/px4_msgs/px4_msgs/msg/gimbal_device_set_attitude.h\n'}
[1.726887] (px4_msgs) StdoutLine: {'line': b'-- Up-to-date: /home/harsh/ros2_project/install/px4_msgs/include/px4_msgs/px4_msgs/msg/gimbal_controls.h\n'}
[1.726964] (px4_msgs) StdoutLine: {'line': b'-- Up-to-date: /home/harsh/ros2_project/install/px4_msgs/include/px4_msgs/px4_msgs/msg/vtol_vehicle_status.h\n'}
[1.727040] (px4_msgs) StdoutLine: {'line': b'-- Up-to-date: /home/harsh/ros2_project/install/px4_msgs/include/px4_msgs/px4_msgs/msg/vehicle_local_position.h\n'}
[1.727115] (px4_msgs) StdoutLine: {'line': b'-- Up-to-date: /home/harsh/ros2_project/install/px4_msgs/include/px4_msgs/px4_msgs/msg/vehicle_angular_acceleration_setpoint.h\n'}
[1.727202] (px4_msgs) StdoutLine: {'line': b'-- Up-to-date: /home/harsh/ros2_project/install/px4_msgs/include/px4_msgs/px4_msgs/msg/vehicle_thrust_setpoint.h\n'}
[1.727294] (px4_msgs) StdoutLine: {'line': b'-- Up-to-date: /home/harsh/ros2_project/install/px4_msgs/include/px4_msgs/px4_msgs/msg/trajectory_waypoint.h\n'}
[1.727378] (px4_msgs) StdoutLine: {'line': b'-- Up-to-date: /home/harsh/ros2_project/install/px4_msgs/include/px4_msgs/px4_msgs/msg/transponder_report.h\n'}
[1.727440] (px4_msgs) StdoutLine: {'line': b'-- Up-to-date: /home/harsh/ros2_project/install/px4_msgs/include/px4_msgs/px4_msgs/msg/tune_control.h\n'}
[1.727502] (px4_msgs) StdoutLine: {'line': b'-- Up-to-date: /home/harsh/ros2_project/install/px4_msgs/include/px4_msgs/px4_msgs/msg/actuator_servos.h\n'}
[1.727560] (px4_msgs) StdoutLine: {'line': b'-- Up-to-date: /home/harsh/ros2_project/install/px4_msgs/include/px4_msgs/px4_msgs/msg/takeoff_status.h\n'}
[1.727618] (px4_msgs) StdoutLine: {'line': b'-- Up-to-date: /home/harsh/ros2_project/install/px4_msgs/include/px4_msgs/px4_msgs/msg/trajectory_bezier.h\n'}
[1.727675] (px4_msgs) StdoutLine: {'line': b'-- Up-to-date: /home/harsh/ros2_project/install/px4_msgs/include/px4_msgs/px4_msgs/msg/vehicle_status.h\n'}
[1.727731] (px4_msgs) StdoutLine: {'line': b'-- Up-to-date: /home/harsh/ros2_project/install/px4_msgs/include/px4_msgs/px4_msgs/msg/vehicle_optical_flow_vel.h\n'}
[1.727791] (px4_msgs) StdoutLine: {'line': b'-- Up-to-date: /home/harsh/ros2_project/install/px4_msgs/include/px4_msgs/px4_msgs/msg/follow_target_status.h\n'}
[1.727845] (px4_msgs) StdoutLine: {'line': b'-- Up-to-date: /home/harsh/ros2_project/install/px4_msgs/include/px4_msgs/px4_msgs/msg/generator_status.h\n'}
[1.728778] (px4_msgs) StdoutLine: {'line': b'-- Up-to-date: /home/harsh/ros2_project/install/px4_msgs/include/px4_msgs/px4_msgs/msg/vehicle_odometry.h\n'}
[1.728921] (px4_msgs) StdoutLine: {'line': b'-- Up-to-date: /home/harsh/ros2_project/install/px4_msgs/include/px4_msgs/px4_msgs/msg/failure_detector_status.h\n'}
[1.729015] (px4_msgs) StdoutLine: {'line': b'-- Up-to-date: /home/harsh/ros2_project/install/px4_msgs/include/px4_msgs/px4_msgs/msg/gps_inject_data.h\n'}
[1.729093] (px4_msgs) StdoutLine: {'line': b'-- Up-to-date: /home/harsh/ros2_project/install/px4_msgs/include/px4_msgs/px4_msgs/msg/vehicle_command.h\n'}
[1.729427] (px4_msgs) StdoutLine: {'line': b'-- Up-to-date: /home/harsh/ros2_project/install/px4_msgs/include/px4_msgs/px4_msgs/msg/rc_channels.h\n'}
[1.729561] (px4_msgs) StdoutLine: {'line': b'-- Up-to-date: /home/harsh/ros2_project/install/px4_msgs/include/px4_msgs/px4_msgs/msg/follow_target_estimator.h\n'}
[1.729649] (px4_msgs) StdoutLine: {'line': b'-- Up-to-date: /home/harsh/ros2_project/install/px4_msgs/include/px4_msgs/px4_msgs/msg/offboard_control_mode.h\n'}
[1.729740] (px4_msgs) StdoutLine: {'line': b'-- Up-to-date: /home/harsh/ros2_project/install/px4_msgs/include/px4_msgs/px4_msgs/msg/qshell_req.h\n'}
[1.729812] (px4_msgs) StdoutLine: {'line': b'-- Up-to-date: /home/harsh/ros2_project/install/px4_msgs/include/px4_msgs/px4_msgs/msg/landing_target_innovations.h\n'}
[1.729889] (px4_msgs) StdoutLine: {'line': b'-- Up-to-date: /home/harsh/ros2_project/install/px4_msgs/include/px4_msgs/px4_msgs/msg/actuator_outputs.h\n'}
[1.730223] (px4_msgs) StdoutLine: {'line': b'-- Up-to-date: /home/harsh/ros2_project/install/px4_msgs/include/px4_msgs/px4_msgs/msg/yaw_estimator_status.h\n'}
[1.730390] (px4_msgs) StdoutLine: {'line': b'-- Up-to-date: /home/harsh/ros2_project/install/px4_msgs/include/px4_msgs/px4_msgs/msg/sensor_baro.h\n'}
[1.730500] (px4_msgs) StdoutLine: {'line': b'-- Up-to-date: /home/harsh/ros2_project/install/px4_msgs/include/px4_msgs/px4_msgs/msg/parameter_set_value_request.h\n'}
[1.730637] (px4_msgs) StdoutLine: {'line': b'-- Up-to-date: /home/harsh/ros2_project/install/px4_msgs/include/px4_msgs/px4_msgs/msg/magnetometer_bias_estimate.h\n'}
[1.730772] (px4_msgs) StdoutLine: {'line': b'-- Up-to-date: /home/harsh/ros2_project/install/px4_msgs/include/px4_msgs/px4_msgs/msg/vehicle_air_data.h\n'}
[1.731633] (px4_msgs) StdoutLine: {'line': b'-- Up-to-date: /home/harsh/ros2_project/install/px4_msgs/include/px4_msgs/px4_msgs/msg/goto_setpoint.h\n'}
[1.732678] (px4_msgs) StdoutLine: {'line': b'-- Up-to-date: /home/harsh/ros2_project/install/px4_msgs/include/px4_msgs/px4_msgs/msg/sensor_gyro_fifo.h\n'}
[1.733246] (px4_msgs) StdoutLine: {'line': b'-- Up-to-date: /home/harsh/ros2_project/install/px4_msgs/include/px4_msgs/px4_msgs/msg/power_monitor.h\n'}
[1.734359] (px4_msgs) StdoutLine: {'line': b'-- Up-to-date: /home/harsh/ros2_project/install/px4_msgs/include/px4_msgs/px4_msgs/msg/position_controller_status.h\n'}
[1.734527] (px4_msgs) StdoutLine: {'line': b'-- Up-to-date: /home/harsh/ros2_project/install/px4_msgs/include/px4_msgs/px4_msgs/msg/geofence_status.h\n'}
[1.734625] (px4_msgs) StdoutLine: {'line': b'-- Up-to-date: /home/harsh/ros2_project/install/px4_msgs/include/px4_msgs/px4_msgs/msg/task_stack_info.h\n'}
[1.734696] (px4_msgs) StdoutLine: {'line': b'-- Up-to-date: /home/harsh/ros2_project/install/px4_msgs/include/px4_msgs/px4_msgs/msg/vehicle_angular_velocity.h\n'}
[1.734781] (px4_msgs) StdoutLine: {'line': b'-- Up-to-date: /home/harsh/ros2_project/install/px4_msgs/include/px4_msgs/px4_msgs/msg/mission_result.h\n'}
[1.734892] (px4_msgs) StdoutLine: {'line': b'-- Up-to-date: /home/harsh/ros2_project/install/px4_msgs/include/px4_msgs/px4_msgs/msg/actuator_motors.h\n'}
[1.734967] (px4_msgs) StdoutLine: {'line': b'-- Up-to-date: /home/harsh/ros2_project/install/px4_msgs/include/px4_msgs/px4_msgs/msg/esc_status.h\n'}
[1.735040] (px4_msgs) StdoutLine: {'line': b'-- Up-to-date: /home/harsh/ros2_project/install/px4_msgs/include/px4_msgs/px4_msgs/msg/irlock_report.h\n'}
[1.735226] (px4_msgs) StdoutLine: {'line': b'-- Up-to-date: /home/harsh/ros2_project/install/px4_msgs/include/px4_msgs/px4_msgs/msg/orb_test_large.h\n'}
[1.735494] (px4_msgs) StdoutLine: {'line': b'-- Up-to-date: /home/harsh/ros2_project/install/px4_msgs/include/px4_msgs/px4_msgs/msg/follow_target.h\n'}
[1.735589] (px4_msgs) StdoutLine: {'line': b'-- Up-to-date: /home/harsh/ros2_project/install/px4_msgs/include/px4_msgs/px4_msgs/msg/parameter_set_used_request.h\n'}
[1.735666] (px4_msgs) StdoutLine: {'line': b'-- Up-to-date: /home/harsh/ros2_project/install/px4_msgs/include/px4_msgs/px4_msgs/msg/led_control.h\n'}
[1.735736] (px4_msgs) StdoutLine: {'line': b'-- Up-to-date: /home/harsh/ros2_project/install/px4_msgs/include/px4_msgs/px4_msgs/msg/heater_status.h\n'}
[1.736248] (px4_msgs) StdoutLine: {'line': b'-- Up-to-date: /home/harsh/ros2_project/install/px4_msgs/include/px4_msgs/px4_msgs/msg/sensor_gyro_fft.h\n'}
[1.736339] (px4_msgs) StdoutLine: {'line': b'-- Up-to-date: /home/harsh/ros2_project/install/px4_msgs/include/px4_msgs/px4_msgs/msg/vehicle_local_position_setpoint.h\n'}
[1.736580] (px4_msgs) StdoutLine: {'line': b'-- Up-to-date: /home/harsh/ros2_project/install/px4_msgs/include/px4_msgs/px4_msgs/msg/sensor_selection.h\n'}
[1.736780] (px4_msgs) StdoutLine: {'line': b'-- Up-to-date: /home/harsh/ros2_project/install/px4_msgs/include/px4_msgs/px4_msgs/msg/sensor_optical_flow.h\n'}
[1.737116] (px4_msgs) StdoutLine: {'line': b'-- Up-to-date: /home/harsh/ros2_project/install/px4_msgs/include/px4_msgs/px4_msgs/msg/position_setpoint.h\n'}
[1.737531] (px4_msgs) StdoutLine: {'line': b'-- Up-to-date: /home/harsh/ros2_project/install/px4_msgs/include/px4_msgs/px4_msgs/msg/mode_completed.h\n'}
[1.737904] (px4_msgs) StdoutLine: {'line': b'-- Up-to-date: /home/harsh/ros2_project/install/px4_msgs/include/px4_msgs/px4_msgs/msg/uavcan_parameter_value.h\n'}
[1.737998] (px4_msgs) StdoutLine: {'line': b'-- Up-to-date: /home/harsh/ros2_project/install/px4_msgs/include/px4_msgs/px4_msgs/msg/arming_check_request.h\n'}
[1.738108] (px4_msgs) StdoutLine: {'line': b'-- Up-to-date: /home/harsh/ros2_project/install/px4_msgs/include/px4_msgs/px4_msgs/msg/estimator_selector_status.h\n'}
[1.738287] (px4_msgs) StdoutLine: {'line': b'-- Up-to-date: /home/harsh/ros2_project/install/px4_msgs/include/px4_msgs/px4_msgs/msg/rpm.h\n'}
[1.738533] (px4_msgs) StdoutLine: {'line': b'-- Up-to-date: /home/harsh/ros2_project/install/px4_msgs/include/px4_msgs/px4_msgs/msg/vehicle_optical_flow.h\n'}
[1.738894] (px4_msgs) StdoutLine: {'line': b'-- Up-to-date: /home/harsh/ros2_project/install/px4_msgs/include/px4_msgs/px4_msgs/msg/rc_parameter_map.h\n'}
[1.739078] (px4_msgs) StdoutLine: {'line': b'-- Up-to-date: /home/harsh/ros2_project/install/px4_msgs/include/px4_msgs/px4_msgs/msg/airspeed_wind.h\n'}
[1.739261] (px4_msgs) StdoutLine: {'line': b'-- Up-to-date: /home/harsh/ros2_project/install/px4_msgs/include/px4_msgs/px4_msgs/msg/power_button_state.h\n'}
[1.739553] (px4_msgs) StdoutLine: {'line': b'-- Up-to-date: /home/harsh/ros2_project/install/px4_msgs/include/px4_msgs/px4_msgs/msg/vehicle_trajectory_waypoint.h\n'}
[1.739701] (px4_msgs) StdoutLine: {'line': b'-- Up-to-date: /home/harsh/ros2_project/install/px4_msgs/include/px4_msgs/px4_msgs/msg/sensors_status_imu.h\n'}
[1.739846] (px4_msgs) StdoutLine: {'line': b'-- Up-to-date: /home/harsh/ros2_project/install/px4_msgs/include/px4_msgs/px4_msgs/msg/wind.h\n'}
[1.739982] (px4_msgs) StdoutLine: {'line': b'-- Up-to-date: /home/harsh/ros2_project/install/px4_msgs/include/px4_msgs/px4_msgs/msg/position_setpoint_triplet.h\n'}
[1.740121] (px4_msgs) StdoutLine: {'line': b'-- Up-to-date: /home/harsh/ros2_project/install/px4_msgs/include/px4_msgs/px4_msgs/msg/pwm_input.h\n'}
[1.740292] (px4_msgs) StdoutLine: {'line': b'-- Up-to-date: /home/harsh/ros2_project/install/px4_msgs/include/px4_msgs/px4_msgs/msg/sensor_preflight_mag.h\n'}
[1.741173] (px4_msgs) StdoutLine: {'line': b'-- Up-to-date: /home/harsh/ros2_project/install/px4_msgs/include/px4_msgs/px4_msgs/msg/rosidl_generator_c__visibility_control.h\n'}
[1.741777] (px4_msgs) StdoutLine: {'line': b'-- Up-to-date: /home/harsh/ros2_project/install/px4_msgs/include/px4_msgs/px4_msgs/msg/actuator_servos_trim.h\n'}
[1.742112] (px4_msgs) StdoutLine: {'line': b'-- Up-to-date: /home/harsh/ros2_project/install/px4_msgs/include/px4_msgs/px4_msgs/msg/debug_vect.h\n'}
[1.742592] (px4_msgs) StdoutLine: {'line': b'-- Up-to-date: /home/harsh/ros2_project/install/px4_msgs/include/px4_msgs/px4_msgs/msg/vehicle_control_mode.h\n'}
[1.742862] (px4_msgs) StdoutLine: {'line': b'-- Up-to-date: /home/harsh/ros2_project/install/px4_msgs/include/px4_msgs/px4_msgs/msg/can_interface_status.h\n'}
[1.743037] (px4_msgs) StdoutLine: {'line': b'-- Up-to-date: /home/harsh/ros2_project/install/px4_msgs/include/px4_msgs/px4_msgs/msg/sensor_airflow.h\n'}
[1.743372] (px4_msgs) StdoutLine: {'line': b'-- Up-to-date: /home/harsh/ros2_project/install/px4_msgs/include/px4_msgs/px4_msgs/msg/collision_constraints.h\n'}
[1.743897] (px4_msgs) StdoutLine: {'line': b'-- Up-to-date: /home/harsh/ros2_project/install/px4_msgs/include/px4_msgs/px4_msgs/msg/navigator_mission_item.h\n'}
[1.744091] (px4_msgs) StdoutLine: {'line': b'-- Up-to-date: /home/harsh/ros2_project/install/px4_msgs/include/px4_msgs/px4_msgs/msg/radio_status.h\n'}
[1.744309] (px4_msgs) StdoutLine: {'line': b'-- Up-to-date: /home/harsh/ros2_project/install/px4_msgs/include/px4_msgs/px4_msgs/msg/health_report.h\n'}
[1.744517] (px4_msgs) StdoutLine: {'line': b'-- Up-to-date: /home/harsh/ros2_project/install/px4_msgs/include/px4_msgs/px4_msgs/msg/satellite_info.h\n'}
[1.744729] (px4_msgs) StdoutLine: {'line': b'-- Up-to-date: /home/harsh/ros2_project/install/px4_msgs/include/px4_msgs/px4_msgs/msg/register_ext_component_reply.h\n'}
[1.745024] (px4_msgs) StdoutLine: {'line': b'-- Up-to-date: /home/harsh/ros2_project/install/px4_msgs/include/px4_msgs/px4_msgs/msg/normalized_unsigned_setpoint.h\n'}
[1.745245] (px4_msgs) StdoutLine: {'line': b'-- Up-to-date: /home/harsh/ros2_project/install/px4_msgs/include/px4_msgs/px4_msgs/msg/sensors_status.h\n'}
[1.745752] (px4_msgs) StdoutLine: {'line': b'-- Up-to-date: /home/harsh/ros2_project/install/px4_msgs/include/px4_msgs/px4_msgs/msg/camera_status.h\n'}
[1.745980] (px4_msgs) StdoutLine: {'line': b'-- Up-to-date: /home/harsh/ros2_project/install/px4_msgs/include/px4_msgs/px4_msgs/msg/estimator_innovations.h\n'}
[1.746194] (px4_msgs) StdoutLine: {'line': b'-- Up-to-date: /home/harsh/ros2_project/install/px4_msgs/include/px4_msgs/px4_msgs/msg/rate_ctrl_status.h\n'}
[1.746433] (px4_msgs) StdoutLine: {'line': b'-- Up-to-date: /home/harsh/ros2_project/install/px4_msgs/include/px4_msgs/px4_msgs/msg/dataman_request.h\n'}
[1.747062] (px4_msgs) StdoutLine: {'line': b'-- Up-to-date: /home/harsh/ros2_project/install/px4_msgs/include/px4_msgs/px4_msgs/msg/vehicle_magnetometer.h\n'}
[1.747610] (px4_msgs) StdoutLine: {'line': b'-- Up-to-date: /home/harsh/ros2_project/install/px4_msgs/include/px4_msgs/px4_msgs/msg/event.h\n'}
[1.748503] (px4_msgs) StdoutLine: {'line': b'-- Up-to-date: /home/harsh/ros2_project/install/px4_msgs/include/px4_msgs/px4_msgs/msg/home_position.h\n'}
[1.748942] (px4_msgs) StdoutLine: {'line': b'-- Up-to-date: /home/harsh/ros2_project/install/px4_msgs/include/px4_msgs/px4_msgs/msg/actuator_armed.h\n'}
[1.749141] (px4_msgs) StdoutLine: {'line': b'-- Up-to-date: /home/harsh/ros2_project/install/px4_msgs/include/px4_msgs/px4_msgs/msg/vehicle_land_detected.h\n'}
[1.749831] (px4_msgs) StdoutLine: {'line': b'-- Up-to-date: /home/harsh/ros2_project/install/px4_msgs/include/px4_msgs/px4_msgs/msg/gimbal_device_information.h\n'}
[1.752649] (px4_msgs) StdoutLine: {'line': b'-- Up-to-date: /home/harsh/ros2_project/install/px4_msgs/include/px4_msgs/px4_msgs/msg/vehicle_trajectory_bezier.h\n'}
[1.753364] (px4_msgs) StdoutLine: {'line': b'-- Up-to-date: /home/harsh/ros2_project/install/px4_msgs/include/px4_msgs/px4_msgs/msg/sensor_gnss_relative.h\n'}
[1.753484] (px4_msgs) StdoutLine: {'line': b'-- Up-to-date: /home/harsh/ros2_project/install/px4_msgs/include/px4_msgs/px4_msgs/msg/buffer128.h\n'}
[1.753582] (px4_msgs) StdoutLine: {'line': b'-- Up-to-date: /home/harsh/ros2_project/install/px4_msgs/include/px4_msgs/px4_msgs/msg/ping.h\n'}
[1.753715] (px4_msgs) StdoutLine: {'line': b'-- Up-to-date: /home/harsh/ros2_project/install/px4_msgs/include/px4_msgs/px4_msgs/msg/figure_eight_status.h\n'}
[1.753806] (px4_msgs) StdoutLine: {'line': b'-- Up-to-date: /home/harsh/ros2_project/install/px4_msgs/include/px4_msgs/px4_msgs/msg/gimbal_manager_status.h\n'}
[1.753963] (px4_msgs) StdoutLine: {'line': b'-- Up-to-date: /home/harsh/ros2_project/install/px4_msgs/include/px4_msgs/px4_msgs/msg/control_allocator_status.h\n'}
[1.754059] (px4_msgs) StdoutLine: {'line': b'-- Up-to-date: /home/harsh/ros2_project/install/px4_msgs/include/px4_msgs/px4_msgs/msg/iridiumsbd_status.h\n'}
[1.754163] (px4_msgs) StdoutLine: {'line': b'-- Up-to-date: /home/harsh/ros2_project/install/px4_msgs/include/px4_msgs/px4_msgs/msg/battery_status.h\n'}
[1.754411] (px4_msgs) StdoutLine: {'line': b'-- Up-to-date: /home/harsh/ros2_project/install/px4_msgs/include/px4_msgs/px4_msgs/msg/gripper.h\n'}
[1.754547] (px4_msgs) StdoutLine: {'line': b'-- Up-to-date: /home/harsh/ros2_project/install/px4_msgs/include/px4_msgs/px4_msgs/msg/estimator_bias3d.h\n'}
[1.754619] (px4_msgs) StdoutLine: {'line': b'-- Up-to-date: /home/harsh/ros2_project/install/px4_msgs/include/px4_msgs/px4_msgs/msg/sensor_hygrometer.h\n'}
[1.754691] (px4_msgs) StdoutLine: {'line': b'-- Up-to-date: /home/harsh/ros2_project/install/px4_msgs/include/px4_msgs/px4_msgs/msg/parameter_set_value_response.h\n'}
[1.754775] (px4_msgs) StdoutLine: {'line': b'-- Up-to-date: /home/harsh/ros2_project/install/px4_msgs/include/px4_msgs/px4_msgs/msg/sensor_uwb.h\n'}
[1.754880] (px4_msgs) StdoutLine: {'line': b'-- Up-to-date: /home/harsh/ros2_project/install/px4_msgs/include/px4_msgs/px4_msgs/msg/estimator_event_flags.h\n'}
[1.754944] (px4_msgs) StdoutLine: {'line': b'-- Up-to-date: /home/harsh/ros2_project/install/px4_msgs/include/px4_msgs/px4_msgs/msg/mavlink_tunnel.h\n'}
[1.755029] (px4_msgs) StdoutLine: {'line': b'-- Up-to-date: /home/harsh/ros2_project/install/px4_msgs/include/px4_msgs/px4_msgs/msg/orb_test_medium.h\n'}
[1.755092] (px4_msgs) StdoutLine: {'line': b'-- Up-to-date: /home/harsh/ros2_project/install/px4_msgs/include/px4_msgs/px4_msgs/msg/differential_drive_setpoint.h\n'}
[1.755167] (px4_msgs) StdoutLine: {'line': b'-- Up-to-date: /home/harsh/ros2_project/install/px4_msgs/include/px4_msgs/px4_msgs/msg/timesync_status.h\n'}
[1.755249] (px4_msgs) StdoutLine: {'line': b'-- Up-to-date: /home/harsh/ros2_project/install/px4_msgs/include/px4_msgs/px4_msgs/msg/register_ext_component_request.h\n'}
[1.755370] (px4_msgs) StdoutLine: {'line': b'-- Up-to-date: /home/harsh/ros2_project/install/px4_msgs/include/px4_msgs/px4_msgs/msg/vehicle_acceleration.h\n'}
[1.755890] (px4_msgs) StdoutLine: {'line': b'-- Up-to-date: /home/harsh/ros2_project/install/px4_msgs/include/px4_msgs/px4_msgs/msg/distance_sensor.h\n'}
[1.756064] (px4_msgs) StdoutLine: {'line': b'-- Up-to-date: /home/harsh/ros2_project/install/px4_msgs/include/px4_msgs/px4_msgs/msg/differential_pressure.h\n'}
[1.756201] (px4_msgs) StdoutLine: {'line': b'-- Up-to-date: /home/harsh/ros2_project/install/px4_msgs/include/px4_msgs/px4_msgs/msg/onboard_computer_status.h\n'}
[1.756790] (px4_msgs) StdoutLine: {'line': b'-- Up-to-date: /home/harsh/ros2_project/install/px4_msgs/include/px4_msgs/px4_msgs/msg/rtl_time_estimate.h\n'}
[1.756914] (px4_msgs) StdoutLine: {'line': b'-- Up-to-date: /home/harsh/ros2_project/install/px4_msgs/include/px4_msgs/px4_msgs/msg/sensor_accel_fifo.h\n'}
[1.757003] (px4_msgs) StdoutLine: {'line': b'-- Up-to-date: /home/harsh/ros2_project/install/px4_msgs/include/px4_msgs/px4_msgs/msg/dataman_response.h\n'}
[1.757086] (px4_msgs) StdoutLine: {'line': b'-- Up-to-date: /home/harsh/ros2_project/install/px4_msgs/include/px4_msgs/px4_msgs/msg/rtl_status.h\n'}
[1.757167] (px4_msgs) StdoutLine: {'line': b'-- Up-to-date: /home/harsh/ros2_project/install/px4_msgs/include/px4_msgs/px4_msgs/msg/trajectory_setpoint.h\n'}
[1.757397] (px4_msgs) StdoutLine: {'line': b'-- Up-to-date: /home/harsh/ros2_project/install/px4_msgs/include/px4_msgs/px4_msgs/msg/parameter_reset_request.h\n'}
[1.757997] (px4_msgs) StdoutLine: {'line': b'-- Up-to-date: /home/harsh/ros2_project/install/px4_msgs/include/px4_msgs/px4_msgs/msg/internal_combustion_engine_status.h\n'}
[1.758147] (px4_msgs) StdoutLine: {'line': b'-- Up-to-date: /home/harsh/ros2_project/install/px4_msgs/include/px4_msgs/px4_msgs/msg/tecs_status.h\n'}
[1.758297] (px4_msgs) StdoutLine: {'line': b'-- Up-to-date: /home/harsh/ros2_project/install/px4_msgs/include/px4_msgs/px4_msgs/msg/landing_target_pose.h\n'}
[1.758495] (px4_msgs) StdoutLine: {'line': b'-- Up-to-date: /home/harsh/ros2_project/install/px4_msgs/include/px4_msgs/px4_msgs/msg/velocity_limits.h\n'}
[1.758776] (px4_msgs) StdoutLine: {'line': b'-- Up-to-date: /home/harsh/ros2_project/install/px4_msgs/include/px4_msgs/px4_msgs/msg/flight_phase_estimation.h\n'}
[1.759018] (px4_msgs) StdoutLine: {'line': b'-- Up-to-date: /home/harsh/ros2_project/install/px4_msgs/include/px4_msgs/px4_msgs/msg/vehicle_rates_setpoint.h\n'}
[1.759153] (px4_msgs) StdoutLine: {'line': b'-- Up-to-date: /home/harsh/ros2_project/install/px4_msgs/include/px4_msgs/px4_msgs/msg/uavcan_parameter_request.h\n'}
[1.785140] (px4_msgs) StdoutLine: {'line': b'-- Up-to-date: /home/harsh/ros2_project/install/px4_msgs/include/px4_msgs/px4_msgs/msg/log_message.h\n'}
[1.786110] (px4_msgs) StdoutLine: {'line': b'-- Up-to-date: /home/harsh/ros2_project/install/px4_msgs/include/px4_msgs/px4_msgs/msg/hover_thrust_estimate.h\n'}
[1.786810] (px4_msgs) StdoutLine: {'line': b'-- Up-to-date: /home/harsh/ros2_project/install/px4_msgs/include/px4_msgs/px4_msgs/msg/gimbal_manager_information.h\n'}
[1.787134] (px4_msgs) StdoutLine: {'line': b'-- Up-to-date: /home/harsh/ros2_project/install/px4_msgs/include/px4_msgs/px4_msgs/msg/vehicle_imu.h\n'}
[1.787645] (px4_msgs) StdoutLine: {'line': b'-- Up-to-date: /home/harsh/ros2_project/install/px4_msgs/include/px4_msgs/px4_msgs/msg/estimator_sensor_bias.h\n'}
[1.787992] (px4_msgs) StdoutLine: {'line': b'-- Up-to-date: /home/harsh/ros2_project/install/px4_msgs/include/px4_msgs/px4_msgs/msg/camera_trigger.h\n'}
[1.788162] (px4_msgs) StdoutLine: {'line': b'-- Up-to-date: /home/harsh/ros2_project/install/px4_msgs/include/px4_msgs/px4_msgs/msg/vehicle_attitude.h\n'}
[1.788372] (px4_msgs) StdoutLine: {'line': b'-- Up-to-date: /home/harsh/ros2_project/install/px4_msgs/include/px4_msgs/px4_msgs/msg/detail\n'}
[1.788559] (px4_msgs) StdoutLine: {'line': b'-- Up-to-date: /home/harsh/ros2_project/install/px4_msgs/include/px4_msgs/px4_msgs/msg/detail/unregister_ext_component__struct.h\n'}
[1.788710] (px4_msgs) StdoutLine: {'line': b'-- Up-to-date: /home/harsh/ros2_project/install/px4_msgs/include/px4_msgs/px4_msgs/msg/detail/geofence_status__functions.h\n'}
[1.788863] (px4_msgs) StdoutLine: {'line': b'-- Up-to-date: /home/harsh/ros2_project/install/px4_msgs/include/px4_msgs/px4_msgs/msg/detail/satellite_info__type_support.h\n'}
[1.789018] (px4_msgs) StdoutLine: {'line': b'-- Up-to-date: /home/harsh/ros2_project/install/px4_msgs/include/px4_msgs/px4_msgs/msg/detail/action_request__description.c\n'}
[1.789173] (px4_msgs) StdoutLine: {'line': b'-- Installing: /home/harsh/ros2_project/install/px4_msgs/include/px4_msgs/px4_msgs/msg/detail/vehicle_magnetometer__type_support.c\n'}
[1.789536] (px4_msgs) StdoutLine: {'line': b'-- Installing: /home/harsh/ros2_project/install/px4_msgs/include/px4_msgs/px4_msgs/msg/detail/dataman_response__type_support.c\n'}
[1.790072] (px4_msgs) StdoutLine: {'line': b'-- Installing: /home/harsh/ros2_project/install/px4_msgs/include/px4_msgs/px4_msgs/msg/detail/sensor_gyro_fifo__type_support.c\n'}
[1.790228] (px4_msgs) StdoutLine: {'line': b'-- Up-to-date: /home/harsh/ros2_project/install/px4_msgs/include/px4_msgs/px4_msgs/msg/detail/sensor_accel_fifo__functions.h\n'}
[1.790735] (px4_msgs) StdoutLine: {'line': b'-- Up-to-date: /home/harsh/ros2_project/install/px4_msgs/include/px4_msgs/px4_msgs/msg/detail/log_message__functions.h\n'}
[1.790897] (px4_msgs) StdoutLine: {'line': b'-- Up-to-date: /home/harsh/ros2_project/install/px4_msgs/include/px4_msgs/px4_msgs/msg/detail/cpuload__description.c\n'}
[1.791045] (px4_msgs) StdoutLine: {'line': b'-- Up-to-date: /home/harsh/ros2_project/install/px4_msgs/include/px4_msgs/px4_msgs/msg/detail/estimator_states__functions.c\n'}
[1.791200] (px4_msgs) StdoutLine: {'line': b'-- Up-to-date: /home/harsh/ros2_project/install/px4_msgs/include/px4_msgs/px4_msgs/msg/detail/camera_capture__type_support.h\n'}
[1.791493] (px4_msgs) StdoutLine: {'line': b'-- Up-to-date: /home/harsh/ros2_project/install/px4_msgs/include/px4_msgs/px4_msgs/msg/detail/vehicle_air_data__type_support.h\n'}
[1.791897] (px4_msgs) StdoutLine: {'line': b'-- Up-to-date: /home/harsh/ros2_project/install/px4_msgs/include/px4_msgs/px4_msgs/msg/detail/gps_dump__type_support.h\n'}
[1.792075] (px4_msgs) StdoutLine: {'line': b'-- Up-to-date: /home/harsh/ros2_project/install/px4_msgs/include/px4_msgs/px4_msgs/msg/detail/gimbal_device_attitude_status__functions.h\n'}
[1.792215] (px4_msgs) StdoutLine: {'line': b'-- Up-to-date: /home/harsh/ros2_project/install/px4_msgs/include/px4_msgs/px4_msgs/msg/detail/failsafe_flags__functions.c\n'}
[1.792383] (px4_msgs) StdoutLine: {'line': b'-- Up-to-date: /home/harsh/ros2_project/install/px4_msgs/include/px4_msgs/px4_msgs/msg/detail/rc_channels__functions.h\n'}
[1.792533] (px4_msgs) StdoutLine: {'line': b'-- Up-to-date: /home/harsh/ros2_project/install/px4_msgs/include/px4_msgs/px4_msgs/msg/detail/trajectory_bezier__description.c\n'}
[1.792700] (px4_msgs) StdoutLine: {'line': b'-- Up-to-date: /home/harsh/ros2_project/install/px4_msgs/include/px4_msgs/px4_msgs/msg/detail/debug_array__description.c\n'}
[1.792845] (px4_msgs) StdoutLine: {'line': b'-- Up-to-date: /home/harsh/ros2_project/install/px4_msgs/include/px4_msgs/px4_msgs/msg/detail/geofence_status__functions.c\n'}
[1.792991] (px4_msgs) StdoutLine: {'line': b'-- Up-to-date: /home/harsh/ros2_project/install/px4_msgs/include/px4_msgs/px4_msgs/msg/detail/parameter_set_used_request__description.c\n'}
[1.793134] (px4_msgs) StdoutLine: {'line': b'-- Up-to-date: /home/harsh/ros2_project/install/px4_msgs/include/px4_msgs/px4_msgs/msg/detail/button_event__description.c\n'}
[1.793343] (px4_msgs) StdoutLine: {'line': b'-- Up-to-date: /home/harsh/ros2_project/install/px4_msgs/include/px4_msgs/px4_msgs/msg/detail/estimator_status__description.c\n'}
[1.793903] (px4_msgs) StdoutLine: {'line': b'-- Up-to-date: /home/harsh/ros2_project/install/px4_msgs/include/px4_msgs/px4_msgs/msg/detail/button_event__type_support.h\n'}
[1.794135] (px4_msgs) StdoutLine: {'line': b'-- Up-to-date: /home/harsh/ros2_project/install/px4_msgs/include/px4_msgs/px4_msgs/msg/detail/sensor_accel_fifo__struct.h\n'}
[1.794295] (px4_msgs) StdoutLine: {'line': b'-- Up-to-date: /home/harsh/ros2_project/install/px4_msgs/include/px4_msgs/px4_msgs/msg/detail/launch_detection_status__description.c\n'}
[1.794735] (px4_msgs) StdoutLine: {'line': b'-- Up-to-date: /home/harsh/ros2_project/install/px4_msgs/include/px4_msgs/px4_msgs/msg/detail/battery_status__type_support.h\n'}
[1.794867] (px4_msgs) StdoutLine: {'line': b'-- Up-to-date: /home/harsh/ros2_project/install/px4_msgs/include/px4_msgs/px4_msgs/msg/detail/velocity_limits__functions.c\n'}
[1.794995] (px4_msgs) StdoutLine: {'line': b'-- Up-to-date: /home/harsh/ros2_project/install/px4_msgs/include/px4_msgs/px4_msgs/msg/detail/tecs_status__type_support.h\n'}
[1.795123] (px4_msgs) StdoutLine: {'line': b'-- Up-to-date: /home/harsh/ros2_project/install/px4_msgs/include/px4_msgs/px4_msgs/msg/detail/gimbal_manager_set_attitude__functions.c\n'}
[1.795457] (px4_msgs) StdoutLine: {'line': b'-- Installing: /home/harsh/ros2_project/install/px4_msgs/include/px4_msgs/px4_msgs/msg/detail/sensor_accel__type_support.c\n'}
[1.795598] (px4_msgs) StdoutLine: {'line': b'-- Up-to-date: /home/harsh/ros2_project/install/px4_msgs/include/px4_msgs/px4_msgs/msg/detail/gpio_out__type_support.h\n'}
[1.795723] (px4_msgs) StdoutLine: {'line': b'-- Up-to-date: /home/harsh/ros2_project/install/px4_msgs/include/px4_msgs/px4_msgs/msg/detail/timesync_status__struct.h\n'}
[1.795857] (px4_msgs) StdoutLine: {'line': b'-- Up-to-date: /home/harsh/ros2_project/install/px4_msgs/include/px4_msgs/px4_msgs/msg/detail/vehicle_roi__functions.h\n'}
[1.795984] (px4_msgs) StdoutLine: {'line': b'-- Up-to-date: /home/harsh/ros2_project/install/px4_msgs/include/px4_msgs/px4_msgs/msg/detail/airspeed_validated__struct.h\n'}
[1.796115] (px4_msgs) StdoutLine: {'line': b'-- Up-to-date: /home/harsh/ros2_project/install/px4_msgs/include/px4_msgs/px4_msgs/msg/detail/sensor_mag__struct.h\n'}
[1.796258] (px4_msgs) StdoutLine: {'line': b'-- Up-to-date: /home/harsh/ros2_project/install/px4_msgs/include/px4_msgs/px4_msgs/msg/detail/vehicle_status__struct.h\n'}
[1.796672] (px4_msgs) StdoutLine: {'line': b'-- Installing: /home/harsh/ros2_project/install/px4_msgs/include/px4_msgs/px4_msgs/msg/detail/goto_setpoint__type_support.c\n'}
[1.796799] (px4_msgs) StdoutLine: {'line': b'-- Up-to-date: /home/harsh/ros2_project/install/px4_msgs/include/px4_msgs/px4_msgs/msg/detail/vehicle_acceleration__type_support.h\n'}
[1.796924] (px4_msgs) StdoutLine: {'line': b'-- Up-to-date: /home/harsh/ros2_project/install/px4_msgs/include/px4_msgs/px4_msgs/msg/detail/position_setpoint_triplet__struct.h\n'}
[1.797055] (px4_msgs) StdoutLine: {'line': b'-- Installing: /home/harsh/ros2_project/install/px4_msgs/include/px4_msgs/px4_msgs/msg/detail/power_monitor__type_support.c\n'}
[1.797184] (px4_msgs) StdoutLine: {'line': b'-- Up-to-date: /home/harsh/ros2_project/install/px4_msgs/include/px4_msgs/px4_msgs/msg/detail/follow_target__functions.c\n'}
[1.797619] (px4_msgs) StdoutLine: {'line': b'-- Up-to-date: /home/harsh/ros2_project/install/px4_msgs/include/px4_msgs/px4_msgs/msg/detail/estimator_status__struct.h\n'}
[1.797843] (px4_msgs) StdoutLine: {'line': b'-- Up-to-date: /home/harsh/ros2_project/install/px4_msgs/include/px4_msgs/px4_msgs/msg/detail/estimator_bias3d__struct.h\n'}
[1.798018] (px4_msgs) StdoutLine: {'line': b'-- Up-to-date: /home/harsh/ros2_project/install/px4_msgs/include/px4_msgs/px4_msgs/msg/detail/position_controller_status__functions.h\n'}
[1.798197] (px4_msgs) StdoutLine: {'line': b'-- Up-to-date: /home/harsh/ros2_project/install/px4_msgs/include/px4_msgs/px4_msgs/msg/detail/vehicle_trajectory_waypoint__functions.h\n'}
[1.798500] (px4_msgs) StdoutLine: {'line': b'-- Up-to-date: /home/harsh/ros2_project/install/px4_msgs/include/px4_msgs/px4_msgs/msg/detail/manual_control_switches__type_support.h\n'}
[1.798690] (px4_msgs) StdoutLine: {'line': b'-- Up-to-date: /home/harsh/ros2_project/install/px4_msgs/include/px4_msgs/px4_msgs/msg/detail/debug_key_value__struct.h\n'}
[1.798929] (px4_msgs) StdoutLine: {'line': b'-- Up-to-date: /home/harsh/ros2_project/install/px4_msgs/include/px4_msgs/px4_msgs/msg/detail/wind__description.c\n'}
[1.799135] (px4_msgs) StdoutLine: {'line': b'-- Up-to-date: /home/harsh/ros2_project/install/px4_msgs/include/px4_msgs/px4_msgs/msg/detail/tune_control__struct.h\n'}
[1.799342] (px4_msgs) StdoutLine: {'line': b'-- Up-to-date: /home/harsh/ros2_project/install/px4_msgs/include/px4_msgs/px4_msgs/msg/detail/px4io_status__description.c\n'}
[1.799522] (px4_msgs) StdoutLine: {'line': b'-- Up-to-date: /home/harsh/ros2_project/install/px4_msgs/include/px4_msgs/px4_msgs/msg/detail/vehicle_torque_setpoint__functions.h\n'}
[1.799702] (px4_msgs) StdoutLine: {'line': b'-- Up-to-date: /home/harsh/ros2_project/install/px4_msgs/include/px4_msgs/px4_msgs/msg/detail/landing_gear_wheel__functions.c\n'}
[1.799864] (px4_msgs) StdoutLine: {'line': b'-- Installing: /home/harsh/ros2_project/install/px4_msgs/include/px4_msgs/px4_msgs/msg/detail/sensor_mag__type_support.c\n'}
[1.800024] (px4_msgs) StdoutLine: {'line': b'-- Installing: /home/harsh/ros2_project/install/px4_msgs/include/px4_msgs/px4_msgs/msg/detail/mode_completed__type_support.c\n'}
[1.800174] (px4_msgs) StdoutLine: {'line': b'-- Up-to-date: /home/harsh/ros2_project/install/px4_msgs/include/px4_msgs/px4_msgs/msg/detail/estimator_bias__description.c\n'}
[1.800357] (px4_msgs) StdoutLine: {'line': b'-- Up-to-date: /home/harsh/ros2_project/install/px4_msgs/include/px4_msgs/px4_msgs/msg/detail/mavlink_log__struct.h\n'}
[1.800521] (px4_msgs) StdoutLine: {'line': b'-- Up-to-date: /home/harsh/ros2_project/install/px4_msgs/include/px4_msgs/px4_msgs/msg/detail/gpio_config__struct.h\n'}
[1.800673] (px4_msgs) StdoutLine: {'line': b'-- Installing: /home/harsh/ros2_project/install/px4_msgs/include/px4_msgs/px4_msgs/msg/detail/sensors_status_imu__type_support.c\n'}
[1.800823] (px4_msgs) StdoutLine: {'line': b'-- Up-to-date: /home/harsh/ros2_project/install/px4_msgs/include/px4_msgs/px4_msgs/msg/detail/vehicle_angular_velocity__functions.c\n'}
[1.800964] (px4_msgs) StdoutLine: {'line': b'-- Up-to-date: /home/harsh/ros2_project/install/px4_msgs/include/px4_msgs/px4_msgs/msg/detail/pwm_input__description.c\n'}
[1.801199] (px4_msgs) StdoutLine: {'line': b'-- Up-to-date: /home/harsh/ros2_project/install/px4_msgs/include/px4_msgs/px4_msgs/msg/detail/airspeed__functions.h\n'}
[1.801387] (px4_msgs) StdoutLine: {'line': b'-- Up-to-date: /home/harsh/ros2_project/install/px4_msgs/include/px4_msgs/px4_msgs/msg/detail/estimator_event_flags__description.c\n'}
[1.801826] (px4_msgs) StdoutLine: {'line': b'-- Up-to-date: /home/harsh/ros2_project/install/px4_msgs/include/px4_msgs/px4_msgs/msg/detail/message_format_request__functions.c\n'}
[1.801989] (px4_msgs) StdoutLine: {'line': b'-- Installing: /home/harsh/ros2_project/install/px4_msgs/include/px4_msgs/px4_msgs/msg/detail/wind__type_support.c\n'}
[1.802141] (px4_msgs) StdoutLine: {'line': b'-- Up-to-date: /home/harsh/ros2_project/install/px4_msgs/include/px4_msgs/px4_msgs/msg/detail/sensor_preflight_mag__functions.h\n'}
[1.802317] (px4_msgs) StdoutLine: {'line': b'-- Up-to-date: /home/harsh/ros2_project/install/px4_msgs/include/px4_msgs/px4_msgs/msg/detail/sensor_gnss_relative__type_support.h\n'}
[1.802474] (px4_msgs) StdoutLine: {'line': b'-- Up-to-date: /home/harsh/ros2_project/install/px4_msgs/include/px4_msgs/px4_msgs/msg/detail/rtl_time_estimate__struct.h\n'}
[1.802633] (px4_msgs) StdoutLine: {'line': b'-- Installing: /home/harsh/ros2_project/install/px4_msgs/include/px4_msgs/px4_msgs/msg/detail/uavcan_parameter_value__type_support.c\n'}
[1.802796] (px4_msgs) StdoutLine: {'line': b'-- Up-to-date: /home/harsh/ros2_project/install/px4_msgs/include/px4_msgs/px4_msgs/msg/detail/gimbal_manager_status__functions.h\n'}
[1.802958] (px4_msgs) StdoutLine: {'line': b'-- Up-to-date: /home/harsh/ros2_project/install/px4_msgs/include/px4_msgs/px4_msgs/msg/detail/orb_test_medium__functions.c\n'}
[1.803122] (px4_msgs) StdoutLine: {'line': b'-- Up-to-date: /home/harsh/ros2_project/install/px4_msgs/include/px4_msgs/px4_msgs/msg/detail/debug_vect__type_support.h\n'}
[1.803366] (px4_msgs) StdoutLine: {'line': b'-- Up-to-date: /home/harsh/ros2_project/install/px4_msgs/include/px4_msgs/px4_msgs/msg/detail/autotune_attitude_control_status__description.c\n'}
[1.803551] (px4_msgs) StdoutLine: {'line': b'-- Up-to-date: /home/harsh/ros2_project/install/px4_msgs/include/px4_msgs/px4_msgs/msg/detail/obstacle_distance__description.c\n'}
[1.803700] (px4_msgs) StdoutLine: {'line': b'-- Up-to-date: /home/harsh/ros2_project/install/px4_msgs/include/px4_msgs/px4_msgs/msg/detail/airspeed_wind__type_support.h\n'}
[1.803859] (px4_msgs) StdoutLine: {'line': b'-- Up-to-date: /home/harsh/ros2_project/install/px4_msgs/include/px4_msgs/px4_msgs/msg/detail/rate_ctrl_status__functions.h\n'}
[1.804008] (px4_msgs) StdoutLine: {'line': b'-- Up-to-date: /home/harsh/ros2_project/install/px4_msgs/include/px4_msgs/px4_msgs/msg/detail/tune_control__type_support.h\n'}
[1.804158] (px4_msgs) StdoutLine: {'line': b'-- Up-to-date: /home/harsh/ros2_project/install/px4_msgs/include/px4_msgs/px4_msgs/msg/detail/battery_status__functions.c\n'}
[1.805071] (-) TimerEvent: {}
[1.806859] (px4_msgs) StdoutLine: {'line': b'-- Up-to-date: /home/harsh/ros2_project/install/px4_msgs/include/px4_msgs/px4_msgs/msg/detail/collision_report__description.c\n'}
[1.807600] (px4_msgs) StdoutLine: {'line': b'-- Installing: /home/harsh/ros2_project/install/px4_msgs/include/px4_msgs/px4_msgs/msg/detail/sensor_gps__type_support.c\n'}
[1.807928] (px4_msgs) StdoutLine: {'line': b'-- Installing: /home/harsh/ros2_project/install/px4_msgs/include/px4_msgs/px4_msgs/msg/detail/vehicle_constraints__type_support.c\n'}
[1.808140] (px4_msgs) StdoutLine: {'line': b'-- Up-to-date: /home/harsh/ros2_project/install/px4_msgs/include/px4_msgs/px4_msgs/msg/detail/gripper__functions.h\n'}
[1.808728] (px4_msgs) StdoutLine: {'line': b'-- Up-to-date: /home/harsh/ros2_project/install/px4_msgs/include/px4_msgs/px4_msgs/msg/detail/buffer128__functions.c\n'}
[1.808888] (px4_msgs) StdoutLine: {'line': b'-- Installing: /home/harsh/ros2_project/install/px4_msgs/include/px4_msgs/px4_msgs/msg/detail/launch_detection_status__type_support.c\n'}
[1.809032] (px4_msgs) StdoutLine: {'line': b'-- Up-to-date: /home/harsh/ros2_project/install/px4_msgs/include/px4_msgs/px4_msgs/msg/detail/airspeed__description.c\n'}
[1.809175] (px4_msgs) StdoutLine: {'line': b'-- Up-to-date: /home/harsh/ros2_project/install/px4_msgs/include/px4_msgs/px4_msgs/msg/detail/uavcan_parameter_value__description.c\n'}
[1.809372] (px4_msgs) StdoutLine: {'line': b'-- Up-to-date: /home/harsh/ros2_project/install/px4_msgs/include/px4_msgs/px4_msgs/msg/detail/orb_test__functions.c\n'}
[1.809461] (px4_msgs) StdoutLine: {'line': b'-- Up-to-date: /home/harsh/ros2_project/install/px4_msgs/include/px4_msgs/px4_msgs/msg/detail/rc_channels__type_support.h\n'}
[1.809557] (px4_msgs) StdoutLine: {'line': b'-- Up-to-date: /home/harsh/ros2_project/install/px4_msgs/include/px4_msgs/px4_msgs/msg/detail/obstacle_distance__functions.h\n'}
[1.809626] (px4_msgs) StdoutLine: {'line': b'-- Up-to-date: /home/harsh/ros2_project/install/px4_msgs/include/px4_msgs/px4_msgs/msg/detail/vehicle_imu__type_support.h\n'}
[1.809688] (px4_msgs) StdoutLine: {'line': b'-- Installing: /home/harsh/ros2_project/install/px4_msgs/include/px4_msgs/px4_msgs/msg/detail/manual_control_setpoint__type_support.c\n'}
[1.809754] (px4_msgs) StdoutLine: {'line': b'-- Up-to-date: /home/harsh/ros2_project/install/px4_msgs/include/px4_msgs/px4_msgs/msg/detail/message_format_request__description.c\n'}
[1.809841] (px4_msgs) StdoutLine: {'line': b'-- Up-to-date: /home/harsh/ros2_project/install/px4_msgs/include/px4_msgs/px4_msgs/msg/detail/mission_result__functions.h\n'}
[1.809944] (px4_msgs) StdoutLine: {'line': b'-- Up-to-date: /home/harsh/ros2_project/install/px4_msgs/include/px4_msgs/px4_msgs/msg/detail/message_format_response__struct.h\n'}
[1.810190] (px4_msgs) StdoutLine: {'line': b'-- Up-to-date: /home/harsh/ros2_project/install/px4_msgs/include/px4_msgs/px4_msgs/msg/detail/yaw_estimator_status__functions.c\n'}
[1.810625] (px4_msgs) StdoutLine: {'line': b'-- Installing: /home/harsh/ros2_project/install/px4_msgs/include/px4_msgs/px4_msgs/msg/detail/estimator_bias3d__type_support.c\n'}
[1.810797] (px4_msgs) StdoutLine: {'line': b'-- Installing: /home/harsh/ros2_project/install/px4_msgs/include/px4_msgs/px4_msgs/msg/detail/pwm_input__type_support.c\n'}
[1.810896] (px4_msgs) StdoutLine: {'line': b'-- Up-to-date: /home/harsh/ros2_project/install/px4_msgs/include/px4_msgs/px4_msgs/msg/detail/launch_detection_status__functions.c\n'}
[1.810981] (px4_msgs) StdoutLine: {'line': b'-- Up-to-date: /home/harsh/ros2_project/install/px4_msgs/include/px4_msgs/px4_msgs/msg/detail/vehicle_rates_setpoint__functions.h\n'}
[1.811077] (px4_msgs) StdoutLine: {'line': b'-- Up-to-date: /home/harsh/ros2_project/install/px4_msgs/include/px4_msgs/px4_msgs/msg/detail/led_control__struct.h\n'}
[1.811161] (px4_msgs) StdoutLine: {'line': b'-- Up-to-date: /home/harsh/ros2_project/install/px4_msgs/include/px4_msgs/px4_msgs/msg/detail/sensor_optical_flow__functions.h\n'}
[1.811401] (px4_msgs) StdoutLine: {'line': b'-- Up-to-date: /home/harsh/ros2_project/install/px4_msgs/include/px4_msgs/px4_msgs/msg/detail/battery_status__struct.h\n'}
[1.811537] (px4_msgs) StdoutLine: {'line': b'-- Up-to-date: /home/harsh/ros2_project/install/px4_msgs/include/px4_msgs/px4_msgs/msg/detail/vehicle_torque_setpoint__description.c\n'}
[1.811746] (px4_msgs) StdoutLine: {'line': b'-- Up-to-date: /home/harsh/ros2_project/install/px4_msgs/include/px4_msgs/px4_msgs/msg/detail/vehicle_trajectory_waypoint__functions.c\n'}
[1.811863] (px4_msgs) StdoutLine: {'line': b'-- Up-to-date: /home/harsh/ros2_project/install/px4_msgs/include/px4_msgs/px4_msgs/msg/detail/estimator_sensor_bias__functions.h\n'}
[1.811973] (px4_msgs) StdoutLine: {'line': b'-- Installing: /home/harsh/ros2_project/install/px4_msgs/include/px4_msgs/px4_msgs/msg/detail/irlock_report__type_support.c\n'}
[1.812079] (px4_msgs) StdoutLine: {'line': b'-- Up-to-date: /home/harsh/ros2_project/install/px4_msgs/include/px4_msgs/px4_msgs/msg/detail/vehicle_attitude_setpoint__description.c\n'}
[1.812194] (px4_msgs) StdoutLine: {'line': b'-- Installing: /home/harsh/ros2_project/install/px4_msgs/include/px4_msgs/px4_msgs/msg/detail/actuator_servos_trim__type_support.c\n'}
[1.812446] (px4_msgs) StdoutLine: {'line': b'-- Up-to-date: /home/harsh/ros2_project/install/px4_msgs/include/px4_msgs/px4_msgs/msg/detail/arming_check_request__functions.h\n'}
[1.812602] (px4_msgs) StdoutLine: {'line': b'-- Up-to-date: /home/harsh/ros2_project/install/px4_msgs/include/px4_msgs/px4_msgs/msg/detail/geofence_result__functions.c\n'}
[1.812688] (px4_msgs) StdoutLine: {'line': b'-- Up-to-date: /home/harsh/ros2_project/install/px4_msgs/include/px4_msgs/px4_msgs/msg/detail/sensor_baro__description.c\n'}
[1.812769] (px4_msgs) StdoutLine: {'line': b'-- Up-to-date: /home/harsh/ros2_project/install/px4_msgs/include/px4_msgs/px4_msgs/msg/detail/gimbal_manager_set_attitude__description.c\n'}
[1.812849] (px4_msgs) StdoutLine: {'line': b'-- Up-to-date: /home/harsh/ros2_project/install/px4_msgs/include/px4_msgs/px4_msgs/msg/detail/sensor_accel__type_support.h\n'}
[1.812922] (px4_msgs) StdoutLine: {'line': b'-- Up-to-date: /home/harsh/ros2_project/install/px4_msgs/include/px4_msgs/px4_msgs/msg/detail/vehicle_magnetometer__type_support.h\n'}
[1.812994] (px4_msgs) StdoutLine: {'line': b'-- Installing: /home/harsh/ros2_project/install/px4_msgs/include/px4_msgs/px4_msgs/msg/detail/generator_status__type_support.c\n'}
[1.813077] (px4_msgs) StdoutLine: {'line': b'-- Up-to-date: /home/harsh/ros2_project/install/px4_msgs/include/px4_msgs/px4_msgs/msg/detail/log_message__type_support.h\n'}
[1.813185] (px4_msgs) StdoutLine: {'line': b'-- Up-to-date: /home/harsh/ros2_project/install/px4_msgs/include/px4_msgs/px4_msgs/msg/detail/sensor_optical_flow__type_support.h\n'}
[1.813320] (px4_msgs) StdoutLine: {'line': b'-- Up-to-date: /home/harsh/ros2_project/install/px4_msgs/include/px4_msgs/px4_msgs/msg/detail/gpio_config__description.c\n'}
[1.813393] (px4_msgs) StdoutLine: {'line': b'-- Installing: /home/harsh/ros2_project/install/px4_msgs/include/px4_msgs/px4_msgs/msg/detail/can_interface_status__type_support.c\n'}
[1.813471] (px4_msgs) StdoutLine: {'line': b'-- Up-to-date: /home/harsh/ros2_project/install/px4_msgs/include/px4_msgs/px4_msgs/msg/detail/failsafe_flags__type_support.h\n'}
[1.814637] (px4_msgs) StdoutLine: {'line': b'-- Up-to-date: /home/harsh/ros2_project/install/px4_msgs/include/px4_msgs/px4_msgs/msg/detail/dataman_request__functions.h\n'}
[1.814778] (px4_msgs) StdoutLine: {'line': b'-- Up-to-date: /home/harsh/ros2_project/install/px4_msgs/include/px4_msgs/px4_msgs/msg/detail/sensors_status_imu__type_support.h\n'}
[1.814850] (px4_msgs) StdoutLine: {'line': b'-- Up-to-date: /home/harsh/ros2_project/install/px4_msgs/include/px4_msgs/px4_msgs/msg/detail/actuator_servos_trim__functions.h\n'}
[1.814912] (px4_msgs) StdoutLine: {'line': b'-- Installing: /home/harsh/ros2_project/install/px4_msgs/include/px4_msgs/px4_msgs/msg/detail/gps_inject_data__type_support.c\n'}
[1.814975] (px4_msgs) StdoutLine: {'line': b'-- Up-to-date: /home/harsh/ros2_project/install/px4_msgs/include/px4_msgs/px4_msgs/msg/detail/px4io_status__struct.h\n'}
[1.815059] (px4_msgs) StdoutLine: {'line': b'-- Up-to-date: /home/harsh/ros2_project/install/px4_msgs/include/px4_msgs/px4_msgs/msg/detail/trajectory_setpoint__description.c\n'}
[1.815154] (px4_msgs) StdoutLine: {'line': b'-- Up-to-date: /home/harsh/ros2_project/install/px4_msgs/include/px4_msgs/px4_msgs/msg/detail/home_position__description.c\n'}
[1.815229] (px4_msgs) StdoutLine: {'line': b'-- Installing: /home/harsh/ros2_project/install/px4_msgs/include/px4_msgs/px4_msgs/msg/detail/buffer128__type_support.c\n'}
[1.815386] (px4_msgs) StdoutLine: {'line': b'-- Up-to-date: /home/harsh/ros2_project/install/px4_msgs/include/px4_msgs/px4_msgs/msg/detail/sensor_preflight_mag__type_support.h\n'}
[1.815463] (px4_msgs) StdoutLine: {'line': b'-- Up-to-date: /home/harsh/ros2_project/install/px4_msgs/include/px4_msgs/px4_msgs/msg/detail/event__struct.h\n'}
[1.815538] (px4_msgs) StdoutLine: {'line': b'-- Up-to-date: /home/harsh/ros2_project/install/px4_msgs/include/px4_msgs/px4_msgs/msg/detail/vehicle_air_data__struct.h\n'}
[1.815599] (px4_msgs) StdoutLine: {'line': b'-- Up-to-date: /home/harsh/ros2_project/install/px4_msgs/include/px4_msgs/px4_msgs/msg/detail/sensor_uwb__functions.h\n'}
[1.815678] (px4_msgs) StdoutLine: {'line': b'-- Up-to-date: /home/harsh/ros2_project/install/px4_msgs/include/px4_msgs/px4_msgs/msg/detail/adc_report__struct.h\n'}
[1.815755] (px4_msgs) StdoutLine: {'line': b'-- Up-to-date: /home/harsh/ros2_project/install/px4_msgs/include/px4_msgs/px4_msgs/msg/detail/vehicle_optical_flow__struct.h\n'}
[1.815830] (px4_msgs) StdoutLine: {'line': b'-- Up-to-date: /home/harsh/ros2_project/install/px4_msgs/include/px4_msgs/px4_msgs/msg/detail/mag_worker_data__functions.h\n'}
[1.815908] (px4_msgs) StdoutLine: {'line': b'-- Up-to-date: /home/harsh/ros2_project/install/px4_msgs/include/px4_msgs/px4_msgs/msg/detail/rc_channels__struct.h\n'}
[1.816372] (px4_msgs) StdoutLine: {'line': b'-- Installing: /home/harsh/ros2_project/install/px4_msgs/include/px4_msgs/px4_msgs/msg/detail/vehicle_odometry__type_support.c\n'}
[1.817421] (px4_msgs) StdoutLine: {'line': b'-- Up-to-date: /home/harsh/ros2_project/install/px4_msgs/include/px4_msgs/px4_msgs/msg/detail/transponder_report__type_support.h\n'}
[1.817981] (px4_msgs) StdoutLine: {'line': b'-- Up-to-date: /home/harsh/ros2_project/install/px4_msgs/include/px4_msgs/px4_msgs/msg/detail/position_setpoint__functions.h\n'}
[1.818342] (px4_msgs) StdoutLine: {'line': b'-- Installing: /home/harsh/ros2_project/install/px4_msgs/include/px4_msgs/px4_msgs/msg/detail/gimbal_controls__type_support.c\n'}
[1.819779] (px4_msgs) StdoutLine: {'line': b'-- Up-to-date: /home/harsh/ros2_project/install/px4_msgs/include/px4_msgs/px4_msgs/msg/detail/rtl_time_estimate__type_support.h\n'}
[1.820017] (px4_msgs) StdoutLine: {'line': b'-- Installing: /home/harsh/ros2_project/install/px4_msgs/include/px4_msgs/px4_msgs/msg/detail/cellular_status__type_support.c\n'}
[1.820690] (px4_msgs) StdoutLine: {'line': b'-- Up-to-date: /home/harsh/ros2_project/install/px4_msgs/include/px4_msgs/px4_msgs/msg/detail/normalized_unsigned_setpoint__functions.h\n'}
[1.821967] (px4_msgs) StdoutLine: {'line': b'-- Up-to-date: /home/harsh/ros2_project/install/px4_msgs/include/px4_msgs/px4_msgs/msg/detail/landing_gear__functions.c\n'}
[1.822626] (px4_msgs) StdoutLine: {'line': b'-- Up-to-date: /home/harsh/ros2_project/install/px4_msgs/include/px4_msgs/px4_msgs/msg/detail/pps_capture__functions.h\n'}
[1.822931] (px4_msgs) StdoutLine: {'line': b'-- Installing: /home/harsh/ros2_project/install/px4_msgs/include/px4_msgs/px4_msgs/msg/detail/system_power__type_support.c\n'}
[1.823344] (px4_msgs) StdoutLine: {'line': b'-- Installing: /home/harsh/ros2_project/install/px4_msgs/include/px4_msgs/px4_msgs/msg/detail/vtol_vehicle_status__type_support.c\n'}
[1.824067] (px4_msgs) StdoutLine: {'line': b'-- Up-to-date: /home/harsh/ros2_project/install/px4_msgs/include/px4_msgs/px4_msgs/msg/detail/offboard_control_mode__functions.h\n'}
[1.824474] (px4_msgs) StdoutLine: {'line': b'-- Up-to-date: /home/harsh/ros2_project/install/px4_msgs/include/px4_msgs/px4_msgs/msg/detail/qshell_retval__functions.c\n'}
[1.824835] (px4_msgs) StdoutLine: {'line': b'-- Up-to-date: /home/harsh/ros2_project/install/px4_msgs/include/px4_msgs/px4_msgs/msg/detail/sensor_hygrometer__type_support.h\n'}
[1.824990] (px4_msgs) StdoutLine: {'line': b'-- Installing: /home/harsh/ros2_project/install/px4_msgs/include/px4_msgs/px4_msgs/msg/detail/gimbal_manager_information__type_support.c\n'}
[1.825135] (px4_msgs) StdoutLine: {'line': b'-- Up-to-date: /home/harsh/ros2_project/install/px4_msgs/include/px4_msgs/px4_msgs/msg/detail/rtl_status__functions.h\n'}
[1.825744] (px4_msgs) StdoutLine: {'line': b'-- Up-to-date: /home/harsh/ros2_project/install/px4_msgs/include/px4_msgs/px4_msgs/msg/detail/landing_gear__type_support.h\n'}
[1.825933] (px4_msgs) StdoutLine: {'line': b'-- Up-to-date: /home/harsh/ros2_project/install/px4_msgs/include/px4_msgs/px4_msgs/msg/detail/failure_detector_status__functions.c\n'}
[1.826081] (px4_msgs) StdoutLine: {'line': b'-- Up-to-date: /home/harsh/ros2_project/install/px4_msgs/include/px4_msgs/px4_msgs/msg/detail/message_format_request__functions.h\n'}
[1.826393] (px4_msgs) StdoutLine: {'line': b'-- Installing: /home/harsh/ros2_project/install/px4_msgs/include/px4_msgs/px4_msgs/msg/detail/sensor_accel_fifo__type_support.c\n'}
[1.826530] (px4_msgs) StdoutLine: {'line': b'-- Up-to-date: /home/harsh/ros2_project/install/px4_msgs/include/px4_msgs/px4_msgs/msg/detail/geofence_result__functions.h\n'}
[1.826680] (px4_msgs) StdoutLine: {'line': b'-- Up-to-date: /home/harsh/ros2_project/install/px4_msgs/include/px4_msgs/px4_msgs/msg/detail/orb_test_large__struct.h\n'}
[1.826821] (px4_msgs) StdoutLine: {'line': b'-- Up-to-date: /home/harsh/ros2_project/install/px4_msgs/include/px4_msgs/px4_msgs/msg/detail/ekf2_timestamps__description.c\n'}
[1.826956] (px4_msgs) StdoutLine: {'line': b'-- Up-to-date: /home/harsh/ros2_project/install/px4_msgs/include/px4_msgs/px4_msgs/msg/detail/logger_status__description.c\n'}
[1.827090] (px4_msgs) StdoutLine: {'line': b'-- Up-to-date: /home/harsh/ros2_project/install/px4_msgs/include/px4_msgs/px4_msgs/msg/detail/gimbal_device_set_attitude__struct.h\n'}
[1.827822] (px4_msgs) StdoutLine: {'line': b'-- Up-to-date: /home/harsh/ros2_project/install/px4_msgs/include/px4_msgs/px4_msgs/msg/detail/estimator_innovations__type_support.h\n'}
[1.827932] (px4_msgs) StdoutLine: {'line': b'-- Up-to-date: /home/harsh/ros2_project/install/px4_msgs/include/px4_msgs/px4_msgs/msg/detail/launch_detection_status__type_support.h\n'}
[1.828009] (px4_msgs) StdoutLine: {'line': b'-- Up-to-date: /home/harsh/ros2_project/install/px4_msgs/include/px4_msgs/px4_msgs/msg/detail/parameter_set_used_request__functions.c\n'}
[1.828078] (px4_msgs) StdoutLine: {'line': b'-- Up-to-date: /home/harsh/ros2_project/install/px4_msgs/include/px4_msgs/px4_msgs/msg/detail/follow_target__struct.h\n'}
[1.828148] (px4_msgs) StdoutLine: {'line': b'-- Up-to-date: /home/harsh/ros2_project/install/px4_msgs/include/px4_msgs/px4_msgs/msg/detail/vehicle_imu_status__functions.h\n'}
[1.828246] (px4_msgs) StdoutLine: {'line': b'-- Up-to-date: /home/harsh/ros2_project/install/px4_msgs/include/px4_msgs/px4_msgs/msg/detail/vehicle_air_data__functions.c\n'}
[1.828321] (px4_msgs) StdoutLine: {'line': b'-- Up-to-date: /home/harsh/ros2_project/install/px4_msgs/include/px4_msgs/px4_msgs/msg/detail/trajectory_setpoint__functions.c\n'}
[1.828387] (px4_msgs) StdoutLine: {'line': b'-- Installing: /home/harsh/ros2_project/install/px4_msgs/include/px4_msgs/px4_msgs/msg/detail/uavcan_parameter_request__type_support.c\n'}
[1.828453] (px4_msgs) StdoutLine: {'line': b'-- Up-to-date: /home/harsh/ros2_project/install/px4_msgs/include/px4_msgs/px4_msgs/msg/detail/tiltrotor_extra_controls__functions.c\n'}
[1.828526] (px4_msgs) StdoutLine: {'line': b'-- Installing: /home/harsh/ros2_project/install/px4_msgs/include/px4_msgs/px4_msgs/msg/detail/register_ext_component_reply__type_support.c\n'}
[1.828592] (px4_msgs) StdoutLine: {'line': b'-- Up-to-date: /home/harsh/ros2_project/install/px4_msgs/include/px4_msgs/px4_msgs/msg/detail/qshell_req__functions.h\n'}
[1.828656] (px4_msgs) StdoutLine: {'line': b'-- Up-to-date: /home/harsh/ros2_project/install/px4_msgs/include/px4_msgs/px4_msgs/msg/detail/hover_thrust_estimate__description.c\n'}
[1.828719] (px4_msgs) StdoutLine: {'line': b'-- Up-to-date: /home/harsh/ros2_project/install/px4_msgs/include/px4_msgs/px4_msgs/msg/detail/gimbal_controls__description.c\n'}
[1.828781] (px4_msgs) StdoutLine: {'line': b'-- Up-to-date: /home/harsh/ros2_project/install/px4_msgs/include/px4_msgs/px4_msgs/msg/detail/dataman_response__description.c\n'}
[1.828845] (px4_msgs) StdoutLine: {'line': b'-- Up-to-date: /home/harsh/ros2_project/install/px4_msgs/include/px4_msgs/px4_msgs/msg/detail/can_interface_status__functions.h\n'}
[1.828907] (px4_msgs) StdoutLine: {'line': b'-- Installing: /home/harsh/ros2_project/install/px4_msgs/include/px4_msgs/px4_msgs/msg/detail/vehicle_acceleration__type_support.c\n'}
[1.828983] (px4_msgs) StdoutLine: {'line': b'-- Up-to-date: /home/harsh/ros2_project/install/px4_msgs/include/px4_msgs/px4_msgs/msg/detail/vehicle_angular_acceleration_setpoint__type_support.h\n'}
[1.829051] (px4_msgs) StdoutLine: {'line': b'-- Up-to-date: /home/harsh/ros2_project/install/px4_msgs/include/px4_msgs/px4_msgs/msg/detail/landing_gear_wheel__type_support.h\n'}
[1.829115] (px4_msgs) StdoutLine: {'line': b'-- Up-to-date: /home/harsh/ros2_project/install/px4_msgs/include/px4_msgs/px4_msgs/msg/detail/estimator_aid_source2d__functions.c\n'}
[1.829180] (px4_msgs) StdoutLine: {'line': b'-- Up-to-date: /home/harsh/ros2_project/install/px4_msgs/include/px4_msgs/px4_msgs/msg/detail/vehicle_global_position__description.c\n'}
[1.829257] (px4_msgs) StdoutLine: {'line': b'-- Installing: /home/harsh/ros2_project/install/px4_msgs/include/px4_msgs/px4_msgs/msg/detail/orb_test_medium__type_support.c\n'}
[1.829326] (px4_msgs) StdoutLine: {'line': b'-- Up-to-date: /home/harsh/ros2_project/install/px4_msgs/include/px4_msgs/px4_msgs/msg/detail/vehicle_constraints__type_support.h\n'}
[1.829390] (px4_msgs) StdoutLine: {'line': b'-- Installing: /home/harsh/ros2_project/install/px4_msgs/include/px4_msgs/px4_msgs/msg/detail/position_setpoint__type_support.c\n'}
[1.829452] (px4_msgs) StdoutLine: {'line': b'-- Up-to-date: /home/harsh/ros2_project/install/px4_msgs/include/px4_msgs/px4_msgs/msg/detail/vehicle_angular_velocity__struct.h\n'}
[1.829515] (px4_msgs) StdoutLine: {'line': b'-- Up-to-date: /home/harsh/ros2_project/install/px4_msgs/include/px4_msgs/px4_msgs/msg/detail/onboard_computer_status__functions.h\n'}
[1.829581] (px4_msgs) StdoutLine: {'line': b'-- Up-to-date: /home/harsh/ros2_project/install/px4_msgs/include/px4_msgs/px4_msgs/msg/detail/manual_control_setpoint__struct.h\n'}
[1.829648] (px4_msgs) StdoutLine: {'line': b'-- Up-to-date: /home/harsh/ros2_project/install/px4_msgs/include/px4_msgs/px4_msgs/msg/detail/landing_gear_wheel__description.c\n'}
[1.829717] (px4_msgs) StdoutLine: {'line': b'-- Up-to-date: /home/harsh/ros2_project/install/px4_msgs/include/px4_msgs/px4_msgs/msg/detail/power_button_state__struct.h\n'}
[1.829783] (px4_msgs) StdoutLine: {'line': b'-- Up-to-date: /home/harsh/ros2_project/install/px4_msgs/include/px4_msgs/px4_msgs/msg/detail/qshell_retval__description.c\n'}
[1.829847] (px4_msgs) StdoutLine: {'line': b'-- Up-to-date: /home/harsh/ros2_project/install/px4_msgs/include/px4_msgs/px4_msgs/msg/detail/dataman_response__type_support.h\n'}
[1.829912] (px4_msgs) StdoutLine: {'line': b'-- Up-to-date: /home/harsh/ros2_project/install/px4_msgs/include/px4_msgs/px4_msgs/msg/detail/sensor_uwb__functions.c\n'}
[1.829977] (px4_msgs) StdoutLine: {'line': b'-- Up-to-date: /home/harsh/ros2_project/install/px4_msgs/include/px4_msgs/px4_msgs/msg/detail/sensor_airflow__type_support.h\n'}
[1.830053] (px4_msgs) StdoutLine: {'line': b'-- Up-to-date: /home/harsh/ros2_project/install/px4_msgs/include/px4_msgs/px4_msgs/msg/detail/unregister_ext_component__functions.h\n'}
[1.830126] (px4_msgs) StdoutLine: {'line': b'-- Up-to-date: /home/harsh/ros2_project/install/px4_msgs/include/px4_msgs/px4_msgs/msg/detail/figure_eight_status__type_support.h\n'}
[1.830195] (px4_msgs) StdoutLine: {'line': b'-- Installing: /home/harsh/ros2_project/install/px4_msgs/include/px4_msgs/px4_msgs/msg/detail/vehicle_optical_flow__type_support.c\n'}
[1.830283] (px4_msgs) StdoutLine: {'line': b'-- Installing: /home/harsh/ros2_project/install/px4_msgs/include/px4_msgs/px4_msgs/msg/detail/ulog_stream_ack__type_support.c\n'}
[1.830351] (px4_msgs) StdoutLine: {'line': b'-- Up-to-date: /home/harsh/ros2_project/install/px4_msgs/include/px4_msgs/px4_msgs/msg/detail/vehicle_acceleration__functions.c\n'}
[1.830414] (px4_msgs) StdoutLine: {'line': b'-- Up-to-date: /home/harsh/ros2_project/install/px4_msgs/include/px4_msgs/px4_msgs/msg/detail/system_power__type_support.h\n'}
[1.830480] (px4_msgs) StdoutLine: {'line': b'-- Up-to-date: /home/harsh/ros2_project/install/px4_msgs/include/px4_msgs/px4_msgs/msg/detail/orb_test_large__functions.h\n'}
[1.830545] (px4_msgs) StdoutLine: {'line': b'-- Up-to-date: /home/harsh/ros2_project/install/px4_msgs/include/px4_msgs/px4_msgs/msg/detail/debug_array__type_support.h\n'}
[1.830611] (px4_msgs) StdoutLine: {'line': b'-- Up-to-date: /home/harsh/ros2_project/install/px4_msgs/include/px4_msgs/px4_msgs/msg/detail/navigator_mission_item__description.c\n'}
[1.830676] (px4_msgs) StdoutLine: {'line': b'-- Installing: /home/harsh/ros2_project/install/px4_msgs/include/px4_msgs/px4_msgs/msg/detail/trajectory_setpoint__type_support.c\n'}
[1.830740] (px4_msgs) StdoutLine: {'line': b'-- Installing: /home/harsh/ros2_project/install/px4_msgs/include/px4_msgs/px4_msgs/msg/detail/rpm__type_support.c\n'}
[1.830804] (px4_msgs) StdoutLine: {'line': b'-- Up-to-date: /home/harsh/ros2_project/install/px4_msgs/include/px4_msgs/px4_msgs/msg/detail/mavlink_tunnel__description.c\n'}
[1.830866] (px4_msgs) StdoutLine: {'line': b'-- Installing: /home/harsh/ros2_project/install/px4_msgs/include/px4_msgs/px4_msgs/msg/detail/position_setpoint_triplet__type_support.c\n'}
[1.830928] (px4_msgs) StdoutLine: {'line': b'-- Up-to-date: /home/harsh/ros2_project/install/px4_msgs/include/px4_msgs/px4_msgs/msg/detail/vehicle_angular_acceleration_setpoint__struct.h\n'}
[1.830988] (px4_msgs) StdoutLine: {'line': b'-- Up-to-date: /home/harsh/ros2_project/install/px4_msgs/include/px4_msgs/px4_msgs/msg/detail/arming_check_reply__description.c\n'}
[1.831050] (px4_msgs) StdoutLine: {'line': b'-- Up-to-date: /home/harsh/ros2_project/install/px4_msgs/include/px4_msgs/px4_msgs/msg/detail/gpio_in__description.c\n'}
[1.831123] (px4_msgs) StdoutLine: {'line': b'-- Installing: /home/harsh/ros2_project/install/px4_msgs/include/px4_msgs/px4_msgs/msg/detail/debug_value__type_support.c\n'}
[1.831194] (px4_msgs) StdoutLine: {'line': b'-- Up-to-date: /home/harsh/ros2_project/install/px4_msgs/include/px4_msgs/px4_msgs/msg/detail/ulog_stream__functions.h\n'}
[1.831284] (px4_msgs) StdoutLine: {'line': b'-- Up-to-date: /home/harsh/ros2_project/install/px4_msgs/include/px4_msgs/px4_msgs/msg/detail/gimbal_manager_set_attitude__struct.h\n'}
[1.831353] (px4_msgs) StdoutLine: {'line': b'-- Up-to-date: /home/harsh/ros2_project/install/px4_msgs/include/px4_msgs/px4_msgs/msg/detail/can_interface_status__struct.h\n'}
[1.831417] (px4_msgs) StdoutLine: {'line': b'-- Up-to-date: /home/harsh/ros2_project/install/px4_msgs/include/px4_msgs/px4_msgs/msg/detail/radio_status__struct.h\n'}
[1.831482] (px4_msgs) StdoutLine: {'line': b'-- Up-to-date: /home/harsh/ros2_project/install/px4_msgs/include/px4_msgs/px4_msgs/msg/detail/actuator_controls_status__description.c\n'}
[1.831545] (px4_msgs) StdoutLine: {'line': b'-- Up-to-date: /home/harsh/ros2_project/install/px4_msgs/include/px4_msgs/px4_msgs/msg/detail/mode_completed__description.c\n'}
[1.831609] (px4_msgs) StdoutLine: {'line': b'-- Up-to-date: /home/harsh/ros2_project/install/px4_msgs/include/px4_msgs/px4_msgs/msg/detail/differential_drive_setpoint__struct.h\n'}
[1.831741] (px4_msgs) StdoutLine: {'line': b'-- Up-to-date: /home/harsh/ros2_project/install/px4_msgs/include/px4_msgs/px4_msgs/msg/detail/geofence_result__type_support.h\n'}
[1.831797] (px4_msgs) StdoutLine: {'line': b'-- Up-to-date: /home/harsh/ros2_project/install/px4_msgs/include/px4_msgs/px4_msgs/msg/detail/estimator_event_flags__functions.h\n'}
[1.831864] (px4_msgs) StdoutLine: {'line': b'-- Up-to-date: /home/harsh/ros2_project/install/px4_msgs/include/px4_msgs/px4_msgs/msg/detail/gpio_out__description.c\n'}
[1.831930] (px4_msgs) StdoutLine: {'line': b'-- Up-to-date: /home/harsh/ros2_project/install/px4_msgs/include/px4_msgs/px4_msgs/msg/detail/unregister_ext_component__type_support.h\n'}
[1.831997] (px4_msgs) StdoutLine: {'line': b'-- Up-to-date: /home/harsh/ros2_project/install/px4_msgs/include/px4_msgs/px4_msgs/msg/detail/estimator_selector_status__functions.c\n'}
[1.832072] (px4_msgs) StdoutLine: {'line': b'-- Up-to-date: /home/harsh/ros2_project/install/px4_msgs/include/px4_msgs/px4_msgs/msg/detail/vehicle_local_position_setpoint__struct.h\n'}
[1.832145] (px4_msgs) StdoutLine: {'line': b'-- Up-to-date: /home/harsh/ros2_project/install/px4_msgs/include/px4_msgs/px4_msgs/msg/detail/position_controller_landing_status__type_support.h\n'}
[1.832980] (px4_msgs) StdoutLine: {'line': b'-- Up-to-date: /home/harsh/ros2_project/install/px4_msgs/include/px4_msgs/px4_msgs/msg/detail/navigator_mission_item__functions.c\n'}
[1.833066] (px4_msgs) StdoutLine: {'line': b'-- Up-to-date: /home/harsh/ros2_project/install/px4_msgs/include/px4_msgs/px4_msgs/msg/detail/actuator_servos_trim__type_support.h\n'}
[1.833142] (px4_msgs) StdoutLine: {'line': b'-- Up-to-date: /home/harsh/ros2_project/install/px4_msgs/include/px4_msgs/px4_msgs/msg/detail/cellular_status__functions.h\n'}
[1.833217] (px4_msgs) StdoutLine: {'line': b'-- Up-to-date: /home/harsh/ros2_project/install/px4_msgs/include/px4_msgs/px4_msgs/msg/detail/hover_thrust_estimate__functions.h\n'}
[1.833319] (px4_msgs) StdoutLine: {'line': b'-- Up-to-date: /home/harsh/ros2_project/install/px4_msgs/include/px4_msgs/px4_msgs/msg/detail/gps_dump__struct.h\n'}
[1.833389] (px4_msgs) StdoutLine: {'line': b'-- Up-to-date: /home/harsh/ros2_project/install/px4_msgs/include/px4_msgs/px4_msgs/msg/detail/heater_status__description.c\n'}
[1.833460] (px4_msgs) StdoutLine: {'line': b'-- Up-to-date: /home/harsh/ros2_project/install/px4_msgs/include/px4_msgs/px4_msgs/msg/detail/orb_test__type_support.h\n'}
[1.833527] (px4_msgs) StdoutLine: {'line': b'-- Installing: /home/harsh/ros2_project/install/px4_msgs/include/px4_msgs/px4_msgs/msg/detail/estimator_status__type_support.c\n'}
[1.833590] (px4_msgs) StdoutLine: {'line': b'-- Up-to-date: /home/harsh/ros2_project/install/px4_msgs/include/px4_msgs/px4_msgs/msg/detail/wheel_encoders__functions.h\n'}
[1.833653] (px4_msgs) StdoutLine: {'line': b'-- Up-to-date: /home/harsh/ros2_project/install/px4_msgs/include/px4_msgs/px4_msgs/msg/detail/vehicle_local_position_setpoint__functions.h\n'}
[1.833716] (px4_msgs) StdoutLine: {'line': b'-- Up-to-date: /home/harsh/ros2_project/install/px4_msgs/include/px4_msgs/px4_msgs/msg/detail/pps_capture__functions.c\n'}
[1.833782] (px4_msgs) StdoutLine: {'line': b'-- Up-to-date: /home/harsh/ros2_project/install/px4_msgs/include/px4_msgs/px4_msgs/msg/detail/gimbal_device_information__functions.h\n'}
[1.833852] (px4_msgs) StdoutLine: {'line': b'-- Up-to-date: /home/harsh/ros2_project/install/px4_msgs/include/px4_msgs/px4_msgs/msg/detail/vehicle_optical_flow_vel__type_support.h\n'}
[1.833918] (px4_msgs) StdoutLine: {'line': b'-- Installing: /home/harsh/ros2_project/install/px4_msgs/include/px4_msgs/px4_msgs/msg/detail/airspeed_validated__type_support.c\n'}
[1.833984] (px4_msgs) StdoutLine: {'line': b'-- Up-to-date: /home/harsh/ros2_project/install/px4_msgs/include/px4_msgs/px4_msgs/msg/detail/parameter_update__functions.c\n'}
[1.834046] (px4_msgs) StdoutLine: {'line': b'-- Up-to-date: /home/harsh/ros2_project/install/px4_msgs/include/px4_msgs/px4_msgs/msg/detail/actuator_controls_status__functions.c\n'}
[1.834108] (px4_msgs) StdoutLine: {'line': b'-- Up-to-date: /home/harsh/ros2_project/install/px4_msgs/include/px4_msgs/px4_msgs/msg/detail/landing_gear_wheel__functions.h\n'}
[1.834169] (px4_msgs) StdoutLine: {'line': b'-- Up-to-date: /home/harsh/ros2_project/install/px4_msgs/include/px4_msgs/px4_msgs/msg/detail/magnetometer_bias_estimate__type_support.h\n'}
[1.834240] (px4_msgs) StdoutLine: {'line': b'-- Up-to-date: /home/harsh/ros2_project/install/px4_msgs/include/px4_msgs/px4_msgs/msg/detail/vehicle_optical_flow_vel__functions.h\n'}
[1.834317] (px4_msgs) StdoutLine: {'line': b'-- Up-to-date: /home/harsh/ros2_project/install/px4_msgs/include/px4_msgs/px4_msgs/msg/detail/generator_status__struct.h\n'}
[1.834381] (px4_msgs) StdoutLine: {'line': b'-- Up-to-date: /home/harsh/ros2_project/install/px4_msgs/include/px4_msgs/px4_msgs/msg/detail/differential_pressure__type_support.h\n'}
[1.834444] (px4_msgs) StdoutLine: {'line': b'-- Up-to-date: /home/harsh/ros2_project/install/px4_msgs/include/px4_msgs/px4_msgs/msg/detail/debug_key_value__type_support.h\n'}
[1.834506] (px4_msgs) StdoutLine: {'line': b'-- Up-to-date: /home/harsh/ros2_project/install/px4_msgs/include/px4_msgs/px4_msgs/msg/detail/follow_target__description.c\n'}
[1.834573] (px4_msgs) StdoutLine: {'line': b'-- Installing: /home/harsh/ros2_project/install/px4_msgs/include/px4_msgs/px4_msgs/msg/detail/geofence_result__type_support.c\n'}
[1.834639] (px4_msgs) StdoutLine: {'line': b'-- Up-to-date: /home/harsh/ros2_project/install/px4_msgs/include/px4_msgs/px4_msgs/msg/detail/sensors_status_imu__functions.c\n'}
[1.834705] (px4_msgs) StdoutLine: {'line': b'-- Up-to-date: /home/harsh/ros2_project/install/px4_msgs/include/px4_msgs/px4_msgs/msg/detail/timesync_status__functions.c\n'}
[1.834769] (px4_msgs) StdoutLine: {'line': b'-- Up-to-date: /home/harsh/ros2_project/install/px4_msgs/include/px4_msgs/px4_msgs/msg/detail/sensors_status_imu__struct.h\n'}
[1.834831] (px4_msgs) StdoutLine: {'line': b'-- Up-to-date: /home/harsh/ros2_project/install/px4_msgs/include/px4_msgs/px4_msgs/msg/detail/vehicle_thrust_setpoint__functions.h\n'}
[1.834894] (px4_msgs) StdoutLine: {'line': b'-- Up-to-date: /home/harsh/ros2_project/install/px4_msgs/include/px4_msgs/px4_msgs/msg/detail/vehicle_land_detected__functions.h\n'}
[1.834967] (px4_msgs) StdoutLine: {'line': b'-- Up-to-date: /home/harsh/ros2_project/install/px4_msgs/include/px4_msgs/px4_msgs/msg/detail/telemetry_status__description.c\n'}
[1.835033] (px4_msgs) StdoutLine: {'line': b'-- Up-to-date: /home/harsh/ros2_project/install/px4_msgs/include/px4_msgs/px4_msgs/msg/detail/failsafe_flags__struct.h\n'}
[1.835104] (px4_msgs) StdoutLine: {'line': b'-- Up-to-date: /home/harsh/ros2_project/install/px4_msgs/include/px4_msgs/px4_msgs/msg/detail/sensor_preflight_mag__struct.h\n'}
[1.835172] (px4_msgs) StdoutLine: {'line': b'-- Up-to-date: /home/harsh/ros2_project/install/px4_msgs/include/px4_msgs/px4_msgs/msg/detail/gripper__description.c\n'}
[1.835256] (px4_msgs) StdoutLine: {'line': b'-- Up-to-date: /home/harsh/ros2_project/install/px4_msgs/include/px4_msgs/px4_msgs/msg/detail/transponder_report__description.c\n'}
[1.835326] (px4_msgs) StdoutLine: {'line': b'-- Installing: /home/harsh/ros2_project/install/px4_msgs/include/px4_msgs/px4_msgs/msg/detail/rtl_status__type_support.c\n'}
[1.835393] (px4_msgs) StdoutLine: {'line': b'-- Up-to-date: /home/harsh/ros2_project/install/px4_msgs/include/px4_msgs/px4_msgs/msg/detail/button_event__struct.h\n'}
[1.835462] (px4_msgs) StdoutLine: {'line': b'-- Up-to-date: /home/harsh/ros2_project/install/px4_msgs/include/px4_msgs/px4_msgs/msg/detail/ulog_stream_ack__functions.h\n'}
[1.835525] (px4_msgs) StdoutLine: {'line': b'-- Installing: /home/harsh/ros2_project/install/px4_msgs/include/px4_msgs/px4_msgs/msg/detail/geofence_status__type_support.c\n'}
[1.835589] (px4_msgs) StdoutLine: {'line': b'-- Installing: /home/harsh/ros2_project/install/px4_msgs/include/px4_msgs/px4_msgs/msg/detail/tiltrotor_extra_controls__type_support.c\n'}
[1.835653] (px4_msgs) StdoutLine: {'line': b'-- Up-to-date: /home/harsh/ros2_project/install/px4_msgs/include/px4_msgs/px4_msgs/msg/detail/sensor_airflow__functions.c\n'}
[1.835716] (px4_msgs) StdoutLine: {'line': b'-- Up-to-date: /home/harsh/ros2_project/install/px4_msgs/include/px4_msgs/px4_msgs/msg/detail/sensors_status__functions.c\n'}
[1.835784] (px4_msgs) StdoutLine: {'line': b'-- Installing: /home/harsh/ros2_project/install/px4_msgs/include/px4_msgs/px4_msgs/msg/detail/sensor_airflow__type_support.c\n'}
[1.835848] (px4_msgs) StdoutLine: {'line': b'-- Up-to-date: /home/harsh/ros2_project/install/px4_msgs/include/px4_msgs/px4_msgs/msg/detail/iridiumsbd_status__type_support.h\n'}
[1.835919] (px4_msgs) StdoutLine: {'line': b'-- Up-to-date: /home/harsh/ros2_project/install/px4_msgs/include/px4_msgs/px4_msgs/msg/detail/normalized_unsigned_setpoint__description.c\n'}
[1.836073] (px4_msgs) StdoutLine: {'line': b'-- Installing: /home/harsh/ros2_project/install/px4_msgs/include/px4_msgs/px4_msgs/msg/detail/message_format_response__type_support.c\n'}
[1.836149] (px4_msgs) StdoutLine: {'line': b'-- Up-to-date: /home/harsh/ros2_project/install/px4_msgs/include/px4_msgs/px4_msgs/msg/detail/mission_result__description.c\n'}
[1.836221] (px4_msgs) StdoutLine: {'line': b'-- Up-to-date: /home/harsh/ros2_project/install/px4_msgs/include/px4_msgs/px4_msgs/msg/detail/sensors_status__type_support.h\n'}
[1.836312] (px4_msgs) StdoutLine: {'line': b'-- Up-to-date: /home/harsh/ros2_project/install/px4_msgs/include/px4_msgs/px4_msgs/msg/detail/actuator_test__functions.h\n'}
[1.836378] (px4_msgs) StdoutLine: {'line': b'-- Up-to-date: /home/harsh/ros2_project/install/px4_msgs/include/px4_msgs/px4_msgs/msg/detail/manual_control_setpoint__functions.h\n'}
[1.836444] (px4_msgs) StdoutLine: {'line': b'-- Up-to-date: /home/harsh/ros2_project/install/px4_msgs/include/px4_msgs/px4_msgs/msg/detail/rate_ctrl_status__description.c\n'}
[1.836514] (px4_msgs) StdoutLine: {'line': b'-- Installing: /home/harsh/ros2_project/install/px4_msgs/include/px4_msgs/px4_msgs/msg/detail/battery_status__type_support.c\n'}
[1.836582] (px4_msgs) StdoutLine: {'line': b'-- Installing: /home/harsh/ros2_project/install/px4_msgs/include/px4_msgs/px4_msgs/msg/detail/sensor_correction__type_support.c\n'}
[1.836645] (px4_msgs) StdoutLine: {'line': b'-- Up-to-date: /home/harsh/ros2_project/install/px4_msgs/include/px4_msgs/px4_msgs/msg/detail/esc_status__struct.h\n'}
[1.836706] (px4_msgs) StdoutLine: {'line': b'-- Up-to-date: /home/harsh/ros2_project/install/px4_msgs/include/px4_msgs/px4_msgs/msg/detail/velocity_limits__description.c\n'}
[1.836768] (px4_msgs) StdoutLine: {'line': b'-- Up-to-date: /home/harsh/ros2_project/install/px4_msgs/include/px4_msgs/px4_msgs/msg/detail/vehicle_status__functions.c\n'}
[1.836830] (px4_msgs) StdoutLine: {'line': b'-- Up-to-date: /home/harsh/ros2_project/install/px4_msgs/include/px4_msgs/px4_msgs/msg/detail/failsafe_flags__description.c\n'}
[1.836893] (px4_msgs) StdoutLine: {'line': b'-- Installing: /home/harsh/ros2_project/install/px4_msgs/include/px4_msgs/px4_msgs/msg/detail/home_position__type_support.c\n'}
[1.836954] (px4_msgs) StdoutLine: {'line': b'-- Up-to-date: /home/harsh/ros2_project/install/px4_msgs/include/px4_msgs/px4_msgs/msg/detail/logger_status__functions.c\n'}
[1.837018] (px4_msgs) StdoutLine: {'line': b'-- Up-to-date: /home/harsh/ros2_project/install/px4_msgs/include/px4_msgs/px4_msgs/msg/detail/orb_test__functions.h\n'}
[1.837082] (px4_msgs) StdoutLine: {'line': b'-- Up-to-date: /home/harsh/ros2_project/install/px4_msgs/include/px4_msgs/px4_msgs/msg/detail/transponder_report__functions.c\n'}
[1.837143] (px4_msgs) StdoutLine: {'line': b'-- Up-to-date: /home/harsh/ros2_project/install/px4_msgs/include/px4_msgs/px4_msgs/msg/detail/sensors_status__description.c\n'}
[1.837203] (px4_msgs) StdoutLine: {'line': b'-- Up-to-date: /home/harsh/ros2_project/install/px4_msgs/include/px4_msgs/px4_msgs/msg/detail/gpio_request__functions.c\n'}
[1.837287] (px4_msgs) StdoutLine: {'line': b'-- Up-to-date: /home/harsh/ros2_project/install/px4_msgs/include/px4_msgs/px4_msgs/msg/detail/uavcan_parameter_request__description.c\n'}
[1.837355] (px4_msgs) StdoutLine: {'line': b'-- Up-to-date: /home/harsh/ros2_project/install/px4_msgs/include/px4_msgs/px4_msgs/msg/detail/estimator_innovations__functions.c\n'}
[1.837417] (px4_msgs) StdoutLine: {'line': b'-- Up-to-date: /home/harsh/ros2_project/install/px4_msgs/include/px4_msgs/px4_msgs/msg/detail/estimator_bias3d__type_support.h\n'}
[1.837481] (px4_msgs) StdoutLine: {'line': b'-- Up-to-date: /home/harsh/ros2_project/install/px4_msgs/include/px4_msgs/px4_msgs/msg/detail/position_controller_landing_status__struct.h\n'}
[1.838000] (px4_msgs) StdoutLine: {'line': b'-- Installing: /home/harsh/ros2_project/install/px4_msgs/include/px4_msgs/px4_msgs/msg/detail/vehicle_optical_flow_vel__type_support.c\n'}
[1.838095] (px4_msgs) StdoutLine: {'line': b'-- Up-to-date: /home/harsh/ros2_project/install/px4_msgs/include/px4_msgs/px4_msgs/msg/detail/gps_inject_data__type_support.h\n'}
[1.838703] (px4_msgs) StdoutLine: {'line': b'-- Up-to-date: /home/harsh/ros2_project/install/px4_msgs/include/px4_msgs/px4_msgs/msg/detail/position_controller_status__description.c\n'}
[1.839023] (px4_msgs) StdoutLine: {'line': b'-- Up-to-date: /home/harsh/ros2_project/install/px4_msgs/include/px4_msgs/px4_msgs/msg/detail/follow_target_estimator__functions.c\n'}
[1.839187] (px4_msgs) StdoutLine: {'line': b'-- Up-to-date: /home/harsh/ros2_project/install/px4_msgs/include/px4_msgs/px4_msgs/msg/detail/satellite_info__functions.c\n'}
[1.839455] (px4_msgs) StdoutLine: {'line': b'-- Up-to-date: /home/harsh/ros2_project/install/px4_msgs/include/px4_msgs/px4_msgs/msg/detail/debug_vect__functions.c\n'}
[1.839616] (px4_msgs) StdoutLine: {'line': b'-- Up-to-date: /home/harsh/ros2_project/install/px4_msgs/include/px4_msgs/px4_msgs/msg/detail/landing_target_innovations__struct.h\n'}
[1.839749] (px4_msgs) StdoutLine: {'line': b'-- Up-to-date: /home/harsh/ros2_project/install/px4_msgs/include/px4_msgs/px4_msgs/msg/detail/follow_target_estimator__functions.h\n'}
[1.839885] (px4_msgs) StdoutLine: {'line': b'-- Up-to-date: /home/harsh/ros2_project/install/px4_msgs/include/px4_msgs/px4_msgs/msg/detail/actuator_motors__description.c\n'}
[1.840017] (px4_msgs) StdoutLine: {'line': b'-- Up-to-date: /home/harsh/ros2_project/install/px4_msgs/include/px4_msgs/px4_msgs/msg/detail/mission_result__type_support.h\n'}
[1.840138] (px4_msgs) StdoutLine: {'line': b'-- Up-to-date: /home/harsh/ros2_project/install/px4_msgs/include/px4_msgs/px4_msgs/msg/detail/follow_target__type_support.h\n'}
[1.840365] (px4_msgs) StdoutLine: {'line': b'-- Up-to-date: /home/harsh/ros2_project/install/px4_msgs/include/px4_msgs/px4_msgs/msg/detail/rate_ctrl_status__functions.c\n'}
[1.840544] (px4_msgs) StdoutLine: {'line': b'-- Up-to-date: /home/harsh/ros2_project/install/px4_msgs/include/px4_msgs/px4_msgs/msg/detail/uavcan_parameter_value__type_support.h\n'}
[1.840617] (px4_msgs) StdoutLine: {'line': b'-- Up-to-date: /home/harsh/ros2_project/install/px4_msgs/include/px4_msgs/px4_msgs/msg/detail/differential_pressure__struct.h\n'}
[1.840682] (px4_msgs) StdoutLine: {'line': b'-- Up-to-date: /home/harsh/ros2_project/install/px4_msgs/include/px4_msgs/px4_msgs/msg/detail/vehicle_trajectory_bezier__functions.c\n'}
[1.840745] (px4_msgs) StdoutLine: {'line': b'-- Up-to-date: /home/harsh/ros2_project/install/px4_msgs/include/px4_msgs/px4_msgs/msg/detail/vehicle_attitude_setpoint__functions.h\n'}
[1.840806] (px4_msgs) StdoutLine: {'line': b'-- Up-to-date: /home/harsh/ros2_project/install/px4_msgs/include/px4_msgs/px4_msgs/msg/detail/vehicle_global_position__functions.c\n'}
[1.840867] (px4_msgs) StdoutLine: {'line': b'-- Up-to-date: /home/harsh/ros2_project/install/px4_msgs/include/px4_msgs/px4_msgs/msg/detail/gimbal_manager_set_manual_control__functions.c\n'}
[1.840926] (px4_msgs) StdoutLine: {'line': b'-- Up-to-date: /home/harsh/ros2_project/install/px4_msgs/include/px4_msgs/px4_msgs/msg/detail/battery_status__functions.h\n'}
[1.840983] (px4_msgs) StdoutLine: {'line': b'-- Up-to-date: /home/harsh/ros2_project/install/px4_msgs/include/px4_msgs/px4_msgs/msg/detail/airspeed__functions.c\n'}
[1.841040] (px4_msgs) StdoutLine: {'line': b'-- Up-to-date: /home/harsh/ros2_project/install/px4_msgs/include/px4_msgs/px4_msgs/msg/detail/heater_status__functions.h\n'}
[1.841095] (px4_msgs) StdoutLine: {'line': b'-- Up-to-date: /home/harsh/ros2_project/install/px4_msgs/include/px4_msgs/px4_msgs/msg/detail/sensor_gnss_relative__functions.c\n'}
[1.841152] (px4_msgs) StdoutLine: {'line': b'-- Up-to-date: /home/harsh/ros2_project/install/px4_msgs/include/px4_msgs/px4_msgs/msg/detail/flight_phase_estimation__description.c\n'}
[1.841208] (px4_msgs) StdoutLine: {'line': b'-- Installing: /home/harsh/ros2_project/install/px4_msgs/include/px4_msgs/px4_msgs/msg/detail/tune_control__type_support.c\n'}
[1.841276] (px4_msgs) StdoutLine: {'line': b'-- Installing: /home/harsh/ros2_project/install/px4_msgs/include/px4_msgs/px4_msgs/msg/detail/gimbal_manager_set_attitude__type_support.c\n'}
[1.841333] (px4_msgs) StdoutLine: {'line': b'-- Up-to-date: /home/harsh/ros2_project/install/px4_msgs/include/px4_msgs/px4_msgs/msg/detail/airspeed_wind__functions.h\n'}
[1.841389] (px4_msgs) StdoutLine: {'line': b'-- Up-to-date: /home/harsh/ros2_project/install/px4_msgs/include/px4_msgs/px4_msgs/msg/detail/rc_parameter_map__struct.h\n'}
[1.841444] (px4_msgs) StdoutLine: {'line': b'-- Up-to-date: /home/harsh/ros2_project/install/px4_msgs/include/px4_msgs/px4_msgs/msg/detail/vehicle_command__functions.c\n'}
[1.841585] (px4_msgs) StdoutLine: {'line': b'-- Installing: /home/harsh/ros2_project/install/px4_msgs/include/px4_msgs/px4_msgs/msg/detail/mavlink_log__type_support.c\n'}
[1.841646] (px4_msgs) StdoutLine: {'line': b'-- Up-to-date: /home/harsh/ros2_project/install/px4_msgs/include/px4_msgs/px4_msgs/msg/detail/ekf2_timestamps__type_support.h\n'}
[1.841705] (px4_msgs) StdoutLine: {'line': b'-- Up-to-date: /home/harsh/ros2_project/install/px4_msgs/include/px4_msgs/px4_msgs/msg/detail/collision_report__functions.c\n'}
[1.841767] (px4_msgs) StdoutLine: {'line': b'-- Installing: /home/harsh/ros2_project/install/px4_msgs/include/px4_msgs/px4_msgs/msg/detail/estimator_innovations__type_support.c\n'}
[1.841834] (px4_msgs) StdoutLine: {'line': b'-- Up-to-date: /home/harsh/ros2_project/install/px4_msgs/include/px4_msgs/px4_msgs/msg/detail/power_button_state__functions.c\n'}
[1.841899] (px4_msgs) StdoutLine: {'line': b'-- Installing: /home/harsh/ros2_project/install/px4_msgs/include/px4_msgs/px4_msgs/msg/detail/collision_report__type_support.c\n'}
[1.841960] (px4_msgs) StdoutLine: {'line': b'-- Up-to-date: /home/harsh/ros2_project/install/px4_msgs/include/px4_msgs/px4_msgs/msg/detail/rpm__type_support.h\n'}
[1.842019] (px4_msgs) StdoutLine: {'line': b'-- Up-to-date: /home/harsh/ros2_project/install/px4_msgs/include/px4_msgs/px4_msgs/msg/detail/velocity_limits__type_support.h\n'}
[1.842077] (px4_msgs) StdoutLine: {'line': b'-- Up-to-date: /home/harsh/ros2_project/install/px4_msgs/include/px4_msgs/px4_msgs/msg/detail/trajectory_waypoint__description.c\n'}
[1.842135] (px4_msgs) StdoutLine: {'line': b'-- Up-to-date: /home/harsh/ros2_project/install/px4_msgs/include/px4_msgs/px4_msgs/msg/detail/normalized_unsigned_setpoint__struct.h\n'}
[1.842191] (px4_msgs) StdoutLine: {'line': b'-- Up-to-date: /home/harsh/ros2_project/install/px4_msgs/include/px4_msgs/px4_msgs/msg/detail/position_setpoint__type_support.h\n'}
[1.842263] (px4_msgs) StdoutLine: {'line': b'-- Up-to-date: /home/harsh/ros2_project/install/px4_msgs/include/px4_msgs/px4_msgs/msg/detail/mission_result__functions.c\n'}
[1.842324] (px4_msgs) StdoutLine: {'line': b'-- Up-to-date: /home/harsh/ros2_project/install/px4_msgs/include/px4_msgs/px4_msgs/msg/detail/collision_report__functions.h\n'}
[1.842383] (px4_msgs) StdoutLine: {'line': b'-- Up-to-date: /home/harsh/ros2_project/install/px4_msgs/include/px4_msgs/px4_msgs/msg/detail/sensor_gps__description.c\n'}
[1.842439] (px4_msgs) StdoutLine: {'line': b'-- Up-to-date: /home/harsh/ros2_project/install/px4_msgs/include/px4_msgs/px4_msgs/msg/detail/parameter_update__struct.h\n'}
[1.842497] (px4_msgs) StdoutLine: {'line': b'-- Up-to-date: /home/harsh/ros2_project/install/px4_msgs/include/px4_msgs/px4_msgs/msg/detail/vehicle_imu__description.c\n'}
[1.842553] (px4_msgs) StdoutLine: {'line': b'-- Up-to-date: /home/harsh/ros2_project/install/px4_msgs/include/px4_msgs/px4_msgs/msg/detail/vehicle_magnetometer__functions.c\n'}
[1.842609] (px4_msgs) StdoutLine: {'line': b'-- Up-to-date: /home/harsh/ros2_project/install/px4_msgs/include/px4_msgs/px4_msgs/msg/detail/differential_pressure__functions.h\n'}
[1.842666] (px4_msgs) StdoutLine: {'line': b'-- Up-to-date: /home/harsh/ros2_project/install/px4_msgs/include/px4_msgs/px4_msgs/msg/detail/estimator_event_flags__type_support.h\n'}
[1.842721] (px4_msgs) StdoutLine: {'line': b'-- Up-to-date: /home/harsh/ros2_project/install/px4_msgs/include/px4_msgs/px4_msgs/msg/detail/timesync_status__type_support.h\n'}
[1.842777] (px4_msgs) StdoutLine: {'line': b'-- Up-to-date: /home/harsh/ros2_project/install/px4_msgs/include/px4_msgs/px4_msgs/msg/detail/power_monitor__functions.h\n'}
[1.842833] (px4_msgs) StdoutLine: {'line': b'-- Up-to-date: /home/harsh/ros2_project/install/px4_msgs/include/px4_msgs/px4_msgs/msg/detail/camera_trigger__functions.c\n'}
[1.842891] (px4_msgs) StdoutLine: {'line': b'-- Up-to-date: /home/harsh/ros2_project/install/px4_msgs/include/px4_msgs/px4_msgs/msg/detail/estimator_aid_source2d__type_support.h\n'}
[1.843028] (px4_msgs) StdoutLine: {'line': b'-- Up-to-date: /home/harsh/ros2_project/install/px4_msgs/include/px4_msgs/px4_msgs/msg/detail/health_report__description.c\n'}
[1.843089] (px4_msgs) StdoutLine: {'line': b'-- Up-to-date: /home/harsh/ros2_project/install/px4_msgs/include/px4_msgs/px4_msgs/msg/detail/orb_test_large__functions.c\n'}
[1.843146] (px4_msgs) StdoutLine: {'line': b'-- Up-to-date: /home/harsh/ros2_project/install/px4_msgs/include/px4_msgs/px4_msgs/msg/detail/config_overrides__type_support.h\n'}
[1.843204] (px4_msgs) StdoutLine: {'line': b'-- Up-to-date: /home/harsh/ros2_project/install/px4_msgs/include/px4_msgs/px4_msgs/msg/detail/airspeed_validated__functions.c\n'}
[1.843272] (px4_msgs) StdoutLine: {'line': b'-- Up-to-date: /home/harsh/ros2_project/install/px4_msgs/include/px4_msgs/px4_msgs/msg/detail/magnetometer_bias_estimate__description.c\n'}
[1.843330] (px4_msgs) StdoutLine: {'line': b'-- Up-to-date: /home/harsh/ros2_project/install/px4_msgs/include/px4_msgs/px4_msgs/msg/detail/power_button_state__type_support.h\n'}
[1.843385] (px4_msgs) StdoutLine: {'line': b'-- Installing: /home/harsh/ros2_project/install/px4_msgs/include/px4_msgs/px4_msgs/msg/detail/landing_target_pose__type_support.c\n'}
[1.843443] (px4_msgs) StdoutLine: {'line': b'-- Installing: /home/harsh/ros2_project/install/px4_msgs/include/px4_msgs/px4_msgs/msg/detail/trajectory_bezier__type_support.c\n'}
[1.843499] (px4_msgs) StdoutLine: {'line': b'-- Up-to-date: /home/harsh/ros2_project/install/px4_msgs/include/px4_msgs/px4_msgs/msg/detail/iridiumsbd_status__struct.h\n'}
[1.843554] (px4_msgs) StdoutLine: {'line': b'-- Installing: /home/harsh/ros2_project/install/px4_msgs/include/px4_msgs/px4_msgs/msg/detail/message_format_request__type_support.c\n'}
[1.843668] (px4_msgs) StdoutLine: {'line': b'-- Up-to-date: /home/harsh/ros2_project/install/px4_msgs/include/px4_msgs/px4_msgs/msg/detail/debug_value__functions.h\n'}
[1.843730] (px4_msgs) StdoutLine: {'line': b'-- Up-to-date: /home/harsh/ros2_project/install/px4_msgs/include/px4_msgs/px4_msgs/msg/detail/ping__description.c\n'}
[1.843787] (px4_msgs) StdoutLine: {'line': b'-- Up-to-date: /home/harsh/ros2_project/install/px4_msgs/include/px4_msgs/px4_msgs/msg/detail/collision_report__struct.h\n'}
[1.843844] (px4_msgs) StdoutLine: {'line': b'-- Up-to-date: /home/harsh/ros2_project/install/px4_msgs/include/px4_msgs/px4_msgs/msg/detail/estimator_aid_source1d__struct.h\n'}
[1.843972] (px4_msgs) StdoutLine: {'line': b'-- Up-to-date: /home/harsh/ros2_project/install/px4_msgs/include/px4_msgs/px4_msgs/msg/detail/figure_eight_status__functions.c\n'}
[1.844031] (px4_msgs) StdoutLine: {'line': b'-- Up-to-date: /home/harsh/ros2_project/install/px4_msgs/include/px4_msgs/px4_msgs/msg/detail/sensor_gyro_fifo__functions.h\n'}
[1.844088] (px4_msgs) StdoutLine: {'line': b'-- Up-to-date: /home/harsh/ros2_project/install/px4_msgs/include/px4_msgs/px4_msgs/msg/detail/distance_sensor__struct.h\n'}
[1.844145] (px4_msgs) StdoutLine: {'line': b'-- Installing: /home/harsh/ros2_project/install/px4_msgs/include/px4_msgs/px4_msgs/msg/detail/rate_ctrl_status__type_support.c\n'}
[1.844202] (px4_msgs) StdoutLine: {'line': b'-- Up-to-date: /home/harsh/ros2_project/install/px4_msgs/include/px4_msgs/px4_msgs/msg/detail/register_ext_component_request__type_support.h\n'}
[1.844270] (px4_msgs) StdoutLine: {'line': b'-- Up-to-date: /home/harsh/ros2_project/install/px4_msgs/include/px4_msgs/px4_msgs/msg/detail/esc_report__functions.c\n'}
[1.844331] (px4_msgs) StdoutLine: {'line': b'-- Up-to-date: /home/harsh/ros2_project/install/px4_msgs/include/px4_msgs/px4_msgs/msg/detail/sensor_correction__description.c\n'}
[1.844394] (px4_msgs) StdoutLine: {'line': b'-- Up-to-date: /home/harsh/ros2_project/install/px4_msgs/include/px4_msgs/px4_msgs/msg/detail/heater_status__type_support.h\n'}
[1.844456] (px4_msgs) StdoutLine: {'line': b'-- Up-to-date: /home/harsh/ros2_project/install/px4_msgs/include/px4_msgs/px4_msgs/msg/detail/arming_check_reply__type_support.h\n'}
[1.844516] (px4_msgs) StdoutLine: {'line': b'-- Up-to-date: /home/harsh/ros2_project/install/px4_msgs/include/px4_msgs/px4_msgs/msg/detail/vehicle_thrust_setpoint__struct.h\n'}
[1.844573] (px4_msgs) StdoutLine: {'line': b'-- Up-to-date: /home/harsh/ros2_project/install/px4_msgs/include/px4_msgs/px4_msgs/msg/detail/tune_control__description.c\n'}
[1.844633] (px4_msgs) StdoutLine: {'line': b'-- Up-to-date: /home/harsh/ros2_project/install/px4_msgs/include/px4_msgs/px4_msgs/msg/detail/sensor_combined__functions.h\n'}
[1.844691] (px4_msgs) StdoutLine: {'line': b'-- Up-to-date: /home/harsh/ros2_project/install/px4_msgs/include/px4_msgs/px4_msgs/msg/detail/sensor_gps__type_support.h\n'}
[1.844759] (px4_msgs) StdoutLine: {'line': b'-- Up-to-date: /home/harsh/ros2_project/install/px4_msgs/include/px4_msgs/px4_msgs/msg/detail/vehicle_constraints__functions.c\n'}
[1.844818] (px4_msgs) StdoutLine: {'line': b'-- Up-to-date: /home/harsh/ros2_project/install/px4_msgs/include/px4_msgs/px4_msgs/msg/detail/collision_constraints__description.c\n'}
[1.844877] (px4_msgs) StdoutLine: {'line': b'-- Up-to-date: /home/harsh/ros2_project/install/px4_msgs/include/px4_msgs/px4_msgs/msg/detail/sensor_selection__description.c\n'}
[1.844934] (px4_msgs) StdoutLine: {'line': b'-- Up-to-date: /home/harsh/ros2_project/install/px4_msgs/include/px4_msgs/px4_msgs/msg/detail/differential_pressure__functions.c\n'}
[1.844991] (px4_msgs) StdoutLine: {'line': b'-- Up-to-date: /home/harsh/ros2_project/install/px4_msgs/include/px4_msgs/px4_msgs/msg/detail/estimator_bias__type_support.h\n'}
[1.845049] (px4_msgs) StdoutLine: {'line': b'-- Up-to-date: /home/harsh/ros2_project/install/px4_msgs/include/px4_msgs/px4_msgs/msg/detail/sensor_accel_fifo__functions.c\n'}
[1.845102] (px4_msgs) StdoutLine: {'line': b'-- Installing: /home/harsh/ros2_project/install/px4_msgs/include/px4_msgs/px4_msgs/msg/detail/gripper__type_support.c\n'}
[1.845159] (px4_msgs) StdoutLine: {'line': b'-- Up-to-date: /home/harsh/ros2_project/install/px4_msgs/include/px4_msgs/px4_msgs/msg/detail/sensors_status__struct.h\n'}
[1.845214] (px4_msgs) StdoutLine: {'line': b'-- Up-to-date: /home/harsh/ros2_project/install/px4_msgs/include/px4_msgs/px4_msgs/msg/detail/sensor_gps__struct.h\n'}
[1.845280] (px4_msgs) StdoutLine: {'line': b'-- Up-to-date: /home/harsh/ros2_project/install/px4_msgs/include/px4_msgs/px4_msgs/msg/detail/trajectory_waypoint__functions.h\n'}
[1.845339] (px4_msgs) StdoutLine: {'line': b'-- Up-to-date: /home/harsh/ros2_project/install/px4_msgs/include/px4_msgs/px4_msgs/msg/detail/pwm_input__functions.h\n'}
[1.845394] (px4_msgs) StdoutLine: {'line': b'-- Installing: /home/harsh/ros2_project/install/px4_msgs/include/px4_msgs/px4_msgs/msg/detail/log_message__type_support.c\n'}
[1.845449] (px4_msgs) StdoutLine: {'line': b'-- Up-to-date: /home/harsh/ros2_project/install/px4_msgs/include/px4_msgs/px4_msgs/msg/detail/message_format_response__type_support.h\n'}
[1.845505] (px4_msgs) StdoutLine: {'line': b'-- Up-to-date: /home/harsh/ros2_project/install/px4_msgs/include/px4_msgs/px4_msgs/msg/detail/parameter_reset_request__functions.c\n'}
[1.845565] (px4_msgs) StdoutLine: {'line': b'-- Up-to-date: /home/harsh/ros2_project/install/px4_msgs/include/px4_msgs/px4_msgs/msg/detail/vehicle_roi__functions.c\n'}
[1.845624] (px4_msgs) StdoutLine: {'line': b'-- Up-to-date: /home/harsh/ros2_project/install/px4_msgs/include/px4_msgs/px4_msgs/msg/detail/landing_target_innovations__description.c\n'}
[1.845688] (px4_msgs) StdoutLine: {'line': b'-- Up-to-date: /home/harsh/ros2_project/install/px4_msgs/include/px4_msgs/px4_msgs/msg/detail/power_button_state__functions.h\n'}
[1.845751] (px4_msgs) StdoutLine: {'line': b'-- Installing: /home/harsh/ros2_project/install/px4_msgs/include/px4_msgs/px4_msgs/msg/detail/mag_worker_data__type_support.c\n'}
[1.845812] (px4_msgs) StdoutLine: {'line': b'-- Up-to-date: /home/harsh/ros2_project/install/px4_msgs/include/px4_msgs/px4_msgs/msg/detail/dataman_request__type_support.h\n'}
[1.845882] (px4_msgs) StdoutLine: {'line': b'-- Up-to-date: /home/harsh/ros2_project/install/px4_msgs/include/px4_msgs/px4_msgs/msg/detail/mount_orientation__struct.h\n'}
[1.845949] (px4_msgs) StdoutLine: {'line': b'-- Up-to-date: /home/harsh/ros2_project/install/px4_msgs/include/px4_msgs/px4_msgs/msg/detail/gimbal_device_information__struct.h\n'}
[1.846010] (px4_msgs) StdoutLine: {'line': b'-- Up-to-date: /home/harsh/ros2_project/install/px4_msgs/include/px4_msgs/px4_msgs/msg/detail/vehicle_odometry__type_support.h\n'}
[1.846073] (px4_msgs) StdoutLine: {'line': b'-- Up-to-date: /home/harsh/ros2_project/install/px4_msgs/include/px4_msgs/px4_msgs/msg/detail/failsafe_flags__functions.h\n'}
[1.846137] (px4_msgs) StdoutLine: {'line': b'-- Installing: /home/harsh/ros2_project/install/px4_msgs/include/px4_msgs/px4_msgs/msg/detail/sensor_preflight_mag__type_support.c\n'}
[1.846198] (px4_msgs) StdoutLine: {'line': b'-- Up-to-date: /home/harsh/ros2_project/install/px4_msgs/include/px4_msgs/px4_msgs/msg/detail/offboard_control_mode__type_support.h\n'}
[1.846273] (px4_msgs) StdoutLine: {'line': b'-- Up-to-date: /home/harsh/ros2_project/install/px4_msgs/include/px4_msgs/px4_msgs/msg/detail/distance_sensor__description.c\n'}
[1.846343] (px4_msgs) StdoutLine: {'line': b'-- Up-to-date: /home/harsh/ros2_project/install/px4_msgs/include/px4_msgs/px4_msgs/msg/detail/esc_report__description.c\n'}
[1.846413] (px4_msgs) StdoutLine: {'line': b'-- Up-to-date: /home/harsh/ros2_project/install/px4_msgs/include/px4_msgs/px4_msgs/msg/detail/follow_target_estimator__description.c\n'}
[1.846483] (px4_msgs) StdoutLine: {'line': b'-- Up-to-date: /home/harsh/ros2_project/install/px4_msgs/include/px4_msgs/px4_msgs/msg/detail/power_monitor__description.c\n'}
[1.846552] (px4_msgs) StdoutLine: {'line': b'-- Up-to-date: /home/harsh/ros2_project/install/px4_msgs/include/px4_msgs/px4_msgs/msg/detail/vehicle_optical_flow_vel__description.c\n'}
[1.846615] (px4_msgs) StdoutLine: {'line': b'-- Up-to-date: /home/harsh/ros2_project/install/px4_msgs/include/px4_msgs/px4_msgs/msg/detail/estimator_status_flags__functions.c\n'}
[1.846672] (px4_msgs) StdoutLine: {'line': b'-- Up-to-date: /home/harsh/ros2_project/install/px4_msgs/include/px4_msgs/px4_msgs/msg/detail/gimbal_device_attitude_status__struct.h\n'}
[1.846734] (px4_msgs) StdoutLine: {'line': b'-- Up-to-date: /home/harsh/ros2_project/install/px4_msgs/include/px4_msgs/px4_msgs/msg/detail/sensor_baro__type_support.h\n'}
[1.846796] (px4_msgs) StdoutLine: {'line': b'-- Installing: /home/harsh/ros2_project/install/px4_msgs/include/px4_msgs/px4_msgs/msg/detail/sensor_hygrometer__type_support.c\n'}
[1.846858] (px4_msgs) StdoutLine: {'line': b'-- Up-to-date: /home/harsh/ros2_project/install/px4_msgs/include/px4_msgs/px4_msgs/msg/detail/rc_channels__functions.c\n'}
[1.846923] (px4_msgs) StdoutLine: {'line': b'-- Installing: /home/harsh/ros2_project/install/px4_msgs/include/px4_msgs/px4_msgs/msg/detail/actuator_servos__type_support.c\n'}
[1.846985] (px4_msgs) StdoutLine: {'line': b'-- Up-to-date: /home/harsh/ros2_project/install/px4_msgs/include/px4_msgs/px4_msgs/msg/detail/manual_control_setpoint__type_support.h\n'}
[1.847048] (px4_msgs) StdoutLine: {'line': b'-- Up-to-date: /home/harsh/ros2_project/install/px4_msgs/include/px4_msgs/px4_msgs/msg/detail/vehicle_land_detected__functions.c\n'}
[1.847106] (px4_msgs) StdoutLine: {'line': b'-- Up-to-date: /home/harsh/ros2_project/install/px4_msgs/include/px4_msgs/px4_msgs/msg/detail/input_rc__struct.h\n'}
[1.847169] (px4_msgs) StdoutLine: {'line': b'-- Up-to-date: /home/harsh/ros2_project/install/px4_msgs/include/px4_msgs/px4_msgs/msg/detail/sensor_baro__struct.h\n'}
[1.847236] (px4_msgs) StdoutLine: {'line': b'-- Up-to-date: /home/harsh/ros2_project/install/px4_msgs/include/px4_msgs/px4_msgs/msg/detail/orbit_status__functions.h\n'}
[1.847321] (px4_msgs) StdoutLine: {'line': b'-- Up-to-date: /home/harsh/ros2_project/install/px4_msgs/include/px4_msgs/px4_msgs/msg/detail/vehicle_trajectory_waypoint__description.c\n'}
[1.847384] (px4_msgs) StdoutLine: {'line': b'-- Up-to-date: /home/harsh/ros2_project/install/px4_msgs/include/px4_msgs/px4_msgs/msg/detail/follow_target_estimator__type_support.h\n'}
[1.847628] (px4_msgs) StdoutLine: {'line': b'-- Up-to-date: /home/harsh/ros2_project/install/px4_msgs/include/px4_msgs/px4_msgs/msg/detail/mag_worker_data__description.c\n'}
[1.847694] (px4_msgs) StdoutLine: {'line': b'-- Up-to-date: /home/harsh/ros2_project/install/px4_msgs/include/px4_msgs/px4_msgs/msg/detail/trajectory_bezier__functions.h\n'}
[1.847755] (px4_msgs) StdoutLine: {'line': b'-- Up-to-date: /home/harsh/ros2_project/install/px4_msgs/include/px4_msgs/px4_msgs/msg/detail/vtol_vehicle_status__functions.h\n'}
[1.847816] (px4_msgs) StdoutLine: {'line': b'-- Up-to-date: /home/harsh/ros2_project/install/px4_msgs/include/px4_msgs/px4_msgs/msg/detail/px4io_status__functions.h\n'}
[1.847876] (px4_msgs) StdoutLine: {'line': b'-- Up-to-date: /home/harsh/ros2_project/install/px4_msgs/include/px4_msgs/px4_msgs/msg/detail/sensor_uwb__type_support.h\n'}
[1.847936] (px4_msgs) StdoutLine: {'line': b'-- Up-to-date: /home/harsh/ros2_project/install/px4_msgs/include/px4_msgs/px4_msgs/msg/detail/ekf2_timestamps__functions.c\n'}
[1.847993] (px4_msgs) StdoutLine: {'line': b'-- Up-to-date: /home/harsh/ros2_project/install/px4_msgs/include/px4_msgs/px4_msgs/msg/detail/sensor_gyro_fifo__description.c\n'}
[1.848053] (px4_msgs) StdoutLine: {'line': b'-- Up-to-date: /home/harsh/ros2_project/install/px4_msgs/include/px4_msgs/px4_msgs/msg/detail/vehicle_global_position__struct.h\n'}
[1.848113] (px4_msgs) StdoutLine: {'line': b'-- Installing: /home/harsh/ros2_project/install/px4_msgs/include/px4_msgs/px4_msgs/msg/detail/distance_sensor__type_support.c\n'}
[1.848179] (px4_msgs) StdoutLine: {'line': b'-- Installing: /home/harsh/ros2_project/install/px4_msgs/include/px4_msgs/px4_msgs/msg/detail/estimator_states__type_support.c\n'}
[1.848252] (px4_msgs) StdoutLine: {'line': b'-- Up-to-date: /home/harsh/ros2_project/install/px4_msgs/include/px4_msgs/px4_msgs/msg/detail/estimator_gps_status__struct.h\n'}
[1.848319] (px4_msgs) StdoutLine: {'line': b'-- Installing: /home/harsh/ros2_project/install/px4_msgs/include/px4_msgs/px4_msgs/msg/detail/led_control__type_support.c\n'}
[1.848381] (px4_msgs) StdoutLine: {'line': b'-- Up-to-date: /home/harsh/ros2_project/install/px4_msgs/include/px4_msgs/px4_msgs/msg/detail/parameter_set_value_response__functions.c\n'}
[1.848445] (px4_msgs) StdoutLine: {'line': b'-- Up-to-date: /home/harsh/ros2_project/install/px4_msgs/include/px4_msgs/px4_msgs/msg/detail/gimbal_manager_information__functions.h\n'}
[1.848506] (px4_msgs) StdoutLine: {'line': b'-- Up-to-date: /home/harsh/ros2_project/install/px4_msgs/include/px4_msgs/px4_msgs/msg/detail/ping__struct.h\n'}
[1.848570] (px4_msgs) StdoutLine: {'line': b'-- Up-to-date: /home/harsh/ros2_project/install/px4_msgs/include/px4_msgs/px4_msgs/msg/detail/ulog_stream__struct.h\n'}
[1.848634] (px4_msgs) StdoutLine: {'line': b'-- Up-to-date: /home/harsh/ros2_project/install/px4_msgs/include/px4_msgs/px4_msgs/msg/detail/sensor_combined__description.c\n'}
[1.848698] (px4_msgs) StdoutLine: {'line': b'-- Up-to-date: /home/harsh/ros2_project/install/px4_msgs/include/px4_msgs/px4_msgs/msg/detail/timesync_status__functions.h\n'}
[1.848760] (px4_msgs) StdoutLine: {'line': b'-- Up-to-date: /home/harsh/ros2_project/install/px4_msgs/include/px4_msgs/px4_msgs/msg/detail/sensor_hygrometer__struct.h\n'}
[1.848827] (px4_msgs) StdoutLine: {'line': b'-- Up-to-date: /home/harsh/ros2_project/install/px4_msgs/include/px4_msgs/px4_msgs/msg/detail/rate_ctrl_status__struct.h\n'}
[1.848927] (px4_msgs) StdoutLine: {'line': b'-- Up-to-date: /home/harsh/ros2_project/install/px4_msgs/include/px4_msgs/px4_msgs/msg/detail/estimator_selector_status__type_support.h\n'}
[1.849129] (px4_msgs) StdoutLine: {'line': b'-- Up-to-date: /home/harsh/ros2_project/install/px4_msgs/include/px4_msgs/px4_msgs/msg/detail/can_interface_status__description.c\n'}
[1.849740] (px4_msgs) StdoutLine: {'line': b'-- Up-to-date: /home/harsh/ros2_project/install/px4_msgs/include/px4_msgs/px4_msgs/msg/detail/estimator_sensor_bias__struct.h\n'}
[1.850318] (px4_msgs) StdoutLine: {'line': b'-- Up-to-date: /home/harsh/ros2_project/install/px4_msgs/include/px4_msgs/px4_msgs/msg/detail/sensor_combined__type_support.h\n'}
[1.850854] (px4_msgs) StdoutLine: {'line': b'-- Up-to-date: /home/harsh/ros2_project/install/px4_msgs/include/px4_msgs/px4_msgs/msg/detail/rc_parameter_map__functions.h\n'}
[1.851010] (px4_msgs) StdoutLine: {'line': b'-- Up-to-date: /home/harsh/ros2_project/install/px4_msgs/include/px4_msgs/px4_msgs/msg/detail/sensor_hygrometer__description.c\n'}
[1.851158] (px4_msgs) StdoutLine: {'line': b'-- Up-to-date: /home/harsh/ros2_project/install/px4_msgs/include/px4_msgs/px4_msgs/msg/detail/manual_control_switches__struct.h\n'}
[1.851446] (px4_msgs) StdoutLine: {'line': b'-- Up-to-date: /home/harsh/ros2_project/install/px4_msgs/include/px4_msgs/px4_msgs/msg/detail/control_allocator_status__struct.h\n'}
[1.852326] (px4_msgs) StdoutLine: {'line': b'-- Installing: /home/harsh/ros2_project/install/px4_msgs/include/px4_msgs/px4_msgs/msg/detail/heater_status__type_support.c\n'}
[1.852587] (px4_msgs) StdoutLine: {'line': b'-- Up-to-date: /home/harsh/ros2_project/install/px4_msgs/include/px4_msgs/px4_msgs/msg/detail/unregister_ext_component__description.c\n'}
[1.852682] (px4_msgs) StdoutLine: {'line': b'-- Up-to-date: /home/harsh/ros2_project/install/px4_msgs/include/px4_msgs/px4_msgs/msg/detail/actuator_motors__type_support.h\n'}
[1.852838] (px4_msgs) StdoutLine: {'line': b'-- Up-to-date: /home/harsh/ros2_project/install/px4_msgs/include/px4_msgs/px4_msgs/msg/detail/landing_gear__struct.h\n'}
[1.852925] (px4_msgs) StdoutLine: {'line': b'-- Up-to-date: /home/harsh/ros2_project/install/px4_msgs/include/px4_msgs/px4_msgs/msg/detail/rtl_status__description.c\n'}
[1.853009] (px4_msgs) StdoutLine: {'line': b'-- Up-to-date: /home/harsh/ros2_project/install/px4_msgs/include/px4_msgs/px4_msgs/msg/detail/parameter_reset_request__functions.h\n'}
[1.853090] (px4_msgs) StdoutLine: {'line': b'-- Up-to-date: /home/harsh/ros2_project/install/px4_msgs/include/px4_msgs/px4_msgs/msg/detail/distance_sensor__functions.c\n'}
[1.853165] (px4_msgs) StdoutLine: {'line': b'-- Up-to-date: /home/harsh/ros2_project/install/px4_msgs/include/px4_msgs/px4_msgs/msg/detail/orb_test_medium__type_support.h\n'}
[1.853261] (px4_msgs) StdoutLine: {'line': b'-- Up-to-date: /home/harsh/ros2_project/install/px4_msgs/include/px4_msgs/px4_msgs/msg/detail/estimator_innovations__functions.h\n'}
[1.853357] (px4_msgs) StdoutLine: {'line': b'-- Up-to-date: /home/harsh/ros2_project/install/px4_msgs/include/px4_msgs/px4_msgs/msg/detail/geofence_result__description.c\n'}
[1.853452] (px4_msgs) StdoutLine: {'line': b'-- Up-to-date: /home/harsh/ros2_project/install/px4_msgs/include/px4_msgs/px4_msgs/msg/detail/gimbal_manager_set_manual_control__type_support.h\n'}
[1.853554] (px4_msgs) StdoutLine: {'line': b'-- Up-to-date: /home/harsh/ros2_project/install/px4_msgs/include/px4_msgs/px4_msgs/msg/detail/vehicle_land_detected__type_support.h\n'}
[1.853813] (px4_msgs) StdoutLine: {'line': b'-- Up-to-date: /home/harsh/ros2_project/install/px4_msgs/include/px4_msgs/px4_msgs/msg/detail/debug_array__functions.c\n'}
[1.853987] (px4_msgs) StdoutLine: {'line': b'-- Up-to-date: /home/harsh/ros2_project/install/px4_msgs/include/px4_msgs/px4_msgs/msg/detail/vehicle_status__type_support.h\n'}
[1.854121] (px4_msgs) StdoutLine: {'line': b'-- Up-to-date: /home/harsh/ros2_project/install/px4_msgs/include/px4_msgs/px4_msgs/msg/detail/position_setpoint_triplet__functions.h\n'}
[1.854664] (px4_msgs) StdoutLine: {'line': b'-- Up-to-date: /home/harsh/ros2_project/install/px4_msgs/include/px4_msgs/px4_msgs/msg/detail/rpm__description.c\n'}
[1.854832] (px4_msgs) StdoutLine: {'line': b'-- Up-to-date: /home/harsh/ros2_project/install/px4_msgs/include/px4_msgs/px4_msgs/msg/detail/estimator_status__functions.c\n'}
[1.854967] (px4_msgs) StdoutLine: {'line': b'-- Up-to-date: /home/harsh/ros2_project/install/px4_msgs/include/px4_msgs/px4_msgs/msg/detail/estimator_gps_status__functions.h\n'}
[1.855098] (px4_msgs) StdoutLine: {'line': b'-- Up-to-date: /home/harsh/ros2_project/install/px4_msgs/include/px4_msgs/px4_msgs/msg/detail/led_control__functions.c\n'}
[1.855272] (px4_msgs) StdoutLine: {'line': b'-- Up-to-date: /home/harsh/ros2_project/install/px4_msgs/include/px4_msgs/px4_msgs/msg/detail/actuator_armed__description.c\n'}
[1.855395] (px4_msgs) StdoutLine: {'line': b'-- Up-to-date: /home/harsh/ros2_project/install/px4_msgs/include/px4_msgs/px4_msgs/msg/detail/vehicle_land_detected__struct.h\n'}
[1.855470] (px4_msgs) StdoutLine: {'line': b'-- Installing: /home/harsh/ros2_project/install/px4_msgs/include/px4_msgs/px4_msgs/msg/detail/qshell_retval__type_support.c\n'}
[1.855541] (px4_msgs) StdoutLine: {'line': b'-- Up-to-date: /home/harsh/ros2_project/install/px4_msgs/include/px4_msgs/px4_msgs/msg/detail/vehicle_trajectory_bezier__type_support.h\n'}
[1.855612] (px4_msgs) StdoutLine: {'line': b'-- Up-to-date: /home/harsh/ros2_project/install/px4_msgs/include/px4_msgs/px4_msgs/msg/detail/gimbal_manager_set_manual_control__struct.h\n'}
[1.855685] (px4_msgs) StdoutLine: {'line': b'-- Installing: /home/harsh/ros2_project/install/px4_msgs/include/px4_msgs/px4_msgs/msg/detail/gimbal_device_information__type_support.c\n'}
[1.855752] (px4_msgs) StdoutLine: {'line': b'-- Up-to-date: /home/harsh/ros2_project/install/px4_msgs/include/px4_msgs/px4_msgs/msg/detail/gpio_request__functions.h\n'}
[1.855818] (px4_msgs) StdoutLine: {'line': b'-- Installing: /home/harsh/ros2_project/install/px4_msgs/include/px4_msgs/px4_msgs/msg/detail/unregister_ext_component__type_support.c\n'}
[1.855882] (px4_msgs) StdoutLine: {'line': b'-- Installing: /home/harsh/ros2_project/install/px4_msgs/include/px4_msgs/px4_msgs/msg/detail/control_allocator_status__type_support.c\n'}
[1.855949] (px4_msgs) StdoutLine: {'line': b'-- Installing: /home/harsh/ros2_project/install/px4_msgs/include/px4_msgs/px4_msgs/msg/detail/rtl_time_estimate__type_support.c\n'}
[1.856017] (px4_msgs) StdoutLine: {'line': b'-- Up-to-date: /home/harsh/ros2_project/install/px4_msgs/include/px4_msgs/px4_msgs/msg/detail/vehicle_odometry__functions.h\n'}
[1.856084] (px4_msgs) StdoutLine: {'line': b'-- Up-to-date: /home/harsh/ros2_project/install/px4_msgs/include/px4_msgs/px4_msgs/msg/detail/vtol_vehicle_status__functions.c\n'}
[1.856152] (px4_msgs) StdoutLine: {'line': b'-- Up-to-date: /home/harsh/ros2_project/install/px4_msgs/include/px4_msgs/px4_msgs/msg/detail/airspeed_wind__functions.c\n'}
[1.856220] (px4_msgs) StdoutLine: {'line': b'-- Up-to-date: /home/harsh/ros2_project/install/px4_msgs/include/px4_msgs/px4_msgs/msg/detail/gps_inject_data__functions.c\n'}
[1.856302] (px4_msgs) StdoutLine: {'line': b'-- Installing: /home/harsh/ros2_project/install/px4_msgs/include/px4_msgs/px4_msgs/msg/detail/magnetometer_bias_estimate__type_support.c\n'}
[1.856440] (px4_msgs) StdoutLine: {'line': b'-- Up-to-date: /home/harsh/ros2_project/install/px4_msgs/include/px4_msgs/px4_msgs/msg/detail/estimator_status__functions.h\n'}
[1.856507] (px4_msgs) StdoutLine: {'line': b'-- Up-to-date: /home/harsh/ros2_project/install/px4_msgs/include/px4_msgs/px4_msgs/msg/detail/wheel_encoders__struct.h\n'}
[1.856567] (px4_msgs) StdoutLine: {'line': b'-- Installing: /home/harsh/ros2_project/install/px4_msgs/include/px4_msgs/px4_msgs/msg/detail/mission__type_support.c\n'}
[1.856628] (px4_msgs) StdoutLine: {'line': b'-- Up-to-date: /home/harsh/ros2_project/install/px4_msgs/include/px4_msgs/px4_msgs/msg/detail/rc_channels__description.c\n'}
[1.856688] (px4_msgs) StdoutLine: {'line': b'-- Installing: /home/harsh/ros2_project/install/px4_msgs/include/px4_msgs/px4_msgs/msg/detail/trajectory_waypoint__type_support.c\n'}
[1.856744] (px4_msgs) StdoutLine: {'line': b'-- Up-to-date: /home/harsh/ros2_project/install/px4_msgs/include/px4_msgs/px4_msgs/msg/detail/hover_thrust_estimate__type_support.h\n'}
[1.856798] (px4_msgs) StdoutLine: {'line': b'-- Up-to-date: /home/harsh/ros2_project/install/px4_msgs/include/px4_msgs/px4_msgs/msg/detail/vehicle_command__functions.h\n'}
[1.856853] (px4_msgs) StdoutLine: {'line': b'-- Installing: /home/harsh/ros2_project/install/px4_msgs/include/px4_msgs/px4_msgs/msg/detail/estimator_aid_source2d__type_support.c\n'}
[1.856913] (px4_msgs) StdoutLine: {'line': b'-- Up-to-date: /home/harsh/ros2_project/install/px4_msgs/include/px4_msgs/px4_msgs/msg/detail/tune_control__functions.c\n'}
[1.856974] (px4_msgs) StdoutLine: {'line': b'-- Up-to-date: /home/harsh/ros2_project/install/px4_msgs/include/px4_msgs/px4_msgs/msg/detail/cpuload__type_support.h\n'}
[1.857053] (px4_msgs) StdoutLine: {'line': b'-- Up-to-date: /home/harsh/ros2_project/install/px4_msgs/include/px4_msgs/px4_msgs/msg/detail/yaw_estimator_status__functions.h\n'}
[1.857126] (px4_msgs) StdoutLine: {'line': b'-- Up-to-date: /home/harsh/ros2_project/install/px4_msgs/include/px4_msgs/px4_msgs/msg/detail/vehicle_rates_setpoint__description.c\n'}
[1.857192] (px4_msgs) StdoutLine: {'line': b'-- Up-to-date: /home/harsh/ros2_project/install/px4_msgs/include/px4_msgs/px4_msgs/msg/detail/npfg_status__type_support.h\n'}
[1.857283] (px4_msgs) StdoutLine: {'line': b'-- Up-to-date: /home/harsh/ros2_project/install/px4_msgs/include/px4_msgs/px4_msgs/msg/detail/estimator_sensor_bias__type_support.h\n'}
[1.857347] (px4_msgs) StdoutLine: {'line': b'-- Up-to-date: /home/harsh/ros2_project/install/px4_msgs/include/px4_msgs/px4_msgs/msg/detail/dataman_request__functions.c\n'}
[1.857409] (px4_msgs) StdoutLine: {'line': b'-- Up-to-date: /home/harsh/ros2_project/install/px4_msgs/include/px4_msgs/px4_msgs/msg/detail/vehicle_optical_flow__type_support.h\n'}
[1.857529] (px4_msgs) StdoutLine: {'line': b'-- Up-to-date: /home/harsh/ros2_project/install/px4_msgs/include/px4_msgs/px4_msgs/msg/detail/arming_check_request__functions.c\n'}
[1.857617] (px4_msgs) StdoutLine: {'line': b'-- Up-to-date: /home/harsh/ros2_project/install/px4_msgs/include/px4_msgs/px4_msgs/msg/detail/estimator_sensor_bias__description.c\n'}
[1.857678] (px4_msgs) StdoutLine: {'line': b'-- Up-to-date: /home/harsh/ros2_project/install/px4_msgs/include/px4_msgs/px4_msgs/msg/detail/actuator_motors__functions.h\n'}
[1.857742] (px4_msgs) StdoutLine: {'line': b'-- Up-to-date: /home/harsh/ros2_project/install/px4_msgs/include/px4_msgs/px4_msgs/msg/detail/cellular_status__description.c\n'}
[1.857802] (px4_msgs) StdoutLine: {'line': b'-- Up-to-date: /home/harsh/ros2_project/install/px4_msgs/include/px4_msgs/px4_msgs/msg/detail/takeoff_status__functions.h\n'}
[1.857857] (px4_msgs) StdoutLine: {'line': b'-- Installing: /home/harsh/ros2_project/install/px4_msgs/include/px4_msgs/px4_msgs/msg/detail/button_event__type_support.c\n'}
[1.857919] (px4_msgs) StdoutLine: {'line': b'-- Up-to-date: /home/harsh/ros2_project/install/px4_msgs/include/px4_msgs/px4_msgs/msg/detail/unregister_ext_component__functions.c\n'}
[1.857980] (px4_msgs) StdoutLine: {'line': b'-- Up-to-date: /home/harsh/ros2_project/install/px4_msgs/include/px4_msgs/px4_msgs/msg/detail/logger_status__struct.h\n'}
[1.858036] (px4_msgs) StdoutLine: {'line': b'-- Up-to-date: /home/harsh/ros2_project/install/px4_msgs/include/px4_msgs/px4_msgs/msg/detail/health_report__functions.h\n'}
[1.858092] (px4_msgs) StdoutLine: {'line': b'-- Up-to-date: /home/harsh/ros2_project/install/px4_msgs/include/px4_msgs/px4_msgs/msg/detail/sensors_status_imu__functions.h\n'}
[1.858149] (px4_msgs) StdoutLine: {'line': b'-- Up-to-date: /home/harsh/ros2_project/install/px4_msgs/include/px4_msgs/px4_msgs/msg/detail/esc_status__description.c\n'}
[1.858203] (px4_msgs) StdoutLine: {'line': b'-- Up-to-date: /home/harsh/ros2_project/install/px4_msgs/include/px4_msgs/px4_msgs/msg/detail/debug_value__description.c\n'}
[1.858270] (px4_msgs) StdoutLine: {'line': b'-- Up-to-date: /home/harsh/ros2_project/install/px4_msgs/include/px4_msgs/px4_msgs/msg/detail/estimator_aid_source1d__functions.h\n'}
[1.858326] (px4_msgs) StdoutLine: {'line': b'-- Up-to-date: /home/harsh/ros2_project/install/px4_msgs/include/px4_msgs/px4_msgs/msg/detail/vehicle_acceleration__struct.h\n'}
[1.858389] (px4_msgs) StdoutLine: {'line': b'-- Installing: /home/harsh/ros2_project/install/px4_msgs/include/px4_msgs/px4_msgs/msg/detail/vehicle_rates_setpoint__type_support.c\n'}
[1.858445] (px4_msgs) StdoutLine: {'line': b'-- Up-to-date: /home/harsh/ros2_project/install/px4_msgs/include/px4_msgs/px4_msgs/msg/detail/ekf2_timestamps__struct.h\n'}
[1.858503] (px4_msgs) StdoutLine: {'line': b'-- Up-to-date: /home/harsh/ros2_project/install/px4_msgs/include/px4_msgs/px4_msgs/msg/detail/obstacle_distance__type_support.h\n'}
[1.858560] (px4_msgs) StdoutLine: {'line': b'-- Up-to-date: /home/harsh/ros2_project/install/px4_msgs/include/px4_msgs/px4_msgs/msg/detail/config_overrides__functions.h\n'}
[1.858616] (px4_msgs) StdoutLine: {'line': b'-- Up-to-date: /home/harsh/ros2_project/install/px4_msgs/include/px4_msgs/px4_msgs/msg/detail/goto_setpoint__functions.c\n'}
[1.858675] (px4_msgs) StdoutLine: {'line': b'-- Installing: /home/harsh/ros2_project/install/px4_msgs/include/px4_msgs/px4_msgs/msg/detail/gimbal_device_set_attitude__type_support.c\n'}
[1.858733] (px4_msgs) StdoutLine: {'line': b'-- Up-to-date: /home/harsh/ros2_project/install/px4_msgs/include/px4_msgs/px4_msgs/msg/detail/sensor_accel__description.c\n'}
[1.858792] (px4_msgs) StdoutLine: {'line': b'-- Installing: /home/harsh/ros2_project/install/px4_msgs/include/px4_msgs/px4_msgs/msg/detail/adc_report__type_support.c\n'}
[1.858849] (px4_msgs) StdoutLine: {'line': b'-- Up-to-date: /home/harsh/ros2_project/install/px4_msgs/include/px4_msgs/px4_msgs/msg/detail/sensor_gyro_fft__description.c\n'}
[1.858906] (px4_msgs) StdoutLine: {'line': b'-- Up-to-date: /home/harsh/ros2_project/install/px4_msgs/include/px4_msgs/px4_msgs/msg/detail/iridiumsbd_status__functions.c\n'}
[1.858961] (px4_msgs) StdoutLine: {'line': b'-- Installing: /home/harsh/ros2_project/install/px4_msgs/include/px4_msgs/px4_msgs/msg/detail/mount_orientation__type_support.c\n'}
[1.859015] (px4_msgs) StdoutLine: {'line': b'-- Up-to-date: /home/harsh/ros2_project/install/px4_msgs/include/px4_msgs/px4_msgs/msg/detail/estimator_innovations__description.c\n'}
[1.859068] (px4_msgs) StdoutLine: {'line': b'-- Up-to-date: /home/harsh/ros2_project/install/px4_msgs/include/px4_msgs/px4_msgs/msg/detail/vehicle_attitude_setpoint__struct.h\n'}
[1.859121] (px4_msgs) StdoutLine: {'line': b'-- Up-to-date: /home/harsh/ros2_project/install/px4_msgs/include/px4_msgs/px4_msgs/msg/detail/vtol_vehicle_status__description.c\n'}
[1.859182] (px4_msgs) StdoutLine: {'line': b'-- Up-to-date: /home/harsh/ros2_project/install/px4_msgs/include/px4_msgs/px4_msgs/msg/detail/gpio_in__struct.h\n'}
[1.859245] (px4_msgs) StdoutLine: {'line': b'-- Up-to-date: /home/harsh/ros2_project/install/px4_msgs/include/px4_msgs/px4_msgs/msg/detail/config_overrides__struct.h\n'}
[1.859315] (px4_msgs) StdoutLine: {'line': b'-- Up-to-date: /home/harsh/ros2_project/install/px4_msgs/include/px4_msgs/px4_msgs/msg/detail/goto_setpoint__type_support.h\n'}
[1.859369] (px4_msgs) StdoutLine: {'line': b'-- Up-to-date: /home/harsh/ros2_project/install/px4_msgs/include/px4_msgs/px4_msgs/msg/detail/esc_report__functions.h\n'}
[1.859423] (px4_msgs) StdoutLine: {'line': b'-- Up-to-date: /home/harsh/ros2_project/install/px4_msgs/include/px4_msgs/px4_msgs/msg/detail/gripper__functions.c\n'}
[1.859477] (px4_msgs) StdoutLine: {'line': b'-- Up-to-date: /home/harsh/ros2_project/install/px4_msgs/include/px4_msgs/px4_msgs/msg/detail/navigator_mission_item__struct.h\n'}
[1.859532] (px4_msgs) StdoutLine: {'line': b'-- Up-to-date: /home/harsh/ros2_project/install/px4_msgs/include/px4_msgs/px4_msgs/msg/detail/gpio_in__functions.c\n'}
[1.859588] (px4_msgs) StdoutLine: {'line': b'-- Up-to-date: /home/harsh/ros2_project/install/px4_msgs/include/px4_msgs/px4_msgs/msg/detail/estimator_aid_source2d__struct.h\n'}
[1.859640] (px4_msgs) StdoutLine: {'line': b'-- Up-to-date: /home/harsh/ros2_project/install/px4_msgs/include/px4_msgs/px4_msgs/msg/detail/esc_report__type_support.h\n'}
[1.859718] (px4_msgs) StdoutLine: {'line': b'-- Up-to-date: /home/harsh/ros2_project/install/px4_msgs/include/px4_msgs/px4_msgs/msg/detail/debug_array__functions.h\n'}
[1.859799] (px4_msgs) StdoutLine: {'line': b'-- Up-to-date: /home/harsh/ros2_project/install/px4_msgs/include/px4_msgs/px4_msgs/msg/detail/qshell_retval__struct.h\n'}
[1.859864] (px4_msgs) StdoutLine: {'line': b'-- Up-to-date: /home/harsh/ros2_project/install/px4_msgs/include/px4_msgs/px4_msgs/msg/detail/magnetometer_bias_estimate__struct.h\n'}
[1.859934] (px4_msgs) StdoutLine: {'line': b'-- Up-to-date: /home/harsh/ros2_project/install/px4_msgs/include/px4_msgs/px4_msgs/msg/detail/gimbal_device_information__description.c\n'}
[1.859996] (px4_msgs) StdoutLine: {'line': b'-- Up-to-date: /home/harsh/ros2_project/install/px4_msgs/include/px4_msgs/px4_msgs/msg/detail/irlock_report__struct.h\n'}
[1.860052] (px4_msgs) StdoutLine: {'line': b'-- Up-to-date: /home/harsh/ros2_project/install/px4_msgs/include/px4_msgs/px4_msgs/msg/detail/generator_status__functions.h\n'}
[1.860106] (px4_msgs) StdoutLine: {'line': b'-- Up-to-date: /home/harsh/ros2_project/install/px4_msgs/include/px4_msgs/px4_msgs/msg/detail/satellite_info__functions.h\n'}
[1.860161] (px4_msgs) StdoutLine: {'line': b'-- Installing: /home/harsh/ros2_project/install/px4_msgs/include/px4_msgs/px4_msgs/msg/detail/vehicle_control_mode__type_support.c\n'}
[1.860223] (px4_msgs) StdoutLine: {'line': b'-- Up-to-date: /home/harsh/ros2_project/install/px4_msgs/include/px4_msgs/px4_msgs/msg/detail/onboard_computer_status__functions.c\n'}
[1.860294] (px4_msgs) StdoutLine: {'line': b'-- Up-to-date: /home/harsh/ros2_project/install/px4_msgs/include/px4_msgs/px4_msgs/msg/detail/can_interface_status__type_support.h\n'}
[1.860356] (px4_msgs) StdoutLine: {'line': b'-- Up-to-date: /home/harsh/ros2_project/install/px4_msgs/include/px4_msgs/px4_msgs/msg/detail/vehicle_constraints__functions.h\n'}
[1.860411] (px4_msgs) StdoutLine: {'line': b'-- Up-to-date: /home/harsh/ros2_project/install/px4_msgs/include/px4_msgs/px4_msgs/msg/detail/failure_detector_status__description.c\n'}
[1.860467] (px4_msgs) StdoutLine: {'line': b'-- Up-to-date: /home/harsh/ros2_project/install/px4_msgs/include/px4_msgs/px4_msgs/msg/detail/landing_gear__functions.h\n'}
[1.860524] (px4_msgs) StdoutLine: {'line': b'-- Up-to-date: /home/harsh/ros2_project/install/px4_msgs/include/px4_msgs/px4_msgs/msg/detail/autotune_attitude_control_status__functions.h\n'}
[1.860580] (px4_msgs) StdoutLine: {'line': b'-- Up-to-date: /home/harsh/ros2_project/install/px4_msgs/include/px4_msgs/px4_msgs/msg/detail/battery_status__description.c\n'}
[1.860635] (px4_msgs) StdoutLine: {'line': b'-- Up-to-date: /home/harsh/ros2_project/install/px4_msgs/include/px4_msgs/px4_msgs/msg/detail/landing_target_innovations__functions.c\n'}
[1.860688] (px4_msgs) StdoutLine: {'line': b'-- Installing: /home/harsh/ros2_project/install/px4_msgs/include/px4_msgs/px4_msgs/msg/detail/sensor_uwb__type_support.c\n'}
[1.860742] (px4_msgs) StdoutLine: {'line': b'-- Installing: /home/harsh/ros2_project/install/px4_msgs/include/px4_msgs/px4_msgs/msg/detail/landing_target_innovations__type_support.c\n'}
[1.860798] (px4_msgs) StdoutLine: {'line': b'-- Up-to-date: /home/harsh/ros2_project/install/px4_msgs/include/px4_msgs/px4_msgs/msg/detail/vehicle_acceleration__description.c\n'}
[1.860853] (px4_msgs) StdoutLine: {'line': b'-- Installing: /home/harsh/ros2_project/install/px4_msgs/include/px4_msgs/px4_msgs/msg/detail/config_overrides__type_support.c\n'}
[1.860904] (px4_msgs) StdoutLine: {'line': b'-- Up-to-date: /home/harsh/ros2_project/install/px4_msgs/include/px4_msgs/px4_msgs/msg/detail/vehicle_thrust_setpoint__description.c\n'}
[1.860957] (px4_msgs) StdoutLine: {'line': b'-- Installing: /home/harsh/ros2_project/install/px4_msgs/include/px4_msgs/px4_msgs/msg/detail/vehicle_thrust_setpoint__type_support.c\n'}
[1.861010] (px4_msgs) StdoutLine: {'line': b'-- Up-to-date: /home/harsh/ros2_project/install/px4_msgs/include/px4_msgs/px4_msgs/msg/detail/gpio_config__type_support.h\n'}
[1.861063] (px4_msgs) StdoutLine: {'line': b'-- Up-to-date: /home/harsh/ros2_project/install/px4_msgs/include/px4_msgs/px4_msgs/msg/detail/sensor_accel_fifo__description.c\n'}
[1.861133] (px4_msgs) StdoutLine: {'line': b'-- Up-to-date: /home/harsh/ros2_project/install/px4_msgs/include/px4_msgs/px4_msgs/msg/detail/follow_target_status__type_support.h\n'}
[1.861185] (px4_msgs) StdoutLine: {'line': b'-- Installing: /home/harsh/ros2_project/install/px4_msgs/include/px4_msgs/px4_msgs/msg/detail/parameter_reset_request__type_support.c\n'}
[1.861252] (px4_msgs) StdoutLine: {'line': b'-- Up-to-date: /home/harsh/ros2_project/install/px4_msgs/include/px4_msgs/px4_msgs/msg/detail/vehicle_magnetometer__functions.h\n'}
[1.861312] (px4_msgs) StdoutLine: {'line': b'-- Up-to-date: /home/harsh/ros2_project/install/px4_msgs/include/px4_msgs/px4_msgs/msg/detail/esc_status__functions.c\n'}
[1.861364] (px4_msgs) StdoutLine: {'line': b'-- Up-to-date: /home/harsh/ros2_project/install/px4_msgs/include/px4_msgs/px4_msgs/msg/detail/camera_capture__description.c\n'}
[1.861425] (px4_msgs) StdoutLine: {'line': b'-- Up-to-date: /home/harsh/ros2_project/install/px4_msgs/include/px4_msgs/px4_msgs/msg/detail/landing_target_innovations__functions.h\n'}
[1.861482] (px4_msgs) StdoutLine: {'line': b'-- Up-to-date: /home/harsh/ros2_project/install/px4_msgs/include/px4_msgs/px4_msgs/msg/detail/internal_combustion_engine_status__description.c\n'}
[1.861536] (px4_msgs) StdoutLine: {'line': b'-- Up-to-date: /home/harsh/ros2_project/install/px4_msgs/include/px4_msgs/px4_msgs/msg/detail/ulog_stream_ack__struct.h\n'}
[1.861589] (px4_msgs) StdoutLine: {'line': b'-- Up-to-date: /home/harsh/ros2_project/install/px4_msgs/include/px4_msgs/px4_msgs/msg/detail/sensor_gnss_relative__functions.h\n'}
[1.861647] (px4_msgs) StdoutLine: {'line': b'-- Up-to-date: /home/harsh/ros2_project/install/px4_msgs/include/px4_msgs/px4_msgs/msg/detail/estimator_selector_status__functions.h\n'}
[1.861701] (px4_msgs) StdoutLine: {'line': b'-- Up-to-date: /home/harsh/ros2_project/install/px4_msgs/include/px4_msgs/px4_msgs/msg/detail/takeoff_status__type_support.h\n'}
[1.861753] (px4_msgs) StdoutLine: {'line': b'-- Installing: /home/harsh/ros2_project/install/px4_msgs/include/px4_msgs/px4_msgs/msg/detail/landing_gear__type_support.c\n'}
[1.861805] (px4_msgs) StdoutLine: {'line': b'-- Up-to-date: /home/harsh/ros2_project/install/px4_msgs/include/px4_msgs/px4_msgs/msg/detail/trajectory_bezier__functions.c\n'}
[1.861865] (px4_msgs) StdoutLine: {'line': b'-- Up-to-date: /home/harsh/ros2_project/install/px4_msgs/include/px4_msgs/px4_msgs/msg/detail/home_position__functions.c\n'}
[1.861925] (px4_msgs) StdoutLine: {'line': b'-- Installing: /home/harsh/ros2_project/install/px4_msgs/include/px4_msgs/px4_msgs/msg/detail/mavlink_tunnel__type_support.c\n'}
[1.861978] (px4_msgs) StdoutLine: {'line': b'-- Up-to-date: /home/harsh/ros2_project/install/px4_msgs/include/px4_msgs/px4_msgs/msg/detail/gpio_config__functions.c\n'}
[1.862037] (px4_msgs) StdoutLine: {'line': b'-- Up-to-date: /home/harsh/ros2_project/install/px4_msgs/include/px4_msgs/px4_msgs/msg/detail/mode_completed__type_support.h\n'}
[1.862091] (px4_msgs) StdoutLine: {'line': b'-- Up-to-date: /home/harsh/ros2_project/install/px4_msgs/include/px4_msgs/px4_msgs/msg/detail/rtl_time_estimate__functions.c\n'}
[1.862145] (px4_msgs) StdoutLine: {'line': b'-- Up-to-date: /home/harsh/ros2_project/install/px4_msgs/include/px4_msgs/px4_msgs/msg/detail/estimator_event_flags__struct.h\n'}
[1.862197] (px4_msgs) StdoutLine: {'line': b'-- Up-to-date: /home/harsh/ros2_project/install/px4_msgs/include/px4_msgs/px4_msgs/msg/detail/figure_eight_status__description.c\n'}
[1.862258] (px4_msgs) StdoutLine: {'line': b'-- Up-to-date: /home/harsh/ros2_project/install/px4_msgs/include/px4_msgs/px4_msgs/msg/detail/parameter_set_value_response__functions.h\n'}
[1.862320] (px4_msgs) StdoutLine: {'line': b'-- Up-to-date: /home/harsh/ros2_project/install/px4_msgs/include/px4_msgs/px4_msgs/msg/detail/cpuload__struct.h\n'}
[1.862373] (px4_msgs) StdoutLine: {'line': b'-- Up-to-date: /home/harsh/ros2_project/install/px4_msgs/include/px4_msgs/px4_msgs/msg/detail/tiltrotor_extra_controls__struct.h\n'}
[1.862425] (px4_msgs) StdoutLine: {'line': b'-- Installing: /home/harsh/ros2_project/install/px4_msgs/include/px4_msgs/px4_msgs/msg/detail/orbit_status__type_support.c\n'}
[1.862475] (px4_msgs) StdoutLine: {'line': b'-- Up-to-date: /home/harsh/ros2_project/install/px4_msgs/include/px4_msgs/px4_msgs/msg/detail/event__functions.c\n'}
[1.862540] (px4_msgs) StdoutLine: {'line': b'-- Up-to-date: /home/harsh/ros2_project/install/px4_msgs/include/px4_msgs/px4_msgs/msg/detail/vehicle_constraints__struct.h\n'}
[1.862594] (px4_msgs) StdoutLine: {'line': b'-- Up-to-date: /home/harsh/ros2_project/install/px4_msgs/include/px4_msgs/px4_msgs/msg/detail/yaw_estimator_status__struct.h\n'}
[1.862646] (px4_msgs) StdoutLine: {'line': b'-- Up-to-date: /home/harsh/ros2_project/install/px4_msgs/include/px4_msgs/px4_msgs/msg/detail/esc_status__type_support.h\n'}
[1.862698] (px4_msgs) StdoutLine: {'line': b'-- Up-to-date: /home/harsh/ros2_project/install/px4_msgs/include/px4_msgs/px4_msgs/msg/detail/position_setpoint__struct.h\n'}
[1.862855] (px4_msgs) StdoutLine: {'line': b'-- Up-to-date: /home/harsh/ros2_project/install/px4_msgs/include/px4_msgs/px4_msgs/msg/detail/transponder_report__struct.h\n'}
[1.862908] (px4_msgs) StdoutLine: {'line': b'-- Up-to-date: /home/harsh/ros2_project/install/px4_msgs/include/px4_msgs/px4_msgs/msg/detail/adc_report__functions.h\n'}
[1.862965] (px4_msgs) StdoutLine: {'line': b'-- Up-to-date: /home/harsh/ros2_project/install/px4_msgs/include/px4_msgs/px4_msgs/msg/detail/gimbal_device_attitude_status__functions.c\n'}
[1.863024] (px4_msgs) StdoutLine: {'line': b'-- Up-to-date: /home/harsh/ros2_project/install/px4_msgs/include/px4_msgs/px4_msgs/msg/detail/dataman_response__functions.c\n'}
[1.863074] (px4_msgs) StdoutLine: {'line': b'-- Up-to-date: /home/harsh/ros2_project/install/px4_msgs/include/px4_msgs/px4_msgs/msg/detail/manual_control_switches__functions.c\n'}
[1.863132] (px4_msgs) StdoutLine: {'line': b'-- Installing: /home/harsh/ros2_project/install/px4_msgs/include/px4_msgs/px4_msgs/msg/detail/px4io_status__type_support.c\n'}
[1.863184] (px4_msgs) StdoutLine: {'line': b'-- Up-to-date: /home/harsh/ros2_project/install/px4_msgs/include/px4_msgs/px4_msgs/msg/detail/register_ext_component_request__functions.h\n'}
[1.863246] (px4_msgs) StdoutLine: {'line': b'-- Up-to-date: /home/harsh/ros2_project/install/px4_msgs/include/px4_msgs/px4_msgs/msg/detail/yaw_estimator_status__type_support.h\n'}
[1.863306] (px4_msgs) StdoutLine: {'line': b'-- Installing: /home/harsh/ros2_project/install/px4_msgs/include/px4_msgs/px4_msgs/msg/detail/timesync_status__type_support.c\n'}
[1.863365] (px4_msgs) StdoutLine: {'line': b'-- Up-to-date: /home/harsh/ros2_project/install/px4_msgs/include/px4_msgs/px4_msgs/msg/detail/register_ext_component_reply__type_support.h\n'}
[1.863417] (px4_msgs) StdoutLine: {'line': b'-- Up-to-date: /home/harsh/ros2_project/install/px4_msgs/include/px4_msgs/px4_msgs/msg/detail/adc_report__type_support.h\n'}
[1.863469] (px4_msgs) StdoutLine: {'line': b'-- Installing: /home/harsh/ros2_project/install/px4_msgs/include/px4_msgs/px4_msgs/msg/detail/logger_status__type_support.c\n'}
[1.863525] (px4_msgs) StdoutLine: {'line': b'-- Up-to-date: /home/harsh/ros2_project/install/px4_msgs/include/px4_msgs/px4_msgs/msg/detail/gps_dump__functions.c\n'}
[1.863578] (px4_msgs) StdoutLine: {'line': b'-- Up-to-date: /home/harsh/ros2_project/install/px4_msgs/include/px4_msgs/px4_msgs/msg/detail/input_rc__functions.h\n'}
[1.863631] (px4_msgs) StdoutLine: {'line': b'-- Up-to-date: /home/harsh/ros2_project/install/px4_msgs/include/px4_msgs/px4_msgs/msg/detail/arming_check_reply__functions.c\n'}
[1.863688] (px4_msgs) StdoutLine: {'line': b'-- Up-to-date: /home/harsh/ros2_project/install/px4_msgs/include/px4_msgs/px4_msgs/msg/detail/vehicle_optical_flow_vel__struct.h\n'}
[1.863750] (px4_msgs) StdoutLine: {'line': b'-- Up-to-date: /home/harsh/ros2_project/install/px4_msgs/include/px4_msgs/px4_msgs/msg/detail/parameter_set_used_request__functions.h\n'}
[1.863809] (px4_msgs) StdoutLine: {'line': b'-- Up-to-date: /home/harsh/ros2_project/install/px4_msgs/include/px4_msgs/px4_msgs/msg/detail/system_power__functions.h\n'}
[1.863861] (px4_msgs) StdoutLine: {'line': b'-- Up-to-date: /home/harsh/ros2_project/install/px4_msgs/include/px4_msgs/px4_msgs/msg/detail/mavlink_log__type_support.h\n'}
[1.863914] (px4_msgs) StdoutLine: {'line': b'-- Installing: /home/harsh/ros2_project/install/px4_msgs/include/px4_msgs/px4_msgs/msg/detail/vehicle_command_ack__type_support.c\n'}
[1.863977] (px4_msgs) StdoutLine: {'line': b'-- Up-to-date: /home/harsh/ros2_project/install/px4_msgs/include/px4_msgs/px4_msgs/msg/detail/irlock_report__functions.h\n'}
[1.864030] (px4_msgs) StdoutLine: {'line': b'-- Up-to-date: /home/harsh/ros2_project/install/px4_msgs/include/px4_msgs/px4_msgs/msg/detail/vehicle_roi__type_support.h\n'}
[1.864088] (px4_msgs) StdoutLine: {'line': b'-- Up-to-date: /home/harsh/ros2_project/install/px4_msgs/include/px4_msgs/px4_msgs/msg/detail/dataman_request__struct.h\n'}
[1.864153] (px4_msgs) StdoutLine: {'line': b'-- Installing: /home/harsh/ros2_project/install/px4_msgs/include/px4_msgs/px4_msgs/msg/detail/airspeed__type_support.c\n'}
[1.864212] (px4_msgs) StdoutLine: {'line': b'-- Installing: /home/harsh/ros2_project/install/px4_msgs/include/px4_msgs/px4_msgs/msg/detail/arming_check_reply__type_support.c\n'}
[1.864295] (px4_msgs) StdoutLine: {'line': b'-- Up-to-date: /home/harsh/ros2_project/install/px4_msgs/include/px4_msgs/px4_msgs/msg/detail/npfg_status__description.c\n'}
[1.864371] (px4_msgs) StdoutLine: {'line': b'-- Up-to-date: /home/harsh/ros2_project/install/px4_msgs/include/px4_msgs/px4_msgs/msg/detail/autotune_attitude_control_status__type_support.h\n'}
[1.864428] (px4_msgs) StdoutLine: {'line': b'-- Up-to-date: /home/harsh/ros2_project/install/px4_msgs/include/px4_msgs/px4_msgs/msg/detail/parameter_reset_request__struct.h\n'}
[1.864500] (px4_msgs) StdoutLine: {'line': b'-- Up-to-date: /home/harsh/ros2_project/install/px4_msgs/include/px4_msgs/px4_msgs/msg/detail/estimator_aid_source2d__functions.h\n'}
[1.864556] (px4_msgs) StdoutLine: {'line': b'-- Up-to-date: /home/harsh/ros2_project/install/px4_msgs/include/px4_msgs/px4_msgs/msg/detail/generator_status__description.c\n'}
[1.864608] (px4_msgs) StdoutLine: {'line': b'-- Up-to-date: /home/harsh/ros2_project/install/px4_msgs/include/px4_msgs/px4_msgs/msg/detail/arming_check_reply__struct.h\n'}
[1.864660] (px4_msgs) StdoutLine: {'line': b'-- Up-to-date: /home/harsh/ros2_project/install/px4_msgs/include/px4_msgs/px4_msgs/msg/detail/actuator_armed__type_support.h\n'}
[1.864713] (px4_msgs) StdoutLine: {'line': b'-- Installing: /home/harsh/ros2_project/install/px4_msgs/include/px4_msgs/px4_msgs/msg/detail/flight_phase_estimation__type_support.c\n'}
[1.864763] (px4_msgs) StdoutLine: {'line': b'-- Up-to-date: /home/harsh/ros2_project/install/px4_msgs/include/px4_msgs/px4_msgs/msg/detail/parameter_set_used_request__struct.h\n'}
[1.864814] (px4_msgs) StdoutLine: {'line': b'-- Up-to-date: /home/harsh/ros2_project/install/px4_msgs/include/px4_msgs/px4_msgs/msg/detail/vehicle_imu__functions.c\n'}
[1.864894] (px4_msgs) StdoutLine: {'line': b'-- Up-to-date: /home/harsh/ros2_project/install/px4_msgs/include/px4_msgs/px4_msgs/msg/detail/debug_vect__description.c\n'}
[1.864955] (px4_msgs) StdoutLine: {'line': b'-- Up-to-date: /home/harsh/ros2_project/install/px4_msgs/include/px4_msgs/px4_msgs/msg/detail/offboard_control_mode__description.c\n'}
[1.865016] (px4_msgs) StdoutLine: {'line': b'-- Up-to-date: /home/harsh/ros2_project/install/px4_msgs/include/px4_msgs/px4_msgs/msg/detail/pps_capture__type_support.h\n'}
[1.865067] (px4_msgs) StdoutLine: {'line': b'-- Up-to-date: /home/harsh/ros2_project/install/px4_msgs/include/px4_msgs/px4_msgs/msg/detail/gimbal_device_set_attitude__description.c\n'}
[1.865118] (px4_msgs) StdoutLine: {'line': b'-- Up-to-date: /home/harsh/ros2_project/install/px4_msgs/include/px4_msgs/px4_msgs/msg/detail/vehicle_optical_flow__functions.c\n'}
[1.865169] (px4_msgs) StdoutLine: {'line': b'-- Up-to-date: /home/harsh/ros2_project/install/px4_msgs/include/px4_msgs/px4_msgs/msg/detail/gimbal_manager_information__functions.c\n'}
[1.865256] (px4_msgs) StdoutLine: {'line': b'-- Up-to-date: /home/harsh/ros2_project/install/px4_msgs/include/px4_msgs/px4_msgs/msg/detail/vehicle_status__description.c\n'}
[1.865314] (px4_msgs) StdoutLine: {'line': b'-- Up-to-date: /home/harsh/ros2_project/install/px4_msgs/include/px4_msgs/px4_msgs/msg/detail/sensor_combined__functions.c\n'}
[1.865382] (px4_msgs) StdoutLine: {'line': b'-- Up-to-date: /home/harsh/ros2_project/install/px4_msgs/include/px4_msgs/px4_msgs/msg/detail/ulog_stream__type_support.h\n'}
[1.865435] (px4_msgs) StdoutLine: {'line': b'-- Up-to-date: /home/harsh/ros2_project/install/px4_msgs/include/px4_msgs/px4_msgs/msg/detail/dataman_response__struct.h\n'}
[1.865491] (px4_msgs) StdoutLine: {'line': b'-- Up-to-date: /home/harsh/ros2_project/install/px4_msgs/include/px4_msgs/px4_msgs/msg/detail/trajectory_setpoint__struct.h\n'}
[1.865546] (px4_msgs) StdoutLine: {'line': b'-- Up-to-date: /home/harsh/ros2_project/install/px4_msgs/include/px4_msgs/px4_msgs/msg/detail/health_report__functions.c\n'}
[1.865597] (px4_msgs) StdoutLine: {'line': b'-- Up-to-date: /home/harsh/ros2_project/install/px4_msgs/include/px4_msgs/px4_msgs/msg/detail/gpio_in__type_support.h\n'}
[1.865648] (px4_msgs) StdoutLine: {'line': b'-- Up-to-date: /home/harsh/ros2_project/install/px4_msgs/include/px4_msgs/px4_msgs/msg/detail/parameter_reset_request__description.c\n'}
[1.865703] (px4_msgs) StdoutLine: {'line': b'-- Up-to-date: /home/harsh/ros2_project/install/px4_msgs/include/px4_msgs/px4_msgs/msg/detail/can_interface_status__functions.c\n'}
[1.865779] (px4_msgs) StdoutLine: {'line': b'-- Installing: /home/harsh/ros2_project/install/px4_msgs/include/px4_msgs/px4_msgs/msg/detail/gimbal_manager_status__type_support.c\n'}
[1.865832] (px4_msgs) StdoutLine: {'line': b'-- Up-to-date: /home/harsh/ros2_project/install/px4_msgs/include/px4_msgs/px4_msgs/msg/detail/power_monitor__functions.c\n'}
[1.865892] (px4_msgs) StdoutLine: {'line': b'-- Installing: /home/harsh/ros2_project/install/px4_msgs/include/px4_msgs/px4_msgs/msg/detail/gimbal_manager_set_manual_control__type_support.c\n'}
[1.865947] (px4_msgs) StdoutLine: {'line': b'-- Installing: /home/harsh/ros2_project/install/px4_msgs/include/px4_msgs/px4_msgs/msg/detail/arming_check_request__type_support.c\n'}
[1.866000] (px4_msgs) StdoutLine: {'line': b'-- Up-to-date: /home/harsh/ros2_project/install/px4_msgs/include/px4_msgs/px4_msgs/msg/detail/camera_status__description.c\n'}
[1.866055] (px4_msgs) StdoutLine: {'line': b'-- Up-to-date: /home/harsh/ros2_project/install/px4_msgs/include/px4_msgs/px4_msgs/msg/detail/vehicle_attitude_setpoint__type_support.h\n'}
[1.866132] (px4_msgs) StdoutLine: {'line': b'-- Installing: /home/harsh/ros2_project/install/px4_msgs/include/px4_msgs/px4_msgs/msg/detail/orb_test__type_support.c\n'}
[1.866208] (px4_msgs) StdoutLine: {'line': b'-- Up-to-date: /home/harsh/ros2_project/install/px4_msgs/include/px4_msgs/px4_msgs/msg/detail/actuator_test__type_support.h\n'}
[1.866295] (px4_msgs) StdoutLine: {'line': b'-- Up-to-date: /home/harsh/ros2_project/install/px4_msgs/include/px4_msgs/px4_msgs/msg/detail/sensor_airflow__struct.h\n'}
[1.866369] (px4_msgs) StdoutLine: {'line': b'-- Up-to-date: /home/harsh/ros2_project/install/px4_msgs/include/px4_msgs/px4_msgs/msg/detail/gpio_out__functions.c\n'}
[1.866441] (px4_msgs) StdoutLine: {'line': b'-- Up-to-date: /home/harsh/ros2_project/install/px4_msgs/include/px4_msgs/px4_msgs/msg/detail/vehicle_attitude__description.c\n'}
[1.866520] (px4_msgs) StdoutLine: {'line': b'-- Up-to-date: /home/harsh/ros2_project/install/px4_msgs/include/px4_msgs/px4_msgs/msg/detail/sensor_uwb__description.c\n'}
[1.866580] (px4_msgs) StdoutLine: {'line': b'-- Installing: /home/harsh/ros2_project/install/px4_msgs/include/px4_msgs/px4_msgs/msg/detail/vehicle_attitude__type_support.c\n'}
[1.866634] (px4_msgs) StdoutLine: {'line': b'-- Up-to-date: /home/harsh/ros2_project/install/px4_msgs/include/px4_msgs/px4_msgs/msg/detail/gpio_in__functions.h\n'}
[1.866696] (px4_msgs) StdoutLine: {'line': b'-- Up-to-date: /home/harsh/ros2_project/install/px4_msgs/include/px4_msgs/px4_msgs/msg/detail/sensor_gyro__functions.c\n'}
[1.866761] (px4_msgs) StdoutLine: {'line': b'-- Up-to-date: /home/harsh/ros2_project/install/px4_msgs/include/px4_msgs/px4_msgs/msg/detail/health_report__struct.h\n'}
[1.866826] (px4_msgs) StdoutLine: {'line': b'-- Up-to-date: /home/harsh/ros2_project/install/px4_msgs/include/px4_msgs/px4_msgs/msg/detail/magnetometer_bias_estimate__functions.h\n'}
[1.866903] (px4_msgs) StdoutLine: {'line': b'-- Up-to-date: /home/harsh/ros2_project/install/px4_msgs/include/px4_msgs/px4_msgs/msg/detail/sensor_selection__struct.h\n'}
[1.866965] (px4_msgs) StdoutLine: {'line': b'-- Up-to-date: /home/harsh/ros2_project/install/px4_msgs/include/px4_msgs/px4_msgs/msg/detail/failure_detector_status__struct.h\n'}
[1.867030] (px4_msgs) StdoutLine: {'line': b'-- Installing: /home/harsh/ros2_project/install/px4_msgs/include/px4_msgs/px4_msgs/msg/detail/vehicle_command__type_support.c\n'}
[1.867083] (px4_msgs) StdoutLine: {'line': b'-- Up-to-date: /home/harsh/ros2_project/install/px4_msgs/include/px4_msgs/px4_msgs/msg/detail/obstacle_distance__struct.h\n'}
[1.867159] (px4_msgs) StdoutLine: {'line': b'-- Installing: /home/harsh/ros2_project/install/px4_msgs/include/px4_msgs/px4_msgs/msg/detail/gps_dump__type_support.c\n'}
[1.867209] (px4_msgs) StdoutLine: {'line': b'-- Up-to-date: /home/harsh/ros2_project/install/px4_msgs/include/px4_msgs/px4_msgs/msg/detail/npfg_status__functions.c\n'}
[1.867278] (px4_msgs) StdoutLine: {'line': b'-- Installing: /home/harsh/ros2_project/install/px4_msgs/include/px4_msgs/px4_msgs/msg/detail/health_report__type_support.c\n'}
[1.867335] (px4_msgs) StdoutLine: {'line': b'-- Up-to-date: /home/harsh/ros2_project/install/px4_msgs/include/px4_msgs/px4_msgs/msg/detail/sensor_gyro__description.c\n'}
[1.867385] (px4_msgs) StdoutLine: {'line': b'-- Installing: /home/harsh/ros2_project/install/px4_msgs/include/px4_msgs/px4_msgs/msg/detail/task_stack_info__type_support.c\n'}
[1.867438] (px4_msgs) StdoutLine: {'line': b'-- Up-to-date: /home/harsh/ros2_project/install/px4_msgs/include/px4_msgs/px4_msgs/msg/detail/airspeed__type_support.h\n'}
[1.867490] (px4_msgs) StdoutLine: {'line': b'-- Up-to-date: /home/harsh/ros2_project/install/px4_msgs/include/px4_msgs/px4_msgs/msg/detail/ulog_stream_ack__functions.c\n'}
[1.867559] (px4_msgs) StdoutLine: {'line': b'-- Up-to-date: /home/harsh/ros2_project/install/px4_msgs/include/px4_msgs/px4_msgs/msg/detail/navigator_mission_item__type_support.h\n'}
[1.867634] (px4_msgs) StdoutLine: {'line': b'-- Up-to-date: /home/harsh/ros2_project/install/px4_msgs/include/px4_msgs/px4_msgs/msg/detail/vehicle_optical_flow_vel__functions.c\n'}
[1.867704] (px4_msgs) StdoutLine: {'line': b'-- Up-to-date: /home/harsh/ros2_project/install/px4_msgs/include/px4_msgs/px4_msgs/msg/detail/gimbal_manager_status__functions.c\n'}
[1.867754] (px4_msgs) StdoutLine: {'line': b'-- Up-to-date: /home/harsh/ros2_project/install/px4_msgs/include/px4_msgs/px4_msgs/msg/detail/actuator_motors__struct.h\n'}
[1.867806] (px4_msgs) StdoutLine: {'line': b'-- Installing: /home/harsh/ros2_project/install/px4_msgs/include/px4_msgs/px4_msgs/msg/detail/differential_pressure__type_support.c\n'}
[1.867858] (px4_msgs) StdoutLine: {'line': b'-- Installing: /home/harsh/ros2_project/install/px4_msgs/include/px4_msgs/px4_msgs/msg/detail/parameter_set_value_request__type_support.c\n'}
[1.867907] (px4_msgs) StdoutLine: {'line': b'-- Up-to-date: /home/harsh/ros2_project/install/px4_msgs/include/px4_msgs/px4_msgs/msg/detail/sensor_preflight_mag__description.c\n'}
[1.867957] (px4_msgs) StdoutLine: {'line': b'-- Up-to-date: /home/harsh/ros2_project/install/px4_msgs/include/px4_msgs/px4_msgs/msg/detail/follow_target__functions.h\n'}
[1.868009] (px4_msgs) StdoutLine: {'line': b'-- Up-to-date: /home/harsh/ros2_project/install/px4_msgs/include/px4_msgs/px4_msgs/msg/detail/differential_drive_setpoint__functions.h\n'}
[1.868061] (px4_msgs) StdoutLine: {'line': b'-- Installing: /home/harsh/ros2_project/install/px4_msgs/include/px4_msgs/px4_msgs/msg/detail/estimator_gps_status__type_support.c\n'}
[1.868120] (px4_msgs) StdoutLine: {'line': b'-- Up-to-date: /home/harsh/ros2_project/install/px4_msgs/include/px4_msgs/px4_msgs/msg/detail/qshell_req__description.c\n'}
[1.868184] (px4_msgs) StdoutLine: {'line': b'-- Up-to-date: /home/harsh/ros2_project/install/px4_msgs/include/px4_msgs/px4_msgs/msg/detail/uavcan_parameter_request__functions.h\n'}
[1.868260] (px4_msgs) StdoutLine: {'line': b'-- Installing: /home/harsh/ros2_project/install/px4_msgs/include/px4_msgs/px4_msgs/msg/detail/navigator_mission_item__type_support.c\n'}
[1.868314] (px4_msgs) StdoutLine: {'line': b'-- Up-to-date: /home/harsh/ros2_project/install/px4_msgs/include/px4_msgs/px4_msgs/msg/detail/vehicle_command_ack__type_support.h\n'}
[1.868364] (px4_msgs) StdoutLine: {'line': b'-- Installing: /home/harsh/ros2_project/install/px4_msgs/include/px4_msgs/px4_msgs/msg/detail/sensor_gyro__type_support.c\n'}
[1.868414] (px4_msgs) StdoutLine: {'line': b'-- Up-to-date: /home/harsh/ros2_project/install/px4_msgs/include/px4_msgs/px4_msgs/msg/detail/position_controller_landing_status__functions.c\n'}
[1.868466] (px4_msgs) StdoutLine: {'line': b'-- Up-to-date: /home/harsh/ros2_project/install/px4_msgs/include/px4_msgs/px4_msgs/msg/detail/vehicle_control_mode__description.c\n'}
[1.868515] (px4_msgs) StdoutLine: {'line': b'-- Installing: /home/harsh/ros2_project/install/px4_msgs/include/px4_msgs/px4_msgs/msg/detail/cpuload__type_support.c\n'}
[1.868565] (px4_msgs) StdoutLine: {'line': b'-- Up-to-date: /home/harsh/ros2_project/install/px4_msgs/include/px4_msgs/px4_msgs/msg/detail/sensor_combined__struct.h\n'}
[1.868615] (px4_msgs) StdoutLine: {'line': b'-- Installing: /home/harsh/ros2_project/install/px4_msgs/include/px4_msgs/px4_msgs/msg/detail/actuator_motors__type_support.c\n'}
[1.868665] (px4_msgs) StdoutLine: {'line': b'-- Up-to-date: /home/harsh/ros2_project/install/px4_msgs/include/px4_msgs/px4_msgs/msg/detail/gpio_out__functions.h\n'}
[1.868715] (px4_msgs) StdoutLine: {'line': b'-- Up-to-date: /home/harsh/ros2_project/install/px4_msgs/include/px4_msgs/px4_msgs/msg/detail/actuator_servos__struct.h\n'}
[1.868767] (px4_msgs) StdoutLine: {'line': b'-- Up-to-date: /home/harsh/ros2_project/install/px4_msgs/include/px4_msgs/px4_msgs/msg/detail/rate_ctrl_status__type_support.h\n'}
[1.868825] (px4_msgs) StdoutLine: {'line': b'-- Up-to-date: /home/harsh/ros2_project/install/px4_msgs/include/px4_msgs/px4_msgs/msg/detail/actuator_servos__functions.h\n'}
[1.868876] (px4_msgs) StdoutLine: {'line': b'-- Up-to-date: /home/harsh/ros2_project/install/px4_msgs/include/px4_msgs/px4_msgs/msg/detail/landing_gear_wheel__struct.h\n'}
[1.868924] (px4_msgs) StdoutLine: {'line': b'-- Installing: /home/harsh/ros2_project/install/px4_msgs/include/px4_msgs/px4_msgs/msg/detail/vehicle_attitude_setpoint__type_support.c\n'}
[1.868976] (px4_msgs) StdoutLine: {'line': b'-- Up-to-date: /home/harsh/ros2_project/install/px4_msgs/include/px4_msgs/px4_msgs/msg/detail/sensor_gyro__functions.h\n'}
[1.869027] (px4_msgs) StdoutLine: {'line': b'-- Installing: /home/harsh/ros2_project/install/px4_msgs/include/px4_msgs/px4_msgs/msg/detail/sensor_optical_flow__type_support.c\n'}
[1.869079] (px4_msgs) StdoutLine: {'line': b'-- Up-to-date: /home/harsh/ros2_project/install/px4_msgs/include/px4_msgs/px4_msgs/msg/detail/ulog_stream__description.c\n'}
[1.869131] (px4_msgs) StdoutLine: {'line': b'-- Up-to-date: /home/harsh/ros2_project/install/px4_msgs/include/px4_msgs/px4_msgs/msg/detail/actuator_controls_status__type_support.h\n'}
[1.869184] (px4_msgs) StdoutLine: {'line': b'-- Installing: /home/harsh/ros2_project/install/px4_msgs/include/px4_msgs/px4_msgs/msg/detail/ekf2_timestamps__type_support.c\n'}
[1.869241] (px4_msgs) StdoutLine: {'line': b'-- Up-to-date: /home/harsh/ros2_project/install/px4_msgs/include/px4_msgs/px4_msgs/msg/detail/sensor_correction__functions.h\n'}
[1.869297] (px4_msgs) StdoutLine: {'line': b'-- Installing: /home/harsh/ros2_project/install/px4_msgs/include/px4_msgs/px4_msgs/msg/detail/vehicle_imu_status__type_support.c\n'}
[1.869348] (px4_msgs) StdoutLine: {'line': b'-- Up-to-date: /home/harsh/ros2_project/install/px4_msgs/include/px4_msgs/px4_msgs/msg/detail/sensor_accel__functions.c\n'}
[1.869400] (px4_msgs) StdoutLine: {'line': b'-- Up-to-date: /home/harsh/ros2_project/install/px4_msgs/include/px4_msgs/px4_msgs/msg/detail/rpm__struct.h\n'}
[1.869456] (px4_msgs) StdoutLine: {'line': b'-- Up-to-date: /home/harsh/ros2_project/install/px4_msgs/include/px4_msgs/px4_msgs/msg/detail/mavlink_tunnel__type_support.h\n'}
[1.869510] (px4_msgs) StdoutLine: {'line': b'-- Up-to-date: /home/harsh/ros2_project/install/px4_msgs/include/px4_msgs/px4_msgs/msg/detail/offboard_control_mode__functions.c\n'}
[1.869562] (px4_msgs) StdoutLine: {'line': b'-- Up-to-date: /home/harsh/ros2_project/install/px4_msgs/include/px4_msgs/px4_msgs/msg/detail/gimbal_device_set_attitude__type_support.h\n'}
[1.869613] (px4_msgs) StdoutLine: {'line': b'-- Up-to-date: /home/harsh/ros2_project/install/px4_msgs/include/px4_msgs/px4_msgs/msg/detail/register_ext_component_reply__struct.h\n'}
[1.869664] (px4_msgs) StdoutLine: {'line': b'-- Up-to-date: /home/harsh/ros2_project/install/px4_msgs/include/px4_msgs/px4_msgs/msg/detail/camera_trigger__struct.h\n'}
[1.869715] (px4_msgs) StdoutLine: {'line': b'-- Up-to-date: /home/harsh/ros2_project/install/px4_msgs/include/px4_msgs/px4_msgs/msg/detail/gimbal_device_attitude_status__type_support.h\n'}
[1.869763] (px4_msgs) StdoutLine: {'line': b'-- Up-to-date: /home/harsh/ros2_project/install/px4_msgs/include/px4_msgs/px4_msgs/msg/detail/sensor_gps__functions.c\n'}
[1.869813] (px4_msgs) StdoutLine: {'line': b'-- Installing: /home/harsh/ros2_project/install/px4_msgs/include/px4_msgs/px4_msgs/msg/detail/satellite_info__type_support.c\n'}
[1.869863] (px4_msgs) StdoutLine: {'line': b'-- Up-to-date: /home/harsh/ros2_project/install/px4_msgs/include/px4_msgs/px4_msgs/msg/detail/trajectory_waypoint__type_support.h\n'}
[1.869913] (px4_msgs) StdoutLine: {'line': b'-- Up-to-date: /home/harsh/ros2_project/install/px4_msgs/include/px4_msgs/px4_msgs/msg/detail/register_ext_component_reply__description.c\n'}
[1.869965] (px4_msgs) StdoutLine: {'line': b'-- Up-to-date: /home/harsh/ros2_project/install/px4_msgs/include/px4_msgs/px4_msgs/msg/detail/vehicle_command_ack__functions.h\n'}
[1.870019] (px4_msgs) StdoutLine: {'line': b'-- Up-to-date: /home/harsh/ros2_project/install/px4_msgs/include/px4_msgs/px4_msgs/msg/detail/parameter_set_value_request__description.c\n'}
[1.870071] (px4_msgs) StdoutLine: {'line': b'-- Up-to-date: /home/harsh/ros2_project/install/px4_msgs/include/px4_msgs/px4_msgs/msg/detail/parameter_set_value_request__functions.c\n'}
[1.870122] (px4_msgs) StdoutLine: {'line': b'-- Up-to-date: /home/harsh/ros2_project/install/px4_msgs/include/px4_msgs/px4_msgs/msg/detail/vehicle_control_mode__struct.h\n'}
[1.870173] (px4_msgs) StdoutLine: {'line': b'-- Up-to-date: /home/harsh/ros2_project/install/px4_msgs/include/px4_msgs/px4_msgs/msg/detail/camera_capture__functions.c\n'}
[1.870225] (px4_msgs) StdoutLine: {'line': b'-- Up-to-date: /home/harsh/ros2_project/install/px4_msgs/include/px4_msgs/px4_msgs/msg/detail/tiltrotor_extra_controls__description.c\n'}
[1.870288] (px4_msgs) StdoutLine: {'line': b'-- Up-to-date: /home/harsh/ros2_project/install/px4_msgs/include/px4_msgs/px4_msgs/msg/detail/vehicle_odometry__functions.c\n'}
[1.870341] (px4_msgs) StdoutLine: {'line': b'-- Up-to-date: /home/harsh/ros2_project/install/px4_msgs/include/px4_msgs/px4_msgs/msg/detail/position_controller_landing_status__description.c\n'}
[1.870391] (px4_msgs) StdoutLine: {'line': b'-- Up-to-date: /home/harsh/ros2_project/install/px4_msgs/include/px4_msgs/px4_msgs/msg/detail/flight_phase_estimation__struct.h\n'}
[1.870443] (px4_msgs) StdoutLine: {'line': b'-- Up-to-date: /home/harsh/ros2_project/install/px4_msgs/include/px4_msgs/px4_msgs/msg/detail/pwm_input__functions.c\n'}
[1.870501] (px4_msgs) StdoutLine: {'line': b'-- Up-to-date: /home/harsh/ros2_project/install/px4_msgs/include/px4_msgs/px4_msgs/msg/detail/camera_status__functions.c\n'}
[1.870553] (px4_msgs) StdoutLine: {'line': b'-- Up-to-date: /home/harsh/ros2_project/install/px4_msgs/include/px4_msgs/px4_msgs/msg/detail/estimator_states__description.c\n'}
[1.870604] (px4_msgs) StdoutLine: {'line': b'-- Up-to-date: /home/harsh/ros2_project/install/px4_msgs/include/px4_msgs/px4_msgs/msg/detail/vehicle_magnetometer__struct.h\n'}
[1.870657] (px4_msgs) StdoutLine: {'line': b'-- Up-to-date: /home/harsh/ros2_project/install/px4_msgs/include/px4_msgs/px4_msgs/msg/detail/parameter_set_value_response__type_support.h\n'}
[1.870712] (px4_msgs) StdoutLine: {'line': b'-- Up-to-date: /home/harsh/ros2_project/install/px4_msgs/include/px4_msgs/px4_msgs/msg/detail/vehicle_command__struct.h\n'}
[1.870764] (px4_msgs) StdoutLine: {'line': b'-- Installing: /home/harsh/ros2_project/install/px4_msgs/include/px4_msgs/px4_msgs/msg/detail/vehicle_imu__type_support.c\n'}
[1.870815] (px4_msgs) StdoutLine: {'line': b'-- Up-to-date: /home/harsh/ros2_project/install/px4_msgs/include/px4_msgs/px4_msgs/msg/detail/home_position__functions.h\n'}
[1.870866] (px4_msgs) StdoutLine: {'line': b'-- Up-to-date: /home/harsh/ros2_project/install/px4_msgs/include/px4_msgs/px4_msgs/msg/detail/vehicle_attitude_setpoint__functions.c\n'}
[1.870915] (px4_msgs) StdoutLine: {'line': b'-- Up-to-date: /home/harsh/ros2_project/install/px4_msgs/include/px4_msgs/px4_msgs/msg/detail/gps_inject_data__struct.h\n'}
[1.870966] (px4_msgs) StdoutLine: {'line': b'-- Up-to-date: /home/harsh/ros2_project/install/px4_msgs/include/px4_msgs/px4_msgs/msg/detail/debug_key_value__description.c\n'}
[1.871016] (px4_msgs) StdoutLine: {'line': b'-- Up-to-date: /home/harsh/ros2_project/install/px4_msgs/include/px4_msgs/px4_msgs/msg/detail/vehicle_trajectory_bezier__description.c\n'}
[1.871068] (px4_msgs) StdoutLine: {'line': b'-- Up-to-date: /home/harsh/ros2_project/install/px4_msgs/include/px4_msgs/px4_msgs/msg/detail/actuator_armed__functions.c\n'}
[1.871118] (px4_msgs) StdoutLine: {'line': b'-- Up-to-date: /home/harsh/ros2_project/install/px4_msgs/include/px4_msgs/px4_msgs/msg/detail/npfg_status__functions.h\n'}
[1.871167] (px4_msgs) StdoutLine: {'line': b'-- Installing: /home/harsh/ros2_project/install/px4_msgs/include/px4_msgs/px4_msgs/msg/detail/vehicle_trajectory_bezier__type_support.c\n'}
[1.871219] (px4_msgs) StdoutLine: {'line': b'-- Up-to-date: /home/harsh/ros2_project/install/px4_msgs/include/px4_msgs/px4_msgs/msg/detail/actuator_outputs__type_support.h\n'}
[1.871279] (px4_msgs) StdoutLine: {'line': b'-- Up-to-date: /home/harsh/ros2_project/install/px4_msgs/include/px4_msgs/px4_msgs/msg/detail/actuator_servos__description.c\n'}
[1.871330] (px4_msgs) StdoutLine: {'line': b'-- Installing: /home/harsh/ros2_project/install/px4_msgs/include/px4_msgs/px4_msgs/msg/detail/manual_control_switches__type_support.c\n'}
[1.871383] (px4_msgs) StdoutLine: {'line': b'-- Up-to-date: /home/harsh/ros2_project/install/px4_msgs/include/px4_msgs/px4_msgs/msg/detail/orb_test_medium__description.c\n'}
[1.871435] (px4_msgs) StdoutLine: {'line': b'-- Installing: /home/harsh/ros2_project/install/px4_msgs/include/px4_msgs/px4_msgs/msg/detail/position_controller_landing_status__type_support.c\n'}
[1.871487] (px4_msgs) StdoutLine: {'line': b'-- Up-to-date: /home/harsh/ros2_project/install/px4_msgs/include/px4_msgs/px4_msgs/msg/detail/satellite_info__struct.h\n'}
[1.871542] (px4_msgs) StdoutLine: {'line': b'-- Up-to-date: /home/harsh/ros2_project/install/px4_msgs/include/px4_msgs/px4_msgs/msg/detail/estimator_states__struct.h\n'}
[1.871596] (px4_msgs) StdoutLine: {'line': b'-- Up-to-date: /home/harsh/ros2_project/install/px4_msgs/include/px4_msgs/px4_msgs/msg/detail/log_message__functions.c\n'}
[1.871651] (px4_msgs) StdoutLine: {'line': b'-- Up-to-date: /home/harsh/ros2_project/install/px4_msgs/include/px4_msgs/px4_msgs/msg/detail/estimator_gps_status__type_support.h\n'}
[1.871703] (px4_msgs) StdoutLine: {'line': b'-- Up-to-date: /home/harsh/ros2_project/install/px4_msgs/include/px4_msgs/px4_msgs/msg/detail/mavlink_tunnel__functions.h\n'}
[1.871755] (px4_msgs) StdoutLine: {'line': b'-- Up-to-date: /home/harsh/ros2_project/install/px4_msgs/include/px4_msgs/px4_msgs/msg/detail/estimator_aid_source2d__description.c\n'}
[1.871808] (px4_msgs) StdoutLine: {'line': b'-- Up-to-date: /home/harsh/ros2_project/install/px4_msgs/include/px4_msgs/px4_msgs/msg/detail/vehicle_status__functions.h\n'}
[1.871859] (px4_msgs) StdoutLine: {'line': b'-- Up-to-date: /home/harsh/ros2_project/install/px4_msgs/include/px4_msgs/px4_msgs/msg/detail/actuator_servos_trim__description.c\n'}
[1.871915] (px4_msgs) StdoutLine: {'line': b'-- Up-to-date: /home/harsh/ros2_project/install/px4_msgs/include/px4_msgs/px4_msgs/msg/detail/failure_detector_status__type_support.h\n'}
[1.871968] (px4_msgs) StdoutLine: {'line': b'-- Up-to-date: /home/harsh/ros2_project/install/px4_msgs/include/px4_msgs/px4_msgs/msg/detail/vehicle_command_ack__functions.c\n'}
[1.872018] (px4_msgs) StdoutLine: {'line': b'-- Up-to-date: /home/harsh/ros2_project/install/px4_msgs/include/px4_msgs/px4_msgs/msg/detail/vehicle_trajectory_bezier__struct.h\n'}
[1.872069] (px4_msgs) StdoutLine: {'line': b'-- Installing: /home/harsh/ros2_project/install/px4_msgs/include/px4_msgs/px4_msgs/msg/detail/wheel_encoders__type_support.c\n'}
[1.872120] (px4_msgs) StdoutLine: {'line': b'-- Up-to-date: /home/harsh/ros2_project/install/px4_msgs/include/px4_msgs/px4_msgs/msg/detail/task_stack_info__type_support.h\n'}
[1.872176] (px4_msgs) StdoutLine: {'line': b'-- Up-to-date: /home/harsh/ros2_project/install/px4_msgs/include/px4_msgs/px4_msgs/msg/detail/input_rc__functions.c\n'}
[1.872228] (px4_msgs) StdoutLine: {'line': b'-- Installing: /home/harsh/ros2_project/install/px4_msgs/include/px4_msgs/px4_msgs/msg/detail/vehicle_local_position__type_support.c\n'}
[1.872293] (px4_msgs) StdoutLine: {'line': b'-- Up-to-date: /home/harsh/ros2_project/install/px4_msgs/include/px4_msgs/px4_msgs/msg/detail/launch_detection_status__struct.h\n'}
[1.872346] (px4_msgs) StdoutLine: {'line': b'-- Up-to-date: /home/harsh/ros2_project/install/px4_msgs/include/px4_msgs/px4_msgs/msg/detail/sensor_uwb__struct.h\n'}
[1.872395] (px4_msgs) StdoutLine: {'line': b'-- Up-to-date: /home/harsh/ros2_project/install/px4_msgs/include/px4_msgs/px4_msgs/msg/detail/vehicle_attitude__struct.h\n'}
[1.872447] (px4_msgs) StdoutLine: {'line': b'-- Up-to-date: /home/harsh/ros2_project/install/px4_msgs/include/px4_msgs/px4_msgs/msg/detail/vehicle_angular_acceleration_setpoint__functions.c\n'}
[1.872499] (px4_msgs) StdoutLine: {'line': b'-- Up-to-date: /home/harsh/ros2_project/install/px4_msgs/include/px4_msgs/px4_msgs/msg/detail/vehicle_angular_velocity__description.c\n'}
[1.872551] (px4_msgs) StdoutLine: {'line': b'-- Installing: /home/harsh/ros2_project/install/px4_msgs/include/px4_msgs/px4_msgs/msg/detail/npfg_status__type_support.c\n'}
[1.872602] (px4_msgs) StdoutLine: {'line': b'-- Installing: /home/harsh/ros2_project/install/px4_msgs/include/px4_msgs/px4_msgs/msg/detail/vehicle_status__type_support.c\n'}
[1.872653] (px4_msgs) StdoutLine: {'line': b'-- Up-to-date: /home/harsh/ros2_project/install/px4_msgs/include/px4_msgs/px4_msgs/msg/detail/debug_value__functions.c\n'}
[1.872704] (px4_msgs) StdoutLine: {'line': b'-- Up-to-date: /home/harsh/ros2_project/install/px4_msgs/include/px4_msgs/px4_msgs/msg/detail/qshell_req__struct.h\n'}
[1.872755] (px4_msgs) StdoutLine: {'line': b'-- Up-to-date: /home/harsh/ros2_project/install/px4_msgs/include/px4_msgs/px4_msgs/msg/detail/rpm__functions.h\n'}
[1.872807] (px4_msgs) StdoutLine: {'line': b'-- Up-to-date: /home/harsh/ros2_project/install/px4_msgs/include/px4_msgs/px4_msgs/msg/detail/vehicle_trajectory_bezier__functions.h\n'}
[1.872858] (px4_msgs) StdoutLine: {'line': b'-- Up-to-date: /home/harsh/ros2_project/install/px4_msgs/include/px4_msgs/px4_msgs/msg/detail/control_allocator_status__description.c\n'}
[1.872910] (px4_msgs) StdoutLine: {'line': b'-- Installing: /home/harsh/ros2_project/install/px4_msgs/include/px4_msgs/px4_msgs/msg/detail/parameter_set_used_request__type_support.c\n'}
[1.872963] (px4_msgs) StdoutLine: {'line': b'-- Installing: /home/harsh/ros2_project/install/px4_msgs/include/px4_msgs/px4_msgs/msg/detail/takeoff_status__type_support.c\n'}
[1.873015] (px4_msgs) StdoutLine: {'line': b'-- Up-to-date: /home/harsh/ros2_project/install/px4_msgs/include/px4_msgs/px4_msgs/msg/detail/estimator_aid_source1d__functions.c\n'}
[1.873066] (px4_msgs) StdoutLine: {'line': b'-- Up-to-date: /home/harsh/ros2_project/install/px4_msgs/include/px4_msgs/px4_msgs/msg/detail/register_ext_component_request__functions.c\n'}
[1.873119] (px4_msgs) StdoutLine: {'line': b'-- Installing: /home/harsh/ros2_project/install/px4_msgs/include/px4_msgs/px4_msgs/msg/detail/vehicle_torque_setpoint__type_support.c\n'}
[1.873170] (px4_msgs) StdoutLine: {'line': b'-- Up-to-date: /home/harsh/ros2_project/install/px4_msgs/include/px4_msgs/px4_msgs/msg/detail/vehicle_angular_acceleration_setpoint__functions.h\n'}
[1.873221] (px4_msgs) StdoutLine: {'line': b'-- Up-to-date: /home/harsh/ros2_project/install/px4_msgs/include/px4_msgs/px4_msgs/msg/detail/tecs_status__struct.h\n'}
[1.873279] (px4_msgs) StdoutLine: {'line': b'-- Up-to-date: /home/harsh/ros2_project/install/px4_msgs/include/px4_msgs/px4_msgs/msg/detail/vehicle_magnetometer__description.c\n'}
[1.873331] (px4_msgs) StdoutLine: {'line': b'-- Up-to-date: /home/harsh/ros2_project/install/px4_msgs/include/px4_msgs/px4_msgs/msg/detail/system_power__functions.c\n'}
[1.873383] (px4_msgs) StdoutLine: {'line': b'-- Up-to-date: /home/harsh/ros2_project/install/px4_msgs/include/px4_msgs/px4_msgs/msg/detail/wind__type_support.h\n'}
[1.873432] (px4_msgs) StdoutLine: {'line': b'-- Up-to-date: /home/harsh/ros2_project/install/px4_msgs/include/px4_msgs/px4_msgs/msg/detail/estimator_gps_status__functions.c\n'}
[1.873483] (px4_msgs) StdoutLine: {'line': b'-- Up-to-date: /home/harsh/ros2_project/install/px4_msgs/include/px4_msgs/px4_msgs/msg/detail/sensor_mag__functions.h\n'}
[1.873534] (px4_msgs) StdoutLine: {'line': b'-- Up-to-date: /home/harsh/ros2_project/install/px4_msgs/include/px4_msgs/px4_msgs/msg/detail/radio_status__functions.c\n'}
[1.873586] (px4_msgs) StdoutLine: {'line': b'-- Up-to-date: /home/harsh/ros2_project/install/px4_msgs/include/px4_msgs/px4_msgs/msg/detail/vehicle_imu_status__functions.c\n'}
[1.873637] (px4_msgs) StdoutLine: {'line': b'-- Up-to-date: /home/harsh/ros2_project/install/px4_msgs/include/px4_msgs/px4_msgs/msg/detail/system_power__description.c\n'}
[1.873687] (px4_msgs) StdoutLine: {'line': b'-- Installing: /home/harsh/ros2_project/install/px4_msgs/include/px4_msgs/px4_msgs/msg/detail/register_ext_component_request__type_support.c\n'}
[1.873738] (px4_msgs) StdoutLine: {'line': b'-- Installing: /home/harsh/ros2_project/install/px4_msgs/include/px4_msgs/px4_msgs/msg/detail/rc_parameter_map__type_support.c\n'}
[1.873789] (px4_msgs) StdoutLine: {'line': b'-- Up-to-date: /home/harsh/ros2_project/install/px4_msgs/include/px4_msgs/px4_msgs/msg/detail/parameter_set_value_response__struct.h\n'}
[1.873843] (px4_msgs) StdoutLine: {'line': b'-- Up-to-date: /home/harsh/ros2_project/install/px4_msgs/include/px4_msgs/px4_msgs/msg/detail/orbit_status__struct.h\n'}
[1.873898] (px4_msgs) StdoutLine: {'line': b'-- Up-to-date: /home/harsh/ros2_project/install/px4_msgs/include/px4_msgs/px4_msgs/msg/detail/power_button_state__description.c\n'}
[1.873949] (px4_msgs) StdoutLine: {'line': b'-- Installing: /home/harsh/ros2_project/install/px4_msgs/include/px4_msgs/px4_msgs/msg/detail/orb_test_large__type_support.c\n'}
[1.874000] (px4_msgs) StdoutLine: {'line': b'-- Up-to-date: /home/harsh/ros2_project/install/px4_msgs/include/px4_msgs/px4_msgs/msg/detail/register_ext_component_reply__functions.c\n'}
[1.874051] (px4_msgs) StdoutLine: {'line': b'-- Up-to-date: /home/harsh/ros2_project/install/px4_msgs/include/px4_msgs/px4_msgs/msg/detail/tiltrotor_extra_controls__type_support.h\n'}
[1.874102] (px4_msgs) StdoutLine: {'line': b'-- Up-to-date: /home/harsh/ros2_project/install/px4_msgs/include/px4_msgs/px4_msgs/msg/detail/rc_parameter_map__functions.c\n'}
[1.874151] (px4_msgs) StdoutLine: {'line': b'-- Up-to-date: /home/harsh/ros2_project/install/px4_msgs/include/px4_msgs/px4_msgs/msg/detail/estimator_aid_source3d__description.c\n'}
[1.874203] (px4_msgs) StdoutLine: {'line': b'-- Up-to-date: /home/harsh/ros2_project/install/px4_msgs/include/px4_msgs/px4_msgs/msg/detail/mission_result__struct.h\n'}
[1.874259] (px4_msgs) StdoutLine: {'line': b'-- Up-to-date: /home/harsh/ros2_project/install/px4_msgs/include/px4_msgs/px4_msgs/msg/detail/vehicle_angular_velocity__functions.h\n'}
[1.874314] (px4_msgs) StdoutLine: {'line': b'-- Up-to-date: /home/harsh/ros2_project/install/px4_msgs/include/px4_msgs/px4_msgs/msg/detail/navigator_mission_item__functions.h\n'}
[1.874364] (px4_msgs) StdoutLine: {'line': b'-- Up-to-date: /home/harsh/ros2_project/install/px4_msgs/include/px4_msgs/px4_msgs/msg/detail/mission__struct.h\n'}
[1.874416] (px4_msgs) StdoutLine: {'line': b'-- Installing: /home/harsh/ros2_project/install/px4_msgs/include/px4_msgs/px4_msgs/msg/detail/position_controller_status__type_support.c\n'}
[1.874469] (px4_msgs) StdoutLine: {'line': b'-- Up-to-date: /home/harsh/ros2_project/install/px4_msgs/include/px4_msgs/px4_msgs/msg/detail/estimator_bias3d__functions.c\n'}
[1.874520] (px4_msgs) StdoutLine: {'line': b'-- Up-to-date: /home/harsh/ros2_project/install/px4_msgs/include/px4_msgs/px4_msgs/msg/detail/vehicle_trajectory_waypoint__type_support.h\n'}
[1.874573] (px4_msgs) StdoutLine: {'line': b'-- Installing: /home/harsh/ros2_project/install/px4_msgs/include/px4_msgs/px4_msgs/msg/detail/autotune_attitude_control_status__type_support.c\n'}
[1.874624] (px4_msgs) StdoutLine: {'line': b'-- Installing: /home/harsh/ros2_project/install/px4_msgs/include/px4_msgs/px4_msgs/msg/detail/estimator_aid_source3d__type_support.c\n'}
[1.874676] (px4_msgs) StdoutLine: {'line': b'-- Up-to-date: /home/harsh/ros2_project/install/px4_msgs/include/px4_msgs/px4_msgs/msg/detail/task_stack_info__functions.c\n'}
[1.874726] (px4_msgs) StdoutLine: {'line': b'-- Up-to-date: /home/harsh/ros2_project/install/px4_msgs/include/px4_msgs/px4_msgs/msg/detail/sensor_gyro_fft__struct.h\n'}
[1.874778] (px4_msgs) StdoutLine: {'line': b'-- Up-to-date: /home/harsh/ros2_project/install/px4_msgs/include/px4_msgs/px4_msgs/msg/detail/vehicle_roi__struct.h\n'}
[1.874828] (px4_msgs) StdoutLine: {'line': b'-- Up-to-date: /home/harsh/ros2_project/install/px4_msgs/include/px4_msgs/px4_msgs/msg/detail/vehicle_local_position_setpoint__type_support.h\n'}
[1.874880] (px4_msgs) StdoutLine: {'line': b'-- Up-to-date: /home/harsh/ros2_project/install/px4_msgs/include/px4_msgs/px4_msgs/msg/detail/register_ext_component_request__description.c\n'}
[1.874934] (px4_msgs) StdoutLine: {'line': b'-- Up-to-date: /home/harsh/ros2_project/install/px4_msgs/include/px4_msgs/px4_msgs/msg/detail/takeoff_status__struct.h\n'}
[1.874984] (px4_msgs) StdoutLine: {'line': b'-- Up-to-date: /home/harsh/ros2_project/install/px4_msgs/include/px4_msgs/px4_msgs/msg/detail/vehicle_local_position__type_support.h\n'}
[1.875036] (px4_msgs) StdoutLine: {'line': b'-- Up-to-date: /home/harsh/ros2_project/install/px4_msgs/include/px4_msgs/px4_msgs/msg/detail/distance_sensor__type_support.h\n'}
[1.875090] (px4_msgs) StdoutLine: {'line': b'-- Up-to-date: /home/harsh/ros2_project/install/px4_msgs/include/px4_msgs/px4_msgs/msg/detail/orb_test_large__type_support.h\n'}
[1.875143] (px4_msgs) StdoutLine: {'line': b'-- Installing: /home/harsh/ros2_project/install/px4_msgs/include/px4_msgs/px4_msgs/msg/detail/collision_constraints__type_support.c\n'}
[1.875198] (px4_msgs) StdoutLine: {'line': b'-- Up-to-date: /home/harsh/ros2_project/install/px4_msgs/include/px4_msgs/px4_msgs/msg/detail/onboard_computer_status__struct.h\n'}
[1.875261] (px4_msgs) StdoutLine: {'line': b'-- Up-to-date: /home/harsh/ros2_project/install/px4_msgs/include/px4_msgs/px4_msgs/msg/detail/tecs_status__description.c\n'}
[1.875319] (px4_msgs) StdoutLine: {'line': b'-- Installing: /home/harsh/ros2_project/install/px4_msgs/include/px4_msgs/px4_msgs/msg/detail/gpio_request__type_support.c\n'}
[1.875373] (px4_msgs) StdoutLine: {'line': b'-- Up-to-date: /home/harsh/ros2_project/install/px4_msgs/include/px4_msgs/px4_msgs/msg/detail/normalized_unsigned_setpoint__functions.c\n'}
[1.875433] (px4_msgs) StdoutLine: {'line': b'-- Up-to-date: /home/harsh/ros2_project/install/px4_msgs/include/px4_msgs/px4_msgs/msg/detail/trajectory_bezier__type_support.h\n'}
[1.875490] (px4_msgs) StdoutLine: {'line': b'-- Up-to-date: /home/harsh/ros2_project/install/px4_msgs/include/px4_msgs/px4_msgs/msg/detail/arming_check_reply__functions.h\n'}
[1.875550] (px4_msgs) StdoutLine: {'line': b'-- Up-to-date: /home/harsh/ros2_project/install/px4_msgs/include/px4_msgs/px4_msgs/msg/detail/distance_sensor__functions.h\n'}
[1.875611] (px4_msgs) StdoutLine: {'line': b'-- Up-to-date: /home/harsh/ros2_project/install/px4_msgs/include/px4_msgs/px4_msgs/msg/detail/gimbal_manager_information__struct.h\n'}
[1.875666] (px4_msgs) StdoutLine: {'line': b'-- Installing: /home/harsh/ros2_project/install/px4_msgs/include/px4_msgs/px4_msgs/msg/detail/onboard_computer_status__type_support.c\n'}
[1.875721] (px4_msgs) StdoutLine: {'line': b'-- Up-to-date: /home/harsh/ros2_project/install/px4_msgs/include/px4_msgs/px4_msgs/msg/detail/npfg_status__struct.h\n'}
[1.875774] (px4_msgs) StdoutLine: {'line': b'-- Up-to-date: /home/harsh/ros2_project/install/px4_msgs/include/px4_msgs/px4_msgs/msg/detail/vtol_vehicle_status__struct.h\n'}
[1.875827] (px4_msgs) StdoutLine: {'line': b'-- Up-to-date: /home/harsh/ros2_project/install/px4_msgs/include/px4_msgs/px4_msgs/msg/detail/vehicle_rates_setpoint__struct.h\n'}
[1.875879] (px4_msgs) StdoutLine: {'line': b'-- Up-to-date: /home/harsh/ros2_project/install/px4_msgs/include/px4_msgs/px4_msgs/msg/detail/actuator_outputs__functions.c\n'}
[1.875933] (px4_msgs) StdoutLine: {'line': b'-- Installing: /home/harsh/ros2_project/install/px4_msgs/include/px4_msgs/px4_msgs/msg/detail/estimator_sensor_bias__type_support.c\n'}
[1.875990] (px4_msgs) StdoutLine: {'line': b'-- Up-to-date: /home/harsh/ros2_project/install/px4_msgs/include/px4_msgs/px4_msgs/msg/detail/gimbal_manager_set_manual_control__functions.h\n'}
[1.876057] (px4_msgs) StdoutLine: {'line': b'-- Up-to-date: /home/harsh/ros2_project/install/px4_msgs/include/px4_msgs/px4_msgs/msg/detail/vehicle_command_ack__struct.h\n'}
[1.876111] (px4_msgs) StdoutLine: {'line': b'-- Up-to-date: /home/harsh/ros2_project/install/px4_msgs/include/px4_msgs/px4_msgs/msg/detail/estimator_status__type_support.h\n'}
[1.876168] (px4_msgs) StdoutLine: {'line': b'-- Installing: /home/harsh/ros2_project/install/px4_msgs/include/px4_msgs/px4_msgs/msg/detail/debug_vect__type_support.c\n'}
[1.876222] (px4_msgs) StdoutLine: {'line': b'-- Installing: /home/harsh/ros2_project/install/px4_msgs/include/px4_msgs/px4_msgs/msg/detail/action_request__type_support.c\n'}
[1.876287] (px4_msgs) StdoutLine: {'line': b'-- Up-to-date: /home/harsh/ros2_project/install/px4_msgs/include/px4_msgs/px4_msgs/msg/detail/airspeed_wind__struct.h\n'}
[1.876345] (px4_msgs) StdoutLine: {'line': b'-- Up-to-date: /home/harsh/ros2_project/install/px4_msgs/include/px4_msgs/px4_msgs/msg/detail/sensor_airflow__functions.h\n'}
[1.876402] (px4_msgs) StdoutLine: {'line': b'-- Up-to-date: /home/harsh/ros2_project/install/px4_msgs/include/px4_msgs/px4_msgs/msg/detail/log_message__description.c\n'}
[1.876455] (px4_msgs) StdoutLine: {'line': b'-- Up-to-date: /home/harsh/ros2_project/install/px4_msgs/include/px4_msgs/px4_msgs/msg/detail/arming_check_request__struct.h\n'}
[1.876513] (px4_msgs) StdoutLine: {'line': b'-- Up-to-date: /home/harsh/ros2_project/install/px4_msgs/include/px4_msgs/px4_msgs/msg/detail/mode_completed__struct.h\n'}
[1.876567] (px4_msgs) StdoutLine: {'line': b'-- Up-to-date: /home/harsh/ros2_project/install/px4_msgs/include/px4_msgs/px4_msgs/msg/detail/actuator_outputs__functions.h\n'}
[1.876617] (px4_msgs) StdoutLine: {'line': b'-- Installing: /home/harsh/ros2_project/install/px4_msgs/include/px4_msgs/px4_msgs/msg/detail/estimator_bias__type_support.c\n'}
[1.876675] (px4_msgs) StdoutLine: {'line': b'-- Up-to-date: /home/harsh/ros2_project/install/px4_msgs/include/px4_msgs/px4_msgs/msg/detail/vehicle_trajectory_waypoint__struct.h\n'}
[1.876730] (px4_msgs) StdoutLine: {'line': b'-- Up-to-date: /home/harsh/ros2_project/install/px4_msgs/include/px4_msgs/px4_msgs/msg/detail/uavcan_parameter_request__type_support.h\n'}
[1.876785] (px4_msgs) StdoutLine: {'line': b'-- Up-to-date: /home/harsh/ros2_project/install/px4_msgs/include/px4_msgs/px4_msgs/msg/detail/estimator_aid_source3d__struct.h\n'}
[1.876841] (px4_msgs) StdoutLine: {'line': b'-- Up-to-date: /home/harsh/ros2_project/install/px4_msgs/include/px4_msgs/px4_msgs/msg/detail/vehicle_local_position__description.c\n'}
[1.876900] (px4_msgs) StdoutLine: {'line': b'-- Up-to-date: /home/harsh/ros2_project/install/px4_msgs/include/px4_msgs/px4_msgs/msg/detail/vehicle_control_mode__type_support.h\n'}
[1.876951] (px4_msgs) StdoutLine: {'line': b'-- Installing: /home/harsh/ros2_project/install/px4_msgs/include/px4_msgs/px4_msgs/msg/detail/sensor_gnss_relative__type_support.c\n'}
[1.877004] (px4_msgs) StdoutLine: {'line': b'-- Up-to-date: /home/harsh/ros2_project/install/px4_msgs/include/px4_msgs/px4_msgs/msg/detail/airspeed_validated__type_support.h\n'}
[1.877057] (px4_msgs) StdoutLine: {'line': b'-- Up-to-date: /home/harsh/ros2_project/install/px4_msgs/include/px4_msgs/px4_msgs/msg/detail/landing_target_pose__type_support.h\n'}
[1.877114] (px4_msgs) StdoutLine: {'line': b'-- Up-to-date: /home/harsh/ros2_project/install/px4_msgs/include/px4_msgs/px4_msgs/msg/detail/actuator_controls_status__struct.h\n'}
[1.877167] (px4_msgs) StdoutLine: {'line': b'-- Up-to-date: /home/harsh/ros2_project/install/px4_msgs/include/px4_msgs/px4_msgs/msg/detail/button_event__functions.c\n'}
[1.877219] (px4_msgs) StdoutLine: {'line': b'-- Up-to-date: /home/harsh/ros2_project/install/px4_msgs/include/px4_msgs/px4_msgs/msg/detail/action_request__struct.h\n'}
[1.877285] (px4_msgs) StdoutLine: {'line': b'-- Up-to-date: /home/harsh/ros2_project/install/px4_msgs/include/px4_msgs/px4_msgs/msg/detail/gimbal_device_set_attitude__functions.h\n'}
[1.877341] (px4_msgs) StdoutLine: {'line': b'-- Installing: /home/harsh/ros2_project/install/px4_msgs/include/px4_msgs/px4_msgs/msg/detail/parameter_set_value_response__type_support.c\n'}
[1.877399] (px4_msgs) StdoutLine: {'line': b'-- Up-to-date: /home/harsh/ros2_project/install/px4_msgs/include/px4_msgs/px4_msgs/msg/detail/collision_report__type_support.h\n'}
[1.877454] (px4_msgs) StdoutLine: {'line': b'-- Up-to-date: /home/harsh/ros2_project/install/px4_msgs/include/px4_msgs/px4_msgs/msg/detail/camera_status__type_support.h\n'}
[1.877509] (px4_msgs) StdoutLine: {'line': b'-- Up-to-date: /home/harsh/ros2_project/install/px4_msgs/include/px4_msgs/px4_msgs/msg/detail/control_allocator_status__type_support.h\n'}
[1.877560] (px4_msgs) StdoutLine: {'line': b'-- Up-to-date: /home/harsh/ros2_project/install/px4_msgs/include/px4_msgs/px4_msgs/msg/detail/irlock_report__description.c\n'}
[1.877613] (px4_msgs) StdoutLine: {'line': b'-- Up-to-date: /home/harsh/ros2_project/install/px4_msgs/include/px4_msgs/px4_msgs/msg/detail/home_position__struct.h\n'}
[1.877666] (px4_msgs) StdoutLine: {'line': b'-- Up-to-date: /home/harsh/ros2_project/install/px4_msgs/include/px4_msgs/px4_msgs/msg/detail/ekf2_timestamps__functions.h\n'}
[1.877723] (px4_msgs) StdoutLine: {'line': b'-- Up-to-date: /home/harsh/ros2_project/install/px4_msgs/include/px4_msgs/px4_msgs/msg/detail/position_controller_status__type_support.h\n'}
[1.877778] (px4_msgs) StdoutLine: {'line': b'-- Up-to-date: /home/harsh/ros2_project/install/px4_msgs/include/px4_msgs/px4_msgs/msg/detail/ping__functions.c\n'}
[1.877836] (px4_msgs) StdoutLine: {'line': b'-- Up-to-date: /home/harsh/ros2_project/install/px4_msgs/include/px4_msgs/px4_msgs/msg/detail/estimator_aid_source1d__type_support.h\n'}
[1.877892] (px4_msgs) StdoutLine: {'line': b'-- Up-to-date: /home/harsh/ros2_project/install/px4_msgs/include/px4_msgs/px4_msgs/msg/detail/estimator_selector_status__description.c\n'}
[1.877944] (px4_msgs) StdoutLine: {'line': b'-- Up-to-date: /home/harsh/ros2_project/install/px4_msgs/include/px4_msgs/px4_msgs/msg/detail/dataman_response__functions.h\n'}
[1.878001] (px4_msgs) StdoutLine: {'line': b'-- Up-to-date: /home/harsh/ros2_project/install/px4_msgs/include/px4_msgs/px4_msgs/msg/detail/estimator_aid_source3d__functions.h\n'}
[1.878056] (px4_msgs) StdoutLine: {'line': b'-- Installing: /home/harsh/ros2_project/install/px4_msgs/include/px4_msgs/px4_msgs/msg/detail/sensor_baro__type_support.c\n'}
[1.878110] (px4_msgs) StdoutLine: {'line': b'-- Up-to-date: /home/harsh/ros2_project/install/px4_msgs/include/px4_msgs/px4_msgs/msg/detail/wind__functions.c\n'}
[1.878173] (px4_msgs) StdoutLine: {'line': b'-- Installing: /home/harsh/ros2_project/install/px4_msgs/include/px4_msgs/px4_msgs/msg/detail/internal_combustion_engine_status__type_support.c\n'}
[1.878228] (px4_msgs) StdoutLine: {'line': b'-- Up-to-date: /home/harsh/ros2_project/install/px4_msgs/include/px4_msgs/px4_msgs/msg/detail/actuator_armed__struct.h\n'}
[1.878295] (px4_msgs) StdoutLine: {'line': b'-- Up-to-date: /home/harsh/ros2_project/install/px4_msgs/include/px4_msgs/px4_msgs/msg/detail/radio_status__functions.h\n'}
[1.878348] (px4_msgs) StdoutLine: {'line': b'-- Installing: /home/harsh/ros2_project/install/px4_msgs/include/px4_msgs/px4_msgs/msg/detail/rc_channels__type_support.c\n'}
[1.878402] (px4_msgs) StdoutLine: {'line': b'-- Up-to-date: /home/harsh/ros2_project/install/px4_msgs/include/px4_msgs/px4_msgs/msg/detail/cellular_status__type_support.h\n'}
[1.878456] (px4_msgs) StdoutLine: {'line': b'-- Up-to-date: /home/harsh/ros2_project/install/px4_msgs/include/px4_msgs/px4_msgs/msg/detail/collision_constraints__struct.h\n'}
[1.878505] (px4_msgs) StdoutLine: {'line': b'-- Up-to-date: /home/harsh/ros2_project/install/px4_msgs/include/px4_msgs/px4_msgs/msg/detail/figure_eight_status__struct.h\n'}
[1.878558] (px4_msgs) StdoutLine: {'line': b'-- Up-to-date: /home/harsh/ros2_project/install/px4_msgs/include/px4_msgs/px4_msgs/msg/detail/collision_constraints__functions.c\n'}
[1.878612] (px4_msgs) StdoutLine: {'line': b'-- Up-to-date: /home/harsh/ros2_project/install/px4_msgs/include/px4_msgs/px4_msgs/msg/detail/qshell_retval__type_support.h\n'}
[1.878667] (px4_msgs) StdoutLine: {'line': b'-- Up-to-date: /home/harsh/ros2_project/install/px4_msgs/include/px4_msgs/px4_msgs/msg/detail/vehicle_local_position_setpoint__functions.c\n'}
[1.878719] (px4_msgs) StdoutLine: {'line': b'-- Up-to-date: /home/harsh/ros2_project/install/px4_msgs/include/px4_msgs/px4_msgs/msg/detail/estimator_status_flags__description.c\n'}
[1.878779] (px4_msgs) StdoutLine: {'line': b'-- Up-to-date: /home/harsh/ros2_project/install/px4_msgs/include/px4_msgs/px4_msgs/msg/detail/debug_vect__functions.h\n'}
[1.878835] (px4_msgs) StdoutLine: {'line': b'-- Up-to-date: /home/harsh/ros2_project/install/px4_msgs/include/px4_msgs/px4_msgs/msg/detail/camera_status__functions.h\n'}
[1.878887] (px4_msgs) StdoutLine: {'line': b'-- Up-to-date: /home/harsh/ros2_project/install/px4_msgs/include/px4_msgs/px4_msgs/msg/detail/gimbal_manager_status__description.c\n'}
[1.878941] (px4_msgs) StdoutLine: {'line': b'-- Up-to-date: /home/harsh/ros2_project/install/px4_msgs/include/px4_msgs/px4_msgs/msg/detail/control_allocator_status__functions.h\n'}
[1.878995] (px4_msgs) StdoutLine: {'line': b'-- Up-to-date: /home/harsh/ros2_project/install/px4_msgs/include/px4_msgs/px4_msgs/msg/detail/vehicle_angular_velocity__type_support.h\n'}
[1.879048] (px4_msgs) StdoutLine: {'line': b'-- Up-to-date: /home/harsh/ros2_project/install/px4_msgs/include/px4_msgs/px4_msgs/msg/detail/iridiumsbd_status__functions.h\n'}
[1.879102] (px4_msgs) StdoutLine: {'line': b'-- Up-to-date: /home/harsh/ros2_project/install/px4_msgs/include/px4_msgs/px4_msgs/msg/detail/follow_target_status__functions.c\n'}
[1.879165] (px4_msgs) StdoutLine: {'line': b'-- Up-to-date: /home/harsh/ros2_project/install/px4_msgs/include/px4_msgs/px4_msgs/msg/detail/mission__functions.c\n'}
[1.879219] (px4_msgs) StdoutLine: {'line': b'-- Up-to-date: /home/harsh/ros2_project/install/px4_msgs/include/px4_msgs/px4_msgs/msg/detail/mount_orientation__functions.h\n'}
[1.879296] (px4_msgs) StdoutLine: {'line': b'-- Up-to-date: /home/harsh/ros2_project/install/px4_msgs/include/px4_msgs/px4_msgs/msg/detail/camera_status__struct.h\n'}
[1.879359] (px4_msgs) StdoutLine: {'line': b'-- Up-to-date: /home/harsh/ros2_project/install/px4_msgs/include/px4_msgs/px4_msgs/msg/detail/internal_combustion_engine_status__functions.h\n'}
[1.879423] (px4_msgs) StdoutLine: {'line': b'-- Up-to-date: /home/harsh/ros2_project/install/px4_msgs/include/px4_msgs/px4_msgs/msg/detail/debug_key_value__functions.h\n'}
[1.879511] (px4_msgs) StdoutLine: {'line': b'-- Up-to-date: /home/harsh/ros2_project/install/px4_msgs/include/px4_msgs/px4_msgs/msg/detail/rc_parameter_map__description.c\n'}
[1.879576] (px4_msgs) StdoutLine: {'line': b'-- Up-to-date: /home/harsh/ros2_project/install/px4_msgs/include/px4_msgs/px4_msgs/msg/detail/power_monitor__type_support.h\n'}
[1.879635] (px4_msgs) StdoutLine: {'line': b'-- Up-to-date: /home/harsh/ros2_project/install/px4_msgs/include/px4_msgs/px4_msgs/msg/detail/sensor_optical_flow__struct.h\n'}
[1.879692] (px4_msgs) StdoutLine: {'line': b'-- Up-to-date: /home/harsh/ros2_project/install/px4_msgs/include/px4_msgs/px4_msgs/msg/detail/debug_array__struct.h\n'}
[1.879750] (px4_msgs) StdoutLine: {'line': b'-- Up-to-date: /home/harsh/ros2_project/install/px4_msgs/include/px4_msgs/px4_msgs/msg/detail/button_event__functions.h\n'}
[1.879816] (px4_msgs) StdoutLine: {'line': b'-- Up-to-date: /home/harsh/ros2_project/install/px4_msgs/include/px4_msgs/px4_msgs/msg/detail/sensor_selection__type_support.h\n'}
[1.879876] (px4_msgs) StdoutLine: {'line': b'-- Up-to-date: /home/harsh/ros2_project/install/px4_msgs/include/px4_msgs/px4_msgs/msg/detail/ulog_stream_ack__type_support.h\n'}
[1.879933] (px4_msgs) StdoutLine: {'line': b'-- Up-to-date: /home/harsh/ros2_project/install/px4_msgs/include/px4_msgs/px4_msgs/msg/detail/sensor_preflight_mag__functions.c\n'}
[1.879992] (px4_msgs) StdoutLine: {'line': b'-- Up-to-date: /home/harsh/ros2_project/install/px4_msgs/include/px4_msgs/px4_msgs/msg/detail/vehicle_rates_setpoint__type_support.h\n'}
[1.880046] (px4_msgs) StdoutLine: {'line': b'-- Up-to-date: /home/harsh/ros2_project/install/px4_msgs/include/px4_msgs/px4_msgs/msg/detail/input_rc__type_support.h\n'}
[1.880105] (px4_msgs) StdoutLine: {'line': b'-- Up-to-date: /home/harsh/ros2_project/install/px4_msgs/include/px4_msgs/px4_msgs/msg/detail/cellular_status__functions.c\n'}
[1.880159] (px4_msgs) StdoutLine: {'line': b'-- Up-to-date: /home/harsh/ros2_project/install/px4_msgs/include/px4_msgs/px4_msgs/msg/detail/vehicle_imu_status__type_support.h\n'}
[1.880214] (px4_msgs) StdoutLine: {'line': b'-- Up-to-date: /home/harsh/ros2_project/install/px4_msgs/include/px4_msgs/px4_msgs/msg/detail/orb_test_large__description.c\n'}
[1.880289] (px4_msgs) StdoutLine: {'line': b'-- Up-to-date: /home/harsh/ros2_project/install/px4_msgs/include/px4_msgs/px4_msgs/msg/detail/parameter_set_value_request__functions.h\n'}
[1.880347] (px4_msgs) StdoutLine: {'line': b'-- Up-to-date: /home/harsh/ros2_project/install/px4_msgs/include/px4_msgs/px4_msgs/msg/detail/manual_control_switches__description.c\n'}
[1.880403] (px4_msgs) StdoutLine: {'line': b'-- Up-to-date: /home/harsh/ros2_project/install/px4_msgs/include/px4_msgs/px4_msgs/msg/detail/camera_trigger__functions.h\n'}
[1.880460] (px4_msgs) StdoutLine: {'line': b'-- Up-to-date: /home/harsh/ros2_project/install/px4_msgs/include/px4_msgs/px4_msgs/msg/detail/follow_target_estimator__struct.h\n'}
[1.880518] (px4_msgs) StdoutLine: {'line': b'-- Up-to-date: /home/harsh/ros2_project/install/px4_msgs/include/px4_msgs/px4_msgs/msg/detail/mode_completed__functions.c\n'}
[1.880582] (px4_msgs) StdoutLine: {'line': b'-- Up-to-date: /home/harsh/ros2_project/install/px4_msgs/include/px4_msgs/px4_msgs/msg/detail/vehicle_local_position_setpoint__description.c\n'}
[1.880638] (px4_msgs) StdoutLine: {'line': b'-- Up-to-date: /home/harsh/ros2_project/install/px4_msgs/include/px4_msgs/px4_msgs/msg/detail/radio_status__description.c\n'}
[1.880693] (px4_msgs) StdoutLine: {'line': b'-- Installing: /home/harsh/ros2_project/install/px4_msgs/include/px4_msgs/px4_msgs/msg/detail/differential_drive_setpoint__type_support.c\n'}
[1.880748] (px4_msgs) StdoutLine: {'line': b'-- Up-to-date: /home/harsh/ros2_project/install/px4_msgs/include/px4_msgs/px4_msgs/msg/detail/vehicle_thrust_setpoint__type_support.h\n'}
[1.880806] (px4_msgs) StdoutLine: {'line': b'-- Up-to-date: /home/harsh/ros2_project/install/px4_msgs/include/px4_msgs/px4_msgs/msg/detail/satellite_info__description.c\n'}
[1.880858] (px4_msgs) StdoutLine: {'line': b'-- Up-to-date: /home/harsh/ros2_project/install/px4_msgs/include/px4_msgs/px4_msgs/msg/detail/estimator_states__functions.h\n'}
[1.880920] (px4_msgs) StdoutLine: {'line': b'-- Up-to-date: /home/harsh/ros2_project/install/px4_msgs/include/px4_msgs/px4_msgs/msg/detail/sensor_gyro_fifo__struct.h\n'}
[1.880976] (px4_msgs) StdoutLine: {'line': b'-- Up-to-date: /home/harsh/ros2_project/install/px4_msgs/include/px4_msgs/px4_msgs/msg/detail/uavcan_parameter_request__functions.c\n'}
[1.881029] (px4_msgs) StdoutLine: {'line': b'-- Up-to-date: /home/harsh/ros2_project/install/px4_msgs/include/px4_msgs/px4_msgs/msg/detail/sensor_airflow__description.c\n'}
[1.881080] (px4_msgs) StdoutLine: {'line': b'-- Installing: /home/harsh/ros2_project/install/px4_msgs/include/px4_msgs/px4_msgs/msg/detail/transponder_report__type_support.c\n'}
[1.881141] (px4_msgs) StdoutLine: {'line': b'-- Up-to-date: /home/harsh/ros2_project/install/px4_msgs/include/px4_msgs/px4_msgs/msg/detail/flight_phase_estimation__functions.c\n'}
[1.881195] (px4_msgs) StdoutLine: {'line': b'-- Up-to-date: /home/harsh/ros2_project/install/px4_msgs/include/px4_msgs/px4_msgs/msg/detail/wheel_encoders__description.c\n'}
[1.881266] (px4_msgs) StdoutLine: {'line': b'-- Up-to-date: /home/harsh/ros2_project/install/px4_msgs/include/px4_msgs/px4_msgs/msg/detail/parameter_update__description.c\n'}
[1.881321] (px4_msgs) StdoutLine: {'line': b'-- Up-to-date: /home/harsh/ros2_project/install/px4_msgs/include/px4_msgs/px4_msgs/msg/detail/arming_check_request__type_support.h\n'}
[1.881374] (px4_msgs) StdoutLine: {'line': b'-- Up-to-date: /home/harsh/ros2_project/install/px4_msgs/include/px4_msgs/px4_msgs/msg/detail/tecs_status__functions.h\n'}
[1.881426] (px4_msgs) StdoutLine: {'line': b'-- Up-to-date: /home/harsh/ros2_project/install/px4_msgs/include/px4_msgs/px4_msgs/msg/detail/position_setpoint_triplet__functions.c\n'}
[1.881478] (px4_msgs) StdoutLine: {'line': b'-- Up-to-date: /home/harsh/ros2_project/install/px4_msgs/include/px4_msgs/px4_msgs/msg/detail/differential_pressure__description.c\n'}
[1.881529] (px4_msgs) StdoutLine: {'line': b'-- Up-to-date: /home/harsh/ros2_project/install/px4_msgs/include/px4_msgs/px4_msgs/msg/detail/vehicle_local_position__struct.h\n'}
[1.881581] (px4_msgs) StdoutLine: {'line': b'-- Up-to-date: /home/harsh/ros2_project/install/px4_msgs/include/px4_msgs/px4_msgs/msg/detail/sensor_baro__functions.h\n'}
[1.881631] (px4_msgs) StdoutLine: {'line': b'-- Up-to-date: /home/harsh/ros2_project/install/px4_msgs/include/px4_msgs/px4_msgs/msg/detail/log_message__struct.h\n'}
[1.881683] (px4_msgs) StdoutLine: {'line': b'-- Up-to-date: /home/harsh/ros2_project/install/px4_msgs/include/px4_msgs/px4_msgs/msg/detail/debug_vect__struct.h\n'}
[1.881737] (px4_msgs) StdoutLine: {'line': b'-- Up-to-date: /home/harsh/ros2_project/install/px4_msgs/include/px4_msgs/px4_msgs/msg/detail/buffer128__functions.h\n'}
[1.881788] (px4_msgs) StdoutLine: {'line': b'-- Up-to-date: /home/harsh/ros2_project/install/px4_msgs/include/px4_msgs/px4_msgs/msg/detail/estimator_status_flags__type_support.h\n'}
[1.881838] (px4_msgs) StdoutLine: {'line': b'-- Up-to-date: /home/harsh/ros2_project/install/px4_msgs/include/px4_msgs/px4_msgs/msg/detail/gimbal_manager_information__type_support.h\n'}
[1.881890] (px4_msgs) StdoutLine: {'line': b'-- Up-to-date: /home/harsh/ros2_project/install/px4_msgs/include/px4_msgs/px4_msgs/msg/detail/vehicle_roi__description.c\n'}
[1.881942] (px4_msgs) StdoutLine: {'line': b'-- Up-to-date: /home/harsh/ros2_project/install/px4_msgs/include/px4_msgs/px4_msgs/msg/detail/timesync_status__description.c\n'}
[1.881992] (px4_msgs) StdoutLine: {'line': b'-- Up-to-date: /home/harsh/ros2_project/install/px4_msgs/include/px4_msgs/px4_msgs/msg/detail/sensor_optical_flow__functions.c\n'}
[1.882042] (px4_msgs) StdoutLine: {'line': b'-- Up-to-date: /home/harsh/ros2_project/install/px4_msgs/include/px4_msgs/px4_msgs/msg/detail/follow_target_status__description.c\n'}
[1.882092] (px4_msgs) StdoutLine: {'line': b'-- Up-to-date: /home/harsh/ros2_project/install/px4_msgs/include/px4_msgs/px4_msgs/msg/detail/radio_status__type_support.h\n'}
[1.882149] (px4_msgs) StdoutLine: {'line': b'-- Up-to-date: /home/harsh/ros2_project/install/px4_msgs/include/px4_msgs/px4_msgs/msg/detail/tecs_status__functions.c\n'}
[1.882204] (px4_msgs) StdoutLine: {'line': b'-- Up-to-date: /home/harsh/ros2_project/install/px4_msgs/include/px4_msgs/px4_msgs/msg/detail/gimbal_manager_status__struct.h\n'}
[1.882267] (px4_msgs) StdoutLine: {'line': b'-- Up-to-date: /home/harsh/ros2_project/install/px4_msgs/include/px4_msgs/px4_msgs/msg/detail/rtl_status__functions.c\n'}
[1.882322] (px4_msgs) StdoutLine: {'line': b'-- Up-to-date: /home/harsh/ros2_project/install/px4_msgs/include/px4_msgs/px4_msgs/msg/detail/flight_phase_estimation__type_support.h\n'}
[1.882376] (px4_msgs) StdoutLine: {'line': b'-- Up-to-date: /home/harsh/ros2_project/install/px4_msgs/include/px4_msgs/px4_msgs/msg/detail/vtol_vehicle_status__type_support.h\n'}
[1.882430] (px4_msgs) StdoutLine: {'line': b'-- Up-to-date: /home/harsh/ros2_project/install/px4_msgs/include/px4_msgs/px4_msgs/msg/detail/telemetry_status__functions.h\n'}
[1.882482] (px4_msgs) StdoutLine: {'line': b'-- Up-to-date: /home/harsh/ros2_project/install/px4_msgs/include/px4_msgs/px4_msgs/msg/detail/manual_control_setpoint__description.c\n'}
[1.882535] (px4_msgs) StdoutLine: {'line': b'-- Up-to-date: /home/harsh/ros2_project/install/px4_msgs/include/px4_msgs/px4_msgs/msg/detail/action_request__type_support.h\n'}
[1.882590] (px4_msgs) StdoutLine: {'line': b'-- Up-to-date: /home/harsh/ros2_project/install/px4_msgs/include/px4_msgs/px4_msgs/msg/detail/config_overrides__description.c\n'}
[1.882641] (px4_msgs) StdoutLine: {'line': b'-- Up-to-date: /home/harsh/ros2_project/install/px4_msgs/include/px4_msgs/px4_msgs/msg/detail/figure_eight_status__functions.h\n'}
[1.882690] (px4_msgs) StdoutLine: {'line': b'-- Up-to-date: /home/harsh/ros2_project/install/px4_msgs/include/px4_msgs/px4_msgs/msg/detail/velocity_limits__functions.h\n'}
[1.882742] (px4_msgs) StdoutLine: {'line': b'-- Up-to-date: /home/harsh/ros2_project/install/px4_msgs/include/px4_msgs/px4_msgs/msg/detail/actuator_servos_trim__struct.h\n'}
[1.882796] (px4_msgs) StdoutLine: {'line': b'-- Up-to-date: /home/harsh/ros2_project/install/px4_msgs/include/px4_msgs/px4_msgs/msg/detail/sensor_gyro_fifo__functions.c\n'}
[1.882867] (px4_msgs) StdoutLine: {'line': b'-- Installing: /home/harsh/ros2_project/install/px4_msgs/include/px4_msgs/px4_msgs/msg/detail/landing_gear_wheel__type_support.c\n'}
[1.882920] (px4_msgs) StdoutLine: {'line': b'-- Up-to-date: /home/harsh/ros2_project/install/px4_msgs/include/px4_msgs/px4_msgs/msg/detail/gimbal_controls__struct.h\n'}
[1.882974] (px4_msgs) StdoutLine: {'line': b'-- Up-to-date: /home/harsh/ros2_project/install/px4_msgs/include/px4_msgs/px4_msgs/msg/detail/gps_inject_data__functions.h\n'}
[1.883031] (px4_msgs) StdoutLine: {'line': b'-- Up-to-date: /home/harsh/ros2_project/install/px4_msgs/include/px4_msgs/px4_msgs/msg/detail/position_controller_status__struct.h\n'}
[1.883085] (px4_msgs) StdoutLine: {'line': b'-- Installing: /home/harsh/ros2_project/install/px4_msgs/include/px4_msgs/px4_msgs/msg/detail/sensors_status__type_support.c\n'}
[1.883159] (px4_msgs) StdoutLine: {'line': b'-- Up-to-date: /home/harsh/ros2_project/install/px4_msgs/include/px4_msgs/px4_msgs/msg/detail/gpio_out__struct.h\n'}
[1.883217] (px4_msgs) StdoutLine: {'line': b'-- Up-to-date: /home/harsh/ros2_project/install/px4_msgs/include/px4_msgs/px4_msgs/msg/detail/config_overrides__functions.c\n'}
[1.883283] (px4_msgs) StdoutLine: {'line': b'-- Up-to-date: /home/harsh/ros2_project/install/px4_msgs/include/px4_msgs/px4_msgs/msg/detail/vehicle_imu_status__description.c\n'}
[1.883337] (px4_msgs) StdoutLine: {'line': b'-- Up-to-date: /home/harsh/ros2_project/install/px4_msgs/include/px4_msgs/px4_msgs/msg/detail/landing_target_pose__functions.c\n'}
[1.883390] (px4_msgs) StdoutLine: {'line': b'-- Up-to-date: /home/harsh/ros2_project/install/px4_msgs/include/px4_msgs/px4_msgs/msg/detail/sensor_accel_fifo__type_support.h\n'}
[1.883444] (px4_msgs) StdoutLine: {'line': b'-- Up-to-date: /home/harsh/ros2_project/install/px4_msgs/include/px4_msgs/px4_msgs/msg/detail/gimbal_manager_set_attitude__type_support.h\n'}
[1.883503] (px4_msgs) StdoutLine: {'line': b'-- Up-to-date: /home/harsh/ros2_project/install/px4_msgs/include/px4_msgs/px4_msgs/msg/detail/logger_status__functions.h\n'}
[1.883568] (px4_msgs) StdoutLine: {'line': b'-- Up-to-date: /home/harsh/ros2_project/install/px4_msgs/include/px4_msgs/px4_msgs/msg/detail/telemetry_status__struct.h\n'}
[1.883636] (px4_msgs) StdoutLine: {'line': b'-- Up-to-date: /home/harsh/ros2_project/install/px4_msgs/include/px4_msgs/px4_msgs/msg/detail/actuator_outputs__description.c\n'}
[1.883705] (px4_msgs) StdoutLine: {'line': b'-- Up-to-date: /home/harsh/ros2_project/install/px4_msgs/include/px4_msgs/px4_msgs/msg/detail/wheel_encoders__type_support.h\n'}
[1.883758] (px4_msgs) StdoutLine: {'line': b'-- Up-to-date: /home/harsh/ros2_project/install/px4_msgs/include/px4_msgs/px4_msgs/msg/detail/event__description.c\n'}
[1.883815] (px4_msgs) StdoutLine: {'line': b'-- Up-to-date: /home/harsh/ros2_project/install/px4_msgs/include/px4_msgs/px4_msgs/msg/detail/px4io_status__type_support.h\n'}
[1.883884] (px4_msgs) StdoutLine: {'line': b'-- Up-to-date: /home/harsh/ros2_project/install/px4_msgs/include/px4_msgs/px4_msgs/msg/detail/sensor_gyro__struct.h\n'}
[1.883954] (px4_msgs) StdoutLine: {'line': b'-- Up-to-date: /home/harsh/ros2_project/install/px4_msgs/include/px4_msgs/px4_msgs/msg/detail/geofence_result__struct.h\n'}
[1.884028] (px4_msgs) StdoutLine: {'line': b'-- Up-to-date: /home/harsh/ros2_project/install/px4_msgs/include/px4_msgs/px4_msgs/msg/detail/vehicle_rates_setpoint__functions.c\n'}
[1.884103] (px4_msgs) StdoutLine: {'line': b'-- Up-to-date: /home/harsh/ros2_project/install/px4_msgs/include/px4_msgs/px4_msgs/msg/detail/message_format_response__description.c\n'}
[1.884159] (px4_msgs) StdoutLine: {'line': b'-- Up-to-date: /home/harsh/ros2_project/install/px4_msgs/include/px4_msgs/px4_msgs/msg/detail/mavlink_log__description.c\n'}
[1.884214] (px4_msgs) StdoutLine: {'line': b'-- Installing: /home/harsh/ros2_project/install/px4_msgs/include/px4_msgs/px4_msgs/msg/detail/telemetry_status__type_support.c\n'}
[1.884285] (px4_msgs) StdoutLine: {'line': b'-- Up-to-date: /home/harsh/ros2_project/install/px4_msgs/include/px4_msgs/px4_msgs/msg/detail/estimator_aid_source1d__description.c\n'}
[1.884339] (px4_msgs) StdoutLine: {'line': b'-- Up-to-date: /home/harsh/ros2_project/install/px4_msgs/include/px4_msgs/px4_msgs/msg/detail/gpio_request__struct.h\n'}
[1.884406] (px4_msgs) StdoutLine: {'line': b'-- Up-to-date: /home/harsh/ros2_project/install/px4_msgs/include/px4_msgs/px4_msgs/msg/detail/mag_worker_data__functions.c\n'}
[1.884479] (px4_msgs) StdoutLine: {'line': b'-- Up-to-date: /home/harsh/ros2_project/install/px4_msgs/include/px4_msgs/px4_msgs/msg/detail/vehicle_torque_setpoint__functions.c\n'}
[1.884549] (px4_msgs) StdoutLine: {'line': b'-- Up-to-date: /home/harsh/ros2_project/install/px4_msgs/include/px4_msgs/px4_msgs/msg/detail/sensors_status__functions.h\n'}
[1.884616] (px4_msgs) StdoutLine: {'line': b'-- Up-to-date: /home/harsh/ros2_project/install/px4_msgs/include/px4_msgs/px4_msgs/msg/detail/ping__functions.h\n'}
[1.884683] (px4_msgs) StdoutLine: {'line': b'-- Up-to-date: /home/harsh/ros2_project/install/px4_msgs/include/px4_msgs/px4_msgs/msg/detail/actuator_servos_trim__functions.c\n'}
[1.884753] (px4_msgs) StdoutLine: {'line': b'-- Up-to-date: /home/harsh/ros2_project/install/px4_msgs/include/px4_msgs/px4_msgs/msg/detail/position_setpoint__functions.c\n'}
[1.884811] (px4_msgs) StdoutLine: {'line': b'-- Up-to-date: /home/harsh/ros2_project/install/px4_msgs/include/px4_msgs/px4_msgs/msg/detail/estimator_innovations__struct.h\n'}
[1.884882] (px4_msgs) StdoutLine: {'line': b'-- Up-to-date: /home/harsh/ros2_project/install/px4_msgs/include/px4_msgs/px4_msgs/msg/detail/sensor_accel__functions.h\n'}
[1.884957] (px4_msgs) StdoutLine: {'line': b'-- Up-to-date: /home/harsh/ros2_project/install/px4_msgs/include/px4_msgs/px4_msgs/msg/detail/telemetry_status__functions.c\n'}
[1.885015] (px4_msgs) StdoutLine: {'line': b'-- Up-to-date: /home/harsh/ros2_project/install/px4_msgs/include/px4_msgs/px4_msgs/msg/detail/vehicle_attitude__functions.h\n'}
[1.885088] (px4_msgs) StdoutLine: {'line': b'-- Up-to-date: /home/harsh/ros2_project/install/px4_msgs/include/px4_msgs/px4_msgs/msg/detail/mission__description.c\n'}
[1.885146] (px4_msgs) StdoutLine: {'line': b'-- Up-to-date: /home/harsh/ros2_project/install/px4_msgs/include/px4_msgs/px4_msgs/msg/detail/gimbal_device_attitude_status__description.c\n'}
[1.885209] (px4_msgs) StdoutLine: {'line': b'-- Up-to-date: /home/harsh/ros2_project/install/px4_msgs/include/px4_msgs/px4_msgs/msg/detail/mag_worker_data__type_support.h\n'}
[1.885297] (px4_msgs) StdoutLine: {'line': b'-- Up-to-date: /home/harsh/ros2_project/install/px4_msgs/include/px4_msgs/px4_msgs/msg/detail/estimator_bias__functions.h\n'}
[1.885362] (px4_msgs) StdoutLine: {'line': b'-- Installing: /home/harsh/ros2_project/install/px4_msgs/include/px4_msgs/px4_msgs/msg/detail/mission_result__type_support.c\n'}
[1.885433] (px4_msgs) StdoutLine: {'line': b'-- Up-to-date: /home/harsh/ros2_project/install/px4_msgs/include/px4_msgs/px4_msgs/msg/detail/led_control__type_support.h\n'}
[1.885503] (px4_msgs) StdoutLine: {'line': b'-- Up-to-date: /home/harsh/ros2_project/install/px4_msgs/include/px4_msgs/px4_msgs/msg/detail/telemetry_status__type_support.h\n'}
[1.885566] (px4_msgs) StdoutLine: {'line': b'-- Up-to-date: /home/harsh/ros2_project/install/px4_msgs/include/px4_msgs/px4_msgs/msg/detail/adc_report__functions.c\n'}
[1.885624] (px4_msgs) StdoutLine: {'line': b'-- Installing: /home/harsh/ros2_project/install/px4_msgs/include/px4_msgs/px4_msgs/msg/detail/airspeed_wind__type_support.c\n'}
[1.885689] (px4_msgs) StdoutLine: {'line': b'-- Up-to-date: /home/harsh/ros2_project/install/px4_msgs/include/px4_msgs/px4_msgs/msg/detail/wheel_encoders__functions.c\n'}
[1.885747] (px4_msgs) StdoutLine: {'line': b'-- Up-to-date: /home/harsh/ros2_project/install/px4_msgs/include/px4_msgs/px4_msgs/msg/detail/landing_target_pose__struct.h\n'}
[1.885811] (px4_msgs) StdoutLine: {'line': b'-- Up-to-date: /home/harsh/ros2_project/install/px4_msgs/include/px4_msgs/px4_msgs/msg/detail/estimator_bias__functions.c\n'}
[1.885864] (px4_msgs) StdoutLine: {'line': b'-- Up-to-date: /home/harsh/ros2_project/install/px4_msgs/include/px4_msgs/px4_msgs/msg/detail/home_position__type_support.h\n'}
[1.885933] (px4_msgs) StdoutLine: {'line': b'-- Up-to-date: /home/harsh/ros2_project/install/px4_msgs/include/px4_msgs/px4_msgs/msg/detail/camera_capture__struct.h\n'}
[1.885987] (px4_msgs) StdoutLine: {'line': b'-- Up-to-date: /home/harsh/ros2_project/install/px4_msgs/include/px4_msgs/px4_msgs/msg/detail/rc_parameter_map__type_support.h\n'}
[1.886044] (px4_msgs) StdoutLine: {'line': b'-- Up-to-date: /home/harsh/ros2_project/install/px4_msgs/include/px4_msgs/px4_msgs/msg/detail/rtl_time_estimate__functions.h\n'}
[1.886103] (px4_msgs) StdoutLine: {'line': b'-- Up-to-date: /home/harsh/ros2_project/install/px4_msgs/include/px4_msgs/px4_msgs/msg/detail/vehicle_command__description.c\n'}
[1.886156] (px4_msgs) StdoutLine: {'line': b'-- Installing: /home/harsh/ros2_project/install/px4_msgs/include/px4_msgs/px4_msgs/msg/detail/gimbal_device_attitude_status__type_support.c\n'}
[1.886208] (px4_msgs) StdoutLine: {'line': b'-- Up-to-date: /home/harsh/ros2_project/install/px4_msgs/include/px4_msgs/px4_msgs/msg/detail/wind__struct.h\n'}
[1.886279] (px4_msgs) StdoutLine: {'line': b'-- Up-to-date: /home/harsh/ros2_project/install/px4_msgs/include/px4_msgs/px4_msgs/msg/detail/estimator_bias3d__description.c\n'}
[1.886335] (px4_msgs) StdoutLine: {'line': b'-- Up-to-date: /home/harsh/ros2_project/install/px4_msgs/include/px4_msgs/px4_msgs/msg/detail/gpio_request__type_support.h\n'}
[1.886399] (px4_msgs) StdoutLine: {'line': b'-- Up-to-date: /home/harsh/ros2_project/install/px4_msgs/include/px4_msgs/px4_msgs/msg/detail/actuator_armed__functions.h\n'}
[1.886454] (px4_msgs) StdoutLine: {'line': b'-- Installing: /home/harsh/ros2_project/install/px4_msgs/include/px4_msgs/px4_msgs/msg/detail/camera_capture__type_support.c\n'}
[1.886511] (px4_msgs) StdoutLine: {'line': b'-- Up-to-date: /home/harsh/ros2_project/install/px4_msgs/include/px4_msgs/px4_msgs/msg/detail/pps_capture__struct.h\n'}
[1.886580] (px4_msgs) StdoutLine: {'line': b'-- Up-to-date: /home/harsh/ros2_project/install/px4_msgs/include/px4_msgs/px4_msgs/msg/detail/estimator_aid_source3d__type_support.h\n'}
[1.886640] (px4_msgs) StdoutLine: {'line': b'-- Installing: /home/harsh/ros2_project/install/px4_msgs/include/px4_msgs/px4_msgs/msg/detail/estimator_selector_status__type_support.c\n'}
[1.886693] (px4_msgs) StdoutLine: {'line': b'-- Up-to-date: /home/harsh/ros2_project/install/px4_msgs/include/px4_msgs/px4_msgs/msg/detail/wind__functions.h\n'}
[1.886745] (px4_msgs) StdoutLine: {'line': b'-- Up-to-date: /home/harsh/ros2_project/install/px4_msgs/include/px4_msgs/px4_msgs/msg/detail/irlock_report__type_support.h\n'}
[1.886813] (px4_msgs) StdoutLine: {'line': b'-- Up-to-date: /home/harsh/ros2_project/install/px4_msgs/include/px4_msgs/px4_msgs/msg/detail/sensor_correction__type_support.h\n'}
[1.886867] (px4_msgs) StdoutLine: {'line': b'-- Installing: /home/harsh/ros2_project/install/px4_msgs/include/px4_msgs/px4_msgs/msg/detail/vehicle_roi__type_support.c\n'}
[1.886921] (px4_msgs) StdoutLine: {'line': b'-- Up-to-date: /home/harsh/ros2_project/install/px4_msgs/include/px4_msgs/px4_msgs/msg/detail/actuator_servos__functions.c\n'}
[1.886982] (px4_msgs) StdoutLine: {'line': b'-- Up-to-date: /home/harsh/ros2_project/install/px4_msgs/include/px4_msgs/px4_msgs/msg/detail/takeoff_status__description.c\n'}
[1.887041] (px4_msgs) StdoutLine: {'line': b'-- Up-to-date: /home/harsh/ros2_project/install/px4_msgs/include/px4_msgs/px4_msgs/msg/detail/airspeed_validated__functions.h\n'}
[1.887111] (px4_msgs) StdoutLine: {'line': b'-- Up-to-date: /home/harsh/ros2_project/install/px4_msgs/include/px4_msgs/px4_msgs/msg/detail/buffer128__type_support.h\n'}
[1.887174] (px4_msgs) StdoutLine: {'line': b'-- Installing: /home/harsh/ros2_project/install/px4_msgs/include/px4_msgs/px4_msgs/msg/detail/follow_target__type_support.c\n'}
[1.887243] (px4_msgs) StdoutLine: {'line': b'-- Installing: /home/harsh/ros2_project/install/px4_msgs/include/px4_msgs/px4_msgs/msg/detail/vehicle_trajectory_waypoint__type_support.c\n'}
[1.887322] (px4_msgs) StdoutLine: {'line': b'-- Up-to-date: /home/harsh/ros2_project/install/px4_msgs/include/px4_msgs/px4_msgs/msg/detail/sensor_mag__description.c\n'}
[1.887376] (px4_msgs) StdoutLine: {'line': b'-- Up-to-date: /home/harsh/ros2_project/install/px4_msgs/include/px4_msgs/px4_msgs/msg/detail/led_control__functions.h\n'}
[1.887436] (px4_msgs) StdoutLine: {'line': b'-- Up-to-date: /home/harsh/ros2_project/install/px4_msgs/include/px4_msgs/px4_msgs/msg/detail/geofence_status__struct.h\n'}
[1.887511] (px4_msgs) StdoutLine: {'line': b'-- Installing: /home/harsh/ros2_project/install/px4_msgs/include/px4_msgs/px4_msgs/msg/detail/yaw_estimator_status__type_support.c\n'}
[1.887564] (px4_msgs) StdoutLine: {'line': b'-- Up-to-date: /home/harsh/ros2_project/install/px4_msgs/include/px4_msgs/px4_msgs/msg/detail/vehicle_thrust_setpoint__functions.c\n'}
[1.887628] (px4_msgs) StdoutLine: {'line': b'-- Up-to-date: /home/harsh/ros2_project/install/px4_msgs/include/px4_msgs/px4_msgs/msg/detail/health_report__type_support.h\n'}
[1.887699] (px4_msgs) StdoutLine: {'line': b'-- Installing: /home/harsh/ros2_project/install/px4_msgs/include/px4_msgs/px4_msgs/msg/detail/camera_trigger__type_support.c\n'}
[1.887755] (px4_msgs) StdoutLine: {'line': b'-- Installing: /home/harsh/ros2_project/install/px4_msgs/include/px4_msgs/px4_msgs/msg/detail/ulog_stream__type_support.c\n'}
[1.887808] (px4_msgs) StdoutLine: {'line': b'-- Up-to-date: /home/harsh/ros2_project/install/px4_msgs/include/px4_msgs/px4_msgs/msg/detail/input_rc__description.c\n'}
[1.887866] (px4_msgs) StdoutLine: {'line': b'-- Up-to-date: /home/harsh/ros2_project/install/px4_msgs/include/px4_msgs/px4_msgs/msg/detail/sensor_mag__type_support.h\n'}
[1.887931] (px4_msgs) StdoutLine: {'line': b'-- Up-to-date: /home/harsh/ros2_project/install/px4_msgs/include/px4_msgs/px4_msgs/msg/detail/qshell_req__functions.c\n'}
[1.888011] (px4_msgs) StdoutLine: {'line': b'-- Up-to-date: /home/harsh/ros2_project/install/px4_msgs/include/px4_msgs/px4_msgs/msg/detail/irlock_report__functions.c\n'}
[1.888090] (px4_msgs) StdoutLine: {'line': b'-- Up-to-date: /home/harsh/ros2_project/install/px4_msgs/include/px4_msgs/px4_msgs/msg/detail/vehicle_constraints__description.c\n'}
[1.888165] (px4_msgs) StdoutLine: {'line': b'-- Up-to-date: /home/harsh/ros2_project/install/px4_msgs/include/px4_msgs/px4_msgs/msg/detail/vehicle_command_ack__description.c\n'}
[1.888256] (px4_msgs) StdoutLine: {'line': b'-- Up-to-date: /home/harsh/ros2_project/install/px4_msgs/include/px4_msgs/px4_msgs/msg/detail/obstacle_distance__functions.c\n'}
[1.888343] (px4_msgs) StdoutLine: {'line': b'-- Up-to-date: /home/harsh/ros2_project/install/px4_msgs/include/px4_msgs/px4_msgs/msg/detail/mavlink_log__functions.h\n'}
[1.888414] (px4_msgs) StdoutLine: {'line': b'-- Installing: /home/harsh/ros2_project/install/px4_msgs/include/px4_msgs/px4_msgs/msg/detail/pps_capture__type_support.c\n'}
[1.888499] (px4_msgs) StdoutLine: {'line': b'-- Up-to-date: /home/harsh/ros2_project/install/px4_msgs/include/px4_msgs/px4_msgs/msg/detail/autotune_attitude_control_status__struct.h\n'}
[1.888577] (px4_msgs) StdoutLine: {'line': b'-- Up-to-date: /home/harsh/ros2_project/install/px4_msgs/include/px4_msgs/px4_msgs/msg/detail/trajectory_bezier__struct.h\n'}
[1.888670] (px4_msgs) StdoutLine: {'line': b'-- Up-to-date: /home/harsh/ros2_project/install/px4_msgs/include/px4_msgs/px4_msgs/msg/detail/sensor_hygrometer__functions.c\n'}
[1.888760] (px4_msgs) StdoutLine: {'line': b'-- Up-to-date: /home/harsh/ros2_project/install/px4_msgs/include/px4_msgs/px4_msgs/msg/detail/power_monitor__struct.h\n'}
[1.888846] (px4_msgs) StdoutLine: {'line': b'-- Up-to-date: /home/harsh/ros2_project/install/px4_msgs/include/px4_msgs/px4_msgs/msg/detail/ulog_stream_ack__description.c\n'}
[1.888922] (px4_msgs) StdoutLine: {'line': b'-- Up-to-date: /home/harsh/ros2_project/install/px4_msgs/include/px4_msgs/px4_msgs/msg/detail/vehicle_attitude__type_support.h\n'}
[1.888996] (px4_msgs) StdoutLine: {'line': b'-- Up-to-date: /home/harsh/ros2_project/install/px4_msgs/include/px4_msgs/px4_msgs/msg/detail/airspeed_wind__description.c\n'}
[1.889058] (px4_msgs) StdoutLine: {'line': b'-- Up-to-date: /home/harsh/ros2_project/install/px4_msgs/include/px4_msgs/px4_msgs/msg/detail/buffer128__description.c\n'}
[1.889125] (px4_msgs) StdoutLine: {'line': b'-- Installing: /home/harsh/ros2_project/install/px4_msgs/include/px4_msgs/px4_msgs/msg/detail/follow_target_estimator__type_support.c\n'}
[1.889210] (px4_msgs) StdoutLine: {'line': b'-- Up-to-date: /home/harsh/ros2_project/install/px4_msgs/include/px4_msgs/px4_msgs/msg/detail/orbit_status__functions.c\n'}
[1.889319] (px4_msgs) StdoutLine: {'line': b'-- Installing: /home/harsh/ros2_project/install/px4_msgs/include/px4_msgs/px4_msgs/msg/detail/sensor_selection__type_support.c\n'}
[1.889422] (px4_msgs) StdoutLine: {'line': b'-- Up-to-date: /home/harsh/ros2_project/install/px4_msgs/include/px4_msgs/px4_msgs/msg/detail/camera_trigger__type_support.h\n'}
[1.889499] (px4_msgs) StdoutLine: {'line': b'-- Up-to-date: /home/harsh/ros2_project/install/px4_msgs/include/px4_msgs/px4_msgs/msg/detail/geofence_status__description.c\n'}
[1.889577] (px4_msgs) StdoutLine: {'line': b'-- Up-to-date: /home/harsh/ros2_project/install/px4_msgs/include/px4_msgs/px4_msgs/msg/detail/system_power__struct.h\n'}
[1.889665] (px4_msgs) StdoutLine: {'line': b'-- Up-to-date: /home/harsh/ros2_project/install/px4_msgs/include/px4_msgs/px4_msgs/msg/detail/trajectory_waypoint__functions.c\n'}
[1.889744] (px4_msgs) StdoutLine: {'line': b'-- Up-to-date: /home/harsh/ros2_project/install/px4_msgs/include/px4_msgs/px4_msgs/msg/detail/gimbal_controls__functions.c\n'}
[1.889817] (px4_msgs) StdoutLine: {'line': b'-- Up-to-date: /home/harsh/ros2_project/install/px4_msgs/include/px4_msgs/px4_msgs/msg/detail/goto_setpoint__functions.h\n'}
[1.889887] (px4_msgs) StdoutLine: {'line': b'-- Up-to-date: /home/harsh/ros2_project/install/px4_msgs/include/px4_msgs/px4_msgs/msg/detail/esc_report__struct.h\n'}
[1.889958] (px4_msgs) StdoutLine: {'line': b'-- Up-to-date: /home/harsh/ros2_project/install/px4_msgs/include/px4_msgs/px4_msgs/msg/detail/failure_detector_status__functions.h\n'}
[1.890026] (px4_msgs) StdoutLine: {'line': b'-- Up-to-date: /home/harsh/ros2_project/install/px4_msgs/include/px4_msgs/px4_msgs/msg/detail/rtl_time_estimate__description.c\n'}
[1.890096] (px4_msgs) StdoutLine: {'line': b'-- Installing: /home/harsh/ros2_project/install/px4_msgs/include/px4_msgs/px4_msgs/msg/detail/sensor_gyro_fft__type_support.c\n'}
[1.890184] (px4_msgs) StdoutLine: {'line': b'-- Installing: /home/harsh/ros2_project/install/px4_msgs/include/px4_msgs/px4_msgs/msg/detail/vehicle_global_position__type_support.c\n'}
[1.890305] (px4_msgs) StdoutLine: {'line': b'-- Up-to-date: /home/harsh/ros2_project/install/px4_msgs/include/px4_msgs/px4_msgs/msg/detail/mavlink_tunnel__functions.c\n'}
[1.890410] (px4_msgs) StdoutLine: {'line': b'-- Up-to-date: /home/harsh/ros2_project/install/px4_msgs/include/px4_msgs/px4_msgs/msg/detail/task_stack_info__functions.h\n'}
[1.890503] (px4_msgs) StdoutLine: {'line': b'-- Up-to-date: /home/harsh/ros2_project/install/px4_msgs/include/px4_msgs/px4_msgs/msg/detail/parameter_update__type_support.h\n'}
[1.890590] (px4_msgs) StdoutLine: {'line': b'-- Up-to-date: /home/harsh/ros2_project/install/px4_msgs/include/px4_msgs/px4_msgs/msg/detail/message_format_response__functions.c\n'}
[1.890690] (px4_msgs) StdoutLine: {'line': b'-- Up-to-date: /home/harsh/ros2_project/install/px4_msgs/include/px4_msgs/px4_msgs/msg/detail/qshell_req__type_support.h\n'}
[1.890784] (px4_msgs) StdoutLine: {'line': b'-- Up-to-date: /home/harsh/ros2_project/install/px4_msgs/include/px4_msgs/px4_msgs/msg/detail/estimator_bias__struct.h\n'}
[1.890872] (px4_msgs) StdoutLine: {'line': b'-- Up-to-date: /home/harsh/ros2_project/install/px4_msgs/include/px4_msgs/px4_msgs/msg/detail/vehicle_air_data__description.c\n'}
[1.890960] (px4_msgs) StdoutLine: {'line': b'-- Installing: /home/harsh/ros2_project/install/px4_msgs/include/px4_msgs/px4_msgs/msg/detail/power_button_state__type_support.c\n'}
[1.891045] (px4_msgs) StdoutLine: {'line': b'-- Installing: /home/harsh/ros2_project/install/px4_msgs/include/px4_msgs/px4_msgs/msg/detail/parameter_update__type_support.c\n'}
[1.891143] (px4_msgs) StdoutLine: {'line': b'-- Up-to-date: /home/harsh/ros2_project/install/px4_msgs/include/px4_msgs/px4_msgs/msg/detail/actuator_outputs__struct.h\n'}
[1.891229] (px4_msgs) StdoutLine: {'line': b'-- Up-to-date: /home/harsh/ros2_project/install/px4_msgs/include/px4_msgs/px4_msgs/msg/detail/sensor_gyro_fifo__type_support.h\n'}
[1.891347] (px4_msgs) StdoutLine: {'line': b'-- Up-to-date: /home/harsh/ros2_project/install/px4_msgs/include/px4_msgs/px4_msgs/msg/detail/uavcan_parameter_request__struct.h\n'}
[1.891437] (px4_msgs) StdoutLine: {'line': b'-- Up-to-date: /home/harsh/ros2_project/install/px4_msgs/include/px4_msgs/px4_msgs/msg/detail/normalized_unsigned_setpoint__type_support.h\n'}
[1.891517] (px4_msgs) StdoutLine: {'line': b'-- Up-to-date: /home/harsh/ros2_project/install/px4_msgs/include/px4_msgs/px4_msgs/msg/detail/esc_status__functions.h\n'}
[1.891594] (px4_msgs) StdoutLine: {'line': b'-- Up-to-date: /home/harsh/ros2_project/install/px4_msgs/include/px4_msgs/px4_msgs/msg/detail/trajectory_setpoint__functions.h\n'}
[1.891670] (px4_msgs) StdoutLine: {'line': b'-- Installing: /home/harsh/ros2_project/install/px4_msgs/include/px4_msgs/px4_msgs/msg/detail/estimator_event_flags__type_support.c\n'}
[1.891743] (px4_msgs) StdoutLine: {'line': b'-- Up-to-date: /home/harsh/ros2_project/install/px4_msgs/include/px4_msgs/px4_msgs/msg/detail/parameter_reset_request__type_support.h\n'}
[1.891807] (px4_msgs) StdoutLine: {'line': b'-- Up-to-date: /home/harsh/ros2_project/install/px4_msgs/include/px4_msgs/px4_msgs/msg/detail/estimator_event_flags__functions.c\n'}
[1.891872] (px4_msgs) StdoutLine: {'line': b'-- Up-to-date: /home/harsh/ros2_project/install/px4_msgs/include/px4_msgs/px4_msgs/msg/detail/rtl_status__struct.h\n'}
[1.891936] (px4_msgs) StdoutLine: {'line': b'-- Up-to-date: /home/harsh/ros2_project/install/px4_msgs/include/px4_msgs/px4_msgs/msg/detail/position_setpoint_triplet__type_support.h\n'}
[1.892010] (px4_msgs) StdoutLine: {'line': b'-- Up-to-date: /home/harsh/ros2_project/install/px4_msgs/include/px4_msgs/px4_msgs/msg/detail/register_ext_component_request__struct.h\n'}
[1.892082] (px4_msgs) StdoutLine: {'line': b'-- Up-to-date: /home/harsh/ros2_project/install/px4_msgs/include/px4_msgs/px4_msgs/msg/detail/generator_status__type_support.h\n'}
[1.892167] (px4_msgs) StdoutLine: {'line': b'-- Installing: /home/harsh/ros2_project/install/px4_msgs/include/px4_msgs/px4_msgs/msg/detail/estimator_aid_source1d__type_support.c\n'}
[1.892227] (px4_msgs) StdoutLine: {'line': b'-- Up-to-date: /home/harsh/ros2_project/install/px4_msgs/include/px4_msgs/px4_msgs/msg/detail/position_setpoint_triplet__description.c\n'}
[1.892313] (px4_msgs) StdoutLine: {'line': b'-- Up-to-date: /home/harsh/ros2_project/install/px4_msgs/include/px4_msgs/px4_msgs/msg/detail/sensor_gps__functions.h\n'}
[1.892387] (px4_msgs) StdoutLine: {'line': b'-- Up-to-date: /home/harsh/ros2_project/install/px4_msgs/include/px4_msgs/px4_msgs/msg/detail/follow_target_status__functions.h\n'}
[1.892453] (px4_msgs) StdoutLine: {'line': b'-- Installing: /home/harsh/ros2_project/install/px4_msgs/include/px4_msgs/px4_msgs/msg/detail/offboard_control_mode__type_support.c\n'}
[1.892508] (px4_msgs) StdoutLine: {'line': b'-- Up-to-date: /home/harsh/ros2_project/install/px4_msgs/include/px4_msgs/px4_msgs/msg/detail/estimator_status_flags__struct.h\n'}
[1.892560] (px4_msgs) StdoutLine: {'line': b'-- Installing: /home/harsh/ros2_project/install/px4_msgs/include/px4_msgs/px4_msgs/msg/detail/gpio_in__type_support.c\n'}
[1.892611] (px4_msgs) StdoutLine: {'line': b'-- Up-to-date: /home/harsh/ros2_project/install/px4_msgs/include/px4_msgs/px4_msgs/msg/detail/vehicle_imu_status__struct.h\n'}
[1.892681] (px4_msgs) StdoutLine: {'line': b'-- Installing: /home/harsh/ros2_project/install/px4_msgs/include/px4_msgs/px4_msgs/msg/detail/event__type_support.c\n'}
[1.892765] (px4_msgs) StdoutLine: {'line': b'-- Up-to-date: /home/harsh/ros2_project/install/px4_msgs/include/px4_msgs/px4_msgs/msg/detail/landing_gear__description.c\n'}
[1.892825] (px4_msgs) StdoutLine: {'line': b'-- Up-to-date: /home/harsh/ros2_project/install/px4_msgs/include/px4_msgs/px4_msgs/msg/detail/internal_combustion_engine_status__functions.c\n'}
[1.892897] (px4_msgs) StdoutLine: {'line': b'-- Up-to-date: /home/harsh/ros2_project/install/px4_msgs/include/px4_msgs/px4_msgs/msg/detail/sensor_hygrometer__functions.h\n'}
[1.892986] (px4_msgs) StdoutLine: {'line': b'-- Installing: /home/harsh/ros2_project/install/px4_msgs/include/px4_msgs/px4_msgs/msg/detail/vehicle_land_detected__type_support.c\n'}
[1.893075] (px4_msgs) StdoutLine: {'line': b'-- Up-to-date: /home/harsh/ros2_project/install/px4_msgs/include/px4_msgs/px4_msgs/msg/detail/uavcan_parameter_value__functions.h\n'}
[1.893161] (px4_msgs) StdoutLine: {'line': b'-- Up-to-date: /home/harsh/ros2_project/install/px4_msgs/include/px4_msgs/px4_msgs/msg/detail/internal_combustion_engine_status__struct.h\n'}
[1.893221] (px4_msgs) StdoutLine: {'line': b'-- Up-to-date: /home/harsh/ros2_project/install/px4_msgs/include/px4_msgs/px4_msgs/msg/detail/vehicle_local_position__functions.h\n'}
[1.893295] (px4_msgs) StdoutLine: {'line': b'-- Up-to-date: /home/harsh/ros2_project/install/px4_msgs/include/px4_msgs/px4_msgs/msg/detail/task_stack_info__description.c\n'}
[1.893352] (px4_msgs) StdoutLine: {'line': b'-- Up-to-date: /home/harsh/ros2_project/install/px4_msgs/include/px4_msgs/px4_msgs/msg/detail/buffer128__struct.h\n'}
[1.893405] (px4_msgs) StdoutLine: {'line': b'-- Up-to-date: /home/harsh/ros2_project/install/px4_msgs/include/px4_msgs/px4_msgs/msg/detail/task_stack_info__struct.h\n'}
[1.893458] (px4_msgs) StdoutLine: {'line': b'-- Up-to-date: /home/harsh/ros2_project/install/px4_msgs/include/px4_msgs/px4_msgs/msg/detail/rtl_status__type_support.h\n'}
[1.893514] (px4_msgs) StdoutLine: {'line': b'-- Up-to-date: /home/harsh/ros2_project/install/px4_msgs/include/px4_msgs/px4_msgs/msg/detail/estimator_states__type_support.h\n'}
[1.893566] (px4_msgs) StdoutLine: {'line': b'-- Up-to-date: /home/harsh/ros2_project/install/px4_msgs/include/px4_msgs/px4_msgs/msg/detail/gimbal_manager_status__type_support.h\n'}
[1.893620] (px4_msgs) StdoutLine: {'line': b'-- Up-to-date: /home/harsh/ros2_project/install/px4_msgs/include/px4_msgs/px4_msgs/msg/detail/pwm_input__struct.h\n'}
[1.893678] (px4_msgs) StdoutLine: {'line': b'-- Up-to-date: /home/harsh/ros2_project/install/px4_msgs/include/px4_msgs/px4_msgs/msg/detail/vehicle_optical_flow__description.c\n'}
[1.893744] (px4_msgs) StdoutLine: {'line': b'-- Up-to-date: /home/harsh/ros2_project/install/px4_msgs/include/px4_msgs/px4_msgs/msg/detail/estimator_aid_source3d__functions.c\n'}
[1.893811] (px4_msgs) StdoutLine: {'line': b'-- Up-to-date: /home/harsh/ros2_project/install/px4_msgs/include/px4_msgs/px4_msgs/msg/detail/vehicle_control_mode__functions.c\n'}
[1.893874] (px4_msgs) StdoutLine: {'line': b'-- Installing: /home/harsh/ros2_project/install/px4_msgs/include/px4_msgs/px4_msgs/msg/detail/sensor_combined__type_support.c\n'}
[1.893938] (px4_msgs) StdoutLine: {'line': b'-- Up-to-date: /home/harsh/ros2_project/install/px4_msgs/include/px4_msgs/px4_msgs/msg/detail/gimbal_manager_set_attitude__functions.h\n'}
[1.894002] (px4_msgs) StdoutLine: {'line': b'-- Up-to-date: /home/harsh/ros2_project/install/px4_msgs/include/px4_msgs/px4_msgs/msg/detail/mode_completed__functions.h\n'}
[1.894072] (px4_msgs) StdoutLine: {'line': b'-- Installing: /home/harsh/ros2_project/install/px4_msgs/include/px4_msgs/px4_msgs/msg/detail/failsafe_flags__type_support.c\n'}
[1.894143] (px4_msgs) StdoutLine: {'line': b'-- Installing: /home/harsh/ros2_project/install/px4_msgs/include/px4_msgs/px4_msgs/msg/detail/camera_status__type_support.c\n'}
[1.894201] (px4_msgs) StdoutLine: {'line': b'-- Up-to-date: /home/harsh/ros2_project/install/px4_msgs/include/px4_msgs/px4_msgs/msg/detail/ping__type_support.h\n'}
[1.894305] (px4_msgs) StdoutLine: {'line': b'-- Up-to-date: /home/harsh/ros2_project/install/px4_msgs/include/px4_msgs/px4_msgs/msg/detail/register_ext_component_reply__functions.h\n'}
[1.894362] (px4_msgs) StdoutLine: {'line': b'-- Up-to-date: /home/harsh/ros2_project/install/px4_msgs/include/px4_msgs/px4_msgs/msg/detail/sensor_selection__functions.h\n'}
[1.894420] (px4_msgs) StdoutLine: {'line': b'-- Up-to-date: /home/harsh/ros2_project/install/px4_msgs/include/px4_msgs/px4_msgs/msg/detail/differential_drive_setpoint__functions.c\n'}
[1.894484] (px4_msgs) StdoutLine: {'line': b'-- Installing: /home/harsh/ros2_project/install/px4_msgs/include/px4_msgs/px4_msgs/msg/detail/actuator_controls_status__type_support.c\n'}
[1.894555] (px4_msgs) StdoutLine: {'line': b'-- Up-to-date: /home/harsh/ros2_project/install/px4_msgs/include/px4_msgs/px4_msgs/msg/detail/onboard_computer_status__type_support.h\n'}
[1.894620] (px4_msgs) StdoutLine: {'line': b'-- Installing: /home/harsh/ros2_project/install/px4_msgs/include/px4_msgs/px4_msgs/msg/detail/vehicle_local_position_setpoint__type_support.c\n'}
[1.894696] (px4_msgs) StdoutLine: {'line': b'-- Up-to-date: /home/harsh/ros2_project/install/px4_msgs/include/px4_msgs/px4_msgs/msg/detail/hover_thrust_estimate__struct.h\n'}
[1.894771] (px4_msgs) StdoutLine: {'line': b'-- Installing: /home/harsh/ros2_project/install/px4_msgs/include/px4_msgs/px4_msgs/msg/detail/tecs_status__type_support.c\n'}
[1.894834] (px4_msgs) StdoutLine: {'line': b'-- Up-to-date: /home/harsh/ros2_project/install/px4_msgs/include/px4_msgs/px4_msgs/msg/detail/sensor_gnss_relative__description.c\n'}
[1.894916] (px4_msgs) StdoutLine: {'line': b'-- Up-to-date: /home/harsh/ros2_project/install/px4_msgs/include/px4_msgs/px4_msgs/msg/detail/sensor_optical_flow__description.c\n'}
[1.894979] (px4_msgs) StdoutLine: {'line': b'-- Up-to-date: /home/harsh/ros2_project/install/px4_msgs/include/px4_msgs/px4_msgs/msg/detail/vehicle_angular_acceleration_setpoint__description.c\n'}
[1.895059] (px4_msgs) StdoutLine: {'line': b'-- Up-to-date: /home/harsh/ros2_project/install/px4_msgs/include/px4_msgs/px4_msgs/msg/detail/vehicle_acceleration__functions.h\n'}
[1.895113] (px4_msgs) StdoutLine: {'line': b'-- Up-to-date: /home/harsh/ros2_project/install/px4_msgs/include/px4_msgs/px4_msgs/msg/detail/orbit_status__type_support.h\n'}
[1.895166] (px4_msgs) StdoutLine: {'line': b'-- Up-to-date: /home/harsh/ros2_project/install/px4_msgs/include/px4_msgs/px4_msgs/msg/detail/mission__type_support.h\n'}
[1.895249] (px4_msgs) StdoutLine: {'line': b'-- Up-to-date: /home/harsh/ros2_project/install/px4_msgs/include/px4_msgs/px4_msgs/msg/detail/px4io_status__functions.c\n'}
[1.895325] (px4_msgs) StdoutLine: {'line': b'-- Up-to-date: /home/harsh/ros2_project/install/px4_msgs/include/px4_msgs/px4_msgs/msg/detail/airspeed_validated__description.c\n'}
[1.895380] (px4_msgs) StdoutLine: {'line': b'-- Up-to-date: /home/harsh/ros2_project/install/px4_msgs/include/px4_msgs/px4_msgs/msg/detail/takeoff_status__functions.c\n'}
[1.895433] (px4_msgs) StdoutLine: {'line': b'-- Up-to-date: /home/harsh/ros2_project/install/px4_msgs/include/px4_msgs/px4_msgs/msg/detail/gimbal_device_information__type_support.h\n'}
[1.895485] (px4_msgs) StdoutLine: {'line': b'-- Up-to-date: /home/harsh/ros2_project/install/px4_msgs/include/px4_msgs/px4_msgs/msg/detail/actuator_servos__type_support.h\n'}
[1.895538] (px4_msgs) StdoutLine: {'line': b'-- Up-to-date: /home/harsh/ros2_project/install/px4_msgs/include/px4_msgs/px4_msgs/msg/detail/parameter_set_value_request__type_support.h\n'}
[1.895603] (px4_msgs) StdoutLine: {'line': b'-- Installing: /home/harsh/ros2_project/install/px4_msgs/include/px4_msgs/px4_msgs/msg/detail/velocity_limits__type_support.c\n'}
[1.895679] (px4_msgs) StdoutLine: {'line': b'-- Up-to-date: /home/harsh/ros2_project/install/px4_msgs/include/px4_msgs/px4_msgs/msg/detail/orb_test_medium__struct.h\n'}
[1.895760] (px4_msgs) StdoutLine: {'line': b'-- Up-to-date: /home/harsh/ros2_project/install/px4_msgs/include/px4_msgs/px4_msgs/msg/detail/cellular_status__struct.h\n'}
[1.895847] (px4_msgs) StdoutLine: {'line': b'-- Up-to-date: /home/harsh/ros2_project/install/px4_msgs/include/px4_msgs/px4_msgs/msg/detail/camera_trigger__description.c\n'}
[1.895921] (px4_msgs) StdoutLine: {'line': b'-- Up-to-date: /home/harsh/ros2_project/install/px4_msgs/include/px4_msgs/px4_msgs/msg/detail/vehicle_torque_setpoint__struct.h\n'}
[1.895994] (px4_msgs) StdoutLine: {'line': b'-- Up-to-date: /home/harsh/ros2_project/install/px4_msgs/include/px4_msgs/px4_msgs/msg/detail/position_controller_status__functions.c\n'}
[1.896063] (px4_msgs) StdoutLine: {'line': b'-- Installing: /home/harsh/ros2_project/install/px4_msgs/include/px4_msgs/px4_msgs/msg/detail/vehicle_angular_velocity__type_support.c\n'}
[1.896139] (px4_msgs) StdoutLine: {'line': b'-- Installing: /home/harsh/ros2_project/install/px4_msgs/include/px4_msgs/px4_msgs/msg/detail/debug_key_value__type_support.c\n'}
[1.896219] (px4_msgs) StdoutLine: {'line': b'-- Up-to-date: /home/harsh/ros2_project/install/px4_msgs/include/px4_msgs/px4_msgs/msg/detail/collision_constraints__functions.h\n'}
[1.896298] (px4_msgs) StdoutLine: {'line': b'-- Up-to-date: /home/harsh/ros2_project/install/px4_msgs/include/px4_msgs/px4_msgs/msg/detail/mavlink_log__functions.c\n'}
[1.896358] (px4_msgs) StdoutLine: {'line': b'-- Up-to-date: /home/harsh/ros2_project/install/px4_msgs/include/px4_msgs/px4_msgs/msg/detail/parameter_set_value_request__struct.h\n'}
[1.896414] (px4_msgs) StdoutLine: {'line': b'-- Up-to-date: /home/harsh/ros2_project/install/px4_msgs/include/px4_msgs/px4_msgs/msg/detail/vehicle_torque_setpoint__type_support.h\n'}
[1.896502] (px4_msgs) StdoutLine: {'line': b'-- Up-to-date: /home/harsh/ros2_project/install/px4_msgs/include/px4_msgs/px4_msgs/msg/detail/sensor_gyro_fft__functions.h\n'}
[1.896575] (px4_msgs) StdoutLine: {'line': b'-- Up-to-date: /home/harsh/ros2_project/install/px4_msgs/include/px4_msgs/px4_msgs/msg/detail/actuator_test__functions.c\n'}
[1.896642] (px4_msgs) StdoutLine: {'line': b'-- Up-to-date: /home/harsh/ros2_project/install/px4_msgs/include/px4_msgs/px4_msgs/msg/detail/gpio_config__functions.h\n'}
[1.896704] (px4_msgs) StdoutLine: {'line': b'-- Up-to-date: /home/harsh/ros2_project/install/px4_msgs/include/px4_msgs/px4_msgs/msg/detail/airspeed__struct.h\n'}
[1.896795] (px4_msgs) StdoutLine: {'line': b'-- Up-to-date: /home/harsh/ros2_project/install/px4_msgs/include/px4_msgs/px4_msgs/msg/detail/logger_status__type_support.h\n'}
[1.896875] (px4_msgs) StdoutLine: {'line': b'-- Up-to-date: /home/harsh/ros2_project/install/px4_msgs/include/px4_msgs/px4_msgs/msg/detail/uavcan_parameter_value__functions.c\n'}
[1.896957] (px4_msgs) StdoutLine: {'line': b'-- Up-to-date: /home/harsh/ros2_project/install/px4_msgs/include/px4_msgs/px4_msgs/msg/detail/actuator_test__description.c\n'}
[1.897032] (px4_msgs) StdoutLine: {'line': b'-- Up-to-date: /home/harsh/ros2_project/install/px4_msgs/include/px4_msgs/px4_msgs/msg/detail/gimbal_controls__type_support.h\n'}
[1.897090] (px4_msgs) StdoutLine: {'line': b'-- Installing: /home/harsh/ros2_project/install/px4_msgs/include/px4_msgs/px4_msgs/msg/detail/gpio_config__type_support.c\n'}
[1.897156] (px4_msgs) StdoutLine: {'line': b'-- Up-to-date: /home/harsh/ros2_project/install/px4_msgs/include/px4_msgs/px4_msgs/msg/detail/debug_value__struct.h\n'}
[1.897241] (px4_msgs) StdoutLine: {'line': b'-- Up-to-date: /home/harsh/ros2_project/install/px4_msgs/include/px4_msgs/px4_msgs/msg/detail/autotune_attitude_control_status__functions.c\n'}
[1.897314] (px4_msgs) StdoutLine: {'line': b'-- Up-to-date: /home/harsh/ros2_project/install/px4_msgs/include/px4_msgs/px4_msgs/msg/detail/camera_capture__functions.h\n'}
[1.897387] (px4_msgs) StdoutLine: {'line': b'-- Up-to-date: /home/harsh/ros2_project/install/px4_msgs/include/px4_msgs/px4_msgs/msg/detail/vehicle_local_position__functions.c\n'}
[1.897497] (px4_msgs) StdoutLine: {'line': b'-- Up-to-date: /home/harsh/ros2_project/install/px4_msgs/include/px4_msgs/px4_msgs/msg/detail/vehicle_air_data__functions.h\n'}
[1.897575] (px4_msgs) StdoutLine: {'line': b'-- Up-to-date: /home/harsh/ros2_project/install/px4_msgs/include/px4_msgs/px4_msgs/msg/detail/vehicle_global_position__functions.h\n'}
[1.897645] (px4_msgs) StdoutLine: {'line': b'-- Up-to-date: /home/harsh/ros2_project/install/px4_msgs/include/px4_msgs/px4_msgs/msg/detail/gps_inject_data__description.c\n'}
[1.897709] (px4_msgs) StdoutLine: {'line': b'-- Up-to-date: /home/harsh/ros2_project/install/px4_msgs/include/px4_msgs/px4_msgs/msg/detail/estimator_bias3d__functions.h\n'}
[1.897768] (px4_msgs) StdoutLine: {'line': b'-- Up-to-date: /home/harsh/ros2_project/install/px4_msgs/include/px4_msgs/px4_msgs/msg/detail/landing_target_pose__description.c\n'}
[1.897825] (px4_msgs) StdoutLine: {'line': b'-- Up-to-date: /home/harsh/ros2_project/install/px4_msgs/include/px4_msgs/px4_msgs/msg/detail/pwm_input__type_support.h\n'}
[1.898151] (px4_msgs) StdoutLine: {'line': b'-- Up-to-date: /home/harsh/ros2_project/install/px4_msgs/include/px4_msgs/px4_msgs/msg/detail/vehicle_global_position__type_support.h\n'}
[1.898384] (px4_msgs) StdoutLine: {'line': b'-- Installing: /home/harsh/ros2_project/install/px4_msgs/include/px4_msgs/px4_msgs/msg/detail/debug_array__type_support.c\n'}
[1.898536] (px4_msgs) StdoutLine: {'line': b'-- Up-to-date: /home/harsh/ros2_project/install/px4_msgs/include/px4_msgs/px4_msgs/msg/detail/actuator_motors__functions.c\n'}
[1.898678] (px4_msgs) StdoutLine: {'line': b'-- Up-to-date: /home/harsh/ros2_project/install/px4_msgs/include/px4_msgs/px4_msgs/msg/detail/manual_control_setpoint__functions.c\n'}
[1.898810] (px4_msgs) StdoutLine: {'line': b'-- Up-to-date: /home/harsh/ros2_project/install/px4_msgs/include/px4_msgs/px4_msgs/msg/detail/differential_drive_setpoint__type_support.h\n'}
[1.898937] (px4_msgs) StdoutLine: {'line': b'-- Up-to-date: /home/harsh/ros2_project/install/px4_msgs/include/px4_msgs/px4_msgs/msg/detail/transponder_report__functions.h\n'}
[1.899064] (px4_msgs) StdoutLine: {'line': b'-- Installing: /home/harsh/ros2_project/install/px4_msgs/include/px4_msgs/px4_msgs/msg/detail/input_rc__type_support.c\n'}
[1.899228] (px4_msgs) StdoutLine: {'line': b'-- Installing: /home/harsh/ros2_project/install/px4_msgs/include/px4_msgs/px4_msgs/msg/detail/radio_status__type_support.c\n'}
[1.899392] (px4_msgs) StdoutLine: {'line': b'-- Up-to-date: /home/harsh/ros2_project/install/px4_msgs/include/px4_msgs/px4_msgs/msg/detail/collision_constraints__type_support.h\n'}
[1.899523] (px4_msgs) StdoutLine: {'line': b'-- Up-to-date: /home/harsh/ros2_project/install/px4_msgs/include/px4_msgs/px4_msgs/msg/detail/orb_test__struct.h\n'}
[1.899674] (px4_msgs) StdoutLine: {'line': b'-- Installing: /home/harsh/ros2_project/install/px4_msgs/include/px4_msgs/px4_msgs/msg/detail/figure_eight_status__type_support.c\n'}
[1.899879] (px4_msgs) StdoutLine: {'line': b'-- Up-to-date: /home/harsh/ros2_project/install/px4_msgs/include/px4_msgs/px4_msgs/msg/detail/yaw_estimator_status__description.c\n'}
[1.899997] (px4_msgs) StdoutLine: {'line': b'-- Up-to-date: /home/harsh/ros2_project/install/px4_msgs/include/px4_msgs/px4_msgs/msg/detail/pps_capture__description.c\n'}
[1.900068] (px4_msgs) StdoutLine: {'line': b'-- Up-to-date: /home/harsh/ros2_project/install/px4_msgs/include/px4_msgs/px4_msgs/msg/detail/parameter_set_used_request__type_support.h\n'}
[1.900151] (px4_msgs) StdoutLine: {'line': b'-- Up-to-date: /home/harsh/ros2_project/install/px4_msgs/include/px4_msgs/px4_msgs/msg/detail/gimbal_device_information__functions.c\n'}
[1.900208] (px4_msgs) StdoutLine: {'line': b'-- Up-to-date: /home/harsh/ros2_project/install/px4_msgs/include/px4_msgs/px4_msgs/msg/detail/follow_target_status__struct.h\n'}
[1.900292] (px4_msgs) StdoutLine: {'line': b'-- Up-to-date: /home/harsh/ros2_project/install/px4_msgs/include/px4_msgs/px4_msgs/msg/detail/estimator_gps_status__description.c\n'}
[1.900354] (px4_msgs) StdoutLine: {'line': b'-- Up-to-date: /home/harsh/ros2_project/install/px4_msgs/include/px4_msgs/px4_msgs/msg/detail/trajectory_setpoint__type_support.h\n'}
[1.900411] (px4_msgs) StdoutLine: {'line': b'-- Up-to-date: /home/harsh/ros2_project/install/px4_msgs/include/px4_msgs/px4_msgs/msg/detail/rpm__functions.c\n'}
[1.900472] (px4_msgs) StdoutLine: {'line': b'-- Up-to-date: /home/harsh/ros2_project/install/px4_msgs/include/px4_msgs/px4_msgs/msg/detail/generator_status__functions.c\n'}
[1.900553] (px4_msgs) StdoutLine: {'line': b'-- Up-to-date: /home/harsh/ros2_project/install/px4_msgs/include/px4_msgs/px4_msgs/msg/detail/vehicle_optical_flow__functions.h\n'}
[1.900627] (px4_msgs) StdoutLine: {'line': b'-- Up-to-date: /home/harsh/ros2_project/install/px4_msgs/include/px4_msgs/px4_msgs/msg/detail/heater_status__struct.h\n'}
[1.900692] (px4_msgs) StdoutLine: {'line': b'-- Up-to-date: /home/harsh/ros2_project/install/px4_msgs/include/px4_msgs/px4_msgs/msg/detail/action_request__functions.c\n'}
[1.900747] (px4_msgs) StdoutLine: {'line': b'-- Up-to-date: /home/harsh/ros2_project/install/px4_msgs/include/px4_msgs/px4_msgs/msg/detail/geofence_status__type_support.h\n'}
[1.900800] (px4_msgs) StdoutLine: {'line': b'-- Installing: /home/harsh/ros2_project/install/px4_msgs/include/px4_msgs/px4_msgs/msg/detail/follow_target_status__type_support.c\n'}
[1.900854] (px4_msgs) StdoutLine: {'line': b'-- Up-to-date: /home/harsh/ros2_project/install/px4_msgs/include/px4_msgs/px4_msgs/msg/detail/debug_key_value__functions.c\n'}
[1.900911] (px4_msgs) StdoutLine: {'line': b'-- Installing: /home/harsh/ros2_project/install/px4_msgs/include/px4_msgs/px4_msgs/msg/detail/vehicle_air_data__type_support.c\n'}
[1.900963] (px4_msgs) StdoutLine: {'line': b'-- Installing: /home/harsh/ros2_project/install/px4_msgs/include/px4_msgs/px4_msgs/msg/detail/hover_thrust_estimate__type_support.c\n'}
[1.901015] (px4_msgs) StdoutLine: {'line': b'-- Up-to-date: /home/harsh/ros2_project/install/px4_msgs/include/px4_msgs/px4_msgs/msg/detail/cpuload__functions.c\n'}
[1.901076] (px4_msgs) StdoutLine: {'line': b'-- Up-to-date: /home/harsh/ros2_project/install/px4_msgs/include/px4_msgs/px4_msgs/msg/detail/message_format_request__struct.h\n'}
[1.901157] (px4_msgs) StdoutLine: {'line': b'-- Up-to-date: /home/harsh/ros2_project/install/px4_msgs/include/px4_msgs/px4_msgs/msg/detail/led_control__description.c\n'}
[1.901222] (px4_msgs) StdoutLine: {'line': b'-- Up-to-date: /home/harsh/ros2_project/install/px4_msgs/include/px4_msgs/px4_msgs/msg/detail/sensor_selection__functions.c\n'}
[1.901306] (px4_msgs) StdoutLine: {'line': b'-- Up-to-date: /home/harsh/ros2_project/install/px4_msgs/include/px4_msgs/px4_msgs/msg/detail/position_controller_landing_status__functions.h\n'}
[1.901363] (px4_msgs) StdoutLine: {'line': b'-- Up-to-date: /home/harsh/ros2_project/install/px4_msgs/include/px4_msgs/px4_msgs/msg/detail/event__type_support.h\n'}
[1.901415] (px4_msgs) StdoutLine: {'line': b'-- Installing: /home/harsh/ros2_project/install/px4_msgs/include/px4_msgs/px4_msgs/msg/detail/esc_report__type_support.c\n'}
[1.901469] (px4_msgs) StdoutLine: {'line': b'-- Up-to-date: /home/harsh/ros2_project/install/px4_msgs/include/px4_msgs/px4_msgs/msg/detail/position_setpoint__description.c\n'}
[1.901521] (px4_msgs) StdoutLine: {'line': b'-- Up-to-date: /home/harsh/ros2_project/install/px4_msgs/include/px4_msgs/px4_msgs/msg/detail/gimbal_device_set_attitude__functions.c\n'}
[1.901574] (px4_msgs) StdoutLine: {'line': b'-- Up-to-date: /home/harsh/ros2_project/install/px4_msgs/include/px4_msgs/px4_msgs/msg/detail/arming_check_request__description.c\n'}
[1.901625] (px4_msgs) StdoutLine: {'line': b'-- Up-to-date: /home/harsh/ros2_project/install/px4_msgs/include/px4_msgs/px4_msgs/msg/detail/sensor_gyro__type_support.h\n'}
[1.901678] (px4_msgs) StdoutLine: {'line': b'-- Up-to-date: /home/harsh/ros2_project/install/px4_msgs/include/px4_msgs/px4_msgs/msg/detail/vehicle_control_mode__functions.h\n'}
[1.901731] (px4_msgs) StdoutLine: {'line': b'-- Up-to-date: /home/harsh/ros2_project/install/px4_msgs/include/px4_msgs/px4_msgs/msg/detail/sensor_gnss_relative__struct.h\n'}
[1.901784] (px4_msgs) StdoutLine: {'line': b'-- Up-to-date: /home/harsh/ros2_project/install/px4_msgs/include/px4_msgs/px4_msgs/msg/detail/launch_detection_status__functions.h\n'}
[1.901835] (px4_msgs) StdoutLine: {'line': b'-- Up-to-date: /home/harsh/ros2_project/install/px4_msgs/include/px4_msgs/px4_msgs/msg/detail/sensor_accel__struct.h\n'}
[1.901886] (px4_msgs) StdoutLine: {'line': b'-- Up-to-date: /home/harsh/ros2_project/install/px4_msgs/include/px4_msgs/px4_msgs/msg/detail/parameter_update__functions.h\n'}
[1.901939] (px4_msgs) StdoutLine: {'line': b'-- Installing: /home/harsh/ros2_project/install/px4_msgs/include/px4_msgs/px4_msgs/msg/detail/failure_detector_status__type_support.c\n'}
[1.901993] (px4_msgs) StdoutLine: {'line': b'-- Installing: /home/harsh/ros2_project/install/px4_msgs/include/px4_msgs/px4_msgs/msg/detail/actuator_outputs__type_support.c\n'}
[1.902050] (px4_msgs) StdoutLine: {'line': b'-- Up-to-date: /home/harsh/ros2_project/install/px4_msgs/include/px4_msgs/px4_msgs/msg/detail/gpio_request__description.c\n'}
[1.902105] (px4_msgs) StdoutLine: {'line': b'-- Up-to-date: /home/harsh/ros2_project/install/px4_msgs/include/px4_msgs/px4_msgs/msg/detail/mount_orientation__type_support.h\n'}
[1.902158] (px4_msgs) StdoutLine: {'line': b'-- Up-to-date: /home/harsh/ros2_project/install/px4_msgs/include/px4_msgs/px4_msgs/msg/detail/differential_drive_setpoint__description.c\n'}
[1.902211] (px4_msgs) StdoutLine: {'line': b'-- Up-to-date: /home/harsh/ros2_project/install/px4_msgs/include/px4_msgs/px4_msgs/msg/detail/vehicle_land_detected__description.c\n'}
[1.902279] (px4_msgs) StdoutLine: {'line': b'-- Up-to-date: /home/harsh/ros2_project/install/px4_msgs/include/px4_msgs/px4_msgs/msg/detail/actuator_test__struct.h\n'}
[1.902336] (px4_msgs) StdoutLine: {'line': b'-- Up-to-date: /home/harsh/ros2_project/install/px4_msgs/include/px4_msgs/px4_msgs/msg/detail/estimator_selector_status__struct.h\n'}
[1.902389] (px4_msgs) StdoutLine: {'line': b'-- Up-to-date: /home/harsh/ros2_project/install/px4_msgs/include/px4_msgs/px4_msgs/msg/detail/debug_value__type_support.h\n'}
[1.902442] (px4_msgs) StdoutLine: {'line': b'-- Up-to-date: /home/harsh/ros2_project/install/px4_msgs/include/px4_msgs/px4_msgs/msg/detail/estimator_sensor_bias__functions.c\n'}
[1.902511] (px4_msgs) StdoutLine: {'line': b'-- Up-to-date: /home/harsh/ros2_project/install/px4_msgs/include/px4_msgs/px4_msgs/msg/detail/mission__functions.h\n'}
[1.902563] (px4_msgs) StdoutLine: {'line': b'-- Installing: /home/harsh/ros2_project/install/px4_msgs/include/px4_msgs/px4_msgs/msg/detail/actuator_test__type_support.c\n'}
[1.902615] (px4_msgs) StdoutLine: {'line': b'-- Up-to-date: /home/harsh/ros2_project/install/px4_msgs/include/px4_msgs/px4_msgs/msg/detail/sensor_correction__functions.c\n'}
[1.902667] (px4_msgs) StdoutLine: {'line': b'-- Up-to-date: /home/harsh/ros2_project/install/px4_msgs/include/px4_msgs/px4_msgs/msg/detail/onboard_computer_status__description.c\n'}
[1.902720] (px4_msgs) StdoutLine: {'line': b'-- Up-to-date: /home/harsh/ros2_project/install/px4_msgs/include/px4_msgs/px4_msgs/msg/detail/orb_test__description.c\n'}
[1.902773] (px4_msgs) StdoutLine: {'line': b'-- Up-to-date: /home/harsh/ros2_project/install/px4_msgs/include/px4_msgs/px4_msgs/msg/detail/dataman_request__description.c\n'}
[1.902825] (px4_msgs) StdoutLine: {'line': b'-- Up-to-date: /home/harsh/ros2_project/install/px4_msgs/include/px4_msgs/px4_msgs/msg/detail/velocity_limits__struct.h\n'}
[1.902875] (px4_msgs) StdoutLine: {'line': b'-- Up-to-date: /home/harsh/ros2_project/install/px4_msgs/include/px4_msgs/px4_msgs/msg/detail/estimator_status_flags__functions.h\n'}
[1.902925] (px4_msgs) StdoutLine: {'line': b'-- Up-to-date: /home/harsh/ros2_project/install/px4_msgs/include/px4_msgs/px4_msgs/msg/detail/hover_thrust_estimate__functions.c\n'}
[1.902976] (px4_msgs) StdoutLine: {'line': b'-- Installing: /home/harsh/ros2_project/install/px4_msgs/include/px4_msgs/px4_msgs/msg/detail/iridiumsbd_status__type_support.c\n'}
[1.903029] (px4_msgs) StdoutLine: {'line': b'-- Up-to-date: /home/harsh/ros2_project/install/px4_msgs/include/px4_msgs/px4_msgs/msg/detail/gimbal_manager_set_manual_control__description.c\n'}
[1.903082] (px4_msgs) StdoutLine: {'line': b'-- Up-to-date: /home/harsh/ros2_project/install/px4_msgs/include/px4_msgs/px4_msgs/msg/detail/mount_orientation__functions.c\n'}
[1.903133] (px4_msgs) StdoutLine: {'line': b'-- Up-to-date: /home/harsh/ros2_project/install/px4_msgs/include/px4_msgs/px4_msgs/msg/detail/gimbal_controls__functions.h\n'}
[1.903187] (px4_msgs) StdoutLine: {'line': b'-- Up-to-date: /home/harsh/ros2_project/install/px4_msgs/include/px4_msgs/px4_msgs/msg/detail/trajectory_waypoint__struct.h\n'}
[1.903249] (px4_msgs) StdoutLine: {'line': b'-- Up-to-date: /home/harsh/ros2_project/install/px4_msgs/include/px4_msgs/px4_msgs/msg/detail/control_allocator_status__functions.c\n'}
[1.903310] (px4_msgs) StdoutLine: {'line': b'-- Installing: /home/harsh/ros2_project/install/px4_msgs/include/px4_msgs/px4_msgs/msg/detail/normalized_unsigned_setpoint__type_support.c\n'}
[1.903368] (px4_msgs) StdoutLine: {'line': b'-- Up-to-date: /home/harsh/ros2_project/install/px4_msgs/include/px4_msgs/px4_msgs/msg/detail/orbit_status__description.c\n'}
[1.903422] (px4_msgs) StdoutLine: {'line': b'-- Up-to-date: /home/harsh/ros2_project/install/px4_msgs/include/px4_msgs/px4_msgs/msg/detail/goto_setpoint__struct.h\n'}
[1.903475] (px4_msgs) StdoutLine: {'line': b'-- Up-to-date: /home/harsh/ros2_project/install/px4_msgs/include/px4_msgs/px4_msgs/msg/detail/orb_test_medium__functions.h\n'}
[1.903529] (px4_msgs) StdoutLine: {'line': b'-- Up-to-date: /home/harsh/ros2_project/install/px4_msgs/include/px4_msgs/px4_msgs/msg/detail/message_format_request__type_support.h\n'}
[1.903580] (px4_msgs) StdoutLine: {'line': b'-- Up-to-date: /home/harsh/ros2_project/install/px4_msgs/include/px4_msgs/px4_msgs/msg/detail/event__functions.h\n'}
[1.903631] (px4_msgs) StdoutLine: {'line': b'-- Up-to-date: /home/harsh/ros2_project/install/px4_msgs/include/px4_msgs/px4_msgs/msg/detail/mount_orientation__description.c\n'}
[1.903683] (px4_msgs) StdoutLine: {'line': b'-- Up-to-date: /home/harsh/ros2_project/install/px4_msgs/include/px4_msgs/px4_msgs/msg/detail/landing_target_innovations__type_support.h\n'}
[1.903744] (px4_msgs) StdoutLine: {'line': b'-- Installing: /home/harsh/ros2_project/install/px4_msgs/include/px4_msgs/px4_msgs/msg/detail/vehicle_angular_acceleration_setpoint__type_support.c\n'}
[1.903823] (px4_msgs) StdoutLine: {'line': b'-- Up-to-date: /home/harsh/ros2_project/install/px4_msgs/include/px4_msgs/px4_msgs/msg/detail/action_request__functions.h\n'}
[1.903891] (px4_msgs) StdoutLine: {'line': b'-- Installing: /home/harsh/ros2_project/install/px4_msgs/include/px4_msgs/px4_msgs/msg/detail/qshell_req__type_support.c\n'}
[1.903944] (px4_msgs) StdoutLine: {'line': b'-- Up-to-date: /home/harsh/ros2_project/install/px4_msgs/include/px4_msgs/px4_msgs/msg/detail/sensor_correction__struct.h\n'}
[1.903998] (px4_msgs) StdoutLine: {'line': b'-- Up-to-date: /home/harsh/ros2_project/install/px4_msgs/include/px4_msgs/px4_msgs/msg/detail/magnetometer_bias_estimate__functions.c\n'}
[1.904054] (px4_msgs) StdoutLine: {'line': b'-- Up-to-date: /home/harsh/ros2_project/install/px4_msgs/include/px4_msgs/px4_msgs/msg/detail/qshell_retval__functions.h\n'}
[1.904108] (px4_msgs) StdoutLine: {'line': b'-- Installing: /home/harsh/ros2_project/install/px4_msgs/include/px4_msgs/px4_msgs/msg/detail/esc_status__type_support.c\n'}
[1.904163] (px4_msgs) StdoutLine: {'line': b'-- Up-to-date: /home/harsh/ros2_project/install/px4_msgs/include/px4_msgs/px4_msgs/msg/detail/sensor_gyro_fft__functions.c\n'}
[1.904218] (px4_msgs) StdoutLine: {'line': b'-- Up-to-date: /home/harsh/ros2_project/install/px4_msgs/include/px4_msgs/px4_msgs/msg/detail/vehicle_imu__struct.h\n'}
[1.904288] (px4_msgs) StdoutLine: {'line': b'-- Up-to-date: /home/harsh/ros2_project/install/px4_msgs/include/px4_msgs/px4_msgs/msg/detail/message_format_response__functions.h\n'}
[1.904343] (px4_msgs) StdoutLine: {'line': b'-- Up-to-date: /home/harsh/ros2_project/install/px4_msgs/include/px4_msgs/px4_msgs/msg/detail/actuator_controls_status__functions.h\n'}
[1.904397] (px4_msgs) StdoutLine: {'line': b'-- Up-to-date: /home/harsh/ros2_project/install/px4_msgs/include/px4_msgs/px4_msgs/msg/detail/vehicle_odometry__description.c\n'}
[1.904450] (px4_msgs) StdoutLine: {'line': b'-- Up-to-date: /home/harsh/ros2_project/install/px4_msgs/include/px4_msgs/px4_msgs/msg/detail/uavcan_parameter_value__struct.h\n'}
[1.904504] (px4_msgs) StdoutLine: {'line': b'-- Installing: /home/harsh/ros2_project/install/px4_msgs/include/px4_msgs/px4_msgs/msg/detail/actuator_armed__type_support.c\n'}
[1.904563] (px4_msgs) StdoutLine: {'line': b'-- Up-to-date: /home/harsh/ros2_project/install/px4_msgs/include/px4_msgs/px4_msgs/msg/detail/offboard_control_mode__struct.h\n'}
[1.904634] (px4_msgs) StdoutLine: {'line': b'-- Up-to-date: /home/harsh/ros2_project/install/px4_msgs/include/px4_msgs/px4_msgs/msg/detail/goto_setpoint__description.c\n'}
[1.904694] (px4_msgs) StdoutLine: {'line': b'-- Up-to-date: /home/harsh/ros2_project/install/px4_msgs/include/px4_msgs/px4_msgs/msg/detail/manual_control_switches__functions.h\n'}
[1.904766] (px4_msgs) StdoutLine: {'line': b'-- Installing: /home/harsh/ros2_project/install/px4_msgs/include/px4_msgs/px4_msgs/msg/detail/dataman_request__type_support.c\n'}
[1.904836] (px4_msgs) StdoutLine: {'line': b'-- Up-to-date: /home/harsh/ros2_project/install/px4_msgs/include/px4_msgs/px4_msgs/msg/detail/vehicle_imu__functions.h\n'}
[1.904893] (px4_msgs) StdoutLine: {'line': b'-- Installing: /home/harsh/ros2_project/install/px4_msgs/include/px4_msgs/px4_msgs/msg/detail/obstacle_distance__type_support.c\n'}
[1.904953] (px4_msgs) StdoutLine: {'line': b'-- Up-to-date: /home/harsh/ros2_project/install/px4_msgs/include/px4_msgs/px4_msgs/msg/detail/sensors_status_imu__description.c\n'}
[1.905010] (px4_msgs) StdoutLine: {'line': b'-- Up-to-date: /home/harsh/ros2_project/install/px4_msgs/include/px4_msgs/px4_msgs/msg/detail/mavlink_tunnel__struct.h\n'}
[1.905067] (-) TimerEvent: {}
[1.905191] (px4_msgs) StdoutLine: {'line': b'-- Up-to-date: /home/harsh/ros2_project/install/px4_msgs/include/px4_msgs/px4_msgs/msg/detail/vehicle_odometry__struct.h\n'}
[1.905284] (px4_msgs) StdoutLine: {'line': b'-- Up-to-date: /home/harsh/ros2_project/install/px4_msgs/include/px4_msgs/px4_msgs/msg/detail/vehicle_command__type_support.h\n'}
[1.905342] (px4_msgs) StdoutLine: {'line': b'-- Up-to-date: /home/harsh/ros2_project/install/px4_msgs/include/px4_msgs/px4_msgs/msg/detail/gripper__type_support.h\n'}
[1.905398] (px4_msgs) StdoutLine: {'line': b'-- Up-to-date: /home/harsh/ros2_project/install/px4_msgs/include/px4_msgs/px4_msgs/msg/detail/flight_phase_estimation__functions.h\n'}
[1.905455] (px4_msgs) StdoutLine: {'line': b'-- Up-to-date: /home/harsh/ros2_project/install/px4_msgs/include/px4_msgs/px4_msgs/msg/detail/parameter_set_value_response__description.c\n'}
[1.905508] (px4_msgs) StdoutLine: {'line': b'-- Up-to-date: /home/harsh/ros2_project/install/px4_msgs/include/px4_msgs/px4_msgs/msg/detail/tiltrotor_extra_controls__functions.h\n'}
[1.905561] (px4_msgs) StdoutLine: {'line': b'-- Up-to-date: /home/harsh/ros2_project/install/px4_msgs/include/px4_msgs/px4_msgs/msg/detail/tune_control__functions.h\n'}
[1.905613] (px4_msgs) StdoutLine: {'line': b'-- Up-to-date: /home/harsh/ros2_project/install/px4_msgs/include/px4_msgs/px4_msgs/msg/detail/sensor_mag__functions.c\n'}
[1.905665] (px4_msgs) StdoutLine: {'line': b'-- Installing: /home/harsh/ros2_project/install/px4_msgs/include/px4_msgs/px4_msgs/msg/detail/ping__type_support.c\n'}
[1.905721] (px4_msgs) StdoutLine: {'line': b'-- Up-to-date: /home/harsh/ros2_project/install/px4_msgs/include/px4_msgs/px4_msgs/msg/detail/vehicle_attitude__functions.c\n'}
[1.905777] (px4_msgs) StdoutLine: {'line': b'-- Up-to-date: /home/harsh/ros2_project/install/px4_msgs/include/px4_msgs/px4_msgs/msg/detail/sensor_gyro_fft__type_support.h\n'}
[1.905831] (px4_msgs) StdoutLine: {'line': b'-- Up-to-date: /home/harsh/ros2_project/install/px4_msgs/include/px4_msgs/px4_msgs/msg/detail/landing_target_pose__functions.h\n'}
[1.905890] (px4_msgs) StdoutLine: {'line': b'-- Up-to-date: /home/harsh/ros2_project/install/px4_msgs/include/px4_msgs/px4_msgs/msg/detail/adc_report__description.c\n'}
[1.905940] (px4_msgs) StdoutLine: {'line': b'-- Up-to-date: /home/harsh/ros2_project/install/px4_msgs/include/px4_msgs/px4_msgs/msg/detail/gps_dump__description.c\n'}
[1.905991] (px4_msgs) StdoutLine: {'line': b'-- Up-to-date: /home/harsh/ros2_project/install/px4_msgs/include/px4_msgs/px4_msgs/msg/detail/gps_dump__functions.h\n'}
[1.906042] (px4_msgs) StdoutLine: {'line': b'-- Up-to-date: /home/harsh/ros2_project/install/px4_msgs/include/px4_msgs/px4_msgs/msg/detail/mag_worker_data__struct.h\n'}
[1.906093] (px4_msgs) StdoutLine: {'line': b'-- Up-to-date: /home/harsh/ros2_project/install/px4_msgs/include/px4_msgs/px4_msgs/msg/detail/heater_status__functions.c\n'}
[1.906143] (px4_msgs) StdoutLine: {'line': b'-- Up-to-date: /home/harsh/ros2_project/install/px4_msgs/include/px4_msgs/px4_msgs/msg/detail/iridiumsbd_status__description.c\n'}
[1.906193] (px4_msgs) StdoutLine: {'line': b'-- Up-to-date: /home/harsh/ros2_project/install/px4_msgs/include/px4_msgs/px4_msgs/msg/detail/gimbal_manager_information__description.c\n'}
[1.906252] (px4_msgs) StdoutLine: {'line': b'-- Up-to-date: /home/harsh/ros2_project/install/px4_msgs/include/px4_msgs/px4_msgs/msg/detail/ulog_stream__functions.c\n'}
[1.906307] (px4_msgs) StdoutLine: {'line': b'-- Installing: /home/harsh/ros2_project/install/px4_msgs/include/px4_msgs/px4_msgs/msg/detail/estimator_status_flags__type_support.c\n'}
[1.906359] (px4_msgs) StdoutLine: {'line': b'-- Installing: /home/harsh/ros2_project/install/px4_msgs/include/px4_msgs/px4_msgs/msg/detail/gpio_out__type_support.c\n'}
[1.906412] (px4_msgs) StdoutLine: {'line': b'-- Up-to-date: /home/harsh/ros2_project/install/px4_msgs/include/px4_msgs/px4_msgs/msg/detail/gripper__struct.h\n'}
[1.906464] (px4_msgs) StdoutLine: {'line': b'-- Up-to-date: /home/harsh/ros2_project/install/px4_msgs/include/px4_msgs/px4_msgs/msg/detail/cpuload__functions.h\n'}
[1.906515] (px4_msgs) StdoutLine: {'line': b'-- Up-to-date: /home/harsh/ros2_project/install/px4_msgs/include/px4_msgs/px4_msgs/msg/detail/internal_combustion_engine_status__type_support.h\n'}
[1.906570] (px4_msgs) StdoutLine: {'line': b'-- Up-to-date: /home/harsh/ros2_project/install/px4_msgs/include/px4_msgs/px4_msgs/msg/detail/sensor_baro__functions.c\n'}
[1.906621] (px4_msgs) StdoutLine: {'line': b'-- Up-to-date: /home/harsh/ros2_project/install/px4_msgs/include/px4_msgs/px4_msgs/srv\n'}
[1.906673] (px4_msgs) StdoutLine: {'line': b'-- Up-to-date: /home/harsh/ros2_project/install/px4_msgs/include/px4_msgs/px4_msgs/srv/vehicle_command.h\n'}
[1.906724] (px4_msgs) StdoutLine: {'line': b'-- Up-to-date: /home/harsh/ros2_project/install/px4_msgs/include/px4_msgs/px4_msgs/srv/detail\n'}
[1.906773] (px4_msgs) StdoutLine: {'line': b'-- Up-to-date: /home/harsh/ros2_project/install/px4_msgs/include/px4_msgs/px4_msgs/srv/detail/vehicle_command__functions.c\n'}
[1.906824] (px4_msgs) StdoutLine: {'line': b'-- Up-to-date: /home/harsh/ros2_project/install/px4_msgs/include/px4_msgs/px4_msgs/srv/detail/vehicle_command__functions.h\n'}
[1.906873] (px4_msgs) StdoutLine: {'line': b'-- Installing: /home/harsh/ros2_project/install/px4_msgs/include/px4_msgs/px4_msgs/srv/detail/vehicle_command__type_support.c\n'}
[1.906925] (px4_msgs) StdoutLine: {'line': b'-- Up-to-date: /home/harsh/ros2_project/install/px4_msgs/include/px4_msgs/px4_msgs/srv/detail/vehicle_command__struct.h\n'}
[1.906979] (px4_msgs) StdoutLine: {'line': b'-- Up-to-date: /home/harsh/ros2_project/install/px4_msgs/include/px4_msgs/px4_msgs/srv/detail/vehicle_command__description.c\n'}
[1.907031] (px4_msgs) StdoutLine: {'line': b'-- Up-to-date: /home/harsh/ros2_project/install/px4_msgs/include/px4_msgs/px4_msgs/srv/detail/vehicle_command__type_support.h\n'}
[1.907083] (px4_msgs) StdoutLine: {'line': b'-- Up-to-date: /home/harsh/ros2_project/install/px4_msgs/share/px4_msgs/environment/library_path.sh\n'}
[1.907134] (px4_msgs) StdoutLine: {'line': b'-- Up-to-date: /home/harsh/ros2_project/install/px4_msgs/share/px4_msgs/environment/library_path.dsv\n'}
[1.907190] (px4_msgs) StdoutLine: {'line': b'-- Up-to-date: /home/harsh/ros2_project/install/px4_msgs/lib/libpx4_msgs__rosidl_generator_c.so\n'}
[1.907251] (px4_msgs) StdoutLine: {'line': b'-- Up-to-date: /home/harsh/ros2_project/install/px4_msgs/include/px4_msgs/px4_msgs\n'}
[1.907307] (px4_msgs) StdoutLine: {'line': b'-- Up-to-date: /home/harsh/ros2_project/install/px4_msgs/include/px4_msgs/px4_msgs/msg\n'}
[1.907358] (px4_msgs) StdoutLine: {'line': b'-- Up-to-date: /home/harsh/ros2_project/install/px4_msgs/include/px4_msgs/px4_msgs/msg/rosidl_typesupport_fastrtps_c__visibility_control.h\n'}
[1.907413] (px4_msgs) StdoutLine: {'line': b'-- Up-to-date: /home/harsh/ros2_project/install/px4_msgs/include/px4_msgs/px4_msgs/msg/detail\n'}
[1.907466] (px4_msgs) StdoutLine: {'line': b'-- Up-to-date: /home/harsh/ros2_project/install/px4_msgs/include/px4_msgs/px4_msgs/msg/detail/airspeed_wind__rosidl_typesupport_fastrtps_c.h\n'}
[1.907519] (px4_msgs) StdoutLine: {'line': b'-- Up-to-date: /home/harsh/ros2_project/install/px4_msgs/include/px4_msgs/px4_msgs/msg/detail/power_monitor__rosidl_typesupport_fastrtps_c.h\n'}
[1.907570] (px4_msgs) StdoutLine: {'line': b'-- Up-to-date: /home/harsh/ros2_project/install/px4_msgs/include/px4_msgs/px4_msgs/msg/detail/can_interface_status__rosidl_typesupport_fastrtps_c.h\n'}
[1.907621] (px4_msgs) StdoutLine: {'line': b'-- Up-to-date: /home/harsh/ros2_project/install/px4_msgs/include/px4_msgs/px4_msgs/msg/detail/debug_value__rosidl_typesupport_fastrtps_c.h\n'}
[1.907672] (px4_msgs) StdoutLine: {'line': b'-- Up-to-date: /home/harsh/ros2_project/install/px4_msgs/include/px4_msgs/px4_msgs/msg/detail/geofence_status__rosidl_typesupport_fastrtps_c.h\n'}
[1.907731] (px4_msgs) StdoutLine: {'line': b'-- Up-to-date: /home/harsh/ros2_project/install/px4_msgs/include/px4_msgs/px4_msgs/msg/detail/vehicle_acceleration__rosidl_typesupport_fastrtps_c.h\n'}
[1.907790] (px4_msgs) StdoutLine: {'line': b'-- Up-to-date: /home/harsh/ros2_project/install/px4_msgs/include/px4_msgs/px4_msgs/msg/detail/esc_report__rosidl_typesupport_fastrtps_c.h\n'}
[1.907867] (px4_msgs) StdoutLine: {'line': b'-- Up-to-date: /home/harsh/ros2_project/install/px4_msgs/include/px4_msgs/px4_msgs/msg/detail/rc_parameter_map__rosidl_typesupport_fastrtps_c.h\n'}
[1.907927] (px4_msgs) StdoutLine: {'line': b'-- Up-to-date: /home/harsh/ros2_project/install/px4_msgs/include/px4_msgs/px4_msgs/msg/detail/register_ext_component_reply__rosidl_typesupport_fastrtps_c.h\n'}
[1.907982] (px4_msgs) StdoutLine: {'line': b'-- Up-to-date: /home/harsh/ros2_project/install/px4_msgs/include/px4_msgs/px4_msgs/msg/detail/estimator_aid_source3d__rosidl_typesupport_fastrtps_c.h\n'}
[1.908038] (px4_msgs) StdoutLine: {'line': b'-- Up-to-date: /home/harsh/ros2_project/install/px4_msgs/include/px4_msgs/px4_msgs/msg/detail/gpio_request__rosidl_typesupport_fastrtps_c.h\n'}
[1.908092] (px4_msgs) StdoutLine: {'line': b'-- Up-to-date: /home/harsh/ros2_project/install/px4_msgs/include/px4_msgs/px4_msgs/msg/detail/cpuload__rosidl_typesupport_fastrtps_c.h\n'}
[1.908146] (px4_msgs) StdoutLine: {'line': b'-- Up-to-date: /home/harsh/ros2_project/install/px4_msgs/include/px4_msgs/px4_msgs/msg/detail/differential_drive_setpoint__rosidl_typesupport_fastrtps_c.h\n'}
[1.908205] (px4_msgs) StdoutLine: {'line': b'-- Up-to-date: /home/harsh/ros2_project/install/px4_msgs/include/px4_msgs/px4_msgs/msg/detail/actuator_motors__rosidl_typesupport_fastrtps_c.h\n'}
[1.908282] (px4_msgs) StdoutLine: {'line': b'-- Up-to-date: /home/harsh/ros2_project/install/px4_msgs/include/px4_msgs/px4_msgs/msg/detail/trajectory_waypoint__rosidl_typesupport_fastrtps_c.h\n'}
[1.908339] (px4_msgs) StdoutLine: {'line': b'-- Up-to-date: /home/harsh/ros2_project/install/px4_msgs/include/px4_msgs/px4_msgs/msg/detail/launch_detection_status__rosidl_typesupport_fastrtps_c.h\n'}
[1.908394] (px4_msgs) StdoutLine: {'line': b'-- Up-to-date: /home/harsh/ros2_project/install/px4_msgs/include/px4_msgs/px4_msgs/msg/detail/dataman_response__rosidl_typesupport_fastrtps_c.h\n'}
[1.908457] (px4_msgs) StdoutLine: {'line': b'-- Up-to-date: /home/harsh/ros2_project/install/px4_msgs/include/px4_msgs/px4_msgs/msg/detail/vehicle_control_mode__rosidl_typesupport_fastrtps_c.h\n'}
[1.908530] (px4_msgs) StdoutLine: {'line': b'-- Up-to-date: /home/harsh/ros2_project/install/px4_msgs/include/px4_msgs/px4_msgs/msg/detail/estimator_selector_status__rosidl_typesupport_fastrtps_c.h\n'}
[1.908586] (px4_msgs) StdoutLine: {'line': b'-- Up-to-date: /home/harsh/ros2_project/install/px4_msgs/include/px4_msgs/px4_msgs/msg/detail/log_message__rosidl_typesupport_fastrtps_c.h\n'}
[1.908640] (px4_msgs) StdoutLine: {'line': b'-- Up-to-date: /home/harsh/ros2_project/install/px4_msgs/include/px4_msgs/px4_msgs/msg/detail/collision_report__rosidl_typesupport_fastrtps_c.h\n'}
[1.908693] (px4_msgs) StdoutLine: {'line': b'-- Up-to-date: /home/harsh/ros2_project/install/px4_msgs/include/px4_msgs/px4_msgs/msg/detail/sensor_gyro__rosidl_typesupport_fastrtps_c.h\n'}
[1.908748] (px4_msgs) StdoutLine: {'line': b'-- Up-to-date: /home/harsh/ros2_project/install/px4_msgs/include/px4_msgs/px4_msgs/msg/detail/vehicle_command_ack__rosidl_typesupport_fastrtps_c.h\n'}
[1.908804] (px4_msgs) StdoutLine: {'line': b'-- Up-to-date: /home/harsh/ros2_project/install/px4_msgs/include/px4_msgs/px4_msgs/msg/detail/onboard_computer_status__rosidl_typesupport_fastrtps_c.h\n'}
[1.908866] (px4_msgs) StdoutLine: {'line': b'-- Up-to-date: /home/harsh/ros2_project/install/px4_msgs/include/px4_msgs/px4_msgs/msg/detail/telemetry_status__rosidl_typesupport_fastrtps_c.h\n'}
[1.908919] (px4_msgs) StdoutLine: {'line': b'-- Up-to-date: /home/harsh/ros2_project/install/px4_msgs/include/px4_msgs/px4_msgs/msg/detail/vtol_vehicle_status__rosidl_typesupport_fastrtps_c.h\n'}
[1.908974] (px4_msgs) StdoutLine: {'line': b'-- Up-to-date: /home/harsh/ros2_project/install/px4_msgs/include/px4_msgs/px4_msgs/msg/detail/estimator_bias__rosidl_typesupport_fastrtps_c.h\n'}
[1.909026] (px4_msgs) StdoutLine: {'line': b'-- Up-to-date: /home/harsh/ros2_project/install/px4_msgs/include/px4_msgs/px4_msgs/msg/detail/parameter_set_value_request__rosidl_typesupport_fastrtps_c.h\n'}
[1.909080] (px4_msgs) StdoutLine: {'line': b'-- Up-to-date: /home/harsh/ros2_project/install/px4_msgs/include/px4_msgs/px4_msgs/msg/detail/trajectory_setpoint__rosidl_typesupport_fastrtps_c.h\n'}
[1.909132] (px4_msgs) StdoutLine: {'line': b'-- Up-to-date: /home/harsh/ros2_project/install/px4_msgs/include/px4_msgs/px4_msgs/msg/detail/trajectory_bezier__rosidl_typesupport_fastrtps_c.h\n'}
[1.909183] (px4_msgs) StdoutLine: {'line': b'-- Up-to-date: /home/harsh/ros2_project/install/px4_msgs/include/px4_msgs/px4_msgs/msg/detail/failsafe_flags__rosidl_typesupport_fastrtps_c.h\n'}
[1.909242] (px4_msgs) StdoutLine: {'line': b'-- Up-to-date: /home/harsh/ros2_project/install/px4_msgs/include/px4_msgs/px4_msgs/msg/detail/battery_status__rosidl_typesupport_fastrtps_c.h\n'}
[1.909302] (px4_msgs) StdoutLine: {'line': b'-- Up-to-date: /home/harsh/ros2_project/install/px4_msgs/include/px4_msgs/px4_msgs/msg/detail/estimator_aid_source1d__rosidl_typesupport_fastrtps_c.h\n'}
[1.909360] (px4_msgs) StdoutLine: {'line': b'-- Up-to-date: /home/harsh/ros2_project/install/px4_msgs/include/px4_msgs/px4_msgs/msg/detail/mission_result__rosidl_typesupport_fastrtps_c.h\n'}
[1.909410] (px4_msgs) StdoutLine: {'line': b'-- Up-to-date: /home/harsh/ros2_project/install/px4_msgs/include/px4_msgs/px4_msgs/msg/detail/rpm__rosidl_typesupport_fastrtps_c.h\n'}
[1.909461] (px4_msgs) StdoutLine: {'line': b'-- Up-to-date: /home/harsh/ros2_project/install/px4_msgs/include/px4_msgs/px4_msgs/msg/detail/figure_eight_status__rosidl_typesupport_fastrtps_c.h\n'}
[1.909510] (px4_msgs) StdoutLine: {'line': b'-- Up-to-date: /home/harsh/ros2_project/install/px4_msgs/include/px4_msgs/px4_msgs/msg/detail/gps_inject_data__rosidl_typesupport_fastrtps_c.h\n'}
[1.909560] (px4_msgs) StdoutLine: {'line': b'-- Up-to-date: /home/harsh/ros2_project/install/px4_msgs/include/px4_msgs/px4_msgs/msg/detail/px4io_status__rosidl_typesupport_fastrtps_c.h\n'}
[1.909612] (px4_msgs) StdoutLine: {'line': b'-- Up-to-date: /home/harsh/ros2_project/install/px4_msgs/include/px4_msgs/px4_msgs/msg/detail/sensor_optical_flow__rosidl_typesupport_fastrtps_c.h\n'}
[1.909664] (px4_msgs) StdoutLine: {'line': b'-- Up-to-date: /home/harsh/ros2_project/install/px4_msgs/include/px4_msgs/px4_msgs/msg/detail/internal_combustion_engine_status__rosidl_typesupport_fastrtps_c.h\n'}
[1.909715] (px4_msgs) StdoutLine: {'line': b'-- Up-to-date: /home/harsh/ros2_project/install/px4_msgs/include/px4_msgs/px4_msgs/msg/detail/gimbal_manager_set_manual_control__rosidl_typesupport_fastrtps_c.h\n'}
[1.909765] (px4_msgs) StdoutLine: {'line': b'-- Up-to-date: /home/harsh/ros2_project/install/px4_msgs/include/px4_msgs/px4_msgs/msg/detail/actuator_controls_status__rosidl_typesupport_fastrtps_c.h\n'}
[1.909816] (px4_msgs) StdoutLine: {'line': b'-- Up-to-date: /home/harsh/ros2_project/install/px4_msgs/include/px4_msgs/px4_msgs/msg/detail/follow_target__rosidl_typesupport_fastrtps_c.h\n'}
[1.909867] (px4_msgs) StdoutLine: {'line': b'-- Up-to-date: /home/harsh/ros2_project/install/px4_msgs/include/px4_msgs/px4_msgs/msg/detail/gimbal_device_set_attitude__rosidl_typesupport_fastrtps_c.h\n'}
[1.909917] (px4_msgs) StdoutLine: {'line': b'-- Up-to-date: /home/harsh/ros2_project/install/px4_msgs/include/px4_msgs/px4_msgs/msg/detail/satellite_info__rosidl_typesupport_fastrtps_c.h\n'}
[1.909968] (px4_msgs) StdoutLine: {'line': b'-- Up-to-date: /home/harsh/ros2_project/install/px4_msgs/include/px4_msgs/px4_msgs/msg/detail/takeoff_status__rosidl_typesupport_fastrtps_c.h\n'}
[1.910018] (px4_msgs) StdoutLine: {'line': b'-- Up-to-date: /home/harsh/ros2_project/install/px4_msgs/include/px4_msgs/px4_msgs/msg/detail/sensor_accel_fifo__rosidl_typesupport_fastrtps_c.h\n'}
[1.910070] (px4_msgs) StdoutLine: {'line': b'-- Up-to-date: /home/harsh/ros2_project/install/px4_msgs/include/px4_msgs/px4_msgs/msg/detail/vehicle_rates_setpoint__rosidl_typesupport_fastrtps_c.h\n'}
[1.910121] (px4_msgs) StdoutLine: {'line': b'-- Up-to-date: /home/harsh/ros2_project/install/px4_msgs/include/px4_msgs/px4_msgs/msg/detail/npfg_status__rosidl_typesupport_fastrtps_c.h\n'}
[1.910177] (px4_msgs) StdoutLine: {'line': b'-- Up-to-date: /home/harsh/ros2_project/install/px4_msgs/include/px4_msgs/px4_msgs/msg/detail/home_position__rosidl_typesupport_fastrtps_c.h\n'}
[1.910239] (px4_msgs) StdoutLine: {'line': b'-- Up-to-date: /home/harsh/ros2_project/install/px4_msgs/include/px4_msgs/px4_msgs/msg/detail/position_controller_landing_status__rosidl_typesupport_fastrtps_c.h\n'}
[1.910298] (px4_msgs) StdoutLine: {'line': b'-- Up-to-date: /home/harsh/ros2_project/install/px4_msgs/include/px4_msgs/px4_msgs/msg/detail/mavlink_tunnel__rosidl_typesupport_fastrtps_c.h\n'}
[1.910349] (px4_msgs) StdoutLine: {'line': b'-- Up-to-date: /home/harsh/ros2_project/install/px4_msgs/include/px4_msgs/px4_msgs/msg/detail/wind__rosidl_typesupport_fastrtps_c.h\n'}
[1.910403] (px4_msgs) StdoutLine: {'line': b'-- Up-to-date: /home/harsh/ros2_project/install/px4_msgs/include/px4_msgs/px4_msgs/msg/detail/arming_check_request__rosidl_typesupport_fastrtps_c.h\n'}
[1.910455] (px4_msgs) StdoutLine: {'line': b'-- Up-to-date: /home/harsh/ros2_project/install/px4_msgs/include/px4_msgs/px4_msgs/msg/detail/debug_array__rosidl_typesupport_fastrtps_c.h\n'}
[1.910508] (px4_msgs) StdoutLine: {'line': b'-- Up-to-date: /home/harsh/ros2_project/install/px4_msgs/include/px4_msgs/px4_msgs/msg/detail/sensor_accel__rosidl_typesupport_fastrtps_c.h\n'}
[1.910561] (px4_msgs) StdoutLine: {'line': b'-- Up-to-date: /home/harsh/ros2_project/install/px4_msgs/include/px4_msgs/px4_msgs/msg/detail/gripper__rosidl_typesupport_fastrtps_c.h\n'}
[1.910613] (px4_msgs) StdoutLine: {'line': b'-- Up-to-date: /home/harsh/ros2_project/install/px4_msgs/include/px4_msgs/px4_msgs/msg/detail/debug_vect__rosidl_typesupport_fastrtps_c.h\n'}
[1.910665] (px4_msgs) StdoutLine: {'line': b'-- Up-to-date: /home/harsh/ros2_project/install/px4_msgs/include/px4_msgs/px4_msgs/msg/detail/task_stack_info__rosidl_typesupport_fastrtps_c.h\n'}
[1.910717] (px4_msgs) StdoutLine: {'line': b'-- Up-to-date: /home/harsh/ros2_project/install/px4_msgs/include/px4_msgs/px4_msgs/msg/detail/estimator_gps_status__rosidl_typesupport_fastrtps_c.h\n'}
[1.910770] (px4_msgs) StdoutLine: {'line': b'-- Up-to-date: /home/harsh/ros2_project/install/px4_msgs/include/px4_msgs/px4_msgs/msg/detail/sensor_gps__rosidl_typesupport_fastrtps_c.h\n'}
[1.910826] (px4_msgs) StdoutLine: {'line': b'-- Up-to-date: /home/harsh/ros2_project/install/px4_msgs/include/px4_msgs/px4_msgs/msg/detail/estimator_status_flags__rosidl_typesupport_fastrtps_c.h\n'}
[1.910878] (px4_msgs) StdoutLine: {'line': b'-- Up-to-date: /home/harsh/ros2_project/install/px4_msgs/include/px4_msgs/px4_msgs/msg/detail/sensor_gyro_fifo__rosidl_typesupport_fastrtps_c.h\n'}
[1.910930] (px4_msgs) StdoutLine: {'line': b'-- Up-to-date: /home/harsh/ros2_project/install/px4_msgs/include/px4_msgs/px4_msgs/msg/detail/velocity_limits__rosidl_typesupport_fastrtps_c.h\n'}
[1.910984] (px4_msgs) StdoutLine: {'line': b'-- Up-to-date: /home/harsh/ros2_project/install/px4_msgs/include/px4_msgs/px4_msgs/msg/detail/tiltrotor_extra_controls__rosidl_typesupport_fastrtps_c.h\n'}
[1.911036] (px4_msgs) StdoutLine: {'line': b'-- Up-to-date: /home/harsh/ros2_project/install/px4_msgs/include/px4_msgs/px4_msgs/msg/detail/tecs_status__rosidl_typesupport_fastrtps_c.h\n'}
[1.911088] (px4_msgs) StdoutLine: {'line': b'-- Up-to-date: /home/harsh/ros2_project/install/px4_msgs/include/px4_msgs/px4_msgs/msg/detail/vehicle_imu__rosidl_typesupport_fastrtps_c.h\n'}
[1.911139] (px4_msgs) StdoutLine: {'line': b'-- Up-to-date: /home/harsh/ros2_project/install/px4_msgs/include/px4_msgs/px4_msgs/msg/detail/actuator_test__rosidl_typesupport_fastrtps_c.h\n'}
[1.911193] (px4_msgs) StdoutLine: {'line': b'-- Up-to-date: /home/harsh/ros2_project/install/px4_msgs/include/px4_msgs/px4_msgs/msg/detail/rc_channels__rosidl_typesupport_fastrtps_c.h\n'}
[1.911250] (px4_msgs) StdoutLine: {'line': b'-- Up-to-date: /home/harsh/ros2_project/install/px4_msgs/include/px4_msgs/px4_msgs/msg/detail/airspeed_validated__rosidl_typesupport_fastrtps_c.h\n'}
[1.911307] (px4_msgs) StdoutLine: {'line': b'-- Up-to-date: /home/harsh/ros2_project/install/px4_msgs/include/px4_msgs/px4_msgs/msg/detail/geofence_result__rosidl_typesupport_fastrtps_c.h\n'}
[1.911363] (px4_msgs) StdoutLine: {'line': b'-- Up-to-date: /home/harsh/ros2_project/install/px4_msgs/include/px4_msgs/px4_msgs/msg/detail/vehicle_local_position_setpoint__rosidl_typesupport_fastrtps_c.h\n'}
[1.911418] (px4_msgs) StdoutLine: {'line': b'-- Up-to-date: /home/harsh/ros2_project/install/px4_msgs/include/px4_msgs/px4_msgs/msg/detail/vehicle_trajectory_bezier__rosidl_typesupport_fastrtps_c.h\n'}
[1.911471] (px4_msgs) StdoutLine: {'line': b'-- Up-to-date: /home/harsh/ros2_project/install/px4_msgs/include/px4_msgs/px4_msgs/msg/detail/landing_target_innovations__rosidl_typesupport_fastrtps_c.h\n'}
[1.911526] (px4_msgs) StdoutLine: {'line': b'-- Up-to-date: /home/harsh/ros2_project/install/px4_msgs/include/px4_msgs/px4_msgs/msg/detail/hover_thrust_estimate__rosidl_typesupport_fastrtps_c.h\n'}
[1.911579] (px4_msgs) StdoutLine: {'line': b'-- Up-to-date: /home/harsh/ros2_project/install/px4_msgs/include/px4_msgs/px4_msgs/msg/detail/gimbal_manager_information__rosidl_typesupport_fastrtps_c.h\n'}
[1.911631] (px4_msgs) StdoutLine: {'line': b'-- Up-to-date: /home/harsh/ros2_project/install/px4_msgs/include/px4_msgs/px4_msgs/msg/detail/mode_completed__rosidl_typesupport_fastrtps_c.h\n'}
[1.911693] (px4_msgs) StdoutLine: {'line': b'-- Up-to-date: /home/harsh/ros2_project/install/px4_msgs/include/px4_msgs/px4_msgs/msg/detail/led_control__rosidl_typesupport_fastrtps_c.h\n'}
[1.911770] (px4_msgs) StdoutLine: {'line': b'-- Up-to-date: /home/harsh/ros2_project/install/px4_msgs/include/px4_msgs/px4_msgs/msg/detail/mount_orientation__rosidl_typesupport_fastrtps_c.h\n'}
[1.911831] (px4_msgs) StdoutLine: {'line': b'-- Up-to-date: /home/harsh/ros2_project/install/px4_msgs/include/px4_msgs/px4_msgs/msg/detail/vehicle_optical_flow_vel__rosidl_typesupport_fastrtps_c.h\n'}
[1.911885] (px4_msgs) StdoutLine: {'line': b'-- Up-to-date: /home/harsh/ros2_project/install/px4_msgs/include/px4_msgs/px4_msgs/msg/detail/estimator_status__rosidl_typesupport_fastrtps_c.h\n'}
[1.911937] (px4_msgs) StdoutLine: {'line': b'-- Up-to-date: /home/harsh/ros2_project/install/px4_msgs/include/px4_msgs/px4_msgs/msg/detail/cellular_status__rosidl_typesupport_fastrtps_c.h\n'}
[1.911991] (px4_msgs) StdoutLine: {'line': b'-- Up-to-date: /home/harsh/ros2_project/install/px4_msgs/include/px4_msgs/px4_msgs/msg/detail/vehicle_attitude__rosidl_typesupport_fastrtps_c.h\n'}
[1.912041] (px4_msgs) StdoutLine: {'line': b'-- Up-to-date: /home/harsh/ros2_project/install/px4_msgs/include/px4_msgs/px4_msgs/msg/detail/position_setpoint_triplet__rosidl_typesupport_fastrtps_c.h\n'}
[1.912117] (px4_msgs) StdoutLine: {'line': b'-- Up-to-date: /home/harsh/ros2_project/install/px4_msgs/include/px4_msgs/px4_msgs/msg/detail/wheel_encoders__rosidl_typesupport_fastrtps_c.h\n'}
[1.912176] (px4_msgs) StdoutLine: {'line': b'-- Up-to-date: /home/harsh/ros2_project/install/px4_msgs/include/px4_msgs/px4_msgs/msg/detail/buffer128__rosidl_typesupport_fastrtps_c.h\n'}
[1.912243] (px4_msgs) StdoutLine: {'line': b'-- Up-to-date: /home/harsh/ros2_project/install/px4_msgs/include/px4_msgs/px4_msgs/msg/detail/landing_target_pose__rosidl_typesupport_fastrtps_c.h\n'}
[1.912325] (px4_msgs) StdoutLine: {'line': b'-- Up-to-date: /home/harsh/ros2_project/install/px4_msgs/include/px4_msgs/px4_msgs/msg/detail/gpio_in__rosidl_typesupport_fastrtps_c.h\n'}
[1.912385] (px4_msgs) StdoutLine: {'line': b'-- Up-to-date: /home/harsh/ros2_project/install/px4_msgs/include/px4_msgs/px4_msgs/msg/detail/normalized_unsigned_setpoint__rosidl_typesupport_fastrtps_c.h\n'}
[1.912446] (px4_msgs) StdoutLine: {'line': b'-- Up-to-date: /home/harsh/ros2_project/install/px4_msgs/include/px4_msgs/px4_msgs/msg/detail/parameter_reset_request__rosidl_typesupport_fastrtps_c.h\n'}
[1.912500] (px4_msgs) StdoutLine: {'line': b'-- Up-to-date: /home/harsh/ros2_project/install/px4_msgs/include/px4_msgs/px4_msgs/msg/detail/vehicle_global_position__rosidl_typesupport_fastrtps_c.h\n'}
[1.912558] (px4_msgs) StdoutLine: {'line': b'-- Up-to-date: /home/harsh/ros2_project/install/px4_msgs/include/px4_msgs/px4_msgs/msg/detail/sensor_correction__rosidl_typesupport_fastrtps_c.h\n'}
[1.912612] (px4_msgs) StdoutLine: {'line': b'-- Up-to-date: /home/harsh/ros2_project/install/px4_msgs/include/px4_msgs/px4_msgs/msg/detail/control_allocator_status__rosidl_typesupport_fastrtps_c.h\n'}
[1.912667] (px4_msgs) StdoutLine: {'line': b'-- Up-to-date: /home/harsh/ros2_project/install/px4_msgs/include/px4_msgs/px4_msgs/msg/detail/estimator_innovations__rosidl_typesupport_fastrtps_c.h\n'}
[1.912722] (px4_msgs) StdoutLine: {'line': b'-- Up-to-date: /home/harsh/ros2_project/install/px4_msgs/include/px4_msgs/px4_msgs/msg/detail/vehicle_imu_status__rosidl_typesupport_fastrtps_c.h\n'}
[1.912806] (px4_msgs) StdoutLine: {'line': b'-- Up-to-date: /home/harsh/ros2_project/install/px4_msgs/include/px4_msgs/px4_msgs/msg/detail/mission__rosidl_typesupport_fastrtps_c.h\n'}
[1.912884] (px4_msgs) StdoutLine: {'line': b'-- Up-to-date: /home/harsh/ros2_project/install/px4_msgs/include/px4_msgs/px4_msgs/msg/detail/sensor_mag__rosidl_typesupport_fastrtps_c.h\n'}
[1.912951] (px4_msgs) StdoutLine: {'line': b'-- Up-to-date: /home/harsh/ros2_project/install/px4_msgs/include/px4_msgs/px4_msgs/msg/detail/vehicle_air_data__rosidl_typesupport_fastrtps_c.h\n'}
[1.913009] (px4_msgs) StdoutLine: {'line': b'-- Up-to-date: /home/harsh/ros2_project/install/px4_msgs/include/px4_msgs/px4_msgs/msg/detail/vehicle_attitude_setpoint__rosidl_typesupport_fastrtps_c.h\n'}
[1.913078] (px4_msgs) StdoutLine: {'line': b'-- Up-to-date: /home/harsh/ros2_project/install/px4_msgs/include/px4_msgs/px4_msgs/msg/detail/manual_control_switches__rosidl_typesupport_fastrtps_c.h\n'}
[1.913134] (px4_msgs) StdoutLine: {'line': b'-- Up-to-date: /home/harsh/ros2_project/install/px4_msgs/include/px4_msgs/px4_msgs/msg/detail/gpio_out__rosidl_typesupport_fastrtps_c.h\n'}
[1.913191] (px4_msgs) StdoutLine: {'line': b'-- Up-to-date: /home/harsh/ros2_project/install/px4_msgs/include/px4_msgs/px4_msgs/msg/detail/sensor_uwb__rosidl_typesupport_fastrtps_c.h\n'}
[1.913260] (px4_msgs) StdoutLine: {'line': b'-- Up-to-date: /home/harsh/ros2_project/install/px4_msgs/include/px4_msgs/px4_msgs/msg/detail/actuator_armed__rosidl_typesupport_fastrtps_c.h\n'}
[1.913317] (px4_msgs) StdoutLine: {'line': b'-- Up-to-date: /home/harsh/ros2_project/install/px4_msgs/include/px4_msgs/px4_msgs/msg/detail/system_power__rosidl_typesupport_fastrtps_c.h\n'}
[1.913369] (px4_msgs) StdoutLine: {'line': b'-- Up-to-date: /home/harsh/ros2_project/install/px4_msgs/include/px4_msgs/px4_msgs/msg/detail/estimator_bias3d__rosidl_typesupport_fastrtps_c.h\n'}
[1.913422] (px4_msgs) StdoutLine: {'line': b'-- Up-to-date: /home/harsh/ros2_project/install/px4_msgs/include/px4_msgs/px4_msgs/msg/detail/vehicle_roi__rosidl_typesupport_fastrtps_c.h\n'}
[1.913481] (px4_msgs) StdoutLine: {'line': b'-- Up-to-date: /home/harsh/ros2_project/install/px4_msgs/include/px4_msgs/px4_msgs/msg/detail/parameter_set_value_response__rosidl_typesupport_fastrtps_c.h\n'}
[1.913536] (px4_msgs) StdoutLine: {'line': b'-- Up-to-date: /home/harsh/ros2_project/install/px4_msgs/include/px4_msgs/px4_msgs/msg/detail/tune_control__rosidl_typesupport_fastrtps_c.h\n'}
[1.913589] (px4_msgs) StdoutLine: {'line': b'-- Up-to-date: /home/harsh/ros2_project/install/px4_msgs/include/px4_msgs/px4_msgs/msg/detail/iridiumsbd_status__rosidl_typesupport_fastrtps_c.h\n'}
[1.913641] (px4_msgs) StdoutLine: {'line': b'-- Up-to-date: /home/harsh/ros2_project/install/px4_msgs/include/px4_msgs/px4_msgs/msg/detail/vehicle_land_detected__rosidl_typesupport_fastrtps_c.h\n'}
[1.913692] (px4_msgs) StdoutLine: {'line': b'-- Up-to-date: /home/harsh/ros2_project/install/px4_msgs/include/px4_msgs/px4_msgs/msg/detail/autotune_attitude_control_status__rosidl_typesupport_fastrtps_c.h\n'}
[1.913745] (px4_msgs) StdoutLine: {'line': b'-- Up-to-date: /home/harsh/ros2_project/install/px4_msgs/include/px4_msgs/px4_msgs/msg/detail/vehicle_angular_velocity__rosidl_typesupport_fastrtps_c.h\n'}
[1.913798] (px4_msgs) StdoutLine: {'line': b'-- Up-to-date: /home/harsh/ros2_project/install/px4_msgs/include/px4_msgs/px4_msgs/msg/detail/pwm_input__rosidl_typesupport_fastrtps_c.h\n'}
[1.913854] (px4_msgs) StdoutLine: {'line': b'-- Up-to-date: /home/harsh/ros2_project/install/px4_msgs/include/px4_msgs/px4_msgs/msg/detail/yaw_estimator_status__rosidl_typesupport_fastrtps_c.h\n'}
[1.913907] (px4_msgs) StdoutLine: {'line': b'-- Up-to-date: /home/harsh/ros2_project/install/px4_msgs/include/px4_msgs/px4_msgs/msg/detail/gpio_config__rosidl_typesupport_fastrtps_c.h\n'}
[1.913962] (px4_msgs) StdoutLine: {'line': b'-- Up-to-date: /home/harsh/ros2_project/install/px4_msgs/include/px4_msgs/px4_msgs/msg/detail/transponder_report__rosidl_typesupport_fastrtps_c.h\n'}
[1.914013] (px4_msgs) StdoutLine: {'line': b'-- Up-to-date: /home/harsh/ros2_project/install/px4_msgs/include/px4_msgs/px4_msgs/msg/detail/failure_detector_status__rosidl_typesupport_fastrtps_c.h\n'}
[1.914071] (px4_msgs) StdoutLine: {'line': b'-- Up-to-date: /home/harsh/ros2_project/install/px4_msgs/include/px4_msgs/px4_msgs/msg/detail/sensor_baro__rosidl_typesupport_fastrtps_c.h\n'}
[1.914123] (px4_msgs) StdoutLine: {'line': b'-- Up-to-date: /home/harsh/ros2_project/install/px4_msgs/include/px4_msgs/px4_msgs/msg/detail/message_format_request__rosidl_typesupport_fastrtps_c.h\n'}
[1.914176] (px4_msgs) StdoutLine: {'line': b'-- Up-to-date: /home/harsh/ros2_project/install/px4_msgs/include/px4_msgs/px4_msgs/msg/detail/estimator_aid_source2d__rosidl_typesupport_fastrtps_c.h\n'}
[1.914227] (px4_msgs) StdoutLine: {'line': b'-- Up-to-date: /home/harsh/ros2_project/install/px4_msgs/include/px4_msgs/px4_msgs/msg/detail/vehicle_odometry__rosidl_typesupport_fastrtps_c.h\n'}
[1.914292] (px4_msgs) StdoutLine: {'line': b'-- Up-to-date: /home/harsh/ros2_project/install/px4_msgs/include/px4_msgs/px4_msgs/msg/detail/sensor_airflow__rosidl_typesupport_fastrtps_c.h\n'}
[1.914358] (px4_msgs) StdoutLine: {'line': b'-- Up-to-date: /home/harsh/ros2_project/install/px4_msgs/include/px4_msgs/px4_msgs/msg/detail/sensor_gyro_fft__rosidl_typesupport_fastrtps_c.h\n'}
[1.914425] (px4_msgs) StdoutLine: {'line': b'-- Up-to-date: /home/harsh/ros2_project/install/px4_msgs/include/px4_msgs/px4_msgs/msg/detail/gimbal_device_attitude_status__rosidl_typesupport_fastrtps_c.h\n'}
[1.914478] (px4_msgs) StdoutLine: {'line': b'-- Up-to-date: /home/harsh/ros2_project/install/px4_msgs/include/px4_msgs/px4_msgs/msg/detail/camera_capture__rosidl_typesupport_fastrtps_c.h\n'}
[1.914530] (px4_msgs) StdoutLine: {'line': b'-- Up-to-date: /home/harsh/ros2_project/install/px4_msgs/include/px4_msgs/px4_msgs/msg/detail/gimbal_device_information__rosidl_typesupport_fastrtps_c.h\n'}
[1.914582] (px4_msgs) StdoutLine: {'line': b'-- Up-to-date: /home/harsh/ros2_project/install/px4_msgs/include/px4_msgs/px4_msgs/msg/detail/landing_gear__rosidl_typesupport_fastrtps_c.h\n'}
[1.914633] (px4_msgs) StdoutLine: {'line': b'-- Up-to-date: /home/harsh/ros2_project/install/px4_msgs/include/px4_msgs/px4_msgs/msg/detail/position_setpoint__rosidl_typesupport_fastrtps_c.h\n'}
[1.914683] (px4_msgs) StdoutLine: {'line': b'-- Up-to-date: /home/harsh/ros2_project/install/px4_msgs/include/px4_msgs/px4_msgs/msg/detail/radio_status__rosidl_typesupport_fastrtps_c.h\n'}
[1.914735] (px4_msgs) StdoutLine: {'line': b'-- Up-to-date: /home/harsh/ros2_project/install/px4_msgs/include/px4_msgs/px4_msgs/msg/detail/vehicle_angular_acceleration_setpoint__rosidl_typesupport_fastrtps_c.h\n'}
[1.914787] (px4_msgs) StdoutLine: {'line': b'-- Up-to-date: /home/harsh/ros2_project/install/px4_msgs/include/px4_msgs/px4_msgs/msg/detail/logger_status__rosidl_typesupport_fastrtps_c.h\n'}
[1.914838] (px4_msgs) StdoutLine: {'line': b'-- Up-to-date: /home/harsh/ros2_project/install/px4_msgs/include/px4_msgs/px4_msgs/msg/detail/config_overrides__rosidl_typesupport_fastrtps_c.h\n'}
[1.914900] (px4_msgs) StdoutLine: {'line': b'-- Up-to-date: /home/harsh/ros2_project/install/px4_msgs/include/px4_msgs/px4_msgs/msg/detail/sensor_selection__rosidl_typesupport_fastrtps_c.h\n'}
[1.914952] (px4_msgs) StdoutLine: {'line': b'-- Up-to-date: /home/harsh/ros2_project/install/px4_msgs/include/px4_msgs/px4_msgs/msg/detail/uavcan_parameter_request__rosidl_typesupport_fastrtps_c.h\n'}
[1.915005] (px4_msgs) StdoutLine: {'line': b'-- Up-to-date: /home/harsh/ros2_project/install/px4_msgs/include/px4_msgs/px4_msgs/msg/detail/sensor_preflight_mag__rosidl_typesupport_fastrtps_c.h\n'}
[1.915056] (px4_msgs) StdoutLine: {'line': b'-- Up-to-date: /home/harsh/ros2_project/install/px4_msgs/include/px4_msgs/px4_msgs/msg/detail/message_format_response__rosidl_typesupport_fastrtps_c.h\n'}
[1.915106] (px4_msgs) StdoutLine: {'line': b'-- Up-to-date: /home/harsh/ros2_project/install/px4_msgs/include/px4_msgs/px4_msgs/msg/detail/gimbal_manager_set_attitude__rosidl_typesupport_fastrtps_c.h\n'}
[1.915157] (px4_msgs) StdoutLine: {'line': b'-- Up-to-date: /home/harsh/ros2_project/install/px4_msgs/include/px4_msgs/px4_msgs/msg/detail/button_event__rosidl_typesupport_fastrtps_c.h\n'}
[1.915207] (px4_msgs) StdoutLine: {'line': b'-- Up-to-date: /home/harsh/ros2_project/install/px4_msgs/include/px4_msgs/px4_msgs/msg/detail/offboard_control_mode__rosidl_typesupport_fastrtps_c.h\n'}
[1.915267] (px4_msgs) StdoutLine: {'line': b'-- Up-to-date: /home/harsh/ros2_project/install/px4_msgs/include/px4_msgs/px4_msgs/msg/detail/flight_phase_estimation__rosidl_typesupport_fastrtps_c.h\n'}
[1.915321] (px4_msgs) StdoutLine: {'line': b'-- Up-to-date: /home/harsh/ros2_project/install/px4_msgs/include/px4_msgs/px4_msgs/msg/detail/action_request__rosidl_typesupport_fastrtps_c.h\n'}
[1.915372] (px4_msgs) StdoutLine: {'line': b'-- Up-to-date: /home/harsh/ros2_project/install/px4_msgs/include/px4_msgs/px4_msgs/msg/detail/vehicle_constraints__rosidl_typesupport_fastrtps_c.h\n'}
[1.915424] (px4_msgs) StdoutLine: {'line': b'-- Up-to-date: /home/harsh/ros2_project/install/px4_msgs/include/px4_msgs/px4_msgs/msg/detail/ekf2_timestamps__rosidl_typesupport_fastrtps_c.h\n'}
[1.915475] (px4_msgs) StdoutLine: {'line': b'-- Up-to-date: /home/harsh/ros2_project/install/px4_msgs/include/px4_msgs/px4_msgs/msg/detail/adc_report__rosidl_typesupport_fastrtps_c.h\n'}
[1.915526] (px4_msgs) StdoutLine: {'line': b'-- Up-to-date: /home/harsh/ros2_project/install/px4_msgs/include/px4_msgs/px4_msgs/msg/detail/orbit_status__rosidl_typesupport_fastrtps_c.h\n'}
[1.915583] (px4_msgs) StdoutLine: {'line': b'-- Up-to-date: /home/harsh/ros2_project/install/px4_msgs/include/px4_msgs/px4_msgs/msg/detail/rtl_time_estimate__rosidl_typesupport_fastrtps_c.h\n'}
[1.915633] (px4_msgs) StdoutLine: {'line': b'-- Up-to-date: /home/harsh/ros2_project/install/px4_msgs/include/px4_msgs/px4_msgs/msg/detail/orb_test_medium__rosidl_typesupport_fastrtps_c.h\n'}
[1.915683] (px4_msgs) StdoutLine: {'line': b'-- Up-to-date: /home/harsh/ros2_project/install/px4_msgs/include/px4_msgs/px4_msgs/msg/detail/pps_capture__rosidl_typesupport_fastrtps_c.h\n'}
[1.915734] (px4_msgs) StdoutLine: {'line': b'-- Up-to-date: /home/harsh/ros2_project/install/px4_msgs/include/px4_msgs/px4_msgs/msg/detail/sensor_combined__rosidl_typesupport_fastrtps_c.h\n'}
[1.915785] (px4_msgs) StdoutLine: {'line': b'-- Up-to-date: /home/harsh/ros2_project/install/px4_msgs/include/px4_msgs/px4_msgs/msg/detail/manual_control_setpoint__rosidl_typesupport_fastrtps_c.h\n'}
[1.915836] (px4_msgs) StdoutLine: {'line': b'-- Up-to-date: /home/harsh/ros2_project/install/px4_msgs/include/px4_msgs/px4_msgs/msg/detail/vehicle_status__rosidl_typesupport_fastrtps_c.h\n'}
[1.915885] (px4_msgs) StdoutLine: {'line': b'-- Up-to-date: /home/harsh/ros2_project/install/px4_msgs/include/px4_msgs/px4_msgs/msg/detail/timesync_status__rosidl_typesupport_fastrtps_c.h\n'}
[1.915935] (px4_msgs) StdoutLine: {'line': b'-- Up-to-date: /home/harsh/ros2_project/install/px4_msgs/include/px4_msgs/px4_msgs/msg/detail/sensors_status__rosidl_typesupport_fastrtps_c.h\n'}
[1.915986] (px4_msgs) StdoutLine: {'line': b'-- Up-to-date: /home/harsh/ros2_project/install/px4_msgs/include/px4_msgs/px4_msgs/msg/detail/qshell_retval__rosidl_typesupport_fastrtps_c.h\n'}
[1.916036] (px4_msgs) StdoutLine: {'line': b'-- Up-to-date: /home/harsh/ros2_project/install/px4_msgs/include/px4_msgs/px4_msgs/msg/detail/esc_status__rosidl_typesupport_fastrtps_c.h\n'}
[1.916090] (px4_msgs) StdoutLine: {'line': b'-- Up-to-date: /home/harsh/ros2_project/install/px4_msgs/include/px4_msgs/px4_msgs/msg/detail/mavlink_log__rosidl_typesupport_fastrtps_c.h\n'}
[1.916141] (px4_msgs) StdoutLine: {'line': b'-- Up-to-date: /home/harsh/ros2_project/install/px4_msgs/include/px4_msgs/px4_msgs/msg/detail/ulog_stream_ack__rosidl_typesupport_fastrtps_c.h\n'}
[1.916190] (px4_msgs) StdoutLine: {'line': b'-- Up-to-date: /home/harsh/ros2_project/install/px4_msgs/include/px4_msgs/px4_msgs/msg/detail/camera_trigger__rosidl_typesupport_fastrtps_c.h\n'}
[1.916248] (px4_msgs) StdoutLine: {'line': b'-- Up-to-date: /home/harsh/ros2_project/install/px4_msgs/include/px4_msgs/px4_msgs/msg/detail/health_report__rosidl_typesupport_fastrtps_c.h\n'}
[1.916304] (px4_msgs) StdoutLine: {'line': b'-- Up-to-date: /home/harsh/ros2_project/install/px4_msgs/include/px4_msgs/px4_msgs/msg/detail/gimbal_controls__rosidl_typesupport_fastrtps_c.h\n'}
[1.916355] (px4_msgs) StdoutLine: {'line': b'-- Up-to-date: /home/harsh/ros2_project/install/px4_msgs/include/px4_msgs/px4_msgs/msg/detail/vehicle_torque_setpoint__rosidl_typesupport_fastrtps_c.h\n'}
[1.916408] (px4_msgs) StdoutLine: {'line': b'-- Up-to-date: /home/harsh/ros2_project/install/px4_msgs/include/px4_msgs/px4_msgs/msg/detail/ulog_stream__rosidl_typesupport_fastrtps_c.h\n'}
[1.916460] (px4_msgs) StdoutLine: {'line': b'-- Up-to-date: /home/harsh/ros2_project/install/px4_msgs/include/px4_msgs/px4_msgs/msg/detail/vehicle_optical_flow__rosidl_typesupport_fastrtps_c.h\n'}
[1.916510] (px4_msgs) StdoutLine: {'line': b'-- Up-to-date: /home/harsh/ros2_project/install/px4_msgs/include/px4_msgs/px4_msgs/msg/detail/follow_target_status__rosidl_typesupport_fastrtps_c.h\n'}
[1.916562] (px4_msgs) StdoutLine: {'line': b'-- Up-to-date: /home/harsh/ros2_project/install/px4_msgs/include/px4_msgs/px4_msgs/msg/detail/event__rosidl_typesupport_fastrtps_c.h\n'}
[1.916614] (px4_msgs) StdoutLine: {'line': b'-- Up-to-date: /home/harsh/ros2_project/install/px4_msgs/include/px4_msgs/px4_msgs/msg/detail/orb_test__rosidl_typesupport_fastrtps_c.h\n'}
[1.916666] (px4_msgs) StdoutLine: {'line': b'-- Up-to-date: /home/harsh/ros2_project/install/px4_msgs/include/px4_msgs/px4_msgs/msg/detail/rtl_status__rosidl_typesupport_fastrtps_c.h\n'}
[1.916716] (px4_msgs) StdoutLine: {'line': b'-- Up-to-date: /home/harsh/ros2_project/install/px4_msgs/include/px4_msgs/px4_msgs/msg/detail/landing_gear_wheel__rosidl_typesupport_fastrtps_c.h\n'}
[1.916768] (px4_msgs) StdoutLine: {'line': b'-- Up-to-date: /home/harsh/ros2_project/install/px4_msgs/include/px4_msgs/px4_msgs/msg/detail/unregister_ext_component__rosidl_typesupport_fastrtps_c.h\n'}
[1.916820] (px4_msgs) StdoutLine: {'line': b'-- Up-to-date: /home/harsh/ros2_project/install/px4_msgs/include/px4_msgs/px4_msgs/msg/detail/sensors_status_imu__rosidl_typesupport_fastrtps_c.h\n'}
[1.916873] (px4_msgs) StdoutLine: {'line': b'-- Up-to-date: /home/harsh/ros2_project/install/px4_msgs/include/px4_msgs/px4_msgs/msg/detail/input_rc__rosidl_typesupport_fastrtps_c.h\n'}
[1.916926] (px4_msgs) StdoutLine: {'line': b'-- Up-to-date: /home/harsh/ros2_project/install/px4_msgs/include/px4_msgs/px4_msgs/msg/detail/generator_status__rosidl_typesupport_fastrtps_c.h\n'}
[1.916978] (px4_msgs) StdoutLine: {'line': b'-- Up-to-date: /home/harsh/ros2_project/install/px4_msgs/include/px4_msgs/px4_msgs/msg/detail/qshell_req__rosidl_typesupport_fastrtps_c.h\n'}
[1.917029] (px4_msgs) StdoutLine: {'line': b'-- Up-to-date: /home/harsh/ros2_project/install/px4_msgs/include/px4_msgs/px4_msgs/msg/detail/dataman_request__rosidl_typesupport_fastrtps_c.h\n'}
[1.917085] (px4_msgs) StdoutLine: {'line': b'-- Up-to-date: /home/harsh/ros2_project/install/px4_msgs/include/px4_msgs/px4_msgs/msg/detail/sensor_hygrometer__rosidl_typesupport_fastrtps_c.h\n'}
[1.917137] (px4_msgs) StdoutLine: {'line': b'-- Up-to-date: /home/harsh/ros2_project/install/px4_msgs/include/px4_msgs/px4_msgs/msg/detail/vehicle_local_position__rosidl_typesupport_fastrtps_c.h\n'}
[1.917191] (px4_msgs) StdoutLine: {'line': b'-- Up-to-date: /home/harsh/ros2_project/install/px4_msgs/include/px4_msgs/px4_msgs/msg/detail/goto_setpoint__rosidl_typesupport_fastrtps_c.h\n'}
[1.917248] (px4_msgs) StdoutLine: {'line': b'-- Up-to-date: /home/harsh/ros2_project/install/px4_msgs/include/px4_msgs/px4_msgs/msg/detail/actuator_outputs__rosidl_typesupport_fastrtps_c.h\n'}
[1.917302] (px4_msgs) StdoutLine: {'line': b'-- Up-to-date: /home/harsh/ros2_project/install/px4_msgs/include/px4_msgs/px4_msgs/msg/detail/navigator_mission_item__rosidl_typesupport_fastrtps_c.h\n'}
[1.917352] (px4_msgs) StdoutLine: {'line': b'-- Up-to-date: /home/harsh/ros2_project/install/px4_msgs/include/px4_msgs/px4_msgs/msg/detail/position_controller_status__rosidl_typesupport_fastrtps_c.h\n'}
[1.917403] (px4_msgs) StdoutLine: {'line': b'-- Up-to-date: /home/harsh/ros2_project/install/px4_msgs/include/px4_msgs/px4_msgs/msg/detail/power_button_state__rosidl_typesupport_fastrtps_c.h\n'}
[1.917454] (px4_msgs) StdoutLine: {'line': b'-- Up-to-date: /home/harsh/ros2_project/install/px4_msgs/include/px4_msgs/px4_msgs/msg/detail/differential_pressure__rosidl_typesupport_fastrtps_c.h\n'}
[1.917506] (px4_msgs) StdoutLine: {'line': b'-- Up-to-date: /home/harsh/ros2_project/install/px4_msgs/include/px4_msgs/px4_msgs/msg/detail/camera_status__rosidl_typesupport_fastrtps_c.h\n'}
[1.917557] (px4_msgs) StdoutLine: {'line': b'-- Up-to-date: /home/harsh/ros2_project/install/px4_msgs/include/px4_msgs/px4_msgs/msg/detail/estimator_sensor_bias__rosidl_typesupport_fastrtps_c.h\n'}
[1.917609] (px4_msgs) StdoutLine: {'line': b'-- Up-to-date: /home/harsh/ros2_project/install/px4_msgs/include/px4_msgs/px4_msgs/msg/detail/heater_status__rosidl_typesupport_fastrtps_c.h\n'}
[1.917661] (px4_msgs) StdoutLine: {'line': b'-- Up-to-date: /home/harsh/ros2_project/install/px4_msgs/include/px4_msgs/px4_msgs/msg/detail/rate_ctrl_status__rosidl_typesupport_fastrtps_c.h\n'}
[1.917713] (px4_msgs) StdoutLine: {'line': b'-- Up-to-date: /home/harsh/ros2_project/install/px4_msgs/include/px4_msgs/px4_msgs/msg/detail/orb_test_large__rosidl_typesupport_fastrtps_c.h\n'}
[1.917765] (px4_msgs) StdoutLine: {'line': b'-- Up-to-date: /home/harsh/ros2_project/install/px4_msgs/include/px4_msgs/px4_msgs/msg/detail/arming_check_reply__rosidl_typesupport_fastrtps_c.h\n'}
[1.917818] (px4_msgs) StdoutLine: {'line': b'-- Up-to-date: /home/harsh/ros2_project/install/px4_msgs/include/px4_msgs/px4_msgs/msg/detail/follow_target_estimator__rosidl_typesupport_fastrtps_c.h\n'}
[1.917869] (px4_msgs) StdoutLine: {'line': b'-- Up-to-date: /home/harsh/ros2_project/install/px4_msgs/include/px4_msgs/px4_msgs/msg/detail/collision_constraints__rosidl_typesupport_fastrtps_c.h\n'}
[1.917920] (px4_msgs) StdoutLine: {'line': b'-- Up-to-date: /home/harsh/ros2_project/install/px4_msgs/include/px4_msgs/px4_msgs/msg/detail/mag_worker_data__rosidl_typesupport_fastrtps_c.h\n'}
[1.917970] (px4_msgs) StdoutLine: {'line': b'-- Up-to-date: /home/harsh/ros2_project/install/px4_msgs/include/px4_msgs/px4_msgs/msg/detail/distance_sensor__rosidl_typesupport_fastrtps_c.h\n'}
[1.918022] (px4_msgs) StdoutLine: {'line': b'-- Up-to-date: /home/harsh/ros2_project/install/px4_msgs/include/px4_msgs/px4_msgs/msg/detail/vehicle_thrust_setpoint__rosidl_typesupport_fastrtps_c.h\n'}
[1.918074] (px4_msgs) StdoutLine: {'line': b'-- Up-to-date: /home/harsh/ros2_project/install/px4_msgs/include/px4_msgs/px4_msgs/msg/detail/obstacle_distance__rosidl_typesupport_fastrtps_c.h\n'}
[1.918125] (px4_msgs) StdoutLine: {'line': b'-- Up-to-date: /home/harsh/ros2_project/install/px4_msgs/include/px4_msgs/px4_msgs/msg/detail/gimbal_manager_status__rosidl_typesupport_fastrtps_c.h\n'}
[1.918179] (px4_msgs) StdoutLine: {'line': b'-- Up-to-date: /home/harsh/ros2_project/install/px4_msgs/include/px4_msgs/px4_msgs/msg/detail/debug_key_value__rosidl_typesupport_fastrtps_c.h\n'}
[1.918235] (px4_msgs) StdoutLine: {'line': b'-- Up-to-date: /home/harsh/ros2_project/install/px4_msgs/include/px4_msgs/px4_msgs/msg/detail/magnetometer_bias_estimate__rosidl_typesupport_fastrtps_c.h\n'}
[1.918296] (px4_msgs) StdoutLine: {'line': b'-- Up-to-date: /home/harsh/ros2_project/install/px4_msgs/include/px4_msgs/px4_msgs/msg/detail/ping__rosidl_typesupport_fastrtps_c.h\n'}
[1.918347] (px4_msgs) StdoutLine: {'line': b'-- Up-to-date: /home/harsh/ros2_project/install/px4_msgs/include/px4_msgs/px4_msgs/msg/detail/irlock_report__rosidl_typesupport_fastrtps_c.h\n'}
[1.918398] (px4_msgs) StdoutLine: {'line': b'-- Up-to-date: /home/harsh/ros2_project/install/px4_msgs/include/px4_msgs/px4_msgs/msg/detail/uavcan_parameter_value__rosidl_typesupport_fastrtps_c.h\n'}
[1.918449] (px4_msgs) StdoutLine: {'line': b'-- Up-to-date: /home/harsh/ros2_project/install/px4_msgs/include/px4_msgs/px4_msgs/msg/detail/register_ext_component_request__rosidl_typesupport_fastrtps_c.h\n'}
[1.918500] (px4_msgs) StdoutLine: {'line': b'-- Up-to-date: /home/harsh/ros2_project/install/px4_msgs/include/px4_msgs/px4_msgs/msg/detail/actuator_servos_trim__rosidl_typesupport_fastrtps_c.h\n'}
[1.918562] (px4_msgs) StdoutLine: {'line': b'-- Up-to-date: /home/harsh/ros2_project/install/px4_msgs/include/px4_msgs/px4_msgs/msg/detail/parameter_set_used_request__rosidl_typesupport_fastrtps_c.h\n'}
[1.918614] (px4_msgs) StdoutLine: {'line': b'-- Up-to-date: /home/harsh/ros2_project/install/px4_msgs/include/px4_msgs/px4_msgs/msg/detail/sensor_gnss_relative__rosidl_typesupport_fastrtps_c.h\n'}
[1.918666] (px4_msgs) StdoutLine: {'line': b'-- Up-to-date: /home/harsh/ros2_project/install/px4_msgs/include/px4_msgs/px4_msgs/msg/detail/airspeed__rosidl_typesupport_fastrtps_c.h\n'}
[1.918719] (px4_msgs) StdoutLine: {'line': b'-- Up-to-date: /home/harsh/ros2_project/install/px4_msgs/include/px4_msgs/px4_msgs/msg/detail/parameter_update__rosidl_typesupport_fastrtps_c.h\n'}
[1.918771] (px4_msgs) StdoutLine: {'line': b'-- Up-to-date: /home/harsh/ros2_project/install/px4_msgs/include/px4_msgs/px4_msgs/msg/detail/vehicle_magnetometer__rosidl_typesupport_fastrtps_c.h\n'}
[1.918822] (px4_msgs) StdoutLine: {'line': b'-- Up-to-date: /home/harsh/ros2_project/install/px4_msgs/include/px4_msgs/px4_msgs/msg/detail/vehicle_command__rosidl_typesupport_fastrtps_c.h\n'}
[1.918873] (px4_msgs) StdoutLine: {'line': b'-- Up-to-date: /home/harsh/ros2_project/install/px4_msgs/include/px4_msgs/px4_msgs/msg/detail/gps_dump__rosidl_typesupport_fastrtps_c.h\n'}
[1.918934] (px4_msgs) StdoutLine: {'line': b'-- Up-to-date: /home/harsh/ros2_project/install/px4_msgs/include/px4_msgs/px4_msgs/msg/detail/estimator_states__rosidl_typesupport_fastrtps_c.h\n'}
[1.918996] (px4_msgs) StdoutLine: {'line': b'-- Up-to-date: /home/harsh/ros2_project/install/px4_msgs/include/px4_msgs/px4_msgs/msg/detail/estimator_event_flags__rosidl_typesupport_fastrtps_c.h\n'}
[1.919061] (px4_msgs) StdoutLine: {'line': b'-- Up-to-date: /home/harsh/ros2_project/install/px4_msgs/include/px4_msgs/px4_msgs/msg/detail/vehicle_trajectory_waypoint__rosidl_typesupport_fastrtps_c.h\n'}
[1.919130] (px4_msgs) StdoutLine: {'line': b'-- Up-to-date: /home/harsh/ros2_project/install/px4_msgs/include/px4_msgs/px4_msgs/msg/detail/actuator_servos__rosidl_typesupport_fastrtps_c.h\n'}
[1.919220] (px4_msgs) StdoutLine: {'line': b'-- Up-to-date: /home/harsh/ros2_project/install/px4_msgs/include/px4_msgs/px4_msgs/srv\n'}
[1.919295] (px4_msgs) StdoutLine: {'line': b'-- Up-to-date: /home/harsh/ros2_project/install/px4_msgs/include/px4_msgs/px4_msgs/srv/detail\n'}
[1.919351] (px4_msgs) StdoutLine: {'line': b'-- Up-to-date: /home/harsh/ros2_project/install/px4_msgs/include/px4_msgs/px4_msgs/srv/detail/vehicle_command__rosidl_typesupport_fastrtps_c.h\n'}
[1.919407] (px4_msgs) StdoutLine: {'line': b'-- Up-to-date: /home/harsh/ros2_project/install/px4_msgs/lib/libpx4_msgs__rosidl_typesupport_fastrtps_c.so\n'}
[1.919458] (px4_msgs) StdoutLine: {'line': b'-- Up-to-date: /home/harsh/ros2_project/install/px4_msgs/include/px4_msgs/px4_msgs\n'}
[1.919509] (px4_msgs) StdoutLine: {'line': b'-- Up-to-date: /home/harsh/ros2_project/install/px4_msgs/include/px4_msgs/px4_msgs/msg\n'}
[1.919562] (px4_msgs) StdoutLine: {'line': b'-- Up-to-date: /home/harsh/ros2_project/install/px4_msgs/include/px4_msgs/px4_msgs/msg/figure_eight_status.hpp\n'}
[1.919611] (px4_msgs) StdoutLine: {'line': b'-- Up-to-date: /home/harsh/ros2_project/install/px4_msgs/include/px4_msgs/px4_msgs/msg/sensor_gyro.hpp\n'}
[1.919662] (px4_msgs) StdoutLine: {'line': b'-- Up-to-date: /home/harsh/ros2_project/install/px4_msgs/include/px4_msgs/px4_msgs/msg/actuator_armed.hpp\n'}
[1.919712] (px4_msgs) StdoutLine: {'line': b'-- Up-to-date: /home/harsh/ros2_project/install/px4_msgs/include/px4_msgs/px4_msgs/msg/pps_capture.hpp\n'}
[1.919763] (px4_msgs) StdoutLine: {'line': b'-- Up-to-date: /home/harsh/ros2_project/install/px4_msgs/include/px4_msgs/px4_msgs/msg/estimator_aid_source3d.hpp\n'}
[1.919817] (px4_msgs) StdoutLine: {'line': b'-- Up-to-date: /home/harsh/ros2_project/install/px4_msgs/include/px4_msgs/px4_msgs/msg/sensors_status.hpp\n'}
[1.919880] (px4_msgs) StdoutLine: {'line': b'-- Up-to-date: /home/harsh/ros2_project/install/px4_msgs/include/px4_msgs/px4_msgs/msg/vehicle_attitude_setpoint.hpp\n'}
[1.919933] (px4_msgs) StdoutLine: {'line': b'-- Up-to-date: /home/harsh/ros2_project/install/px4_msgs/include/px4_msgs/px4_msgs/msg/trajectory_bezier.hpp\n'}
[1.919984] (px4_msgs) StdoutLine: {'line': b'-- Up-to-date: /home/harsh/ros2_project/install/px4_msgs/include/px4_msgs/px4_msgs/msg/onboard_computer_status.hpp\n'}
[1.920034] (px4_msgs) StdoutLine: {'line': b'-- Up-to-date: /home/harsh/ros2_project/install/px4_msgs/include/px4_msgs/px4_msgs/msg/estimator_event_flags.hpp\n'}
[1.920084] (px4_msgs) StdoutLine: {'line': b'-- Up-to-date: /home/harsh/ros2_project/install/px4_msgs/include/px4_msgs/px4_msgs/msg/gimbal_device_information.hpp\n'}
[1.920136] (px4_msgs) StdoutLine: {'line': b'-- Up-to-date: /home/harsh/ros2_project/install/px4_msgs/include/px4_msgs/px4_msgs/msg/timesync_status.hpp\n'}
[1.920186] (px4_msgs) StdoutLine: {'line': b'-- Up-to-date: /home/harsh/ros2_project/install/px4_msgs/include/px4_msgs/px4_msgs/msg/mag_worker_data.hpp\n'}
[1.920243] (px4_msgs) StdoutLine: {'line': b'-- Up-to-date: /home/harsh/ros2_project/install/px4_msgs/include/px4_msgs/px4_msgs/msg/tecs_status.hpp\n'}
[1.920299] (px4_msgs) StdoutLine: {'line': b'-- Up-to-date: /home/harsh/ros2_project/install/px4_msgs/include/px4_msgs/px4_msgs/msg/qshell_req.hpp\n'}
[1.920351] (px4_msgs) StdoutLine: {'line': b'-- Up-to-date: /home/harsh/ros2_project/install/px4_msgs/include/px4_msgs/px4_msgs/msg/parameter_set_value_response.hpp\n'}
[1.920401] (px4_msgs) StdoutLine: {'line': b'-- Up-to-date: /home/harsh/ros2_project/install/px4_msgs/include/px4_msgs/px4_msgs/msg/vehicle_control_mode.hpp\n'}
[1.920462] (px4_msgs) StdoutLine: {'line': b'-- Up-to-date: /home/harsh/ros2_project/install/px4_msgs/include/px4_msgs/px4_msgs/msg/goto_setpoint.hpp\n'}
[1.920514] (px4_msgs) StdoutLine: {'line': b'-- Up-to-date: /home/harsh/ros2_project/install/px4_msgs/include/px4_msgs/px4_msgs/msg/estimator_status.hpp\n'}
[1.920565] (px4_msgs) StdoutLine: {'line': b'-- Up-to-date: /home/harsh/ros2_project/install/px4_msgs/include/px4_msgs/px4_msgs/msg/vehicle_torque_setpoint.hpp\n'}
[1.920615] (px4_msgs) StdoutLine: {'line': b'-- Up-to-date: /home/harsh/ros2_project/install/px4_msgs/include/px4_msgs/px4_msgs/msg/vehicle_thrust_setpoint.hpp\n'}
[1.920667] (px4_msgs) StdoutLine: {'line': b'-- Up-to-date: /home/harsh/ros2_project/install/px4_msgs/include/px4_msgs/px4_msgs/msg/mavlink_tunnel.hpp\n'}
[1.920717] (px4_msgs) StdoutLine: {'line': b'-- Up-to-date: /home/harsh/ros2_project/install/px4_msgs/include/px4_msgs/px4_msgs/msg/camera_status.hpp\n'}
[1.920770] (px4_msgs) StdoutLine: {'line': b'-- Up-to-date: /home/harsh/ros2_project/install/px4_msgs/include/px4_msgs/px4_msgs/msg/vehicle_status.hpp\n'}
[1.920822] (px4_msgs) StdoutLine: {'line': b'-- Up-to-date: /home/harsh/ros2_project/install/px4_msgs/include/px4_msgs/px4_msgs/msg/px4io_status.hpp\n'}
[1.920873] (px4_msgs) StdoutLine: {'line': b'-- Up-to-date: /home/harsh/ros2_project/install/px4_msgs/include/px4_msgs/px4_msgs/msg/esc_status.hpp\n'}
[1.920925] (px4_msgs) StdoutLine: {'line': b'-- Up-to-date: /home/harsh/ros2_project/install/px4_msgs/include/px4_msgs/px4_msgs/msg/vehicle_local_position_setpoint.hpp\n'}
[1.920977] (px4_msgs) StdoutLine: {'line': b'-- Up-to-date: /home/harsh/ros2_project/install/px4_msgs/include/px4_msgs/px4_msgs/msg/adc_report.hpp\n'}
[1.921033] (px4_msgs) StdoutLine: {'line': b'-- Up-to-date: /home/harsh/ros2_project/install/px4_msgs/include/px4_msgs/px4_msgs/msg/gpio_config.hpp\n'}
[1.921086] (px4_msgs) StdoutLine: {'line': b'-- Up-to-date: /home/harsh/ros2_project/install/px4_msgs/include/px4_msgs/px4_msgs/msg/unregister_ext_component.hpp\n'}
[1.921136] (px4_msgs) StdoutLine: {'line': b'-- Up-to-date: /home/harsh/ros2_project/install/px4_msgs/include/px4_msgs/px4_msgs/msg/rpm.hpp\n'}
[1.921188] (px4_msgs) StdoutLine: {'line': b'-- Up-to-date: /home/harsh/ros2_project/install/px4_msgs/include/px4_msgs/px4_msgs/msg/sensor_combined.hpp\n'}
[1.921252] (px4_msgs) StdoutLine: {'line': b'-- Up-to-date: /home/harsh/ros2_project/install/px4_msgs/include/px4_msgs/px4_msgs/msg/sensor_selection.hpp\n'}
[1.921309] (px4_msgs) StdoutLine: {'line': b'-- Up-to-date: /home/harsh/ros2_project/install/px4_msgs/include/px4_msgs/px4_msgs/msg/system_power.hpp\n'}
[1.921362] (px4_msgs) StdoutLine: {'line': b'-- Up-to-date: /home/harsh/ros2_project/install/px4_msgs/include/px4_msgs/px4_msgs/msg/debug_vect.hpp\n'}
[1.921415] (px4_msgs) StdoutLine: {'line': b'-- Up-to-date: /home/harsh/ros2_project/install/px4_msgs/include/px4_msgs/px4_msgs/msg/vehicle_angular_velocity.hpp\n'}
[1.921470] (px4_msgs) StdoutLine: {'line': b'-- Up-to-date: /home/harsh/ros2_project/install/px4_msgs/include/px4_msgs/px4_msgs/msg/uavcan_parameter_value.hpp\n'}
[1.921525] (px4_msgs) StdoutLine: {'line': b'-- Up-to-date: /home/harsh/ros2_project/install/px4_msgs/include/px4_msgs/px4_msgs/msg/estimator_gps_status.hpp\n'}
[1.921578] (px4_msgs) StdoutLine: {'line': b'-- Up-to-date: /home/harsh/ros2_project/install/px4_msgs/include/px4_msgs/px4_msgs/msg/position_setpoint.hpp\n'}
[1.921630] (px4_msgs) StdoutLine: {'line': b'-- Up-to-date: /home/harsh/ros2_project/install/px4_msgs/include/px4_msgs/px4_msgs/msg/actuator_motors.hpp\n'}
[1.921681] (px4_msgs) StdoutLine: {'line': b'-- Up-to-date: /home/harsh/ros2_project/install/px4_msgs/include/px4_msgs/px4_msgs/msg/cellular_status.hpp\n'}
[1.921731] (px4_msgs) StdoutLine: {'line': b'-- Up-to-date: /home/harsh/ros2_project/install/px4_msgs/include/px4_msgs/px4_msgs/msg/power_monitor.hpp\n'}
[1.921782] (px4_msgs) StdoutLine: {'line': b'-- Up-to-date: /home/harsh/ros2_project/install/px4_msgs/include/px4_msgs/px4_msgs/msg/offboard_control_mode.hpp\n'}
[1.921834] (px4_msgs) StdoutLine: {'line': b'-- Up-to-date: /home/harsh/ros2_project/install/px4_msgs/include/px4_msgs/px4_msgs/msg/estimator_sensor_bias.hpp\n'}
[1.921886] (px4_msgs) StdoutLine: {'line': b'-- Up-to-date: /home/harsh/ros2_project/install/px4_msgs/include/px4_msgs/px4_msgs/msg/gps_inject_data.hpp\n'}
[1.921935] (px4_msgs) StdoutLine: {'line': b'-- Up-to-date: /home/harsh/ros2_project/install/px4_msgs/include/px4_msgs/px4_msgs/msg/vehicle_trajectory_waypoint.hpp\n'}
[1.921985] (px4_msgs) StdoutLine: {'line': b'-- Up-to-date: /home/harsh/ros2_project/install/px4_msgs/include/px4_msgs/px4_msgs/msg/vehicle_imu.hpp\n'}
[1.922034] (px4_msgs) StdoutLine: {'line': b'-- Up-to-date: /home/harsh/ros2_project/install/px4_msgs/include/px4_msgs/px4_msgs/msg/parameter_update.hpp\n'}
[1.922082] (px4_msgs) StdoutLine: {'line': b'-- Up-to-date: /home/harsh/ros2_project/install/px4_msgs/include/px4_msgs/px4_msgs/msg/vehicle_local_position.hpp\n'}
[1.922133] (px4_msgs) StdoutLine: {'line': b'-- Up-to-date: /home/harsh/ros2_project/install/px4_msgs/include/px4_msgs/px4_msgs/msg/task_stack_info.hpp\n'}
[1.922185] (px4_msgs) StdoutLine: {'line': b'-- Up-to-date: /home/harsh/ros2_project/install/px4_msgs/include/px4_msgs/px4_msgs/msg/vehicle_constraints.hpp\n'}
[1.922244] (px4_msgs) StdoutLine: {'line': b'-- Up-to-date: /home/harsh/ros2_project/install/px4_msgs/include/px4_msgs/px4_msgs/msg/vehicle_angular_acceleration_setpoint.hpp\n'}
[1.922305] (px4_msgs) StdoutLine: {'line': b'-- Up-to-date: /home/harsh/ros2_project/install/px4_msgs/include/px4_msgs/px4_msgs/msg/actuator_controls_status.hpp\n'}
[1.922359] (px4_msgs) StdoutLine: {'line': b'-- Up-to-date: /home/harsh/ros2_project/install/px4_msgs/include/px4_msgs/px4_msgs/msg/vehicle_command.hpp\n'}
[1.922410] (px4_msgs) StdoutLine: {'line': b'-- Up-to-date: /home/harsh/ros2_project/install/px4_msgs/include/px4_msgs/px4_msgs/msg/velocity_limits.hpp\n'}
[1.922467] (px4_msgs) StdoutLine: {'line': b'-- Up-to-date: /home/harsh/ros2_project/install/px4_msgs/include/px4_msgs/px4_msgs/msg/sensor_baro.hpp\n'}
[1.922517] (px4_msgs) StdoutLine: {'line': b'-- Up-to-date: /home/harsh/ros2_project/install/px4_msgs/include/px4_msgs/px4_msgs/msg/estimator_status_flags.hpp\n'}
[1.922569] (px4_msgs) StdoutLine: {'line': b'-- Up-to-date: /home/harsh/ros2_project/install/px4_msgs/include/px4_msgs/px4_msgs/msg/trajectory_setpoint.hpp\n'}
[1.922619] (px4_msgs) StdoutLine: {'line': b'-- Up-to-date: /home/harsh/ros2_project/install/px4_msgs/include/px4_msgs/px4_msgs/msg/sensor_accel.hpp\n'}
[1.922670] (px4_msgs) StdoutLine: {'line': b'-- Up-to-date: /home/harsh/ros2_project/install/px4_msgs/include/px4_msgs/px4_msgs/msg/health_report.hpp\n'}
[1.922721] (px4_msgs) StdoutLine: {'line': b'-- Up-to-date: /home/harsh/ros2_project/install/px4_msgs/include/px4_msgs/px4_msgs/msg/sensor_correction.hpp\n'}
[1.922773] (px4_msgs) StdoutLine: {'line': b'-- Up-to-date: /home/harsh/ros2_project/install/px4_msgs/include/px4_msgs/px4_msgs/msg/flight_phase_estimation.hpp\n'}
[1.922824] (px4_msgs) StdoutLine: {'line': b'-- Up-to-date: /home/harsh/ros2_project/install/px4_msgs/include/px4_msgs/px4_msgs/msg/mission.hpp\n'}
[1.922877] (px4_msgs) StdoutLine: {'line': b'-- Up-to-date: /home/harsh/ros2_project/install/px4_msgs/include/px4_msgs/px4_msgs/msg/log_message.hpp\n'}
[1.922929] (px4_msgs) StdoutLine: {'line': b'-- Up-to-date: /home/harsh/ros2_project/install/px4_msgs/include/px4_msgs/px4_msgs/msg/wind.hpp\n'}
[1.922980] (px4_msgs) StdoutLine: {'line': b'-- Up-to-date: /home/harsh/ros2_project/install/px4_msgs/include/px4_msgs/px4_msgs/msg/geofence_status.hpp\n'}
[1.923031] (px4_msgs) StdoutLine: {'line': b'-- Up-to-date: /home/harsh/ros2_project/install/px4_msgs/include/px4_msgs/px4_msgs/msg/sensor_gyro_fft.hpp\n'}
[1.923083] (px4_msgs) StdoutLine: {'line': b'-- Up-to-date: /home/harsh/ros2_project/install/px4_msgs/include/px4_msgs/px4_msgs/msg/vehicle_optical_flow_vel.hpp\n'}
[1.923133] (px4_msgs) StdoutLine: {'line': b'-- Up-to-date: /home/harsh/ros2_project/install/px4_msgs/include/px4_msgs/px4_msgs/msg/gimbal_manager_set_manual_control.hpp\n'}
[1.923185] (px4_msgs) StdoutLine: {'line': b'-- Up-to-date: /home/harsh/ros2_project/install/px4_msgs/include/px4_msgs/px4_msgs/msg/rtl_status.hpp\n'}
[1.923243] (px4_msgs) StdoutLine: {'line': b'-- Up-to-date: /home/harsh/ros2_project/install/px4_msgs/include/px4_msgs/px4_msgs/msg/vehicle_rates_setpoint.hpp\n'}
[1.923301] (px4_msgs) StdoutLine: {'line': b'-- Up-to-date: /home/harsh/ros2_project/install/px4_msgs/include/px4_msgs/px4_msgs/msg/ping.hpp\n'}
[1.923353] (px4_msgs) StdoutLine: {'line': b'-- Up-to-date: /home/harsh/ros2_project/install/px4_msgs/include/px4_msgs/px4_msgs/msg/landing_gear_wheel.hpp\n'}
[1.923403] (px4_msgs) StdoutLine: {'line': b'-- Up-to-date: /home/harsh/ros2_project/install/px4_msgs/include/px4_msgs/px4_msgs/msg/autotune_attitude_control_status.hpp\n'}
[1.923455] (px4_msgs) StdoutLine: {'line': b'-- Up-to-date: /home/harsh/ros2_project/install/px4_msgs/include/px4_msgs/px4_msgs/msg/position_controller_landing_status.hpp\n'}
[1.923506] (px4_msgs) StdoutLine: {'line': b'-- Up-to-date: /home/harsh/ros2_project/install/px4_msgs/include/px4_msgs/px4_msgs/msg/vehicle_land_detected.hpp\n'}
[1.923558] (px4_msgs) StdoutLine: {'line': b'-- Up-to-date: /home/harsh/ros2_project/install/px4_msgs/include/px4_msgs/px4_msgs/msg/actuator_test.hpp\n'}
[1.923609] (px4_msgs) StdoutLine: {'line': b'-- Up-to-date: /home/harsh/ros2_project/install/px4_msgs/include/px4_msgs/px4_msgs/msg/orb_test.hpp\n'}
[1.923664] (px4_msgs) StdoutLine: {'line': b'-- Up-to-date: /home/harsh/ros2_project/install/px4_msgs/include/px4_msgs/px4_msgs/msg/airspeed_wind.hpp\n'}
[1.923716] (px4_msgs) StdoutLine: {'line': b'-- Up-to-date: /home/harsh/ros2_project/install/px4_msgs/include/px4_msgs/px4_msgs/msg/actuator_outputs.hpp\n'}
[1.923769] (px4_msgs) StdoutLine: {'line': b'-- Up-to-date: /home/harsh/ros2_project/install/px4_msgs/include/px4_msgs/px4_msgs/msg/differential_pressure.hpp\n'}
[1.923820] (px4_msgs) StdoutLine: {'line': b'-- Up-to-date: /home/harsh/ros2_project/install/px4_msgs/include/px4_msgs/px4_msgs/msg/differential_drive_setpoint.hpp\n'}
[1.923871] (px4_msgs) StdoutLine: {'line': b'-- Up-to-date: /home/harsh/ros2_project/install/px4_msgs/include/px4_msgs/px4_msgs/msg/position_controller_status.hpp\n'}
[1.923922] (px4_msgs) StdoutLine: {'line': b'-- Up-to-date: /home/harsh/ros2_project/install/px4_msgs/include/px4_msgs/px4_msgs/msg/failsafe_flags.hpp\n'}
[1.923974] (px4_msgs) StdoutLine: {'line': b'-- Up-to-date: /home/harsh/ros2_project/install/px4_msgs/include/px4_msgs/px4_msgs/msg/heater_status.hpp\n'}
[1.924027] (px4_msgs) StdoutLine: {'line': b'-- Up-to-date: /home/harsh/ros2_project/install/px4_msgs/include/px4_msgs/px4_msgs/msg/sensor_optical_flow.hpp\n'}
[1.924080] (px4_msgs) StdoutLine: {'line': b'-- Up-to-date: /home/harsh/ros2_project/install/px4_msgs/include/px4_msgs/px4_msgs/msg/estimator_bias3d.hpp\n'}
[1.924133] (px4_msgs) StdoutLine: {'line': b'-- Up-to-date: /home/harsh/ros2_project/install/px4_msgs/include/px4_msgs/px4_msgs/msg/battery_status.hpp\n'}
[1.924186] (px4_msgs) StdoutLine: {'line': b'-- Up-to-date: /home/harsh/ros2_project/install/px4_msgs/include/px4_msgs/px4_msgs/msg/rate_ctrl_status.hpp\n'}
[1.924248] (px4_msgs) StdoutLine: {'line': b'-- Up-to-date: /home/harsh/ros2_project/install/px4_msgs/include/px4_msgs/px4_msgs/msg/sensor_gnss_relative.hpp\n'}
[1.924305] (px4_msgs) StdoutLine: {'line': b'-- Up-to-date: /home/harsh/ros2_project/install/px4_msgs/include/px4_msgs/px4_msgs/msg/sensor_hygrometer.hpp\n'}
[1.924358] (px4_msgs) StdoutLine: {'line': b'-- Up-to-date: /home/harsh/ros2_project/install/px4_msgs/include/px4_msgs/px4_msgs/msg/actuator_servos_trim.hpp\n'}
[1.924424] (px4_msgs) StdoutLine: {'line': b'-- Up-to-date: /home/harsh/ros2_project/install/px4_msgs/include/px4_msgs/px4_msgs/msg/gimbal_device_attitude_status.hpp\n'}
[1.924478] (px4_msgs) StdoutLine: {'line': b'-- Up-to-date: /home/harsh/ros2_project/install/px4_msgs/include/px4_msgs/px4_msgs/msg/estimator_aid_source1d.hpp\n'}
[1.924529] (px4_msgs) StdoutLine: {'line': b'-- Up-to-date: /home/harsh/ros2_project/install/px4_msgs/include/px4_msgs/px4_msgs/msg/action_request.hpp\n'}
[1.924582] (px4_msgs) StdoutLine: {'line': b'-- Up-to-date: /home/harsh/ros2_project/install/px4_msgs/include/px4_msgs/px4_msgs/msg/vehicle_global_position.hpp\n'}
[1.924636] (px4_msgs) StdoutLine: {'line': b'-- Up-to-date: /home/harsh/ros2_project/install/px4_msgs/include/px4_msgs/px4_msgs/msg/gimbal_controls.hpp\n'}
[1.924694] (px4_msgs) StdoutLine: {'line': b'-- Up-to-date: /home/harsh/ros2_project/install/px4_msgs/include/px4_msgs/px4_msgs/msg/navigator_mission_item.hpp\n'}
[1.924747] (px4_msgs) StdoutLine: {'line': b'-- Up-to-date: /home/harsh/ros2_project/install/px4_msgs/include/px4_msgs/px4_msgs/msg/launch_detection_status.hpp\n'}
[1.924798] (px4_msgs) StdoutLine: {'line': b'-- Up-to-date: /home/harsh/ros2_project/install/px4_msgs/include/px4_msgs/px4_msgs/msg/mount_orientation.hpp\n'}
[1.924850] (px4_msgs) StdoutLine: {'line': b'-- Up-to-date: /home/harsh/ros2_project/install/px4_msgs/include/px4_msgs/px4_msgs/msg/gimbal_manager_set_attitude.hpp\n'}
[1.924902] (px4_msgs) StdoutLine: {'line': b'-- Up-to-date: /home/harsh/ros2_project/install/px4_msgs/include/px4_msgs/px4_msgs/msg/vtol_vehicle_status.hpp\n'}
[1.924955] (px4_msgs) StdoutLine: {'line': b'-- Up-to-date: /home/harsh/ros2_project/install/px4_msgs/include/px4_msgs/px4_msgs/msg/gimbal_manager_information.hpp\n'}
[1.925008] (px4_msgs) StdoutLine: {'line': b'-- Up-to-date: /home/harsh/ros2_project/install/px4_msgs/include/px4_msgs/px4_msgs/msg/logger_status.hpp\n'}
[1.925067] (px4_msgs) StdoutLine: {'line': b'-- Up-to-date: /home/harsh/ros2_project/install/px4_msgs/include/px4_msgs/px4_msgs/msg/internal_combustion_engine_status.hpp\n'}
[1.925123] (px4_msgs) StdoutLine: {'line': b'-- Up-to-date: /home/harsh/ros2_project/install/px4_msgs/include/px4_msgs/px4_msgs/msg/takeoff_status.hpp\n'}
[1.925175] (px4_msgs) StdoutLine: {'line': b'-- Up-to-date: /home/harsh/ros2_project/install/px4_msgs/include/px4_msgs/px4_msgs/msg/vehicle_imu_status.hpp\n'}
[1.925229] (px4_msgs) StdoutLine: {'line': b'-- Up-to-date: /home/harsh/ros2_project/install/px4_msgs/include/px4_msgs/px4_msgs/msg/home_position.hpp\n'}
[1.925299] (px4_msgs) StdoutLine: {'line': b'-- Up-to-date: /home/harsh/ros2_project/install/px4_msgs/include/px4_msgs/px4_msgs/msg/follow_target.hpp\n'}
[1.925355] (px4_msgs) StdoutLine: {'line': b'-- Up-to-date: /home/harsh/ros2_project/install/px4_msgs/include/px4_msgs/px4_msgs/msg/pwm_input.hpp\n'}
[1.925408] (px4_msgs) StdoutLine: {'line': b'-- Up-to-date: /home/harsh/ros2_project/install/px4_msgs/include/px4_msgs/px4_msgs/msg/telemetry_status.hpp\n'}
[1.925458] (px4_msgs) StdoutLine: {'line': b'-- Up-to-date: /home/harsh/ros2_project/install/px4_msgs/include/px4_msgs/px4_msgs/msg/ulog_stream.hpp\n'}
[1.925512] (px4_msgs) StdoutLine: {'line': b'-- Up-to-date: /home/harsh/ros2_project/install/px4_msgs/include/px4_msgs/px4_msgs/msg/camera_trigger.hpp\n'}
[1.925566] (px4_msgs) StdoutLine: {'line': b'-- Up-to-date: /home/harsh/ros2_project/install/px4_msgs/include/px4_msgs/px4_msgs/msg/normalized_unsigned_setpoint.hpp\n'}
[1.925619] (px4_msgs) StdoutLine: {'line': b'-- Up-to-date: /home/harsh/ros2_project/install/px4_msgs/include/px4_msgs/px4_msgs/msg/sensor_airflow.hpp\n'}
[1.925673] (px4_msgs) StdoutLine: {'line': b'-- Up-to-date: /home/harsh/ros2_project/install/px4_msgs/include/px4_msgs/px4_msgs/msg/geofence_result.hpp\n'}
[1.925726] (px4_msgs) StdoutLine: {'line': b'-- Up-to-date: /home/harsh/ros2_project/install/px4_msgs/include/px4_msgs/px4_msgs/msg/buffer128.hpp\n'}
[1.925778] (px4_msgs) StdoutLine: {'line': b'-- Up-to-date: /home/harsh/ros2_project/install/px4_msgs/include/px4_msgs/px4_msgs/msg/config_overrides.hpp\n'}
[1.925829] (px4_msgs) StdoutLine: {'line': b'-- Up-to-date: /home/harsh/ros2_project/install/px4_msgs/include/px4_msgs/px4_msgs/msg/parameter_set_value_request.hpp\n'}
[1.925885] (px4_msgs) StdoutLine: {'line': b'-- Up-to-date: /home/harsh/ros2_project/install/px4_msgs/include/px4_msgs/px4_msgs/msg/wheel_encoders.hpp\n'}
[1.925942] (px4_msgs) StdoutLine: {'line': b'-- Up-to-date: /home/harsh/ros2_project/install/px4_msgs/include/px4_msgs/px4_msgs/msg/gps_dump.hpp\n'}
[1.925999] (px4_msgs) StdoutLine: {'line': b'-- Up-to-date: /home/harsh/ros2_project/install/px4_msgs/include/px4_msgs/px4_msgs/msg/led_control.hpp\n'}
[1.926064] (px4_msgs) StdoutLine: {'line': b'-- Up-to-date: /home/harsh/ros2_project/install/px4_msgs/include/px4_msgs/px4_msgs/msg/sensor_accel_fifo.hpp\n'}
[1.926127] (px4_msgs) StdoutLine: {'line': b'-- Up-to-date: /home/harsh/ros2_project/install/px4_msgs/include/px4_msgs/px4_msgs/msg/vehicle_acceleration.hpp\n'}
[1.926186] (px4_msgs) StdoutLine: {'line': b'-- Up-to-date: /home/harsh/ros2_project/install/px4_msgs/include/px4_msgs/px4_msgs/msg/vehicle_optical_flow.hpp\n'}
[1.926264] (px4_msgs) StdoutLine: {'line': b'-- Up-to-date: /home/harsh/ros2_project/install/px4_msgs/include/px4_msgs/px4_msgs/msg/rc_channels.hpp\n'}
[1.926328] (px4_msgs) StdoutLine: {'line': b'-- Up-to-date: /home/harsh/ros2_project/install/px4_msgs/include/px4_msgs/px4_msgs/msg/dataman_response.hpp\n'}
[1.926392] (px4_msgs) StdoutLine: {'line': b'-- Up-to-date: /home/harsh/ros2_project/install/px4_msgs/include/px4_msgs/px4_msgs/msg/estimator_states.hpp\n'}
[1.926454] (px4_msgs) StdoutLine: {'line': b'-- Up-to-date: /home/harsh/ros2_project/install/px4_msgs/include/px4_msgs/px4_msgs/msg/landing_target_pose.hpp\n'}
[1.926514] (px4_msgs) StdoutLine: {'line': b'-- Up-to-date: /home/harsh/ros2_project/install/px4_msgs/include/px4_msgs/px4_msgs/msg/orbit_status.hpp\n'}
[1.926682] (px4_msgs) StdoutLine: {'line': b'-- Up-to-date: /home/harsh/ros2_project/install/px4_msgs/include/px4_msgs/px4_msgs/msg/npfg_status.hpp\n'}
[1.926739] (px4_msgs) StdoutLine: {'line': b'-- Up-to-date: /home/harsh/ros2_project/install/px4_msgs/include/px4_msgs/px4_msgs/msg/vehicle_magnetometer.hpp\n'}
[1.926803] (px4_msgs) StdoutLine: {'line': b'-- Up-to-date: /home/harsh/ros2_project/install/px4_msgs/include/px4_msgs/px4_msgs/msg/uavcan_parameter_request.hpp\n'}
[1.926857] (px4_msgs) StdoutLine: {'line': b'-- Up-to-date: /home/harsh/ros2_project/install/px4_msgs/include/px4_msgs/px4_msgs/msg/mavlink_log.hpp\n'}
[1.926911] (px4_msgs) StdoutLine: {'line': b'-- Up-to-date: /home/harsh/ros2_project/install/px4_msgs/include/px4_msgs/px4_msgs/msg/satellite_info.hpp\n'}
[1.926968] (px4_msgs) StdoutLine: {'line': b'-- Up-to-date: /home/harsh/ros2_project/install/px4_msgs/include/px4_msgs/px4_msgs/msg/transponder_report.hpp\n'}
[1.927022] (px4_msgs) StdoutLine: {'line': b'-- Up-to-date: /home/harsh/ros2_project/install/px4_msgs/include/px4_msgs/px4_msgs/msg/event.hpp\n'}
[1.927074] (px4_msgs) StdoutLine: {'line': b'-- Up-to-date: /home/harsh/ros2_project/install/px4_msgs/include/px4_msgs/px4_msgs/msg/input_rc.hpp\n'}
[1.927127] (px4_msgs) StdoutLine: {'line': b'-- Up-to-date: /home/harsh/ros2_project/install/px4_msgs/include/px4_msgs/px4_msgs/msg/rtl_time_estimate.hpp\n'}
[1.927182] (px4_msgs) StdoutLine: {'line': b'-- Up-to-date: /home/harsh/ros2_project/install/px4_msgs/include/px4_msgs/px4_msgs/msg/vehicle_roi.hpp\n'}
[1.927244] (px4_msgs) StdoutLine: {'line': b'-- Up-to-date: /home/harsh/ros2_project/install/px4_msgs/include/px4_msgs/px4_msgs/msg/sensor_gyro_fifo.hpp\n'}
[1.927307] (px4_msgs) StdoutLine: {'line': b'-- Up-to-date: /home/harsh/ros2_project/install/px4_msgs/include/px4_msgs/px4_msgs/msg/power_button_state.hpp\n'}
[1.927358] (px4_msgs) StdoutLine: {'line': b'-- Up-to-date: /home/harsh/ros2_project/install/px4_msgs/include/px4_msgs/px4_msgs/msg/debug_value.hpp\n'}
[1.927410] (px4_msgs) StdoutLine: {'line': b'-- Up-to-date: /home/harsh/ros2_project/install/px4_msgs/include/px4_msgs/px4_msgs/msg/debug_array.hpp\n'}
[1.927463] (px4_msgs) StdoutLine: {'line': b'-- Up-to-date: /home/harsh/ros2_project/install/px4_msgs/include/px4_msgs/px4_msgs/msg/follow_target_estimator.hpp\n'}
[1.927517] (px4_msgs) StdoutLine: {'line': b'-- Up-to-date: /home/harsh/ros2_project/install/px4_msgs/include/px4_msgs/px4_msgs/msg/distance_sensor.hpp\n'}
[1.927574] (px4_msgs) StdoutLine: {'line': b'-- Up-to-date: /home/harsh/ros2_project/install/px4_msgs/include/px4_msgs/px4_msgs/msg/can_interface_status.hpp\n'}
[1.927630] (px4_msgs) StdoutLine: {'line': b'-- Up-to-date: /home/harsh/ros2_project/install/px4_msgs/include/px4_msgs/px4_msgs/msg/cpuload.hpp\n'}
[1.927685] (px4_msgs) StdoutLine: {'line': b'-- Up-to-date: /home/harsh/ros2_project/install/px4_msgs/include/px4_msgs/px4_msgs/msg/sensor_gps.hpp\n'}
[1.927739] (px4_msgs) StdoutLine: {'line': b'-- Up-to-date: /home/harsh/ros2_project/install/px4_msgs/include/px4_msgs/px4_msgs/msg/mission_result.hpp\n'}
[1.927790] (px4_msgs) StdoutLine: {'line': b'-- Up-to-date: /home/harsh/ros2_project/install/px4_msgs/include/px4_msgs/px4_msgs/msg/generator_status.hpp\n'}
[1.927842] (px4_msgs) StdoutLine: {'line': b'-- Up-to-date: /home/harsh/ros2_project/install/px4_msgs/include/px4_msgs/px4_msgs/msg/sensor_uwb.hpp\n'}
[1.927894] (px4_msgs) StdoutLine: {'line': b'-- Up-to-date: /home/harsh/ros2_project/install/px4_msgs/include/px4_msgs/px4_msgs/msg/actuator_servos.hpp\n'}
[1.927946] (px4_msgs) StdoutLine: {'line': b'-- Up-to-date: /home/harsh/ros2_project/install/px4_msgs/include/px4_msgs/px4_msgs/msg/arming_check_request.hpp\n'}
[1.927997] (px4_msgs) StdoutLine: {'line': b'-- Up-to-date: /home/harsh/ros2_project/install/px4_msgs/include/px4_msgs/px4_msgs/msg/register_ext_component_request.hpp\n'}
[1.928048] (px4_msgs) StdoutLine: {'line': b'-- Up-to-date: /home/harsh/ros2_project/install/px4_msgs/include/px4_msgs/px4_msgs/msg/trajectory_waypoint.hpp\n'}
[1.928108] (px4_msgs) StdoutLine: {'line': b'-- Up-to-date: /home/harsh/ros2_project/install/px4_msgs/include/px4_msgs/px4_msgs/msg/airspeed.hpp\n'}
[1.928161] (px4_msgs) StdoutLine: {'line': b'-- Up-to-date: /home/harsh/ros2_project/install/px4_msgs/include/px4_msgs/px4_msgs/msg/estimator_selector_status.hpp\n'}
[1.928214] (px4_msgs) StdoutLine: {'line': b'-- Up-to-date: /home/harsh/ros2_project/install/px4_msgs/include/px4_msgs/px4_msgs/msg/sensor_mag.hpp\n'}
[1.928278] (px4_msgs) StdoutLine: {'line': b'-- Up-to-date: /home/harsh/ros2_project/install/px4_msgs/include/px4_msgs/px4_msgs/msg/tune_control.hpp\n'}
[1.928333] (px4_msgs) StdoutLine: {'line': b'-- Up-to-date: /home/harsh/ros2_project/install/px4_msgs/include/px4_msgs/px4_msgs/msg/gripper.hpp\n'}
[1.928383] (px4_msgs) StdoutLine: {'line': b'-- Up-to-date: /home/harsh/ros2_project/install/px4_msgs/include/px4_msgs/px4_msgs/msg/radio_status.hpp\n'}
[1.928434] (px4_msgs) StdoutLine: {'line': b'-- Up-to-date: /home/harsh/ros2_project/install/px4_msgs/include/px4_msgs/px4_msgs/msg/rc_parameter_map.hpp\n'}
[1.928486] (px4_msgs) StdoutLine: {'line': b'-- Up-to-date: /home/harsh/ros2_project/install/px4_msgs/include/px4_msgs/px4_msgs/msg/follow_target_status.hpp\n'}
[1.928536] (px4_msgs) StdoutLine: {'line': b'-- Up-to-date: /home/harsh/ros2_project/install/px4_msgs/include/px4_msgs/px4_msgs/msg/collision_constraints.hpp\n'}
[1.928587] (px4_msgs) StdoutLine: {'line': b'-- Up-to-date: /home/harsh/ros2_project/install/px4_msgs/include/px4_msgs/px4_msgs/msg/ulog_stream_ack.hpp\n'}
[1.928638] (px4_msgs) StdoutLine: {'line': b'-- Up-to-date: /home/harsh/ros2_project/install/px4_msgs/include/px4_msgs/px4_msgs/msg/airspeed_validated.hpp\n'}
[1.928693] (px4_msgs) StdoutLine: {'line': b'-- Up-to-date: /home/harsh/ros2_project/install/px4_msgs/include/px4_msgs/px4_msgs/msg/parameter_set_used_request.hpp\n'}
[1.928752] (px4_msgs) StdoutLine: {'line': b'-- Up-to-date: /home/harsh/ros2_project/install/px4_msgs/include/px4_msgs/px4_msgs/msg/tiltrotor_extra_controls.hpp\n'}
[1.928804] (px4_msgs) StdoutLine: {'line': b'-- Up-to-date: /home/harsh/ros2_project/install/px4_msgs/include/px4_msgs/px4_msgs/msg/magnetometer_bias_estimate.hpp\n'}
[1.928856] (px4_msgs) StdoutLine: {'line': b'-- Up-to-date: /home/harsh/ros2_project/install/px4_msgs/include/px4_msgs/px4_msgs/msg/vehicle_trajectory_bezier.hpp\n'}
[1.928909] (px4_msgs) StdoutLine: {'line': b'-- Up-to-date: /home/harsh/ros2_project/install/px4_msgs/include/px4_msgs/px4_msgs/msg/yaw_estimator_status.hpp\n'}
[1.928962] (px4_msgs) StdoutLine: {'line': b'-- Up-to-date: /home/harsh/ros2_project/install/px4_msgs/include/px4_msgs/px4_msgs/msg/vehicle_command_ack.hpp\n'}
[1.929013] (px4_msgs) StdoutLine: {'line': b'-- Up-to-date: /home/harsh/ros2_project/install/px4_msgs/include/px4_msgs/px4_msgs/msg/failure_detector_status.hpp\n'}
[1.929065] (px4_msgs) StdoutLine: {'line': b'-- Up-to-date: /home/harsh/ros2_project/install/px4_msgs/include/px4_msgs/px4_msgs/msg/dataman_request.hpp\n'}
[1.929116] (px4_msgs) StdoutLine: {'line': b'-- Up-to-date: /home/harsh/ros2_project/install/px4_msgs/include/px4_msgs/px4_msgs/msg/gpio_in.hpp\n'}
[1.929167] (px4_msgs) StdoutLine: {'line': b'-- Up-to-date: /home/harsh/ros2_project/install/px4_msgs/include/px4_msgs/px4_msgs/msg/landing_target_innovations.hpp\n'}
[1.929217] (px4_msgs) StdoutLine: {'line': b'-- Up-to-date: /home/harsh/ros2_project/install/px4_msgs/include/px4_msgs/px4_msgs/msg/message_format_response.hpp\n'}
[1.929284] (px4_msgs) StdoutLine: {'line': b'-- Up-to-date: /home/harsh/ros2_project/install/px4_msgs/include/px4_msgs/px4_msgs/msg/landing_gear.hpp\n'}
[1.929336] (px4_msgs) StdoutLine: {'line': b'-- Up-to-date: /home/harsh/ros2_project/install/px4_msgs/include/px4_msgs/px4_msgs/msg/manual_control_setpoint.hpp\n'}
[1.929387] (px4_msgs) StdoutLine: {'line': b'-- Up-to-date: /home/harsh/ros2_project/install/px4_msgs/include/px4_msgs/px4_msgs/msg/orb_test_large.hpp\n'}
[1.929440] (px4_msgs) StdoutLine: {'line': b'-- Up-to-date: /home/harsh/ros2_project/install/px4_msgs/include/px4_msgs/px4_msgs/msg/orb_test_medium.hpp\n'}
[1.929499] (px4_msgs) StdoutLine: {'line': b'-- Up-to-date: /home/harsh/ros2_project/install/px4_msgs/include/px4_msgs/px4_msgs/msg/hover_thrust_estimate.hpp\n'}
[1.929549] (px4_msgs) StdoutLine: {'line': b'-- Up-to-date: /home/harsh/ros2_project/install/px4_msgs/include/px4_msgs/px4_msgs/msg/manual_control_switches.hpp\n'}
[1.929600] (px4_msgs) StdoutLine: {'line': b'-- Up-to-date: /home/harsh/ros2_project/install/px4_msgs/include/px4_msgs/px4_msgs/msg/irlock_report.hpp\n'}
[1.929650] (px4_msgs) StdoutLine: {'line': b'-- Up-to-date: /home/harsh/ros2_project/install/px4_msgs/include/px4_msgs/px4_msgs/msg/esc_report.hpp\n'}
[1.929700] (px4_msgs) StdoutLine: {'line': b'-- Up-to-date: /home/harsh/ros2_project/install/px4_msgs/include/px4_msgs/px4_msgs/msg/mode_completed.hpp\n'}
[1.929751] (px4_msgs) StdoutLine: {'line': b'-- Up-to-date: /home/harsh/ros2_project/install/px4_msgs/include/px4_msgs/px4_msgs/msg/vehicle_attitude.hpp\n'}
[1.929801] (px4_msgs) StdoutLine: {'line': b'-- Up-to-date: /home/harsh/ros2_project/install/px4_msgs/include/px4_msgs/px4_msgs/msg/rosidl_generator_cpp__visibility_control.hpp\n'}
[1.929853] (px4_msgs) StdoutLine: {'line': b'-- Up-to-date: /home/harsh/ros2_project/install/px4_msgs/include/px4_msgs/px4_msgs/msg/debug_key_value.hpp\n'}
[1.929904] (px4_msgs) StdoutLine: {'line': b'-- Up-to-date: /home/harsh/ros2_project/install/px4_msgs/include/px4_msgs/px4_msgs/msg/collision_report.hpp\n'}
[1.929955] (px4_msgs) StdoutLine: {'line': b'-- Up-to-date: /home/harsh/ros2_project/install/px4_msgs/include/px4_msgs/px4_msgs/msg/estimator_bias.hpp\n'}
[1.930004] (px4_msgs) StdoutLine: {'line': b'-- Up-to-date: /home/harsh/ros2_project/install/px4_msgs/include/px4_msgs/px4_msgs/msg/gpio_request.hpp\n'}
[1.930055] (px4_msgs) StdoutLine: {'line': b'-- Up-to-date: /home/harsh/ros2_project/install/px4_msgs/include/px4_msgs/px4_msgs/msg/arming_check_reply.hpp\n'}
[1.930107] (px4_msgs) StdoutLine: {'line': b'-- Up-to-date: /home/harsh/ros2_project/install/px4_msgs/include/px4_msgs/px4_msgs/msg/ekf2_timestamps.hpp\n'}
[1.930157] (px4_msgs) StdoutLine: {'line': b'-- Up-to-date: /home/harsh/ros2_project/install/px4_msgs/include/px4_msgs/px4_msgs/msg/sensors_status_imu.hpp\n'}
[1.930208] (px4_msgs) StdoutLine: {'line': b'-- Up-to-date: /home/harsh/ros2_project/install/px4_msgs/include/px4_msgs/px4_msgs/msg/qshell_retval.hpp\n'}
[1.930270] (px4_msgs) StdoutLine: {'line': b'-- Up-to-date: /home/harsh/ros2_project/install/px4_msgs/include/px4_msgs/px4_msgs/msg/sensor_preflight_mag.hpp\n'}
[1.930324] (px4_msgs) StdoutLine: {'line': b'-- Up-to-date: /home/harsh/ros2_project/install/px4_msgs/include/px4_msgs/px4_msgs/msg/gimbal_manager_status.hpp\n'}
[1.930377] (px4_msgs) StdoutLine: {'line': b'-- Up-to-date: /home/harsh/ros2_project/install/px4_msgs/include/px4_msgs/px4_msgs/msg/message_format_request.hpp\n'}
[1.930429] (px4_msgs) StdoutLine: {'line': b'-- Up-to-date: /home/harsh/ros2_project/install/px4_msgs/include/px4_msgs/px4_msgs/msg/iridiumsbd_status.hpp\n'}
[1.930483] (px4_msgs) StdoutLine: {'line': b'-- Up-to-date: /home/harsh/ros2_project/install/px4_msgs/include/px4_msgs/px4_msgs/msg/gpio_out.hpp\n'}
[1.930535] (px4_msgs) StdoutLine: {'line': b'-- Up-to-date: /home/harsh/ros2_project/install/px4_msgs/include/px4_msgs/px4_msgs/msg/gimbal_device_set_attitude.hpp\n'}
[1.930587] (px4_msgs) StdoutLine: {'line': b'-- Up-to-date: /home/harsh/ros2_project/install/px4_msgs/include/px4_msgs/px4_msgs/msg/position_setpoint_triplet.hpp\n'}
[1.930638] (px4_msgs) StdoutLine: {'line': b'-- Up-to-date: /home/harsh/ros2_project/install/px4_msgs/include/px4_msgs/px4_msgs/msg/estimator_aid_source2d.hpp\n'}
[1.930697] (px4_msgs) StdoutLine: {'line': b'-- Up-to-date: /home/harsh/ros2_project/install/px4_msgs/include/px4_msgs/px4_msgs/msg/obstacle_distance.hpp\n'}
[1.930748] (px4_msgs) StdoutLine: {'line': b'-- Up-to-date: /home/harsh/ros2_project/install/px4_msgs/include/px4_msgs/px4_msgs/msg/register_ext_component_reply.hpp\n'}
[1.930800] (px4_msgs) StdoutLine: {'line': b'-- Up-to-date: /home/harsh/ros2_project/install/px4_msgs/include/px4_msgs/px4_msgs/msg/camera_capture.hpp\n'}
[1.930854] (px4_msgs) StdoutLine: {'line': b'-- Up-to-date: /home/harsh/ros2_project/install/px4_msgs/include/px4_msgs/px4_msgs/msg/control_allocator_status.hpp\n'}
[1.930905] (px4_msgs) StdoutLine: {'line': b'-- Up-to-date: /home/harsh/ros2_project/install/px4_msgs/include/px4_msgs/px4_msgs/msg/parameter_reset_request.hpp\n'}
[1.930957] (px4_msgs) StdoutLine: {'line': b'-- Up-to-date: /home/harsh/ros2_project/install/px4_msgs/include/px4_msgs/px4_msgs/msg/button_event.hpp\n'}
[1.931007] (px4_msgs) StdoutLine: {'line': b'-- Up-to-date: /home/harsh/ros2_project/install/px4_msgs/include/px4_msgs/px4_msgs/msg/estimator_innovations.hpp\n'}
[1.931058] (px4_msgs) StdoutLine: {'line': b'-- Up-to-date: /home/harsh/ros2_project/install/px4_msgs/include/px4_msgs/px4_msgs/msg/vehicle_odometry.hpp\n'}
[1.931108] (px4_msgs) StdoutLine: {'line': b'-- Up-to-date: /home/harsh/ros2_project/install/px4_msgs/include/px4_msgs/px4_msgs/msg/detail\n'}
[1.931161] (px4_msgs) StdoutLine: {'line': b'-- Up-to-date: /home/harsh/ros2_project/install/px4_msgs/include/px4_msgs/px4_msgs/msg/detail/task_stack_info__traits.hpp\n'}
[1.931211] (px4_msgs) StdoutLine: {'line': b'-- Up-to-date: /home/harsh/ros2_project/install/px4_msgs/include/px4_msgs/px4_msgs/msg/detail/estimator_event_flags__type_support.hpp\n'}
[1.931271] (px4_msgs) StdoutLine: {'line': b'-- Up-to-date: /home/harsh/ros2_project/install/px4_msgs/include/px4_msgs/px4_msgs/msg/detail/estimator_aid_source1d__builder.hpp\n'}
[1.931325] (px4_msgs) StdoutLine: {'line': b'-- Up-to-date: /home/harsh/ros2_project/install/px4_msgs/include/px4_msgs/px4_msgs/msg/detail/vehicle_angular_velocity__traits.hpp\n'}
[1.931377] (px4_msgs) StdoutLine: {'line': b'-- Up-to-date: /home/harsh/ros2_project/install/px4_msgs/include/px4_msgs/px4_msgs/msg/detail/trajectory_bezier__type_support.hpp\n'}
[1.931429] (px4_msgs) StdoutLine: {'line': b'-- Up-to-date: /home/harsh/ros2_project/install/px4_msgs/include/px4_msgs/px4_msgs/msg/detail/gimbal_controls__type_support.hpp\n'}
[1.931480] (px4_msgs) StdoutLine: {'line': b'-- Up-to-date: /home/harsh/ros2_project/install/px4_msgs/include/px4_msgs/px4_msgs/msg/detail/actuator_motors__traits.hpp\n'}
[1.931531] (px4_msgs) StdoutLine: {'line': b'-- Up-to-date: /home/harsh/ros2_project/install/px4_msgs/include/px4_msgs/px4_msgs/msg/detail/collision_constraints__builder.hpp\n'}
[1.931580] (px4_msgs) StdoutLine: {'line': b'-- Up-to-date: /home/harsh/ros2_project/install/px4_msgs/include/px4_msgs/px4_msgs/msg/detail/navigator_mission_item__traits.hpp\n'}
[1.931632] (px4_msgs) StdoutLine: {'line': b'-- Up-to-date: /home/harsh/ros2_project/install/px4_msgs/include/px4_msgs/px4_msgs/msg/detail/gpio_config__traits.hpp\n'}
[1.931682] (px4_msgs) StdoutLine: {'line': b'-- Up-to-date: /home/harsh/ros2_project/install/px4_msgs/include/px4_msgs/px4_msgs/msg/detail/rc_parameter_map__struct.hpp\n'}
[1.931733] (px4_msgs) StdoutLine: {'line': b'-- Up-to-date: /home/harsh/ros2_project/install/px4_msgs/include/px4_msgs/px4_msgs/msg/detail/gimbal_device_information__struct.hpp\n'}
[1.931782] (px4_msgs) StdoutLine: {'line': b'-- Up-to-date: /home/harsh/ros2_project/install/px4_msgs/include/px4_msgs/px4_msgs/msg/detail/airspeed_validated__builder.hpp\n'}
[1.931831] (px4_msgs) StdoutLine: {'line': b'-- Up-to-date: /home/harsh/ros2_project/install/px4_msgs/include/px4_msgs/px4_msgs/msg/detail/pps_capture__type_support.hpp\n'}
[1.931881] (px4_msgs) StdoutLine: {'line': b'-- Up-to-date: /home/harsh/ros2_project/install/px4_msgs/include/px4_msgs/px4_msgs/msg/detail/dataman_response__builder.hpp\n'}
[1.931930] (px4_msgs) StdoutLine: {'line': b'-- Up-to-date: /home/harsh/ros2_project/install/px4_msgs/include/px4_msgs/px4_msgs/msg/detail/parameter_reset_request__type_support.hpp\n'}
[1.931980] (px4_msgs) StdoutLine: {'line': b'-- Up-to-date: /home/harsh/ros2_project/install/px4_msgs/include/px4_msgs/px4_msgs/msg/detail/uavcan_parameter_request__struct.hpp\n'}
[1.932035] (px4_msgs) StdoutLine: {'line': b'-- Up-to-date: /home/harsh/ros2_project/install/px4_msgs/include/px4_msgs/px4_msgs/msg/detail/position_controller_landing_status__struct.hpp\n'}
[1.932085] (px4_msgs) StdoutLine: {'line': b'-- Up-to-date: /home/harsh/ros2_project/install/px4_msgs/include/px4_msgs/px4_msgs/msg/detail/button_event__type_support.hpp\n'}
[1.932138] (px4_msgs) StdoutLine: {'line': b'-- Up-to-date: /home/harsh/ros2_project/install/px4_msgs/include/px4_msgs/px4_msgs/msg/detail/estimator_bias3d__struct.hpp\n'}
[1.932189] (px4_msgs) StdoutLine: {'line': b'-- Up-to-date: /home/harsh/ros2_project/install/px4_msgs/include/px4_msgs/px4_msgs/msg/detail/parameter_set_value_request__type_support.hpp\n'}
[1.932251] (px4_msgs) StdoutLine: {'line': b'-- Up-to-date: /home/harsh/ros2_project/install/px4_msgs/include/px4_msgs/px4_msgs/msg/detail/sensor_gnss_relative__traits.hpp\n'}
[1.932306] (px4_msgs) StdoutLine: {'line': b'-- Up-to-date: /home/harsh/ros2_project/install/px4_msgs/include/px4_msgs/px4_msgs/msg/detail/vehicle_land_detected__traits.hpp\n'}
[1.932357] (px4_msgs) StdoutLine: {'line': b'-- Up-to-date: /home/harsh/ros2_project/install/px4_msgs/include/px4_msgs/px4_msgs/msg/detail/vehicle_constraints__type_support.hpp\n'}
[1.932430] (px4_msgs) StdoutLine: {'line': b'-- Up-to-date: /home/harsh/ros2_project/install/px4_msgs/include/px4_msgs/px4_msgs/msg/detail/vehicle_odometry__type_support.hpp\n'}
[1.932488] (px4_msgs) StdoutLine: {'line': b'-- Up-to-date: /home/harsh/ros2_project/install/px4_msgs/include/px4_msgs/px4_msgs/msg/detail/vehicle_trajectory_waypoint__builder.hpp\n'}
[1.932554] (px4_msgs) StdoutLine: {'line': b'-- Up-to-date: /home/harsh/ros2_project/install/px4_msgs/include/px4_msgs/px4_msgs/msg/detail/actuator_controls_status__builder.hpp\n'}
[1.932613] (px4_msgs) StdoutLine: {'line': b'-- Up-to-date: /home/harsh/ros2_project/install/px4_msgs/include/px4_msgs/px4_msgs/msg/detail/mavlink_log__traits.hpp\n'}
[1.932662] (px4_msgs) StdoutLine: {'line': b'-- Up-to-date: /home/harsh/ros2_project/install/px4_msgs/include/px4_msgs/px4_msgs/msg/detail/wheel_encoders__traits.hpp\n'}
[1.932713] (px4_msgs) StdoutLine: {'line': b'-- Up-to-date: /home/harsh/ros2_project/install/px4_msgs/include/px4_msgs/px4_msgs/msg/detail/battery_status__traits.hpp\n'}
[1.932762] (px4_msgs) StdoutLine: {'line': b'-- Up-to-date: /home/harsh/ros2_project/install/px4_msgs/include/px4_msgs/px4_msgs/msg/detail/timesync_status__builder.hpp\n'}
[1.932813] (px4_msgs) StdoutLine: {'line': b'-- Up-to-date: /home/harsh/ros2_project/install/px4_msgs/include/px4_msgs/px4_msgs/msg/detail/estimator_sensor_bias__builder.hpp\n'}
[1.932862] (px4_msgs) StdoutLine: {'line': b'-- Up-to-date: /home/harsh/ros2_project/install/px4_msgs/include/px4_msgs/px4_msgs/msg/detail/trajectory_waypoint__builder.hpp\n'}
[1.932912] (px4_msgs) StdoutLine: {'line': b'-- Up-to-date: /home/harsh/ros2_project/install/px4_msgs/include/px4_msgs/px4_msgs/msg/detail/logger_status__traits.hpp\n'}
[1.932961] (px4_msgs) StdoutLine: {'line': b'-- Up-to-date: /home/harsh/ros2_project/install/px4_msgs/include/px4_msgs/px4_msgs/msg/detail/health_report__struct.hpp\n'}
[1.933010] (px4_msgs) StdoutLine: {'line': b'-- Up-to-date: /home/harsh/ros2_project/install/px4_msgs/include/px4_msgs/px4_msgs/msg/detail/esc_status__struct.hpp\n'}
[1.933059] (px4_msgs) StdoutLine: {'line': b'-- Up-to-date: /home/harsh/ros2_project/install/px4_msgs/include/px4_msgs/px4_msgs/msg/detail/qshell_retval__type_support.hpp\n'}
[1.933109] (px4_msgs) StdoutLine: {'line': b'-- Up-to-date: /home/harsh/ros2_project/install/px4_msgs/include/px4_msgs/px4_msgs/msg/detail/vehicle_optical_flow__traits.hpp\n'}
[1.933160] (px4_msgs) StdoutLine: {'line': b'-- Up-to-date: /home/harsh/ros2_project/install/px4_msgs/include/px4_msgs/px4_msgs/msg/detail/obstacle_distance__traits.hpp\n'}
[1.933210] (px4_msgs) StdoutLine: {'line': b'-- Up-to-date: /home/harsh/ros2_project/install/px4_msgs/include/px4_msgs/px4_msgs/msg/detail/vehicle_roi__type_support.hpp\n'}
[1.933272] (px4_msgs) StdoutLine: {'line': b'-- Up-to-date: /home/harsh/ros2_project/install/px4_msgs/include/px4_msgs/px4_msgs/msg/detail/normalized_unsigned_setpoint__traits.hpp\n'}
[1.933329] (px4_msgs) StdoutLine: {'line': b'-- Up-to-date: /home/harsh/ros2_project/install/px4_msgs/include/px4_msgs/px4_msgs/msg/detail/estimator_aid_source3d__type_support.hpp\n'}
[1.933380] (px4_msgs) StdoutLine: {'line': b'-- Up-to-date: /home/harsh/ros2_project/install/px4_msgs/include/px4_msgs/px4_msgs/msg/detail/vehicle_odometry__struct.hpp\n'}
[1.933430] (px4_msgs) StdoutLine: {'line': b'-- Up-to-date: /home/harsh/ros2_project/install/px4_msgs/include/px4_msgs/px4_msgs/msg/detail/rate_ctrl_status__struct.hpp\n'}
[1.933481] (px4_msgs) StdoutLine: {'line': b'-- Up-to-date: /home/harsh/ros2_project/install/px4_msgs/include/px4_msgs/px4_msgs/msg/detail/gimbal_device_information__builder.hpp\n'}
[1.933531] (px4_msgs) StdoutLine: {'line': b'-- Up-to-date: /home/harsh/ros2_project/install/px4_msgs/include/px4_msgs/px4_msgs/msg/detail/vehicle_thrust_setpoint__struct.hpp\n'}
[1.933583] (px4_msgs) StdoutLine: {'line': b'-- Up-to-date: /home/harsh/ros2_project/install/px4_msgs/include/px4_msgs/px4_msgs/msg/detail/airspeed_validated__traits.hpp\n'}
[1.933634] (px4_msgs) StdoutLine: {'line': b'-- Up-to-date: /home/harsh/ros2_project/install/px4_msgs/include/px4_msgs/px4_msgs/msg/detail/register_ext_component_reply__traits.hpp\n'}
[1.933684] (px4_msgs) StdoutLine: {'line': b'-- Up-to-date: /home/harsh/ros2_project/install/px4_msgs/include/px4_msgs/px4_msgs/msg/detail/dataman_response__traits.hpp\n'}
[1.933742] (px4_msgs) StdoutLine: {'line': b'-- Up-to-date: /home/harsh/ros2_project/install/px4_msgs/include/px4_msgs/px4_msgs/msg/detail/estimator_event_flags__traits.hpp\n'}
[1.933795] (px4_msgs) StdoutLine: {'line': b'-- Up-to-date: /home/harsh/ros2_project/install/px4_msgs/include/px4_msgs/px4_msgs/msg/detail/sensor_correction__traits.hpp\n'}
[1.933845] (px4_msgs) StdoutLine: {'line': b'-- Up-to-date: /home/harsh/ros2_project/install/px4_msgs/include/px4_msgs/px4_msgs/msg/detail/takeoff_status__type_support.hpp\n'}
[1.933896] (px4_msgs) StdoutLine: {'line': b'-- Up-to-date: /home/harsh/ros2_project/install/px4_msgs/include/px4_msgs/px4_msgs/msg/detail/rc_parameter_map__traits.hpp\n'}
[1.933947] (px4_msgs) StdoutLine: {'line': b'-- Up-to-date: /home/harsh/ros2_project/install/px4_msgs/include/px4_msgs/px4_msgs/msg/detail/vehicle_local_position__builder.hpp\n'}
[1.933999] (px4_msgs) StdoutLine: {'line': b'-- Up-to-date: /home/harsh/ros2_project/install/px4_msgs/include/px4_msgs/px4_msgs/msg/detail/actuator_motors__type_support.hpp\n'}
[1.934049] (px4_msgs) StdoutLine: {'line': b'-- Up-to-date: /home/harsh/ros2_project/install/px4_msgs/include/px4_msgs/px4_msgs/msg/detail/mag_worker_data__type_support.hpp\n'}
[1.934101] (px4_msgs) StdoutLine: {'line': b'-- Up-to-date: /home/harsh/ros2_project/install/px4_msgs/include/px4_msgs/px4_msgs/msg/detail/camera_capture__type_support.hpp\n'}
[1.934152] (px4_msgs) StdoutLine: {'line': b'-- Up-to-date: /home/harsh/ros2_project/install/px4_msgs/include/px4_msgs/px4_msgs/msg/detail/orb_test_medium__builder.hpp\n'}
[1.934206] (px4_msgs) StdoutLine: {'line': b'-- Up-to-date: /home/harsh/ros2_project/install/px4_msgs/include/px4_msgs/px4_msgs/msg/detail/vehicle_magnetometer__struct.hpp\n'}
[1.934270] (px4_msgs) StdoutLine: {'line': b'-- Up-to-date: /home/harsh/ros2_project/install/px4_msgs/include/px4_msgs/px4_msgs/msg/detail/estimator_sensor_bias__type_support.hpp\n'}
[1.934327] (px4_msgs) StdoutLine: {'line': b'-- Up-to-date: /home/harsh/ros2_project/install/px4_msgs/include/px4_msgs/px4_msgs/msg/detail/npfg_status__traits.hpp\n'}
[1.934381] (px4_msgs) StdoutLine: {'line': b'-- Up-to-date: /home/harsh/ros2_project/install/px4_msgs/include/px4_msgs/px4_msgs/msg/detail/vehicle_local_position__type_support.hpp\n'}
[1.934436] (px4_msgs) StdoutLine: {'line': b'-- Up-to-date: /home/harsh/ros2_project/install/px4_msgs/include/px4_msgs/px4_msgs/msg/detail/log_message__type_support.hpp\n'}
[1.934490] (px4_msgs) StdoutLine: {'line': b'-- Up-to-date: /home/harsh/ros2_project/install/px4_msgs/include/px4_msgs/px4_msgs/msg/detail/orbit_status__builder.hpp\n'}
[1.934547] (px4_msgs) StdoutLine: {'line': b'-- Up-to-date: /home/harsh/ros2_project/install/px4_msgs/include/px4_msgs/px4_msgs/msg/detail/rtl_time_estimate__builder.hpp\n'}
[1.934603] (px4_msgs) StdoutLine: {'line': b'-- Up-to-date: /home/harsh/ros2_project/install/px4_msgs/include/px4_msgs/px4_msgs/msg/detail/dataman_response__struct.hpp\n'}
[1.934659] (px4_msgs) StdoutLine: {'line': b'-- Up-to-date: /home/harsh/ros2_project/install/px4_msgs/include/px4_msgs/px4_msgs/msg/detail/sensor_gyro__builder.hpp\n'}
[1.934714] (px4_msgs) StdoutLine: {'line': b'-- Up-to-date: /home/harsh/ros2_project/install/px4_msgs/include/px4_msgs/px4_msgs/msg/detail/camera_trigger__traits.hpp\n'}
[1.934769] (px4_msgs) StdoutLine: {'line': b'-- Up-to-date: /home/harsh/ros2_project/install/px4_msgs/include/px4_msgs/px4_msgs/msg/detail/gripper__builder.hpp\n'}
[1.934823] (px4_msgs) StdoutLine: {'line': b'-- Up-to-date: /home/harsh/ros2_project/install/px4_msgs/include/px4_msgs/px4_msgs/msg/detail/vehicle_attitude__type_support.hpp\n'}
[1.934880] (px4_msgs) StdoutLine: {'line': b'-- Up-to-date: /home/harsh/ros2_project/install/px4_msgs/include/px4_msgs/px4_msgs/msg/detail/control_allocator_status__traits.hpp\n'}
[1.934936] (px4_msgs) StdoutLine: {'line': b'-- Up-to-date: /home/harsh/ros2_project/install/px4_msgs/include/px4_msgs/px4_msgs/msg/detail/esc_report__builder.hpp\n'}
[1.934992] (px4_msgs) StdoutLine: {'line': b'-- Up-to-date: /home/harsh/ros2_project/install/px4_msgs/include/px4_msgs/px4_msgs/msg/detail/differential_pressure__builder.hpp\n'}
[1.935049] (px4_msgs) StdoutLine: {'line': b'-- Up-to-date: /home/harsh/ros2_project/install/px4_msgs/include/px4_msgs/px4_msgs/msg/detail/mission_result__struct.hpp\n'}
[1.935107] (px4_msgs) StdoutLine: {'line': b'-- Up-to-date: /home/harsh/ros2_project/install/px4_msgs/include/px4_msgs/px4_msgs/msg/detail/event__type_support.hpp\n'}
[1.935162] (px4_msgs) StdoutLine: {'line': b'-- Up-to-date: /home/harsh/ros2_project/install/px4_msgs/include/px4_msgs/px4_msgs/msg/detail/gimbal_manager_information__traits.hpp\n'}
[1.935217] (px4_msgs) StdoutLine: {'line': b'-- Up-to-date: /home/harsh/ros2_project/install/px4_msgs/include/px4_msgs/px4_msgs/msg/detail/uavcan_parameter_request__type_support.hpp\n'}
[1.935279] (px4_msgs) StdoutLine: {'line': b'-- Up-to-date: /home/harsh/ros2_project/install/px4_msgs/include/px4_msgs/px4_msgs/msg/detail/parameter_set_value_response__traits.hpp\n'}
[1.935335] (px4_msgs) StdoutLine: {'line': b'-- Up-to-date: /home/harsh/ros2_project/install/px4_msgs/include/px4_msgs/px4_msgs/msg/detail/mode_completed__builder.hpp\n'}
[1.935403] (px4_msgs) StdoutLine: {'line': b'-- Up-to-date: /home/harsh/ros2_project/install/px4_msgs/include/px4_msgs/px4_msgs/msg/detail/sensor_accel__struct.hpp\n'}
[1.935461] (px4_msgs) StdoutLine: {'line': b'-- Up-to-date: /home/harsh/ros2_project/install/px4_msgs/include/px4_msgs/px4_msgs/msg/detail/mission__traits.hpp\n'}
[1.935518] (px4_msgs) StdoutLine: {'line': b'-- Up-to-date: /home/harsh/ros2_project/install/px4_msgs/include/px4_msgs/px4_msgs/msg/detail/camera_trigger__type_support.hpp\n'}
[1.935572] (px4_msgs) StdoutLine: {'line': b'-- Up-to-date: /home/harsh/ros2_project/install/px4_msgs/include/px4_msgs/px4_msgs/msg/detail/heater_status__builder.hpp\n'}
[1.935622] (px4_msgs) StdoutLine: {'line': b'-- Up-to-date: /home/harsh/ros2_project/install/px4_msgs/include/px4_msgs/px4_msgs/msg/detail/ping__builder.hpp\n'}
[1.935673] (px4_msgs) StdoutLine: {'line': b'-- Up-to-date: /home/harsh/ros2_project/install/px4_msgs/include/px4_msgs/px4_msgs/msg/detail/yaw_estimator_status__traits.hpp\n'}
[1.935724] (px4_msgs) StdoutLine: {'line': b'-- Up-to-date: /home/harsh/ros2_project/install/px4_msgs/include/px4_msgs/px4_msgs/msg/detail/rc_channels__struct.hpp\n'}
[1.935852] (px4_msgs) StdoutLine: {'line': b'-- Up-to-date: /home/harsh/ros2_project/install/px4_msgs/include/px4_msgs/px4_msgs/msg/detail/landing_gear_wheel__builder.hpp\n'}
[1.935937] (px4_msgs) StdoutLine: {'line': b'-- Up-to-date: /home/harsh/ros2_project/install/px4_msgs/include/px4_msgs/px4_msgs/msg/detail/register_ext_component_request__struct.hpp\n'}
[1.936005] (px4_msgs) StdoutLine: {'line': b'-- Up-to-date: /home/harsh/ros2_project/install/px4_msgs/include/px4_msgs/px4_msgs/msg/detail/register_ext_component_request__type_support.hpp\n'}
[1.936083] (px4_msgs) StdoutLine: {'line': b'-- Up-to-date: /home/harsh/ros2_project/install/px4_msgs/include/px4_msgs/px4_msgs/msg/detail/vehicle_attitude__struct.hpp\n'}
[1.936160] (px4_msgs) StdoutLine: {'line': b'-- Up-to-date: /home/harsh/ros2_project/install/px4_msgs/include/px4_msgs/px4_msgs/msg/detail/vehicle_local_position_setpoint__struct.hpp\n'}
[1.936253] (px4_msgs) StdoutLine: {'line': b'-- Up-to-date: /home/harsh/ros2_project/install/px4_msgs/include/px4_msgs/px4_msgs/msg/detail/actuator_servos__struct.hpp\n'}
[1.936338] (px4_msgs) StdoutLine: {'line': b'-- Up-to-date: /home/harsh/ros2_project/install/px4_msgs/include/px4_msgs/px4_msgs/msg/detail/heater_status__traits.hpp\n'}
[1.936413] (px4_msgs) StdoutLine: {'line': b'-- Up-to-date: /home/harsh/ros2_project/install/px4_msgs/include/px4_msgs/px4_msgs/msg/detail/log_message__traits.hpp\n'}
[1.936491] (px4_msgs) StdoutLine: {'line': b'-- Up-to-date: /home/harsh/ros2_project/install/px4_msgs/include/px4_msgs/px4_msgs/msg/detail/trajectory_bezier__builder.hpp\n'}
[1.936561] (px4_msgs) StdoutLine: {'line': b'-- Up-to-date: /home/harsh/ros2_project/install/px4_msgs/include/px4_msgs/px4_msgs/msg/detail/parameter_set_used_request__type_support.hpp\n'}
[1.936628] (px4_msgs) StdoutLine: {'line': b'-- Up-to-date: /home/harsh/ros2_project/install/px4_msgs/include/px4_msgs/px4_msgs/msg/detail/gimbal_manager_information__struct.hpp\n'}
[1.936698] (px4_msgs) StdoutLine: {'line': b'-- Up-to-date: /home/harsh/ros2_project/install/px4_msgs/include/px4_msgs/px4_msgs/msg/detail/follow_target_status__struct.hpp\n'}
[1.936762] (px4_msgs) StdoutLine: {'line': b'-- Up-to-date: /home/harsh/ros2_project/install/px4_msgs/include/px4_msgs/px4_msgs/msg/detail/sensor_gyro__traits.hpp\n'}
[1.936826] (px4_msgs) StdoutLine: {'line': b'-- Up-to-date: /home/harsh/ros2_project/install/px4_msgs/include/px4_msgs/px4_msgs/msg/detail/gps_inject_data__type_support.hpp\n'}
[1.936883] (px4_msgs) StdoutLine: {'line': b'-- Up-to-date: /home/harsh/ros2_project/install/px4_msgs/include/px4_msgs/px4_msgs/msg/detail/landing_target_innovations__builder.hpp\n'}
[1.936940] (px4_msgs) StdoutLine: {'line': b'-- Up-to-date: /home/harsh/ros2_project/install/px4_msgs/include/px4_msgs/px4_msgs/msg/detail/landing_target_pose__struct.hpp\n'}
[1.936998] (px4_msgs) StdoutLine: {'line': b'-- Up-to-date: /home/harsh/ros2_project/install/px4_msgs/include/px4_msgs/px4_msgs/msg/detail/vehicle_command_ack__traits.hpp\n'}
[1.937054] (px4_msgs) StdoutLine: {'line': b'-- Up-to-date: /home/harsh/ros2_project/install/px4_msgs/include/px4_msgs/px4_msgs/msg/detail/estimator_bias__builder.hpp\n'}
[1.937111] (px4_msgs) StdoutLine: {'line': b'-- Up-to-date: /home/harsh/ros2_project/install/px4_msgs/include/px4_msgs/px4_msgs/msg/detail/generator_status__traits.hpp\n'}
[1.937180] (px4_msgs) StdoutLine: {'line': b'-- Up-to-date: /home/harsh/ros2_project/install/px4_msgs/include/px4_msgs/px4_msgs/msg/detail/camera_capture__struct.hpp\n'}
[1.937251] (px4_msgs) StdoutLine: {'line': b'-- Up-to-date: /home/harsh/ros2_project/install/px4_msgs/include/px4_msgs/px4_msgs/msg/detail/cellular_status__traits.hpp\n'}
[1.937313] (px4_msgs) StdoutLine: {'line': b'-- Up-to-date: /home/harsh/ros2_project/install/px4_msgs/include/px4_msgs/px4_msgs/msg/detail/collision_report__struct.hpp\n'}
[1.937384] (px4_msgs) StdoutLine: {'line': b'-- Up-to-date: /home/harsh/ros2_project/install/px4_msgs/include/px4_msgs/px4_msgs/msg/detail/manual_control_switches__traits.hpp\n'}
[1.937443] (px4_msgs) StdoutLine: {'line': b'-- Up-to-date: /home/harsh/ros2_project/install/px4_msgs/include/px4_msgs/px4_msgs/msg/detail/collision_constraints__struct.hpp\n'}
[1.937557] (px4_msgs) StdoutLine: {'line': b'-- Up-to-date: /home/harsh/ros2_project/install/px4_msgs/include/px4_msgs/px4_msgs/msg/detail/rtl_status__builder.hpp\n'}
[1.937622] (px4_msgs) StdoutLine: {'line': b'-- Up-to-date: /home/harsh/ros2_project/install/px4_msgs/include/px4_msgs/px4_msgs/msg/detail/vehicle_attitude_setpoint__traits.hpp\n'}
[1.937678] (px4_msgs) StdoutLine: {'line': b'-- Up-to-date: /home/harsh/ros2_project/install/px4_msgs/include/px4_msgs/px4_msgs/msg/detail/goto_setpoint__type_support.hpp\n'}
[1.937739] (px4_msgs) StdoutLine: {'line': b'-- Up-to-date: /home/harsh/ros2_project/install/px4_msgs/include/px4_msgs/px4_msgs/msg/detail/mavlink_tunnel__builder.hpp\n'}
[1.937816] (px4_msgs) StdoutLine: {'line': b'-- Up-to-date: /home/harsh/ros2_project/install/px4_msgs/include/px4_msgs/px4_msgs/msg/detail/offboard_control_mode__builder.hpp\n'}
[1.937875] (px4_msgs) StdoutLine: {'line': b'-- Up-to-date: /home/harsh/ros2_project/install/px4_msgs/include/px4_msgs/px4_msgs/msg/detail/tune_control__struct.hpp\n'}
[1.937931] (px4_msgs) StdoutLine: {'line': b'-- Up-to-date: /home/harsh/ros2_project/install/px4_msgs/include/px4_msgs/px4_msgs/msg/detail/vehicle_control_mode__type_support.hpp\n'}
[1.937997] (px4_msgs) StdoutLine: {'line': b'-- Up-to-date: /home/harsh/ros2_project/install/px4_msgs/include/px4_msgs/px4_msgs/msg/detail/sensor_gyro_fifo__traits.hpp\n'}
[1.938055] (px4_msgs) StdoutLine: {'line': b'-- Up-to-date: /home/harsh/ros2_project/install/px4_msgs/include/px4_msgs/px4_msgs/msg/detail/navigator_mission_item__builder.hpp\n'}
[1.938111] (px4_msgs) StdoutLine: {'line': b'-- Up-to-date: /home/harsh/ros2_project/install/px4_msgs/include/px4_msgs/px4_msgs/msg/detail/actuator_test__traits.hpp\n'}
[1.938165] (px4_msgs) StdoutLine: {'line': b'-- Up-to-date: /home/harsh/ros2_project/install/px4_msgs/include/px4_msgs/px4_msgs/msg/detail/home_position__builder.hpp\n'}
[1.938221] (px4_msgs) StdoutLine: {'line': b'-- Up-to-date: /home/harsh/ros2_project/install/px4_msgs/include/px4_msgs/px4_msgs/msg/detail/debug_vect__struct.hpp\n'}
[1.938369] (px4_msgs) StdoutLine: {'line': b'-- Up-to-date: /home/harsh/ros2_project/install/px4_msgs/include/px4_msgs/px4_msgs/msg/detail/estimator_aid_source1d__traits.hpp\n'}
[1.938438] (px4_msgs) StdoutLine: {'line': b'-- Up-to-date: /home/harsh/ros2_project/install/px4_msgs/include/px4_msgs/px4_msgs/msg/detail/vehicle_acceleration__traits.hpp\n'}
[1.938511] (px4_msgs) StdoutLine: {'line': b'-- Up-to-date: /home/harsh/ros2_project/install/px4_msgs/include/px4_msgs/px4_msgs/msg/detail/normalized_unsigned_setpoint__struct.hpp\n'}
[1.938572] (px4_msgs) StdoutLine: {'line': b'-- Up-to-date: /home/harsh/ros2_project/install/px4_msgs/include/px4_msgs/px4_msgs/msg/detail/actuator_servos__builder.hpp\n'}
[1.938631] (px4_msgs) StdoutLine: {'line': b'-- Up-to-date: /home/harsh/ros2_project/install/px4_msgs/include/px4_msgs/px4_msgs/msg/detail/radio_status__type_support.hpp\n'}
[1.938701] (px4_msgs) StdoutLine: {'line': b'-- Up-to-date: /home/harsh/ros2_project/install/px4_msgs/include/px4_msgs/px4_msgs/msg/detail/vehicle_thrust_setpoint__builder.hpp\n'}
[1.938763] (px4_msgs) StdoutLine: {'line': b'-- Up-to-date: /home/harsh/ros2_project/install/px4_msgs/include/px4_msgs/px4_msgs/msg/detail/dataman_request__builder.hpp\n'}
[1.938842] (px4_msgs) StdoutLine: {'line': b'-- Up-to-date: /home/harsh/ros2_project/install/px4_msgs/include/px4_msgs/px4_msgs/msg/detail/sensor_combined__builder.hpp\n'}
[1.938922] (px4_msgs) StdoutLine: {'line': b'-- Up-to-date: /home/harsh/ros2_project/install/px4_msgs/include/px4_msgs/px4_msgs/msg/detail/dataman_request__type_support.hpp\n'}
[1.939007] (px4_msgs) StdoutLine: {'line': b'-- Up-to-date: /home/harsh/ros2_project/install/px4_msgs/include/px4_msgs/px4_msgs/msg/detail/vehicle_trajectory_bezier__struct.hpp\n'}
[1.939076] (px4_msgs) StdoutLine: {'line': b'-- Up-to-date: /home/harsh/ros2_project/install/px4_msgs/include/px4_msgs/px4_msgs/msg/detail/wind__builder.hpp\n'}
[1.939136] (px4_msgs) StdoutLine: {'line': b'-- Up-to-date: /home/harsh/ros2_project/install/px4_msgs/include/px4_msgs/px4_msgs/msg/detail/task_stack_info__type_support.hpp\n'}
[1.939193] (px4_msgs) StdoutLine: {'line': b'-- Up-to-date: /home/harsh/ros2_project/install/px4_msgs/include/px4_msgs/px4_msgs/msg/detail/dataman_request__struct.hpp\n'}
[1.939269] (px4_msgs) StdoutLine: {'line': b'-- Up-to-date: /home/harsh/ros2_project/install/px4_msgs/include/px4_msgs/px4_msgs/msg/detail/vehicle_angular_velocity__struct.hpp\n'}
[1.939329] (px4_msgs) StdoutLine: {'line': b'-- Up-to-date: /home/harsh/ros2_project/install/px4_msgs/include/px4_msgs/px4_msgs/msg/detail/px4io_status__type_support.hpp\n'}
[1.939541] (px4_msgs) StdoutLine: {'line': b'-- Up-to-date: /home/harsh/ros2_project/install/px4_msgs/include/px4_msgs/px4_msgs/msg/detail/power_monitor__traits.hpp\n'}
[1.939634] (px4_msgs) StdoutLine: {'line': b'-- Up-to-date: /home/harsh/ros2_project/install/px4_msgs/include/px4_msgs/px4_msgs/msg/detail/gpio_out__struct.hpp\n'}
[1.939689] (px4_msgs) StdoutLine: {'line': b'-- Up-to-date: /home/harsh/ros2_project/install/px4_msgs/include/px4_msgs/px4_msgs/msg/detail/normalized_unsigned_setpoint__type_support.hpp\n'}
[1.939771] (px4_msgs) StdoutLine: {'line': b'-- Up-to-date: /home/harsh/ros2_project/install/px4_msgs/include/px4_msgs/px4_msgs/msg/detail/estimator_states__builder.hpp\n'}
[1.939847] (px4_msgs) StdoutLine: {'line': b'-- Up-to-date: /home/harsh/ros2_project/install/px4_msgs/include/px4_msgs/px4_msgs/msg/detail/tiltrotor_extra_controls__type_support.hpp\n'}
[1.939917] (px4_msgs) StdoutLine: {'line': b'-- Up-to-date: /home/harsh/ros2_project/install/px4_msgs/include/px4_msgs/px4_msgs/msg/detail/camera_status__type_support.hpp\n'}
[1.939980] (px4_msgs) StdoutLine: {'line': b'-- Up-to-date: /home/harsh/ros2_project/install/px4_msgs/include/px4_msgs/px4_msgs/msg/detail/estimator_status__builder.hpp\n'}
[1.940038] (px4_msgs) StdoutLine: {'line': b'-- Up-to-date: /home/harsh/ros2_project/install/px4_msgs/include/px4_msgs/px4_msgs/msg/detail/estimator_status_flags__struct.hpp\n'}
[1.940120] (px4_msgs) StdoutLine: {'line': b'-- Up-to-date: /home/harsh/ros2_project/install/px4_msgs/include/px4_msgs/px4_msgs/msg/detail/input_rc__struct.hpp\n'}
[1.940184] (px4_msgs) StdoutLine: {'line': b'-- Up-to-date: /home/harsh/ros2_project/install/px4_msgs/include/px4_msgs/px4_msgs/msg/detail/rate_ctrl_status__traits.hpp\n'}
[1.940266] (px4_msgs) StdoutLine: {'line': b'-- Up-to-date: /home/harsh/ros2_project/install/px4_msgs/include/px4_msgs/px4_msgs/msg/detail/orbit_status__struct.hpp\n'}
[1.940339] (px4_msgs) StdoutLine: {'line': b'-- Up-to-date: /home/harsh/ros2_project/install/px4_msgs/include/px4_msgs/px4_msgs/msg/detail/camera_status__struct.hpp\n'}
[1.940403] (px4_msgs) StdoutLine: {'line': b'-- Up-to-date: /home/harsh/ros2_project/install/px4_msgs/include/px4_msgs/px4_msgs/msg/detail/airspeed_validated__type_support.hpp\n'}
[1.940460] (px4_msgs) StdoutLine: {'line': b'-- Up-to-date: /home/harsh/ros2_project/install/px4_msgs/include/px4_msgs/px4_msgs/msg/detail/unregister_ext_component__traits.hpp\n'}
[1.940517] (px4_msgs) StdoutLine: {'line': b'-- Up-to-date: /home/harsh/ros2_project/install/px4_msgs/include/px4_msgs/px4_msgs/msg/detail/vehicle_thrust_setpoint__type_support.hpp\n'}
[1.940574] (px4_msgs) StdoutLine: {'line': b'-- Up-to-date: /home/harsh/ros2_project/install/px4_msgs/include/px4_msgs/px4_msgs/msg/detail/sensor_optical_flow__builder.hpp\n'}
[1.940633] (px4_msgs) StdoutLine: {'line': b'-- Up-to-date: /home/harsh/ros2_project/install/px4_msgs/include/px4_msgs/px4_msgs/msg/detail/rc_channels__traits.hpp\n'}
[1.940691] (px4_msgs) StdoutLine: {'line': b'-- Up-to-date: /home/harsh/ros2_project/install/px4_msgs/include/px4_msgs/px4_msgs/msg/detail/goto_setpoint__struct.hpp\n'}
[1.940797] (px4_msgs) StdoutLine: {'line': b'-- Up-to-date: /home/harsh/ros2_project/install/px4_msgs/include/px4_msgs/px4_msgs/msg/detail/vehicle_imu_status__traits.hpp\n'}
[1.940862] (px4_msgs) StdoutLine: {'line': b'-- Up-to-date: /home/harsh/ros2_project/install/px4_msgs/include/px4_msgs/px4_msgs/msg/detail/position_controller_landing_status__traits.hpp\n'}
[1.940921] (px4_msgs) StdoutLine: {'line': b'-- Up-to-date: /home/harsh/ros2_project/install/px4_msgs/include/px4_msgs/px4_msgs/msg/detail/failure_detector_status__type_support.hpp\n'}
[1.941004] (px4_msgs) StdoutLine: {'line': b'-- Up-to-date: /home/harsh/ros2_project/install/px4_msgs/include/px4_msgs/px4_msgs/msg/detail/vehicle_trajectory_bezier__traits.hpp\n'}
[1.941065] (px4_msgs) StdoutLine: {'line': b'-- Up-to-date: /home/harsh/ros2_project/install/px4_msgs/include/px4_msgs/px4_msgs/msg/detail/telemetry_status__type_support.hpp\n'}
[1.941146] (px4_msgs) StdoutLine: {'line': b'-- Up-to-date: /home/harsh/ros2_project/install/px4_msgs/include/px4_msgs/px4_msgs/msg/detail/vehicle_land_detected__builder.hpp\n'}
[1.941218] (px4_msgs) StdoutLine: {'line': b'-- Up-to-date: /home/harsh/ros2_project/install/px4_msgs/include/px4_msgs/px4_msgs/msg/detail/iridiumsbd_status__type_support.hpp\n'}
[1.941470] (px4_msgs) StdoutLine: {'line': b'-- Up-to-date: /home/harsh/ros2_project/install/px4_msgs/include/px4_msgs/px4_msgs/msg/detail/iridiumsbd_status__traits.hpp\n'}
[1.941645] (px4_msgs) StdoutLine: {'line': b'-- Up-to-date: /home/harsh/ros2_project/install/px4_msgs/include/px4_msgs/px4_msgs/msg/detail/vtol_vehicle_status__struct.hpp\n'}
[1.941781] (px4_msgs) StdoutLine: {'line': b'-- Up-to-date: /home/harsh/ros2_project/install/px4_msgs/include/px4_msgs/px4_msgs/msg/detail/gimbal_manager_set_manual_control__builder.hpp\n'}
[1.941917] (px4_msgs) StdoutLine: {'line': b'-- Up-to-date: /home/harsh/ros2_project/install/px4_msgs/include/px4_msgs/px4_msgs/msg/detail/gpio_request__builder.hpp\n'}
[1.942048] (px4_msgs) StdoutLine: {'line': b'-- Up-to-date: /home/harsh/ros2_project/install/px4_msgs/include/px4_msgs/px4_msgs/msg/detail/vehicle_local_position__traits.hpp\n'}
[1.942176] (px4_msgs) StdoutLine: {'line': b'-- Up-to-date: /home/harsh/ros2_project/install/px4_msgs/include/px4_msgs/px4_msgs/msg/detail/sensor_uwb__struct.hpp\n'}
[1.942348] (px4_msgs) StdoutLine: {'line': b'-- Up-to-date: /home/harsh/ros2_project/install/px4_msgs/include/px4_msgs/px4_msgs/msg/detail/adc_report__struct.hpp\n'}
[1.942495] (px4_msgs) StdoutLine: {'line': b'-- Up-to-date: /home/harsh/ros2_project/install/px4_msgs/include/px4_msgs/px4_msgs/msg/detail/differential_pressure__struct.hpp\n'}
[1.942618] (px4_msgs) StdoutLine: {'line': b'-- Up-to-date: /home/harsh/ros2_project/install/px4_msgs/include/px4_msgs/px4_msgs/msg/detail/landing_target_innovations__struct.hpp\n'}
[1.942759] (px4_msgs) StdoutLine: {'line': b'-- Up-to-date: /home/harsh/ros2_project/install/px4_msgs/include/px4_msgs/px4_msgs/msg/detail/sensor_mag__traits.hpp\n'}
[1.942884] (px4_msgs) StdoutLine: {'line': b'-- Up-to-date: /home/harsh/ros2_project/install/px4_msgs/include/px4_msgs/px4_msgs/msg/detail/position_controller_status__builder.hpp\n'}
[1.943005] (px4_msgs) StdoutLine: {'line': b'-- Up-to-date: /home/harsh/ros2_project/install/px4_msgs/include/px4_msgs/px4_msgs/msg/detail/vehicle_imu_status__struct.hpp\n'}
[1.943124] (px4_msgs) StdoutLine: {'line': b'-- Up-to-date: /home/harsh/ros2_project/install/px4_msgs/include/px4_msgs/px4_msgs/msg/detail/camera_trigger__builder.hpp\n'}
[1.943278] (px4_msgs) StdoutLine: {'line': b'-- Up-to-date: /home/harsh/ros2_project/install/px4_msgs/include/px4_msgs/px4_msgs/msg/detail/vehicle_local_position_setpoint__type_support.hpp\n'}
[1.943415] (px4_msgs) StdoutLine: {'line': b'-- Up-to-date: /home/harsh/ros2_project/install/px4_msgs/include/px4_msgs/px4_msgs/msg/detail/vehicle_air_data__type_support.hpp\n'}
[1.943543] (px4_msgs) StdoutLine: {'line': b'-- Up-to-date: /home/harsh/ros2_project/install/px4_msgs/include/px4_msgs/px4_msgs/msg/detail/vehicle_angular_acceleration_setpoint__struct.hpp\n'}
[1.943671] (px4_msgs) StdoutLine: {'line': b'-- Up-to-date: /home/harsh/ros2_project/install/px4_msgs/include/px4_msgs/px4_msgs/msg/detail/control_allocator_status__struct.hpp\n'}
[1.943797] (px4_msgs) StdoutLine: {'line': b'-- Up-to-date: /home/harsh/ros2_project/install/px4_msgs/include/px4_msgs/px4_msgs/msg/detail/differential_pressure__type_support.hpp\n'}
[1.943924] (px4_msgs) StdoutLine: {'line': b'-- Up-to-date: /home/harsh/ros2_project/install/px4_msgs/include/px4_msgs/px4_msgs/msg/detail/pwm_input__type_support.hpp\n'}
[1.944083] (px4_msgs) StdoutLine: {'line': b'-- Up-to-date: /home/harsh/ros2_project/install/px4_msgs/include/px4_msgs/px4_msgs/msg/detail/led_control__traits.hpp\n'}
[1.944211] (px4_msgs) StdoutLine: {'line': b'-- Up-to-date: /home/harsh/ros2_project/install/px4_msgs/include/px4_msgs/px4_msgs/msg/detail/battery_status__struct.hpp\n'}
[1.944373] (px4_msgs) StdoutLine: {'line': b'-- Up-to-date: /home/harsh/ros2_project/install/px4_msgs/include/px4_msgs/px4_msgs/msg/detail/rpm__struct.hpp\n'}
[1.944501] (px4_msgs) StdoutLine: {'line': b'-- Up-to-date: /home/harsh/ros2_project/install/px4_msgs/include/px4_msgs/px4_msgs/msg/detail/vehicle_imu__traits.hpp\n'}
[1.944627] (px4_msgs) StdoutLine: {'line': b'-- Up-to-date: /home/harsh/ros2_project/install/px4_msgs/include/px4_msgs/px4_msgs/msg/detail/velocity_limits__builder.hpp\n'}
[1.944754] (px4_msgs) StdoutLine: {'line': b'-- Up-to-date: /home/harsh/ros2_project/install/px4_msgs/include/px4_msgs/px4_msgs/msg/detail/yaw_estimator_status__type_support.hpp\n'}
[1.944911] (px4_msgs) StdoutLine: {'line': b'-- Up-to-date: /home/harsh/ros2_project/install/px4_msgs/include/px4_msgs/px4_msgs/msg/detail/generator_status__struct.hpp\n'}
[1.945040] (px4_msgs) StdoutLine: {'line': b'-- Up-to-date: /home/harsh/ros2_project/install/px4_msgs/include/px4_msgs/px4_msgs/msg/detail/gimbal_manager_status__traits.hpp\n'}
[1.945166] (px4_msgs) StdoutLine: {'line': b'-- Up-to-date: /home/harsh/ros2_project/install/px4_msgs/include/px4_msgs/px4_msgs/msg/detail/debug_key_value__type_support.hpp\n'}
[1.945327] (px4_msgs) StdoutLine: {'line': b'-- Up-to-date: /home/harsh/ros2_project/install/px4_msgs/include/px4_msgs/px4_msgs/msg/detail/follow_target_status__builder.hpp\n'}
[1.945452] (px4_msgs) StdoutLine: {'line': b'-- Up-to-date: /home/harsh/ros2_project/install/px4_msgs/include/px4_msgs/px4_msgs/msg/detail/sensors_status_imu__type_support.hpp\n'}
[1.945579] (px4_msgs) StdoutLine: {'line': b'-- Up-to-date: /home/harsh/ros2_project/install/px4_msgs/include/px4_msgs/px4_msgs/msg/detail/mavlink_tunnel__struct.hpp\n'}
[1.945704] (px4_msgs) StdoutLine: {'line': b'-- Up-to-date: /home/harsh/ros2_project/install/px4_msgs/include/px4_msgs/px4_msgs/msg/detail/sensor_gyro__struct.hpp\n'}
[1.945828] (px4_msgs) StdoutLine: {'line': b'-- Up-to-date: /home/harsh/ros2_project/install/px4_msgs/include/px4_msgs/px4_msgs/msg/detail/mavlink_tunnel__type_support.hpp\n'}
[1.945954] (px4_msgs) StdoutLine: {'line': b'-- Up-to-date: /home/harsh/ros2_project/install/px4_msgs/include/px4_msgs/px4_msgs/msg/detail/tune_control__builder.hpp\n'}
[1.946079] (px4_msgs) StdoutLine: {'line': b'-- Up-to-date: /home/harsh/ros2_project/install/px4_msgs/include/px4_msgs/px4_msgs/msg/detail/satellite_info__struct.hpp\n'}
[1.946204] (px4_msgs) StdoutLine: {'line': b'-- Up-to-date: /home/harsh/ros2_project/install/px4_msgs/include/px4_msgs/px4_msgs/msg/detail/dataman_response__type_support.hpp\n'}
[1.946375] (px4_msgs) StdoutLine: {'line': b'-- Up-to-date: /home/harsh/ros2_project/install/px4_msgs/include/px4_msgs/px4_msgs/msg/detail/esc_status__type_support.hpp\n'}
[1.946502] (px4_msgs) StdoutLine: {'line': b'-- Up-to-date: /home/harsh/ros2_project/install/px4_msgs/include/px4_msgs/px4_msgs/msg/detail/gps_dump__traits.hpp\n'}
[1.946628] (px4_msgs) StdoutLine: {'line': b'-- Up-to-date: /home/harsh/ros2_project/install/px4_msgs/include/px4_msgs/px4_msgs/msg/detail/distance_sensor__struct.hpp\n'}
[1.946776] (px4_msgs) StdoutLine: {'line': b'-- Up-to-date: /home/harsh/ros2_project/install/px4_msgs/include/px4_msgs/px4_msgs/msg/detail/message_format_request__struct.hpp\n'}
[1.946906] (px4_msgs) StdoutLine: {'line': b'-- Up-to-date: /home/harsh/ros2_project/install/px4_msgs/include/px4_msgs/px4_msgs/msg/detail/failsafe_flags__builder.hpp\n'}
[1.947033] (px4_msgs) StdoutLine: {'line': b'-- Up-to-date: /home/harsh/ros2_project/install/px4_msgs/include/px4_msgs/px4_msgs/msg/detail/geofence_status__traits.hpp\n'}
[1.947161] (px4_msgs) StdoutLine: {'line': b'-- Up-to-date: /home/harsh/ros2_project/install/px4_msgs/include/px4_msgs/px4_msgs/msg/detail/cellular_status__struct.hpp\n'}
[1.947516] (px4_msgs) StdoutLine: {'line': b'-- Up-to-date: /home/harsh/ros2_project/install/px4_msgs/include/px4_msgs/px4_msgs/msg/detail/gpio_config__type_support.hpp\n'}
[1.947613] (px4_msgs) StdoutLine: {'line': b'-- Up-to-date: /home/harsh/ros2_project/install/px4_msgs/include/px4_msgs/px4_msgs/msg/detail/iridiumsbd_status__struct.hpp\n'}
[1.947686] (px4_msgs) StdoutLine: {'line': b'-- Up-to-date: /home/harsh/ros2_project/install/px4_msgs/include/px4_msgs/px4_msgs/msg/detail/sensors_status__type_support.hpp\n'}
[1.947753] (px4_msgs) StdoutLine: {'line': b'-- Up-to-date: /home/harsh/ros2_project/install/px4_msgs/include/px4_msgs/px4_msgs/msg/detail/landing_gear_wheel__type_support.hpp\n'}
[1.947817] (px4_msgs) StdoutLine: {'line': b'-- Up-to-date: /home/harsh/ros2_project/install/px4_msgs/include/px4_msgs/px4_msgs/msg/detail/logger_status__type_support.hpp\n'}
[1.947880] (px4_msgs) StdoutLine: {'line': b'-- Up-to-date: /home/harsh/ros2_project/install/px4_msgs/include/px4_msgs/px4_msgs/msg/detail/vehicle_status__builder.hpp\n'}
[1.947945] (px4_msgs) StdoutLine: {'line': b'-- Up-to-date: /home/harsh/ros2_project/install/px4_msgs/include/px4_msgs/px4_msgs/msg/detail/ping__type_support.hpp\n'}
[1.948006] (px4_msgs) StdoutLine: {'line': b'-- Up-to-date: /home/harsh/ros2_project/install/px4_msgs/include/px4_msgs/px4_msgs/msg/detail/arming_check_request__struct.hpp\n'}
[1.948067] (px4_msgs) StdoutLine: {'line': b'-- Up-to-date: /home/harsh/ros2_project/install/px4_msgs/include/px4_msgs/px4_msgs/msg/detail/wind__type_support.hpp\n'}
[1.948129] (px4_msgs) StdoutLine: {'line': b'-- Up-to-date: /home/harsh/ros2_project/install/px4_msgs/include/px4_msgs/px4_msgs/msg/detail/vehicle_magnetometer__traits.hpp\n'}
[1.948190] (px4_msgs) StdoutLine: {'line': b'-- Up-to-date: /home/harsh/ros2_project/install/px4_msgs/include/px4_msgs/px4_msgs/msg/detail/trajectory_bezier__struct.hpp\n'}
[1.948266] (px4_msgs) StdoutLine: {'line': b'-- Up-to-date: /home/harsh/ros2_project/install/px4_msgs/include/px4_msgs/px4_msgs/msg/detail/mission_result__builder.hpp\n'}
[1.948329] (px4_msgs) StdoutLine: {'line': b'-- Up-to-date: /home/harsh/ros2_project/install/px4_msgs/include/px4_msgs/px4_msgs/msg/detail/orb_test_medium__type_support.hpp\n'}
[1.948392] (px4_msgs) StdoutLine: {'line': b'-- Up-to-date: /home/harsh/ros2_project/install/px4_msgs/include/px4_msgs/px4_msgs/msg/detail/navigator_mission_item__struct.hpp\n'}
[1.948453] (px4_msgs) StdoutLine: {'line': b'-- Up-to-date: /home/harsh/ros2_project/install/px4_msgs/include/px4_msgs/px4_msgs/msg/detail/sensor_uwb__traits.hpp\n'}
[1.948528] (px4_msgs) StdoutLine: {'line': b'-- Up-to-date: /home/harsh/ros2_project/install/px4_msgs/include/px4_msgs/px4_msgs/msg/detail/actuator_motors__builder.hpp\n'}
[1.948590] (px4_msgs) StdoutLine: {'line': b'-- Up-to-date: /home/harsh/ros2_project/install/px4_msgs/include/px4_msgs/px4_msgs/msg/detail/gps_dump__struct.hpp\n'}
[1.948652] (px4_msgs) StdoutLine: {'line': b'-- Up-to-date: /home/harsh/ros2_project/install/px4_msgs/include/px4_msgs/px4_msgs/msg/detail/sensor_optical_flow__type_support.hpp\n'}
[1.948713] (px4_msgs) StdoutLine: {'line': b'-- Up-to-date: /home/harsh/ros2_project/install/px4_msgs/include/px4_msgs/px4_msgs/msg/detail/led_control__type_support.hpp\n'}
[1.948772] (px4_msgs) StdoutLine: {'line': b'-- Up-to-date: /home/harsh/ros2_project/install/px4_msgs/include/px4_msgs/px4_msgs/msg/detail/gimbal_device_set_attitude__type_support.hpp\n'}
[1.948832] (px4_msgs) StdoutLine: {'line': b'-- Up-to-date: /home/harsh/ros2_project/install/px4_msgs/include/px4_msgs/px4_msgs/msg/detail/vehicle_trajectory_waypoint__struct.hpp\n'}
[1.948892] (px4_msgs) StdoutLine: {'line': b'-- Up-to-date: /home/harsh/ros2_project/install/px4_msgs/include/px4_msgs/px4_msgs/msg/detail/gimbal_device_attitude_status__builder.hpp\n'}
[1.948953] (px4_msgs) StdoutLine: {'line': b'-- Up-to-date: /home/harsh/ros2_project/install/px4_msgs/include/px4_msgs/px4_msgs/msg/detail/estimator_aid_source3d__struct.hpp\n'}
[1.949044] (px4_msgs) StdoutLine: {'line': b'-- Up-to-date: /home/harsh/ros2_project/install/px4_msgs/include/px4_msgs/px4_msgs/msg/detail/npfg_status__type_support.hpp\n'}
[1.949108] (px4_msgs) StdoutLine: {'line': b'-- Up-to-date: /home/harsh/ros2_project/install/px4_msgs/include/px4_msgs/px4_msgs/msg/detail/estimator_status__traits.hpp\n'}
[1.949169] (px4_msgs) StdoutLine: {'line': b'-- Up-to-date: /home/harsh/ros2_project/install/px4_msgs/include/px4_msgs/px4_msgs/msg/detail/estimator_gps_status__type_support.hpp\n'}
[1.949259] (px4_msgs) StdoutLine: {'line': b'-- Up-to-date: /home/harsh/ros2_project/install/px4_msgs/include/px4_msgs/px4_msgs/msg/detail/log_message__builder.hpp\n'}
[1.949328] (px4_msgs) StdoutLine: {'line': b'-- Up-to-date: /home/harsh/ros2_project/install/px4_msgs/include/px4_msgs/px4_msgs/msg/detail/logger_status__struct.hpp\n'}
[1.949388] (px4_msgs) StdoutLine: {'line': b'-- Up-to-date: /home/harsh/ros2_project/install/px4_msgs/include/px4_msgs/px4_msgs/msg/detail/gpio_in__struct.hpp\n'}
[1.949451] (px4_msgs) StdoutLine: {'line': b'-- Up-to-date: /home/harsh/ros2_project/install/px4_msgs/include/px4_msgs/px4_msgs/msg/detail/heater_status__type_support.hpp\n'}
[1.949514] (px4_msgs) StdoutLine: {'line': b'-- Up-to-date: /home/harsh/ros2_project/install/px4_msgs/include/px4_msgs/px4_msgs/msg/detail/trajectory_bezier__traits.hpp\n'}
[1.949576] (px4_msgs) StdoutLine: {'line': b'-- Up-to-date: /home/harsh/ros2_project/install/px4_msgs/include/px4_msgs/px4_msgs/msg/detail/magnetometer_bias_estimate__struct.hpp\n'}
[1.949638] (px4_msgs) StdoutLine: {'line': b'-- Up-to-date: /home/harsh/ros2_project/install/px4_msgs/include/px4_msgs/px4_msgs/msg/detail/radio_status__builder.hpp\n'}
[1.949701] (px4_msgs) StdoutLine: {'line': b'-- Up-to-date: /home/harsh/ros2_project/install/px4_msgs/include/px4_msgs/px4_msgs/msg/detail/vehicle_status__type_support.hpp\n'}
[1.949766] (px4_msgs) StdoutLine: {'line': b'-- Up-to-date: /home/harsh/ros2_project/install/px4_msgs/include/px4_msgs/px4_msgs/msg/detail/debug_value__traits.hpp\n'}
[1.949832] (px4_msgs) StdoutLine: {'line': b'-- Up-to-date: /home/harsh/ros2_project/install/px4_msgs/include/px4_msgs/px4_msgs/msg/detail/landing_target_pose__type_support.hpp\n'}
[1.949896] (px4_msgs) StdoutLine: {'line': b'-- Up-to-date: /home/harsh/ros2_project/install/px4_msgs/include/px4_msgs/px4_msgs/msg/detail/estimator_aid_source2d__type_support.hpp\n'}
[1.949959] (px4_msgs) StdoutLine: {'line': b'-- Up-to-date: /home/harsh/ros2_project/install/px4_msgs/include/px4_msgs/px4_msgs/msg/detail/led_control__struct.hpp\n'}
[1.950024] (px4_msgs) StdoutLine: {'line': b'-- Up-to-date: /home/harsh/ros2_project/install/px4_msgs/include/px4_msgs/px4_msgs/msg/detail/config_overrides__type_support.hpp\n'}
[1.950089] (px4_msgs) StdoutLine: {'line': b'-- Up-to-date: /home/harsh/ros2_project/install/px4_msgs/include/px4_msgs/px4_msgs/msg/detail/led_control__builder.hpp\n'}
[1.950152] (px4_msgs) StdoutLine: {'line': b'-- Up-to-date: /home/harsh/ros2_project/install/px4_msgs/include/px4_msgs/px4_msgs/msg/detail/vehicle_global_position__traits.hpp\n'}
[1.950215] (px4_msgs) StdoutLine: {'line': b'-- Up-to-date: /home/harsh/ros2_project/install/px4_msgs/include/px4_msgs/px4_msgs/msg/detail/differential_drive_setpoint__builder.hpp\n'}
[1.950289] (px4_msgs) StdoutLine: {'line': b'-- Up-to-date: /home/harsh/ros2_project/install/px4_msgs/include/px4_msgs/px4_msgs/msg/detail/sensor_baro__traits.hpp\n'}
[1.950352] (px4_msgs) StdoutLine: {'line': b'-- Up-to-date: /home/harsh/ros2_project/install/px4_msgs/include/px4_msgs/px4_msgs/msg/detail/sensor_airflow__traits.hpp\n'}
[1.950416] (px4_msgs) StdoutLine: {'line': b'-- Up-to-date: /home/harsh/ros2_project/install/px4_msgs/include/px4_msgs/px4_msgs/msg/detail/distance_sensor__builder.hpp\n'}
[1.950479] (px4_msgs) StdoutLine: {'line': b'-- Up-to-date: /home/harsh/ros2_project/install/px4_msgs/include/px4_msgs/px4_msgs/msg/detail/takeoff_status__builder.hpp\n'}
[1.950541] (px4_msgs) StdoutLine: {'line': b'-- Up-to-date: /home/harsh/ros2_project/install/px4_msgs/include/px4_msgs/px4_msgs/msg/detail/actuator_armed__struct.hpp\n'}
[1.950612] (px4_msgs) StdoutLine: {'line': b'-- Up-to-date: /home/harsh/ros2_project/install/px4_msgs/include/px4_msgs/px4_msgs/msg/detail/vehicle_trajectory_bezier__builder.hpp\n'}
[1.950679] (px4_msgs) StdoutLine: {'line': b'-- Up-to-date: /home/harsh/ros2_project/install/px4_msgs/include/px4_msgs/px4_msgs/msg/detail/camera_trigger__struct.hpp\n'}
[1.950744] (px4_msgs) StdoutLine: {'line': b'-- Up-to-date: /home/harsh/ros2_project/install/px4_msgs/include/px4_msgs/px4_msgs/msg/detail/estimator_bias__struct.hpp\n'}
[1.950807] (px4_msgs) StdoutLine: {'line': b'-- Up-to-date: /home/harsh/ros2_project/install/px4_msgs/include/px4_msgs/px4_msgs/msg/detail/magnetometer_bias_estimate__type_support.hpp\n'}
[1.950870] (px4_msgs) StdoutLine: {'line': b'-- Up-to-date: /home/harsh/ros2_project/install/px4_msgs/include/px4_msgs/px4_msgs/msg/detail/estimator_event_flags__builder.hpp\n'}
[1.950936] (px4_msgs) StdoutLine: {'line': b'-- Up-to-date: /home/harsh/ros2_project/install/px4_msgs/include/px4_msgs/px4_msgs/msg/detail/heater_status__struct.hpp\n'}
[1.950999] (px4_msgs) StdoutLine: {'line': b'-- Up-to-date: /home/harsh/ros2_project/install/px4_msgs/include/px4_msgs/px4_msgs/msg/detail/uavcan_parameter_value__traits.hpp\n'}
[1.951064] (px4_msgs) StdoutLine: {'line': b'-- Up-to-date: /home/harsh/ros2_project/install/px4_msgs/include/px4_msgs/px4_msgs/msg/detail/gpio_in__builder.hpp\n'}
[1.951132] (px4_msgs) StdoutLine: {'line': b'-- Up-to-date: /home/harsh/ros2_project/install/px4_msgs/include/px4_msgs/px4_msgs/msg/detail/estimator_aid_source2d__struct.hpp\n'}
[1.951193] (px4_msgs) StdoutLine: {'line': b'-- Up-to-date: /home/harsh/ros2_project/install/px4_msgs/include/px4_msgs/px4_msgs/msg/detail/estimator_aid_source1d__struct.hpp\n'}
[1.951297] (px4_msgs) StdoutLine: {'line': b'-- Up-to-date: /home/harsh/ros2_project/install/px4_msgs/include/px4_msgs/px4_msgs/msg/detail/geofence_status__struct.hpp\n'}
[1.951378] (px4_msgs) StdoutLine: {'line': b'-- Up-to-date: /home/harsh/ros2_project/install/px4_msgs/include/px4_msgs/px4_msgs/msg/detail/figure_eight_status__traits.hpp\n'}
[1.951451] (px4_msgs) StdoutLine: {'line': b'-- Up-to-date: /home/harsh/ros2_project/install/px4_msgs/include/px4_msgs/px4_msgs/msg/detail/debug_vect__builder.hpp\n'}
[1.951516] (px4_msgs) StdoutLine: {'line': b'-- Up-to-date: /home/harsh/ros2_project/install/px4_msgs/include/px4_msgs/px4_msgs/msg/detail/parameter_update__traits.hpp\n'}
[1.951585] (px4_msgs) StdoutLine: {'line': b'-- Up-to-date: /home/harsh/ros2_project/install/px4_msgs/include/px4_msgs/px4_msgs/msg/detail/mode_completed__traits.hpp\n'}
[1.951649] (px4_msgs) StdoutLine: {'line': b'-- Up-to-date: /home/harsh/ros2_project/install/px4_msgs/include/px4_msgs/px4_msgs/msg/detail/vehicle_command_ack__type_support.hpp\n'}
[1.951713] (px4_msgs) StdoutLine: {'line': b'-- Up-to-date: /home/harsh/ros2_project/install/px4_msgs/include/px4_msgs/px4_msgs/msg/detail/collision_report__traits.hpp\n'}
[1.951776] (px4_msgs) StdoutLine: {'line': b'-- Up-to-date: /home/harsh/ros2_project/install/px4_msgs/include/px4_msgs/px4_msgs/msg/detail/actuator_controls_status__traits.hpp\n'}
[1.951841] (px4_msgs) StdoutLine: {'line': b'-- Up-to-date: /home/harsh/ros2_project/install/px4_msgs/include/px4_msgs/px4_msgs/msg/detail/gpio_out__traits.hpp\n'}
[1.951973] (px4_msgs) StdoutLine: {'line': b'-- Up-to-date: /home/harsh/ros2_project/install/px4_msgs/include/px4_msgs/px4_msgs/msg/detail/mount_orientation__type_support.hpp\n'}
[1.952038] (px4_msgs) StdoutLine: {'line': b'-- Up-to-date: /home/harsh/ros2_project/install/px4_msgs/include/px4_msgs/px4_msgs/msg/detail/gps_inject_data__struct.hpp\n'}
[1.952193] (px4_msgs) StdoutLine: {'line': b'-- Up-to-date: /home/harsh/ros2_project/install/px4_msgs/include/px4_msgs/px4_msgs/msg/detail/estimator_event_flags__struct.hpp\n'}
[1.952283] (px4_msgs) StdoutLine: {'line': b'-- Up-to-date: /home/harsh/ros2_project/install/px4_msgs/include/px4_msgs/px4_msgs/msg/detail/log_message__struct.hpp\n'}
[1.952425] (px4_msgs) StdoutLine: {'line': b'-- Up-to-date: /home/harsh/ros2_project/install/px4_msgs/include/px4_msgs/px4_msgs/msg/detail/control_allocator_status__builder.hpp\n'}
[1.952487] (px4_msgs) StdoutLine: {'line': b'-- Up-to-date: /home/harsh/ros2_project/install/px4_msgs/include/px4_msgs/px4_msgs/msg/detail/vehicle_optical_flow_vel__struct.hpp\n'}
[1.952545] (px4_msgs) StdoutLine: {'line': b'-- Up-to-date: /home/harsh/ros2_project/install/px4_msgs/include/px4_msgs/px4_msgs/msg/detail/geofence_status__type_support.hpp\n'}
[1.952603] (px4_msgs) StdoutLine: {'line': b'-- Up-to-date: /home/harsh/ros2_project/install/px4_msgs/include/px4_msgs/px4_msgs/msg/detail/figure_eight_status__builder.hpp\n'}
[1.952662] (px4_msgs) StdoutLine: {'line': b'-- Up-to-date: /home/harsh/ros2_project/install/px4_msgs/include/px4_msgs/px4_msgs/msg/detail/qshell_retval__struct.hpp\n'}
[1.952721] (px4_msgs) StdoutLine: {'line': b'-- Up-to-date: /home/harsh/ros2_project/install/px4_msgs/include/px4_msgs/px4_msgs/msg/detail/gps_dump__builder.hpp\n'}
[1.952798] (px4_msgs) StdoutLine: {'line': b'-- Up-to-date: /home/harsh/ros2_project/install/px4_msgs/include/px4_msgs/px4_msgs/msg/detail/onboard_computer_status__struct.hpp\n'}
[1.952866] (px4_msgs) StdoutLine: {'line': b'-- Up-to-date: /home/harsh/ros2_project/install/px4_msgs/include/px4_msgs/px4_msgs/msg/detail/vehicle_rates_setpoint__builder.hpp\n'}
[1.952937] (px4_msgs) StdoutLine: {'line': b'-- Up-to-date: /home/harsh/ros2_project/install/px4_msgs/include/px4_msgs/px4_msgs/msg/detail/tiltrotor_extra_controls__builder.hpp\n'}
[1.952994] (px4_msgs) StdoutLine: {'line': b'-- Up-to-date: /home/harsh/ros2_project/install/px4_msgs/include/px4_msgs/px4_msgs/msg/detail/actuator_outputs__type_support.hpp\n'}
[1.953138] (px4_msgs) StdoutLine: {'line': b'-- Up-to-date: /home/harsh/ros2_project/install/px4_msgs/include/px4_msgs/px4_msgs/msg/detail/vehicle_rates_setpoint__traits.hpp\n'}
[1.953197] (px4_msgs) StdoutLine: {'line': b'-- Up-to-date: /home/harsh/ros2_project/install/px4_msgs/include/px4_msgs/px4_msgs/msg/detail/qshell_retval__builder.hpp\n'}
[1.953265] (px4_msgs) StdoutLine: {'line': b'-- Up-to-date: /home/harsh/ros2_project/install/px4_msgs/include/px4_msgs/px4_msgs/msg/detail/trajectory_setpoint__type_support.hpp\n'}
[1.953326] (px4_msgs) StdoutLine: {'line': b'-- Up-to-date: /home/harsh/ros2_project/install/px4_msgs/include/px4_msgs/px4_msgs/msg/detail/px4io_status__traits.hpp\n'}
[1.953385] (px4_msgs) StdoutLine: {'line': b'-- Up-to-date: /home/harsh/ros2_project/install/px4_msgs/include/px4_msgs/px4_msgs/msg/detail/actuator_outputs__traits.hpp\n'}
[1.953444] (px4_msgs) StdoutLine: {'line': b'-- Up-to-date: /home/harsh/ros2_project/install/px4_msgs/include/px4_msgs/px4_msgs/msg/detail/mag_worker_data__builder.hpp\n'}
[1.953502] (px4_msgs) StdoutLine: {'line': b'-- Up-to-date: /home/harsh/ros2_project/install/px4_msgs/include/px4_msgs/px4_msgs/msg/detail/gimbal_manager_information__builder.hpp\n'}
[1.953564] (px4_msgs) StdoutLine: {'line': b'-- Up-to-date: /home/harsh/ros2_project/install/px4_msgs/include/px4_msgs/px4_msgs/msg/detail/register_ext_component_reply__type_support.hpp\n'}
[1.953626] (px4_msgs) StdoutLine: {'line': b'-- Up-to-date: /home/harsh/ros2_project/install/px4_msgs/include/px4_msgs/px4_msgs/msg/detail/estimator_gps_status__traits.hpp\n'}
[1.953688] (px4_msgs) StdoutLine: {'line': b'-- Up-to-date: /home/harsh/ros2_project/install/px4_msgs/include/px4_msgs/px4_msgs/msg/detail/orbit_status__type_support.hpp\n'}
[1.953749] (px4_msgs) StdoutLine: {'line': b'-- Up-to-date: /home/harsh/ros2_project/install/px4_msgs/include/px4_msgs/px4_msgs/msg/detail/buffer128__struct.hpp\n'}
[1.953811] (px4_msgs) StdoutLine: {'line': b'-- Up-to-date: /home/harsh/ros2_project/install/px4_msgs/include/px4_msgs/px4_msgs/msg/detail/estimator_states__struct.hpp\n'}
[1.953877] (px4_msgs) StdoutLine: {'line': b'-- Up-to-date: /home/harsh/ros2_project/install/px4_msgs/include/px4_msgs/px4_msgs/msg/detail/gpio_config__builder.hpp\n'}
[1.953948] (px4_msgs) StdoutLine: {'line': b'-- Up-to-date: /home/harsh/ros2_project/install/px4_msgs/include/px4_msgs/px4_msgs/msg/detail/vehicle_torque_setpoint__type_support.hpp\n'}
[1.954028] (px4_msgs) StdoutLine: {'line': b'-- Up-to-date: /home/harsh/ros2_project/install/px4_msgs/include/px4_msgs/px4_msgs/msg/detail/ulog_stream__type_support.hpp\n'}
[1.954166] (px4_msgs) StdoutLine: {'line': b'-- Up-to-date: /home/harsh/ros2_project/install/px4_msgs/include/px4_msgs/px4_msgs/msg/detail/vehicle_rates_setpoint__type_support.hpp\n'}
[1.954260] (px4_msgs) StdoutLine: {'line': b'-- Up-to-date: /home/harsh/ros2_project/install/px4_msgs/include/px4_msgs/px4_msgs/msg/detail/action_request__struct.hpp\n'}
[1.954343] (px4_msgs) StdoutLine: {'line': b'-- Up-to-date: /home/harsh/ros2_project/install/px4_msgs/include/px4_msgs/px4_msgs/msg/detail/vehicle_angular_acceleration_setpoint__traits.hpp\n'}
[1.954411] (px4_msgs) StdoutLine: {'line': b'-- Up-to-date: /home/harsh/ros2_project/install/px4_msgs/include/px4_msgs/px4_msgs/msg/detail/tecs_status__builder.hpp\n'}
[1.954558] (px4_msgs) StdoutLine: {'line': b'-- Up-to-date: /home/harsh/ros2_project/install/px4_msgs/include/px4_msgs/px4_msgs/msg/detail/vehicle_magnetometer__type_support.hpp\n'}
[1.954633] (px4_msgs) StdoutLine: {'line': b'-- Up-to-date: /home/harsh/ros2_project/install/px4_msgs/include/px4_msgs/px4_msgs/msg/detail/follow_target__struct.hpp\n'}
[1.954700] (px4_msgs) StdoutLine: {'line': b'-- Up-to-date: /home/harsh/ros2_project/install/px4_msgs/include/px4_msgs/px4_msgs/msg/detail/power_button_state__traits.hpp\n'}
[1.954764] (px4_msgs) StdoutLine: {'line': b'-- Up-to-date: /home/harsh/ros2_project/install/px4_msgs/include/px4_msgs/px4_msgs/msg/detail/vehicle_optical_flow_vel__builder.hpp\n'}
[1.954825] (px4_msgs) StdoutLine: {'line': b'-- Up-to-date: /home/harsh/ros2_project/install/px4_msgs/include/px4_msgs/px4_msgs/msg/detail/onboard_computer_status__traits.hpp\n'}
[1.954891] (px4_msgs) StdoutLine: {'line': b'-- Up-to-date: /home/harsh/ros2_project/install/px4_msgs/include/px4_msgs/px4_msgs/msg/detail/offboard_control_mode__traits.hpp\n'}
[1.954968] (px4_msgs) StdoutLine: {'line': b'-- Up-to-date: /home/harsh/ros2_project/install/px4_msgs/include/px4_msgs/px4_msgs/msg/detail/orb_test__struct.hpp\n'}
[1.955038] (px4_msgs) StdoutLine: {'line': b'-- Up-to-date: /home/harsh/ros2_project/install/px4_msgs/include/px4_msgs/px4_msgs/msg/detail/follow_target__type_support.hpp\n'}
[1.955103] (px4_msgs) StdoutLine: {'line': b'-- Up-to-date: /home/harsh/ros2_project/install/px4_msgs/include/px4_msgs/px4_msgs/msg/detail/sensor_airflow__struct.hpp\n'}
[1.955179] (px4_msgs) StdoutLine: {'line': b'-- Up-to-date: /home/harsh/ros2_project/install/px4_msgs/include/px4_msgs/px4_msgs/msg/detail/health_report__traits.hpp\n'}
[1.955300] (px4_msgs) StdoutLine: {'line': b'-- Up-to-date: /home/harsh/ros2_project/install/px4_msgs/include/px4_msgs/px4_msgs/msg/detail/takeoff_status__struct.hpp\n'}
[1.955384] (px4_msgs) StdoutLine: {'line': b'-- Up-to-date: /home/harsh/ros2_project/install/px4_msgs/include/px4_msgs/px4_msgs/msg/detail/rate_ctrl_status__builder.hpp\n'}
[1.955459] (px4_msgs) StdoutLine: {'line': b'-- Up-to-date: /home/harsh/ros2_project/install/px4_msgs/include/px4_msgs/px4_msgs/msg/detail/sensor_combined__type_support.hpp\n'}
[1.955542] (px4_msgs) StdoutLine: {'line': b'-- Up-to-date: /home/harsh/ros2_project/install/px4_msgs/include/px4_msgs/px4_msgs/msg/detail/rate_ctrl_status__type_support.hpp\n'}
[1.955660] (px4_msgs) StdoutLine: {'line': b'-- Up-to-date: /home/harsh/ros2_project/install/px4_msgs/include/px4_msgs/px4_msgs/msg/detail/estimator_gps_status__struct.hpp\n'}
[1.955732] (px4_msgs) StdoutLine: {'line': b'-- Up-to-date: /home/harsh/ros2_project/install/px4_msgs/include/px4_msgs/px4_msgs/msg/detail/trajectory_waypoint__type_support.hpp\n'}
[1.955808] (px4_msgs) StdoutLine: {'line': b'-- Up-to-date: /home/harsh/ros2_project/install/px4_msgs/include/px4_msgs/px4_msgs/msg/detail/health_report__builder.hpp\n'}
[1.955867] (px4_msgs) StdoutLine: {'line': b'-- Up-to-date: /home/harsh/ros2_project/install/px4_msgs/include/px4_msgs/px4_msgs/msg/detail/wind__traits.hpp\n'}
[1.955935] (px4_msgs) StdoutLine: {'line': b'-- Up-to-date: /home/harsh/ros2_project/install/px4_msgs/include/px4_msgs/px4_msgs/msg/detail/gimbal_device_information__traits.hpp\n'}
[1.956002] (px4_msgs) StdoutLine: {'line': b'-- Up-to-date: /home/harsh/ros2_project/install/px4_msgs/include/px4_msgs/px4_msgs/msg/detail/cpuload__builder.hpp\n'}
[1.956090] (px4_msgs) StdoutLine: {'line': b'-- Up-to-date: /home/harsh/ros2_project/install/px4_msgs/include/px4_msgs/px4_msgs/msg/detail/message_format_request__type_support.hpp\n'}
[1.956166] (px4_msgs) StdoutLine: {'line': b'-- Up-to-date: /home/harsh/ros2_project/install/px4_msgs/include/px4_msgs/px4_msgs/msg/detail/estimator_aid_source1d__type_support.hpp\n'}
[1.956228] (px4_msgs) StdoutLine: {'line': b'-- Up-to-date: /home/harsh/ros2_project/install/px4_msgs/include/px4_msgs/px4_msgs/msg/detail/parameter_update__struct.hpp\n'}
[1.956344] (px4_msgs) StdoutLine: {'line': b'-- Up-to-date: /home/harsh/ros2_project/install/px4_msgs/include/px4_msgs/px4_msgs/msg/detail/vehicle_status__traits.hpp\n'}
[1.956429] (px4_msgs) StdoutLine: {'line': b'-- Up-to-date: /home/harsh/ros2_project/install/px4_msgs/include/px4_msgs/px4_msgs/msg/detail/cpuload__struct.hpp\n'}
[1.956497] (px4_msgs) StdoutLine: {'line': b'-- Up-to-date: /home/harsh/ros2_project/install/px4_msgs/include/px4_msgs/px4_msgs/msg/detail/differential_drive_setpoint__struct.hpp\n'}
[1.956559] (px4_msgs) StdoutLine: {'line': b'-- Up-to-date: /home/harsh/ros2_project/install/px4_msgs/include/px4_msgs/px4_msgs/msg/detail/parameter_reset_request__traits.hpp\n'}
[1.956622] (px4_msgs) StdoutLine: {'line': b'-- Up-to-date: /home/harsh/ros2_project/install/px4_msgs/include/px4_msgs/px4_msgs/msg/detail/trajectory_waypoint__struct.hpp\n'}
[1.956682] (px4_msgs) StdoutLine: {'line': b'-- Up-to-date: /home/harsh/ros2_project/install/px4_msgs/include/px4_msgs/px4_msgs/msg/detail/can_interface_status__builder.hpp\n'}
[1.956779] (px4_msgs) StdoutLine: {'line': b'-- Up-to-date: /home/harsh/ros2_project/install/px4_msgs/include/px4_msgs/px4_msgs/msg/detail/telemetry_status__traits.hpp\n'}
[1.956860] (px4_msgs) StdoutLine: {'line': b'-- Up-to-date: /home/harsh/ros2_project/install/px4_msgs/include/px4_msgs/px4_msgs/msg/detail/estimator_selector_status__traits.hpp\n'}
[1.956940] (px4_msgs) StdoutLine: {'line': b'-- Up-to-date: /home/harsh/ros2_project/install/px4_msgs/include/px4_msgs/px4_msgs/msg/detail/sensor_optical_flow__struct.hpp\n'}
[1.957014] (px4_msgs) StdoutLine: {'line': b'-- Up-to-date: /home/harsh/ros2_project/install/px4_msgs/include/px4_msgs/px4_msgs/msg/detail/gimbal_manager_status__builder.hpp\n'}
[1.957089] (px4_msgs) StdoutLine: {'line': b'-- Up-to-date: /home/harsh/ros2_project/install/px4_msgs/include/px4_msgs/px4_msgs/msg/detail/mount_orientation__struct.hpp\n'}
[1.957160] (px4_msgs) StdoutLine: {'line': b'-- Up-to-date: /home/harsh/ros2_project/install/px4_msgs/include/px4_msgs/px4_msgs/msg/detail/vehicle_rates_setpoint__struct.hpp\n'}
[1.957242] (px4_msgs) StdoutLine: {'line': b'-- Up-to-date: /home/harsh/ros2_project/install/px4_msgs/include/px4_msgs/px4_msgs/msg/detail/unregister_ext_component__struct.hpp\n'}
[1.957328] (px4_msgs) StdoutLine: {'line': b'-- Up-to-date: /home/harsh/ros2_project/install/px4_msgs/include/px4_msgs/px4_msgs/msg/detail/geofence_status__builder.hpp\n'}
[1.957394] (px4_msgs) StdoutLine: {'line': b'-- Up-to-date: /home/harsh/ros2_project/install/px4_msgs/include/px4_msgs/px4_msgs/msg/detail/hover_thrust_estimate__traits.hpp\n'}
[1.957456] (px4_msgs) StdoutLine: {'line': b'-- Up-to-date: /home/harsh/ros2_project/install/px4_msgs/include/px4_msgs/px4_msgs/msg/detail/estimator_selector_status__type_support.hpp\n'}
[1.957521] (px4_msgs) StdoutLine: {'line': b'-- Up-to-date: /home/harsh/ros2_project/install/px4_msgs/include/px4_msgs/px4_msgs/msg/detail/mission_result__traits.hpp\n'}
[1.957587] (px4_msgs) StdoutLine: {'line': b'-- Up-to-date: /home/harsh/ros2_project/install/px4_msgs/include/px4_msgs/px4_msgs/msg/detail/gimbal_manager_set_attitude__struct.hpp\n'}
[1.957651] (px4_msgs) StdoutLine: {'line': b'-- Up-to-date: /home/harsh/ros2_project/install/px4_msgs/include/px4_msgs/px4_msgs/msg/detail/config_overrides__struct.hpp\n'}
[1.957708] (px4_msgs) StdoutLine: {'line': b'-- Up-to-date: /home/harsh/ros2_project/install/px4_msgs/include/px4_msgs/px4_msgs/msg/detail/gimbal_manager_set_attitude__type_support.hpp\n'}
[1.957779] (px4_msgs) StdoutLine: {'line': b'-- Up-to-date: /home/harsh/ros2_project/install/px4_msgs/include/px4_msgs/px4_msgs/msg/detail/npfg_status__struct.hpp\n'}
[1.957846] (px4_msgs) StdoutLine: {'line': b'-- Up-to-date: /home/harsh/ros2_project/install/px4_msgs/include/px4_msgs/px4_msgs/msg/detail/mission__type_support.hpp\n'}
[1.957916] (px4_msgs) StdoutLine: {'line': b'-- Up-to-date: /home/harsh/ros2_project/install/px4_msgs/include/px4_msgs/px4_msgs/msg/detail/sensor_gps__type_support.hpp\n'}
[1.958120] (px4_msgs) StdoutLine: {'line': b'-- Up-to-date: /home/harsh/ros2_project/install/px4_msgs/include/px4_msgs/px4_msgs/msg/detail/vehicle_acceleration__type_support.hpp\n'}
[1.958194] (px4_msgs) StdoutLine: {'line': b'-- Up-to-date: /home/harsh/ros2_project/install/px4_msgs/include/px4_msgs/px4_msgs/msg/detail/tiltrotor_extra_controls__traits.hpp\n'}
[1.958282] (px4_msgs) StdoutLine: {'line': b'-- Up-to-date: /home/harsh/ros2_project/install/px4_msgs/include/px4_msgs/px4_msgs/msg/detail/internal_combustion_engine_status__struct.hpp\n'}
[1.958457] (px4_msgs) StdoutLine: {'line': b'-- Up-to-date: /home/harsh/ros2_project/install/px4_msgs/include/px4_msgs/px4_msgs/msg/detail/logger_status__builder.hpp\n'}
[1.958689] (px4_msgs) StdoutLine: {'line': b'-- Up-to-date: /home/harsh/ros2_project/install/px4_msgs/include/px4_msgs/px4_msgs/msg/detail/qshell_req__type_support.hpp\n'}
[1.958844] (px4_msgs) StdoutLine: {'line': b'-- Up-to-date: /home/harsh/ros2_project/install/px4_msgs/include/px4_msgs/px4_msgs/msg/detail/gimbal_manager_status__type_support.hpp\n'}
[1.959051] (px4_msgs) StdoutLine: {'line': b'-- Up-to-date: /home/harsh/ros2_project/install/px4_msgs/include/px4_msgs/px4_msgs/msg/detail/orb_test_medium__struct.hpp\n'}
[1.959342] (px4_msgs) StdoutLine: {'line': b'-- Up-to-date: /home/harsh/ros2_project/install/px4_msgs/include/px4_msgs/px4_msgs/msg/detail/transponder_report__struct.hpp\n'}
[1.959512] (px4_msgs) StdoutLine: {'line': b'-- Up-to-date: /home/harsh/ros2_project/install/px4_msgs/include/px4_msgs/px4_msgs/msg/detail/esc_report__traits.hpp\n'}
[1.959652] (px4_msgs) StdoutLine: {'line': b'-- Up-to-date: /home/harsh/ros2_project/install/px4_msgs/include/px4_msgs/px4_msgs/msg/detail/task_stack_info__builder.hpp\n'}
[1.959801] (px4_msgs) StdoutLine: {'line': b'-- Up-to-date: /home/harsh/ros2_project/install/px4_msgs/include/px4_msgs/px4_msgs/msg/detail/gimbal_device_attitude_status__traits.hpp\n'}
[1.959951] (px4_msgs) StdoutLine: {'line': b'-- Up-to-date: /home/harsh/ros2_project/install/px4_msgs/include/px4_msgs/px4_msgs/msg/detail/offboard_control_mode__type_support.hpp\n'}
[1.960083] (px4_msgs) StdoutLine: {'line': b'-- Up-to-date: /home/harsh/ros2_project/install/px4_msgs/include/px4_msgs/px4_msgs/msg/detail/vehicle_land_detected__type_support.hpp\n'}
[1.960221] (px4_msgs) StdoutLine: {'line': b'-- Up-to-date: /home/harsh/ros2_project/install/px4_msgs/include/px4_msgs/px4_msgs/msg/detail/vehicle_global_position__builder.hpp\n'}
[1.960401] (px4_msgs) StdoutLine: {'line': b'-- Up-to-date: /home/harsh/ros2_project/install/px4_msgs/include/px4_msgs/px4_msgs/msg/detail/sensors_status_imu__traits.hpp\n'}
[1.960581] (px4_msgs) StdoutLine: {'line': b'-- Up-to-date: /home/harsh/ros2_project/install/px4_msgs/include/px4_msgs/px4_msgs/msg/detail/irlock_report__traits.hpp\n'}
[1.960731] (px4_msgs) StdoutLine: {'line': b'-- Up-to-date: /home/harsh/ros2_project/install/px4_msgs/include/px4_msgs/px4_msgs/msg/detail/follow_target_estimator__traits.hpp\n'}
[1.960884] (px4_msgs) StdoutLine: {'line': b'-- Up-to-date: /home/harsh/ros2_project/install/px4_msgs/include/px4_msgs/px4_msgs/msg/detail/internal_combustion_engine_status__traits.hpp\n'}
[1.961410] (px4_msgs) StdoutLine: {'line': b'-- Up-to-date: /home/harsh/ros2_project/install/px4_msgs/include/px4_msgs/px4_msgs/msg/detail/sensor_preflight_mag__builder.hpp\n'}
[1.961573] (px4_msgs) StdoutLine: {'line': b'-- Up-to-date: /home/harsh/ros2_project/install/px4_msgs/include/px4_msgs/px4_msgs/msg/detail/launch_detection_status__type_support.hpp\n'}
[1.961708] (px4_msgs) StdoutLine: {'line': b'-- Up-to-date: /home/harsh/ros2_project/install/px4_msgs/include/px4_msgs/px4_msgs/msg/detail/position_setpoint__traits.hpp\n'}
[1.961850] (px4_msgs) StdoutLine: {'line': b'-- Up-to-date: /home/harsh/ros2_project/install/px4_msgs/include/px4_msgs/px4_msgs/msg/detail/landing_gear__traits.hpp\n'}
[1.961985] (px4_msgs) StdoutLine: {'line': b'-- Up-to-date: /home/harsh/ros2_project/install/px4_msgs/include/px4_msgs/px4_msgs/msg/detail/vehicle_torque_setpoint__traits.hpp\n'}
[1.962134] (px4_msgs) StdoutLine: {'line': b'-- Up-to-date: /home/harsh/ros2_project/install/px4_msgs/include/px4_msgs/px4_msgs/msg/detail/sensor_selection__struct.hpp\n'}
[1.962294] (px4_msgs) StdoutLine: {'line': b'-- Up-to-date: /home/harsh/ros2_project/install/px4_msgs/include/px4_msgs/px4_msgs/msg/detail/gps_inject_data__builder.hpp\n'}
[1.962442] (px4_msgs) StdoutLine: {'line': b'-- Up-to-date: /home/harsh/ros2_project/install/px4_msgs/include/px4_msgs/px4_msgs/msg/detail/sensor_correction__builder.hpp\n'}
[1.962650] (px4_msgs) StdoutLine: {'line': b'-- Up-to-date: /home/harsh/ros2_project/install/px4_msgs/include/px4_msgs/px4_msgs/msg/detail/sensor_gps__traits.hpp\n'}
[1.962796] (px4_msgs) StdoutLine: {'line': b'-- Up-to-date: /home/harsh/ros2_project/install/px4_msgs/include/px4_msgs/px4_msgs/msg/detail/telemetry_status__builder.hpp\n'}
[1.962922] (px4_msgs) StdoutLine: {'line': b'-- Up-to-date: /home/harsh/ros2_project/install/px4_msgs/include/px4_msgs/px4_msgs/msg/detail/timesync_status__struct.hpp\n'}
[1.963035] (px4_msgs) StdoutLine: {'line': b'-- Up-to-date: /home/harsh/ros2_project/install/px4_msgs/include/px4_msgs/px4_msgs/msg/detail/ulog_stream_ack__builder.hpp\n'}
[1.963151] (px4_msgs) StdoutLine: {'line': b'-- Up-to-date: /home/harsh/ros2_project/install/px4_msgs/include/px4_msgs/px4_msgs/msg/detail/gpio_request__traits.hpp\n'}
[1.963534] (px4_msgs) StdoutLine: {'line': b'-- Up-to-date: /home/harsh/ros2_project/install/px4_msgs/include/px4_msgs/px4_msgs/msg/detail/position_controller_status__traits.hpp\n'}
[1.963799] (px4_msgs) StdoutLine: {'line': b'-- Up-to-date: /home/harsh/ros2_project/install/px4_msgs/include/px4_msgs/px4_msgs/msg/detail/geofence_result__builder.hpp\n'}
[1.964003] (px4_msgs) StdoutLine: {'line': b'-- Up-to-date: /home/harsh/ros2_project/install/px4_msgs/include/px4_msgs/px4_msgs/msg/detail/vehicle_command__type_support.hpp\n'}
[1.964135] (px4_msgs) StdoutLine: {'line': b'-- Up-to-date: /home/harsh/ros2_project/install/px4_msgs/include/px4_msgs/px4_msgs/msg/detail/actuator_outputs__builder.hpp\n'}
[1.964259] (px4_msgs) StdoutLine: {'line': b'-- Up-to-date: /home/harsh/ros2_project/install/px4_msgs/include/px4_msgs/px4_msgs/msg/detail/power_button_state__builder.hpp\n'}
[1.964393] (px4_msgs) StdoutLine: {'line': b'-- Up-to-date: /home/harsh/ros2_project/install/px4_msgs/include/px4_msgs/px4_msgs/msg/detail/tiltrotor_extra_controls__struct.hpp\n'}
[1.964519] (px4_msgs) StdoutLine: {'line': b'-- Up-to-date: /home/harsh/ros2_project/install/px4_msgs/include/px4_msgs/px4_msgs/msg/detail/estimator_aid_source3d__traits.hpp\n'}
[1.964631] (px4_msgs) StdoutLine: {'line': b'-- Up-to-date: /home/harsh/ros2_project/install/px4_msgs/include/px4_msgs/px4_msgs/msg/detail/takeoff_status__traits.hpp\n'}
[1.964742] (px4_msgs) StdoutLine: {'line': b'-- Up-to-date: /home/harsh/ros2_project/install/px4_msgs/include/px4_msgs/px4_msgs/msg/detail/yaw_estimator_status__struct.hpp\n'}
[1.964852] (px4_msgs) StdoutLine: {'line': b'-- Up-to-date: /home/harsh/ros2_project/install/px4_msgs/include/px4_msgs/px4_msgs/msg/detail/vehicle_odometry__builder.hpp\n'}
[1.964977] (px4_msgs) StdoutLine: {'line': b'-- Up-to-date: /home/harsh/ros2_project/install/px4_msgs/include/px4_msgs/px4_msgs/msg/detail/ulog_stream_ack__traits.hpp\n'}
[1.965162] (px4_msgs) StdoutLine: {'line': b'-- Up-to-date: /home/harsh/ros2_project/install/px4_msgs/include/px4_msgs/px4_msgs/msg/detail/rpm__type_support.hpp\n'}
[1.965313] (px4_msgs) StdoutLine: {'line': b'-- Up-to-date: /home/harsh/ros2_project/install/px4_msgs/include/px4_msgs/px4_msgs/msg/detail/gripper__traits.hpp\n'}
[1.965436] (px4_msgs) StdoutLine: {'line': b'-- Up-to-date: /home/harsh/ros2_project/install/px4_msgs/include/px4_msgs/px4_msgs/msg/detail/estimator_selector_status__struct.hpp\n'}
[1.965546] (px4_msgs) StdoutLine: {'line': b'-- Up-to-date: /home/harsh/ros2_project/install/px4_msgs/include/px4_msgs/px4_msgs/msg/detail/estimator_innovations__builder.hpp\n'}
[1.965660] (px4_msgs) StdoutLine: {'line': b'-- Up-to-date: /home/harsh/ros2_project/install/px4_msgs/include/px4_msgs/px4_msgs/msg/detail/power_monitor__builder.hpp\n'}
[1.965791] (px4_msgs) StdoutLine: {'line': b'-- Up-to-date: /home/harsh/ros2_project/install/px4_msgs/include/px4_msgs/px4_msgs/msg/detail/camera_capture__builder.hpp\n'}
[1.965901] (px4_msgs) StdoutLine: {'line': b'-- Up-to-date: /home/harsh/ros2_project/install/px4_msgs/include/px4_msgs/px4_msgs/msg/detail/vehicle_trajectory_bezier__type_support.hpp\n'}
[1.966300] (px4_msgs) StdoutLine: {'line': b'-- Up-to-date: /home/harsh/ros2_project/install/px4_msgs/include/px4_msgs/px4_msgs/msg/detail/sensor_combined__traits.hpp\n'}
[1.966451] (px4_msgs) StdoutLine: {'line': b'-- Up-to-date: /home/harsh/ros2_project/install/px4_msgs/include/px4_msgs/px4_msgs/msg/detail/tecs_status__type_support.hpp\n'}
[1.966579] (px4_msgs) StdoutLine: {'line': b'-- Up-to-date: /home/harsh/ros2_project/install/px4_msgs/include/px4_msgs/px4_msgs/msg/detail/vehicle_optical_flow_vel__traits.hpp\n'}
[1.966747] (px4_msgs) StdoutLine: {'line': b'-- Up-to-date: /home/harsh/ros2_project/install/px4_msgs/include/px4_msgs/px4_msgs/msg/detail/vehicle_angular_acceleration_setpoint__type_support.hpp\n'}
[1.966873] (px4_msgs) StdoutLine: {'line': b'-- Up-to-date: /home/harsh/ros2_project/install/px4_msgs/include/px4_msgs/px4_msgs/msg/detail/arming_check_request__builder.hpp\n'}
[1.966995] (px4_msgs) StdoutLine: {'line': b'-- Up-to-date: /home/harsh/ros2_project/install/px4_msgs/include/px4_msgs/px4_msgs/msg/detail/sensor_airflow__builder.hpp\n'}
[1.967114] (px4_msgs) StdoutLine: {'line': b'-- Up-to-date: /home/harsh/ros2_project/install/px4_msgs/include/px4_msgs/px4_msgs/msg/detail/sensor_optical_flow__traits.hpp\n'}
[1.967244] (px4_msgs) StdoutLine: {'line': b'-- Up-to-date: /home/harsh/ros2_project/install/px4_msgs/include/px4_msgs/px4_msgs/msg/detail/sensors_status_imu__struct.hpp\n'}
[1.967435] (px4_msgs) StdoutLine: {'line': b'-- Up-to-date: /home/harsh/ros2_project/install/px4_msgs/include/px4_msgs/px4_msgs/msg/detail/follow_target_estimator__builder.hpp\n'}
[1.967550] (px4_msgs) StdoutLine: {'line': b'-- Up-to-date: /home/harsh/ros2_project/install/px4_msgs/include/px4_msgs/px4_msgs/msg/detail/position_setpoint_triplet__builder.hpp\n'}
[1.967664] (px4_msgs) StdoutLine: {'line': b'-- Up-to-date: /home/harsh/ros2_project/install/px4_msgs/include/px4_msgs/px4_msgs/msg/detail/sensor_uwb__builder.hpp\n'}
[1.967784] (px4_msgs) StdoutLine: {'line': b'-- Up-to-date: /home/harsh/ros2_project/install/px4_msgs/include/px4_msgs/px4_msgs/msg/detail/wind__struct.hpp\n'}
[1.967896] (px4_msgs) StdoutLine: {'line': b'-- Up-to-date: /home/harsh/ros2_project/install/px4_msgs/include/px4_msgs/px4_msgs/msg/detail/mount_orientation__traits.hpp\n'}
[1.968009] (px4_msgs) StdoutLine: {'line': b'-- Up-to-date: /home/harsh/ros2_project/install/px4_msgs/include/px4_msgs/px4_msgs/msg/detail/sensor_gyro_fft__traits.hpp\n'}
[1.968188] (px4_msgs) StdoutLine: {'line': b'-- Up-to-date: /home/harsh/ros2_project/install/px4_msgs/include/px4_msgs/px4_msgs/msg/detail/satellite_info__builder.hpp\n'}
[1.968331] (px4_msgs) StdoutLine: {'line': b'-- Up-to-date: /home/harsh/ros2_project/install/px4_msgs/include/px4_msgs/px4_msgs/msg/detail/actuator_test__type_support.hpp\n'}
[1.968458] (px4_msgs) StdoutLine: {'line': b'-- Up-to-date: /home/harsh/ros2_project/install/px4_msgs/include/px4_msgs/px4_msgs/msg/detail/power_monitor__struct.hpp\n'}
[1.968568] (px4_msgs) StdoutLine: {'line': b'-- Up-to-date: /home/harsh/ros2_project/install/px4_msgs/include/px4_msgs/px4_msgs/msg/detail/gpio_config__struct.hpp\n'}
[1.968680] (px4_msgs) StdoutLine: {'line': b'-- Up-to-date: /home/harsh/ros2_project/install/px4_msgs/include/px4_msgs/px4_msgs/msg/detail/collision_report__type_support.hpp\n'}
[1.968790] (px4_msgs) StdoutLine: {'line': b'-- Up-to-date: /home/harsh/ros2_project/install/px4_msgs/include/px4_msgs/px4_msgs/msg/detail/sensor_uwb__type_support.hpp\n'}
[1.968902] (px4_msgs) StdoutLine: {'line': b'-- Up-to-date: /home/harsh/ros2_project/install/px4_msgs/include/px4_msgs/px4_msgs/msg/detail/gpio_out__builder.hpp\n'}
[1.969015] (px4_msgs) StdoutLine: {'line': b'-- Up-to-date: /home/harsh/ros2_project/install/px4_msgs/include/px4_msgs/px4_msgs/msg/detail/arming_check_reply__traits.hpp\n'}
[1.969127] (px4_msgs) StdoutLine: {'line': b'-- Up-to-date: /home/harsh/ros2_project/install/px4_msgs/include/px4_msgs/px4_msgs/msg/detail/onboard_computer_status__builder.hpp\n'}
[1.969264] (px4_msgs) StdoutLine: {'line': b'-- Up-to-date: /home/harsh/ros2_project/install/px4_msgs/include/px4_msgs/px4_msgs/msg/detail/debug_key_value__traits.hpp\n'}
[1.969391] (px4_msgs) StdoutLine: {'line': b'-- Up-to-date: /home/harsh/ros2_project/install/px4_msgs/include/px4_msgs/px4_msgs/msg/detail/message_format_response__type_support.hpp\n'}
[1.969503] (px4_msgs) StdoutLine: {'line': b'-- Up-to-date: /home/harsh/ros2_project/install/px4_msgs/include/px4_msgs/px4_msgs/msg/detail/trajectory_setpoint__struct.hpp\n'}
[1.969616] (px4_msgs) StdoutLine: {'line': b'-- Up-to-date: /home/harsh/ros2_project/install/px4_msgs/include/px4_msgs/px4_msgs/msg/detail/health_report__type_support.hpp\n'}
[1.969728] (px4_msgs) StdoutLine: {'line': b'-- Up-to-date: /home/harsh/ros2_project/install/px4_msgs/include/px4_msgs/px4_msgs/msg/detail/vehicle_imu__builder.hpp\n'}
[1.969843] (px4_msgs) StdoutLine: {'line': b'-- Up-to-date: /home/harsh/ros2_project/install/px4_msgs/include/px4_msgs/px4_msgs/msg/detail/ulog_stream_ack__struct.hpp\n'}
[1.969960] (px4_msgs) StdoutLine: {'line': b'-- Up-to-date: /home/harsh/ros2_project/install/px4_msgs/include/px4_msgs/px4_msgs/msg/detail/gps_dump__type_support.hpp\n'}
[1.970080] (px4_msgs) StdoutLine: {'line': b'-- Up-to-date: /home/harsh/ros2_project/install/px4_msgs/include/px4_msgs/px4_msgs/msg/detail/debug_array__type_support.hpp\n'}
[1.970204] (px4_msgs) StdoutLine: {'line': b'-- Up-to-date: /home/harsh/ros2_project/install/px4_msgs/include/px4_msgs/px4_msgs/msg/detail/arming_check_request__type_support.hpp\n'}
[1.970661] (px4_msgs) StdoutLine: {'line': b'-- Up-to-date: /home/harsh/ros2_project/install/px4_msgs/include/px4_msgs/px4_msgs/msg/detail/parameter_set_used_request__traits.hpp\n'}
[1.970846] (px4_msgs) StdoutLine: {'line': b'-- Up-to-date: /home/harsh/ros2_project/install/px4_msgs/include/px4_msgs/px4_msgs/msg/detail/tecs_status__struct.hpp\n'}
[1.970990] (px4_msgs) StdoutLine: {'line': b'-- Up-to-date: /home/harsh/ros2_project/install/px4_msgs/include/px4_msgs/px4_msgs/msg/detail/velocity_limits__traits.hpp\n'}
[1.971154] (px4_msgs) StdoutLine: {'line': b'-- Up-to-date: /home/harsh/ros2_project/install/px4_msgs/include/px4_msgs/px4_msgs/msg/detail/failure_detector_status__builder.hpp\n'}
[1.971546] (px4_msgs) StdoutLine: {'line': b'-- Up-to-date: /home/harsh/ros2_project/install/px4_msgs/include/px4_msgs/px4_msgs/msg/detail/mission__struct.hpp\n'}
[1.971722] (px4_msgs) StdoutLine: {'line': b'-- Up-to-date: /home/harsh/ros2_project/install/px4_msgs/include/px4_msgs/px4_msgs/msg/detail/flight_phase_estimation__struct.hpp\n'}
[1.971847] (px4_msgs) StdoutLine: {'line': b'-- Up-to-date: /home/harsh/ros2_project/install/px4_msgs/include/px4_msgs/px4_msgs/msg/detail/actuator_servos_trim__builder.hpp\n'}
[1.971968] (px4_msgs) StdoutLine: {'line': b'-- Up-to-date: /home/harsh/ros2_project/install/px4_msgs/include/px4_msgs/px4_msgs/msg/detail/system_power__builder.hpp\n'}
[1.972151] (px4_msgs) StdoutLine: {'line': b'-- Up-to-date: /home/harsh/ros2_project/install/px4_msgs/include/px4_msgs/px4_msgs/msg/detail/message_format_response__traits.hpp\n'}
[1.972300] (px4_msgs) StdoutLine: {'line': b'-- Up-to-date: /home/harsh/ros2_project/install/px4_msgs/include/px4_msgs/px4_msgs/msg/detail/position_controller_status__type_support.hpp\n'}
[1.972418] (px4_msgs) StdoutLine: {'line': b'-- Up-to-date: /home/harsh/ros2_project/install/px4_msgs/include/px4_msgs/px4_msgs/msg/detail/gimbal_controls__struct.hpp\n'}
[1.972533] (px4_msgs) StdoutLine: {'line': b'-- Up-to-date: /home/harsh/ros2_project/install/px4_msgs/include/px4_msgs/px4_msgs/msg/detail/generator_status__builder.hpp\n'}
[1.972663] (px4_msgs) StdoutLine: {'line': b'-- Up-to-date: /home/harsh/ros2_project/install/px4_msgs/include/px4_msgs/px4_msgs/msg/detail/trajectory_setpoint__traits.hpp\n'}
[1.972819] (px4_msgs) StdoutLine: {'line': b'-- Up-to-date: /home/harsh/ros2_project/install/px4_msgs/include/px4_msgs/px4_msgs/msg/detail/sensor_hygrometer__traits.hpp\n'}
[1.972932] (px4_msgs) StdoutLine: {'line': b'-- Up-to-date: /home/harsh/ros2_project/install/px4_msgs/include/px4_msgs/px4_msgs/msg/detail/ping__struct.hpp\n'}
[1.973037] (px4_msgs) StdoutLine: {'line': b'-- Up-to-date: /home/harsh/ros2_project/install/px4_msgs/include/px4_msgs/px4_msgs/msg/detail/event__builder.hpp\n'}
[1.973145] (px4_msgs) StdoutLine: {'line': b'-- Up-to-date: /home/harsh/ros2_project/install/px4_msgs/include/px4_msgs/px4_msgs/msg/detail/position_controller_landing_status__builder.hpp\n'}
[1.973282] (px4_msgs) StdoutLine: {'line': b'-- Up-to-date: /home/harsh/ros2_project/install/px4_msgs/include/px4_msgs/px4_msgs/msg/detail/gimbal_device_set_attitude__traits.hpp\n'}
[1.973392] (px4_msgs) StdoutLine: {'line': b'-- Up-to-date: /home/harsh/ros2_project/install/px4_msgs/include/px4_msgs/px4_msgs/msg/detail/airspeed__struct.hpp\n'}
[1.973497] (px4_msgs) StdoutLine: {'line': b'-- Up-to-date: /home/harsh/ros2_project/install/px4_msgs/include/px4_msgs/px4_msgs/msg/detail/estimator_gps_status__builder.hpp\n'}
[1.973608] (px4_msgs) StdoutLine: {'line': b'-- Up-to-date: /home/harsh/ros2_project/install/px4_msgs/include/px4_msgs/px4_msgs/msg/detail/estimator_selector_status__builder.hpp\n'}
[1.973724] (px4_msgs) StdoutLine: {'line': b'-- Up-to-date: /home/harsh/ros2_project/install/px4_msgs/include/px4_msgs/px4_msgs/msg/detail/sensor_hygrometer__struct.hpp\n'}
[1.973841] (px4_msgs) StdoutLine: {'line': b'-- Up-to-date: /home/harsh/ros2_project/install/px4_msgs/include/px4_msgs/px4_msgs/msg/detail/vehicle_control_mode__traits.hpp\n'}
[1.973962] (px4_msgs) StdoutLine: {'line': b'-- Up-to-date: /home/harsh/ros2_project/install/px4_msgs/include/px4_msgs/px4_msgs/msg/detail/trajectory_waypoint__traits.hpp\n'}
[1.974069] (px4_msgs) StdoutLine: {'line': b'-- Up-to-date: /home/harsh/ros2_project/install/px4_msgs/include/px4_msgs/px4_msgs/msg/detail/sensor_accel_fifo__type_support.hpp\n'}
[1.974176] (px4_msgs) StdoutLine: {'line': b'-- Up-to-date: /home/harsh/ros2_project/install/px4_msgs/include/px4_msgs/px4_msgs/msg/detail/uavcan_parameter_request__traits.hpp\n'}
[1.974294] (px4_msgs) StdoutLine: {'line': b'-- Up-to-date: /home/harsh/ros2_project/install/px4_msgs/include/px4_msgs/px4_msgs/msg/detail/actuator_armed__type_support.hpp\n'}
[1.974401] (px4_msgs) StdoutLine: {'line': b'-- Up-to-date: /home/harsh/ros2_project/install/px4_msgs/include/px4_msgs/px4_msgs/msg/detail/parameter_set_value_request__traits.hpp\n'}
[1.974505] (px4_msgs) StdoutLine: {'line': b'-- Up-to-date: /home/harsh/ros2_project/install/px4_msgs/include/px4_msgs/px4_msgs/msg/detail/sensor_baro__type_support.hpp\n'}
[1.974608] (px4_msgs) StdoutLine: {'line': b'-- Up-to-date: /home/harsh/ros2_project/install/px4_msgs/include/px4_msgs/px4_msgs/msg/detail/failure_detector_status__traits.hpp\n'}
[1.974712] (px4_msgs) StdoutLine: {'line': b'-- Up-to-date: /home/harsh/ros2_project/install/px4_msgs/include/px4_msgs/px4_msgs/msg/detail/home_position__struct.hpp\n'}
[1.974852] (px4_msgs) StdoutLine: {'line': b'-- Up-to-date: /home/harsh/ros2_project/install/px4_msgs/include/px4_msgs/px4_msgs/msg/detail/wheel_encoders__type_support.hpp\n'}
[1.974963] (px4_msgs) StdoutLine: {'line': b'-- Up-to-date: /home/harsh/ros2_project/install/px4_msgs/include/px4_msgs/px4_msgs/msg/detail/mavlink_log__type_support.hpp\n'}
[1.975072] (px4_msgs) StdoutLine: {'line': b'-- Up-to-date: /home/harsh/ros2_project/install/px4_msgs/include/px4_msgs/px4_msgs/msg/detail/satellite_info__type_support.hpp\n'}
[1.975175] (px4_msgs) StdoutLine: {'line': b'-- Up-to-date: /home/harsh/ros2_project/install/px4_msgs/include/px4_msgs/px4_msgs/msg/detail/orb_test_large__type_support.hpp\n'}
[1.975600] (px4_msgs) StdoutLine: {'line': b'-- Up-to-date: /home/harsh/ros2_project/install/px4_msgs/include/px4_msgs/px4_msgs/msg/detail/vehicle_local_position__struct.hpp\n'}
[1.975774] (px4_msgs) StdoutLine: {'line': b'-- Up-to-date: /home/harsh/ros2_project/install/px4_msgs/include/px4_msgs/px4_msgs/msg/detail/sensor_combined__struct.hpp\n'}
[1.975914] (px4_msgs) StdoutLine: {'line': b'-- Up-to-date: /home/harsh/ros2_project/install/px4_msgs/include/px4_msgs/px4_msgs/msg/detail/register_ext_component_reply__builder.hpp\n'}
[1.976080] (px4_msgs) StdoutLine: {'line': b'-- Up-to-date: /home/harsh/ros2_project/install/px4_msgs/include/px4_msgs/px4_msgs/msg/detail/vehicle_angular_acceleration_setpoint__builder.hpp\n'}
[1.976228] (px4_msgs) StdoutLine: {'line': b'-- Up-to-date: /home/harsh/ros2_project/install/px4_msgs/include/px4_msgs/px4_msgs/msg/detail/vehicle_attitude_setpoint__type_support.hpp\n'}
[1.976383] (px4_msgs) StdoutLine: {'line': b'-- Up-to-date: /home/harsh/ros2_project/install/px4_msgs/include/px4_msgs/px4_msgs/msg/detail/actuator_servos_trim__type_support.hpp\n'}
[1.976485] (px4_msgs) StdoutLine: {'line': b'-- Up-to-date: /home/harsh/ros2_project/install/px4_msgs/include/px4_msgs/px4_msgs/msg/detail/mavlink_tunnel__traits.hpp\n'}
[1.976587] (px4_msgs) StdoutLine: {'line': b'-- Up-to-date: /home/harsh/ros2_project/install/px4_msgs/include/px4_msgs/px4_msgs/msg/detail/obstacle_distance__struct.hpp\n'}
[1.976773] (px4_msgs) StdoutLine: {'line': b'-- Up-to-date: /home/harsh/ros2_project/install/px4_msgs/include/px4_msgs/px4_msgs/msg/detail/rc_channels__type_support.hpp\n'}
[1.976897] (px4_msgs) StdoutLine: {'line': b'-- Up-to-date: /home/harsh/ros2_project/install/px4_msgs/include/px4_msgs/px4_msgs/msg/detail/message_format_request__builder.hpp\n'}
[1.977019] (px4_msgs) StdoutLine: {'line': b'-- Up-to-date: /home/harsh/ros2_project/install/px4_msgs/include/px4_msgs/px4_msgs/msg/detail/gimbal_manager_set_attitude__builder.hpp\n'}
[1.977134] (px4_msgs) StdoutLine: {'line': b'-- Up-to-date: /home/harsh/ros2_project/install/px4_msgs/include/px4_msgs/px4_msgs/msg/detail/position_setpoint_triplet__traits.hpp\n'}
[1.977260] (px4_msgs) StdoutLine: {'line': b'-- Up-to-date: /home/harsh/ros2_project/install/px4_msgs/include/px4_msgs/px4_msgs/msg/detail/rc_channels__builder.hpp\n'}
[1.977412] (px4_msgs) StdoutLine: {'line': b'-- Up-to-date: /home/harsh/ros2_project/install/px4_msgs/include/px4_msgs/px4_msgs/msg/detail/input_rc__builder.hpp\n'}
[1.977529] (px4_msgs) StdoutLine: {'line': b'-- Up-to-date: /home/harsh/ros2_project/install/px4_msgs/include/px4_msgs/px4_msgs/msg/detail/vtol_vehicle_status__builder.hpp\n'}
[1.977637] (px4_msgs) StdoutLine: {'line': b'-- Up-to-date: /home/harsh/ros2_project/install/px4_msgs/include/px4_msgs/px4_msgs/msg/detail/power_button_state__struct.hpp\n'}
[1.977764] (px4_msgs) StdoutLine: {'line': b'-- Up-to-date: /home/harsh/ros2_project/install/px4_msgs/include/px4_msgs/px4_msgs/msg/detail/manual_control_setpoint__type_support.hpp\n'}
[1.977888] (px4_msgs) StdoutLine: {'line': b'-- Up-to-date: /home/harsh/ros2_project/install/px4_msgs/include/px4_msgs/px4_msgs/msg/detail/airspeed__type_support.hpp\n'}
[1.978003] (px4_msgs) StdoutLine: {'line': b'-- Up-to-date: /home/harsh/ros2_project/install/px4_msgs/include/px4_msgs/px4_msgs/msg/detail/timesync_status__type_support.hpp\n'}
[1.978117] (px4_msgs) StdoutLine: {'line': b'-- Up-to-date: /home/harsh/ros2_project/install/px4_msgs/include/px4_msgs/px4_msgs/msg/detail/parameter_reset_request__builder.hpp\n'}
[1.978342] (px4_msgs) StdoutLine: {'line': b'-- Up-to-date: /home/harsh/ros2_project/install/px4_msgs/include/px4_msgs/px4_msgs/msg/detail/adc_report__builder.hpp\n'}
[1.978476] (px4_msgs) StdoutLine: {'line': b'-- Up-to-date: /home/harsh/ros2_project/install/px4_msgs/include/px4_msgs/px4_msgs/msg/detail/manual_control_setpoint__struct.hpp\n'}
[1.978657] (px4_msgs) StdoutLine: {'line': b'-- Up-to-date: /home/harsh/ros2_project/install/px4_msgs/include/px4_msgs/px4_msgs/msg/detail/obstacle_distance__builder.hpp\n'}
[1.978802] (px4_msgs) StdoutLine: {'line': b'-- Up-to-date: /home/harsh/ros2_project/install/px4_msgs/include/px4_msgs/px4_msgs/msg/detail/estimator_innovations__traits.hpp\n'}
[1.978926] (px4_msgs) StdoutLine: {'line': b'-- Up-to-date: /home/harsh/ros2_project/install/px4_msgs/include/px4_msgs/px4_msgs/msg/detail/gimbal_controls__builder.hpp\n'}
[1.979043] (px4_msgs) StdoutLine: {'line': b'-- Up-to-date: /home/harsh/ros2_project/install/px4_msgs/include/px4_msgs/px4_msgs/msg/detail/vehicle_attitude__traits.hpp\n'}
[1.979187] (px4_msgs) StdoutLine: {'line': b'-- Up-to-date: /home/harsh/ros2_project/install/px4_msgs/include/px4_msgs/px4_msgs/msg/detail/landing_gear_wheel__traits.hpp\n'}
[1.979360] (px4_msgs) StdoutLine: {'line': b'-- Up-to-date: /home/harsh/ros2_project/install/px4_msgs/include/px4_msgs/px4_msgs/msg/detail/gimbal_device_attitude_status__struct.hpp\n'}
[1.979472] (px4_msgs) StdoutLine: {'line': b'-- Up-to-date: /home/harsh/ros2_project/install/px4_msgs/include/px4_msgs/px4_msgs/msg/detail/hover_thrust_estimate__struct.hpp\n'}
[1.979578] (px4_msgs) StdoutLine: {'line': b'-- Up-to-date: /home/harsh/ros2_project/install/px4_msgs/include/px4_msgs/px4_msgs/msg/detail/estimator_bias3d__traits.hpp\n'}
[1.979682] (px4_msgs) StdoutLine: {'line': b'-- Up-to-date: /home/harsh/ros2_project/install/px4_msgs/include/px4_msgs/px4_msgs/msg/detail/estimator_status__type_support.hpp\n'}
[1.979808] (px4_msgs) StdoutLine: {'line': b'-- Up-to-date: /home/harsh/ros2_project/install/px4_msgs/include/px4_msgs/px4_msgs/msg/detail/pps_capture__traits.hpp\n'}
[1.979926] (px4_msgs) StdoutLine: {'line': b'-- Up-to-date: /home/harsh/ros2_project/install/px4_msgs/include/px4_msgs/px4_msgs/msg/detail/goto_setpoint__builder.hpp\n'}
[1.980049] (px4_msgs) StdoutLine: {'line': b'-- Up-to-date: /home/harsh/ros2_project/install/px4_msgs/include/px4_msgs/px4_msgs/msg/detail/differential_drive_setpoint__traits.hpp\n'}
[1.980175] (px4_msgs) StdoutLine: {'line': b'-- Up-to-date: /home/harsh/ros2_project/install/px4_msgs/include/px4_msgs/px4_msgs/msg/detail/sensor_airflow__type_support.hpp\n'}
[1.980322] (px4_msgs) StdoutLine: {'line': b'-- Up-to-date: /home/harsh/ros2_project/install/px4_msgs/include/px4_msgs/px4_msgs/msg/detail/obstacle_distance__type_support.hpp\n'}
[1.980690] (px4_msgs) StdoutLine: {'line': b'-- Up-to-date: /home/harsh/ros2_project/install/px4_msgs/include/px4_msgs/px4_msgs/msg/detail/input_rc__type_support.hpp\n'}
[1.980928] (px4_msgs) StdoutLine: {'line': b'-- Up-to-date: /home/harsh/ros2_project/install/px4_msgs/include/px4_msgs/px4_msgs/msg/detail/orb_test_medium__traits.hpp\n'}
[1.981245] (px4_msgs) StdoutLine: {'line': b'-- Up-to-date: /home/harsh/ros2_project/install/px4_msgs/include/px4_msgs/px4_msgs/msg/detail/estimator_bias__traits.hpp\n'}
[1.981437] (px4_msgs) StdoutLine: {'line': b'-- Up-to-date: /home/harsh/ros2_project/install/px4_msgs/include/px4_msgs/px4_msgs/msg/detail/vehicle_odometry__traits.hpp\n'}
[1.981594] (px4_msgs) StdoutLine: {'line': b'-- Up-to-date: /home/harsh/ros2_project/install/px4_msgs/include/px4_msgs/px4_msgs/msg/detail/rc_parameter_map__type_support.hpp\n'}
[1.981759] (px4_msgs) StdoutLine: {'line': b'-- Up-to-date: /home/harsh/ros2_project/install/px4_msgs/include/px4_msgs/px4_msgs/msg/detail/cpuload__traits.hpp\n'}
[1.981884] (px4_msgs) StdoutLine: {'line': b'-- Up-to-date: /home/harsh/ros2_project/install/px4_msgs/include/px4_msgs/px4_msgs/msg/detail/debug_value__builder.hpp\n'}
[1.982031] (px4_msgs) StdoutLine: {'line': b'-- Up-to-date: /home/harsh/ros2_project/install/px4_msgs/include/px4_msgs/px4_msgs/msg/detail/gpio_in__traits.hpp\n'}
[1.982186] (px4_msgs) StdoutLine: {'line': b'-- Up-to-date: /home/harsh/ros2_project/install/px4_msgs/include/px4_msgs/px4_msgs/msg/detail/sensors_status__struct.hpp\n'}
[1.982368] (px4_msgs) StdoutLine: {'line': b'-- Up-to-date: /home/harsh/ros2_project/install/px4_msgs/include/px4_msgs/px4_msgs/msg/detail/actuator_controls_status__type_support.hpp\n'}
[1.982760] (px4_msgs) StdoutLine: {'line': b'-- Up-to-date: /home/harsh/ros2_project/install/px4_msgs/include/px4_msgs/px4_msgs/msg/detail/goto_setpoint__traits.hpp\n'}
[1.982944] (px4_msgs) StdoutLine: {'line': b'-- Up-to-date: /home/harsh/ros2_project/install/px4_msgs/include/px4_msgs/px4_msgs/msg/detail/vehicle_optical_flow_vel__type_support.hpp\n'}
[1.983096] (px4_msgs) StdoutLine: {'line': b'-- Up-to-date: /home/harsh/ros2_project/install/px4_msgs/include/px4_msgs/px4_msgs/msg/detail/can_interface_status__type_support.hpp\n'}
[1.983229] (px4_msgs) StdoutLine: {'line': b'-- Up-to-date: /home/harsh/ros2_project/install/px4_msgs/include/px4_msgs/px4_msgs/msg/detail/position_setpoint__struct.hpp\n'}
[1.983461] (px4_msgs) StdoutLine: {'line': b'-- Up-to-date: /home/harsh/ros2_project/install/px4_msgs/include/px4_msgs/px4_msgs/msg/detail/irlock_report__type_support.hpp\n'}
[1.983591] (px4_msgs) StdoutLine: {'line': b'-- Up-to-date: /home/harsh/ros2_project/install/px4_msgs/include/px4_msgs/px4_msgs/msg/detail/parameter_update__builder.hpp\n'}
[1.983729] (px4_msgs) StdoutLine: {'line': b'-- Up-to-date: /home/harsh/ros2_project/install/px4_msgs/include/px4_msgs/px4_msgs/msg/detail/estimator_status_flags__builder.hpp\n'}
[1.983848] (px4_msgs) StdoutLine: {'line': b'-- Up-to-date: /home/harsh/ros2_project/install/px4_msgs/include/px4_msgs/px4_msgs/msg/detail/tune_control__traits.hpp\n'}
[1.983985] (px4_msgs) StdoutLine: {'line': b'-- Up-to-date: /home/harsh/ros2_project/install/px4_msgs/include/px4_msgs/px4_msgs/msg/detail/home_position__traits.hpp\n'}
[1.984116] (px4_msgs) StdoutLine: {'line': b'-- Up-to-date: /home/harsh/ros2_project/install/px4_msgs/include/px4_msgs/px4_msgs/msg/detail/gimbal_manager_set_manual_control__traits.hpp\n'}
[1.984250] (px4_msgs) StdoutLine: {'line': b'-- Up-to-date: /home/harsh/ros2_project/install/px4_msgs/include/px4_msgs/px4_msgs/msg/detail/tecs_status__traits.hpp\n'}
[1.984388] (px4_msgs) StdoutLine: {'line': b'-- Up-to-date: /home/harsh/ros2_project/install/px4_msgs/include/px4_msgs/px4_msgs/msg/detail/action_request__builder.hpp\n'}
[1.984517] (px4_msgs) StdoutLine: {'line': b'-- Up-to-date: /home/harsh/ros2_project/install/px4_msgs/include/px4_msgs/px4_msgs/msg/detail/npfg_status__builder.hpp\n'}
[1.984647] (px4_msgs) StdoutLine: {'line': b'-- Up-to-date: /home/harsh/ros2_project/install/px4_msgs/include/px4_msgs/px4_msgs/msg/detail/orb_test__traits.hpp\n'}
[1.984785] (px4_msgs) StdoutLine: {'line': b'-- Up-to-date: /home/harsh/ros2_project/install/px4_msgs/include/px4_msgs/px4_msgs/msg/detail/ekf2_timestamps__builder.hpp\n'}
[1.984905] (px4_msgs) StdoutLine: {'line': b'-- Up-to-date: /home/harsh/ros2_project/install/px4_msgs/include/px4_msgs/px4_msgs/msg/detail/estimator_sensor_bias__struct.hpp\n'}
[1.985024] (px4_msgs) StdoutLine: {'line': b'-- Up-to-date: /home/harsh/ros2_project/install/px4_msgs/include/px4_msgs/px4_msgs/msg/detail/orb_test_large__traits.hpp\n'}
[1.985145] (px4_msgs) StdoutLine: {'line': b'-- Up-to-date: /home/harsh/ros2_project/install/px4_msgs/include/px4_msgs/px4_msgs/msg/detail/vtol_vehicle_status__traits.hpp\n'}
[1.985277] (px4_msgs) StdoutLine: {'line': b'-- Up-to-date: /home/harsh/ros2_project/install/px4_msgs/include/px4_msgs/px4_msgs/msg/detail/hover_thrust_estimate__builder.hpp\n'}
[1.985413] (px4_msgs) StdoutLine: {'line': b'-- Up-to-date: /home/harsh/ros2_project/install/px4_msgs/include/px4_msgs/px4_msgs/msg/detail/sensor_mag__builder.hpp\n'}
[1.985555] (px4_msgs) StdoutLine: {'line': b'-- Up-to-date: /home/harsh/ros2_project/install/px4_msgs/include/px4_msgs/px4_msgs/msg/detail/register_ext_component_request__traits.hpp\n'}
[1.985750] (px4_msgs) StdoutLine: {'line': b'-- Up-to-date: /home/harsh/ros2_project/install/px4_msgs/include/px4_msgs/px4_msgs/msg/detail/px4io_status__builder.hpp\n'}
[1.985873] (px4_msgs) StdoutLine: {'line': b'-- Up-to-date: /home/harsh/ros2_project/install/px4_msgs/include/px4_msgs/px4_msgs/msg/detail/vehicle_command_ack__builder.hpp\n'}
[1.986040] (px4_msgs) StdoutLine: {'line': b'-- Up-to-date: /home/harsh/ros2_project/install/px4_msgs/include/px4_msgs/px4_msgs/msg/detail/landing_gear__builder.hpp\n'}
[1.986163] (px4_msgs) StdoutLine: {'line': b'-- Up-to-date: /home/harsh/ros2_project/install/px4_msgs/include/px4_msgs/px4_msgs/msg/detail/landing_gear__type_support.hpp\n'}
[1.986334] (px4_msgs) StdoutLine: {'line': b'-- Up-to-date: /home/harsh/ros2_project/install/px4_msgs/include/px4_msgs/px4_msgs/msg/detail/ulog_stream__builder.hpp\n'}
[1.986463] (px4_msgs) StdoutLine: {'line': b'-- Up-to-date: /home/harsh/ros2_project/install/px4_msgs/include/px4_msgs/px4_msgs/msg/detail/estimator_bias3d__builder.hpp\n'}
[1.986596] (px4_msgs) StdoutLine: {'line': b'-- Up-to-date: /home/harsh/ros2_project/install/px4_msgs/include/px4_msgs/px4_msgs/msg/detail/arming_check_reply__builder.hpp\n'}
[1.986718] (px4_msgs) StdoutLine: {'line': b'-- Up-to-date: /home/harsh/ros2_project/install/px4_msgs/include/px4_msgs/px4_msgs/msg/detail/cpuload__type_support.hpp\n'}
[1.986864] (px4_msgs) StdoutLine: {'line': b'-- Up-to-date: /home/harsh/ros2_project/install/px4_msgs/include/px4_msgs/px4_msgs/msg/detail/vehicle_angular_velocity__type_support.hpp\n'}
[1.987028] (px4_msgs) StdoutLine: {'line': b'-- Up-to-date: /home/harsh/ros2_project/install/px4_msgs/include/px4_msgs/px4_msgs/msg/detail/event__traits.hpp\n'}
[1.987241] (px4_msgs) StdoutLine: {'line': b'-- Up-to-date: /home/harsh/ros2_project/install/px4_msgs/include/px4_msgs/px4_msgs/msg/detail/normalized_unsigned_setpoint__builder.hpp\n'}
[1.987448] (px4_msgs) StdoutLine: {'line': b'-- Up-to-date: /home/harsh/ros2_project/install/px4_msgs/include/px4_msgs/px4_msgs/msg/detail/gps_inject_data__traits.hpp\n'}
[1.987618] (px4_msgs) StdoutLine: {'line': b'-- Up-to-date: /home/harsh/ros2_project/install/px4_msgs/include/px4_msgs/px4_msgs/msg/detail/follow_target_status__type_support.hpp\n'}
[1.987772] (px4_msgs) StdoutLine: {'line': b'-- Up-to-date: /home/harsh/ros2_project/install/px4_msgs/include/px4_msgs/px4_msgs/msg/detail/hover_thrust_estimate__type_support.hpp\n'}
[1.987923] (px4_msgs) StdoutLine: {'line': b'-- Up-to-date: /home/harsh/ros2_project/install/px4_msgs/include/px4_msgs/px4_msgs/msg/detail/airspeed__traits.hpp\n'}
[1.988067] (px4_msgs) StdoutLine: {'line': b'-- Up-to-date: /home/harsh/ros2_project/install/px4_msgs/include/px4_msgs/px4_msgs/msg/detail/estimator_innovations__struct.hpp\n'}
[1.988218] (px4_msgs) StdoutLine: {'line': b'-- Up-to-date: /home/harsh/ros2_project/install/px4_msgs/include/px4_msgs/px4_msgs/msg/detail/pwm_input__builder.hpp\n'}
[1.988401] (px4_msgs) StdoutLine: {'line': b'-- Up-to-date: /home/harsh/ros2_project/install/px4_msgs/include/px4_msgs/px4_msgs/msg/detail/manual_control_switches__struct.hpp\n'}
[1.988579] (px4_msgs) StdoutLine: {'line': b'-- Up-to-date: /home/harsh/ros2_project/install/px4_msgs/include/px4_msgs/px4_msgs/msg/detail/airspeed_wind__builder.hpp\n'}
[1.988714] (px4_msgs) StdoutLine: {'line': b'-- Up-to-date: /home/harsh/ros2_project/install/px4_msgs/include/px4_msgs/px4_msgs/msg/detail/sensor_accel_fifo__traits.hpp\n'}
[1.988845] (px4_msgs) StdoutLine: {'line': b'-- Up-to-date: /home/harsh/ros2_project/install/px4_msgs/include/px4_msgs/px4_msgs/msg/detail/vehicle_air_data__traits.hpp\n'}
[1.988976] (px4_msgs) StdoutLine: {'line': b'-- Up-to-date: /home/harsh/ros2_project/install/px4_msgs/include/px4_msgs/px4_msgs/msg/detail/timesync_status__traits.hpp\n'}
[1.989172] (px4_msgs) StdoutLine: {'line': b'-- Up-to-date: /home/harsh/ros2_project/install/px4_msgs/include/px4_msgs/px4_msgs/msg/detail/sensor_gps__builder.hpp\n'}
[1.989352] (px4_msgs) StdoutLine: {'line': b'-- Up-to-date: /home/harsh/ros2_project/install/px4_msgs/include/px4_msgs/px4_msgs/msg/detail/flight_phase_estimation__builder.hpp\n'}
[1.989669] (px4_msgs) StdoutLine: {'line': b'-- Up-to-date: /home/harsh/ros2_project/install/px4_msgs/include/px4_msgs/px4_msgs/msg/detail/vtol_vehicle_status__type_support.hpp\n'}
[1.989848] (px4_msgs) StdoutLine: {'line': b'-- Up-to-date: /home/harsh/ros2_project/install/px4_msgs/include/px4_msgs/px4_msgs/msg/detail/camera_capture__traits.hpp\n'}
[1.990245] (px4_msgs) StdoutLine: {'line': b'-- Up-to-date: /home/harsh/ros2_project/install/px4_msgs/include/px4_msgs/px4_msgs/msg/detail/airspeed_validated__struct.hpp\n'}
[1.990464] (px4_msgs) StdoutLine: {'line': b'-- Up-to-date: /home/harsh/ros2_project/install/px4_msgs/include/px4_msgs/px4_msgs/msg/detail/battery_status__builder.hpp\n'}
[1.990593] (px4_msgs) StdoutLine: {'line': b'-- Up-to-date: /home/harsh/ros2_project/install/px4_msgs/include/px4_msgs/px4_msgs/msg/detail/sensor_accel__builder.hpp\n'}
[1.990733] (px4_msgs) StdoutLine: {'line': b'-- Up-to-date: /home/harsh/ros2_project/install/px4_msgs/include/px4_msgs/px4_msgs/msg/detail/collision_constraints__type_support.hpp\n'}
[1.990851] (px4_msgs) StdoutLine: {'line': b'-- Up-to-date: /home/harsh/ros2_project/install/px4_msgs/include/px4_msgs/px4_msgs/msg/detail/manual_control_switches__builder.hpp\n'}
[1.990979] (px4_msgs) StdoutLine: {'line': b'-- Up-to-date: /home/harsh/ros2_project/install/px4_msgs/include/px4_msgs/px4_msgs/msg/detail/failsafe_flags__struct.hpp\n'}
[1.991107] (px4_msgs) StdoutLine: {'line': b'-- Up-to-date: /home/harsh/ros2_project/install/px4_msgs/include/px4_msgs/px4_msgs/msg/detail/actuator_armed__traits.hpp\n'}
[1.991278] (px4_msgs) StdoutLine: {'line': b'-- Up-to-date: /home/harsh/ros2_project/install/px4_msgs/include/px4_msgs/px4_msgs/msg/detail/message_format_request__traits.hpp\n'}
[1.991429] (px4_msgs) StdoutLine: {'line': b'-- Up-to-date: /home/harsh/ros2_project/install/px4_msgs/include/px4_msgs/px4_msgs/msg/detail/figure_eight_status__type_support.hpp\n'}
[1.991553] (px4_msgs) StdoutLine: {'line': b'-- Up-to-date: /home/harsh/ros2_project/install/px4_msgs/include/px4_msgs/px4_msgs/msg/detail/geofence_result__type_support.hpp\n'}
[1.991726] (px4_msgs) StdoutLine: {'line': b'-- Up-to-date: /home/harsh/ros2_project/install/px4_msgs/include/px4_msgs/px4_msgs/msg/detail/irlock_report__builder.hpp\n'}
[1.991867] (px4_msgs) StdoutLine: {'line': b'-- Up-to-date: /home/harsh/ros2_project/install/px4_msgs/include/px4_msgs/px4_msgs/msg/detail/failsafe_flags__traits.hpp\n'}
[1.992013] (px4_msgs) StdoutLine: {'line': b'-- Up-to-date: /home/harsh/ros2_project/install/px4_msgs/include/px4_msgs/px4_msgs/msg/detail/vehicle_air_data__builder.hpp\n'}
[1.992170] (px4_msgs) StdoutLine: {'line': b'-- Up-to-date: /home/harsh/ros2_project/install/px4_msgs/include/px4_msgs/px4_msgs/msg/detail/action_request__traits.hpp\n'}
[1.992374] (px4_msgs) StdoutLine: {'line': b'-- Up-to-date: /home/harsh/ros2_project/install/px4_msgs/include/px4_msgs/px4_msgs/msg/detail/estimator_status_flags__type_support.hpp\n'}
[1.992517] (px4_msgs) StdoutLine: {'line': b'-- Up-to-date: /home/harsh/ros2_project/install/px4_msgs/include/px4_msgs/px4_msgs/msg/detail/sensor_gyro_fifo__struct.hpp\n'}
[1.992677] (px4_msgs) StdoutLine: {'line': b'-- Up-to-date: /home/harsh/ros2_project/install/px4_msgs/include/px4_msgs/px4_msgs/msg/detail/debug_value__type_support.hpp\n'}
[1.992819] (px4_msgs) StdoutLine: {'line': b'-- Up-to-date: /home/harsh/ros2_project/install/px4_msgs/include/px4_msgs/px4_msgs/msg/detail/vehicle_optical_flow__builder.hpp\n'}
[1.992952] (px4_msgs) StdoutLine: {'line': b'-- Up-to-date: /home/harsh/ros2_project/install/px4_msgs/include/px4_msgs/px4_msgs/msg/detail/wheel_encoders__struct.hpp\n'}
[1.993133] (px4_msgs) StdoutLine: {'line': b'-- Up-to-date: /home/harsh/ros2_project/install/px4_msgs/include/px4_msgs/px4_msgs/msg/detail/home_position__type_support.hpp\n'}
[1.993311] (px4_msgs) StdoutLine: {'line': b'-- Up-to-date: /home/harsh/ros2_project/install/px4_msgs/include/px4_msgs/px4_msgs/msg/detail/velocity_limits__type_support.hpp\n'}
[1.993455] (px4_msgs) StdoutLine: {'line': b'-- Up-to-date: /home/harsh/ros2_project/install/px4_msgs/include/px4_msgs/px4_msgs/msg/detail/unregister_ext_component__type_support.hpp\n'}
[1.993578] (px4_msgs) StdoutLine: {'line': b'-- Up-to-date: /home/harsh/ros2_project/install/px4_msgs/include/px4_msgs/px4_msgs/msg/detail/estimator_status_flags__traits.hpp\n'}
[1.993722] (px4_msgs) StdoutLine: {'line': b'-- Up-to-date: /home/harsh/ros2_project/install/px4_msgs/include/px4_msgs/px4_msgs/msg/detail/landing_target_innovations__type_support.hpp\n'}
[1.993853] (px4_msgs) StdoutLine: {'line': b'-- Up-to-date: /home/harsh/ros2_project/install/px4_msgs/include/px4_msgs/px4_msgs/msg/detail/rtl_time_estimate__traits.hpp\n'}
[1.993986] (px4_msgs) StdoutLine: {'line': b'-- Up-to-date: /home/harsh/ros2_project/install/px4_msgs/include/px4_msgs/px4_msgs/msg/detail/sensor_preflight_mag__struct.hpp\n'}
[1.994130] (px4_msgs) StdoutLine: {'line': b'-- Up-to-date: /home/harsh/ros2_project/install/px4_msgs/include/px4_msgs/px4_msgs/msg/detail/parameter_set_value_response__type_support.hpp\n'}
[1.994337] (px4_msgs) StdoutLine: {'line': b'-- Up-to-date: /home/harsh/ros2_project/install/px4_msgs/include/px4_msgs/px4_msgs/msg/detail/onboard_computer_status__type_support.hpp\n'}
[1.994410] (px4_msgs) StdoutLine: {'line': b'-- Up-to-date: /home/harsh/ros2_project/install/px4_msgs/include/px4_msgs/px4_msgs/msg/detail/failsafe_flags__type_support.hpp\n'}
[1.994489] (px4_msgs) StdoutLine: {'line': b'-- Up-to-date: /home/harsh/ros2_project/install/px4_msgs/include/px4_msgs/px4_msgs/msg/detail/parameter_set_value_response__struct.hpp\n'}
[1.994559] (px4_msgs) StdoutLine: {'line': b'-- Up-to-date: /home/harsh/ros2_project/install/px4_msgs/include/px4_msgs/px4_msgs/msg/detail/debug_array__builder.hpp\n'}
[1.994629] (px4_msgs) StdoutLine: {'line': b'-- Up-to-date: /home/harsh/ros2_project/install/px4_msgs/include/px4_msgs/px4_msgs/msg/detail/uavcan_parameter_value__struct.hpp\n'}
[1.994699] (px4_msgs) StdoutLine: {'line': b'-- Up-to-date: /home/harsh/ros2_project/install/px4_msgs/include/px4_msgs/px4_msgs/msg/detail/sensor_gnss_relative__type_support.hpp\n'}
[1.994768] (px4_msgs) StdoutLine: {'line': b'-- Up-to-date: /home/harsh/ros2_project/install/px4_msgs/include/px4_msgs/px4_msgs/msg/detail/actuator_controls_status__struct.hpp\n'}
[1.994834] (px4_msgs) StdoutLine: {'line': b'-- Up-to-date: /home/harsh/ros2_project/install/px4_msgs/include/px4_msgs/px4_msgs/msg/detail/autotune_attitude_control_status__type_support.hpp\n'}
[1.994900] (px4_msgs) StdoutLine: {'line': b'-- Up-to-date: /home/harsh/ros2_project/install/px4_msgs/include/px4_msgs/px4_msgs/msg/detail/estimator_bias3d__type_support.hpp\n'}
[1.995004] (px4_msgs) StdoutLine: {'line': b'-- Up-to-date: /home/harsh/ros2_project/install/px4_msgs/include/px4_msgs/px4_msgs/msg/detail/ekf2_timestamps__type_support.hpp\n'}
[1.995073] (px4_msgs) StdoutLine: {'line': b'-- Up-to-date: /home/harsh/ros2_project/install/px4_msgs/include/px4_msgs/px4_msgs/msg/detail/actuator_outputs__struct.hpp\n'}
[1.995167] (px4_msgs) StdoutLine: {'line': b'-- Up-to-date: /home/harsh/ros2_project/install/px4_msgs/include/px4_msgs/px4_msgs/msg/detail/qshell_req__traits.hpp\n'}
[1.995223] (px4_msgs) StdoutLine: {'line': b'-- Up-to-date: /home/harsh/ros2_project/install/px4_msgs/include/px4_msgs/px4_msgs/msg/detail/landing_gear_wheel__struct.hpp\n'}
[1.995315] (px4_msgs) StdoutLine: {'line': b'-- Up-to-date: /home/harsh/ros2_project/install/px4_msgs/include/px4_msgs/px4_msgs/msg/detail/adc_report__type_support.hpp\n'}
[1.995376] (px4_msgs) StdoutLine: {'line': b'-- Up-to-date: /home/harsh/ros2_project/install/px4_msgs/include/px4_msgs/px4_msgs/msg/detail/sensor_gyro_fft__struct.hpp\n'}
[1.995428] (px4_msgs) StdoutLine: {'line': b'-- Up-to-date: /home/harsh/ros2_project/install/px4_msgs/include/px4_msgs/px4_msgs/msg/detail/ekf2_timestamps__traits.hpp\n'}
[1.995549] (px4_msgs) StdoutLine: {'line': b'-- Up-to-date: /home/harsh/ros2_project/install/px4_msgs/include/px4_msgs/px4_msgs/msg/detail/sensor_accel_fifo__builder.hpp\n'}
[1.995631] (px4_msgs) StdoutLine: {'line': b'-- Up-to-date: /home/harsh/ros2_project/install/px4_msgs/include/px4_msgs/px4_msgs/msg/detail/sensor_baro__builder.hpp\n'}
[1.995693] (px4_msgs) StdoutLine: {'line': b'-- Up-to-date: /home/harsh/ros2_project/install/px4_msgs/include/px4_msgs/px4_msgs/msg/detail/control_allocator_status__type_support.hpp\n'}
[1.995755] (px4_msgs) StdoutLine: {'line': b'-- Up-to-date: /home/harsh/ros2_project/install/px4_msgs/include/px4_msgs/px4_msgs/msg/detail/qshell_retval__traits.hpp\n'}
[1.995839] (px4_msgs) StdoutLine: {'line': b'-- Up-to-date: /home/harsh/ros2_project/install/px4_msgs/include/px4_msgs/px4_msgs/msg/detail/vehicle_roi__builder.hpp\n'}
[1.995919] (px4_msgs) StdoutLine: {'line': b'-- Up-to-date: /home/harsh/ros2_project/install/px4_msgs/include/px4_msgs/px4_msgs/msg/detail/position_setpoint_triplet__type_support.hpp\n'}
[1.996106] (px4_msgs) StdoutLine: {'line': b'-- Up-to-date: /home/harsh/ros2_project/install/px4_msgs/include/px4_msgs/px4_msgs/msg/detail/parameter_reset_request__struct.hpp\n'}
[1.996427] (px4_msgs) StdoutLine: {'line': b'-- Up-to-date: /home/harsh/ros2_project/install/px4_msgs/include/px4_msgs/px4_msgs/msg/detail/ulog_stream__traits.hpp\n'}
[1.996563] (px4_msgs) StdoutLine: {'line': b'-- Up-to-date: /home/harsh/ros2_project/install/px4_msgs/include/px4_msgs/px4_msgs/msg/detail/vehicle_torque_setpoint__struct.hpp\n'}
[1.996773] (px4_msgs) StdoutLine: {'line': b'-- Up-to-date: /home/harsh/ros2_project/install/px4_msgs/include/px4_msgs/px4_msgs/msg/detail/actuator_servos_trim__struct.hpp\n'}
[1.997295] (px4_msgs) StdoutLine: {'line': b'-- Up-to-date: /home/harsh/ros2_project/install/px4_msgs/include/px4_msgs/px4_msgs/msg/detail/actuator_test__struct.hpp\n'}
[1.997597] (px4_msgs) StdoutLine: {'line': b'-- Up-to-date: /home/harsh/ros2_project/install/px4_msgs/include/px4_msgs/px4_msgs/msg/detail/vehicle_imu__struct.hpp\n'}
[1.997788] (px4_msgs) StdoutLine: {'line': b'-- Up-to-date: /home/harsh/ros2_project/install/px4_msgs/include/px4_msgs/px4_msgs/msg/detail/mag_worker_data__traits.hpp\n'}
[1.998003] (px4_msgs) StdoutLine: {'line': b'-- Up-to-date: /home/harsh/ros2_project/install/px4_msgs/include/px4_msgs/px4_msgs/msg/detail/qshell_req__builder.hpp\n'}
[1.998181] (px4_msgs) StdoutLine: {'line': b'-- Up-to-date: /home/harsh/ros2_project/install/px4_msgs/include/px4_msgs/px4_msgs/msg/detail/mission__builder.hpp\n'}
[1.998437] (px4_msgs) StdoutLine: {'line': b'-- Up-to-date: /home/harsh/ros2_project/install/px4_msgs/include/px4_msgs/px4_msgs/msg/detail/estimator_aid_source2d__traits.hpp\n'}
[1.998622] (px4_msgs) StdoutLine: {'line': b'-- Up-to-date: /home/harsh/ros2_project/install/px4_msgs/include/px4_msgs/px4_msgs/msg/detail/manual_control_setpoint__traits.hpp\n'}
[1.998804] (px4_msgs) StdoutLine: {'line': b'-- Up-to-date: /home/harsh/ros2_project/install/px4_msgs/include/px4_msgs/px4_msgs/msg/detail/vehicle_magnetometer__builder.hpp\n'}
[1.998991] (px4_msgs) StdoutLine: {'line': b'-- Up-to-date: /home/harsh/ros2_project/install/px4_msgs/include/px4_msgs/px4_msgs/msg/detail/power_monitor__type_support.hpp\n'}
[1.999201] (px4_msgs) StdoutLine: {'line': b'-- Up-to-date: /home/harsh/ros2_project/install/px4_msgs/include/px4_msgs/px4_msgs/msg/detail/sensor_selection__type_support.hpp\n'}
[1.999435] (px4_msgs) StdoutLine: {'line': b'-- Up-to-date: /home/harsh/ros2_project/install/px4_msgs/include/px4_msgs/px4_msgs/msg/detail/vehicle_status__struct.hpp\n'}
[1.999613] (px4_msgs) StdoutLine: {'line': b'-- Up-to-date: /home/harsh/ros2_project/install/px4_msgs/include/px4_msgs/px4_msgs/msg/detail/flight_phase_estimation__traits.hpp\n'}
[1.999807] (px4_msgs) StdoutLine: {'line': b'-- Up-to-date: /home/harsh/ros2_project/install/px4_msgs/include/px4_msgs/px4_msgs/msg/detail/airspeed_wind__type_support.hpp\n'}
[2.000016] (px4_msgs) StdoutLine: {'line': b'-- Up-to-date: /home/harsh/ros2_project/install/px4_msgs/include/px4_msgs/px4_msgs/msg/detail/transponder_report__builder.hpp\n'}
[2.000298] (px4_msgs) StdoutLine: {'line': b'-- Up-to-date: /home/harsh/ros2_project/install/px4_msgs/include/px4_msgs/px4_msgs/msg/detail/actuator_servos__type_support.hpp\n'}
[2.000515] (px4_msgs) StdoutLine: {'line': b'-- Up-to-date: /home/harsh/ros2_project/install/px4_msgs/include/px4_msgs/px4_msgs/msg/detail/trajectory_setpoint__builder.hpp\n'}
[2.000704] (px4_msgs) StdoutLine: {'line': b'-- Up-to-date: /home/harsh/ros2_project/install/px4_msgs/include/px4_msgs/px4_msgs/msg/detail/estimator_states__traits.hpp\n'}
[2.000932] (px4_msgs) StdoutLine: {'line': b'-- Up-to-date: /home/harsh/ros2_project/install/px4_msgs/include/px4_msgs/px4_msgs/msg/detail/rtl_status__type_support.hpp\n'}
[2.001128] (px4_msgs) StdoutLine: {'line': b'-- Up-to-date: /home/harsh/ros2_project/install/px4_msgs/include/px4_msgs/px4_msgs/msg/detail/irlock_report__struct.hpp\n'}
[2.001380] (px4_msgs) StdoutLine: {'line': b'-- Up-to-date: /home/harsh/ros2_project/install/px4_msgs/include/px4_msgs/px4_msgs/msg/detail/qshell_req__struct.hpp\n'}
[2.001626] (px4_msgs) StdoutLine: {'line': b'-- Up-to-date: /home/harsh/ros2_project/install/px4_msgs/include/px4_msgs/px4_msgs/msg/detail/esc_status__traits.hpp\n'}
[2.001854] (px4_msgs) StdoutLine: {'line': b'-- Up-to-date: /home/harsh/ros2_project/install/px4_msgs/include/px4_msgs/px4_msgs/msg/detail/mode_completed__struct.hpp\n'}
[2.002047] (px4_msgs) StdoutLine: {'line': b'-- Up-to-date: /home/harsh/ros2_project/install/px4_msgs/include/px4_msgs/px4_msgs/msg/detail/vehicle_air_data__struct.hpp\n'}
[2.002290] (px4_msgs) StdoutLine: {'line': b'-- Up-to-date: /home/harsh/ros2_project/install/px4_msgs/include/px4_msgs/px4_msgs/msg/detail/vehicle_command__struct.hpp\n'}
[2.002501] (px4_msgs) StdoutLine: {'line': b'-- Up-to-date: /home/harsh/ros2_project/install/px4_msgs/include/px4_msgs/px4_msgs/msg/detail/orb_test__type_support.hpp\n'}
[2.002701] (px4_msgs) StdoutLine: {'line': b'-- Up-to-date: /home/harsh/ros2_project/install/px4_msgs/include/px4_msgs/px4_msgs/msg/detail/pwm_input__struct.hpp\n'}
[2.002969] (px4_msgs) StdoutLine: {'line': b'-- Up-to-date: /home/harsh/ros2_project/install/px4_msgs/include/px4_msgs/px4_msgs/msg/detail/rtl_status__struct.hpp\n'}
[2.003165] (px4_msgs) StdoutLine: {'line': b'-- Up-to-date: /home/harsh/ros2_project/install/px4_msgs/include/px4_msgs/px4_msgs/msg/detail/sensors_status__builder.hpp\n'}
[2.003503] (px4_msgs) StdoutLine: {'line': b'-- Up-to-date: /home/harsh/ros2_project/install/px4_msgs/include/px4_msgs/px4_msgs/msg/detail/mavlink_log__struct.hpp\n'}
[2.003675] (px4_msgs) StdoutLine: {'line': b'-- Up-to-date: /home/harsh/ros2_project/install/px4_msgs/include/px4_msgs/px4_msgs/msg/detail/manual_control_setpoint__builder.hpp\n'}
[2.003829] (px4_msgs) StdoutLine: {'line': b'-- Up-to-date: /home/harsh/ros2_project/install/px4_msgs/include/px4_msgs/px4_msgs/msg/detail/px4io_status__struct.hpp\n'}
[2.004038] (px4_msgs) StdoutLine: {'line': b'-- Up-to-date: /home/harsh/ros2_project/install/px4_msgs/include/px4_msgs/px4_msgs/msg/detail/launch_detection_status__traits.hpp\n'}
[2.004204] (px4_msgs) StdoutLine: {'line': b'-- Up-to-date: /home/harsh/ros2_project/install/px4_msgs/include/px4_msgs/px4_msgs/msg/detail/actuator_servos__traits.hpp\n'}
[2.004445] (px4_msgs) StdoutLine: {'line': b'-- Up-to-date: /home/harsh/ros2_project/install/px4_msgs/include/px4_msgs/px4_msgs/msg/detail/config_overrides__builder.hpp\n'}
[2.004611] (px4_msgs) StdoutLine: {'line': b'-- Up-to-date: /home/harsh/ros2_project/install/px4_msgs/include/px4_msgs/px4_msgs/msg/detail/satellite_info__traits.hpp\n'}
[2.004767] (px4_msgs) StdoutLine: {'line': b'-- Up-to-date: /home/harsh/ros2_project/install/px4_msgs/include/px4_msgs/px4_msgs/msg/detail/gimbal_device_information__type_support.hpp\n'}
[2.004934] (px4_msgs) StdoutLine: {'line': b'-- Up-to-date: /home/harsh/ros2_project/install/px4_msgs/include/px4_msgs/px4_msgs/msg/detail/sensor_gyro_fifo__builder.hpp\n'}
[2.005095] (-) TimerEvent: {}
[2.005378] (px4_msgs) StdoutLine: {'line': b'-- Up-to-date: /home/harsh/ros2_project/install/px4_msgs/include/px4_msgs/px4_msgs/msg/detail/mode_completed__type_support.hpp\n'}
[2.005674] (px4_msgs) StdoutLine: {'line': b'-- Up-to-date: /home/harsh/ros2_project/install/px4_msgs/include/px4_msgs/px4_msgs/msg/detail/vehicle_thrust_setpoint__traits.hpp\n'}
[2.005849] (px4_msgs) StdoutLine: {'line': b'-- Up-to-date: /home/harsh/ros2_project/install/px4_msgs/include/px4_msgs/px4_msgs/msg/detail/dataman_request__traits.hpp\n'}
[2.006018] (px4_msgs) StdoutLine: {'line': b'-- Up-to-date: /home/harsh/ros2_project/install/px4_msgs/include/px4_msgs/px4_msgs/msg/detail/sensor_correction__type_support.hpp\n'}
[2.006191] (px4_msgs) StdoutLine: {'line': b'-- Up-to-date: /home/harsh/ros2_project/install/px4_msgs/include/px4_msgs/px4_msgs/msg/detail/uavcan_parameter_value__builder.hpp\n'}
[2.006426] (px4_msgs) StdoutLine: {'line': b'-- Up-to-date: /home/harsh/ros2_project/install/px4_msgs/include/px4_msgs/px4_msgs/msg/detail/debug_array__struct.hpp\n'}
[2.007518] (px4_msgs) StdoutLine: {'line': b'-- Up-to-date: /home/harsh/ros2_project/install/px4_msgs/include/px4_msgs/px4_msgs/msg/detail/gimbal_controls__traits.hpp\n'}
[2.007732] (px4_msgs) StdoutLine: {'line': b'-- Up-to-date: /home/harsh/ros2_project/install/px4_msgs/include/px4_msgs/px4_msgs/msg/detail/position_setpoint_triplet__struct.hpp\n'}
[2.007916] (px4_msgs) StdoutLine: {'line': b'-- Up-to-date: /home/harsh/ros2_project/install/px4_msgs/include/px4_msgs/px4_msgs/msg/detail/rpm__builder.hpp\n'}
[2.008054] (px4_msgs) StdoutLine: {'line': b'-- Up-to-date: /home/harsh/ros2_project/install/px4_msgs/include/px4_msgs/px4_msgs/msg/detail/sensor_preflight_mag__traits.hpp\n'}
[2.008187] (px4_msgs) StdoutLine: {'line': b'-- Up-to-date: /home/harsh/ros2_project/install/px4_msgs/include/px4_msgs/px4_msgs/msg/detail/airspeed_wind__struct.hpp\n'}
[2.008343] (px4_msgs) StdoutLine: {'line': b'-- Up-to-date: /home/harsh/ros2_project/install/px4_msgs/include/px4_msgs/px4_msgs/msg/detail/sensor_gps__struct.hpp\n'}
[2.008480] (px4_msgs) StdoutLine: {'line': b'-- Up-to-date: /home/harsh/ros2_project/install/px4_msgs/include/px4_msgs/px4_msgs/msg/detail/sensors_status__traits.hpp\n'}
[2.008610] (px4_msgs) StdoutLine: {'line': b'-- Up-to-date: /home/harsh/ros2_project/install/px4_msgs/include/px4_msgs/px4_msgs/msg/detail/gripper__type_support.hpp\n'}
[2.008739] (px4_msgs) StdoutLine: {'line': b'-- Up-to-date: /home/harsh/ros2_project/install/px4_msgs/include/px4_msgs/px4_msgs/msg/detail/can_interface_status__struct.hpp\n'}
[2.008869] (px4_msgs) StdoutLine: {'line': b'-- Up-to-date: /home/harsh/ros2_project/install/px4_msgs/include/px4_msgs/px4_msgs/msg/detail/sensor_preflight_mag__type_support.hpp\n'}
[2.009000] (px4_msgs) StdoutLine: {'line': b'-- Up-to-date: /home/harsh/ros2_project/install/px4_msgs/include/px4_msgs/px4_msgs/msg/detail/task_stack_info__struct.hpp\n'}
[2.009130] (px4_msgs) StdoutLine: {'line': b'-- Up-to-date: /home/harsh/ros2_project/install/px4_msgs/include/px4_msgs/px4_msgs/msg/detail/esc_status__builder.hpp\n'}
[2.009331] (px4_msgs) StdoutLine: {'line': b'-- Up-to-date: /home/harsh/ros2_project/install/px4_msgs/include/px4_msgs/px4_msgs/msg/detail/magnetometer_bias_estimate__traits.hpp\n'}
[2.009472] (px4_msgs) StdoutLine: {'line': b'-- Up-to-date: /home/harsh/ros2_project/install/px4_msgs/include/px4_msgs/px4_msgs/msg/detail/ulog_stream_ack__type_support.hpp\n'}
[2.009597] (px4_msgs) StdoutLine: {'line': b'-- Up-to-date: /home/harsh/ros2_project/install/px4_msgs/include/px4_msgs/px4_msgs/msg/detail/position_controller_status__struct.hpp\n'}
[2.009729] (px4_msgs) StdoutLine: {'line': b'-- Up-to-date: /home/harsh/ros2_project/install/px4_msgs/include/px4_msgs/px4_msgs/msg/detail/transponder_report__traits.hpp\n'}
[2.009858] (px4_msgs) StdoutLine: {'line': b'-- Up-to-date: /home/harsh/ros2_project/install/px4_msgs/include/px4_msgs/px4_msgs/msg/detail/mount_orientation__builder.hpp\n'}
[2.009988] (px4_msgs) StdoutLine: {'line': b'-- Up-to-date: /home/harsh/ros2_project/install/px4_msgs/include/px4_msgs/px4_msgs/msg/detail/position_controller_landing_status__type_support.hpp\n'}
[2.010154] (px4_msgs) StdoutLine: {'line': b'-- Up-to-date: /home/harsh/ros2_project/install/px4_msgs/include/px4_msgs/px4_msgs/msg/detail/uavcan_parameter_value__type_support.hpp\n'}
[2.010324] (px4_msgs) StdoutLine: {'line': b'-- Up-to-date: /home/harsh/ros2_project/install/px4_msgs/include/px4_msgs/px4_msgs/msg/detail/mag_worker_data__struct.hpp\n'}
[2.010461] (px4_msgs) StdoutLine: {'line': b'-- Up-to-date: /home/harsh/ros2_project/install/px4_msgs/include/px4_msgs/px4_msgs/msg/detail/button_event__struct.hpp\n'}
[2.010601] (px4_msgs) StdoutLine: {'line': b'-- Up-to-date: /home/harsh/ros2_project/install/px4_msgs/include/px4_msgs/px4_msgs/msg/detail/sensor_mag__type_support.hpp\n'}
[2.010724] (px4_msgs) StdoutLine: {'line': b'-- Up-to-date: /home/harsh/ros2_project/install/px4_msgs/include/px4_msgs/px4_msgs/msg/detail/gimbal_manager_information__type_support.hpp\n'}
[2.010879] (px4_msgs) StdoutLine: {'line': b'-- Up-to-date: /home/harsh/ros2_project/install/px4_msgs/include/px4_msgs/px4_msgs/msg/detail/gpio_request__type_support.hpp\n'}
[2.011010] (px4_msgs) StdoutLine: {'line': b'-- Up-to-date: /home/harsh/ros2_project/install/px4_msgs/include/px4_msgs/px4_msgs/msg/detail/sensor_accel__traits.hpp\n'}
[2.011142] (px4_msgs) StdoutLine: {'line': b'-- Up-to-date: /home/harsh/ros2_project/install/px4_msgs/include/px4_msgs/px4_msgs/msg/detail/vehicle_command_ack__struct.hpp\n'}
[2.011310] (px4_msgs) StdoutLine: {'line': b'-- Up-to-date: /home/harsh/ros2_project/install/px4_msgs/include/px4_msgs/px4_msgs/msg/detail/config_overrides__traits.hpp\n'}
[2.011473] (px4_msgs) StdoutLine: {'line': b'-- Up-to-date: /home/harsh/ros2_project/install/px4_msgs/include/px4_msgs/px4_msgs/msg/detail/autotune_attitude_control_status__builder.hpp\n'}
[2.011602] (px4_msgs) StdoutLine: {'line': b'-- Up-to-date: /home/harsh/ros2_project/install/px4_msgs/include/px4_msgs/px4_msgs/msg/detail/debug_array__traits.hpp\n'}
[2.011738] (px4_msgs) StdoutLine: {'line': b'-- Up-to-date: /home/harsh/ros2_project/install/px4_msgs/include/px4_msgs/px4_msgs/msg/detail/vehicle_attitude__builder.hpp\n'}
[2.011869] (px4_msgs) StdoutLine: {'line': b'-- Up-to-date: /home/harsh/ros2_project/install/px4_msgs/include/px4_msgs/px4_msgs/msg/detail/button_event__builder.hpp\n'}
[2.011997] (px4_msgs) StdoutLine: {'line': b'-- Up-to-date: /home/harsh/ros2_project/install/px4_msgs/include/px4_msgs/px4_msgs/msg/detail/arming_check_reply__struct.hpp\n'}
[2.012164] (px4_msgs) StdoutLine: {'line': b'-- Up-to-date: /home/harsh/ros2_project/install/px4_msgs/include/px4_msgs/px4_msgs/msg/detail/flight_phase_estimation__type_support.hpp\n'}
[2.012311] (px4_msgs) StdoutLine: {'line': b'-- Up-to-date: /home/harsh/ros2_project/install/px4_msgs/include/px4_msgs/px4_msgs/msg/detail/vehicle_command__builder.hpp\n'}
[2.012463] (px4_msgs) StdoutLine: {'line': b'-- Up-to-date: /home/harsh/ros2_project/install/px4_msgs/include/px4_msgs/px4_msgs/msg/detail/vehicle_imu__type_support.hpp\n'}
[2.012585] (px4_msgs) StdoutLine: {'line': b'-- Up-to-date: /home/harsh/ros2_project/install/px4_msgs/include/px4_msgs/px4_msgs/msg/detail/distance_sensor__type_support.hpp\n'}
[2.012711] (px4_msgs) StdoutLine: {'line': b'-- Up-to-date: /home/harsh/ros2_project/install/px4_msgs/include/px4_msgs/px4_msgs/msg/detail/collision_report__builder.hpp\n'}
[2.012841] (px4_msgs) StdoutLine: {'line': b'-- Up-to-date: /home/harsh/ros2_project/install/px4_msgs/include/px4_msgs/px4_msgs/msg/detail/airspeed_wind__traits.hpp\n'}
[2.012973] (px4_msgs) StdoutLine: {'line': b'-- Up-to-date: /home/harsh/ros2_project/install/px4_msgs/include/px4_msgs/px4_msgs/msg/detail/power_button_state__type_support.hpp\n'}
[2.013104] (px4_msgs) StdoutLine: {'line': b'-- Up-to-date: /home/harsh/ros2_project/install/px4_msgs/include/px4_msgs/px4_msgs/msg/detail/vehicle_acceleration__struct.hpp\n'}
[2.013249] (px4_msgs) StdoutLine: {'line': b'-- Up-to-date: /home/harsh/ros2_project/install/px4_msgs/include/px4_msgs/px4_msgs/msg/detail/vehicle_acceleration__builder.hpp\n'}
[2.013424] (px4_msgs) StdoutLine: {'line': b'-- Up-to-date: /home/harsh/ros2_project/install/px4_msgs/include/px4_msgs/px4_msgs/msg/detail/pps_capture__builder.hpp\n'}
[2.013607] (px4_msgs) StdoutLine: {'line': b'-- Up-to-date: /home/harsh/ros2_project/install/px4_msgs/include/px4_msgs/px4_msgs/msg/detail/vehicle_optical_flow__type_support.hpp\n'}
[2.013737] (px4_msgs) StdoutLine: {'line': b'-- Up-to-date: /home/harsh/ros2_project/install/px4_msgs/include/px4_msgs/px4_msgs/msg/detail/esc_report__type_support.hpp\n'}
[2.013973] (px4_msgs) StdoutLine: {'line': b'-- Up-to-date: /home/harsh/ros2_project/install/px4_msgs/include/px4_msgs/px4_msgs/msg/detail/ping__traits.hpp\n'}
[2.014105] (px4_msgs) StdoutLine: {'line': b'-- Up-to-date: /home/harsh/ros2_project/install/px4_msgs/include/px4_msgs/px4_msgs/msg/detail/estimator_status__struct.hpp\n'}
[2.014254] (px4_msgs) StdoutLine: {'line': b'-- Up-to-date: /home/harsh/ros2_project/install/px4_msgs/include/px4_msgs/px4_msgs/msg/detail/vehicle_global_position__struct.hpp\n'}
[2.014523] (px4_msgs) StdoutLine: {'line': b'-- Up-to-date: /home/harsh/ros2_project/install/px4_msgs/include/px4_msgs/px4_msgs/msg/detail/vehicle_torque_setpoint__builder.hpp\n'}
[2.014655] (px4_msgs) StdoutLine: {'line': b'-- Up-to-date: /home/harsh/ros2_project/install/px4_msgs/include/px4_msgs/px4_msgs/msg/detail/orb_test_large__builder.hpp\n'}
[2.014778] (px4_msgs) StdoutLine: {'line': b'-- Up-to-date: /home/harsh/ros2_project/install/px4_msgs/include/px4_msgs/px4_msgs/msg/detail/offboard_control_mode__struct.hpp\n'}
[2.014904] (px4_msgs) StdoutLine: {'line': b'-- Up-to-date: /home/harsh/ros2_project/install/px4_msgs/include/px4_msgs/px4_msgs/msg/detail/sensor_hygrometer__builder.hpp\n'}
[2.015034] (px4_msgs) StdoutLine: {'line': b'-- Up-to-date: /home/harsh/ros2_project/install/px4_msgs/include/px4_msgs/px4_msgs/msg/detail/camera_status__builder.hpp\n'}
[2.015161] (px4_msgs) StdoutLine: {'line': b'-- Up-to-date: /home/harsh/ros2_project/install/px4_msgs/include/px4_msgs/px4_msgs/msg/detail/estimator_states__type_support.hpp\n'}
[2.015343] (px4_msgs) StdoutLine: {'line': b'-- Up-to-date: /home/harsh/ros2_project/install/px4_msgs/include/px4_msgs/px4_msgs/msg/detail/tune_control__type_support.hpp\n'}
[2.015493] (px4_msgs) StdoutLine: {'line': b'-- Up-to-date: /home/harsh/ros2_project/install/px4_msgs/include/px4_msgs/px4_msgs/msg/detail/vehicle_trajectory_waypoint__type_support.hpp\n'}
[2.015622] (px4_msgs) StdoutLine: {'line': b'-- Up-to-date: /home/harsh/ros2_project/install/px4_msgs/include/px4_msgs/px4_msgs/msg/detail/arming_check_reply__type_support.hpp\n'}
[2.015752] (px4_msgs) StdoutLine: {'line': b'-- Up-to-date: /home/harsh/ros2_project/install/px4_msgs/include/px4_msgs/px4_msgs/msg/detail/parameter_set_used_request__struct.hpp\n'}
[2.015879] (px4_msgs) StdoutLine: {'line': b'-- Up-to-date: /home/harsh/ros2_project/install/px4_msgs/include/px4_msgs/px4_msgs/msg/detail/generator_status__type_support.hpp\n'}
[2.016005] (px4_msgs) StdoutLine: {'line': b'-- Up-to-date: /home/harsh/ros2_project/install/px4_msgs/include/px4_msgs/px4_msgs/msg/detail/rtl_time_estimate__struct.hpp\n'}
[2.016131] (px4_msgs) StdoutLine: {'line': b'-- Up-to-date: /home/harsh/ros2_project/install/px4_msgs/include/px4_msgs/px4_msgs/msg/detail/vehicle_optical_flow__struct.hpp\n'}
[2.016294] (px4_msgs) StdoutLine: {'line': b'-- Up-to-date: /home/harsh/ros2_project/install/px4_msgs/include/px4_msgs/px4_msgs/msg/detail/mavlink_log__builder.hpp\n'}
[2.016428] (px4_msgs) StdoutLine: {'line': b'-- Up-to-date: /home/harsh/ros2_project/install/px4_msgs/include/px4_msgs/px4_msgs/msg/detail/gimbal_device_set_attitude__struct.hpp\n'}
[2.016556] (px4_msgs) StdoutLine: {'line': b'-- Up-to-date: /home/harsh/ros2_project/install/px4_msgs/include/px4_msgs/px4_msgs/msg/detail/action_request__type_support.hpp\n'}
[2.016717] (px4_msgs) StdoutLine: {'line': b'-- Up-to-date: /home/harsh/ros2_project/install/px4_msgs/include/px4_msgs/px4_msgs/msg/detail/input_rc__traits.hpp\n'}
[2.016837] (px4_msgs) StdoutLine: {'line': b'-- Up-to-date: /home/harsh/ros2_project/install/px4_msgs/include/px4_msgs/px4_msgs/msg/detail/debug_vect__type_support.hpp\n'}
[2.016966] (px4_msgs) StdoutLine: {'line': b'-- Up-to-date: /home/harsh/ros2_project/install/px4_msgs/include/px4_msgs/px4_msgs/msg/detail/differential_pressure__traits.hpp\n'}
[2.017090] (px4_msgs) StdoutLine: {'line': b'-- Up-to-date: /home/harsh/ros2_project/install/px4_msgs/include/px4_msgs/px4_msgs/msg/detail/rtl_status__traits.hpp\n'}
[2.017218] (px4_msgs) StdoutLine: {'line': b'-- Up-to-date: /home/harsh/ros2_project/install/px4_msgs/include/px4_msgs/px4_msgs/msg/detail/ulog_stream__struct.hpp\n'}
[2.017473] (px4_msgs) StdoutLine: {'line': b'-- Up-to-date: /home/harsh/ros2_project/install/px4_msgs/include/px4_msgs/px4_msgs/msg/detail/register_ext_component_reply__struct.hpp\n'}
[2.017595] (px4_msgs) StdoutLine: {'line': b'-- Up-to-date: /home/harsh/ros2_project/install/px4_msgs/include/px4_msgs/px4_msgs/msg/detail/debug_vect__traits.hpp\n'}
[2.017699] (px4_msgs) StdoutLine: {'line': b'-- Up-to-date: /home/harsh/ros2_project/install/px4_msgs/include/px4_msgs/px4_msgs/msg/detail/vehicle_attitude_setpoint__builder.hpp\n'}
[2.017794] (px4_msgs) StdoutLine: {'line': b'-- Up-to-date: /home/harsh/ros2_project/install/px4_msgs/include/px4_msgs/px4_msgs/msg/detail/manual_control_switches__type_support.hpp\n'}
[2.017887] (px4_msgs) StdoutLine: {'line': b'-- Up-to-date: /home/harsh/ros2_project/install/px4_msgs/include/px4_msgs/px4_msgs/msg/detail/radio_status__traits.hpp\n'}
[2.017982] (px4_msgs) StdoutLine: {'line': b'-- Up-to-date: /home/harsh/ros2_project/install/px4_msgs/include/px4_msgs/px4_msgs/msg/detail/geofence_result__struct.hpp\n'}
[2.018074] (px4_msgs) StdoutLine: {'line': b'-- Up-to-date: /home/harsh/ros2_project/install/px4_msgs/include/px4_msgs/px4_msgs/msg/detail/radio_status__struct.hpp\n'}
[2.018166] (px4_msgs) StdoutLine: {'line': b'-- Up-to-date: /home/harsh/ros2_project/install/px4_msgs/include/px4_msgs/px4_msgs/msg/detail/can_interface_status__traits.hpp\n'}
[2.018266] (px4_msgs) StdoutLine: {'line': b'-- Up-to-date: /home/harsh/ros2_project/install/px4_msgs/include/px4_msgs/px4_msgs/msg/detail/adc_report__traits.hpp\n'}
[2.018360] (px4_msgs) StdoutLine: {'line': b'-- Up-to-date: /home/harsh/ros2_project/install/px4_msgs/include/px4_msgs/px4_msgs/msg/detail/system_power__traits.hpp\n'}
[2.018449] (px4_msgs) StdoutLine: {'line': b'-- Up-to-date: /home/harsh/ros2_project/install/px4_msgs/include/px4_msgs/px4_msgs/msg/detail/estimator_innovations__type_support.hpp\n'}
[2.018548] (px4_msgs) StdoutLine: {'line': b'-- Up-to-date: /home/harsh/ros2_project/install/px4_msgs/include/px4_msgs/px4_msgs/msg/detail/follow_target_estimator__type_support.hpp\n'}
[2.018640] (px4_msgs) StdoutLine: {'line': b'-- Up-to-date: /home/harsh/ros2_project/install/px4_msgs/include/px4_msgs/px4_msgs/msg/detail/orb_test__builder.hpp\n'}
[2.018730] (px4_msgs) StdoutLine: {'line': b'-- Up-to-date: /home/harsh/ros2_project/install/px4_msgs/include/px4_msgs/px4_msgs/msg/detail/buffer128__builder.hpp\n'}
[2.018820] (px4_msgs) StdoutLine: {'line': b'-- Up-to-date: /home/harsh/ros2_project/install/px4_msgs/include/px4_msgs/px4_msgs/msg/detail/event__struct.hpp\n'}
[2.018909] (px4_msgs) StdoutLine: {'line': b'-- Up-to-date: /home/harsh/ros2_project/install/px4_msgs/include/px4_msgs/px4_msgs/msg/detail/system_power__type_support.hpp\n'}
[2.018998] (px4_msgs) StdoutLine: {'line': b'-- Up-to-date: /home/harsh/ros2_project/install/px4_msgs/include/px4_msgs/px4_msgs/msg/detail/vehicle_angular_velocity__builder.hpp\n'}
[2.019085] (px4_msgs) StdoutLine: {'line': b'-- Up-to-date: /home/harsh/ros2_project/install/px4_msgs/include/px4_msgs/px4_msgs/msg/detail/transponder_report__type_support.hpp\n'}
[2.019223] (px4_msgs) StdoutLine: {'line': b'-- Up-to-date: /home/harsh/ros2_project/install/px4_msgs/include/px4_msgs/px4_msgs/msg/detail/pps_capture__struct.hpp\n'}
[2.019329] (px4_msgs) StdoutLine: {'line': b'-- Up-to-date: /home/harsh/ros2_project/install/px4_msgs/include/px4_msgs/px4_msgs/msg/detail/sensor_selection__traits.hpp\n'}
[2.019419] (px4_msgs) StdoutLine: {'line': b'-- Up-to-date: /home/harsh/ros2_project/install/px4_msgs/include/px4_msgs/px4_msgs/msg/detail/magnetometer_bias_estimate__builder.hpp\n'}
[2.019520] (px4_msgs) StdoutLine: {'line': b'-- Up-to-date: /home/harsh/ros2_project/install/px4_msgs/include/px4_msgs/px4_msgs/msg/detail/parameter_set_value_request__struct.hpp\n'}
[2.019606] (px4_msgs) StdoutLine: {'line': b'-- Up-to-date: /home/harsh/ros2_project/install/px4_msgs/include/px4_msgs/px4_msgs/msg/detail/follow_target__traits.hpp\n'}
[2.019689] (px4_msgs) StdoutLine: {'line': b'-- Up-to-date: /home/harsh/ros2_project/install/px4_msgs/include/px4_msgs/px4_msgs/msg/detail/camera_status__traits.hpp\n'}
[2.019774] (px4_msgs) StdoutLine: {'line': b'-- Up-to-date: /home/harsh/ros2_project/install/px4_msgs/include/px4_msgs/px4_msgs/msg/detail/cellular_status__type_support.hpp\n'}
[2.019883] (px4_msgs) StdoutLine: {'line': b'-- Up-to-date: /home/harsh/ros2_project/install/px4_msgs/include/px4_msgs/px4_msgs/msg/detail/sensor_gyro__type_support.hpp\n'}
[2.019975] (px4_msgs) StdoutLine: {'line': b'-- Up-to-date: /home/harsh/ros2_project/install/px4_msgs/include/px4_msgs/px4_msgs/msg/detail/sensor_accel__type_support.hpp\n'}
[2.020062] (px4_msgs) StdoutLine: {'line': b'-- Up-to-date: /home/harsh/ros2_project/install/px4_msgs/include/px4_msgs/px4_msgs/msg/detail/register_ext_component_request__builder.hpp\n'}
[2.020146] (px4_msgs) StdoutLine: {'line': b'-- Up-to-date: /home/harsh/ros2_project/install/px4_msgs/include/px4_msgs/px4_msgs/msg/detail/arming_check_request__traits.hpp\n'}
[2.020230] (px4_msgs) StdoutLine: {'line': b'-- Up-to-date: /home/harsh/ros2_project/install/px4_msgs/include/px4_msgs/px4_msgs/msg/detail/vehicle_local_position_setpoint__builder.hpp\n'}
[2.020336] (px4_msgs) StdoutLine: {'line': b'-- Up-to-date: /home/harsh/ros2_project/install/px4_msgs/include/px4_msgs/px4_msgs/msg/detail/cellular_status__builder.hpp\n'}
[2.020422] (px4_msgs) StdoutLine: {'line': b'-- Up-to-date: /home/harsh/ros2_project/install/px4_msgs/include/px4_msgs/px4_msgs/msg/detail/airspeed__builder.hpp\n'}
[2.020505] (px4_msgs) StdoutLine: {'line': b'-- Up-to-date: /home/harsh/ros2_project/install/px4_msgs/include/px4_msgs/px4_msgs/msg/detail/follow_target__builder.hpp\n'}
[2.020590] (px4_msgs) StdoutLine: {'line': b'-- Up-to-date: /home/harsh/ros2_project/install/px4_msgs/include/px4_msgs/px4_msgs/msg/detail/sensor_baro__struct.hpp\n'}
[2.020677] (px4_msgs) StdoutLine: {'line': b'-- Up-to-date: /home/harsh/ros2_project/install/px4_msgs/include/px4_msgs/px4_msgs/msg/detail/sensor_correction__struct.hpp\n'}
[2.020765] (px4_msgs) StdoutLine: {'line': b'-- Up-to-date: /home/harsh/ros2_project/install/px4_msgs/include/px4_msgs/px4_msgs/msg/detail/follow_target_estimator__struct.hpp\n'}
[2.020853] (px4_msgs) StdoutLine: {'line': b'-- Up-to-date: /home/harsh/ros2_project/install/px4_msgs/include/px4_msgs/px4_msgs/msg/detail/gripper__struct.hpp\n'}
[2.020943] (px4_msgs) StdoutLine: {'line': b'-- Up-to-date: /home/harsh/ros2_project/install/px4_msgs/include/px4_msgs/px4_msgs/msg/detail/sensor_gnss_relative__struct.hpp\n'}
[2.021033] (px4_msgs) StdoutLine: {'line': b'-- Up-to-date: /home/harsh/ros2_project/install/px4_msgs/include/px4_msgs/px4_msgs/msg/detail/failure_detector_status__struct.hpp\n'}
[2.021125] (px4_msgs) StdoutLine: {'line': b'-- Up-to-date: /home/harsh/ros2_project/install/px4_msgs/include/px4_msgs/px4_msgs/msg/detail/estimator_aid_source3d__builder.hpp\n'}
[2.021218] (px4_msgs) StdoutLine: {'line': b'-- Up-to-date: /home/harsh/ros2_project/install/px4_msgs/include/px4_msgs/px4_msgs/msg/detail/telemetry_status__struct.hpp\n'}
[2.021320] (px4_msgs) StdoutLine: {'line': b'-- Up-to-date: /home/harsh/ros2_project/install/px4_msgs/include/px4_msgs/px4_msgs/msg/detail/gimbal_manager_status__struct.hpp\n'}
[2.021413] (px4_msgs) StdoutLine: {'line': b'-- Up-to-date: /home/harsh/ros2_project/install/px4_msgs/include/px4_msgs/px4_msgs/msg/detail/landing_target_pose__builder.hpp\n'}
[2.021503] (px4_msgs) StdoutLine: {'line': b'-- Up-to-date: /home/harsh/ros2_project/install/px4_msgs/include/px4_msgs/px4_msgs/msg/detail/follow_target_status__traits.hpp\n'}
[2.021637] (px4_msgs) StdoutLine: {'line': b'-- Up-to-date: /home/harsh/ros2_project/install/px4_msgs/include/px4_msgs/px4_msgs/msg/detail/sensors_status_imu__builder.hpp\n'}
[2.021724] (px4_msgs) StdoutLine: {'line': b'-- Up-to-date: /home/harsh/ros2_project/install/px4_msgs/include/px4_msgs/px4_msgs/msg/detail/internal_combustion_engine_status__type_support.hpp\n'}
[2.021824] (px4_msgs) StdoutLine: {'line': b'-- Up-to-date: /home/harsh/ros2_project/install/px4_msgs/include/px4_msgs/px4_msgs/msg/detail/autotune_attitude_control_status__struct.hpp\n'}
[2.021922] (px4_msgs) StdoutLine: {'line': b'-- Up-to-date: /home/harsh/ros2_project/install/px4_msgs/include/px4_msgs/px4_msgs/msg/detail/launch_detection_status__builder.hpp\n'}
[2.022011] (px4_msgs) StdoutLine: {'line': b'-- Up-to-date: /home/harsh/ros2_project/install/px4_msgs/include/px4_msgs/px4_msgs/msg/detail/actuator_servos_trim__traits.hpp\n'}
[2.022101] (px4_msgs) StdoutLine: {'line': b'-- Up-to-date: /home/harsh/ros2_project/install/px4_msgs/include/px4_msgs/px4_msgs/msg/detail/system_power__struct.hpp\n'}
[2.022222] (px4_msgs) StdoutLine: {'line': b'-- Up-to-date: /home/harsh/ros2_project/install/px4_msgs/include/px4_msgs/px4_msgs/msg/detail/vehicle_land_detected__struct.hpp\n'}
[2.022310] (px4_msgs) StdoutLine: {'line': b'-- Up-to-date: /home/harsh/ros2_project/install/px4_msgs/include/px4_msgs/px4_msgs/msg/detail/estimator_bias__type_support.hpp\n'}
[2.022402] (px4_msgs) StdoutLine: {'line': b'-- Up-to-date: /home/harsh/ros2_project/install/px4_msgs/include/px4_msgs/px4_msgs/msg/detail/vehicle_roi__struct.hpp\n'}
[2.022488] (px4_msgs) StdoutLine: {'line': b'-- Up-to-date: /home/harsh/ros2_project/install/px4_msgs/include/px4_msgs/px4_msgs/msg/detail/pwm_input__traits.hpp\n'}
[2.022578] (px4_msgs) StdoutLine: {'line': b'-- Up-to-date: /home/harsh/ros2_project/install/px4_msgs/include/px4_msgs/px4_msgs/msg/detail/position_setpoint__type_support.hpp\n'}
[2.022673] (px4_msgs) StdoutLine: {'line': b'-- Up-to-date: /home/harsh/ros2_project/install/px4_msgs/include/px4_msgs/px4_msgs/msg/detail/rc_parameter_map__builder.hpp\n'}
[2.022792] (px4_msgs) StdoutLine: {'line': b'-- Up-to-date: /home/harsh/ros2_project/install/px4_msgs/include/px4_msgs/px4_msgs/msg/detail/vehicle_constraints__builder.hpp\n'}
[2.022868] (px4_msgs) StdoutLine: {'line': b'-- Up-to-date: /home/harsh/ros2_project/install/px4_msgs/include/px4_msgs/px4_msgs/msg/detail/sensor_gyro_fft__builder.hpp\n'}
[2.022938] (px4_msgs) StdoutLine: {'line': b'-- Up-to-date: /home/harsh/ros2_project/install/px4_msgs/include/px4_msgs/px4_msgs/msg/detail/velocity_limits__struct.hpp\n'}
[2.023006] (px4_msgs) StdoutLine: {'line': b'-- Up-to-date: /home/harsh/ros2_project/install/px4_msgs/include/px4_msgs/px4_msgs/msg/detail/message_format_response__struct.hpp\n'}
[2.023074] (px4_msgs) StdoutLine: {'line': b'-- Up-to-date: /home/harsh/ros2_project/install/px4_msgs/include/px4_msgs/px4_msgs/msg/detail/parameter_update__type_support.hpp\n'}
[2.023140] (px4_msgs) StdoutLine: {'line': b'-- Up-to-date: /home/harsh/ros2_project/install/px4_msgs/include/px4_msgs/px4_msgs/msg/detail/estimator_sensor_bias__traits.hpp\n'}
[2.023226] (px4_msgs) StdoutLine: {'line': b'-- Up-to-date: /home/harsh/ros2_project/install/px4_msgs/include/px4_msgs/px4_msgs/msg/detail/geofence_result__traits.hpp\n'}
[2.023333] (px4_msgs) StdoutLine: {'line': b'-- Up-to-date: /home/harsh/ros2_project/install/px4_msgs/include/px4_msgs/px4_msgs/msg/detail/gimbal_manager_set_manual_control__struct.hpp\n'}
[2.023419] (px4_msgs) StdoutLine: {'line': b'-- Up-to-date: /home/harsh/ros2_project/install/px4_msgs/include/px4_msgs/px4_msgs/msg/detail/vehicle_local_position_setpoint__traits.hpp\n'}
[2.023507] (px4_msgs) StdoutLine: {'line': b'-- Up-to-date: /home/harsh/ros2_project/install/px4_msgs/include/px4_msgs/px4_msgs/msg/detail/sensor_mag__struct.hpp\n'}
[2.023597] (px4_msgs) StdoutLine: {'line': b'-- Up-to-date: /home/harsh/ros2_project/install/px4_msgs/include/px4_msgs/px4_msgs/msg/detail/debug_key_value__builder.hpp\n'}
[2.023715] (px4_msgs) StdoutLine: {'line': b'-- Up-to-date: /home/harsh/ros2_project/install/px4_msgs/include/px4_msgs/px4_msgs/msg/detail/differential_drive_setpoint__type_support.hpp\n'}
[2.023799] (px4_msgs) StdoutLine: {'line': b'-- Up-to-date: /home/harsh/ros2_project/install/px4_msgs/include/px4_msgs/px4_msgs/msg/detail/vehicle_constraints__struct.hpp\n'}
[2.023886] (px4_msgs) StdoutLine: {'line': b'-- Up-to-date: /home/harsh/ros2_project/install/px4_msgs/include/px4_msgs/px4_msgs/msg/detail/vehicle_constraints__traits.hpp\n'}
[2.023973] (px4_msgs) StdoutLine: {'line': b'-- Up-to-date: /home/harsh/ros2_project/install/px4_msgs/include/px4_msgs/px4_msgs/msg/detail/mission_result__type_support.hpp\n'}
[2.024067] (px4_msgs) StdoutLine: {'line': b'-- Up-to-date: /home/harsh/ros2_project/install/px4_msgs/include/px4_msgs/px4_msgs/msg/detail/orbit_status__traits.hpp\n'}
[2.024153] (px4_msgs) StdoutLine: {'line': b'-- Up-to-date: /home/harsh/ros2_project/install/px4_msgs/include/px4_msgs/px4_msgs/msg/detail/sensor_hygrometer__type_support.hpp\n'}
[2.024240] (px4_msgs) StdoutLine: {'line': b'-- Up-to-date: /home/harsh/ros2_project/install/px4_msgs/include/px4_msgs/px4_msgs/msg/detail/unregister_ext_component__builder.hpp\n'}
[2.024336] (px4_msgs) StdoutLine: {'line': b'-- Up-to-date: /home/harsh/ros2_project/install/px4_msgs/include/px4_msgs/px4_msgs/msg/detail/buffer128__traits.hpp\n'}
[2.024411] (px4_msgs) StdoutLine: {'line': b'-- Up-to-date: /home/harsh/ros2_project/install/px4_msgs/include/px4_msgs/px4_msgs/msg/detail/yaw_estimator_status__builder.hpp\n'}
[2.024530] (px4_msgs) StdoutLine: {'line': b'-- Up-to-date: /home/harsh/ros2_project/install/px4_msgs/include/px4_msgs/px4_msgs/msg/detail/button_event__traits.hpp\n'}
[2.024745] (px4_msgs) StdoutLine: {'line': b'-- Up-to-date: /home/harsh/ros2_project/install/px4_msgs/include/px4_msgs/px4_msgs/msg/detail/ekf2_timestamps__struct.hpp\n'}
[2.024864] (px4_msgs) StdoutLine: {'line': b'-- Up-to-date: /home/harsh/ros2_project/install/px4_msgs/include/px4_msgs/px4_msgs/msg/detail/sensor_gyro_fft__type_support.hpp\n'}
[2.024938] (px4_msgs) StdoutLine: {'line': b'-- Up-to-date: /home/harsh/ros2_project/install/px4_msgs/include/px4_msgs/px4_msgs/msg/detail/landing_target_innovations__traits.hpp\n'}
[2.025014] (px4_msgs) StdoutLine: {'line': b'-- Up-to-date: /home/harsh/ros2_project/install/px4_msgs/include/px4_msgs/px4_msgs/msg/detail/gimbal_manager_set_attitude__traits.hpp\n'}
[2.025093] (px4_msgs) StdoutLine: {'line': b'-- Up-to-date: /home/harsh/ros2_project/install/px4_msgs/include/px4_msgs/px4_msgs/msg/detail/launch_detection_status__struct.hpp\n'}
[2.025164] (px4_msgs) StdoutLine: {'line': b'-- Up-to-date: /home/harsh/ros2_project/install/px4_msgs/include/px4_msgs/px4_msgs/msg/detail/vehicle_roi__traits.hpp\n'}
[2.025395] (px4_msgs) StdoutLine: {'line': b'-- Up-to-date: /home/harsh/ros2_project/install/px4_msgs/include/px4_msgs/px4_msgs/msg/detail/distance_sensor__traits.hpp\n'}
[2.025478] (px4_msgs) StdoutLine: {'line': b'-- Up-to-date: /home/harsh/ros2_project/install/px4_msgs/include/px4_msgs/px4_msgs/msg/detail/position_setpoint__builder.hpp\n'}
[2.025544] (px4_msgs) StdoutLine: {'line': b'-- Up-to-date: /home/harsh/ros2_project/install/px4_msgs/include/px4_msgs/px4_msgs/msg/detail/estimator_aid_source2d__builder.hpp\n'}
[2.025613] (px4_msgs) StdoutLine: {'line': b'-- Up-to-date: /home/harsh/ros2_project/install/px4_msgs/include/px4_msgs/px4_msgs/msg/detail/landing_target_pose__traits.hpp\n'}
[2.025676] (px4_msgs) StdoutLine: {'line': b'-- Up-to-date: /home/harsh/ros2_project/install/px4_msgs/include/px4_msgs/px4_msgs/msg/detail/esc_report__struct.hpp\n'}
[2.025745] (px4_msgs) StdoutLine: {'line': b'-- Up-to-date: /home/harsh/ros2_project/install/px4_msgs/include/px4_msgs/px4_msgs/msg/detail/sensor_accel_fifo__struct.hpp\n'}
[2.025807] (px4_msgs) StdoutLine: {'line': b'-- Up-to-date: /home/harsh/ros2_project/install/px4_msgs/include/px4_msgs/px4_msgs/msg/detail/orb_test_large__struct.hpp\n'}
[2.025870] (px4_msgs) StdoutLine: {'line': b'-- Up-to-date: /home/harsh/ros2_project/install/px4_msgs/include/px4_msgs/px4_msgs/msg/detail/actuator_armed__builder.hpp\n'}
[2.025940] (px4_msgs) StdoutLine: {'line': b'-- Up-to-date: /home/harsh/ros2_project/install/px4_msgs/include/px4_msgs/px4_msgs/msg/detail/figure_eight_status__struct.hpp\n'}
[2.026005] (px4_msgs) StdoutLine: {'line': b'-- Up-to-date: /home/harsh/ros2_project/install/px4_msgs/include/px4_msgs/px4_msgs/msg/detail/buffer128__type_support.hpp\n'}
[2.026069] (px4_msgs) StdoutLine: {'line': b'-- Up-to-date: /home/harsh/ros2_project/install/px4_msgs/include/px4_msgs/px4_msgs/msg/detail/uavcan_parameter_request__builder.hpp\n'}
[2.026137] (px4_msgs) StdoutLine: {'line': b'-- Up-to-date: /home/harsh/ros2_project/install/px4_msgs/include/px4_msgs/px4_msgs/msg/detail/vehicle_trajectory_waypoint__traits.hpp\n'}
[2.026200] (px4_msgs) StdoutLine: {'line': b'-- Up-to-date: /home/harsh/ros2_project/install/px4_msgs/include/px4_msgs/px4_msgs/msg/detail/gpio_in__type_support.hpp\n'}
[2.026337] (px4_msgs) StdoutLine: {'line': b'-- Up-to-date: /home/harsh/ros2_project/install/px4_msgs/include/px4_msgs/px4_msgs/msg/detail/gimbal_manager_set_manual_control__type_support.hpp\n'}
[2.026413] (px4_msgs) StdoutLine: {'line': b'-- Up-to-date: /home/harsh/ros2_project/install/px4_msgs/include/px4_msgs/px4_msgs/msg/detail/rtl_time_estimate__type_support.hpp\n'}
[2.026479] (px4_msgs) StdoutLine: {'line': b'-- Up-to-date: /home/harsh/ros2_project/install/px4_msgs/include/px4_msgs/px4_msgs/msg/detail/debug_value__struct.hpp\n'}
[2.026543] (px4_msgs) StdoutLine: {'line': b'-- Up-to-date: /home/harsh/ros2_project/install/px4_msgs/include/px4_msgs/px4_msgs/msg/detail/parameter_set_value_response__builder.hpp\n'}
[2.026609] (px4_msgs) StdoutLine: {'line': b'-- Up-to-date: /home/harsh/ros2_project/install/px4_msgs/include/px4_msgs/px4_msgs/msg/detail/gimbal_device_attitude_status__type_support.hpp\n'}
[2.026673] (px4_msgs) StdoutLine: {'line': b'-- Up-to-date: /home/harsh/ros2_project/install/px4_msgs/include/px4_msgs/px4_msgs/msg/detail/vehicle_attitude_setpoint__struct.hpp\n'}
[2.026739] (px4_msgs) StdoutLine: {'line': b'-- Up-to-date: /home/harsh/ros2_project/install/px4_msgs/include/px4_msgs/px4_msgs/msg/detail/actuator_test__builder.hpp\n'}
[2.026808] (px4_msgs) StdoutLine: {'line': b'-- Up-to-date: /home/harsh/ros2_project/install/px4_msgs/include/px4_msgs/px4_msgs/msg/detail/vehicle_imu_status__type_support.hpp\n'}
[2.026876] (px4_msgs) StdoutLine: {'line': b'-- Up-to-date: /home/harsh/ros2_project/install/px4_msgs/include/px4_msgs/px4_msgs/msg/detail/sensor_gnss_relative__builder.hpp\n'}
[2.026943] (px4_msgs) StdoutLine: {'line': b'-- Up-to-date: /home/harsh/ros2_project/install/px4_msgs/include/px4_msgs/px4_msgs/msg/detail/iridiumsbd_status__builder.hpp\n'}
[2.027009] (px4_msgs) StdoutLine: {'line': b'-- Up-to-date: /home/harsh/ros2_project/install/px4_msgs/include/px4_msgs/px4_msgs/msg/detail/rpm__traits.hpp\n'}
[2.027075] (px4_msgs) StdoutLine: {'line': b'-- Up-to-date: /home/harsh/ros2_project/install/px4_msgs/include/px4_msgs/px4_msgs/msg/detail/gpio_request__struct.hpp\n'}
[2.027141] (px4_msgs) StdoutLine: {'line': b'-- Up-to-date: /home/harsh/ros2_project/install/px4_msgs/include/px4_msgs/px4_msgs/msg/detail/message_format_response__builder.hpp\n'}
[2.027206] (px4_msgs) StdoutLine: {'line': b'-- Up-to-date: /home/harsh/ros2_project/install/px4_msgs/include/px4_msgs/px4_msgs/msg/detail/gpio_out__type_support.hpp\n'}
[2.027285] (px4_msgs) StdoutLine: {'line': b'-- Up-to-date: /home/harsh/ros2_project/install/px4_msgs/include/px4_msgs/px4_msgs/msg/detail/internal_combustion_engine_status__builder.hpp\n'}
[2.027348] (px4_msgs) StdoutLine: {'line': b'-- Up-to-date: /home/harsh/ros2_project/install/px4_msgs/include/px4_msgs/px4_msgs/msg/detail/gimbal_device_set_attitude__builder.hpp\n'}
[2.027408] (px4_msgs) StdoutLine: {'line': b'-- Up-to-date: /home/harsh/ros2_project/install/px4_msgs/include/px4_msgs/px4_msgs/msg/detail/battery_status__type_support.hpp\n'}
[2.027466] (px4_msgs) StdoutLine: {'line': b'-- Up-to-date: /home/harsh/ros2_project/install/px4_msgs/include/px4_msgs/px4_msgs/msg/detail/parameter_set_value_request__builder.hpp\n'}
[2.027552] (px4_msgs) StdoutLine: {'line': b'-- Up-to-date: /home/harsh/ros2_project/install/px4_msgs/include/px4_msgs/px4_msgs/msg/detail/vehicle_command__traits.hpp\n'}
[2.027617] (px4_msgs) StdoutLine: {'line': b'-- Up-to-date: /home/harsh/ros2_project/install/px4_msgs/include/px4_msgs/px4_msgs/msg/detail/collision_constraints__traits.hpp\n'}
[2.027676] (px4_msgs) StdoutLine: {'line': b'-- Up-to-date: /home/harsh/ros2_project/install/px4_msgs/include/px4_msgs/px4_msgs/msg/detail/wheel_encoders__builder.hpp\n'}
[2.027730] (px4_msgs) StdoutLine: {'line': b'-- Up-to-date: /home/harsh/ros2_project/install/px4_msgs/include/px4_msgs/px4_msgs/msg/detail/actuator_motors__struct.hpp\n'}
[2.027787] (px4_msgs) StdoutLine: {'line': b'-- Up-to-date: /home/harsh/ros2_project/install/px4_msgs/include/px4_msgs/px4_msgs/msg/detail/vehicle_global_position__type_support.hpp\n'}
[2.027844] (px4_msgs) StdoutLine: {'line': b'-- Up-to-date: /home/harsh/ros2_project/install/px4_msgs/include/px4_msgs/px4_msgs/msg/detail/sensor_selection__builder.hpp\n'}
[2.027902] (px4_msgs) StdoutLine: {'line': b'-- Up-to-date: /home/harsh/ros2_project/install/px4_msgs/include/px4_msgs/px4_msgs/msg/detail/parameter_set_used_request__builder.hpp\n'}
[2.027961] (px4_msgs) StdoutLine: {'line': b'-- Up-to-date: /home/harsh/ros2_project/install/px4_msgs/include/px4_msgs/px4_msgs/msg/detail/landing_gear__struct.hpp\n'}
[2.028017] (px4_msgs) StdoutLine: {'line': b'-- Up-to-date: /home/harsh/ros2_project/install/px4_msgs/include/px4_msgs/px4_msgs/msg/detail/debug_key_value__struct.hpp\n'}
[2.028070] (px4_msgs) StdoutLine: {'line': b'-- Up-to-date: /home/harsh/ros2_project/install/px4_msgs/include/px4_msgs/px4_msgs/msg/detail/vehicle_control_mode__builder.hpp\n'}
[2.028128] (px4_msgs) StdoutLine: {'line': b'-- Up-to-date: /home/harsh/ros2_project/install/px4_msgs/include/px4_msgs/px4_msgs/msg/detail/vehicle_imu_status__builder.hpp\n'}
[2.028188] (px4_msgs) StdoutLine: {'line': b'-- Up-to-date: /home/harsh/ros2_project/install/px4_msgs/include/px4_msgs/px4_msgs/msg/detail/vehicle_control_mode__struct.hpp\n'}
[2.028250] (px4_msgs) StdoutLine: {'line': b'-- Up-to-date: /home/harsh/ros2_project/install/px4_msgs/include/px4_msgs/px4_msgs/msg/detail/autotune_attitude_control_status__traits.hpp\n'}
[2.028312] (px4_msgs) StdoutLine: {'line': b'-- Up-to-date: /home/harsh/ros2_project/install/px4_msgs/include/px4_msgs/px4_msgs/msg/detail/sensor_gyro_fifo__type_support.hpp\n'}
[2.028372] (px4_msgs) StdoutLine: {'line': b'-- Up-to-date: /home/harsh/ros2_project/install/px4_msgs/include/px4_msgs/px4_msgs/msg/detail/navigator_mission_item__type_support.hpp\n'}
[2.028435] (px4_msgs) StdoutLine: {'line': b'-- Up-to-date: /home/harsh/ros2_project/install/px4_msgs/include/px4_msgs/px4_msgs/msg/vehicle_air_data.hpp\n'}
[2.028492] (px4_msgs) StdoutLine: {'line': b'-- Up-to-date: /home/harsh/ros2_project/install/px4_msgs/include/px4_msgs/px4_msgs/srv\n'}
[2.028554] (px4_msgs) StdoutLine: {'line': b'-- Up-to-date: /home/harsh/ros2_project/install/px4_msgs/include/px4_msgs/px4_msgs/srv/vehicle_command.hpp\n'}
[2.028617] (px4_msgs) StdoutLine: {'line': b'-- Up-to-date: /home/harsh/ros2_project/install/px4_msgs/include/px4_msgs/px4_msgs/srv/detail\n'}
[2.028675] (px4_msgs) StdoutLine: {'line': b'-- Up-to-date: /home/harsh/ros2_project/install/px4_msgs/include/px4_msgs/px4_msgs/srv/detail/vehicle_command__type_support.hpp\n'}
[2.028733] (px4_msgs) StdoutLine: {'line': b'-- Up-to-date: /home/harsh/ros2_project/install/px4_msgs/include/px4_msgs/px4_msgs/srv/detail/vehicle_command__struct.hpp\n'}
[2.028792] (px4_msgs) StdoutLine: {'line': b'-- Up-to-date: /home/harsh/ros2_project/install/px4_msgs/include/px4_msgs/px4_msgs/srv/detail/vehicle_command__builder.hpp\n'}
[2.028850] (px4_msgs) StdoutLine: {'line': b'-- Up-to-date: /home/harsh/ros2_project/install/px4_msgs/include/px4_msgs/px4_msgs/srv/detail/vehicle_command__traits.hpp\n'}
[2.028910] (px4_msgs) StdoutLine: {'line': b'-- Up-to-date: /home/harsh/ros2_project/install/px4_msgs/include/px4_msgs/px4_msgs\n'}
[2.029013] (px4_msgs) StdoutLine: {'line': b'-- Up-to-date: /home/harsh/ros2_project/install/px4_msgs/include/px4_msgs/px4_msgs/msg\n'}
[2.029069] (px4_msgs) StdoutLine: {'line': b'-- Up-to-date: /home/harsh/ros2_project/install/px4_msgs/include/px4_msgs/px4_msgs/msg/rosidl_typesupport_fastrtps_cpp__visibility_control.h\n'}
[2.029126] (px4_msgs) StdoutLine: {'line': b'-- Up-to-date: /home/harsh/ros2_project/install/px4_msgs/include/px4_msgs/px4_msgs/msg/detail\n'}
[2.029179] (px4_msgs) StdoutLine: {'line': b'-- Up-to-date: /home/harsh/ros2_project/install/px4_msgs/include/px4_msgs/px4_msgs/msg/detail/task_stack_info__rosidl_typesupport_fastrtps_cpp.hpp\n'}
[2.029245] (px4_msgs) StdoutLine: {'line': b'-- Up-to-date: /home/harsh/ros2_project/install/px4_msgs/include/px4_msgs/px4_msgs/msg/detail/vehicle_optical_flow_vel__rosidl_typesupport_fastrtps_cpp.hpp\n'}
[2.029306] (px4_msgs) StdoutLine: {'line': b'-- Up-to-date: /home/harsh/ros2_project/install/px4_msgs/include/px4_msgs/px4_msgs/msg/detail/navigator_mission_item__rosidl_typesupport_fastrtps_cpp.hpp\n'}
[2.029367] (px4_msgs) StdoutLine: {'line': b'-- Up-to-date: /home/harsh/ros2_project/install/px4_msgs/include/px4_msgs/px4_msgs/msg/detail/landing_target_innovations__rosidl_typesupport_fastrtps_cpp.hpp\n'}
[2.029434] (px4_msgs) StdoutLine: {'line': b'-- Up-to-date: /home/harsh/ros2_project/install/px4_msgs/include/px4_msgs/px4_msgs/msg/detail/camera_status__rosidl_typesupport_fastrtps_cpp.hpp\n'}
[2.029554] (px4_msgs) StdoutLine: {'line': b'-- Up-to-date: /home/harsh/ros2_project/install/px4_msgs/include/px4_msgs/px4_msgs/msg/detail/distance_sensor__rosidl_typesupport_fastrtps_cpp.hpp\n'}
[2.029727] (px4_msgs) StdoutLine: {'line': b'-- Up-to-date: /home/harsh/ros2_project/install/px4_msgs/include/px4_msgs/px4_msgs/msg/detail/arming_check_request__rosidl_typesupport_fastrtps_cpp.hpp\n'}
[2.029887] (px4_msgs) StdoutLine: {'line': b'-- Up-to-date: /home/harsh/ros2_project/install/px4_msgs/include/px4_msgs/px4_msgs/msg/detail/actuator_controls_status__rosidl_typesupport_fastrtps_cpp.hpp\n'}
[2.030008] (px4_msgs) StdoutLine: {'line': b'-- Up-to-date: /home/harsh/ros2_project/install/px4_msgs/include/px4_msgs/px4_msgs/msg/detail/debug_array__rosidl_typesupport_fastrtps_cpp.hpp\n'}
[2.030167] (px4_msgs) StdoutLine: {'line': b'-- Up-to-date: /home/harsh/ros2_project/install/px4_msgs/include/px4_msgs/px4_msgs/msg/detail/geofence_status__rosidl_typesupport_fastrtps_cpp.hpp\n'}
[2.030426] (px4_msgs) StdoutLine: {'line': b'-- Up-to-date: /home/harsh/ros2_project/install/px4_msgs/include/px4_msgs/px4_msgs/msg/detail/gimbal_controls__rosidl_typesupport_fastrtps_cpp.hpp\n'}
[2.030522] (px4_msgs) StdoutLine: {'line': b'-- Up-to-date: /home/harsh/ros2_project/install/px4_msgs/include/px4_msgs/px4_msgs/msg/detail/onboard_computer_status__rosidl_typesupport_fastrtps_cpp.hpp\n'}
[2.030579] (px4_msgs) StdoutLine: {'line': b'-- Up-to-date: /home/harsh/ros2_project/install/px4_msgs/include/px4_msgs/px4_msgs/msg/detail/buffer128__rosidl_typesupport_fastrtps_cpp.hpp\n'}
[2.030636] (px4_msgs) StdoutLine: {'line': b'-- Up-to-date: /home/harsh/ros2_project/install/px4_msgs/include/px4_msgs/px4_msgs/msg/detail/obstacle_distance__rosidl_typesupport_fastrtps_cpp.hpp\n'}
[2.030709] (px4_msgs) StdoutLine: {'line': b'-- Up-to-date: /home/harsh/ros2_project/install/px4_msgs/include/px4_msgs/px4_msgs/msg/detail/vehicle_constraints__rosidl_typesupport_fastrtps_cpp.hpp\n'}
[2.030785] (px4_msgs) StdoutLine: {'line': b'-- Up-to-date: /home/harsh/ros2_project/install/px4_msgs/include/px4_msgs/px4_msgs/msg/detail/message_format_request__rosidl_typesupport_fastrtps_cpp.hpp\n'}
[2.030855] (px4_msgs) StdoutLine: {'line': b'-- Up-to-date: /home/harsh/ros2_project/install/px4_msgs/include/px4_msgs/px4_msgs/msg/detail/vehicle_local_position__rosidl_typesupport_fastrtps_cpp.hpp\n'}
[2.030917] (px4_msgs) StdoutLine: {'line': b'-- Up-to-date: /home/harsh/ros2_project/install/px4_msgs/include/px4_msgs/px4_msgs/msg/detail/input_rc__rosidl_typesupport_fastrtps_cpp.hpp\n'}
[2.031035] (px4_msgs) StdoutLine: {'line': b'-- Up-to-date: /home/harsh/ros2_project/install/px4_msgs/include/px4_msgs/px4_msgs/msg/detail/sensor_gyro_fifo__rosidl_typesupport_fastrtps_cpp.hpp\n'}
[2.031088] (px4_msgs) StdoutLine: {'line': b'-- Up-to-date: /home/harsh/ros2_project/install/px4_msgs/include/px4_msgs/px4_msgs/msg/detail/control_allocator_status__rosidl_typesupport_fastrtps_cpp.hpp\n'}
[2.031141] (px4_msgs) StdoutLine: {'line': b'-- Up-to-date: /home/harsh/ros2_project/install/px4_msgs/include/px4_msgs/px4_msgs/msg/detail/gimbal_device_information__rosidl_typesupport_fastrtps_cpp.hpp\n'}
[2.031204] (px4_msgs) StdoutLine: {'line': b'-- Up-to-date: /home/harsh/ros2_project/install/px4_msgs/include/px4_msgs/px4_msgs/msg/detail/cellular_status__rosidl_typesupport_fastrtps_cpp.hpp\n'}
[2.031287] (px4_msgs) StdoutLine: {'line': b'-- Up-to-date: /home/harsh/ros2_project/install/px4_msgs/include/px4_msgs/px4_msgs/msg/detail/differential_drive_setpoint__rosidl_typesupport_fastrtps_cpp.hpp\n'}
[2.031357] (px4_msgs) StdoutLine: {'line': b'-- Up-to-date: /home/harsh/ros2_project/install/px4_msgs/include/px4_msgs/px4_msgs/msg/detail/sensor_preflight_mag__rosidl_typesupport_fastrtps_cpp.hpp\n'}
[2.031418] (px4_msgs) StdoutLine: {'line': b'-- Up-to-date: /home/harsh/ros2_project/install/px4_msgs/include/px4_msgs/px4_msgs/msg/detail/rc_parameter_map__rosidl_typesupport_fastrtps_cpp.hpp\n'}
[2.031486] (px4_msgs) StdoutLine: {'line': b'-- Up-to-date: /home/harsh/ros2_project/install/px4_msgs/include/px4_msgs/px4_msgs/msg/detail/mavlink_log__rosidl_typesupport_fastrtps_cpp.hpp\n'}
[2.031569] (px4_msgs) StdoutLine: {'line': b'-- Up-to-date: /home/harsh/ros2_project/install/px4_msgs/include/px4_msgs/px4_msgs/msg/detail/collision_constraints__rosidl_typesupport_fastrtps_cpp.hpp\n'}
[2.031637] (px4_msgs) StdoutLine: {'line': b'-- Up-to-date: /home/harsh/ros2_project/install/px4_msgs/include/px4_msgs/px4_msgs/msg/detail/position_setpoint_triplet__rosidl_typesupport_fastrtps_cpp.hpp\n'}
[2.031700] (px4_msgs) StdoutLine: {'line': b'-- Up-to-date: /home/harsh/ros2_project/install/px4_msgs/include/px4_msgs/px4_msgs/msg/detail/vtol_vehicle_status__rosidl_typesupport_fastrtps_cpp.hpp\n'}
[2.031773] (px4_msgs) StdoutLine: {'line': b'-- Up-to-date: /home/harsh/ros2_project/install/px4_msgs/include/px4_msgs/px4_msgs/msg/detail/message_format_response__rosidl_typesupport_fastrtps_cpp.hpp\n'}
[2.031848] (px4_msgs) StdoutLine: {'line': b'-- Up-to-date: /home/harsh/ros2_project/install/px4_msgs/include/px4_msgs/px4_msgs/msg/detail/sensors_status_imu__rosidl_typesupport_fastrtps_cpp.hpp\n'}
[2.031960] (px4_msgs) StdoutLine: {'line': b'-- Up-to-date: /home/harsh/ros2_project/install/px4_msgs/include/px4_msgs/px4_msgs/msg/detail/sensor_uwb__rosidl_typesupport_fastrtps_cpp.hpp\n'}
[2.032781] (px4_msgs) StdoutLine: {'line': b'-- Up-to-date: /home/harsh/ros2_project/install/px4_msgs/include/px4_msgs/px4_msgs/msg/detail/button_event__rosidl_typesupport_fastrtps_cpp.hpp\n'}
[2.033265] (px4_msgs) StdoutLine: {'line': b'-- Up-to-date: /home/harsh/ros2_project/install/px4_msgs/include/px4_msgs/px4_msgs/msg/detail/rc_channels__rosidl_typesupport_fastrtps_cpp.hpp\n'}
[2.033562] (px4_msgs) StdoutLine: {'line': b'-- Up-to-date: /home/harsh/ros2_project/install/px4_msgs/include/px4_msgs/px4_msgs/msg/detail/qshell_retval__rosidl_typesupport_fastrtps_cpp.hpp\n'}
[2.033649] (px4_msgs) StdoutLine: {'line': b'-- Up-to-date: /home/harsh/ros2_project/install/px4_msgs/include/px4_msgs/px4_msgs/msg/detail/estimator_selector_status__rosidl_typesupport_fastrtps_cpp.hpp\n'}
[2.033716] (px4_msgs) StdoutLine: {'line': b'-- Up-to-date: /home/harsh/ros2_project/install/px4_msgs/include/px4_msgs/px4_msgs/msg/detail/sensor_baro__rosidl_typesupport_fastrtps_cpp.hpp\n'}
[2.033779] (px4_msgs) StdoutLine: {'line': b'-- Up-to-date: /home/harsh/ros2_project/install/px4_msgs/include/px4_msgs/px4_msgs/msg/detail/vehicle_land_detected__rosidl_typesupport_fastrtps_cpp.hpp\n'}
[2.033844] (px4_msgs) StdoutLine: {'line': b'-- Up-to-date: /home/harsh/ros2_project/install/px4_msgs/include/px4_msgs/px4_msgs/msg/detail/collision_report__rosidl_typesupport_fastrtps_cpp.hpp\n'}
[2.033963] (px4_msgs) StdoutLine: {'line': b'-- Up-to-date: /home/harsh/ros2_project/install/px4_msgs/include/px4_msgs/px4_msgs/msg/detail/logger_status__rosidl_typesupport_fastrtps_cpp.hpp\n'}
[2.034073] (px4_msgs) StdoutLine: {'line': b'-- Up-to-date: /home/harsh/ros2_project/install/px4_msgs/include/px4_msgs/px4_msgs/msg/detail/parameter_set_value_request__rosidl_typesupport_fastrtps_cpp.hpp\n'}
[2.034140] (px4_msgs) StdoutLine: {'line': b'-- Up-to-date: /home/harsh/ros2_project/install/px4_msgs/include/px4_msgs/px4_msgs/msg/detail/gimbal_manager_status__rosidl_typesupport_fastrtps_cpp.hpp\n'}
[2.034211] (px4_msgs) StdoutLine: {'line': b'-- Up-to-date: /home/harsh/ros2_project/install/px4_msgs/include/px4_msgs/px4_msgs/msg/detail/rpm__rosidl_typesupport_fastrtps_cpp.hpp\n'}
[2.034394] (px4_msgs) StdoutLine: {'line': b'-- Up-to-date: /home/harsh/ros2_project/install/px4_msgs/include/px4_msgs/px4_msgs/msg/detail/vehicle_status__rosidl_typesupport_fastrtps_cpp.hpp\n'}
[2.034587] (px4_msgs) StdoutLine: {'line': b'-- Up-to-date: /home/harsh/ros2_project/install/px4_msgs/include/px4_msgs/px4_msgs/msg/detail/actuator_outputs__rosidl_typesupport_fastrtps_cpp.hpp\n'}
[2.034661] (px4_msgs) StdoutLine: {'line': b'-- Up-to-date: /home/harsh/ros2_project/install/px4_msgs/include/px4_msgs/px4_msgs/msg/detail/power_button_state__rosidl_typesupport_fastrtps_cpp.hpp\n'}
[2.034735] (px4_msgs) StdoutLine: {'line': b'-- Up-to-date: /home/harsh/ros2_project/install/px4_msgs/include/px4_msgs/px4_msgs/msg/detail/trajectory_setpoint__rosidl_typesupport_fastrtps_cpp.hpp\n'}
[2.034803] (px4_msgs) StdoutLine: {'line': b'-- Up-to-date: /home/harsh/ros2_project/install/px4_msgs/include/px4_msgs/px4_msgs/msg/detail/manual_control_setpoint__rosidl_typesupport_fastrtps_cpp.hpp\n'}
[2.034864] (px4_msgs) StdoutLine: {'line': b'-- Up-to-date: /home/harsh/ros2_project/install/px4_msgs/include/px4_msgs/px4_msgs/msg/detail/health_report__rosidl_typesupport_fastrtps_cpp.hpp\n'}
[2.034953] (px4_msgs) StdoutLine: {'line': b'-- Up-to-date: /home/harsh/ros2_project/install/px4_msgs/include/px4_msgs/px4_msgs/msg/detail/sensor_gyro__rosidl_typesupport_fastrtps_cpp.hpp\n'}
[2.035048] (px4_msgs) StdoutLine: {'line': b'-- Up-to-date: /home/harsh/ros2_project/install/px4_msgs/include/px4_msgs/px4_msgs/msg/detail/register_ext_component_reply__rosidl_typesupport_fastrtps_cpp.hpp\n'}
[2.035163] (px4_msgs) StdoutLine: {'line': b'-- Up-to-date: /home/harsh/ros2_project/install/px4_msgs/include/px4_msgs/px4_msgs/msg/detail/px4io_status__rosidl_typesupport_fastrtps_cpp.hpp\n'}
[2.035398] (px4_msgs) StdoutLine: {'line': b'-- Up-to-date: /home/harsh/ros2_project/install/px4_msgs/include/px4_msgs/px4_msgs/msg/detail/mavlink_tunnel__rosidl_typesupport_fastrtps_cpp.hpp\n'}
[2.035848] (px4_msgs) StdoutLine: {'line': b'-- Up-to-date: /home/harsh/ros2_project/install/px4_msgs/include/px4_msgs/px4_msgs/msg/detail/sensor_gps__rosidl_typesupport_fastrtps_cpp.hpp\n'}
[2.035937] (px4_msgs) StdoutLine: {'line': b'-- Up-to-date: /home/harsh/ros2_project/install/px4_msgs/include/px4_msgs/px4_msgs/msg/detail/trajectory_bezier__rosidl_typesupport_fastrtps_cpp.hpp\n'}
[2.036003] (px4_msgs) StdoutLine: {'line': b'-- Up-to-date: /home/harsh/ros2_project/install/px4_msgs/include/px4_msgs/px4_msgs/msg/detail/flight_phase_estimation__rosidl_typesupport_fastrtps_cpp.hpp\n'}
[2.036064] (px4_msgs) StdoutLine: {'line': b'-- Up-to-date: /home/harsh/ros2_project/install/px4_msgs/include/px4_msgs/px4_msgs/msg/detail/dataman_request__rosidl_typesupport_fastrtps_cpp.hpp\n'}
[2.036177] (px4_msgs) StdoutLine: {'line': b'-- Up-to-date: /home/harsh/ros2_project/install/px4_msgs/include/px4_msgs/px4_msgs/msg/detail/camera_capture__rosidl_typesupport_fastrtps_cpp.hpp\n'}
[2.036268] (px4_msgs) StdoutLine: {'line': b'-- Up-to-date: /home/harsh/ros2_project/install/px4_msgs/include/px4_msgs/px4_msgs/msg/detail/sensor_accel__rosidl_typesupport_fastrtps_cpp.hpp\n'}
[2.036364] (px4_msgs) StdoutLine: {'line': b'-- Up-to-date: /home/harsh/ros2_project/install/px4_msgs/include/px4_msgs/px4_msgs/msg/detail/position_controller_status__rosidl_typesupport_fastrtps_cpp.hpp\n'}
[2.036446] (px4_msgs) StdoutLine: {'line': b'-- Up-to-date: /home/harsh/ros2_project/install/px4_msgs/include/px4_msgs/px4_msgs/msg/detail/sensor_mag__rosidl_typesupport_fastrtps_cpp.hpp\n'}
[2.036528] (px4_msgs) StdoutLine: {'line': b'-- Up-to-date: /home/harsh/ros2_project/install/px4_msgs/include/px4_msgs/px4_msgs/msg/detail/airspeed_validated__rosidl_typesupport_fastrtps_cpp.hpp\n'}
[2.036615] (px4_msgs) StdoutLine: {'line': b'-- Up-to-date: /home/harsh/ros2_project/install/px4_msgs/include/px4_msgs/px4_msgs/msg/detail/failure_detector_status__rosidl_typesupport_fastrtps_cpp.hpp\n'}
[2.036699] (px4_msgs) StdoutLine: {'line': b'-- Up-to-date: /home/harsh/ros2_project/install/px4_msgs/include/px4_msgs/px4_msgs/msg/detail/sensor_combined__rosidl_typesupport_fastrtps_cpp.hpp\n'}
[2.036788] (px4_msgs) StdoutLine: {'line': b'-- Up-to-date: /home/harsh/ros2_project/install/px4_msgs/include/px4_msgs/px4_msgs/msg/detail/vehicle_angular_acceleration_setpoint__rosidl_typesupport_fastrtps_cpp.hpp\n'}
[2.036887] (px4_msgs) StdoutLine: {'line': b'-- Up-to-date: /home/harsh/ros2_project/install/px4_msgs/include/px4_msgs/px4_msgs/msg/detail/ulog_stream__rosidl_typesupport_fastrtps_cpp.hpp\n'}
[2.036979] (px4_msgs) StdoutLine: {'line': b'-- Up-to-date: /home/harsh/ros2_project/install/px4_msgs/include/px4_msgs/px4_msgs/msg/detail/npfg_status__rosidl_typesupport_fastrtps_cpp.hpp\n'}
[2.037075] (px4_msgs) StdoutLine: {'line': b'-- Up-to-date: /home/harsh/ros2_project/install/px4_msgs/include/px4_msgs/px4_msgs/msg/detail/gripper__rosidl_typesupport_fastrtps_cpp.hpp\n'}
[2.037451] (px4_msgs) StdoutLine: {'line': b'-- Up-to-date: /home/harsh/ros2_project/install/px4_msgs/include/px4_msgs/px4_msgs/msg/detail/home_position__rosidl_typesupport_fastrtps_cpp.hpp\n'}
[2.037557] (px4_msgs) StdoutLine: {'line': b'-- Up-to-date: /home/harsh/ros2_project/install/px4_msgs/include/px4_msgs/px4_msgs/msg/detail/parameter_set_value_response__rosidl_typesupport_fastrtps_cpp.hpp\n'}
[2.037640] (px4_msgs) StdoutLine: {'line': b'-- Up-to-date: /home/harsh/ros2_project/install/px4_msgs/include/px4_msgs/px4_msgs/msg/detail/sensor_accel_fifo__rosidl_typesupport_fastrtps_cpp.hpp\n'}
[2.037716] (px4_msgs) StdoutLine: {'line': b'-- Up-to-date: /home/harsh/ros2_project/install/px4_msgs/include/px4_msgs/px4_msgs/msg/detail/landing_gear_wheel__rosidl_typesupport_fastrtps_cpp.hpp\n'}
[2.037793] (px4_msgs) StdoutLine: {'line': b'-- Up-to-date: /home/harsh/ros2_project/install/px4_msgs/include/px4_msgs/px4_msgs/msg/detail/vehicle_air_data__rosidl_typesupport_fastrtps_cpp.hpp\n'}
[2.037880] (px4_msgs) StdoutLine: {'line': b'-- Up-to-date: /home/harsh/ros2_project/install/px4_msgs/include/px4_msgs/px4_msgs/msg/detail/parameter_set_used_request__rosidl_typesupport_fastrtps_cpp.hpp\n'}
[2.037995] (px4_msgs) StdoutLine: {'line': b'-- Up-to-date: /home/harsh/ros2_project/install/px4_msgs/include/px4_msgs/px4_msgs/msg/detail/offboard_control_mode__rosidl_typesupport_fastrtps_cpp.hpp\n'}
[2.038109] (px4_msgs) StdoutLine: {'line': b'-- Up-to-date: /home/harsh/ros2_project/install/px4_msgs/include/px4_msgs/px4_msgs/msg/detail/goto_setpoint__rosidl_typesupport_fastrtps_cpp.hpp\n'}
[2.038218] (px4_msgs) StdoutLine: {'line': b'-- Up-to-date: /home/harsh/ros2_project/install/px4_msgs/include/px4_msgs/px4_msgs/msg/detail/vehicle_attitude_setpoint__rosidl_typesupport_fastrtps_cpp.hpp\n'}
[2.038536] (px4_msgs) StdoutLine: {'line': b'-- Up-to-date: /home/harsh/ros2_project/install/px4_msgs/include/px4_msgs/px4_msgs/msg/detail/estimator_aid_source1d__rosidl_typesupport_fastrtps_cpp.hpp\n'}
[2.038673] (px4_msgs) StdoutLine: {'line': b'-- Up-to-date: /home/harsh/ros2_project/install/px4_msgs/include/px4_msgs/px4_msgs/msg/detail/estimator_status__rosidl_typesupport_fastrtps_cpp.hpp\n'}
[2.038736] (px4_msgs) StdoutLine: {'line': b'-- Up-to-date: /home/harsh/ros2_project/install/px4_msgs/include/px4_msgs/px4_msgs/msg/detail/irlock_report__rosidl_typesupport_fastrtps_cpp.hpp\n'}
[2.038830] (px4_msgs) StdoutLine: {'line': b'-- Up-to-date: /home/harsh/ros2_project/install/px4_msgs/include/px4_msgs/px4_msgs/msg/detail/pwm_input__rosidl_typesupport_fastrtps_cpp.hpp\n'}
[2.038896] (px4_msgs) StdoutLine: {'line': b'-- Up-to-date: /home/harsh/ros2_project/install/px4_msgs/include/px4_msgs/px4_msgs/msg/detail/gimbal_device_attitude_status__rosidl_typesupport_fastrtps_cpp.hpp\n'}
[2.038966] (px4_msgs) StdoutLine: {'line': b'-- Up-to-date: /home/harsh/ros2_project/install/px4_msgs/include/px4_msgs/px4_msgs/msg/detail/failsafe_flags__rosidl_typesupport_fastrtps_cpp.hpp\n'}
[2.039037] (px4_msgs) StdoutLine: {'line': b'-- Up-to-date: /home/harsh/ros2_project/install/px4_msgs/include/px4_msgs/px4_msgs/msg/detail/timesync_status__rosidl_typesupport_fastrtps_cpp.hpp\n'}
[2.039098] (px4_msgs) StdoutLine: {'line': b'-- Up-to-date: /home/harsh/ros2_project/install/px4_msgs/include/px4_msgs/px4_msgs/msg/detail/velocity_limits__rosidl_typesupport_fastrtps_cpp.hpp\n'}
[2.039161] (px4_msgs) StdoutLine: {'line': b'-- Up-to-date: /home/harsh/ros2_project/install/px4_msgs/include/px4_msgs/px4_msgs/msg/detail/action_request__rosidl_typesupport_fastrtps_cpp.hpp\n'}
[2.039218] (px4_msgs) StdoutLine: {'line': b'-- Up-to-date: /home/harsh/ros2_project/install/px4_msgs/include/px4_msgs/px4_msgs/msg/detail/vehicle_magnetometer__rosidl_typesupport_fastrtps_cpp.hpp\n'}
[2.039376] (px4_msgs) StdoutLine: {'line': b'-- Up-to-date: /home/harsh/ros2_project/install/px4_msgs/include/px4_msgs/px4_msgs/msg/detail/power_monitor__rosidl_typesupport_fastrtps_cpp.hpp\n'}
[2.039449] (px4_msgs) StdoutLine: {'line': b'-- Up-to-date: /home/harsh/ros2_project/install/px4_msgs/include/px4_msgs/px4_msgs/msg/detail/vehicle_control_mode__rosidl_typesupport_fastrtps_cpp.hpp\n'}
[2.039540] (px4_msgs) StdoutLine: {'line': b'-- Up-to-date: /home/harsh/ros2_project/install/px4_msgs/include/px4_msgs/px4_msgs/msg/detail/led_control__rosidl_typesupport_fastrtps_cpp.hpp\n'}
[2.039624] (px4_msgs) StdoutLine: {'line': b'-- Up-to-date: /home/harsh/ros2_project/install/px4_msgs/include/px4_msgs/px4_msgs/msg/detail/esc_report__rosidl_typesupport_fastrtps_cpp.hpp\n'}
[2.039690] (px4_msgs) StdoutLine: {'line': b'-- Up-to-date: /home/harsh/ros2_project/install/px4_msgs/include/px4_msgs/px4_msgs/msg/detail/vehicle_thrust_setpoint__rosidl_typesupport_fastrtps_cpp.hpp\n'}
[2.039750] (px4_msgs) StdoutLine: {'line': b'-- Up-to-date: /home/harsh/ros2_project/install/px4_msgs/include/px4_msgs/px4_msgs/msg/detail/vehicle_global_position__rosidl_typesupport_fastrtps_cpp.hpp\n'}
[2.039840] (px4_msgs) StdoutLine: {'line': b'-- Up-to-date: /home/harsh/ros2_project/install/px4_msgs/include/px4_msgs/px4_msgs/msg/detail/vehicle_torque_setpoint__rosidl_typesupport_fastrtps_cpp.hpp\n'}
[2.039904] (px4_msgs) StdoutLine: {'line': b'-- Up-to-date: /home/harsh/ros2_project/install/px4_msgs/include/px4_msgs/px4_msgs/msg/detail/manual_control_switches__rosidl_typesupport_fastrtps_cpp.hpp\n'}
[2.039985] (px4_msgs) StdoutLine: {'line': b'-- Up-to-date: /home/harsh/ros2_project/install/px4_msgs/include/px4_msgs/px4_msgs/msg/detail/vehicle_trajectory_bezier__rosidl_typesupport_fastrtps_cpp.hpp\n'}
[2.040062] (px4_msgs) StdoutLine: {'line': b'-- Up-to-date: /home/harsh/ros2_project/install/px4_msgs/include/px4_msgs/px4_msgs/msg/detail/system_power__rosidl_typesupport_fastrtps_cpp.hpp\n'}
[2.040155] (px4_msgs) StdoutLine: {'line': b'-- Up-to-date: /home/harsh/ros2_project/install/px4_msgs/include/px4_msgs/px4_msgs/msg/detail/iridiumsbd_status__rosidl_typesupport_fastrtps_cpp.hpp\n'}
[2.040837] (px4_msgs) StdoutLine: {'line': b'-- Up-to-date: /home/harsh/ros2_project/install/px4_msgs/include/px4_msgs/px4_msgs/msg/detail/orb_test_large__rosidl_typesupport_fastrtps_cpp.hpp\n'}
[2.041070] (px4_msgs) StdoutLine: {'line': b'-- Up-to-date: /home/harsh/ros2_project/install/px4_msgs/include/px4_msgs/px4_msgs/msg/detail/sensor_gyro_fft__rosidl_typesupport_fastrtps_cpp.hpp\n'}
[2.041211] (px4_msgs) StdoutLine: {'line': b'-- Up-to-date: /home/harsh/ros2_project/install/px4_msgs/include/px4_msgs/px4_msgs/msg/detail/vehicle_odometry__rosidl_typesupport_fastrtps_cpp.hpp\n'}
[2.041386] (px4_msgs) StdoutLine: {'line': b'-- Up-to-date: /home/harsh/ros2_project/install/px4_msgs/include/px4_msgs/px4_msgs/msg/detail/figure_eight_status__rosidl_typesupport_fastrtps_cpp.hpp\n'}
[2.041551] (px4_msgs) StdoutLine: {'line': b'-- Up-to-date: /home/harsh/ros2_project/install/px4_msgs/include/px4_msgs/px4_msgs/msg/detail/estimator_innovations__rosidl_typesupport_fastrtps_cpp.hpp\n'}
[2.041647] (px4_msgs) StdoutLine: {'line': b'-- Up-to-date: /home/harsh/ros2_project/install/px4_msgs/include/px4_msgs/px4_msgs/msg/detail/follow_target_status__rosidl_typesupport_fastrtps_cpp.hpp\n'}
[2.041716] (px4_msgs) StdoutLine: {'line': b'-- Up-to-date: /home/harsh/ros2_project/install/px4_msgs/include/px4_msgs/px4_msgs/msg/detail/actuator_armed__rosidl_typesupport_fastrtps_cpp.hpp\n'}
[2.041792] (px4_msgs) StdoutLine: {'line': b'-- Up-to-date: /home/harsh/ros2_project/install/px4_msgs/include/px4_msgs/px4_msgs/msg/detail/wheel_encoders__rosidl_typesupport_fastrtps_cpp.hpp\n'}
[2.041919] (px4_msgs) StdoutLine: {'line': b'-- Up-to-date: /home/harsh/ros2_project/install/px4_msgs/include/px4_msgs/px4_msgs/msg/detail/qshell_req__rosidl_typesupport_fastrtps_cpp.hpp\n'}
[2.041987] (px4_msgs) StdoutLine: {'line': b'-- Up-to-date: /home/harsh/ros2_project/install/px4_msgs/include/px4_msgs/px4_msgs/msg/detail/rate_ctrl_status__rosidl_typesupport_fastrtps_cpp.hpp\n'}
[2.042059] (px4_msgs) StdoutLine: {'line': b'-- Up-to-date: /home/harsh/ros2_project/install/px4_msgs/include/px4_msgs/px4_msgs/msg/detail/satellite_info__rosidl_typesupport_fastrtps_cpp.hpp\n'}
[2.042143] (px4_msgs) StdoutLine: {'line': b'-- Up-to-date: /home/harsh/ros2_project/install/px4_msgs/include/px4_msgs/px4_msgs/msg/detail/gpio_out__rosidl_typesupport_fastrtps_cpp.hpp\n'}
[2.042221] (px4_msgs) StdoutLine: {'line': b'-- Up-to-date: /home/harsh/ros2_project/install/px4_msgs/include/px4_msgs/px4_msgs/msg/detail/sensor_hygrometer__rosidl_typesupport_fastrtps_cpp.hpp\n'}
[2.042323] (px4_msgs) StdoutLine: {'line': b'-- Up-to-date: /home/harsh/ros2_project/install/px4_msgs/include/px4_msgs/px4_msgs/msg/detail/mission__rosidl_typesupport_fastrtps_cpp.hpp\n'}
[2.042413] (px4_msgs) StdoutLine: {'line': b'-- Up-to-date: /home/harsh/ros2_project/install/px4_msgs/include/px4_msgs/px4_msgs/msg/detail/actuator_servos_trim__rosidl_typesupport_fastrtps_cpp.hpp\n'}
[2.042492] (px4_msgs) StdoutLine: {'line': b'-- Up-to-date: /home/harsh/ros2_project/install/px4_msgs/include/px4_msgs/px4_msgs/msg/detail/gimbal_manager_information__rosidl_typesupport_fastrtps_cpp.hpp\n'}
[2.042567] (px4_msgs) StdoutLine: {'line': b'-- Up-to-date: /home/harsh/ros2_project/install/px4_msgs/include/px4_msgs/px4_msgs/msg/detail/vehicle_rates_setpoint__rosidl_typesupport_fastrtps_cpp.hpp\n'}
[2.042722] (px4_msgs) StdoutLine: {'line': b'-- Up-to-date: /home/harsh/ros2_project/install/px4_msgs/include/px4_msgs/px4_msgs/msg/detail/estimator_bias3d__rosidl_typesupport_fastrtps_cpp.hpp\n'}
[2.042816] (px4_msgs) StdoutLine: {'line': b'-- Up-to-date: /home/harsh/ros2_project/install/px4_msgs/include/px4_msgs/px4_msgs/msg/detail/mount_orientation__rosidl_typesupport_fastrtps_cpp.hpp\n'}
[2.042881] (px4_msgs) StdoutLine: {'line': b'-- Up-to-date: /home/harsh/ros2_project/install/px4_msgs/include/px4_msgs/px4_msgs/msg/detail/gimbal_manager_set_manual_control__rosidl_typesupport_fastrtps_cpp.hpp\n'}
[2.042985] (px4_msgs) StdoutLine: {'line': b'-- Up-to-date: /home/harsh/ros2_project/install/px4_msgs/include/px4_msgs/px4_msgs/msg/detail/trajectory_waypoint__rosidl_typesupport_fastrtps_cpp.hpp\n'}
[2.043064] (px4_msgs) StdoutLine: {'line': b'-- Up-to-date: /home/harsh/ros2_project/install/px4_msgs/include/px4_msgs/px4_msgs/msg/detail/estimator_bias__rosidl_typesupport_fastrtps_cpp.hpp\n'}
[2.043140] (px4_msgs) StdoutLine: {'line': b'-- Up-to-date: /home/harsh/ros2_project/install/px4_msgs/include/px4_msgs/px4_msgs/msg/detail/vehicle_acceleration__rosidl_typesupport_fastrtps_cpp.hpp\n'}
[2.043214] (px4_msgs) StdoutLine: {'line': b'-- Up-to-date: /home/harsh/ros2_project/install/px4_msgs/include/px4_msgs/px4_msgs/msg/detail/sensor_optical_flow__rosidl_typesupport_fastrtps_cpp.hpp\n'}
[2.043376] (px4_msgs) StdoutLine: {'line': b'-- Up-to-date: /home/harsh/ros2_project/install/px4_msgs/include/px4_msgs/px4_msgs/msg/detail/generator_status__rosidl_typesupport_fastrtps_cpp.hpp\n'}
[2.043447] (px4_msgs) StdoutLine: {'line': b'-- Up-to-date: /home/harsh/ros2_project/install/px4_msgs/include/px4_msgs/px4_msgs/msg/detail/sensor_correction__rosidl_typesupport_fastrtps_cpp.hpp\n'}
[2.043520] (px4_msgs) StdoutLine: {'line': b'-- Up-to-date: /home/harsh/ros2_project/install/px4_msgs/include/px4_msgs/px4_msgs/msg/detail/orbit_status__rosidl_typesupport_fastrtps_cpp.hpp\n'}
[2.043597] (px4_msgs) StdoutLine: {'line': b'-- Up-to-date: /home/harsh/ros2_project/install/px4_msgs/include/px4_msgs/px4_msgs/msg/detail/sensors_status__rosidl_typesupport_fastrtps_cpp.hpp\n'}
[2.043674] (px4_msgs) StdoutLine: {'line': b'-- Up-to-date: /home/harsh/ros2_project/install/px4_msgs/include/px4_msgs/px4_msgs/msg/detail/gimbal_device_set_attitude__rosidl_typesupport_fastrtps_cpp.hpp\n'}
[2.043751] (px4_msgs) StdoutLine: {'line': b'-- Up-to-date: /home/harsh/ros2_project/install/px4_msgs/include/px4_msgs/px4_msgs/msg/detail/hover_thrust_estimate__rosidl_typesupport_fastrtps_cpp.hpp\n'}
[2.043820] (px4_msgs) StdoutLine: {'line': b'-- Up-to-date: /home/harsh/ros2_project/install/px4_msgs/include/px4_msgs/px4_msgs/msg/detail/differential_pressure__rosidl_typesupport_fastrtps_cpp.hpp\n'}
[2.043883] (px4_msgs) StdoutLine: {'line': b'-- Up-to-date: /home/harsh/ros2_project/install/px4_msgs/include/px4_msgs/px4_msgs/msg/detail/debug_key_value__rosidl_typesupport_fastrtps_cpp.hpp\n'}
[2.043945] (px4_msgs) StdoutLine: {'line': b'-- Up-to-date: /home/harsh/ros2_project/install/px4_msgs/include/px4_msgs/px4_msgs/msg/detail/follow_target_estimator__rosidl_typesupport_fastrtps_cpp.hpp\n'}
[2.044008] (px4_msgs) StdoutLine: {'line': b'-- Up-to-date: /home/harsh/ros2_project/install/px4_msgs/include/px4_msgs/px4_msgs/msg/detail/esc_status__rosidl_typesupport_fastrtps_cpp.hpp\n'}
[2.044071] (px4_msgs) StdoutLine: {'line': b'-- Up-to-date: /home/harsh/ros2_project/install/px4_msgs/include/px4_msgs/px4_msgs/msg/detail/sensor_selection__rosidl_typesupport_fastrtps_cpp.hpp\n'}
[2.044132] (px4_msgs) StdoutLine: {'line': b'-- Up-to-date: /home/harsh/ros2_project/install/px4_msgs/include/px4_msgs/px4_msgs/msg/detail/launch_detection_status__rosidl_typesupport_fastrtps_cpp.hpp\n'}
[2.044192] (px4_msgs) StdoutLine: {'line': b'-- Up-to-date: /home/harsh/ros2_project/install/px4_msgs/include/px4_msgs/px4_msgs/msg/detail/estimator_states__rosidl_typesupport_fastrtps_cpp.hpp\n'}
[2.044324] (px4_msgs) StdoutLine: {'line': b'-- Up-to-date: /home/harsh/ros2_project/install/px4_msgs/include/px4_msgs/px4_msgs/msg/detail/vehicle_attitude__rosidl_typesupport_fastrtps_cpp.hpp\n'}
[2.044418] (px4_msgs) StdoutLine: {'line': b'-- Up-to-date: /home/harsh/ros2_project/install/px4_msgs/include/px4_msgs/px4_msgs/msg/detail/airspeed__rosidl_typesupport_fastrtps_cpp.hpp\n'}
[2.044486] (px4_msgs) StdoutLine: {'line': b'-- Up-to-date: /home/harsh/ros2_project/install/px4_msgs/include/px4_msgs/px4_msgs/msg/detail/dataman_response__rosidl_typesupport_fastrtps_cpp.hpp\n'}
[2.044554] (px4_msgs) StdoutLine: {'line': b'-- Up-to-date: /home/harsh/ros2_project/install/px4_msgs/include/px4_msgs/px4_msgs/msg/detail/tune_control__rosidl_typesupport_fastrtps_cpp.hpp\n'}
[2.044621] (px4_msgs) StdoutLine: {'line': b'-- Up-to-date: /home/harsh/ros2_project/install/px4_msgs/include/px4_msgs/px4_msgs/msg/detail/config_overrides__rosidl_typesupport_fastrtps_cpp.hpp\n'}
[2.044683] (px4_msgs) StdoutLine: {'line': b'-- Up-to-date: /home/harsh/ros2_project/install/px4_msgs/include/px4_msgs/px4_msgs/msg/detail/gps_dump__rosidl_typesupport_fastrtps_cpp.hpp\n'}
[2.044742] (px4_msgs) StdoutLine: {'line': b'-- Up-to-date: /home/harsh/ros2_project/install/px4_msgs/include/px4_msgs/px4_msgs/msg/detail/vehicle_trajectory_waypoint__rosidl_typesupport_fastrtps_cpp.hpp\n'}
[2.044823] (px4_msgs) StdoutLine: {'line': b'-- Up-to-date: /home/harsh/ros2_project/install/px4_msgs/include/px4_msgs/px4_msgs/msg/detail/geofence_result__rosidl_typesupport_fastrtps_cpp.hpp\n'}
[2.044881] (px4_msgs) StdoutLine: {'line': b'-- Up-to-date: /home/harsh/ros2_project/install/px4_msgs/include/px4_msgs/px4_msgs/msg/detail/gpio_config__rosidl_typesupport_fastrtps_cpp.hpp\n'}
[2.044943] (px4_msgs) StdoutLine: {'line': b'-- Up-to-date: /home/harsh/ros2_project/install/px4_msgs/include/px4_msgs/px4_msgs/msg/detail/autotune_attitude_control_status__rosidl_typesupport_fastrtps_cpp.hpp\n'}
[2.045003] (px4_msgs) StdoutLine: {'line': b'-- Up-to-date: /home/harsh/ros2_project/install/px4_msgs/include/px4_msgs/px4_msgs/msg/detail/actuator_test__rosidl_typesupport_fastrtps_cpp.hpp\n'}
[2.045063] (px4_msgs) StdoutLine: {'line': b'-- Up-to-date: /home/harsh/ros2_project/install/px4_msgs/include/px4_msgs/px4_msgs/msg/detail/estimator_sensor_bias__rosidl_typesupport_fastrtps_cpp.hpp\n'}
[2.045121] (px4_msgs) StdoutLine: {'line': b'-- Up-to-date: /home/harsh/ros2_project/install/px4_msgs/include/px4_msgs/px4_msgs/msg/detail/airspeed_wind__rosidl_typesupport_fastrtps_cpp.hpp\n'}
[2.045179] (px4_msgs) StdoutLine: {'line': b'-- Up-to-date: /home/harsh/ros2_project/install/px4_msgs/include/px4_msgs/px4_msgs/msg/detail/position_setpoint__rosidl_typesupport_fastrtps_cpp.hpp\n'}
[2.045245] (px4_msgs) StdoutLine: {'line': b'-- Up-to-date: /home/harsh/ros2_project/install/px4_msgs/include/px4_msgs/px4_msgs/msg/detail/camera_trigger__rosidl_typesupport_fastrtps_cpp.hpp\n'}
[2.045308] (px4_msgs) StdoutLine: {'line': b'-- Up-to-date: /home/harsh/ros2_project/install/px4_msgs/include/px4_msgs/px4_msgs/msg/detail/parameter_update__rosidl_typesupport_fastrtps_cpp.hpp\n'}
[2.045366] (px4_msgs) StdoutLine: {'line': b'-- Up-to-date: /home/harsh/ros2_project/install/px4_msgs/include/px4_msgs/px4_msgs/msg/detail/yaw_estimator_status__rosidl_typesupport_fastrtps_cpp.hpp\n'}
[2.045425] (px4_msgs) StdoutLine: {'line': b'-- Up-to-date: /home/harsh/ros2_project/install/px4_msgs/include/px4_msgs/px4_msgs/msg/detail/normalized_unsigned_setpoint__rosidl_typesupport_fastrtps_cpp.hpp\n'}
[2.045483] (px4_msgs) StdoutLine: {'line': b'-- Up-to-date: /home/harsh/ros2_project/install/px4_msgs/include/px4_msgs/px4_msgs/msg/detail/tecs_status__rosidl_typesupport_fastrtps_cpp.hpp\n'}
[2.045547] (px4_msgs) StdoutLine: {'line': b'-- Up-to-date: /home/harsh/ros2_project/install/px4_msgs/include/px4_msgs/px4_msgs/msg/detail/uavcan_parameter_value__rosidl_typesupport_fastrtps_cpp.hpp\n'}
[2.045610] (px4_msgs) StdoutLine: {'line': b'-- Up-to-date: /home/harsh/ros2_project/install/px4_msgs/include/px4_msgs/px4_msgs/msg/detail/vehicle_roi__rosidl_typesupport_fastrtps_cpp.hpp\n'}
[2.045683] (px4_msgs) StdoutLine: {'line': b'-- Up-to-date: /home/harsh/ros2_project/install/px4_msgs/include/px4_msgs/px4_msgs/msg/detail/rtl_time_estimate__rosidl_typesupport_fastrtps_cpp.hpp\n'}
[2.045745] (px4_msgs) StdoutLine: {'line': b'-- Up-to-date: /home/harsh/ros2_project/install/px4_msgs/include/px4_msgs/px4_msgs/msg/detail/estimator_aid_source2d__rosidl_typesupport_fastrtps_cpp.hpp\n'}
[2.045803] (px4_msgs) StdoutLine: {'line': b'-- Up-to-date: /home/harsh/ros2_project/install/px4_msgs/include/px4_msgs/px4_msgs/msg/detail/debug_value__rosidl_typesupport_fastrtps_cpp.hpp\n'}
[2.045862] (px4_msgs) StdoutLine: {'line': b'-- Up-to-date: /home/harsh/ros2_project/install/px4_msgs/include/px4_msgs/px4_msgs/msg/detail/parameter_reset_request__rosidl_typesupport_fastrtps_cpp.hpp\n'}
[2.045924] (px4_msgs) StdoutLine: {'line': b'-- Up-to-date: /home/harsh/ros2_project/install/px4_msgs/include/px4_msgs/px4_msgs/msg/detail/register_ext_component_request__rosidl_typesupport_fastrtps_cpp.hpp\n'}
[2.046020] (px4_msgs) StdoutLine: {'line': b'-- Up-to-date: /home/harsh/ros2_project/install/px4_msgs/include/px4_msgs/px4_msgs/msg/detail/vehicle_angular_velocity__rosidl_typesupport_fastrtps_cpp.hpp\n'}
[2.046091] (px4_msgs) StdoutLine: {'line': b'-- Up-to-date: /home/harsh/ros2_project/install/px4_msgs/include/px4_msgs/px4_msgs/msg/detail/dds_fastrtps\n'}
[2.046173] (px4_msgs) StdoutLine: {'line': b'-- Up-to-date: /home/harsh/ros2_project/install/px4_msgs/include/px4_msgs/px4_msgs/msg/detail/actuator_motors__rosidl_typesupport_fastrtps_cpp.hpp\n'}
[2.046266] (px4_msgs) StdoutLine: {'line': b'-- Up-to-date: /home/harsh/ros2_project/install/px4_msgs/include/px4_msgs/px4_msgs/msg/detail/vehicle_imu__rosidl_typesupport_fastrtps_cpp.hpp\n'}
[2.046337] (px4_msgs) StdoutLine: {'line': b'-- Up-to-date: /home/harsh/ros2_project/install/px4_msgs/include/px4_msgs/px4_msgs/msg/detail/position_controller_landing_status__rosidl_typesupport_fastrtps_cpp.hpp\n'}
[2.046414] (px4_msgs) StdoutLine: {'line': b'-- Up-to-date: /home/harsh/ros2_project/install/px4_msgs/include/px4_msgs/px4_msgs/msg/detail/heater_status__rosidl_typesupport_fastrtps_cpp.hpp\n'}
[2.046492] (px4_msgs) StdoutLine: {'line': b'-- Up-to-date: /home/harsh/ros2_project/install/px4_msgs/include/px4_msgs/px4_msgs/msg/detail/can_interface_status__rosidl_typesupport_fastrtps_cpp.hpp\n'}
[2.046576] (px4_msgs) StdoutLine: {'line': b'-- Up-to-date: /home/harsh/ros2_project/install/px4_msgs/include/px4_msgs/px4_msgs/msg/detail/transponder_report__rosidl_typesupport_fastrtps_cpp.hpp\n'}
[2.046659] (px4_msgs) StdoutLine: {'line': b'-- Up-to-date: /home/harsh/ros2_project/install/px4_msgs/include/px4_msgs/px4_msgs/msg/detail/follow_target__rosidl_typesupport_fastrtps_cpp.hpp\n'}
[2.046736] (px4_msgs) StdoutLine: {'line': b'-- Up-to-date: /home/harsh/ros2_project/install/px4_msgs/include/px4_msgs/px4_msgs/msg/detail/internal_combustion_engine_status__rosidl_typesupport_fastrtps_cpp.hpp\n'}
[2.046881] (px4_msgs) StdoutLine: {'line': b'-- Up-to-date: /home/harsh/ros2_project/install/px4_msgs/include/px4_msgs/px4_msgs/msg/detail/sensor_gnss_relative__rosidl_typesupport_fastrtps_cpp.hpp\n'}
[2.046960] (px4_msgs) StdoutLine: {'line': b'-- Up-to-date: /home/harsh/ros2_project/install/px4_msgs/include/px4_msgs/px4_msgs/msg/detail/landing_target_pose__rosidl_typesupport_fastrtps_cpp.hpp\n'}
[2.047040] (px4_msgs) StdoutLine: {'line': b'-- Up-to-date: /home/harsh/ros2_project/install/px4_msgs/include/px4_msgs/px4_msgs/msg/detail/wind__rosidl_typesupport_fastrtps_cpp.hpp\n'}
[2.047117] (px4_msgs) StdoutLine: {'line': b'-- Up-to-date: /home/harsh/ros2_project/install/px4_msgs/include/px4_msgs/px4_msgs/msg/detail/actuator_servos__rosidl_typesupport_fastrtps_cpp.hpp\n'}
[2.047203] (px4_msgs) StdoutLine: {'line': b'-- Up-to-date: /home/harsh/ros2_project/install/px4_msgs/include/px4_msgs/px4_msgs/msg/detail/estimator_gps_status__rosidl_typesupport_fastrtps_cpp.hpp\n'}
[2.047458] (px4_msgs) StdoutLine: {'line': b'-- Up-to-date: /home/harsh/ros2_project/install/px4_msgs/include/px4_msgs/px4_msgs/msg/detail/vehicle_command_ack__rosidl_typesupport_fastrtps_cpp.hpp\n'}
[2.047599] (px4_msgs) StdoutLine: {'line': b'-- Up-to-date: /home/harsh/ros2_project/install/px4_msgs/include/px4_msgs/px4_msgs/msg/detail/event__rosidl_typesupport_fastrtps_cpp.hpp\n'}
[2.047676] (px4_msgs) StdoutLine: {'line': b'-- Up-to-date: /home/harsh/ros2_project/install/px4_msgs/include/px4_msgs/px4_msgs/msg/detail/vehicle_imu_status__rosidl_typesupport_fastrtps_cpp.hpp\n'}
[2.047740] (px4_msgs) StdoutLine: {'line': b'-- Up-to-date: /home/harsh/ros2_project/install/px4_msgs/include/px4_msgs/px4_msgs/msg/detail/radio_status__rosidl_typesupport_fastrtps_cpp.hpp\n'}
[2.047801] (px4_msgs) StdoutLine: {'line': b'-- Up-to-date: /home/harsh/ros2_project/install/px4_msgs/include/px4_msgs/px4_msgs/msg/detail/estimator_event_flags__rosidl_typesupport_fastrtps_cpp.hpp\n'}
[2.047860] (px4_msgs) StdoutLine: {'line': b'-- Up-to-date: /home/harsh/ros2_project/install/px4_msgs/include/px4_msgs/px4_msgs/msg/detail/magnetometer_bias_estimate__rosidl_typesupport_fastrtps_cpp.hpp\n'}
[2.047919] (px4_msgs) StdoutLine: {'line': b'-- Up-to-date: /home/harsh/ros2_project/install/px4_msgs/include/px4_msgs/px4_msgs/msg/detail/gps_inject_data__rosidl_typesupport_fastrtps_cpp.hpp\n'}
[2.047978] (px4_msgs) StdoutLine: {'line': b'-- Up-to-date: /home/harsh/ros2_project/install/px4_msgs/include/px4_msgs/px4_msgs/msg/detail/cpuload__rosidl_typesupport_fastrtps_cpp.hpp\n'}
[2.048055] (px4_msgs) StdoutLine: {'line': b'-- Up-to-date: /home/harsh/ros2_project/install/px4_msgs/include/px4_msgs/px4_msgs/msg/detail/rtl_status__rosidl_typesupport_fastrtps_cpp.hpp\n'}
[2.048114] (px4_msgs) StdoutLine: {'line': b'-- Up-to-date: /home/harsh/ros2_project/install/px4_msgs/include/px4_msgs/px4_msgs/msg/detail/vehicle_optical_flow__rosidl_typesupport_fastrtps_cpp.hpp\n'}
[2.048172] (px4_msgs) StdoutLine: {'line': b'-- Up-to-date: /home/harsh/ros2_project/install/px4_msgs/include/px4_msgs/px4_msgs/msg/detail/mission_result__rosidl_typesupport_fastrtps_cpp.hpp\n'}
[2.048260] (px4_msgs) StdoutLine: {'line': b'-- Up-to-date: /home/harsh/ros2_project/install/px4_msgs/include/px4_msgs/px4_msgs/msg/detail/estimator_aid_source3d__rosidl_typesupport_fastrtps_cpp.hpp\n'}
[2.048325] (px4_msgs) StdoutLine: {'line': b'-- Up-to-date: /home/harsh/ros2_project/install/px4_msgs/include/px4_msgs/px4_msgs/msg/detail/mag_worker_data__rosidl_typesupport_fastrtps_cpp.hpp\n'}
[2.048383] (px4_msgs) StdoutLine: {'line': b'-- Up-to-date: /home/harsh/ros2_project/install/px4_msgs/include/px4_msgs/px4_msgs/msg/detail/pps_capture__rosidl_typesupport_fastrtps_cpp.hpp\n'}
[2.048441] (px4_msgs) StdoutLine: {'line': b'-- Up-to-date: /home/harsh/ros2_project/install/px4_msgs/include/px4_msgs/px4_msgs/msg/detail/orb_test_medium__rosidl_typesupport_fastrtps_cpp.hpp\n'}
[2.048498] (px4_msgs) StdoutLine: {'line': b'-- Up-to-date: /home/harsh/ros2_project/install/px4_msgs/include/px4_msgs/px4_msgs/msg/detail/ekf2_timestamps__rosidl_typesupport_fastrtps_cpp.hpp\n'}
[2.048556] (px4_msgs) StdoutLine: {'line': b'-- Up-to-date: /home/harsh/ros2_project/install/px4_msgs/include/px4_msgs/px4_msgs/msg/detail/uavcan_parameter_request__rosidl_typesupport_fastrtps_cpp.hpp\n'}
[2.048611] (px4_msgs) StdoutLine: {'line': b'-- Up-to-date: /home/harsh/ros2_project/install/px4_msgs/include/px4_msgs/px4_msgs/msg/detail/arming_check_reply__rosidl_typesupport_fastrtps_cpp.hpp\n'}
[2.048667] (px4_msgs) StdoutLine: {'line': b'-- Up-to-date: /home/harsh/ros2_project/install/px4_msgs/include/px4_msgs/px4_msgs/msg/detail/ulog_stream_ack__rosidl_typesupport_fastrtps_cpp.hpp\n'}
[2.048721] (px4_msgs) StdoutLine: {'line': b'-- Up-to-date: /home/harsh/ros2_project/install/px4_msgs/include/px4_msgs/px4_msgs/msg/detail/ping__rosidl_typesupport_fastrtps_cpp.hpp\n'}
[2.048778] (px4_msgs) StdoutLine: {'line': b'-- Up-to-date: /home/harsh/ros2_project/install/px4_msgs/include/px4_msgs/px4_msgs/msg/detail/estimator_status_flags__rosidl_typesupport_fastrtps_cpp.hpp\n'}
[2.048834] (px4_msgs) StdoutLine: {'line': b'-- Up-to-date: /home/harsh/ros2_project/install/px4_msgs/include/px4_msgs/px4_msgs/msg/detail/gpio_in__rosidl_typesupport_fastrtps_cpp.hpp\n'}
[2.048890] (px4_msgs) StdoutLine: {'line': b'-- Up-to-date: /home/harsh/ros2_project/install/px4_msgs/include/px4_msgs/px4_msgs/msg/detail/landing_gear__rosidl_typesupport_fastrtps_cpp.hpp\n'}
[2.048953] (px4_msgs) StdoutLine: {'line': b'-- Up-to-date: /home/harsh/ros2_project/install/px4_msgs/include/px4_msgs/px4_msgs/msg/detail/debug_vect__rosidl_typesupport_fastrtps_cpp.hpp\n'}
[2.049014] (px4_msgs) StdoutLine: {'line': b'-- Up-to-date: /home/harsh/ros2_project/install/px4_msgs/include/px4_msgs/px4_msgs/msg/detail/gimbal_manager_set_attitude__rosidl_typesupport_fastrtps_cpp.hpp\n'}
[2.049135] (px4_msgs) StdoutLine: {'line': b'-- Up-to-date: /home/harsh/ros2_project/install/px4_msgs/include/px4_msgs/px4_msgs/msg/detail/mode_completed__rosidl_typesupport_fastrtps_cpp.hpp\n'}
[2.049198] (px4_msgs) StdoutLine: {'line': b'-- Up-to-date: /home/harsh/ros2_project/install/px4_msgs/include/px4_msgs/px4_msgs/msg/detail/vehicle_command__rosidl_typesupport_fastrtps_cpp.hpp\n'}
[2.049276] (px4_msgs) StdoutLine: {'line': b'-- Up-to-date: /home/harsh/ros2_project/install/px4_msgs/include/px4_msgs/px4_msgs/msg/detail/log_message__rosidl_typesupport_fastrtps_cpp.hpp\n'}
[2.049338] (px4_msgs) StdoutLine: {'line': b'-- Up-to-date: /home/harsh/ros2_project/install/px4_msgs/include/px4_msgs/px4_msgs/msg/detail/tiltrotor_extra_controls__rosidl_typesupport_fastrtps_cpp.hpp\n'}
[2.049430] (px4_msgs) StdoutLine: {'line': b'-- Up-to-date: /home/harsh/ros2_project/install/px4_msgs/include/px4_msgs/px4_msgs/msg/detail/telemetry_status__rosidl_typesupport_fastrtps_cpp.hpp\n'}
[2.049484] (px4_msgs) StdoutLine: {'line': b'-- Up-to-date: /home/harsh/ros2_project/install/px4_msgs/include/px4_msgs/px4_msgs/msg/detail/takeoff_status__rosidl_typesupport_fastrtps_cpp.hpp\n'}
[2.049538] (px4_msgs) StdoutLine: {'line': b'-- Up-to-date: /home/harsh/ros2_project/install/px4_msgs/include/px4_msgs/px4_msgs/msg/detail/sensor_airflow__rosidl_typesupport_fastrtps_cpp.hpp\n'}
[2.049591] (px4_msgs) StdoutLine: {'line': b'-- Up-to-date: /home/harsh/ros2_project/install/px4_msgs/include/px4_msgs/px4_msgs/msg/detail/orb_test__rosidl_typesupport_fastrtps_cpp.hpp\n'}
[2.049644] (px4_msgs) StdoutLine: {'line': b'-- Up-to-date: /home/harsh/ros2_project/install/px4_msgs/include/px4_msgs/px4_msgs/msg/detail/unregister_ext_component__rosidl_typesupport_fastrtps_cpp.hpp\n'}
[2.049697] (px4_msgs) StdoutLine: {'line': b'-- Up-to-date: /home/harsh/ros2_project/install/px4_msgs/include/px4_msgs/px4_msgs/msg/detail/adc_report__rosidl_typesupport_fastrtps_cpp.hpp\n'}
[2.049753] (px4_msgs) StdoutLine: {'line': b'-- Up-to-date: /home/harsh/ros2_project/install/px4_msgs/include/px4_msgs/px4_msgs/msg/detail/gpio_request__rosidl_typesupport_fastrtps_cpp.hpp\n'}
[2.049809] (px4_msgs) StdoutLine: {'line': b'-- Up-to-date: /home/harsh/ros2_project/install/px4_msgs/include/px4_msgs/px4_msgs/msg/detail/vehicle_local_position_setpoint__rosidl_typesupport_fastrtps_cpp.hpp\n'}
[2.049886] (px4_msgs) StdoutLine: {'line': b'-- Up-to-date: /home/harsh/ros2_project/install/px4_msgs/include/px4_msgs/px4_msgs/msg/detail/battery_status__rosidl_typesupport_fastrtps_cpp.hpp\n'}
[2.049942] (px4_msgs) StdoutLine: {'line': b'-- Up-to-date: /home/harsh/ros2_project/install/px4_msgs/include/px4_msgs/px4_msgs/srv\n'}
[2.049996] (px4_msgs) StdoutLine: {'line': b'-- Up-to-date: /home/harsh/ros2_project/install/px4_msgs/include/px4_msgs/px4_msgs/srv/detail\n'}
[2.050048] (px4_msgs) StdoutLine: {'line': b'-- Up-to-date: /home/harsh/ros2_project/install/px4_msgs/include/px4_msgs/px4_msgs/srv/detail/dds_fastrtps\n'}
[2.050101] (px4_msgs) StdoutLine: {'line': b'-- Up-to-date: /home/harsh/ros2_project/install/px4_msgs/include/px4_msgs/px4_msgs/srv/detail/vehicle_command__rosidl_typesupport_fastrtps_cpp.hpp\n'}
[2.050153] (px4_msgs) StdoutLine: {'line': b'-- Up-to-date: /home/harsh/ros2_project/install/px4_msgs/lib/libpx4_msgs__rosidl_typesupport_fastrtps_cpp.so\n'}
[2.050217] (px4_msgs) StdoutLine: {'line': b'-- Up-to-date: /home/harsh/ros2_project/install/px4_msgs/include/px4_msgs/px4_msgs\n'}
[2.050313] (px4_msgs) StdoutLine: {'line': b'-- Up-to-date: /home/harsh/ros2_project/install/px4_msgs/include/px4_msgs/px4_msgs/msg\n'}
[2.050379] (px4_msgs) StdoutLine: {'line': b'-- Up-to-date: /home/harsh/ros2_project/install/px4_msgs/include/px4_msgs/px4_msgs/msg/rosidl_typesupport_introspection_c__visibility_control.h\n'}
[2.050437] (px4_msgs) StdoutLine: {'line': b'-- Up-to-date: /home/harsh/ros2_project/install/px4_msgs/include/px4_msgs/px4_msgs/msg/detail\n'}
[2.050496] (px4_msgs) StdoutLine: {'line': b'-- Up-to-date: /home/harsh/ros2_project/install/px4_msgs/include/px4_msgs/px4_msgs/msg/detail/hover_thrust_estimate__rosidl_typesupport_introspection_c.h\n'}
[2.050553] (px4_msgs) StdoutLine: {'line': b'-- Up-to-date: /home/harsh/ros2_project/install/px4_msgs/include/px4_msgs/px4_msgs/msg/detail/wind__rosidl_typesupport_introspection_c.h\n'}
[2.050612] (px4_msgs) StdoutLine: {'line': b'-- Installing: /home/harsh/ros2_project/install/px4_msgs/include/px4_msgs/px4_msgs/msg/detail/vehicle_magnetometer__type_support.c\n'}
[2.050687] (px4_msgs) StdoutLine: {'line': b'-- Installing: /home/harsh/ros2_project/install/px4_msgs/include/px4_msgs/px4_msgs/msg/detail/dataman_response__type_support.c\n'}
[2.050780] (px4_msgs) StdoutLine: {'line': b'-- Installing: /home/harsh/ros2_project/install/px4_msgs/include/px4_msgs/px4_msgs/msg/detail/sensor_gyro_fifo__type_support.c\n'}
[2.050986] (px4_msgs) StdoutLine: {'line': b'-- Up-to-date: /home/harsh/ros2_project/install/px4_msgs/include/px4_msgs/px4_msgs/msg/detail/obstacle_distance__rosidl_typesupport_introspection_c.h\n'}
[2.051313] (px4_msgs) StdoutLine: {'line': b'-- Up-to-date: /home/harsh/ros2_project/install/px4_msgs/include/px4_msgs/px4_msgs/msg/detail/gps_inject_data__rosidl_typesupport_introspection_c.h\n'}
[2.051526] (px4_msgs) StdoutLine: {'line': b'-- Up-to-date: /home/harsh/ros2_project/install/px4_msgs/include/px4_msgs/px4_msgs/msg/detail/actuator_controls_status__rosidl_typesupport_introspection_c.h\n'}
[2.051675] (px4_msgs) StdoutLine: {'line': b'-- Installing: /home/harsh/ros2_project/install/px4_msgs/include/px4_msgs/px4_msgs/msg/detail/sensor_accel__type_support.c\n'}
[2.051811] (px4_msgs) StdoutLine: {'line': b'-- Up-to-date: /home/harsh/ros2_project/install/px4_msgs/include/px4_msgs/px4_msgs/msg/detail/rtl_status__rosidl_typesupport_introspection_c.h\n'}
[2.051953] (px4_msgs) StdoutLine: {'line': b'-- Up-to-date: /home/harsh/ros2_project/install/px4_msgs/include/px4_msgs/px4_msgs/msg/detail/estimator_aid_source2d__rosidl_typesupport_introspection_c.h\n'}
[2.052092] (px4_msgs) StdoutLine: {'line': b'-- Installing: /home/harsh/ros2_project/install/px4_msgs/include/px4_msgs/px4_msgs/msg/detail/goto_setpoint__type_support.c\n'}
[2.052279] (px4_msgs) StdoutLine: {'line': b'-- Installing: /home/harsh/ros2_project/install/px4_msgs/include/px4_msgs/px4_msgs/msg/detail/power_monitor__type_support.c\n'}
[2.052473] (px4_msgs) StdoutLine: {'line': b'-- Up-to-date: /home/harsh/ros2_project/install/px4_msgs/include/px4_msgs/px4_msgs/msg/detail/parameter_set_value_response__rosidl_typesupport_introspection_c.h\n'}
[2.052602] (px4_msgs) StdoutLine: {'line': b'-- Up-to-date: /home/harsh/ros2_project/install/px4_msgs/include/px4_msgs/px4_msgs/msg/detail/pwm_input__rosidl_typesupport_introspection_c.h\n'}
[2.052728] (px4_msgs) StdoutLine: {'line': b'-- Installing: /home/harsh/ros2_project/install/px4_msgs/include/px4_msgs/px4_msgs/msg/detail/sensor_mag__type_support.c\n'}
[2.052855] (px4_msgs) StdoutLine: {'line': b'-- Installing: /home/harsh/ros2_project/install/px4_msgs/include/px4_msgs/px4_msgs/msg/detail/mode_completed__type_support.c\n'}
[2.053008] (px4_msgs) StdoutLine: {'line': b'-- Installing: /home/harsh/ros2_project/install/px4_msgs/include/px4_msgs/px4_msgs/msg/detail/sensors_status_imu__type_support.c\n'}
[2.053151] (px4_msgs) StdoutLine: {'line': b'-- Up-to-date: /home/harsh/ros2_project/install/px4_msgs/include/px4_msgs/px4_msgs/msg/detail/led_control__rosidl_typesupport_introspection_c.h\n'}
[2.053219] (px4_msgs) StdoutLine: {'line': b'-- Installing: /home/harsh/ros2_project/install/px4_msgs/include/px4_msgs/px4_msgs/msg/detail/wind__type_support.c\n'}
[2.053310] (px4_msgs) StdoutLine: {'line': b'-- Up-to-date: /home/harsh/ros2_project/install/px4_msgs/include/px4_msgs/px4_msgs/msg/detail/vehicle_trajectory_waypoint__rosidl_typesupport_introspection_c.h\n'}
[2.053372] (px4_msgs) StdoutLine: {'line': b'-- Up-to-date: /home/harsh/ros2_project/install/px4_msgs/include/px4_msgs/px4_msgs/msg/detail/rpm__rosidl_typesupport_introspection_c.h\n'}
[2.053429] (px4_msgs) StdoutLine: {'line': b'-- Up-to-date: /home/harsh/ros2_project/install/px4_msgs/include/px4_msgs/px4_msgs/msg/detail/vtol_vehicle_status__rosidl_typesupport_introspection_c.h\n'}
[2.053487] (px4_msgs) StdoutLine: {'line': b'-- Installing: /home/harsh/ros2_project/install/px4_msgs/include/px4_msgs/px4_msgs/msg/detail/uavcan_parameter_value__type_support.c\n'}
[2.053546] (px4_msgs) StdoutLine: {'line': b'-- Up-to-date: /home/harsh/ros2_project/install/px4_msgs/include/px4_msgs/px4_msgs/msg/detail/sensor_accel__rosidl_typesupport_introspection_c.h\n'}
[2.053605] (px4_msgs) StdoutLine: {'line': b'-- Up-to-date: /home/harsh/ros2_project/install/px4_msgs/include/px4_msgs/px4_msgs/msg/detail/cpuload__rosidl_typesupport_introspection_c.h\n'}
[2.053675] (px4_msgs) StdoutLine: {'line': b'-- Installing: /home/harsh/ros2_project/install/px4_msgs/include/px4_msgs/px4_msgs/msg/detail/sensor_gps__type_support.c\n'}
[2.053730] (px4_msgs) StdoutLine: {'line': b'-- Installing: /home/harsh/ros2_project/install/px4_msgs/include/px4_msgs/px4_msgs/msg/detail/vehicle_constraints__type_support.c\n'}
[2.053789] (px4_msgs) StdoutLine: {'line': b'-- Up-to-date: /home/harsh/ros2_project/install/px4_msgs/include/px4_msgs/px4_msgs/msg/detail/follow_target__rosidl_typesupport_introspection_c.h\n'}
[2.053846] (px4_msgs) StdoutLine: {'line': b'-- Installing: /home/harsh/ros2_project/install/px4_msgs/include/px4_msgs/px4_msgs/msg/detail/launch_detection_status__type_support.c\n'}
[2.053904] (px4_msgs) StdoutLine: {'line': b'-- Installing: /home/harsh/ros2_project/install/px4_msgs/include/px4_msgs/px4_msgs/msg/detail/manual_control_setpoint__type_support.c\n'}
[2.053964] (px4_msgs) StdoutLine: {'line': b'-- Installing: /home/harsh/ros2_project/install/px4_msgs/include/px4_msgs/px4_msgs/msg/detail/estimator_bias3d__type_support.c\n'}
[2.054026] (px4_msgs) StdoutLine: {'line': b'-- Installing: /home/harsh/ros2_project/install/px4_msgs/include/px4_msgs/px4_msgs/msg/detail/pwm_input__type_support.c\n'}
[2.054092] (px4_msgs) StdoutLine: {'line': b'-- Up-to-date: /home/harsh/ros2_project/install/px4_msgs/include/px4_msgs/px4_msgs/msg/detail/sensor_gnss_relative__rosidl_typesupport_introspection_c.h\n'}
[2.054166] (px4_msgs) StdoutLine: {'line': b'-- Up-to-date: /home/harsh/ros2_project/install/px4_msgs/include/px4_msgs/px4_msgs/msg/detail/mission_result__rosidl_typesupport_introspection_c.h\n'}
[2.054247] (px4_msgs) StdoutLine: {'line': b'-- Up-to-date: /home/harsh/ros2_project/install/px4_msgs/include/px4_msgs/px4_msgs/msg/detail/sensors_status_imu__rosidl_typesupport_introspection_c.h\n'}
[2.054344] (px4_msgs) StdoutLine: {'line': b'-- Installing: /home/harsh/ros2_project/install/px4_msgs/include/px4_msgs/px4_msgs/msg/detail/irlock_report__type_support.c\n'}
[2.054400] (px4_msgs) StdoutLine: {'line': b'-- Installing: /home/harsh/ros2_project/install/px4_msgs/include/px4_msgs/px4_msgs/msg/detail/actuator_servos_trim__type_support.c\n'}
[2.054468] (px4_msgs) StdoutLine: {'line': b'-- Up-to-date: /home/harsh/ros2_project/install/px4_msgs/include/px4_msgs/px4_msgs/msg/detail/qshell_req__rosidl_typesupport_introspection_c.h\n'}
[2.054536] (px4_msgs) StdoutLine: {'line': b'-- Up-to-date: /home/harsh/ros2_project/install/px4_msgs/include/px4_msgs/px4_msgs/msg/detail/trajectory_waypoint__rosidl_typesupport_introspection_c.h\n'}
[2.054603] (px4_msgs) StdoutLine: {'line': b'-- Installing: /home/harsh/ros2_project/install/px4_msgs/include/px4_msgs/px4_msgs/msg/detail/generator_status__type_support.c\n'}
[2.054676] (px4_msgs) StdoutLine: {'line': b'-- Up-to-date: /home/harsh/ros2_project/install/px4_msgs/include/px4_msgs/px4_msgs/msg/detail/gpio_request__rosidl_typesupport_introspection_c.h\n'}
[2.054895] (px4_msgs) StdoutLine: {'line': b'-- Up-to-date: /home/harsh/ros2_project/install/px4_msgs/include/px4_msgs/px4_msgs/msg/detail/parameter_set_value_request__rosidl_typesupport_introspection_c.h\n'}
[2.054995] (px4_msgs) StdoutLine: {'line': b'-- Up-to-date: /home/harsh/ros2_project/install/px4_msgs/include/px4_msgs/px4_msgs/msg/detail/generator_status__rosidl_typesupport_introspection_c.h\n'}
[2.055082] (px4_msgs) StdoutLine: {'line': b'-- Installing: /home/harsh/ros2_project/install/px4_msgs/include/px4_msgs/px4_msgs/msg/detail/can_interface_status__type_support.c\n'}
[2.055143] (px4_msgs) StdoutLine: {'line': b'-- Installing: /home/harsh/ros2_project/install/px4_msgs/include/px4_msgs/px4_msgs/msg/detail/gps_inject_data__type_support.c\n'}
[2.055202] (px4_msgs) StdoutLine: {'line': b'-- Up-to-date: /home/harsh/ros2_project/install/px4_msgs/include/px4_msgs/px4_msgs/msg/detail/estimator_sensor_bias__rosidl_typesupport_introspection_c.h\n'}
[2.055505] (px4_msgs) StdoutLine: {'line': b'-- Installing: /home/harsh/ros2_project/install/px4_msgs/include/px4_msgs/px4_msgs/msg/detail/buffer128__type_support.c\n'}
[2.055606] (px4_msgs) StdoutLine: {'line': b'-- Up-to-date: /home/harsh/ros2_project/install/px4_msgs/include/px4_msgs/px4_msgs/msg/detail/flight_phase_estimation__rosidl_typesupport_introspection_c.h\n'}
[2.055672] (px4_msgs) StdoutLine: {'line': b'-- Installing: /home/harsh/ros2_project/install/px4_msgs/include/px4_msgs/px4_msgs/msg/detail/vehicle_odometry__type_support.c\n'}
[2.055728] (px4_msgs) StdoutLine: {'line': b'-- Up-to-date: /home/harsh/ros2_project/install/px4_msgs/include/px4_msgs/px4_msgs/msg/detail/estimator_selector_status__rosidl_typesupport_introspection_c.h\n'}
[2.055784] (px4_msgs) StdoutLine: {'line': b'-- Installing: /home/harsh/ros2_project/install/px4_msgs/include/px4_msgs/px4_msgs/msg/detail/gimbal_controls__type_support.c\n'}
[2.055859] (px4_msgs) StdoutLine: {'line': b'-- Installing: /home/harsh/ros2_project/install/px4_msgs/include/px4_msgs/px4_msgs/msg/detail/cellular_status__type_support.c\n'}
[2.055913] (px4_msgs) StdoutLine: {'line': b'-- Up-to-date: /home/harsh/ros2_project/install/px4_msgs/include/px4_msgs/px4_msgs/msg/detail/logger_status__rosidl_typesupport_introspection_c.h\n'}
[2.055967] (px4_msgs) StdoutLine: {'line': b'-- Installing: /home/harsh/ros2_project/install/px4_msgs/include/px4_msgs/px4_msgs/msg/detail/system_power__type_support.c\n'}
[2.056095] (px4_msgs) StdoutLine: {'line': b'-- Installing: /home/harsh/ros2_project/install/px4_msgs/include/px4_msgs/px4_msgs/msg/detail/vtol_vehicle_status__type_support.c\n'}
[2.056148] (px4_msgs) StdoutLine: {'line': b'-- Up-to-date: /home/harsh/ros2_project/install/px4_msgs/include/px4_msgs/px4_msgs/msg/detail/estimator_bias3d__rosidl_typesupport_introspection_c.h\n'}
[2.056201] (px4_msgs) StdoutLine: {'line': b'-- Installing: /home/harsh/ros2_project/install/px4_msgs/include/px4_msgs/px4_msgs/msg/detail/gimbal_manager_information__type_support.c\n'}
[2.056269] (px4_msgs) StdoutLine: {'line': b'-- Installing: /home/harsh/ros2_project/install/px4_msgs/include/px4_msgs/px4_msgs/msg/detail/sensor_accel_fifo__type_support.c\n'}
[2.056326] (px4_msgs) StdoutLine: {'line': b'-- Up-to-date: /home/harsh/ros2_project/install/px4_msgs/include/px4_msgs/px4_msgs/msg/detail/autotune_attitude_control_status__rosidl_typesupport_introspection_c.h\n'}
[2.056546] (px4_msgs) StdoutLine: {'line': b'-- Up-to-date: /home/harsh/ros2_project/install/px4_msgs/include/px4_msgs/px4_msgs/msg/detail/manual_control_setpoint__rosidl_typesupport_introspection_c.h\n'}
[2.056640] (px4_msgs) StdoutLine: {'line': b'-- Installing: /home/harsh/ros2_project/install/px4_msgs/include/px4_msgs/px4_msgs/msg/detail/uavcan_parameter_request__type_support.c\n'}
[2.056701] (px4_msgs) StdoutLine: {'line': b'-- Installing: /home/harsh/ros2_project/install/px4_msgs/include/px4_msgs/px4_msgs/msg/detail/register_ext_component_reply__type_support.c\n'}
[2.056766] (px4_msgs) StdoutLine: {'line': b'-- Up-to-date: /home/harsh/ros2_project/install/px4_msgs/include/px4_msgs/px4_msgs/msg/detail/position_controller_status__rosidl_typesupport_introspection_c.h\n'}
[2.056923] (px4_msgs) StdoutLine: {'line': b'-- Installing: /home/harsh/ros2_project/install/px4_msgs/include/px4_msgs/px4_msgs/msg/detail/vehicle_acceleration__type_support.c\n'}
[2.056990] (px4_msgs) StdoutLine: {'line': b'-- Installing: /home/harsh/ros2_project/install/px4_msgs/include/px4_msgs/px4_msgs/msg/detail/orb_test_medium__type_support.c\n'}
[2.057057] (px4_msgs) StdoutLine: {'line': b'-- Up-to-date: /home/harsh/ros2_project/install/px4_msgs/include/px4_msgs/px4_msgs/msg/detail/follow_target_status__rosidl_typesupport_introspection_c.h\n'}
[2.057125] (px4_msgs) StdoutLine: {'line': b'-- Installing: /home/harsh/ros2_project/install/px4_msgs/include/px4_msgs/px4_msgs/msg/detail/position_setpoint__type_support.c\n'}
[2.057179] (px4_msgs) StdoutLine: {'line': b'-- Up-to-date: /home/harsh/ros2_project/install/px4_msgs/include/px4_msgs/px4_msgs/msg/detail/follow_target_estimator__rosidl_typesupport_introspection_c.h\n'}
[2.057243] (px4_msgs) StdoutLine: {'line': b'-- Up-to-date: /home/harsh/ros2_project/install/px4_msgs/include/px4_msgs/px4_msgs/msg/detail/actuator_test__rosidl_typesupport_introspection_c.h\n'}
[2.057324] (px4_msgs) StdoutLine: {'line': b'-- Installing: /home/harsh/ros2_project/install/px4_msgs/include/px4_msgs/px4_msgs/msg/detail/vehicle_optical_flow__type_support.c\n'}
[2.057387] (px4_msgs) StdoutLine: {'line': b'-- Installing: /home/harsh/ros2_project/install/px4_msgs/include/px4_msgs/px4_msgs/msg/detail/ulog_stream_ack__type_support.c\n'}
[2.057445] (px4_msgs) StdoutLine: {'line': b'-- Installing: /home/harsh/ros2_project/install/px4_msgs/include/px4_msgs/px4_msgs/msg/detail/trajectory_setpoint__type_support.c\n'}
[2.057526] (px4_msgs) StdoutLine: {'line': b'-- Installing: /home/harsh/ros2_project/install/px4_msgs/include/px4_msgs/px4_msgs/msg/detail/rpm__type_support.c\n'}
[2.057588] (px4_msgs) StdoutLine: {'line': b'-- Up-to-date: /home/harsh/ros2_project/install/px4_msgs/include/px4_msgs/px4_msgs/msg/detail/tune_control__rosidl_typesupport_introspection_c.h\n'}
[2.057653] (px4_msgs) StdoutLine: {'line': b'-- Installing: /home/harsh/ros2_project/install/px4_msgs/include/px4_msgs/px4_msgs/msg/detail/position_setpoint_triplet__type_support.c\n'}
[2.057730] (px4_msgs) StdoutLine: {'line': b'-- Installing: /home/harsh/ros2_project/install/px4_msgs/include/px4_msgs/px4_msgs/msg/detail/debug_value__type_support.c\n'}
[2.057790] (px4_msgs) StdoutLine: {'line': b'-- Up-to-date: /home/harsh/ros2_project/install/px4_msgs/include/px4_msgs/px4_msgs/msg/detail/sensor_uwb__rosidl_typesupport_introspection_c.h\n'}
[2.057852] (px4_msgs) StdoutLine: {'line': b'-- Up-to-date: /home/harsh/ros2_project/install/px4_msgs/include/px4_msgs/px4_msgs/msg/detail/actuator_servos__rosidl_typesupport_introspection_c.h\n'}
[2.057911] (px4_msgs) StdoutLine: {'line': b'-- Up-to-date: /home/harsh/ros2_project/install/px4_msgs/include/px4_msgs/px4_msgs/msg/detail/mavlink_log__rosidl_typesupport_introspection_c.h\n'}
[2.057968] (px4_msgs) StdoutLine: {'line': b'-- Up-to-date: /home/harsh/ros2_project/install/px4_msgs/include/px4_msgs/px4_msgs/msg/detail/goto_setpoint__rosidl_typesupport_introspection_c.h\n'}
[2.058033] (px4_msgs) StdoutLine: {'line': b'-- Up-to-date: /home/harsh/ros2_project/install/px4_msgs/include/px4_msgs/px4_msgs/msg/detail/uavcan_parameter_request__rosidl_typesupport_introspection_c.h\n'}
[2.058089] (px4_msgs) StdoutLine: {'line': b'-- Up-to-date: /home/harsh/ros2_project/install/px4_msgs/include/px4_msgs/px4_msgs/msg/detail/debug_value__rosidl_typesupport_introspection_c.h\n'}
[2.058147] (px4_msgs) StdoutLine: {'line': b'-- Up-to-date: /home/harsh/ros2_project/install/px4_msgs/include/px4_msgs/px4_msgs/msg/detail/action_request__rosidl_typesupport_introspection_c.h\n'}
[2.058215] (px4_msgs) StdoutLine: {'line': b'-- Up-to-date: /home/harsh/ros2_project/install/px4_msgs/include/px4_msgs/px4_msgs/msg/detail/telemetry_status__rosidl_typesupport_introspection_c.h\n'}
[2.058302] (px4_msgs) StdoutLine: {'line': b'-- Up-to-date: /home/harsh/ros2_project/install/px4_msgs/include/px4_msgs/px4_msgs/msg/detail/system_power__rosidl_typesupport_introspection_c.h\n'}
[2.058363] (px4_msgs) StdoutLine: {'line': b'-- Up-to-date: /home/harsh/ros2_project/install/px4_msgs/include/px4_msgs/px4_msgs/msg/detail/estimator_states__rosidl_typesupport_introspection_c.h\n'}
[2.058419] (px4_msgs) StdoutLine: {'line': b'-- Installing: /home/harsh/ros2_project/install/px4_msgs/include/px4_msgs/px4_msgs/msg/detail/estimator_status__type_support.c\n'}
[2.058481] (px4_msgs) StdoutLine: {'line': b'-- Up-to-date: /home/harsh/ros2_project/install/px4_msgs/include/px4_msgs/px4_msgs/msg/detail/vehicle_imu_status__rosidl_typesupport_introspection_c.h\n'}
[2.058550] (px4_msgs) StdoutLine: {'line': b'-- Installing: /home/harsh/ros2_project/install/px4_msgs/include/px4_msgs/px4_msgs/msg/detail/airspeed_validated__type_support.c\n'}
[2.058649] (px4_msgs) StdoutLine: {'line': b'-- Up-to-date: /home/harsh/ros2_project/install/px4_msgs/include/px4_msgs/px4_msgs/msg/detail/geofence_result__rosidl_typesupport_introspection_c.h\n'}
[2.058705] (px4_msgs) StdoutLine: {'line': b'-- Up-to-date: /home/harsh/ros2_project/install/px4_msgs/include/px4_msgs/px4_msgs/msg/detail/magnetometer_bias_estimate__rosidl_typesupport_introspection_c.h\n'}
[2.058762] (px4_msgs) StdoutLine: {'line': b'-- Installing: /home/harsh/ros2_project/install/px4_msgs/include/px4_msgs/px4_msgs/msg/detail/geofence_result__type_support.c\n'}
[2.058815] (px4_msgs) StdoutLine: {'line': b'-- Up-to-date: /home/harsh/ros2_project/install/px4_msgs/include/px4_msgs/px4_msgs/msg/detail/camera_status__rosidl_typesupport_introspection_c.h\n'}
[2.058884] (px4_msgs) StdoutLine: {'line': b'-- Up-to-date: /home/harsh/ros2_project/install/px4_msgs/include/px4_msgs/px4_msgs/msg/detail/iridiumsbd_status__rosidl_typesupport_introspection_c.h\n'}
[2.058962] (px4_msgs) StdoutLine: {'line': b'-- Up-to-date: /home/harsh/ros2_project/install/px4_msgs/include/px4_msgs/px4_msgs/msg/detail/orbit_status__rosidl_typesupport_introspection_c.h\n'}
[2.059017] (px4_msgs) StdoutLine: {'line': b'-- Installing: /home/harsh/ros2_project/install/px4_msgs/include/px4_msgs/px4_msgs/msg/detail/rtl_status__type_support.c\n'}
[2.059098] (px4_msgs) StdoutLine: {'line': b'-- Installing: /home/harsh/ros2_project/install/px4_msgs/include/px4_msgs/px4_msgs/msg/detail/geofence_status__type_support.c\n'}
[2.059164] (px4_msgs) StdoutLine: {'line': b'-- Installing: /home/harsh/ros2_project/install/px4_msgs/include/px4_msgs/px4_msgs/msg/detail/tiltrotor_extra_controls__type_support.c\n'}
[2.059228] (px4_msgs) StdoutLine: {'line': b'-- Installing: /home/harsh/ros2_project/install/px4_msgs/include/px4_msgs/px4_msgs/msg/detail/sensor_airflow__type_support.c\n'}
[2.059304] (px4_msgs) StdoutLine: {'line': b'-- Installing: /home/harsh/ros2_project/install/px4_msgs/include/px4_msgs/px4_msgs/msg/detail/message_format_response__type_support.c\n'}
[2.059362] (px4_msgs) StdoutLine: {'line': b'-- Up-to-date: /home/harsh/ros2_project/install/px4_msgs/include/px4_msgs/px4_msgs/msg/detail/takeoff_status__rosidl_typesupport_introspection_c.h\n'}
[2.059421] (px4_msgs) StdoutLine: {'line': b'-- Installing: /home/harsh/ros2_project/install/px4_msgs/include/px4_msgs/px4_msgs/msg/detail/battery_status__type_support.c\n'}
[2.059521] (px4_msgs) StdoutLine: {'line': b'-- Up-to-date: /home/harsh/ros2_project/install/px4_msgs/include/px4_msgs/px4_msgs/msg/detail/debug_vect__rosidl_typesupport_introspection_c.h\n'}
[2.059578] (px4_msgs) StdoutLine: {'line': b'-- Installing: /home/harsh/ros2_project/install/px4_msgs/include/px4_msgs/px4_msgs/msg/detail/sensor_correction__type_support.c\n'}
[2.059656] (px4_msgs) StdoutLine: {'line': b'-- Up-to-date: /home/harsh/ros2_project/install/px4_msgs/include/px4_msgs/px4_msgs/msg/detail/cellular_status__rosidl_typesupport_introspection_c.h\n'}
[2.059716] (px4_msgs) StdoutLine: {'line': b'-- Installing: /home/harsh/ros2_project/install/px4_msgs/include/px4_msgs/px4_msgs/msg/detail/home_position__type_support.c\n'}
[2.059777] (px4_msgs) StdoutLine: {'line': b'-- Up-to-date: /home/harsh/ros2_project/install/px4_msgs/include/px4_msgs/px4_msgs/msg/detail/gimbal_device_information__rosidl_typesupport_introspection_c.h\n'}
[2.059837] (px4_msgs) StdoutLine: {'line': b'-- Installing: /home/harsh/ros2_project/install/px4_msgs/include/px4_msgs/px4_msgs/msg/detail/vehicle_optical_flow_vel__type_support.c\n'}
[2.059894] (px4_msgs) StdoutLine: {'line': b'-- Up-to-date: /home/harsh/ros2_project/install/px4_msgs/include/px4_msgs/px4_msgs/msg/detail/debug_array__rosidl_typesupport_introspection_c.h\n'}
[2.059953] (px4_msgs) StdoutLine: {'line': b'-- Up-to-date: /home/harsh/ros2_project/install/px4_msgs/include/px4_msgs/px4_msgs/msg/detail/estimator_aid_source3d__rosidl_typesupport_introspection_c.h\n'}
[2.060011] (px4_msgs) StdoutLine: {'line': b'-- Installing: /home/harsh/ros2_project/install/px4_msgs/include/px4_msgs/px4_msgs/msg/detail/tune_control__type_support.c\n'}
[2.060069] (px4_msgs) StdoutLine: {'line': b'-- Installing: /home/harsh/ros2_project/install/px4_msgs/include/px4_msgs/px4_msgs/msg/detail/gimbal_manager_set_attitude__type_support.c\n'}
[2.060125] (px4_msgs) StdoutLine: {'line': b'-- Installing: /home/harsh/ros2_project/install/px4_msgs/include/px4_msgs/px4_msgs/msg/detail/mavlink_log__type_support.c\n'}
[2.060189] (px4_msgs) StdoutLine: {'line': b'-- Installing: /home/harsh/ros2_project/install/px4_msgs/include/px4_msgs/px4_msgs/msg/detail/estimator_innovations__type_support.c\n'}
[2.060261] (px4_msgs) StdoutLine: {'line': b'-- Up-to-date: /home/harsh/ros2_project/install/px4_msgs/include/px4_msgs/px4_msgs/msg/detail/event__rosidl_typesupport_introspection_c.h\n'}
[2.060349] (px4_msgs) StdoutLine: {'line': b'-- Installing: /home/harsh/ros2_project/install/px4_msgs/include/px4_msgs/px4_msgs/msg/detail/collision_report__type_support.c\n'}
[2.060419] (px4_msgs) StdoutLine: {'line': b'-- Up-to-date: /home/harsh/ros2_project/install/px4_msgs/include/px4_msgs/px4_msgs/msg/detail/figure_eight_status__rosidl_typesupport_introspection_c.h\n'}
[2.060488] (px4_msgs) StdoutLine: {'line': b'-- Up-to-date: /home/harsh/ros2_project/install/px4_msgs/include/px4_msgs/px4_msgs/msg/detail/position_setpoint_triplet__rosidl_typesupport_introspection_c.h\n'}
[2.060549] (px4_msgs) StdoutLine: {'line': b'-- Up-to-date: /home/harsh/ros2_project/install/px4_msgs/include/px4_msgs/px4_msgs/msg/detail/vehicle_odometry__rosidl_typesupport_introspection_c.h\n'}
[2.060608] (px4_msgs) StdoutLine: {'line': b'-- Up-to-date: /home/harsh/ros2_project/install/px4_msgs/include/px4_msgs/px4_msgs/msg/detail/uavcan_parameter_value__rosidl_typesupport_introspection_c.h\n'}
[2.060665] (px4_msgs) StdoutLine: {'line': b'-- Up-to-date: /home/harsh/ros2_project/install/px4_msgs/include/px4_msgs/px4_msgs/msg/detail/sensor_optical_flow__rosidl_typesupport_introspection_c.h\n'}
[2.060728] (px4_msgs) StdoutLine: {'line': b'-- Up-to-date: /home/harsh/ros2_project/install/px4_msgs/include/px4_msgs/px4_msgs/msg/detail/vehicle_control_mode__rosidl_typesupport_introspection_c.h\n'}
[2.060802] (px4_msgs) StdoutLine: {'line': b'-- Installing: /home/harsh/ros2_project/install/px4_msgs/include/px4_msgs/px4_msgs/msg/detail/landing_target_pose__type_support.c\n'}
[2.060898] (px4_msgs) StdoutLine: {'line': b'-- Up-to-date: /home/harsh/ros2_project/install/px4_msgs/include/px4_msgs/px4_msgs/msg/detail/register_ext_component_request__rosidl_typesupport_introspection_c.h\n'}
[2.060962] (px4_msgs) StdoutLine: {'line': b'-- Installing: /home/harsh/ros2_project/install/px4_msgs/include/px4_msgs/px4_msgs/msg/detail/trajectory_bezier__type_support.c\n'}
[2.061042] (px4_msgs) StdoutLine: {'line': b'-- Installing: /home/harsh/ros2_project/install/px4_msgs/include/px4_msgs/px4_msgs/msg/detail/message_format_request__type_support.c\n'}
[2.061136] (px4_msgs) StdoutLine: {'line': b'-- Up-to-date: /home/harsh/ros2_project/install/px4_msgs/include/px4_msgs/px4_msgs/msg/detail/gps_dump__rosidl_typesupport_introspection_c.h\n'}
[2.061205] (px4_msgs) StdoutLine: {'line': b'-- Installing: /home/harsh/ros2_project/install/px4_msgs/include/px4_msgs/px4_msgs/msg/detail/rate_ctrl_status__type_support.c\n'}
[2.061283] (px4_msgs) StdoutLine: {'line': b'-- Up-to-date: /home/harsh/ros2_project/install/px4_msgs/include/px4_msgs/px4_msgs/msg/detail/launch_detection_status__rosidl_typesupport_introspection_c.h\n'}
[2.061351] (px4_msgs) StdoutLine: {'line': b'-- Up-to-date: /home/harsh/ros2_project/install/px4_msgs/include/px4_msgs/px4_msgs/msg/detail/irlock_report__rosidl_typesupport_introspection_c.h\n'}
[2.061426] (px4_msgs) StdoutLine: {'line': b'-- Up-to-date: /home/harsh/ros2_project/install/px4_msgs/include/px4_msgs/px4_msgs/msg/detail/actuator_motors__rosidl_typesupport_introspection_c.h\n'}
[2.061552] (px4_msgs) StdoutLine: {'line': b'-- Up-to-date: /home/harsh/ros2_project/install/px4_msgs/include/px4_msgs/px4_msgs/msg/detail/position_setpoint__rosidl_typesupport_introspection_c.h\n'}
[2.061621] (px4_msgs) StdoutLine: {'line': b'-- Installing: /home/harsh/ros2_project/install/px4_msgs/include/px4_msgs/px4_msgs/msg/detail/gripper__type_support.c\n'}
[2.061692] (px4_msgs) StdoutLine: {'line': b'-- Up-to-date: /home/harsh/ros2_project/install/px4_msgs/include/px4_msgs/px4_msgs/msg/detail/distance_sensor__rosidl_typesupport_introspection_c.h\n'}
[2.061803] (px4_msgs) StdoutLine: {'line': b'-- Installing: /home/harsh/ros2_project/install/px4_msgs/include/px4_msgs/px4_msgs/msg/detail/log_message__type_support.c\n'}
[2.061869] (px4_msgs) StdoutLine: {'line': b'-- Installing: /home/harsh/ros2_project/install/px4_msgs/include/px4_msgs/px4_msgs/msg/detail/mag_worker_data__type_support.c\n'}
[2.061949] (px4_msgs) StdoutLine: {'line': b'-- Up-to-date: /home/harsh/ros2_project/install/px4_msgs/include/px4_msgs/px4_msgs/msg/detail/estimator_aid_source1d__rosidl_typesupport_introspection_c.h\n'}
[2.062025] (px4_msgs) StdoutLine: {'line': b'-- Installing: /home/harsh/ros2_project/install/px4_msgs/include/px4_msgs/px4_msgs/msg/detail/sensor_preflight_mag__type_support.c\n'}
[2.062088] (px4_msgs) StdoutLine: {'line': b'-- Up-to-date: /home/harsh/ros2_project/install/px4_msgs/include/px4_msgs/px4_msgs/msg/detail/failsafe_flags__rosidl_typesupport_introspection_c.h\n'}
[2.062148] (px4_msgs) StdoutLine: {'line': b'-- Up-to-date: /home/harsh/ros2_project/install/px4_msgs/include/px4_msgs/px4_msgs/msg/detail/ekf2_timestamps__rosidl_typesupport_introspection_c.h\n'}
[2.062216] (px4_msgs) StdoutLine: {'line': b'-- Up-to-date: /home/harsh/ros2_project/install/px4_msgs/include/px4_msgs/px4_msgs/msg/detail/vehicle_optical_flow__rosidl_typesupport_introspection_c.h\n'}
[2.062447] (px4_msgs) StdoutLine: {'line': b'-- Up-to-date: /home/harsh/ros2_project/install/px4_msgs/include/px4_msgs/px4_msgs/msg/detail/rc_parameter_map__rosidl_typesupport_introspection_c.h\n'}
[2.062560] (px4_msgs) StdoutLine: {'line': b'-- Installing: /home/harsh/ros2_project/install/px4_msgs/include/px4_msgs/px4_msgs/msg/detail/sensor_hygrometer__type_support.c\n'}
[2.062628] (px4_msgs) StdoutLine: {'line': b'-- Up-to-date: /home/harsh/ros2_project/install/px4_msgs/include/px4_msgs/px4_msgs/msg/detail/vehicle_rates_setpoint__rosidl_typesupport_introspection_c.h\n'}
[2.062688] (px4_msgs) StdoutLine: {'line': b'-- Installing: /home/harsh/ros2_project/install/px4_msgs/include/px4_msgs/px4_msgs/msg/detail/actuator_servos__type_support.c\n'}
[2.062743] (px4_msgs) StdoutLine: {'line': b'-- Up-to-date: /home/harsh/ros2_project/install/px4_msgs/include/px4_msgs/px4_msgs/msg/detail/heater_status__rosidl_typesupport_introspection_c.h\n'}
[2.062797] (px4_msgs) StdoutLine: {'line': b'-- Up-to-date: /home/harsh/ros2_project/install/px4_msgs/include/px4_msgs/px4_msgs/msg/detail/ulog_stream__rosidl_typesupport_introspection_c.h\n'}
[2.062853] (px4_msgs) StdoutLine: {'line': b'-- Up-to-date: /home/harsh/ros2_project/install/px4_msgs/include/px4_msgs/px4_msgs/msg/detail/vehicle_land_detected__rosidl_typesupport_introspection_c.h\n'}
[2.062923] (px4_msgs) StdoutLine: {'line': b'-- Installing: /home/harsh/ros2_project/install/px4_msgs/include/px4_msgs/px4_msgs/msg/detail/distance_sensor__type_support.c\n'}
[2.063007] (px4_msgs) StdoutLine: {'line': b'-- Installing: /home/harsh/ros2_project/install/px4_msgs/include/px4_msgs/px4_msgs/msg/detail/estimator_states__type_support.c\n'}
[2.063078] (px4_msgs) StdoutLine: {'line': b'-- Installing: /home/harsh/ros2_project/install/px4_msgs/include/px4_msgs/px4_msgs/msg/detail/led_control__type_support.c\n'}
[2.063140] (px4_msgs) StdoutLine: {'line': b'-- Up-to-date: /home/harsh/ros2_project/install/px4_msgs/include/px4_msgs/px4_msgs/msg/detail/estimator_event_flags__rosidl_typesupport_introspection_c.h\n'}
[2.063203] (px4_msgs) StdoutLine: {'line': b'-- Up-to-date: /home/harsh/ros2_project/install/px4_msgs/include/px4_msgs/px4_msgs/msg/detail/transponder_report__rosidl_typesupport_introspection_c.h\n'}
[2.063296] (px4_msgs) StdoutLine: {'line': b'-- Installing: /home/harsh/ros2_project/install/px4_msgs/include/px4_msgs/px4_msgs/msg/detail/heater_status__type_support.c\n'}
[2.063358] (px4_msgs) StdoutLine: {'line': b'-- Up-to-date: /home/harsh/ros2_project/install/px4_msgs/include/px4_msgs/px4_msgs/msg/detail/failure_detector_status__rosidl_typesupport_introspection_c.h\n'}
[2.063420] (px4_msgs) StdoutLine: {'line': b'-- Up-to-date: /home/harsh/ros2_project/install/px4_msgs/include/px4_msgs/px4_msgs/msg/detail/log_message__rosidl_typesupport_introspection_c.h\n'}
[2.063480] (px4_msgs) StdoutLine: {'line': b'-- Installing: /home/harsh/ros2_project/install/px4_msgs/include/px4_msgs/px4_msgs/msg/detail/qshell_retval__type_support.c\n'}
[2.063552] (px4_msgs) StdoutLine: {'line': b'-- Installing: /home/harsh/ros2_project/install/px4_msgs/include/px4_msgs/px4_msgs/msg/detail/gimbal_device_information__type_support.c\n'}
[2.063613] (px4_msgs) StdoutLine: {'line': b'-- Installing: /home/harsh/ros2_project/install/px4_msgs/include/px4_msgs/px4_msgs/msg/detail/unregister_ext_component__type_support.c\n'}
[2.063677] (px4_msgs) StdoutLine: {'line': b'-- Installing: /home/harsh/ros2_project/install/px4_msgs/include/px4_msgs/px4_msgs/msg/detail/control_allocator_status__type_support.c\n'}
[2.063735] (px4_msgs) StdoutLine: {'line': b'-- Installing: /home/harsh/ros2_project/install/px4_msgs/include/px4_msgs/px4_msgs/msg/detail/rtl_time_estimate__type_support.c\n'}
[2.063794] (px4_msgs) StdoutLine: {'line': b'-- Up-to-date: /home/harsh/ros2_project/install/px4_msgs/include/px4_msgs/px4_msgs/msg/detail/vehicle_optical_flow_vel__rosidl_typesupport_introspection_c.h\n'}
[2.063851] (px4_msgs) StdoutLine: {'line': b'-- Installing: /home/harsh/ros2_project/install/px4_msgs/include/px4_msgs/px4_msgs/msg/detail/magnetometer_bias_estimate__type_support.c\n'}
[2.063908] (px4_msgs) StdoutLine: {'line': b'-- Installing: /home/harsh/ros2_project/install/px4_msgs/include/px4_msgs/px4_msgs/msg/detail/mission__type_support.c\n'}
[2.063966] (px4_msgs) StdoutLine: {'line': b'-- Installing: /home/harsh/ros2_project/install/px4_msgs/include/px4_msgs/px4_msgs/msg/detail/trajectory_waypoint__type_support.c\n'}
[2.064025] (px4_msgs) StdoutLine: {'line': b'-- Installing: /home/harsh/ros2_project/install/px4_msgs/include/px4_msgs/px4_msgs/msg/detail/estimator_aid_source2d__type_support.c\n'}
[2.064083] (px4_msgs) StdoutLine: {'line': b'-- Installing: /home/harsh/ros2_project/install/px4_msgs/include/px4_msgs/px4_msgs/msg/detail/button_event__type_support.c\n'}
[2.064142] (px4_msgs) StdoutLine: {'line': b'-- Up-to-date: /home/harsh/ros2_project/install/px4_msgs/include/px4_msgs/px4_msgs/msg/detail/mount_orientation__rosidl_typesupport_introspection_c.h\n'}
[2.064200] (px4_msgs) StdoutLine: {'line': b'-- Installing: /home/harsh/ros2_project/install/px4_msgs/include/px4_msgs/px4_msgs/msg/detail/vehicle_rates_setpoint__type_support.c\n'}
[2.064270] (px4_msgs) StdoutLine: {'line': b'-- Up-to-date: /home/harsh/ros2_project/install/px4_msgs/include/px4_msgs/px4_msgs/msg/detail/gripper__rosidl_typesupport_introspection_c.h\n'}
[2.064329] (px4_msgs) StdoutLine: {'line': b'-- Installing: /home/harsh/ros2_project/install/px4_msgs/include/px4_msgs/px4_msgs/msg/detail/gimbal_device_set_attitude__type_support.c\n'}
[2.064387] (px4_msgs) StdoutLine: {'line': b'-- Installing: /home/harsh/ros2_project/install/px4_msgs/include/px4_msgs/px4_msgs/msg/detail/adc_report__type_support.c\n'}
[2.064443] (px4_msgs) StdoutLine: {'line': b'-- Installing: /home/harsh/ros2_project/install/px4_msgs/include/px4_msgs/px4_msgs/msg/detail/mount_orientation__type_support.c\n'}
[2.064500] (px4_msgs) StdoutLine: {'line': b'-- Up-to-date: /home/harsh/ros2_project/install/px4_msgs/include/px4_msgs/px4_msgs/msg/detail/power_monitor__rosidl_typesupport_introspection_c.h\n'}
[2.064556] (px4_msgs) StdoutLine: {'line': b'-- Up-to-date: /home/harsh/ros2_project/install/px4_msgs/include/px4_msgs/px4_msgs/msg/detail/position_controller_landing_status__rosidl_typesupport_introspection_c.h\n'}
[2.064613] (px4_msgs) StdoutLine: {'line': b'-- Up-to-date: /home/harsh/ros2_project/install/px4_msgs/include/px4_msgs/px4_msgs/msg/detail/normalized_unsigned_setpoint__rosidl_typesupport_introspection_c.h\n'}
[2.064670] (px4_msgs) StdoutLine: {'line': b'-- Up-to-date: /home/harsh/ros2_project/install/px4_msgs/include/px4_msgs/px4_msgs/msg/detail/gimbal_manager_set_manual_control__rosidl_typesupport_introspection_c.h\n'}
[2.064732] (px4_msgs) StdoutLine: {'line': b'-- Up-to-date: /home/harsh/ros2_project/install/px4_msgs/include/px4_msgs/px4_msgs/msg/detail/dataman_request__rosidl_typesupport_introspection_c.h\n'}
[2.064791] (px4_msgs) StdoutLine: {'line': b'-- Up-to-date: /home/harsh/ros2_project/install/px4_msgs/include/px4_msgs/px4_msgs/msg/detail/vehicle_magnetometer__rosidl_typesupport_introspection_c.h\n'}
[2.064849] (px4_msgs) StdoutLine: {'line': b'-- Up-to-date: /home/harsh/ros2_project/install/px4_msgs/include/px4_msgs/px4_msgs/msg/detail/dataman_response__rosidl_typesupport_introspection_c.h\n'}
[2.064909] (px4_msgs) StdoutLine: {'line': b'-- Installing: /home/harsh/ros2_project/install/px4_msgs/include/px4_msgs/px4_msgs/msg/detail/vehicle_control_mode__type_support.c\n'}
[2.064966] (px4_msgs) StdoutLine: {'line': b'-- Up-to-date: /home/harsh/ros2_project/install/px4_msgs/include/px4_msgs/px4_msgs/msg/detail/ulog_stream_ack__rosidl_typesupport_introspection_c.h\n'}
[2.065026] (px4_msgs) StdoutLine: {'line': b'-- Installing: /home/harsh/ros2_project/install/px4_msgs/include/px4_msgs/px4_msgs/msg/detail/sensor_uwb__type_support.c\n'}
[2.065087] (px4_msgs) StdoutLine: {'line': b'-- Installing: /home/harsh/ros2_project/install/px4_msgs/include/px4_msgs/px4_msgs/msg/detail/landing_target_innovations__type_support.c\n'}
[2.065149] (px4_msgs) StdoutLine: {'line': b'-- Installing: /home/harsh/ros2_project/install/px4_msgs/include/px4_msgs/px4_msgs/msg/detail/config_overrides__type_support.c\n'}
[2.065208] (px4_msgs) StdoutLine: {'line': b'-- Up-to-date: /home/harsh/ros2_project/install/px4_msgs/include/px4_msgs/px4_msgs/msg/detail/differential_drive_setpoint__rosidl_typesupport_introspection_c.h\n'}
[2.065273] (px4_msgs) StdoutLine: {'line': b'-- Installing: /home/harsh/ros2_project/install/px4_msgs/include/px4_msgs/px4_msgs/msg/detail/vehicle_thrust_setpoint__type_support.c\n'}
[2.065330] (px4_msgs) StdoutLine: {'line': b'-- Up-to-date: /home/harsh/ros2_project/install/px4_msgs/include/px4_msgs/px4_msgs/msg/detail/buffer128__rosidl_typesupport_introspection_c.h\n'}
[2.065390] (px4_msgs) StdoutLine: {'line': b'-- Installing: /home/harsh/ros2_project/install/px4_msgs/include/px4_msgs/px4_msgs/msg/detail/parameter_reset_request__type_support.c\n'}
[2.065449] (px4_msgs) StdoutLine: {'line': b'-- Up-to-date: /home/harsh/ros2_project/install/px4_msgs/include/px4_msgs/px4_msgs/msg/detail/px4io_status__rosidl_typesupport_introspection_c.h\n'}
[2.065506] (px4_msgs) StdoutLine: {'line': b'-- Installing: /home/harsh/ros2_project/install/px4_msgs/include/px4_msgs/px4_msgs/msg/detail/landing_gear__type_support.c\n'}
[2.065563] (px4_msgs) StdoutLine: {'line': b'-- Installing: /home/harsh/ros2_project/install/px4_msgs/include/px4_msgs/px4_msgs/msg/detail/mavlink_tunnel__type_support.c\n'}
[2.065621] (px4_msgs) StdoutLine: {'line': b'-- Installing: /home/harsh/ros2_project/install/px4_msgs/include/px4_msgs/px4_msgs/msg/detail/orbit_status__type_support.c\n'}
[2.065679] (px4_msgs) StdoutLine: {'line': b'-- Up-to-date: /home/harsh/ros2_project/install/px4_msgs/include/px4_msgs/px4_msgs/msg/detail/vehicle_thrust_setpoint__rosidl_typesupport_introspection_c.h\n'}
[2.065738] (px4_msgs) StdoutLine: {'line': b'-- Installing: /home/harsh/ros2_project/install/px4_msgs/include/px4_msgs/px4_msgs/msg/detail/px4io_status__type_support.c\n'}
[2.065797] (px4_msgs) StdoutLine: {'line': b'-- Up-to-date: /home/harsh/ros2_project/install/px4_msgs/include/px4_msgs/px4_msgs/msg/detail/home_position__rosidl_typesupport_introspection_c.h\n'}
[2.065856] (px4_msgs) StdoutLine: {'line': b'-- Up-to-date: /home/harsh/ros2_project/install/px4_msgs/include/px4_msgs/px4_msgs/msg/detail/mission__rosidl_typesupport_introspection_c.h\n'}
[2.065910] (px4_msgs) StdoutLine: {'line': b'-- Installing: /home/harsh/ros2_project/install/px4_msgs/include/px4_msgs/px4_msgs/msg/detail/timesync_status__type_support.c\n'}
[2.065967] (px4_msgs) StdoutLine: {'line': b'-- Installing: /home/harsh/ros2_project/install/px4_msgs/include/px4_msgs/px4_msgs/msg/detail/logger_status__type_support.c\n'}
[2.066027] (px4_msgs) StdoutLine: {'line': b'-- Installing: /home/harsh/ros2_project/install/px4_msgs/include/px4_msgs/px4_msgs/msg/detail/vehicle_command_ack__type_support.c\n'}
[2.066087] (px4_msgs) StdoutLine: {'line': b'-- Up-to-date: /home/harsh/ros2_project/install/px4_msgs/include/px4_msgs/px4_msgs/msg/detail/gimbal_controls__rosidl_typesupport_introspection_c.h\n'}
[2.066144] (px4_msgs) StdoutLine: {'line': b'-- Installing: /home/harsh/ros2_project/install/px4_msgs/include/px4_msgs/px4_msgs/msg/detail/airspeed__type_support.c\n'}
[2.066202] (px4_msgs) StdoutLine: {'line': b'-- Installing: /home/harsh/ros2_project/install/px4_msgs/include/px4_msgs/px4_msgs/msg/detail/arming_check_reply__type_support.c\n'}
[2.066275] (px4_msgs) StdoutLine: {'line': b'-- Up-to-date: /home/harsh/ros2_project/install/px4_msgs/include/px4_msgs/px4_msgs/msg/detail/sensor_preflight_mag__rosidl_typesupport_introspection_c.h\n'}
[2.066338] (px4_msgs) StdoutLine: {'line': b'-- Installing: /home/harsh/ros2_project/install/px4_msgs/include/px4_msgs/px4_msgs/msg/detail/flight_phase_estimation__type_support.c\n'}
[2.066396] (px4_msgs) StdoutLine: {'line': b'-- Up-to-date: /home/harsh/ros2_project/install/px4_msgs/include/px4_msgs/px4_msgs/msg/detail/gimbal_device_set_attitude__rosidl_typesupport_introspection_c.h\n'}
[2.066455] (px4_msgs) StdoutLine: {'line': b'-- Up-to-date: /home/harsh/ros2_project/install/px4_msgs/include/px4_msgs/px4_msgs/msg/detail/sensor_accel_fifo__rosidl_typesupport_introspection_c.h\n'}
[2.066512] (px4_msgs) StdoutLine: {'line': b'-- Installing: /home/harsh/ros2_project/install/px4_msgs/include/px4_msgs/px4_msgs/msg/detail/gimbal_manager_status__type_support.c\n'}
[2.066569] (px4_msgs) StdoutLine: {'line': b'-- Up-to-date: /home/harsh/ros2_project/install/px4_msgs/include/px4_msgs/px4_msgs/msg/detail/gimbal_manager_information__rosidl_typesupport_introspection_c.h\n'}
[2.066627] (px4_msgs) StdoutLine: {'line': b'-- Installing: /home/harsh/ros2_project/install/px4_msgs/include/px4_msgs/px4_msgs/msg/detail/gimbal_manager_set_manual_control__type_support.c\n'}
[2.066685] (px4_msgs) StdoutLine: {'line': b'-- Up-to-date: /home/harsh/ros2_project/install/px4_msgs/include/px4_msgs/px4_msgs/msg/detail/estimator_bias__rosidl_typesupport_introspection_c.h\n'}
[2.066802] (px4_msgs) StdoutLine: {'line': b'-- Installing: /home/harsh/ros2_project/install/px4_msgs/include/px4_msgs/px4_msgs/msg/detail/arming_check_request__type_support.c\n'}
[2.066864] (px4_msgs) StdoutLine: {'line': b'-- Installing: /home/harsh/ros2_project/install/px4_msgs/include/px4_msgs/px4_msgs/msg/detail/orb_test__type_support.c\n'}
[2.066928] (px4_msgs) StdoutLine: {'line': b'-- Installing: /home/harsh/ros2_project/install/px4_msgs/include/px4_msgs/px4_msgs/msg/detail/vehicle_attitude__type_support.c\n'}
[2.066987] (px4_msgs) StdoutLine: {'line': b'-- Up-to-date: /home/harsh/ros2_project/install/px4_msgs/include/px4_msgs/px4_msgs/msg/detail/collision_constraints__rosidl_typesupport_introspection_c.h\n'}
[2.067048] (px4_msgs) StdoutLine: {'line': b'-- Installing: /home/harsh/ros2_project/install/px4_msgs/include/px4_msgs/px4_msgs/msg/detail/vehicle_command__type_support.c\n'}
[2.067108] (px4_msgs) StdoutLine: {'line': b'-- Up-to-date: /home/harsh/ros2_project/install/px4_msgs/include/px4_msgs/px4_msgs/msg/detail/ping__rosidl_typesupport_introspection_c.h\n'}
[2.067169] (px4_msgs) StdoutLine: {'line': b'-- Up-to-date: /home/harsh/ros2_project/install/px4_msgs/include/px4_msgs/px4_msgs/msg/detail/vehicle_air_data__rosidl_typesupport_introspection_c.h\n'}
[2.067238] (px4_msgs) StdoutLine: {'line': b'-- Installing: /home/harsh/ros2_project/install/px4_msgs/include/px4_msgs/px4_msgs/msg/detail/gps_dump__type_support.c\n'}
[2.067303] (px4_msgs) StdoutLine: {'line': b'-- Up-to-date: /home/harsh/ros2_project/install/px4_msgs/include/px4_msgs/px4_msgs/msg/detail/vehicle_trajectory_bezier__rosidl_typesupport_introspection_c.h\n'}
[2.067363] (px4_msgs) StdoutLine: {'line': b'-- Installing: /home/harsh/ros2_project/install/px4_msgs/include/px4_msgs/px4_msgs/msg/detail/health_report__type_support.c\n'}
[2.067424] (px4_msgs) StdoutLine: {'line': b'-- Installing: /home/harsh/ros2_project/install/px4_msgs/include/px4_msgs/px4_msgs/msg/detail/task_stack_info__type_support.c\n'}
[2.067483] (px4_msgs) StdoutLine: {'line': b'-- Installing: /home/harsh/ros2_project/install/px4_msgs/include/px4_msgs/px4_msgs/msg/detail/differential_pressure__type_support.c\n'}
[2.067544] (px4_msgs) StdoutLine: {'line': b'-- Installing: /home/harsh/ros2_project/install/px4_msgs/include/px4_msgs/px4_msgs/msg/detail/parameter_set_value_request__type_support.c\n'}
[2.067604] (px4_msgs) StdoutLine: {'line': b'-- Installing: /home/harsh/ros2_project/install/px4_msgs/include/px4_msgs/px4_msgs/msg/detail/estimator_gps_status__type_support.c\n'}
[2.067660] (px4_msgs) StdoutLine: {'line': b'-- Installing: /home/harsh/ros2_project/install/px4_msgs/include/px4_msgs/px4_msgs/msg/detail/navigator_mission_item__type_support.c\n'}
[2.067718] (px4_msgs) StdoutLine: {'line': b'-- Installing: /home/harsh/ros2_project/install/px4_msgs/include/px4_msgs/px4_msgs/msg/detail/sensor_gyro__type_support.c\n'}
[2.067772] (px4_msgs) StdoutLine: {'line': b'-- Installing: /home/harsh/ros2_project/install/px4_msgs/include/px4_msgs/px4_msgs/msg/detail/cpuload__type_support.c\n'}
[2.067831] (px4_msgs) StdoutLine: {'line': b'-- Up-to-date: /home/harsh/ros2_project/install/px4_msgs/include/px4_msgs/px4_msgs/msg/detail/sensor_correction__rosidl_typesupport_introspection_c.h\n'}
[2.067889] (px4_msgs) StdoutLine: {'line': b'-- Installing: /home/harsh/ros2_project/install/px4_msgs/include/px4_msgs/px4_msgs/msg/detail/actuator_motors__type_support.c\n'}
[2.067947] (px4_msgs) StdoutLine: {'line': b'-- Installing: /home/harsh/ros2_project/install/px4_msgs/include/px4_msgs/px4_msgs/msg/detail/vehicle_attitude_setpoint__type_support.c\n'}
[2.068003] (px4_msgs) StdoutLine: {'line': b'-- Up-to-date: /home/harsh/ros2_project/install/px4_msgs/include/px4_msgs/px4_msgs/msg/detail/manual_control_switches__rosidl_typesupport_introspection_c.h\n'}
[2.068060] (px4_msgs) StdoutLine: {'line': b'-- Installing: /home/harsh/ros2_project/install/px4_msgs/include/px4_msgs/px4_msgs/msg/detail/sensor_optical_flow__type_support.c\n'}
[2.068117] (px4_msgs) StdoutLine: {'line': b'-- Installing: /home/harsh/ros2_project/install/px4_msgs/include/px4_msgs/px4_msgs/msg/detail/ekf2_timestamps__type_support.c\n'}
[2.068174] (px4_msgs) StdoutLine: {'line': b'-- Installing: /home/harsh/ros2_project/install/px4_msgs/include/px4_msgs/px4_msgs/msg/detail/vehicle_imu_status__type_support.c\n'}
[2.068236] (px4_msgs) StdoutLine: {'line': b'-- Up-to-date: /home/harsh/ros2_project/install/px4_msgs/include/px4_msgs/px4_msgs/msg/detail/landing_gear_wheel__rosidl_typesupport_introspection_c.h\n'}
[2.068307] (px4_msgs) StdoutLine: {'line': b'-- Up-to-date: /home/harsh/ros2_project/install/px4_msgs/include/px4_msgs/px4_msgs/msg/detail/sensors_status__rosidl_typesupport_introspection_c.h\n'}
[2.068365] (px4_msgs) StdoutLine: {'line': b'-- Up-to-date: /home/harsh/ros2_project/install/px4_msgs/include/px4_msgs/px4_msgs/msg/detail/sensor_baro__rosidl_typesupport_introspection_c.h\n'}
[2.068424] (px4_msgs) StdoutLine: {'line': b'-- Up-to-date: /home/harsh/ros2_project/install/px4_msgs/include/px4_msgs/px4_msgs/msg/detail/mag_worker_data__rosidl_typesupport_introspection_c.h\n'}
[2.068482] (px4_msgs) StdoutLine: {'line': b'-- Up-to-date: /home/harsh/ros2_project/install/px4_msgs/include/px4_msgs/px4_msgs/msg/detail/landing_gear__rosidl_typesupport_introspection_c.h\n'}
[2.068647] (px4_msgs) StdoutLine: {'line': b'-- Installing: /home/harsh/ros2_project/install/px4_msgs/include/px4_msgs/px4_msgs/msg/detail/satellite_info__type_support.c\n'}
[2.068707] (px4_msgs) StdoutLine: {'line': b'-- Up-to-date: /home/harsh/ros2_project/install/px4_msgs/include/px4_msgs/px4_msgs/msg/detail/vehicle_local_position__rosidl_typesupport_introspection_c.h\n'}
[2.068767] (px4_msgs) StdoutLine: {'line': b'-- Up-to-date: /home/harsh/ros2_project/install/px4_msgs/include/px4_msgs/px4_msgs/msg/detail/geofence_status__rosidl_typesupport_introspection_c.h\n'}
[2.068829] (px4_msgs) StdoutLine: {'line': b'-- Up-to-date: /home/harsh/ros2_project/install/px4_msgs/include/px4_msgs/px4_msgs/msg/detail/health_report__rosidl_typesupport_introspection_c.h\n'}
[2.068885] (px4_msgs) StdoutLine: {'line': b'-- Up-to-date: /home/harsh/ros2_project/install/px4_msgs/include/px4_msgs/px4_msgs/msg/detail/rc_channels__rosidl_typesupport_introspection_c.h\n'}
[2.068943] (px4_msgs) StdoutLine: {'line': b'-- Installing: /home/harsh/ros2_project/install/px4_msgs/include/px4_msgs/px4_msgs/msg/detail/vehicle_imu__type_support.c\n'}
[2.069002] (px4_msgs) StdoutLine: {'line': b'-- Up-to-date: /home/harsh/ros2_project/install/px4_msgs/include/px4_msgs/px4_msgs/msg/detail/can_interface_status__rosidl_typesupport_introspection_c.h\n'}
[2.069060] (px4_msgs) StdoutLine: {'line': b'-- Installing: /home/harsh/ros2_project/install/px4_msgs/include/px4_msgs/px4_msgs/msg/detail/vehicle_trajectory_bezier__type_support.c\n'}
[2.069117] (px4_msgs) StdoutLine: {'line': b'-- Installing: /home/harsh/ros2_project/install/px4_msgs/include/px4_msgs/px4_msgs/msg/detail/manual_control_switches__type_support.c\n'}
[2.069175] (px4_msgs) StdoutLine: {'line': b'-- Installing: /home/harsh/ros2_project/install/px4_msgs/include/px4_msgs/px4_msgs/msg/detail/position_controller_landing_status__type_support.c\n'}
[2.069238] (px4_msgs) StdoutLine: {'line': b'-- Up-to-date: /home/harsh/ros2_project/install/px4_msgs/include/px4_msgs/px4_msgs/msg/detail/tecs_status__rosidl_typesupport_introspection_c.h\n'}
[2.069307] (px4_msgs) StdoutLine: {'line': b'-- Up-to-date: /home/harsh/ros2_project/install/px4_msgs/include/px4_msgs/px4_msgs/msg/detail/wheel_encoders__rosidl_typesupport_introspection_c.h\n'}
[2.069369] (px4_msgs) StdoutLine: {'line': b'-- Installing: /home/harsh/ros2_project/install/px4_msgs/include/px4_msgs/px4_msgs/msg/detail/wheel_encoders__type_support.c\n'}
[2.069427] (px4_msgs) StdoutLine: {'line': b'-- Installing: /home/harsh/ros2_project/install/px4_msgs/include/px4_msgs/px4_msgs/msg/detail/vehicle_local_position__type_support.c\n'}
[2.069486] (px4_msgs) StdoutLine: {'line': b'-- Installing: /home/harsh/ros2_project/install/px4_msgs/include/px4_msgs/px4_msgs/msg/detail/npfg_status__type_support.c\n'}
[2.069545] (px4_msgs) StdoutLine: {'line': b'-- Up-to-date: /home/harsh/ros2_project/install/px4_msgs/include/px4_msgs/px4_msgs/msg/detail/mavlink_tunnel__rosidl_typesupport_introspection_c.h\n'}
[2.069602] (px4_msgs) StdoutLine: {'line': b'-- Installing: /home/harsh/ros2_project/install/px4_msgs/include/px4_msgs/px4_msgs/msg/detail/vehicle_status__type_support.c\n'}
[2.069659] (px4_msgs) StdoutLine: {'line': b'-- Up-to-date: /home/harsh/ros2_project/install/px4_msgs/include/px4_msgs/px4_msgs/msg/detail/yaw_estimator_status__rosidl_typesupport_introspection_c.h\n'}
[2.069715] (px4_msgs) StdoutLine: {'line': b'-- Up-to-date: /home/harsh/ros2_project/install/px4_msgs/include/px4_msgs/px4_msgs/msg/detail/esc_status__rosidl_typesupport_introspection_c.h\n'}
[2.069771] (px4_msgs) StdoutLine: {'line': b'-- Installing: /home/harsh/ros2_project/install/px4_msgs/include/px4_msgs/px4_msgs/msg/detail/parameter_set_used_request__type_support.c\n'}
[2.069830] (px4_msgs) StdoutLine: {'line': b'-- Installing: /home/harsh/ros2_project/install/px4_msgs/include/px4_msgs/px4_msgs/msg/detail/takeoff_status__type_support.c\n'}
[2.069886] (px4_msgs) StdoutLine: {'line': b'-- Up-to-date: /home/harsh/ros2_project/install/px4_msgs/include/px4_msgs/px4_msgs/msg/detail/vehicle_attitude__rosidl_typesupport_introspection_c.h\n'}
[2.069944] (px4_msgs) StdoutLine: {'line': b'-- Up-to-date: /home/harsh/ros2_project/install/px4_msgs/include/px4_msgs/px4_msgs/msg/detail/parameter_reset_request__rosidl_typesupport_introspection_c.h\n'}
[2.070002] (px4_msgs) StdoutLine: {'line': b'-- Up-to-date: /home/harsh/ros2_project/install/px4_msgs/include/px4_msgs/px4_msgs/msg/detail/sensor_gyro__rosidl_typesupport_introspection_c.h\n'}
[2.070060] (px4_msgs) StdoutLine: {'line': b'-- Installing: /home/harsh/ros2_project/install/px4_msgs/include/px4_msgs/px4_msgs/msg/detail/vehicle_torque_setpoint__type_support.c\n'}
[2.070194] (px4_msgs) StdoutLine: {'line': b'-- Up-to-date: /home/harsh/ros2_project/install/px4_msgs/include/px4_msgs/px4_msgs/msg/detail/vehicle_global_position__rosidl_typesupport_introspection_c.h\n'}
[2.070258] (px4_msgs) StdoutLine: {'line': b'-- Installing: /home/harsh/ros2_project/install/px4_msgs/include/px4_msgs/px4_msgs/msg/detail/register_ext_component_request__type_support.c\n'}
[2.070320] (px4_msgs) StdoutLine: {'line': b'-- Installing: /home/harsh/ros2_project/install/px4_msgs/include/px4_msgs/px4_msgs/msg/detail/rc_parameter_map__type_support.c\n'}
[2.070379] (px4_msgs) StdoutLine: {'line': b'-- Installing: /home/harsh/ros2_project/install/px4_msgs/include/px4_msgs/px4_msgs/msg/detail/orb_test_large__type_support.c\n'}
[2.070438] (px4_msgs) StdoutLine: {'line': b'-- Up-to-date: /home/harsh/ros2_project/install/px4_msgs/include/px4_msgs/px4_msgs/msg/detail/gpio_config__rosidl_typesupport_introspection_c.h\n'}
[2.070496] (px4_msgs) StdoutLine: {'line': b'-- Up-to-date: /home/harsh/ros2_project/install/px4_msgs/include/px4_msgs/px4_msgs/msg/detail/esc_report__rosidl_typesupport_introspection_c.h\n'}
[2.070561] (px4_msgs) StdoutLine: {'line': b'-- Up-to-date: /home/harsh/ros2_project/install/px4_msgs/include/px4_msgs/px4_msgs/msg/detail/airspeed_wind__rosidl_typesupport_introspection_c.h\n'}
[2.070619] (px4_msgs) StdoutLine: {'line': b'-- Up-to-date: /home/harsh/ros2_project/install/px4_msgs/include/px4_msgs/px4_msgs/msg/detail/sensor_selection__rosidl_typesupport_introspection_c.h\n'}
[2.070682] (px4_msgs) StdoutLine: {'line': b'-- Installing: /home/harsh/ros2_project/install/px4_msgs/include/px4_msgs/px4_msgs/msg/detail/position_controller_status__type_support.c\n'}
[2.070746] (px4_msgs) StdoutLine: {'line': b'-- Installing: /home/harsh/ros2_project/install/px4_msgs/include/px4_msgs/px4_msgs/msg/detail/autotune_attitude_control_status__type_support.c\n'}
[2.070807] (px4_msgs) StdoutLine: {'line': b'-- Installing: /home/harsh/ros2_project/install/px4_msgs/include/px4_msgs/px4_msgs/msg/detail/estimator_aid_source3d__type_support.c\n'}
[2.070868] (px4_msgs) StdoutLine: {'line': b'-- Up-to-date: /home/harsh/ros2_project/install/px4_msgs/include/px4_msgs/px4_msgs/msg/detail/unregister_ext_component__rosidl_typesupport_introspection_c.h\n'}
[2.070925] (px4_msgs) StdoutLine: {'line': b'-- Up-to-date: /home/harsh/ros2_project/install/px4_msgs/include/px4_msgs/px4_msgs/msg/detail/collision_report__rosidl_typesupport_introspection_c.h\n'}
[2.070987] (px4_msgs) StdoutLine: {'line': b'-- Up-to-date: /home/harsh/ros2_project/install/px4_msgs/include/px4_msgs/px4_msgs/msg/detail/orb_test__rosidl_typesupport_introspection_c.h\n'}
[2.071046] (px4_msgs) StdoutLine: {'line': b'-- Installing: /home/harsh/ros2_project/install/px4_msgs/include/px4_msgs/px4_msgs/msg/detail/collision_constraints__type_support.c\n'}
[2.071107] (px4_msgs) StdoutLine: {'line': b'-- Up-to-date: /home/harsh/ros2_project/install/px4_msgs/include/px4_msgs/px4_msgs/msg/detail/vehicle_torque_setpoint__rosidl_typesupport_introspection_c.h\n'}
[2.071167] (px4_msgs) StdoutLine: {'line': b'-- Installing: /home/harsh/ros2_project/install/px4_msgs/include/px4_msgs/px4_msgs/msg/detail/gpio_request__type_support.c\n'}
[2.071225] (px4_msgs) StdoutLine: {'line': b'-- Installing: /home/harsh/ros2_project/install/px4_msgs/include/px4_msgs/px4_msgs/msg/detail/onboard_computer_status__type_support.c\n'}
[2.071293] (px4_msgs) StdoutLine: {'line': b'-- Up-to-date: /home/harsh/ros2_project/install/px4_msgs/include/px4_msgs/px4_msgs/msg/detail/gimbal_manager_status__rosidl_typesupport_introspection_c.h\n'}
[2.071352] (px4_msgs) StdoutLine: {'line': b'-- Up-to-date: /home/harsh/ros2_project/install/px4_msgs/include/px4_msgs/px4_msgs/msg/detail/vehicle_angular_velocity__rosidl_typesupport_introspection_c.h\n'}
[2.071413] (px4_msgs) StdoutLine: {'line': b'-- Installing: /home/harsh/ros2_project/install/px4_msgs/include/px4_msgs/px4_msgs/msg/detail/estimator_sensor_bias__type_support.c\n'}
[2.071467] (px4_msgs) StdoutLine: {'line': b'-- Installing: /home/harsh/ros2_project/install/px4_msgs/include/px4_msgs/px4_msgs/msg/detail/debug_vect__type_support.c\n'}
[2.071570] (px4_msgs) StdoutLine: {'line': b'-- Up-to-date: /home/harsh/ros2_project/install/px4_msgs/include/px4_msgs/px4_msgs/msg/detail/npfg_status__rosidl_typesupport_introspection_c.h\n'}
[2.071634] (px4_msgs) StdoutLine: {'line': b'-- Installing: /home/harsh/ros2_project/install/px4_msgs/include/px4_msgs/px4_msgs/msg/detail/action_request__type_support.c\n'}
[2.071695] (px4_msgs) StdoutLine: {'line': b'-- Installing: /home/harsh/ros2_project/install/px4_msgs/include/px4_msgs/px4_msgs/msg/detail/estimator_bias__type_support.c\n'}
[2.071756] (px4_msgs) StdoutLine: {'line': b'-- Installing: /home/harsh/ros2_project/install/px4_msgs/include/px4_msgs/px4_msgs/msg/detail/sensor_gnss_relative__type_support.c\n'}
[2.071819] (px4_msgs) StdoutLine: {'line': b'-- Up-to-date: /home/harsh/ros2_project/install/px4_msgs/include/px4_msgs/px4_msgs/msg/detail/trajectory_setpoint__rosidl_typesupport_introspection_c.h\n'}
[2.071881] (px4_msgs) StdoutLine: {'line': b'-- Up-to-date: /home/harsh/ros2_project/install/px4_msgs/include/px4_msgs/px4_msgs/msg/detail/landing_target_pose__rosidl_typesupport_introspection_c.h\n'}
[2.071941] (px4_msgs) StdoutLine: {'line': b'-- Up-to-date: /home/harsh/ros2_project/install/px4_msgs/include/px4_msgs/px4_msgs/msg/detail/parameter_set_used_request__rosidl_typesupport_introspection_c.h\n'}
[2.072005] (px4_msgs) StdoutLine: {'line': b'-- Up-to-date: /home/harsh/ros2_project/install/px4_msgs/include/px4_msgs/px4_msgs/msg/detail/sensor_hygrometer__rosidl_typesupport_introspection_c.h\n'}
[2.072112] (px4_msgs) StdoutLine: {'line': b'-- Installing: /home/harsh/ros2_project/install/px4_msgs/include/px4_msgs/px4_msgs/msg/detail/parameter_set_value_response__type_support.c\n'}
[2.072172] (px4_msgs) StdoutLine: {'line': b'-- Up-to-date: /home/harsh/ros2_project/install/px4_msgs/include/px4_msgs/px4_msgs/msg/detail/estimator_gps_status__rosidl_typesupport_introspection_c.h\n'}
[2.072228] (px4_msgs) StdoutLine: {'line': b'-- Up-to-date: /home/harsh/ros2_project/install/px4_msgs/include/px4_msgs/px4_msgs/msg/detail/trajectory_bezier__rosidl_typesupport_introspection_c.h\n'}
[2.072301] (px4_msgs) StdoutLine: {'line': b'-- Installing: /home/harsh/ros2_project/install/px4_msgs/include/px4_msgs/px4_msgs/msg/detail/sensor_baro__type_support.c\n'}
[2.072363] (px4_msgs) StdoutLine: {'line': b'-- Installing: /home/harsh/ros2_project/install/px4_msgs/include/px4_msgs/px4_msgs/msg/detail/internal_combustion_engine_status__type_support.c\n'}
[2.072451] (px4_msgs) StdoutLine: {'line': b'-- Up-to-date: /home/harsh/ros2_project/install/px4_msgs/include/px4_msgs/px4_msgs/msg/detail/button_event__rosidl_typesupport_introspection_c.h\n'}
[2.072508] (px4_msgs) StdoutLine: {'line': b'-- Up-to-date: /home/harsh/ros2_project/install/px4_msgs/include/px4_msgs/px4_msgs/msg/detail/message_format_request__rosidl_typesupport_introspection_c.h\n'}
[2.072563] (px4_msgs) StdoutLine: {'line': b'-- Installing: /home/harsh/ros2_project/install/px4_msgs/include/px4_msgs/px4_msgs/msg/detail/rc_channels__type_support.c\n'}
[2.072619] (px4_msgs) StdoutLine: {'line': b'-- Up-to-date: /home/harsh/ros2_project/install/px4_msgs/include/px4_msgs/px4_msgs/msg/detail/airspeed_validated__rosidl_typesupport_introspection_c.h\n'}
[2.072673] (px4_msgs) StdoutLine: {'line': b'-- Up-to-date: /home/harsh/ros2_project/install/px4_msgs/include/px4_msgs/px4_msgs/msg/detail/offboard_control_mode__rosidl_typesupport_introspection_c.h\n'}
[2.072728] (px4_msgs) StdoutLine: {'line': b'-- Up-to-date: /home/harsh/ros2_project/install/px4_msgs/include/px4_msgs/px4_msgs/msg/detail/estimator_innovations__rosidl_typesupport_introspection_c.h\n'}
[2.072786] (px4_msgs) StdoutLine: {'line': b'-- Up-to-date: /home/harsh/ros2_project/install/px4_msgs/include/px4_msgs/px4_msgs/msg/detail/qshell_retval__rosidl_typesupport_introspection_c.h\n'}
[2.072843] (px4_msgs) StdoutLine: {'line': b'-- Up-to-date: /home/harsh/ros2_project/install/px4_msgs/include/px4_msgs/px4_msgs/msg/detail/estimator_status__rosidl_typesupport_introspection_c.h\n'}
[2.072926] (px4_msgs) StdoutLine: {'line': b'-- Up-to-date: /home/harsh/ros2_project/install/px4_msgs/include/px4_msgs/px4_msgs/msg/detail/actuator_outputs__rosidl_typesupport_introspection_c.h\n'}
[2.072981] (px4_msgs) StdoutLine: {'line': b'-- Up-to-date: /home/harsh/ros2_project/install/px4_msgs/include/px4_msgs/px4_msgs/msg/detail/airspeed__rosidl_typesupport_introspection_c.h\n'}
[2.073034] (px4_msgs) StdoutLine: {'line': b'-- Installing: /home/harsh/ros2_project/install/px4_msgs/include/px4_msgs/px4_msgs/msg/detail/differential_drive_setpoint__type_support.c\n'}
[2.073087] (px4_msgs) StdoutLine: {'line': b'-- Installing: /home/harsh/ros2_project/install/px4_msgs/include/px4_msgs/px4_msgs/msg/detail/transponder_report__type_support.c\n'}
[2.073140] (px4_msgs) StdoutLine: {'line': b'-- Up-to-date: /home/harsh/ros2_project/install/px4_msgs/include/px4_msgs/px4_msgs/msg/detail/camera_trigger__rosidl_typesupport_introspection_c.h\n'}
[2.073197] (px4_msgs) StdoutLine: {'line': b'-- Up-to-date: /home/harsh/ros2_project/install/px4_msgs/include/px4_msgs/px4_msgs/msg/detail/timesync_status__rosidl_typesupport_introspection_c.h\n'}
[2.073268] (px4_msgs) StdoutLine: {'line': b'-- Up-to-date: /home/harsh/ros2_project/install/px4_msgs/include/px4_msgs/px4_msgs/msg/detail/power_button_state__rosidl_typesupport_introspection_c.h\n'}
[2.073330] (px4_msgs) StdoutLine: {'line': b'-- Up-to-date: /home/harsh/ros2_project/install/px4_msgs/include/px4_msgs/px4_msgs/msg/detail/vehicle_roi__rosidl_typesupport_introspection_c.h\n'}
[2.073389] (px4_msgs) StdoutLine: {'line': b'-- Up-to-date: /home/harsh/ros2_project/install/px4_msgs/include/px4_msgs/px4_msgs/msg/detail/differential_pressure__rosidl_typesupport_introspection_c.h\n'}
[2.073451] (px4_msgs) StdoutLine: {'line': b'-- Installing: /home/harsh/ros2_project/install/px4_msgs/include/px4_msgs/px4_msgs/msg/detail/landing_gear_wheel__type_support.c\n'}
[2.073508] (px4_msgs) StdoutLine: {'line': b'-- Installing: /home/harsh/ros2_project/install/px4_msgs/include/px4_msgs/px4_msgs/msg/detail/sensors_status__type_support.c\n'}
[2.073567] (px4_msgs) StdoutLine: {'line': b'-- Up-to-date: /home/harsh/ros2_project/install/px4_msgs/include/px4_msgs/px4_msgs/msg/detail/message_format_response__rosidl_typesupport_introspection_c.h\n'}
[2.073623] (px4_msgs) StdoutLine: {'line': b'-- Installing: /home/harsh/ros2_project/install/px4_msgs/include/px4_msgs/px4_msgs/msg/detail/telemetry_status__type_support.c\n'}
[2.073678] (px4_msgs) StdoutLine: {'line': b'-- Up-to-date: /home/harsh/ros2_project/install/px4_msgs/include/px4_msgs/px4_msgs/msg/detail/input_rc__rosidl_typesupport_introspection_c.h\n'}
[2.073775] (px4_msgs) StdoutLine: {'line': b'-- Installing: /home/harsh/ros2_project/install/px4_msgs/include/px4_msgs/px4_msgs/msg/detail/mission_result__type_support.c\n'}
[2.073834] (px4_msgs) StdoutLine: {'line': b'-- Installing: /home/harsh/ros2_project/install/px4_msgs/include/px4_msgs/px4_msgs/msg/detail/airspeed_wind__type_support.c\n'}
[2.073887] (px4_msgs) StdoutLine: {'line': b'-- Up-to-date: /home/harsh/ros2_project/install/px4_msgs/include/px4_msgs/px4_msgs/msg/detail/orb_test_large__rosidl_typesupport_introspection_c.h\n'}
[2.073943] (px4_msgs) StdoutLine: {'line': b'-- Up-to-date: /home/harsh/ros2_project/install/px4_msgs/include/px4_msgs/px4_msgs/msg/detail/vehicle_angular_acceleration_setpoint__rosidl_typesupport_introspection_c.h\n'}
[2.073997] (px4_msgs) StdoutLine: {'line': b'-- Installing: /home/harsh/ros2_project/install/px4_msgs/include/px4_msgs/px4_msgs/msg/detail/gimbal_device_attitude_status__type_support.c\n'}
[2.074049] (px4_msgs) StdoutLine: {'line': b'-- Installing: /home/harsh/ros2_project/install/px4_msgs/include/px4_msgs/px4_msgs/msg/detail/camera_capture__type_support.c\n'}
[2.074107] (px4_msgs) StdoutLine: {'line': b'-- Installing: /home/harsh/ros2_project/install/px4_msgs/include/px4_msgs/px4_msgs/msg/detail/estimator_selector_status__type_support.c\n'}
[2.074168] (px4_msgs) StdoutLine: {'line': b'-- Installing: /home/harsh/ros2_project/install/px4_msgs/include/px4_msgs/px4_msgs/msg/detail/vehicle_roi__type_support.c\n'}
[2.074227] (px4_msgs) StdoutLine: {'line': b'-- Up-to-date: /home/harsh/ros2_project/install/px4_msgs/include/px4_msgs/px4_msgs/msg/detail/control_allocator_status__rosidl_typesupport_introspection_c.h\n'}
[2.074299] (px4_msgs) StdoutLine: {'line': b'-- Up-to-date: /home/harsh/ros2_project/install/px4_msgs/include/px4_msgs/px4_msgs/msg/detail/sensor_gyro_fifo__rosidl_typesupport_introspection_c.h\n'}
[2.074359] (px4_msgs) StdoutLine: {'line': b'-- Installing: /home/harsh/ros2_project/install/px4_msgs/include/px4_msgs/px4_msgs/msg/detail/follow_target__type_support.c\n'}
[2.074415] (px4_msgs) StdoutLine: {'line': b'-- Installing: /home/harsh/ros2_project/install/px4_msgs/include/px4_msgs/px4_msgs/msg/detail/vehicle_trajectory_waypoint__type_support.c\n'}
[2.074471] (px4_msgs) StdoutLine: {'line': b'-- Installing: /home/harsh/ros2_project/install/px4_msgs/include/px4_msgs/px4_msgs/msg/detail/yaw_estimator_status__type_support.c\n'}
[2.074530] (px4_msgs) StdoutLine: {'line': b'-- Installing: /home/harsh/ros2_project/install/px4_msgs/include/px4_msgs/px4_msgs/msg/detail/camera_trigger__type_support.c\n'}
[2.074585] (px4_msgs) StdoutLine: {'line': b'-- Installing: /home/harsh/ros2_project/install/px4_msgs/include/px4_msgs/px4_msgs/msg/detail/ulog_stream__type_support.c\n'}
[2.074642] (px4_msgs) StdoutLine: {'line': b'-- Up-to-date: /home/harsh/ros2_project/install/px4_msgs/include/px4_msgs/px4_msgs/msg/detail/adc_report__rosidl_typesupport_introspection_c.h\n'}
[2.074699] (px4_msgs) StdoutLine: {'line': b'-- Installing: /home/harsh/ros2_project/install/px4_msgs/include/px4_msgs/px4_msgs/msg/detail/pps_capture__type_support.c\n'}
[2.074754] (px4_msgs) StdoutLine: {'line': b'-- Installing: /home/harsh/ros2_project/install/px4_msgs/include/px4_msgs/px4_msgs/msg/detail/follow_target_estimator__type_support.c\n'}
[2.074810] (px4_msgs) StdoutLine: {'line': b'-- Installing: /home/harsh/ros2_project/install/px4_msgs/include/px4_msgs/px4_msgs/msg/detail/sensor_selection__type_support.c\n'}
[2.074867] (px4_msgs) StdoutLine: {'line': b'-- Up-to-date: /home/harsh/ros2_project/install/px4_msgs/include/px4_msgs/px4_msgs/msg/detail/battery_status__rosidl_typesupport_introspection_c.h\n'}
[2.074924] (px4_msgs) StdoutLine: {'line': b'-- Up-to-date: /home/harsh/ros2_project/install/px4_msgs/include/px4_msgs/px4_msgs/msg/detail/register_ext_component_reply__rosidl_typesupport_introspection_c.h\n'}
[2.074980] (px4_msgs) StdoutLine: {'line': b'-- Installing: /home/harsh/ros2_project/install/px4_msgs/include/px4_msgs/px4_msgs/msg/detail/sensor_gyro_fft__type_support.c\n'}
[2.075039] (px4_msgs) StdoutLine: {'line': b'-- Installing: /home/harsh/ros2_project/install/px4_msgs/include/px4_msgs/px4_msgs/msg/detail/vehicle_global_position__type_support.c\n'}
[2.075108] (px4_msgs) StdoutLine: {'line': b'-- Up-to-date: /home/harsh/ros2_project/install/px4_msgs/include/px4_msgs/px4_msgs/msg/detail/gpio_out__rosidl_typesupport_introspection_c.h\n'}
[2.075182] (px4_msgs) StdoutLine: {'line': b'-- Up-to-date: /home/harsh/ros2_project/install/px4_msgs/include/px4_msgs/px4_msgs/msg/detail/navigator_mission_item__rosidl_typesupport_introspection_c.h\n'}
[2.075278] (px4_msgs) StdoutLine: {'line': b'-- Installing: /home/harsh/ros2_project/install/px4_msgs/include/px4_msgs/px4_msgs/msg/detail/power_button_state__type_support.c\n'}
[2.075366] (px4_msgs) StdoutLine: {'line': b'-- Up-to-date: /home/harsh/ros2_project/install/px4_msgs/include/px4_msgs/px4_msgs/msg/detail/task_stack_info__rosidl_typesupport_introspection_c.h\n'}
[2.075473] (px4_msgs) StdoutLine: {'line': b'-- Installing: /home/harsh/ros2_project/install/px4_msgs/include/px4_msgs/px4_msgs/msg/detail/parameter_update__type_support.c\n'}
[2.075604] (px4_msgs) StdoutLine: {'line': b'-- Up-to-date: /home/harsh/ros2_project/install/px4_msgs/include/px4_msgs/px4_msgs/msg/detail/orb_test_medium__rosidl_typesupport_introspection_c.h\n'}
[2.075687] (px4_msgs) StdoutLine: {'line': b'-- Up-to-date: /home/harsh/ros2_project/install/px4_msgs/include/px4_msgs/px4_msgs/msg/detail/landing_target_innovations__rosidl_typesupport_introspection_c.h\n'}
[2.075751] (px4_msgs) StdoutLine: {'line': b'-- Installing: /home/harsh/ros2_project/install/px4_msgs/include/px4_msgs/px4_msgs/msg/detail/estimator_event_flags__type_support.c\n'}
[2.075806] (px4_msgs) StdoutLine: {'line': b'-- Installing: /home/harsh/ros2_project/install/px4_msgs/include/px4_msgs/px4_msgs/msg/detail/estimator_aid_source1d__type_support.c\n'}
[2.075863] (px4_msgs) StdoutLine: {'line': b'-- Installing: /home/harsh/ros2_project/install/px4_msgs/include/px4_msgs/px4_msgs/msg/detail/offboard_control_mode__type_support.c\n'}
[2.075921] (px4_msgs) StdoutLine: {'line': b'-- Installing: /home/harsh/ros2_project/install/px4_msgs/include/px4_msgs/px4_msgs/msg/detail/gpio_in__type_support.c\n'}
[2.075982] (px4_msgs) StdoutLine: {'line': b'-- Installing: /home/harsh/ros2_project/install/px4_msgs/include/px4_msgs/px4_msgs/msg/detail/event__type_support.c\n'}
[2.076040] (px4_msgs) StdoutLine: {'line': b'-- Installing: /home/harsh/ros2_project/install/px4_msgs/include/px4_msgs/px4_msgs/msg/detail/vehicle_land_detected__type_support.c\n'}
[2.076097] (px4_msgs) StdoutLine: {'line': b'-- Up-to-date: /home/harsh/ros2_project/install/px4_msgs/include/px4_msgs/px4_msgs/msg/detail/arming_check_request__rosidl_typesupport_introspection_c.h\n'}
[2.076158] (px4_msgs) StdoutLine: {'line': b'-- Up-to-date: /home/harsh/ros2_project/install/px4_msgs/include/px4_msgs/px4_msgs/msg/detail/onboard_computer_status__rosidl_typesupport_introspection_c.h\n'}
[2.076214] (px4_msgs) StdoutLine: {'line': b'-- Up-to-date: /home/harsh/ros2_project/install/px4_msgs/include/px4_msgs/px4_msgs/msg/detail/velocity_limits__rosidl_typesupport_introspection_c.h\n'}
[2.076295] (px4_msgs) StdoutLine: {'line': b'-- Up-to-date: /home/harsh/ros2_project/install/px4_msgs/include/px4_msgs/px4_msgs/msg/detail/actuator_servos_trim__rosidl_typesupport_introspection_c.h\n'}
[2.076357] (px4_msgs) StdoutLine: {'line': b'-- Up-to-date: /home/harsh/ros2_project/install/px4_msgs/include/px4_msgs/px4_msgs/msg/detail/arming_check_reply__rosidl_typesupport_introspection_c.h\n'}
[2.076418] (px4_msgs) StdoutLine: {'line': b'-- Installing: /home/harsh/ros2_project/install/px4_msgs/include/px4_msgs/px4_msgs/msg/detail/sensor_combined__type_support.c\n'}
[2.076477] (px4_msgs) StdoutLine: {'line': b'-- Installing: /home/harsh/ros2_project/install/px4_msgs/include/px4_msgs/px4_msgs/msg/detail/failsafe_flags__type_support.c\n'}
[2.076533] (px4_msgs) StdoutLine: {'line': b'-- Installing: /home/harsh/ros2_project/install/px4_msgs/include/px4_msgs/px4_msgs/msg/detail/camera_status__type_support.c\n'}
[2.076591] (px4_msgs) StdoutLine: {'line': b'-- Installing: /home/harsh/ros2_project/install/px4_msgs/include/px4_msgs/px4_msgs/msg/detail/actuator_controls_status__type_support.c\n'}
[2.076650] (px4_msgs) StdoutLine: {'line': b'-- Installing: /home/harsh/ros2_project/install/px4_msgs/include/px4_msgs/px4_msgs/msg/detail/vehicle_local_position_setpoint__type_support.c\n'}
[2.076707] (px4_msgs) StdoutLine: {'line': b'-- Installing: /home/harsh/ros2_project/install/px4_msgs/include/px4_msgs/px4_msgs/msg/detail/tecs_status__type_support.c\n'}
[2.076763] (px4_msgs) StdoutLine: {'line': b'-- Up-to-date: /home/harsh/ros2_project/install/px4_msgs/include/px4_msgs/px4_msgs/msg/detail/vehicle_status__rosidl_typesupport_introspection_c.h\n'}
[2.076816] (px4_msgs) StdoutLine: {'line': b'-- Up-to-date: /home/harsh/ros2_project/install/px4_msgs/include/px4_msgs/px4_msgs/msg/detail/sensor_airflow__rosidl_typesupport_introspection_c.h\n'}
[2.076873] (px4_msgs) StdoutLine: {'line': b'-- Up-to-date: /home/harsh/ros2_project/install/px4_msgs/include/px4_msgs/px4_msgs/msg/detail/sensor_gyro_fft__rosidl_typesupport_introspection_c.h\n'}
[2.076932] (px4_msgs) StdoutLine: {'line': b'-- Installing: /home/harsh/ros2_project/install/px4_msgs/include/px4_msgs/px4_msgs/msg/detail/velocity_limits__type_support.c\n'}
[2.076992] (px4_msgs) StdoutLine: {'line': b'-- Up-to-date: /home/harsh/ros2_project/install/px4_msgs/include/px4_msgs/px4_msgs/msg/detail/estimator_status_flags__rosidl_typesupport_introspection_c.h\n'}
[2.077103] (px4_msgs) StdoutLine: {'line': b'-- Installing: /home/harsh/ros2_project/install/px4_msgs/include/px4_msgs/px4_msgs/msg/detail/vehicle_angular_velocity__type_support.c\n'}
[2.077164] (px4_msgs) StdoutLine: {'line': b'-- Installing: /home/harsh/ros2_project/install/px4_msgs/include/px4_msgs/px4_msgs/msg/detail/debug_key_value__type_support.c\n'}
[2.077230] (px4_msgs) StdoutLine: {'line': b'-- Up-to-date: /home/harsh/ros2_project/install/px4_msgs/include/px4_msgs/px4_msgs/msg/detail/rtl_time_estimate__rosidl_typesupport_introspection_c.h\n'}
[2.077317] (px4_msgs) StdoutLine: {'line': b'-- Up-to-date: /home/harsh/ros2_project/install/px4_msgs/include/px4_msgs/px4_msgs/msg/detail/config_overrides__rosidl_typesupport_introspection_c.h\n'}
[2.077384] (px4_msgs) StdoutLine: {'line': b'-- Installing: /home/harsh/ros2_project/install/px4_msgs/include/px4_msgs/px4_msgs/msg/detail/gpio_config__type_support.c\n'}
[2.077449] (px4_msgs) StdoutLine: {'line': b'-- Up-to-date: /home/harsh/ros2_project/install/px4_msgs/include/px4_msgs/px4_msgs/msg/detail/gimbal_device_attitude_status__rosidl_typesupport_introspection_c.h\n'}
[2.077510] (px4_msgs) StdoutLine: {'line': b'-- Up-to-date: /home/harsh/ros2_project/install/px4_msgs/include/px4_msgs/px4_msgs/msg/detail/satellite_info__rosidl_typesupport_introspection_c.h\n'}
[2.077593] (px4_msgs) StdoutLine: {'line': b'-- Up-to-date: /home/harsh/ros2_project/install/px4_msgs/include/px4_msgs/px4_msgs/msg/detail/mode_completed__rosidl_typesupport_introspection_c.h\n'}
[2.077657] (px4_msgs) StdoutLine: {'line': b'-- Installing: /home/harsh/ros2_project/install/px4_msgs/include/px4_msgs/px4_msgs/msg/detail/debug_array__type_support.c\n'}
[2.077714] (px4_msgs) StdoutLine: {'line': b'-- Up-to-date: /home/harsh/ros2_project/install/px4_msgs/include/px4_msgs/px4_msgs/msg/detail/actuator_armed__rosidl_typesupport_introspection_c.h\n'}
[2.077771] (px4_msgs) StdoutLine: {'line': b'-- Up-to-date: /home/harsh/ros2_project/install/px4_msgs/include/px4_msgs/px4_msgs/msg/detail/gimbal_manager_set_attitude__rosidl_typesupport_introspection_c.h\n'}
[2.077827] (px4_msgs) StdoutLine: {'line': b'-- Installing: /home/harsh/ros2_project/install/px4_msgs/include/px4_msgs/px4_msgs/msg/detail/input_rc__type_support.c\n'}
[2.077882] (px4_msgs) StdoutLine: {'line': b'-- Up-to-date: /home/harsh/ros2_project/install/px4_msgs/include/px4_msgs/px4_msgs/msg/detail/parameter_update__rosidl_typesupport_introspection_c.h\n'}
[2.077937] (px4_msgs) StdoutLine: {'line': b'-- Installing: /home/harsh/ros2_project/install/px4_msgs/include/px4_msgs/px4_msgs/msg/detail/radio_status__type_support.c\n'}
[2.078039] (px4_msgs) StdoutLine: {'line': b'-- Installing: /home/harsh/ros2_project/install/px4_msgs/include/px4_msgs/px4_msgs/msg/detail/figure_eight_status__type_support.c\n'}
[2.078095] (px4_msgs) StdoutLine: {'line': b'-- Up-to-date: /home/harsh/ros2_project/install/px4_msgs/include/px4_msgs/px4_msgs/msg/detail/camera_capture__rosidl_typesupport_introspection_c.h\n'}
[2.078153] (px4_msgs) StdoutLine: {'line': b'-- Installing: /home/harsh/ros2_project/install/px4_msgs/include/px4_msgs/px4_msgs/msg/detail/follow_target_status__type_support.c\n'}
[2.078212] (px4_msgs) StdoutLine: {'line': b'-- Installing: /home/harsh/ros2_project/install/px4_msgs/include/px4_msgs/px4_msgs/msg/detail/vehicle_air_data__type_support.c\n'}
[2.078284] (px4_msgs) StdoutLine: {'line': b'-- Installing: /home/harsh/ros2_project/install/px4_msgs/include/px4_msgs/px4_msgs/msg/detail/hover_thrust_estimate__type_support.c\n'}
[2.078344] (px4_msgs) StdoutLine: {'line': b'-- Up-to-date: /home/harsh/ros2_project/install/px4_msgs/include/px4_msgs/px4_msgs/msg/detail/sensor_gps__rosidl_typesupport_introspection_c.h\n'}
[2.078402] (px4_msgs) StdoutLine: {'line': b'-- Installing: /home/harsh/ros2_project/install/px4_msgs/include/px4_msgs/px4_msgs/msg/detail/esc_report__type_support.c\n'}
[2.078464] (px4_msgs) StdoutLine: {'line': b'-- Up-to-date: /home/harsh/ros2_project/install/px4_msgs/include/px4_msgs/px4_msgs/msg/detail/pps_capture__rosidl_typesupport_introspection_c.h\n'}
[2.078523] (px4_msgs) StdoutLine: {'line': b'-- Installing: /home/harsh/ros2_project/install/px4_msgs/include/px4_msgs/px4_msgs/msg/detail/failure_detector_status__type_support.c\n'}
[2.078578] (px4_msgs) StdoutLine: {'line': b'-- Installing: /home/harsh/ros2_project/install/px4_msgs/include/px4_msgs/px4_msgs/msg/detail/actuator_outputs__type_support.c\n'}
[2.078635] (px4_msgs) StdoutLine: {'line': b'-- Installing: /home/harsh/ros2_project/install/px4_msgs/include/px4_msgs/px4_msgs/msg/detail/actuator_test__type_support.c\n'}
[2.078691] (px4_msgs) StdoutLine: {'line': b'-- Up-to-date: /home/harsh/ros2_project/install/px4_msgs/include/px4_msgs/px4_msgs/msg/detail/radio_status__rosidl_typesupport_introspection_c.h\n'}
[2.078748] (px4_msgs) StdoutLine: {'line': b'-- Up-to-date: /home/harsh/ros2_project/install/px4_msgs/include/px4_msgs/px4_msgs/msg/detail/debug_key_value__rosidl_typesupport_introspection_c.h\n'}
[2.078804] (px4_msgs) StdoutLine: {'line': b'-- Installing: /home/harsh/ros2_project/install/px4_msgs/include/px4_msgs/px4_msgs/msg/detail/iridiumsbd_status__type_support.c\n'}
[2.078860] (px4_msgs) StdoutLine: {'line': b'-- Up-to-date: /home/harsh/ros2_project/install/px4_msgs/include/px4_msgs/px4_msgs/msg/detail/vehicle_constraints__rosidl_typesupport_introspection_c.h\n'}
[2.078915] (px4_msgs) StdoutLine: {'line': b'-- Up-to-date: /home/harsh/ros2_project/install/px4_msgs/include/px4_msgs/px4_msgs/msg/detail/vehicle_command_ack__rosidl_typesupport_introspection_c.h\n'}
[2.078971] (px4_msgs) StdoutLine: {'line': b'-- Up-to-date: /home/harsh/ros2_project/install/px4_msgs/include/px4_msgs/px4_msgs/msg/detail/vehicle_attitude_setpoint__rosidl_typesupport_introspection_c.h\n'}
[2.079027] (px4_msgs) StdoutLine: {'line': b'-- Up-to-date: /home/harsh/ros2_project/install/px4_msgs/include/px4_msgs/px4_msgs/msg/detail/vehicle_local_position_setpoint__rosidl_typesupport_introspection_c.h\n'}
[2.079085] (px4_msgs) StdoutLine: {'line': b'-- Installing: /home/harsh/ros2_project/install/px4_msgs/include/px4_msgs/px4_msgs/msg/detail/normalized_unsigned_setpoint__type_support.c\n'}
[2.079141] (px4_msgs) StdoutLine: {'line': b'-- Up-to-date: /home/harsh/ros2_project/install/px4_msgs/include/px4_msgs/px4_msgs/msg/detail/internal_combustion_engine_status__rosidl_typesupport_introspection_c.h\n'}
[2.079197] (px4_msgs) StdoutLine: {'line': b'-- Up-to-date: /home/harsh/ros2_project/install/px4_msgs/include/px4_msgs/px4_msgs/msg/detail/vehicle_acceleration__rosidl_typesupport_introspection_c.h\n'}
[2.079266] (px4_msgs) StdoutLine: {'line': b'-- Installing: /home/harsh/ros2_project/install/px4_msgs/include/px4_msgs/px4_msgs/msg/detail/vehicle_angular_acceleration_setpoint__type_support.c\n'}
[2.079326] (px4_msgs) StdoutLine: {'line': b'-- Installing: /home/harsh/ros2_project/install/px4_msgs/include/px4_msgs/px4_msgs/msg/detail/qshell_req__type_support.c\n'}
[2.079382] (px4_msgs) StdoutLine: {'line': b'-- Installing: /home/harsh/ros2_project/install/px4_msgs/include/px4_msgs/px4_msgs/msg/detail/esc_status__type_support.c\n'}
[2.079436] (px4_msgs) StdoutLine: {'line': b'-- Up-to-date: /home/harsh/ros2_project/install/px4_msgs/include/px4_msgs/px4_msgs/msg/detail/vehicle_command__rosidl_typesupport_introspection_c.h\n'}
[2.079492] (px4_msgs) StdoutLine: {'line': b'-- Up-to-date: /home/harsh/ros2_project/install/px4_msgs/include/px4_msgs/px4_msgs/msg/detail/vehicle_imu__rosidl_typesupport_introspection_c.h\n'}
[2.079548] (px4_msgs) StdoutLine: {'line': b'-- Installing: /home/harsh/ros2_project/install/px4_msgs/include/px4_msgs/px4_msgs/msg/detail/actuator_armed__type_support.c\n'}
[2.079603] (px4_msgs) StdoutLine: {'line': b'-- Up-to-date: /home/harsh/ros2_project/install/px4_msgs/include/px4_msgs/px4_msgs/msg/detail/sensor_combined__rosidl_typesupport_introspection_c.h\n'}
[2.079659] (px4_msgs) StdoutLine: {'line': b'-- Installing: /home/harsh/ros2_project/install/px4_msgs/include/px4_msgs/px4_msgs/msg/detail/dataman_request__type_support.c\n'}
[2.079721] (px4_msgs) StdoutLine: {'line': b'-- Installing: /home/harsh/ros2_project/install/px4_msgs/include/px4_msgs/px4_msgs/msg/detail/obstacle_distance__type_support.c\n'}
[2.079780] (px4_msgs) StdoutLine: {'line': b'-- Up-to-date: /home/harsh/ros2_project/install/px4_msgs/include/px4_msgs/px4_msgs/msg/detail/rate_ctrl_status__rosidl_typesupport_introspection_c.h\n'}
[2.079836] (px4_msgs) StdoutLine: {'line': b'-- Up-to-date: /home/harsh/ros2_project/install/px4_msgs/include/px4_msgs/px4_msgs/msg/detail/tiltrotor_extra_controls__rosidl_typesupport_introspection_c.h\n'}
[2.079892] (px4_msgs) StdoutLine: {'line': b'-- Installing: /home/harsh/ros2_project/install/px4_msgs/include/px4_msgs/px4_msgs/msg/detail/ping__type_support.c\n'}
[2.079947] (px4_msgs) StdoutLine: {'line': b'-- Installing: /home/harsh/ros2_project/install/px4_msgs/include/px4_msgs/px4_msgs/msg/detail/estimator_status_flags__type_support.c\n'}
[2.080001] (px4_msgs) StdoutLine: {'line': b'-- Installing: /home/harsh/ros2_project/install/px4_msgs/include/px4_msgs/px4_msgs/msg/detail/gpio_out__type_support.c\n'}
[2.080057] (px4_msgs) StdoutLine: {'line': b'-- Up-to-date: /home/harsh/ros2_project/install/px4_msgs/include/px4_msgs/px4_msgs/msg/detail/sensor_mag__rosidl_typesupport_introspection_c.h\n'}
[2.080111] (px4_msgs) StdoutLine: {'line': b'-- Up-to-date: /home/harsh/ros2_project/install/px4_msgs/include/px4_msgs/px4_msgs/msg/detail/gpio_in__rosidl_typesupport_introspection_c.h\n'}
[2.080167] (px4_msgs) StdoutLine: {'line': b'-- Up-to-date: /home/harsh/ros2_project/install/px4_msgs/include/px4_msgs/px4_msgs/srv\n'}
[2.080224] (px4_msgs) StdoutLine: {'line': b'-- Up-to-date: /home/harsh/ros2_project/install/px4_msgs/include/px4_msgs/px4_msgs/srv/detail\n'}
[2.080297] (px4_msgs) StdoutLine: {'line': b'-- Installing: /home/harsh/ros2_project/install/px4_msgs/include/px4_msgs/px4_msgs/srv/detail/vehicle_command__type_support.c\n'}
[2.080358] (px4_msgs) StdoutLine: {'line': b'-- Up-to-date: /home/harsh/ros2_project/install/px4_msgs/include/px4_msgs/px4_msgs/srv/detail/vehicle_command__rosidl_typesupport_introspection_c.h\n'}
[2.080416] (px4_msgs) StdoutLine: {'line': b'-- Up-to-date: /home/harsh/ros2_project/install/px4_msgs/lib/libpx4_msgs__rosidl_typesupport_introspection_c.so\n'}
[2.080491] (px4_msgs) StdoutLine: {'line': b'-- Up-to-date: /home/harsh/ros2_project/install/px4_msgs/lib/libpx4_msgs__rosidl_typesupport_c.so\n'}
[2.080609] (px4_msgs) StdoutLine: {'line': b'-- Up-to-date: /home/harsh/ros2_project/install/px4_msgs/include/px4_msgs/px4_msgs\n'}
[2.080843] (px4_msgs) StdoutLine: {'line': b'-- Up-to-date: /home/harsh/ros2_project/install/px4_msgs/include/px4_msgs/px4_msgs/msg\n'}
[2.081072] (px4_msgs) StdoutLine: {'line': b'-- Up-to-date: /home/harsh/ros2_project/install/px4_msgs/include/px4_msgs/px4_msgs/msg/detail\n'}
[2.081257] (px4_msgs) StdoutLine: {'line': b'-- Up-to-date: /home/harsh/ros2_project/install/px4_msgs/include/px4_msgs/px4_msgs/msg/detail/transponder_report__type_support.cpp\n'}
[2.081457] (px4_msgs) StdoutLine: {'line': b'-- Up-to-date: /home/harsh/ros2_project/install/px4_msgs/include/px4_msgs/px4_msgs/msg/detail/vehicle_angular_acceleration_setpoint__type_support.cpp\n'}
[2.081547] (px4_msgs) StdoutLine: {'line': b'-- Up-to-date: /home/harsh/ros2_project/install/px4_msgs/include/px4_msgs/px4_msgs/msg/detail/camera_trigger__type_support.cpp\n'}
[2.081627] (px4_msgs) StdoutLine: {'line': b'-- Up-to-date: /home/harsh/ros2_project/install/px4_msgs/include/px4_msgs/px4_msgs/msg/detail/home_position__type_support.cpp\n'}
[2.081705] (px4_msgs) StdoutLine: {'line': b'-- Up-to-date: /home/harsh/ros2_project/install/px4_msgs/include/px4_msgs/px4_msgs/msg/detail/register_ext_component_request__type_support.cpp\n'}
[2.081767] (px4_msgs) StdoutLine: {'line': b'-- Up-to-date: /home/harsh/ros2_project/install/px4_msgs/include/px4_msgs/px4_msgs/msg/detail/wind__rosidl_typesupport_introspection_cpp.hpp\n'}
[2.081824] (px4_msgs) StdoutLine: {'line': b'-- Up-to-date: /home/harsh/ros2_project/install/px4_msgs/include/px4_msgs/px4_msgs/msg/detail/pps_capture__type_support.cpp\n'}
[2.081909] (px4_msgs) StdoutLine: {'line': b'-- Up-to-date: /home/harsh/ros2_project/install/px4_msgs/include/px4_msgs/px4_msgs/msg/detail/rtl_status__rosidl_typesupport_introspection_cpp.hpp\n'}
[2.081960] (px4_msgs) StdoutLine: {'line': b'-- Up-to-date: /home/harsh/ros2_project/install/px4_msgs/include/px4_msgs/px4_msgs/msg/detail/vehicle_odometry__type_support.cpp\n'}
[2.082013] (px4_msgs) StdoutLine: {'line': b'-- Up-to-date: /home/harsh/ros2_project/install/px4_msgs/include/px4_msgs/px4_msgs/msg/detail/message_format_request__rosidl_typesupport_introspection_cpp.hpp\n'}
[2.082070] (px4_msgs) StdoutLine: {'line': b'-- Up-to-date: /home/harsh/ros2_project/install/px4_msgs/include/px4_msgs/px4_msgs/msg/detail/manual_control_switches__type_support.cpp\n'}
[2.082131] (px4_msgs) StdoutLine: {'line': b'-- Up-to-date: /home/harsh/ros2_project/install/px4_msgs/include/px4_msgs/px4_msgs/msg/detail/debug_value__type_support.cpp\n'}
[2.082188] (px4_msgs) StdoutLine: {'line': b'-- Up-to-date: /home/harsh/ros2_project/install/px4_msgs/include/px4_msgs/px4_msgs/msg/detail/vehicle_trajectory_bezier__rosidl_typesupport_introspection_cpp.hpp\n'}
[2.082261] (px4_msgs) StdoutLine: {'line': b'-- Up-to-date: /home/harsh/ros2_project/install/px4_msgs/include/px4_msgs/px4_msgs/msg/detail/gps_inject_data__type_support.cpp\n'}
[2.082324] (px4_msgs) StdoutLine: {'line': b'-- Up-to-date: /home/harsh/ros2_project/install/px4_msgs/include/px4_msgs/px4_msgs/msg/detail/position_setpoint__type_support.cpp\n'}
[2.082381] (px4_msgs) StdoutLine: {'line': b'-- Up-to-date: /home/harsh/ros2_project/install/px4_msgs/include/px4_msgs/px4_msgs/msg/detail/can_interface_status__rosidl_typesupport_introspection_cpp.hpp\n'}
[2.082444] (px4_msgs) StdoutLine: {'line': b'-- Up-to-date: /home/harsh/ros2_project/install/px4_msgs/include/px4_msgs/px4_msgs/msg/detail/debug_key_value__rosidl_typesupport_introspection_cpp.hpp\n'}
[2.082500] (px4_msgs) StdoutLine: {'line': b'-- Up-to-date: /home/harsh/ros2_project/install/px4_msgs/include/px4_msgs/px4_msgs/msg/detail/vehicle_command_ack__type_support.cpp\n'}
[2.082558] (px4_msgs) StdoutLine: {'line': b'-- Up-to-date: /home/harsh/ros2_project/install/px4_msgs/include/px4_msgs/px4_msgs/msg/detail/gimbal_device_information__rosidl_typesupport_introspection_cpp.hpp\n'}
[2.082619] (px4_msgs) StdoutLine: {'line': b'-- Up-to-date: /home/harsh/ros2_project/install/px4_msgs/include/px4_msgs/px4_msgs/msg/detail/actuator_outputs__type_support.cpp\n'}
[2.082677] (px4_msgs) StdoutLine: {'line': b'-- Up-to-date: /home/harsh/ros2_project/install/px4_msgs/include/px4_msgs/px4_msgs/msg/detail/event__rosidl_typesupport_introspection_cpp.hpp\n'}
[2.082733] (px4_msgs) StdoutLine: {'line': b'-- Up-to-date: /home/harsh/ros2_project/install/px4_msgs/include/px4_msgs/px4_msgs/msg/detail/sensor_baro__rosidl_typesupport_introspection_cpp.hpp\n'}
[2.082789] (px4_msgs) StdoutLine: {'line': b'-- Up-to-date: /home/harsh/ros2_project/install/px4_msgs/include/px4_msgs/px4_msgs/msg/detail/debug_array__rosidl_typesupport_introspection_cpp.hpp\n'}
[2.082847] (px4_msgs) StdoutLine: {'line': b'-- Up-to-date: /home/harsh/ros2_project/install/px4_msgs/include/px4_msgs/px4_msgs/msg/detail/vehicle_rates_setpoint__rosidl_typesupport_introspection_cpp.hpp\n'}
[2.082906] (px4_msgs) StdoutLine: {'line': b'-- Up-to-date: /home/harsh/ros2_project/install/px4_msgs/include/px4_msgs/px4_msgs/msg/detail/vehicle_status__type_support.cpp\n'}
[2.082961] (px4_msgs) StdoutLine: {'line': b'-- Up-to-date: /home/harsh/ros2_project/install/px4_msgs/include/px4_msgs/px4_msgs/msg/detail/vehicle_command__rosidl_typesupport_introspection_cpp.hpp\n'}
[2.083018] (px4_msgs) StdoutLine: {'line': b'-- Up-to-date: /home/harsh/ros2_project/install/px4_msgs/include/px4_msgs/px4_msgs/msg/detail/gimbal_device_information__type_support.cpp\n'}
[2.083079] (px4_msgs) StdoutLine: {'line': b'-- Up-to-date: /home/harsh/ros2_project/install/px4_msgs/include/px4_msgs/px4_msgs/msg/detail/radio_status__type_support.cpp\n'}
[2.083141] (px4_msgs) StdoutLine: {'line': b'-- Up-to-date: /home/harsh/ros2_project/install/px4_msgs/include/px4_msgs/px4_msgs/msg/detail/collision_report__rosidl_typesupport_introspection_cpp.hpp\n'}
[2.083226] (px4_msgs) StdoutLine: {'line': b'-- Up-to-date: /home/harsh/ros2_project/install/px4_msgs/include/px4_msgs/px4_msgs/msg/detail/follow_target_status__type_support.cpp\n'}
[2.083299] (px4_msgs) StdoutLine: {'line': b'-- Up-to-date: /home/harsh/ros2_project/install/px4_msgs/include/px4_msgs/px4_msgs/msg/detail/vehicle_roi__type_support.cpp\n'}
[2.083362] (px4_msgs) StdoutLine: {'line': b'-- Up-to-date: /home/harsh/ros2_project/install/px4_msgs/include/px4_msgs/px4_msgs/msg/detail/failsafe_flags__type_support.cpp\n'}
[2.083422] (px4_msgs) StdoutLine: {'line': b'-- Up-to-date: /home/harsh/ros2_project/install/px4_msgs/include/px4_msgs/px4_msgs/msg/detail/event__type_support.cpp\n'}
[2.083481] (px4_msgs) StdoutLine: {'line': b'-- Up-to-date: /home/harsh/ros2_project/install/px4_msgs/include/px4_msgs/px4_msgs/msg/detail/actuator_servos_trim__type_support.cpp\n'}
[2.083539] (px4_msgs) StdoutLine: {'line': b'-- Up-to-date: /home/harsh/ros2_project/install/px4_msgs/include/px4_msgs/px4_msgs/msg/detail/vehicle_thrust_setpoint__rosidl_typesupport_introspection_cpp.hpp\n'}
[2.083600] (px4_msgs) StdoutLine: {'line': b'-- Up-to-date: /home/harsh/ros2_project/install/px4_msgs/include/px4_msgs/px4_msgs/msg/detail/sensor_gnss_relative__type_support.cpp\n'}
[2.083658] (px4_msgs) StdoutLine: {'line': b'-- Up-to-date: /home/harsh/ros2_project/install/px4_msgs/include/px4_msgs/px4_msgs/msg/detail/follow_target__type_support.cpp\n'}
[2.083711] (px4_msgs) StdoutLine: {'line': b'-- Up-to-date: /home/harsh/ros2_project/install/px4_msgs/include/px4_msgs/px4_msgs/msg/detail/npfg_status__rosidl_typesupport_introspection_cpp.hpp\n'}
[2.083769] (px4_msgs) StdoutLine: {'line': b'-- Up-to-date: /home/harsh/ros2_project/install/px4_msgs/include/px4_msgs/px4_msgs/msg/detail/trajectory_bezier__rosidl_typesupport_introspection_cpp.hpp\n'}
[2.083824] (px4_msgs) StdoutLine: {'line': b'-- Up-to-date: /home/harsh/ros2_project/install/px4_msgs/include/px4_msgs/px4_msgs/msg/detail/tiltrotor_extra_controls__type_support.cpp\n'}
[2.083880] (px4_msgs) StdoutLine: {'line': b'-- Up-to-date: /home/harsh/ros2_project/install/px4_msgs/include/px4_msgs/px4_msgs/msg/detail/control_allocator_status__rosidl_typesupport_introspection_cpp.hpp\n'}
[2.083937] (px4_msgs) StdoutLine: {'line': b'-- Up-to-date: /home/harsh/ros2_project/install/px4_msgs/include/px4_msgs/px4_msgs/msg/detail/irlock_report__rosidl_typesupport_introspection_cpp.hpp\n'}
[2.083994] (px4_msgs) StdoutLine: {'line': b'-- Up-to-date: /home/harsh/ros2_project/install/px4_msgs/include/px4_msgs/px4_msgs/msg/detail/manual_control_setpoint__rosidl_typesupport_introspection_cpp.hpp\n'}
[2.084049] (px4_msgs) StdoutLine: {'line': b'-- Up-to-date: /home/harsh/ros2_project/install/px4_msgs/include/px4_msgs/px4_msgs/msg/detail/follow_target_estimator__type_support.cpp\n'}
[2.084108] (px4_msgs) StdoutLine: {'line': b'-- Up-to-date: /home/harsh/ros2_project/install/px4_msgs/include/px4_msgs/px4_msgs/msg/detail/estimator_gps_status__type_support.cpp\n'}
[2.084165] (px4_msgs) StdoutLine: {'line': b'-- Up-to-date: /home/harsh/ros2_project/install/px4_msgs/include/px4_msgs/px4_msgs/msg/detail/mount_orientation__type_support.cpp\n'}
[2.084220] (px4_msgs) StdoutLine: {'line': b'-- Up-to-date: /home/harsh/ros2_project/install/px4_msgs/include/px4_msgs/px4_msgs/msg/detail/tecs_status__rosidl_typesupport_introspection_cpp.hpp\n'}
[2.084293] (px4_msgs) StdoutLine: {'line': b'-- Up-to-date: /home/harsh/ros2_project/install/px4_msgs/include/px4_msgs/px4_msgs/msg/detail/sensor_gyro__rosidl_typesupport_introspection_cpp.hpp\n'}
[2.084354] (px4_msgs) StdoutLine: {'line': b'-- Up-to-date: /home/harsh/ros2_project/install/px4_msgs/include/px4_msgs/px4_msgs/msg/detail/gimbal_manager_set_manual_control__rosidl_typesupport_introspection_cpp.hpp\n'}
[2.084408] (px4_msgs) StdoutLine: {'line': b'-- Up-to-date: /home/harsh/ros2_project/install/px4_msgs/include/px4_msgs/px4_msgs/msg/detail/power_monitor__rosidl_typesupport_introspection_cpp.hpp\n'}
[2.084469] (px4_msgs) StdoutLine: {'line': b'-- Up-to-date: /home/harsh/ros2_project/install/px4_msgs/include/px4_msgs/px4_msgs/msg/detail/rc_parameter_map__rosidl_typesupport_introspection_cpp.hpp\n'}
[2.084525] (px4_msgs) StdoutLine: {'line': b'-- Up-to-date: /home/harsh/ros2_project/install/px4_msgs/include/px4_msgs/px4_msgs/msg/detail/actuator_test__type_support.cpp\n'}
[2.084582] (px4_msgs) StdoutLine: {'line': b'-- Up-to-date: /home/harsh/ros2_project/install/px4_msgs/include/px4_msgs/px4_msgs/msg/detail/buffer128__rosidl_typesupport_introspection_cpp.hpp\n'}
[2.084638] (px4_msgs) StdoutLine: {'line': b'-- Up-to-date: /home/harsh/ros2_project/install/px4_msgs/include/px4_msgs/px4_msgs/msg/detail/estimator_selector_status__type_support.cpp\n'}
[2.084694] (px4_msgs) StdoutLine: {'line': b'-- Up-to-date: /home/harsh/ros2_project/install/px4_msgs/include/px4_msgs/px4_msgs/msg/detail/vehicle_angular_acceleration_setpoint__rosidl_typesupport_introspection_cpp.hpp\n'}
[2.084751] (px4_msgs) StdoutLine: {'line': b'-- Up-to-date: /home/harsh/ros2_project/install/px4_msgs/include/px4_msgs/px4_msgs/msg/detail/mode_completed__type_support.cpp\n'}
[2.084810] (px4_msgs) StdoutLine: {'line': b'-- Up-to-date: /home/harsh/ros2_project/install/px4_msgs/include/px4_msgs/px4_msgs/msg/detail/message_format_request__type_support.cpp\n'}
[2.084871] (px4_msgs) StdoutLine: {'line': b'-- Up-to-date: /home/harsh/ros2_project/install/px4_msgs/include/px4_msgs/px4_msgs/msg/detail/trajectory_setpoint__rosidl_typesupport_introspection_cpp.hpp\n'}
[2.084930] (px4_msgs) StdoutLine: {'line': b'-- Up-to-date: /home/harsh/ros2_project/install/px4_msgs/include/px4_msgs/px4_msgs/msg/detail/trajectory_waypoint__type_support.cpp\n'}
[2.084989] (px4_msgs) StdoutLine: {'line': b'-- Up-to-date: /home/harsh/ros2_project/install/px4_msgs/include/px4_msgs/px4_msgs/msg/detail/camera_capture__type_support.cpp\n'}
[2.085048] (px4_msgs) StdoutLine: {'line': b'-- Up-to-date: /home/harsh/ros2_project/install/px4_msgs/include/px4_msgs/px4_msgs/msg/detail/sensor_uwb__type_support.cpp\n'}
[2.085105] (px4_msgs) StdoutLine: {'line': b'-- Up-to-date: /home/harsh/ros2_project/install/px4_msgs/include/px4_msgs/px4_msgs/msg/detail/orbit_status__rosidl_typesupport_introspection_cpp.hpp\n'}
[2.085162] (px4_msgs) StdoutLine: {'line': b'-- Up-to-date: /home/harsh/ros2_project/install/px4_msgs/include/px4_msgs/px4_msgs/msg/detail/led_control__rosidl_typesupport_introspection_cpp.hpp\n'}
[2.085219] (px4_msgs) StdoutLine: {'line': b'-- Up-to-date: /home/harsh/ros2_project/install/px4_msgs/include/px4_msgs/px4_msgs/msg/detail/vehicle_imu_status__type_support.cpp\n'}
[2.085286] (px4_msgs) StdoutLine: {'line': b'-- Up-to-date: /home/harsh/ros2_project/install/px4_msgs/include/px4_msgs/px4_msgs/msg/detail/rate_ctrl_status__type_support.cpp\n'}
[2.085346] (px4_msgs) StdoutLine: {'line': b'-- Up-to-date: /home/harsh/ros2_project/install/px4_msgs/include/px4_msgs/px4_msgs/msg/detail/hover_thrust_estimate__rosidl_typesupport_introspection_cpp.hpp\n'}
[2.085403] (px4_msgs) StdoutLine: {'line': b'-- Up-to-date: /home/harsh/ros2_project/install/px4_msgs/include/px4_msgs/px4_msgs/msg/detail/sensor_combined__rosidl_typesupport_introspection_cpp.hpp\n'}
[2.085458] (px4_msgs) StdoutLine: {'line': b'-- Up-to-date: /home/harsh/ros2_project/install/px4_msgs/include/px4_msgs/px4_msgs/msg/detail/qshell_retval__type_support.cpp\n'}
[2.085517] (px4_msgs) StdoutLine: {'line': b'-- Up-to-date: /home/harsh/ros2_project/install/px4_msgs/include/px4_msgs/px4_msgs/msg/detail/orb_test_medium__type_support.cpp\n'}
[2.085574] (px4_msgs) StdoutLine: {'line': b'-- Up-to-date: /home/harsh/ros2_project/install/px4_msgs/include/px4_msgs/px4_msgs/msg/detail/gpio_config__type_support.cpp\n'}
[2.085628] (px4_msgs) StdoutLine: {'line': b'-- Up-to-date: /home/harsh/ros2_project/install/px4_msgs/include/px4_msgs/px4_msgs/msg/detail/estimator_sensor_bias__rosidl_typesupport_introspection_cpp.hpp\n'}
[2.085687] (px4_msgs) StdoutLine: {'line': b'-- Up-to-date: /home/harsh/ros2_project/install/px4_msgs/include/px4_msgs/px4_msgs/msg/detail/heater_status__type_support.cpp\n'}
[2.085742] (px4_msgs) StdoutLine: {'line': b'-- Up-to-date: /home/harsh/ros2_project/install/px4_msgs/include/px4_msgs/px4_msgs/msg/detail/sensor_mag__rosidl_typesupport_introspection_cpp.hpp\n'}
[2.085802] (px4_msgs) StdoutLine: {'line': b'-- Up-to-date: /home/harsh/ros2_project/install/px4_msgs/include/px4_msgs/px4_msgs/msg/detail/geofence_result__rosidl_typesupport_introspection_cpp.hpp\n'}
[2.085858] (px4_msgs) StdoutLine: {'line': b'-- Up-to-date: /home/harsh/ros2_project/install/px4_msgs/include/px4_msgs/px4_msgs/msg/detail/vehicle_angular_velocity__type_support.cpp\n'}
[2.085912] (px4_msgs) StdoutLine: {'line': b'-- Up-to-date: /home/harsh/ros2_project/install/px4_msgs/include/px4_msgs/px4_msgs/msg/detail/vehicle_status__rosidl_typesupport_introspection_cpp.hpp\n'}
[2.085966] (px4_msgs) StdoutLine: {'line': b'-- Up-to-date: /home/harsh/ros2_project/install/px4_msgs/include/px4_msgs/px4_msgs/msg/detail/vehicle_optical_flow_vel__rosidl_typesupport_introspection_cpp.hpp\n'}
[2.086021] (px4_msgs) StdoutLine: {'line': b'-- Up-to-date: /home/harsh/ros2_project/install/px4_msgs/include/px4_msgs/px4_msgs/msg/detail/offboard_control_mode__type_support.cpp\n'}
[2.086076] (px4_msgs) StdoutLine: {'line': b'-- Up-to-date: /home/harsh/ros2_project/install/px4_msgs/include/px4_msgs/px4_msgs/msg/detail/vehicle_local_position_setpoint__rosidl_typesupport_introspection_cpp.hpp\n'}
[2.086130] (px4_msgs) StdoutLine: {'line': b'-- Up-to-date: /home/harsh/ros2_project/install/px4_msgs/include/px4_msgs/px4_msgs/msg/detail/rate_ctrl_status__rosidl_typesupport_introspection_cpp.hpp\n'}
[2.086187] (px4_msgs) StdoutLine: {'line': b'-- Up-to-date: /home/harsh/ros2_project/install/px4_msgs/include/px4_msgs/px4_msgs/msg/detail/sensor_gps__rosidl_typesupport_introspection_cpp.hpp\n'}
[2.086252] (px4_msgs) StdoutLine: {'line': b'-- Up-to-date: /home/harsh/ros2_project/install/px4_msgs/include/px4_msgs/px4_msgs/msg/detail/vehicle_optical_flow_vel__type_support.cpp\n'}
[2.086311] (px4_msgs) StdoutLine: {'line': b'-- Up-to-date: /home/harsh/ros2_project/install/px4_msgs/include/px4_msgs/px4_msgs/msg/detail/sensor_preflight_mag__type_support.cpp\n'}
[2.086369] (px4_msgs) StdoutLine: {'line': b'-- Up-to-date: /home/harsh/ros2_project/install/px4_msgs/include/px4_msgs/px4_msgs/msg/detail/sensor_accel_fifo__type_support.cpp\n'}
[2.086424] (px4_msgs) StdoutLine: {'line': b'-- Up-to-date: /home/harsh/ros2_project/install/px4_msgs/include/px4_msgs/px4_msgs/msg/detail/differential_pressure__rosidl_typesupport_introspection_cpp.hpp\n'}
[2.086479] (px4_msgs) StdoutLine: {'line': b'-- Up-to-date: /home/harsh/ros2_project/install/px4_msgs/include/px4_msgs/px4_msgs/msg/detail/logger_status__type_support.cpp\n'}
[2.086535] (px4_msgs) StdoutLine: {'line': b'-- Up-to-date: /home/harsh/ros2_project/install/px4_msgs/include/px4_msgs/px4_msgs/msg/detail/airspeed__type_support.cpp\n'}
[2.086590] (px4_msgs) StdoutLine: {'line': b'-- Up-to-date: /home/harsh/ros2_project/install/px4_msgs/include/px4_msgs/px4_msgs/msg/detail/airspeed_validated__rosidl_typesupport_introspection_cpp.hpp\n'}
[2.086643] (px4_msgs) StdoutLine: {'line': b'-- Up-to-date: /home/harsh/ros2_project/install/px4_msgs/include/px4_msgs/px4_msgs/msg/detail/landing_target_pose__type_support.cpp\n'}
[2.086697] (px4_msgs) StdoutLine: {'line': b'-- Up-to-date: /home/harsh/ros2_project/install/px4_msgs/include/px4_msgs/px4_msgs/msg/detail/vehicle_command_ack__rosidl_typesupport_introspection_cpp.hpp\n'}
[2.086752] (px4_msgs) StdoutLine: {'line': b'-- Up-to-date: /home/harsh/ros2_project/install/px4_msgs/include/px4_msgs/px4_msgs/msg/detail/camera_capture__rosidl_typesupport_introspection_cpp.hpp\n'}
[2.086808] (px4_msgs) StdoutLine: {'line': b'-- Up-to-date: /home/harsh/ros2_project/install/px4_msgs/include/px4_msgs/px4_msgs/msg/detail/register_ext_component_request__rosidl_typesupport_introspection_cpp.hpp\n'}
[2.086937] (px4_msgs) StdoutLine: {'line': b'-- Up-to-date: /home/harsh/ros2_project/install/px4_msgs/include/px4_msgs/px4_msgs/msg/detail/message_format_response__type_support.cpp\n'}
[2.086989] (px4_msgs) StdoutLine: {'line': b'-- Up-to-date: /home/harsh/ros2_project/install/px4_msgs/include/px4_msgs/px4_msgs/msg/detail/sensor_optical_flow__type_support.cpp\n'}
[2.087041] (px4_msgs) StdoutLine: {'line': b'-- Up-to-date: /home/harsh/ros2_project/install/px4_msgs/include/px4_msgs/px4_msgs/msg/detail/airspeed_wind__type_support.cpp\n'}
[2.087093] (px4_msgs) StdoutLine: {'line': b'-- Up-to-date: /home/harsh/ros2_project/install/px4_msgs/include/px4_msgs/px4_msgs/msg/detail/landing_target_innovations__type_support.cpp\n'}
[2.087148] (px4_msgs) StdoutLine: {'line': b'-- Up-to-date: /home/harsh/ros2_project/install/px4_msgs/include/px4_msgs/px4_msgs/msg/detail/sensor_gps__type_support.cpp\n'}
[2.087204] (px4_msgs) StdoutLine: {'line': b'-- Up-to-date: /home/harsh/ros2_project/install/px4_msgs/include/px4_msgs/px4_msgs/msg/detail/tecs_status__type_support.cpp\n'}
[2.087276] (px4_msgs) StdoutLine: {'line': b'-- Up-to-date: /home/harsh/ros2_project/install/px4_msgs/include/px4_msgs/px4_msgs/msg/detail/actuator_motors__rosidl_typesupport_introspection_cpp.hpp\n'}
[2.087334] (px4_msgs) StdoutLine: {'line': b'-- Up-to-date: /home/harsh/ros2_project/install/px4_msgs/include/px4_msgs/px4_msgs/msg/detail/qshell_retval__rosidl_typesupport_introspection_cpp.hpp\n'}
[2.087385] (px4_msgs) StdoutLine: {'line': b'-- Up-to-date: /home/harsh/ros2_project/install/px4_msgs/include/px4_msgs/px4_msgs/msg/detail/vehicle_control_mode__rosidl_typesupport_introspection_cpp.hpp\n'}
[2.087438] (px4_msgs) StdoutLine: {'line': b'-- Up-to-date: /home/harsh/ros2_project/install/px4_msgs/include/px4_msgs/px4_msgs/msg/detail/position_controller_landing_status__rosidl_typesupport_introspection_cpp.hpp\n'}
[2.087499] (px4_msgs) StdoutLine: {'line': b'-- Up-to-date: /home/harsh/ros2_project/install/px4_msgs/include/px4_msgs/px4_msgs/msg/detail/sensor_gyro_fft__rosidl_typesupport_introspection_cpp.hpp\n'}
[2.087556] (px4_msgs) StdoutLine: {'line': b'-- Up-to-date: /home/harsh/ros2_project/install/px4_msgs/include/px4_msgs/px4_msgs/msg/detail/vehicle_local_position_setpoint__type_support.cpp\n'}
[2.087612] (px4_msgs) StdoutLine: {'line': b'-- Up-to-date: /home/harsh/ros2_project/install/px4_msgs/include/px4_msgs/px4_msgs/msg/detail/adc_report__rosidl_typesupport_introspection_cpp.hpp\n'}
[2.087671] (px4_msgs) StdoutLine: {'line': b'-- Up-to-date: /home/harsh/ros2_project/install/px4_msgs/include/px4_msgs/px4_msgs/msg/detail/gimbal_device_set_attitude__type_support.cpp\n'}
[2.087730] (px4_msgs) StdoutLine: {'line': b'-- Up-to-date: /home/harsh/ros2_project/install/px4_msgs/include/px4_msgs/px4_msgs/msg/detail/system_power__type_support.cpp\n'}
[2.087787] (px4_msgs) StdoutLine: {'line': b'-- Up-to-date: /home/harsh/ros2_project/install/px4_msgs/include/px4_msgs/px4_msgs/msg/detail/ping__type_support.cpp\n'}
[2.087845] (px4_msgs) StdoutLine: {'line': b'-- Up-to-date: /home/harsh/ros2_project/install/px4_msgs/include/px4_msgs/px4_msgs/msg/detail/manual_control_setpoint__type_support.cpp\n'}
[2.087903] (px4_msgs) StdoutLine: {'line': b'-- Up-to-date: /home/harsh/ros2_project/install/px4_msgs/include/px4_msgs/px4_msgs/msg/detail/vehicle_magnetometer__type_support.cpp\n'}
[2.088001] (px4_msgs) StdoutLine: {'line': b'-- Up-to-date: /home/harsh/ros2_project/install/px4_msgs/include/px4_msgs/px4_msgs/msg/detail/satellite_info__rosidl_typesupport_introspection_cpp.hpp\n'}
[2.088062] (px4_msgs) StdoutLine: {'line': b'-- Up-to-date: /home/harsh/ros2_project/install/px4_msgs/include/px4_msgs/px4_msgs/msg/detail/figure_eight_status__rosidl_typesupport_introspection_cpp.hpp\n'}
[2.088117] (px4_msgs) StdoutLine: {'line': b'-- Up-to-date: /home/harsh/ros2_project/install/px4_msgs/include/px4_msgs/px4_msgs/msg/detail/vehicle_air_data__type_support.cpp\n'}
[2.088173] (px4_msgs) StdoutLine: {'line': b'-- Up-to-date: /home/harsh/ros2_project/install/px4_msgs/include/px4_msgs/px4_msgs/msg/detail/gpio_out__type_support.cpp\n'}
[2.088229] (px4_msgs) StdoutLine: {'line': b'-- Up-to-date: /home/harsh/ros2_project/install/px4_msgs/include/px4_msgs/px4_msgs/msg/detail/vehicle_land_detected__type_support.cpp\n'}
[2.088315] (px4_msgs) StdoutLine: {'line': b'-- Up-to-date: /home/harsh/ros2_project/install/px4_msgs/include/px4_msgs/px4_msgs/msg/detail/landing_target_pose__rosidl_typesupport_introspection_cpp.hpp\n'}
[2.088372] (px4_msgs) StdoutLine: {'line': b'-- Up-to-date: /home/harsh/ros2_project/install/px4_msgs/include/px4_msgs/px4_msgs/msg/detail/mavlink_log__type_support.cpp\n'}
[2.088427] (px4_msgs) StdoutLine: {'line': b'-- Up-to-date: /home/harsh/ros2_project/install/px4_msgs/include/px4_msgs/px4_msgs/msg/detail/estimator_bias__rosidl_typesupport_introspection_cpp.hpp\n'}
[2.088480] (px4_msgs) StdoutLine: {'line': b'-- Up-to-date: /home/harsh/ros2_project/install/px4_msgs/include/px4_msgs/px4_msgs/msg/detail/sensor_accel_fifo__rosidl_typesupport_introspection_cpp.hpp\n'}
[2.088532] (px4_msgs) StdoutLine: {'line': b'-- Up-to-date: /home/harsh/ros2_project/install/px4_msgs/include/px4_msgs/px4_msgs/msg/detail/yaw_estimator_status__rosidl_typesupport_introspection_cpp.hpp\n'}
[2.088585] (px4_msgs) StdoutLine: {'line': b'-- Up-to-date: /home/harsh/ros2_project/install/px4_msgs/include/px4_msgs/px4_msgs/msg/detail/actuator_outputs__rosidl_typesupport_introspection_cpp.hpp\n'}
[2.088638] (px4_msgs) StdoutLine: {'line': b'-- Up-to-date: /home/harsh/ros2_project/install/px4_msgs/include/px4_msgs/px4_msgs/msg/detail/rtl_status__type_support.cpp\n'}
[2.088692] (px4_msgs) StdoutLine: {'line': b'-- Up-to-date: /home/harsh/ros2_project/install/px4_msgs/include/px4_msgs/px4_msgs/msg/detail/parameter_update__rosidl_typesupport_introspection_cpp.hpp\n'}
[2.088779] (px4_msgs) StdoutLine: {'line': b'-- Up-to-date: /home/harsh/ros2_project/install/px4_msgs/include/px4_msgs/px4_msgs/msg/detail/navigator_mission_item__rosidl_typesupport_introspection_cpp.hpp\n'}
[2.088836] (px4_msgs) StdoutLine: {'line': b'-- Up-to-date: /home/harsh/ros2_project/install/px4_msgs/include/px4_msgs/px4_msgs/msg/detail/vehicle_command__type_support.cpp\n'}
[2.088894] (px4_msgs) StdoutLine: {'line': b'-- Up-to-date: /home/harsh/ros2_project/install/px4_msgs/include/px4_msgs/px4_msgs/msg/detail/led_control__type_support.cpp\n'}
[2.088952] (px4_msgs) StdoutLine: {'line': b'-- Up-to-date: /home/harsh/ros2_project/install/px4_msgs/include/px4_msgs/px4_msgs/msg/detail/estimator_sensor_bias__type_support.cpp\n'}
[2.089011] (px4_msgs) StdoutLine: {'line': b'-- Up-to-date: /home/harsh/ros2_project/install/px4_msgs/include/px4_msgs/px4_msgs/msg/detail/log_message__type_support.cpp\n'}
[2.089069] (px4_msgs) StdoutLine: {'line': b'-- Up-to-date: /home/harsh/ros2_project/install/px4_msgs/include/px4_msgs/px4_msgs/msg/detail/orb_test_large__rosidl_typesupport_introspection_cpp.hpp\n'}
[2.089125] (px4_msgs) StdoutLine: {'line': b'-- Up-to-date: /home/harsh/ros2_project/install/px4_msgs/include/px4_msgs/px4_msgs/msg/detail/parameter_reset_request__rosidl_typesupport_introspection_cpp.hpp\n'}
[2.089181] (px4_msgs) StdoutLine: {'line': b'-- Up-to-date: /home/harsh/ros2_project/install/px4_msgs/include/px4_msgs/px4_msgs/msg/detail/gimbal_device_attitude_status__type_support.cpp\n'}
[2.089280] (px4_msgs) StdoutLine: {'line': b'-- Up-to-date: /home/harsh/ros2_project/install/px4_msgs/include/px4_msgs/px4_msgs/msg/detail/position_setpoint__rosidl_typesupport_introspection_cpp.hpp\n'}
[2.089338] (px4_msgs) StdoutLine: {'line': b'-- Up-to-date: /home/harsh/ros2_project/install/px4_msgs/include/px4_msgs/px4_msgs/msg/detail/vehicle_attitude__rosidl_typesupport_introspection_cpp.hpp\n'}
[2.089399] (px4_msgs) StdoutLine: {'line': b'-- Up-to-date: /home/harsh/ros2_project/install/px4_msgs/include/px4_msgs/px4_msgs/msg/detail/magnetometer_bias_estimate__rosidl_typesupport_introspection_cpp.hpp\n'}
[2.089458] (px4_msgs) StdoutLine: {'line': b'-- Up-to-date: /home/harsh/ros2_project/install/px4_msgs/include/px4_msgs/px4_msgs/msg/detail/vehicle_torque_setpoint__type_support.cpp\n'}
[2.089536] (px4_msgs) StdoutLine: {'line': b'-- Up-to-date: /home/harsh/ros2_project/install/px4_msgs/include/px4_msgs/px4_msgs/msg/detail/vehicle_imu__type_support.cpp\n'}
[2.089590] (px4_msgs) StdoutLine: {'line': b'-- Up-to-date: /home/harsh/ros2_project/install/px4_msgs/include/px4_msgs/px4_msgs/msg/detail/sensor_gyro__type_support.cpp\n'}
[2.089646] (px4_msgs) StdoutLine: {'line': b'-- Up-to-date: /home/harsh/ros2_project/install/px4_msgs/include/px4_msgs/px4_msgs/msg/detail/estimator_gps_status__rosidl_typesupport_introspection_cpp.hpp\n'}
[2.089704] (px4_msgs) StdoutLine: {'line': b'-- Up-to-date: /home/harsh/ros2_project/install/px4_msgs/include/px4_msgs/px4_msgs/msg/detail/estimator_status_flags__type_support.cpp\n'}
[2.089759] (px4_msgs) StdoutLine: {'line': b'-- Up-to-date: /home/harsh/ros2_project/install/px4_msgs/include/px4_msgs/px4_msgs/msg/detail/sensor_mag__type_support.cpp\n'}
[2.089816] (px4_msgs) StdoutLine: {'line': b'-- Up-to-date: /home/harsh/ros2_project/install/px4_msgs/include/px4_msgs/px4_msgs/msg/detail/cpuload__type_support.cpp\n'}
[2.089876] (px4_msgs) StdoutLine: {'line': b'-- Up-to-date: /home/harsh/ros2_project/install/px4_msgs/include/px4_msgs/px4_msgs/msg/detail/vehicle_local_position__rosidl_typesupport_introspection_cpp.hpp\n'}
[2.089934] (px4_msgs) StdoutLine: {'line': b'-- Up-to-date: /home/harsh/ros2_project/install/px4_msgs/include/px4_msgs/px4_msgs/msg/detail/battery_status__type_support.cpp\n'}
[2.089992] (px4_msgs) StdoutLine: {'line': b'-- Up-to-date: /home/harsh/ros2_project/install/px4_msgs/include/px4_msgs/px4_msgs/msg/detail/sensors_status_imu__type_support.cpp\n'}
[2.090050] (px4_msgs) StdoutLine: {'line': b'-- Up-to-date: /home/harsh/ros2_project/install/px4_msgs/include/px4_msgs/px4_msgs/msg/detail/mission__rosidl_typesupport_introspection_cpp.hpp\n'}
[2.090108] (px4_msgs) StdoutLine: {'line': b'-- Up-to-date: /home/harsh/ros2_project/install/px4_msgs/include/px4_msgs/px4_msgs/msg/detail/follow_target__rosidl_typesupport_introspection_cpp.hpp\n'}
[2.090163] (px4_msgs) StdoutLine: {'line': b'-- Up-to-date: /home/harsh/ros2_project/install/px4_msgs/include/px4_msgs/px4_msgs/msg/detail/rc_channels__type_support.cpp\n'}
[2.090219] (px4_msgs) StdoutLine: {'line': b'-- Up-to-date: /home/harsh/ros2_project/install/px4_msgs/include/px4_msgs/px4_msgs/msg/detail/config_overrides__type_support.cpp\n'}
[2.090291] (px4_msgs) StdoutLine: {'line': b'-- Up-to-date: /home/harsh/ros2_project/install/px4_msgs/include/px4_msgs/px4_msgs/msg/detail/hover_thrust_estimate__type_support.cpp\n'}
[2.090348] (px4_msgs) StdoutLine: {'line': b'-- Up-to-date: /home/harsh/ros2_project/install/px4_msgs/include/px4_msgs/px4_msgs/msg/detail/geofence_status__type_support.cpp\n'}
[2.090404] (px4_msgs) StdoutLine: {'line': b'-- Up-to-date: /home/harsh/ros2_project/install/px4_msgs/include/px4_msgs/px4_msgs/msg/detail/obstacle_distance__rosidl_typesupport_introspection_cpp.hpp\n'}
[2.090461] (px4_msgs) StdoutLine: {'line': b'-- Up-to-date: /home/harsh/ros2_project/install/px4_msgs/include/px4_msgs/px4_msgs/msg/detail/failsafe_flags__rosidl_typesupport_introspection_cpp.hpp\n'}
[2.090517] (px4_msgs) StdoutLine: {'line': b'-- Up-to-date: /home/harsh/ros2_project/install/px4_msgs/include/px4_msgs/px4_msgs/msg/detail/differential_drive_setpoint__rosidl_typesupport_introspection_cpp.hpp\n'}
[2.090573] (px4_msgs) StdoutLine: {'line': b'-- Up-to-date: /home/harsh/ros2_project/install/px4_msgs/include/px4_msgs/px4_msgs/msg/detail/gimbal_manager_set_attitude__type_support.cpp\n'}
[2.090636] (px4_msgs) StdoutLine: {'line': b'-- Up-to-date: /home/harsh/ros2_project/install/px4_msgs/include/px4_msgs/px4_msgs/msg/detail/vehicle_control_mode__type_support.cpp\n'}
[2.090709] (px4_msgs) StdoutLine: {'line': b'-- Up-to-date: /home/harsh/ros2_project/install/px4_msgs/include/px4_msgs/px4_msgs/msg/detail/ekf2_timestamps__rosidl_typesupport_introspection_cpp.hpp\n'}
[2.090798] (px4_msgs) StdoutLine: {'line': b'-- Up-to-date: /home/harsh/ros2_project/install/px4_msgs/include/px4_msgs/px4_msgs/msg/detail/buffer128__type_support.cpp\n'}
[2.090927] (px4_msgs) StdoutLine: {'line': b'-- Up-to-date: /home/harsh/ros2_project/install/px4_msgs/include/px4_msgs/px4_msgs/msg/detail/vtol_vehicle_status__rosidl_typesupport_introspection_cpp.hpp\n'}
[2.091008] (px4_msgs) StdoutLine: {'line': b'-- Up-to-date: /home/harsh/ros2_project/install/px4_msgs/include/px4_msgs/px4_msgs/msg/detail/iridiumsbd_status__type_support.cpp\n'}
[2.091076] (px4_msgs) StdoutLine: {'line': b'-- Up-to-date: /home/harsh/ros2_project/install/px4_msgs/include/px4_msgs/px4_msgs/msg/detail/health_report__type_support.cpp\n'}
[2.091164] (px4_msgs) StdoutLine: {'line': b'-- Up-to-date: /home/harsh/ros2_project/install/px4_msgs/include/px4_msgs/px4_msgs/msg/detail/rtl_time_estimate__rosidl_typesupport_introspection_cpp.hpp\n'}
[2.091274] (px4_msgs) StdoutLine: {'line': b'-- Up-to-date: /home/harsh/ros2_project/install/px4_msgs/include/px4_msgs/px4_msgs/msg/detail/gripper__type_support.cpp\n'}
[2.091539] (px4_msgs) StdoutLine: {'line': b'-- Up-to-date: /home/harsh/ros2_project/install/px4_msgs/include/px4_msgs/px4_msgs/msg/detail/landing_gear_wheel__rosidl_typesupport_introspection_cpp.hpp\n'}
[2.091693] (px4_msgs) StdoutLine: {'line': b'-- Up-to-date: /home/harsh/ros2_project/install/px4_msgs/include/px4_msgs/px4_msgs/msg/detail/sensor_airflow__type_support.cpp\n'}
[2.091802] (px4_msgs) StdoutLine: {'line': b'-- Up-to-date: /home/harsh/ros2_project/install/px4_msgs/include/px4_msgs/px4_msgs/msg/detail/estimator_bias__type_support.cpp\n'}
[2.091976] (px4_msgs) StdoutLine: {'line': b'-- Up-to-date: /home/harsh/ros2_project/install/px4_msgs/include/px4_msgs/px4_msgs/msg/detail/takeoff_status__type_support.cpp\n'}
[2.092077] (px4_msgs) StdoutLine: {'line': b'-- Up-to-date: /home/harsh/ros2_project/install/px4_msgs/include/px4_msgs/px4_msgs/msg/detail/transponder_report__rosidl_typesupport_introspection_cpp.hpp\n'}
[2.092174] (px4_msgs) StdoutLine: {'line': b'-- Up-to-date: /home/harsh/ros2_project/install/px4_msgs/include/px4_msgs/px4_msgs/msg/detail/vehicle_acceleration__type_support.cpp\n'}
[2.092370] (px4_msgs) StdoutLine: {'line': b'-- Up-to-date: /home/harsh/ros2_project/install/px4_msgs/include/px4_msgs/px4_msgs/msg/detail/mavlink_tunnel__type_support.cpp\n'}
[2.092480] (px4_msgs) StdoutLine: {'line': b'-- Up-to-date: /home/harsh/ros2_project/install/px4_msgs/include/px4_msgs/px4_msgs/msg/detail/sensor_accel__rosidl_typesupport_introspection_cpp.hpp\n'}
[2.092577] (px4_msgs) StdoutLine: {'line': b'-- Up-to-date: /home/harsh/ros2_project/install/px4_msgs/include/px4_msgs/px4_msgs/msg/detail/mag_worker_data__type_support.cpp\n'}
[2.092679] (px4_msgs) StdoutLine: {'line': b'-- Up-to-date: /home/harsh/ros2_project/install/px4_msgs/include/px4_msgs/px4_msgs/msg/detail/estimator_selector_status__rosidl_typesupport_introspection_cpp.hpp\n'}
[2.092787] (px4_msgs) StdoutLine: {'line': b'-- Up-to-date: /home/harsh/ros2_project/install/px4_msgs/include/px4_msgs/px4_msgs/msg/detail/camera_status__type_support.cpp\n'}
[2.092890] (px4_msgs) StdoutLine: {'line': b'-- Up-to-date: /home/harsh/ros2_project/install/px4_msgs/include/px4_msgs/px4_msgs/msg/detail/wind__type_support.cpp\n'}
[2.092993] (px4_msgs) StdoutLine: {'line': b'-- Up-to-date: /home/harsh/ros2_project/install/px4_msgs/include/px4_msgs/px4_msgs/msg/detail/esc_status__type_support.cpp\n'}
[2.093095] (px4_msgs) StdoutLine: {'line': b'-- Up-to-date: /home/harsh/ros2_project/install/px4_msgs/include/px4_msgs/px4_msgs/msg/detail/autotune_attitude_control_status__type_support.cpp\n'}
[2.093200] (px4_msgs) StdoutLine: {'line': b'-- Up-to-date: /home/harsh/ros2_project/install/px4_msgs/include/px4_msgs/px4_msgs/msg/detail/internal_combustion_engine_status__type_support.cpp\n'}
[2.093370] (px4_msgs) StdoutLine: {'line': b'-- Up-to-date: /home/harsh/ros2_project/install/px4_msgs/include/px4_msgs/px4_msgs/msg/detail/sensor_hygrometer__type_support.cpp\n'}
[2.093481] (px4_msgs) StdoutLine: {'line': b'-- Up-to-date: /home/harsh/ros2_project/install/px4_msgs/include/px4_msgs/px4_msgs/msg/detail/actuator_motors__type_support.cpp\n'}
[2.093596] (px4_msgs) StdoutLine: {'line': b'-- Up-to-date: /home/harsh/ros2_project/install/px4_msgs/include/px4_msgs/px4_msgs/msg/detail/iridiumsbd_status__rosidl_typesupport_introspection_cpp.hpp\n'}
[2.093693] (px4_msgs) StdoutLine: {'line': b'-- Up-to-date: /home/harsh/ros2_project/install/px4_msgs/include/px4_msgs/px4_msgs/msg/detail/ulog_stream_ack__type_support.cpp\n'}
[2.093788] (px4_msgs) StdoutLine: {'line': b'-- Up-to-date: /home/harsh/ros2_project/install/px4_msgs/include/px4_msgs/px4_msgs/msg/detail/position_controller_landing_status__type_support.cpp\n'}
[2.093884] (px4_msgs) StdoutLine: {'line': b'-- Up-to-date: /home/harsh/ros2_project/install/px4_msgs/include/px4_msgs/px4_msgs/msg/detail/power_button_state__type_support.cpp\n'}
[2.093985] (px4_msgs) StdoutLine: {'line': b'-- Up-to-date: /home/harsh/ros2_project/install/px4_msgs/include/px4_msgs/px4_msgs/msg/detail/estimator_aid_source2d__rosidl_typesupport_introspection_cpp.hpp\n'}
[2.094089] (px4_msgs) StdoutLine: {'line': b'-- Up-to-date: /home/harsh/ros2_project/install/px4_msgs/include/px4_msgs/px4_msgs/msg/detail/vehicle_trajectory_bezier__type_support.cpp\n'}
[2.094200] (px4_msgs) StdoutLine: {'line': b'-- Up-to-date: /home/harsh/ros2_project/install/px4_msgs/include/px4_msgs/px4_msgs/msg/detail/onboard_computer_status__rosidl_typesupport_introspection_cpp.hpp\n'}
[2.094354] (px4_msgs) StdoutLine: {'line': b'-- Up-to-date: /home/harsh/ros2_project/install/px4_msgs/include/px4_msgs/px4_msgs/msg/detail/mag_worker_data__rosidl_typesupport_introspection_cpp.hpp\n'}
[2.094456] (px4_msgs) StdoutLine: {'line': b'-- Up-to-date: /home/harsh/ros2_project/install/px4_msgs/include/px4_msgs/px4_msgs/msg/detail/parameter_reset_request__type_support.cpp\n'}
[2.094562] (px4_msgs) StdoutLine: {'line': b'-- Up-to-date: /home/harsh/ros2_project/install/px4_msgs/include/px4_msgs/px4_msgs/msg/detail/magnetometer_bias_estimate__type_support.cpp\n'}
[2.094672] (px4_msgs) StdoutLine: {'line': b'-- Up-to-date: /home/harsh/ros2_project/install/px4_msgs/include/px4_msgs/px4_msgs/msg/detail/debug_value__rosidl_typesupport_introspection_cpp.hpp\n'}
[2.094795] (px4_msgs) StdoutLine: {'line': b'-- Up-to-date: /home/harsh/ros2_project/install/px4_msgs/include/px4_msgs/px4_msgs/msg/detail/arming_check_request__rosidl_typesupport_introspection_cpp.hpp\n'}
[2.094910] (px4_msgs) StdoutLine: {'line': b'-- Up-to-date: /home/harsh/ros2_project/install/px4_msgs/include/px4_msgs/px4_msgs/msg/detail/gpio_out__rosidl_typesupport_introspection_cpp.hpp\n'}
[2.095031] (px4_msgs) StdoutLine: {'line': b'-- Up-to-date: /home/harsh/ros2_project/install/px4_msgs/include/px4_msgs/px4_msgs/msg/detail/gimbal_device_set_attitude__rosidl_typesupport_introspection_cpp.hpp\n'}
[2.095181] (px4_msgs) StdoutLine: {'line': b'-- Up-to-date: /home/harsh/ros2_project/install/px4_msgs/include/px4_msgs/px4_msgs/msg/detail/rpm__type_support.cpp\n'}
[2.095347] (px4_msgs) StdoutLine: {'line': b'-- Up-to-date: /home/harsh/ros2_project/install/px4_msgs/include/px4_msgs/px4_msgs/msg/detail/orb_test_medium__rosidl_typesupport_introspection_cpp.hpp\n'}
[2.095463] (px4_msgs) StdoutLine: {'line': b'-- Up-to-date: /home/harsh/ros2_project/install/px4_msgs/include/px4_msgs/px4_msgs/msg/detail/follow_target_estimator__rosidl_typesupport_introspection_cpp.hpp\n'}
[2.095558] (px4_msgs) StdoutLine: {'line': b'-- Up-to-date: /home/harsh/ros2_project/install/px4_msgs/include/px4_msgs/px4_msgs/msg/detail/actuator_servos__rosidl_typesupport_introspection_cpp.hpp\n'}
[2.095669] (px4_msgs) StdoutLine: {'line': b'-- Up-to-date: /home/harsh/ros2_project/install/px4_msgs/include/px4_msgs/px4_msgs/msg/detail/sensor_selection__rosidl_typesupport_introspection_cpp.hpp\n'}
[2.095910] (px4_msgs) StdoutLine: {'line': b'-- Up-to-date: /home/harsh/ros2_project/install/px4_msgs/include/px4_msgs/px4_msgs/msg/detail/uavcan_parameter_request__rosidl_typesupport_introspection_cpp.hpp\n'}
[2.096004] (px4_msgs) StdoutLine: {'line': b'-- Up-to-date: /home/harsh/ros2_project/install/px4_msgs/include/px4_msgs/px4_msgs/msg/detail/figure_eight_status__type_support.cpp\n'}
[2.096146] (px4_msgs) StdoutLine: {'line': b'-- Up-to-date: /home/harsh/ros2_project/install/px4_msgs/include/px4_msgs/px4_msgs/msg/detail/satellite_info__type_support.cpp\n'}
[2.096217] (px4_msgs) StdoutLine: {'line': b'-- Up-to-date: /home/harsh/ros2_project/install/px4_msgs/include/px4_msgs/px4_msgs/msg/detail/camera_trigger__rosidl_typesupport_introspection_cpp.hpp\n'}
[2.096304] (px4_msgs) StdoutLine: {'line': b'-- Up-to-date: /home/harsh/ros2_project/install/px4_msgs/include/px4_msgs/px4_msgs/msg/detail/gimbal_manager_information__type_support.cpp\n'}
[2.096373] (px4_msgs) StdoutLine: {'line': b'-- Up-to-date: /home/harsh/ros2_project/install/px4_msgs/include/px4_msgs/px4_msgs/msg/detail/uavcan_parameter_request__type_support.cpp\n'}
[2.096439] (px4_msgs) StdoutLine: {'line': b'-- Up-to-date: /home/harsh/ros2_project/install/px4_msgs/include/px4_msgs/px4_msgs/msg/detail/flight_phase_estimation__rosidl_typesupport_introspection_cpp.hpp\n'}
[2.096521] (px4_msgs) StdoutLine: {'line': b'-- Up-to-date: /home/harsh/ros2_project/install/px4_msgs/include/px4_msgs/px4_msgs/msg/detail/gimbal_device_attitude_status__rosidl_typesupport_introspection_cpp.hpp\n'}
[2.096586] (px4_msgs) StdoutLine: {'line': b'-- Up-to-date: /home/harsh/ros2_project/install/px4_msgs/include/px4_msgs/px4_msgs/msg/detail/vehicle_imu__rosidl_typesupport_introspection_cpp.hpp\n'}
[2.096647] (px4_msgs) StdoutLine: {'line': b'-- Up-to-date: /home/harsh/ros2_project/install/px4_msgs/include/px4_msgs/px4_msgs/msg/detail/gpio_request__rosidl_typesupport_introspection_cpp.hpp\n'}
[2.096713] (px4_msgs) StdoutLine: {'line': b'-- Up-to-date: /home/harsh/ros2_project/install/px4_msgs/include/px4_msgs/px4_msgs/msg/detail/uavcan_parameter_value__rosidl_typesupport_introspection_cpp.hpp\n'}
[2.096782] (px4_msgs) StdoutLine: {'line': b'-- Up-to-date: /home/harsh/ros2_project/install/px4_msgs/include/px4_msgs/px4_msgs/msg/detail/actuator_controls_status__type_support.cpp\n'}
[2.096847] (px4_msgs) StdoutLine: {'line': b'-- Up-to-date: /home/harsh/ros2_project/install/px4_msgs/include/px4_msgs/px4_msgs/msg/detail/esc_report__type_support.cpp\n'}
[2.096918] (px4_msgs) StdoutLine: {'line': b'-- Up-to-date: /home/harsh/ros2_project/install/px4_msgs/include/px4_msgs/px4_msgs/msg/detail/sensor_gyro_fft__type_support.cpp\n'}
[2.096982] (px4_msgs) StdoutLine: {'line': b'-- Up-to-date: /home/harsh/ros2_project/install/px4_msgs/include/px4_msgs/px4_msgs/msg/detail/debug_array__type_support.cpp\n'}
[2.097048] (px4_msgs) StdoutLine: {'line': b'-- Up-to-date: /home/harsh/ros2_project/install/px4_msgs/include/px4_msgs/px4_msgs/msg/detail/input_rc__rosidl_typesupport_introspection_cpp.hpp\n'}
[2.097113] (px4_msgs) StdoutLine: {'line': b'-- Up-to-date: /home/harsh/ros2_project/install/px4_msgs/include/px4_msgs/px4_msgs/msg/detail/vehicle_local_position__type_support.cpp\n'}
[2.097180] (px4_msgs) StdoutLine: {'line': b'-- Up-to-date: /home/harsh/ros2_project/install/px4_msgs/include/px4_msgs/px4_msgs/msg/detail/vehicle_attitude__type_support.cpp\n'}
[2.097261] (px4_msgs) StdoutLine: {'line': b'-- Up-to-date: /home/harsh/ros2_project/install/px4_msgs/include/px4_msgs/px4_msgs/msg/detail/collision_constraints__type_support.cpp\n'}
[2.097354] (px4_msgs) StdoutLine: {'line': b'-- Up-to-date: /home/harsh/ros2_project/install/px4_msgs/include/px4_msgs/px4_msgs/msg/detail/health_report__rosidl_typesupport_introspection_cpp.hpp\n'}
[2.097515] (px4_msgs) StdoutLine: {'line': b'-- Up-to-date: /home/harsh/ros2_project/install/px4_msgs/include/px4_msgs/px4_msgs/msg/detail/dataman_response__type_support.cpp\n'}
[2.097579] (px4_msgs) StdoutLine: {'line': b'-- Up-to-date: /home/harsh/ros2_project/install/px4_msgs/include/px4_msgs/px4_msgs/msg/detail/gpio_in__type_support.cpp\n'}
[2.097648] (px4_msgs) StdoutLine: {'line': b'-- Up-to-date: /home/harsh/ros2_project/install/px4_msgs/include/px4_msgs/px4_msgs/msg/detail/sensor_baro__type_support.cpp\n'}
[2.097715] (px4_msgs) StdoutLine: {'line': b'-- Up-to-date: /home/harsh/ros2_project/install/px4_msgs/include/px4_msgs/px4_msgs/msg/detail/camera_status__rosidl_typesupport_introspection_cpp.hpp\n'}
[2.097782] (px4_msgs) StdoutLine: {'line': b'-- Up-to-date: /home/harsh/ros2_project/install/px4_msgs/include/px4_msgs/px4_msgs/msg/detail/launch_detection_status__type_support.cpp\n'}
[2.097846] (px4_msgs) StdoutLine: {'line': b'-- Up-to-date: /home/harsh/ros2_project/install/px4_msgs/include/px4_msgs/px4_msgs/msg/detail/estimator_event_flags__rosidl_typesupport_introspection_cpp.hpp\n'}
[2.097922] (px4_msgs) StdoutLine: {'line': b'-- Up-to-date: /home/harsh/ros2_project/install/px4_msgs/include/px4_msgs/px4_msgs/msg/detail/vehicle_attitude_setpoint__rosidl_typesupport_introspection_cpp.hpp\n'}
[2.097992] (px4_msgs) StdoutLine: {'line': b'-- Up-to-date: /home/harsh/ros2_project/install/px4_msgs/include/px4_msgs/px4_msgs/msg/detail/position_setpoint_triplet__rosidl_typesupport_introspection_cpp.hpp\n'}
[2.098058] (px4_msgs) StdoutLine: {'line': b'-- Up-to-date: /home/harsh/ros2_project/install/px4_msgs/include/px4_msgs/px4_msgs/msg/detail/estimator_event_flags__type_support.cpp\n'}
[2.098416] (px4_msgs) StdoutLine: {'line': b'-- Up-to-date: /home/harsh/ros2_project/install/px4_msgs/include/px4_msgs/px4_msgs/msg/detail/task_stack_info__type_support.cpp\n'}
[2.098617] (px4_msgs) StdoutLine: {'line': b'-- Up-to-date: /home/harsh/ros2_project/install/px4_msgs/include/px4_msgs/px4_msgs/msg/detail/orb_test_large__type_support.cpp\n'}
[2.098705] (px4_msgs) StdoutLine: {'line': b'-- Up-to-date: /home/harsh/ros2_project/install/px4_msgs/include/px4_msgs/px4_msgs/msg/detail/tiltrotor_extra_controls__rosidl_typesupport_introspection_cpp.hpp\n'}
[2.098815] (px4_msgs) StdoutLine: {'line': b'-- Up-to-date: /home/harsh/ros2_project/install/px4_msgs/include/px4_msgs/px4_msgs/msg/detail/mount_orientation__rosidl_typesupport_introspection_cpp.hpp\n'}
[2.099051] (px4_msgs) StdoutLine: {'line': b'-- Up-to-date: /home/harsh/ros2_project/install/px4_msgs/include/px4_msgs/px4_msgs/msg/detail/yaw_estimator_status__type_support.cpp\n'}
[2.099167] (px4_msgs) StdoutLine: {'line': b'-- Up-to-date: /home/harsh/ros2_project/install/px4_msgs/include/px4_msgs/px4_msgs/msg/detail/goto_setpoint__rosidl_typesupport_introspection_cpp.hpp\n'}
[2.099405] (px4_msgs) StdoutLine: {'line': b'-- Up-to-date: /home/harsh/ros2_project/install/px4_msgs/include/px4_msgs/px4_msgs/msg/detail/vehicle_rates_setpoint__type_support.cpp\n'}
[2.099538] (px4_msgs) StdoutLine: {'line': b'-- Up-to-date: /home/harsh/ros2_project/install/px4_msgs/include/px4_msgs/px4_msgs/msg/detail/power_monitor__type_support.cpp\n'}
[2.099667] (px4_msgs) StdoutLine: {'line': b'-- Up-to-date: /home/harsh/ros2_project/install/px4_msgs/include/px4_msgs/px4_msgs/msg/detail/gps_dump__rosidl_typesupport_introspection_cpp.hpp\n'}
[2.099769] (px4_msgs) StdoutLine: {'line': b'-- Up-to-date: /home/harsh/ros2_project/install/px4_msgs/include/px4_msgs/px4_msgs/msg/detail/adc_report__type_support.cpp\n'}
[2.099866] (px4_msgs) StdoutLine: {'line': b'-- Up-to-date: /home/harsh/ros2_project/install/px4_msgs/include/px4_msgs/px4_msgs/msg/detail/cellular_status__rosidl_typesupport_introspection_cpp.hpp\n'}
[2.099965] (px4_msgs) StdoutLine: {'line': b'-- Up-to-date: /home/harsh/ros2_project/install/px4_msgs/include/px4_msgs/px4_msgs/msg/detail/qshell_req__rosidl_typesupport_introspection_cpp.hpp\n'}
[2.100068] (px4_msgs) StdoutLine: {'line': b'-- Up-to-date: /home/harsh/ros2_project/install/px4_msgs/include/px4_msgs/px4_msgs/msg/detail/px4io_status__type_support.cpp\n'}
[2.100172] (px4_msgs) StdoutLine: {'line': b'-- Up-to-date: /home/harsh/ros2_project/install/px4_msgs/include/px4_msgs/px4_msgs/msg/detail/vehicle_roi__rosidl_typesupport_introspection_cpp.hpp\n'}
[2.100302] (px4_msgs) StdoutLine: {'line': b'-- Up-to-date: /home/harsh/ros2_project/install/px4_msgs/include/px4_msgs/px4_msgs/msg/detail/rtl_time_estimate__type_support.cpp\n'}
[2.100428] (px4_msgs) StdoutLine: {'line': b'-- Up-to-date: /home/harsh/ros2_project/install/px4_msgs/include/px4_msgs/px4_msgs/msg/detail/gpio_in__rosidl_typesupport_introspection_cpp.hpp\n'}
[2.100561] (px4_msgs) StdoutLine: {'line': b'-- Up-to-date: /home/harsh/ros2_project/install/px4_msgs/include/px4_msgs/px4_msgs/msg/detail/npfg_status__type_support.cpp\n'}
[2.100752] (px4_msgs) StdoutLine: {'line': b'-- Up-to-date: /home/harsh/ros2_project/install/px4_msgs/include/px4_msgs/px4_msgs/msg/detail/wheel_encoders__rosidl_typesupport_introspection_cpp.hpp\n'}
[2.101001] (px4_msgs) StdoutLine: {'line': b'-- Up-to-date: /home/harsh/ros2_project/install/px4_msgs/include/px4_msgs/px4_msgs/msg/detail/vehicle_air_data__rosidl_typesupport_introspection_cpp.hpp\n'}
[2.101092] (px4_msgs) StdoutLine: {'line': b'-- Up-to-date: /home/harsh/ros2_project/install/px4_msgs/include/px4_msgs/px4_msgs/msg/detail/gps_inject_data__rosidl_typesupport_introspection_cpp.hpp\n'}
[2.101190] (px4_msgs) StdoutLine: {'line': b'-- Up-to-date: /home/harsh/ros2_project/install/px4_msgs/include/px4_msgs/px4_msgs/msg/detail/gimbal_controls__type_support.cpp\n'}
[2.101368] (px4_msgs) StdoutLine: {'line': b'-- Up-to-date: /home/harsh/ros2_project/install/px4_msgs/include/px4_msgs/px4_msgs/msg/detail/vehicle_optical_flow__type_support.cpp\n'}
[2.101442] (px4_msgs) StdoutLine: {'line': b'-- Up-to-date: /home/harsh/ros2_project/install/px4_msgs/include/px4_msgs/px4_msgs/msg/detail/ekf2_timestamps__type_support.cpp\n'}
[2.101502] (px4_msgs) StdoutLine: {'line': b'-- Up-to-date: /home/harsh/ros2_project/install/px4_msgs/include/px4_msgs/px4_msgs/msg/detail/esc_status__rosidl_typesupport_introspection_cpp.hpp\n'}
[2.101560] (px4_msgs) StdoutLine: {'line': b'-- Up-to-date: /home/harsh/ros2_project/install/px4_msgs/include/px4_msgs/px4_msgs/msg/detail/debug_vect__type_support.cpp\n'}
[2.101619] (px4_msgs) StdoutLine: {'line': b'-- Up-to-date: /home/harsh/ros2_project/install/px4_msgs/include/px4_msgs/px4_msgs/msg/detail/wheel_encoders__type_support.cpp\n'}
[2.101681] (px4_msgs) StdoutLine: {'line': b'-- Up-to-date: /home/harsh/ros2_project/install/px4_msgs/include/px4_msgs/px4_msgs/msg/detail/debug_key_value__type_support.cpp\n'}
[2.101737] (px4_msgs) StdoutLine: {'line': b'-- Up-to-date: /home/harsh/ros2_project/install/px4_msgs/include/px4_msgs/px4_msgs/msg/detail/config_overrides__rosidl_typesupport_introspection_cpp.hpp\n'}
[2.101797] (px4_msgs) StdoutLine: {'line': b'-- Up-to-date: /home/harsh/ros2_project/install/px4_msgs/include/px4_msgs/px4_msgs/msg/detail/generator_status__rosidl_typesupport_introspection_cpp.hpp\n'}
[2.101867] (px4_msgs) StdoutLine: {'line': b'-- Up-to-date: /home/harsh/ros2_project/install/px4_msgs/include/px4_msgs/px4_msgs/msg/detail/mission_result__type_support.cpp\n'}
[2.101935] (px4_msgs) StdoutLine: {'line': b'-- Up-to-date: /home/harsh/ros2_project/install/px4_msgs/include/px4_msgs/px4_msgs/msg/detail/rc_channels__rosidl_typesupport_introspection_cpp.hpp\n'}
[2.101994] (px4_msgs) StdoutLine: {'line': b'-- Up-to-date: /home/harsh/ros2_project/install/px4_msgs/include/px4_msgs/px4_msgs/msg/detail/estimator_bias3d__rosidl_typesupport_introspection_cpp.hpp\n'}
[2.102050] (px4_msgs) StdoutLine: {'line': b'-- Up-to-date: /home/harsh/ros2_project/install/px4_msgs/include/px4_msgs/px4_msgs/msg/detail/airspeed_validated__type_support.cpp\n'}
[2.102104] (px4_msgs) StdoutLine: {'line': b'-- Up-to-date: /home/harsh/ros2_project/install/px4_msgs/include/px4_msgs/px4_msgs/msg/detail/gimbal_manager_set_attitude__rosidl_typesupport_introspection_cpp.hpp\n'}
[2.102160] (px4_msgs) StdoutLine: {'line': b'-- Up-to-date: /home/harsh/ros2_project/install/px4_msgs/include/px4_msgs/px4_msgs/msg/detail/landing_gear__type_support.cpp\n'}
[2.102215] (px4_msgs) StdoutLine: {'line': b'-- Up-to-date: /home/harsh/ros2_project/install/px4_msgs/include/px4_msgs/px4_msgs/msg/detail/button_event__type_support.cpp\n'}
[2.102284] (px4_msgs) StdoutLine: {'line': b'-- Up-to-date: /home/harsh/ros2_project/install/px4_msgs/include/px4_msgs/px4_msgs/msg/detail/actuator_test__rosidl_typesupport_introspection_cpp.hpp\n'}
[2.102342] (px4_msgs) StdoutLine: {'line': b'-- Up-to-date: /home/harsh/ros2_project/install/px4_msgs/include/px4_msgs/px4_msgs/msg/detail/message_format_response__rosidl_typesupport_introspection_cpp.hpp\n'}
[2.102428] (px4_msgs) StdoutLine: {'line': b'-- Up-to-date: /home/harsh/ros2_project/install/px4_msgs/include/px4_msgs/px4_msgs/msg/detail/gps_dump__type_support.cpp\n'}
[2.102489] (px4_msgs) StdoutLine: {'line': b'-- Up-to-date: /home/harsh/ros2_project/install/px4_msgs/include/px4_msgs/px4_msgs/msg/detail/system_power__rosidl_typesupport_introspection_cpp.hpp\n'}
[2.102550] (px4_msgs) StdoutLine: {'line': b'-- Up-to-date: /home/harsh/ros2_project/install/px4_msgs/include/px4_msgs/px4_msgs/msg/detail/trajectory_waypoint__rosidl_typesupport_introspection_cpp.hpp\n'}
[2.102611] (px4_msgs) StdoutLine: {'line': b'-- Up-to-date: /home/harsh/ros2_project/install/px4_msgs/include/px4_msgs/px4_msgs/msg/detail/action_request__type_support.cpp\n'}
[2.102670] (px4_msgs) StdoutLine: {'line': b'-- Up-to-date: /home/harsh/ros2_project/install/px4_msgs/include/px4_msgs/px4_msgs/msg/detail/position_controller_status__rosidl_typesupport_introspection_cpp.hpp\n'}
[2.102731] (px4_msgs) StdoutLine: {'line': b'-- Up-to-date: /home/harsh/ros2_project/install/px4_msgs/include/px4_msgs/px4_msgs/msg/detail/vehicle_constraints__rosidl_typesupport_introspection_cpp.hpp\n'}
[2.102794] (px4_msgs) StdoutLine: {'line': b'-- Up-to-date: /home/harsh/ros2_project/install/px4_msgs/include/px4_msgs/px4_msgs/msg/detail/parameter_set_value_request__rosidl_typesupport_introspection_cpp.hpp\n'}
[2.102852] (px4_msgs) StdoutLine: {'line': b'-- Up-to-date: /home/harsh/ros2_project/install/px4_msgs/include/px4_msgs/px4_msgs/msg/detail/vehicle_odometry__rosidl_typesupport_introspection_cpp.hpp\n'}
[2.102912] (px4_msgs) StdoutLine: {'line': b'-- Up-to-date: /home/harsh/ros2_project/install/px4_msgs/include/px4_msgs/px4_msgs/msg/detail/ulog_stream__type_support.cpp\n'}
[2.103009] (px4_msgs) StdoutLine: {'line': b'-- Up-to-date: /home/harsh/ros2_project/install/px4_msgs/include/px4_msgs/px4_msgs/msg/detail/sensor_selection__type_support.cpp\n'}
[2.103072] (px4_msgs) StdoutLine: {'line': b'-- Up-to-date: /home/harsh/ros2_project/install/px4_msgs/include/px4_msgs/px4_msgs/msg/detail/parameter_set_value_request__type_support.cpp\n'}
[2.103136] (px4_msgs) StdoutLine: {'line': b'-- Up-to-date: /home/harsh/ros2_project/install/px4_msgs/include/px4_msgs/px4_msgs/msg/detail/pwm_input__type_support.cpp\n'}
[2.103191] (px4_msgs) StdoutLine: {'line': b'-- Up-to-date: /home/harsh/ros2_project/install/px4_msgs/include/px4_msgs/px4_msgs/msg/detail/vtol_vehicle_status__type_support.cpp\n'}
[2.103259] (px4_msgs) StdoutLine: {'line': b'-- Up-to-date: /home/harsh/ros2_project/install/px4_msgs/include/px4_msgs/px4_msgs/msg/detail/home_position__rosidl_typesupport_introspection_cpp.hpp\n'}
[2.103320] (px4_msgs) StdoutLine: {'line': b'-- Up-to-date: /home/harsh/ros2_project/install/px4_msgs/include/px4_msgs/px4_msgs/msg/detail/timesync_status__rosidl_typesupport_introspection_cpp.hpp\n'}
[2.103380] (px4_msgs) StdoutLine: {'line': b'-- Up-to-date: /home/harsh/ros2_project/install/px4_msgs/include/px4_msgs/px4_msgs/msg/detail/irlock_report__type_support.cpp\n'}
[2.103441] (px4_msgs) StdoutLine: {'line': b'-- Up-to-date: /home/harsh/ros2_project/install/px4_msgs/include/px4_msgs/px4_msgs/msg/detail/gimbal_manager_status__type_support.cpp\n'}
[2.103505] (px4_msgs) StdoutLine: {'line': b'-- Up-to-date: /home/harsh/ros2_project/install/px4_msgs/include/px4_msgs/px4_msgs/msg/detail/vehicle_imu_status__rosidl_typesupport_introspection_cpp.hpp\n'}
[2.103564] (px4_msgs) StdoutLine: {'line': b'-- Up-to-date: /home/harsh/ros2_project/install/px4_msgs/include/px4_msgs/px4_msgs/msg/detail/estimator_aid_source2d__type_support.cpp\n'}
[2.103623] (px4_msgs) StdoutLine: {'line': b'-- Up-to-date: /home/harsh/ros2_project/install/px4_msgs/include/px4_msgs/px4_msgs/msg/detail/estimator_status_flags__rosidl_typesupport_introspection_cpp.hpp\n'}
[2.103728] (px4_msgs) StdoutLine: {'line': b'-- Up-to-date: /home/harsh/ros2_project/install/px4_msgs/include/px4_msgs/px4_msgs/msg/detail/estimator_aid_source1d__type_support.cpp\n'}
[2.103784] (px4_msgs) StdoutLine: {'line': b'-- Up-to-date: /home/harsh/ros2_project/install/px4_msgs/include/px4_msgs/px4_msgs/msg/detail/mavlink_tunnel__rosidl_typesupport_introspection_cpp.hpp\n'}
[2.103841] (px4_msgs) StdoutLine: {'line': b'-- Up-to-date: /home/harsh/ros2_project/install/px4_msgs/include/px4_msgs/px4_msgs/msg/detail/uavcan_parameter_value__type_support.cpp\n'}
[2.103900] (px4_msgs) StdoutLine: {'line': b'-- Up-to-date: /home/harsh/ros2_project/install/px4_msgs/include/px4_msgs/px4_msgs/msg/detail/differential_pressure__type_support.cpp\n'}
[2.103958] (px4_msgs) StdoutLine: {'line': b'-- Up-to-date: /home/harsh/ros2_project/install/px4_msgs/include/px4_msgs/px4_msgs/msg/detail/register_ext_component_reply__rosidl_typesupport_introspection_cpp.hpp\n'}
[2.104017] (px4_msgs) StdoutLine: {'line': b'-- Up-to-date: /home/harsh/ros2_project/install/px4_msgs/include/px4_msgs/px4_msgs/msg/detail/parameter_set_used_request__type_support.cpp\n'}
[2.104074] (px4_msgs) StdoutLine: {'line': b'-- Up-to-date: /home/harsh/ros2_project/install/px4_msgs/include/px4_msgs/px4_msgs/msg/detail/mission_result__rosidl_typesupport_introspection_cpp.hpp\n'}
[2.104132] (px4_msgs) StdoutLine: {'line': b'-- Up-to-date: /home/harsh/ros2_project/install/px4_msgs/include/px4_msgs/px4_msgs/msg/detail/unregister_ext_component__rosidl_typesupport_introspection_cpp.hpp\n'}
[2.104190] (px4_msgs) StdoutLine: {'line': b'-- Up-to-date: /home/harsh/ros2_project/install/px4_msgs/include/px4_msgs/px4_msgs/msg/detail/velocity_limits__type_support.cpp\n'}
[2.104260] (px4_msgs) StdoutLine: {'line': b'-- Up-to-date: /home/harsh/ros2_project/install/px4_msgs/include/px4_msgs/px4_msgs/msg/detail/estimator_innovations__type_support.cpp\n'}
[2.104324] (px4_msgs) StdoutLine: {'line': b'-- Up-to-date: /home/harsh/ros2_project/install/px4_msgs/include/px4_msgs/px4_msgs/msg/detail/pps_capture__rosidl_typesupport_introspection_cpp.hpp\n'}
[2.104382] (px4_msgs) StdoutLine: {'line': b'-- Up-to-date: /home/harsh/ros2_project/install/px4_msgs/include/px4_msgs/px4_msgs/msg/detail/orbit_status__type_support.cpp\n'}
[2.104442] (px4_msgs) StdoutLine: {'line': b'-- Up-to-date: /home/harsh/ros2_project/install/px4_msgs/include/px4_msgs/px4_msgs/msg/detail/vehicle_land_detected__rosidl_typesupport_introspection_cpp.hpp\n'}
[2.104501] (px4_msgs) StdoutLine: {'line': b'-- Up-to-date: /home/harsh/ros2_project/install/px4_msgs/include/px4_msgs/px4_msgs/msg/detail/landing_gear_wheel__type_support.cpp\n'}
[2.104565] (px4_msgs) StdoutLine: {'line': b'-- Up-to-date: /home/harsh/ros2_project/install/px4_msgs/include/px4_msgs/px4_msgs/msg/detail/differential_drive_setpoint__type_support.cpp\n'}
[2.104625] (px4_msgs) StdoutLine: {'line': b'-- Up-to-date: /home/harsh/ros2_project/install/px4_msgs/include/px4_msgs/px4_msgs/msg/detail/landing_gear__rosidl_typesupport_introspection_cpp.hpp\n'}
[2.104740] (px4_msgs) StdoutLine: {'line': b'-- Up-to-date: /home/harsh/ros2_project/install/px4_msgs/include/px4_msgs/px4_msgs/msg/detail/failure_detector_status__type_support.cpp\n'}
[2.104822] (px4_msgs) StdoutLine: {'line': b'-- Up-to-date: /home/harsh/ros2_project/install/px4_msgs/include/px4_msgs/px4_msgs/msg/detail/vehicle_trajectory_waypoint__type_support.cpp\n'}
[2.104891] (px4_msgs) StdoutLine: {'line': b'-- Up-to-date: /home/harsh/ros2_project/install/px4_msgs/include/px4_msgs/px4_msgs/msg/detail/debug_vect__rosidl_typesupport_introspection_cpp.hpp\n'}
[2.104957] (px4_msgs) StdoutLine: {'line': b'-- Up-to-date: /home/harsh/ros2_project/install/px4_msgs/include/px4_msgs/px4_msgs/msg/detail/ulog_stream_ack__rosidl_typesupport_introspection_cpp.hpp\n'}
[2.105053] (px4_msgs) StdoutLine: {'line': b'-- Up-to-date: /home/harsh/ros2_project/install/px4_msgs/include/px4_msgs/px4_msgs/msg/detail/gripper__rosidl_typesupport_introspection_cpp.hpp\n'}
[2.105115] (-) TimerEvent: {}
[2.105225] (px4_msgs) StdoutLine: {'line': b'-- Up-to-date: /home/harsh/ros2_project/install/px4_msgs/include/px4_msgs/px4_msgs/msg/detail/actuator_servos_trim__rosidl_typesupport_introspection_cpp.hpp\n'}
[2.105328] (px4_msgs) StdoutLine: {'line': b'-- Up-to-date: /home/harsh/ros2_project/install/px4_msgs/include/px4_msgs/px4_msgs/msg/detail/register_ext_component_reply__type_support.cpp\n'}
[2.105397] (px4_msgs) StdoutLine: {'line': b'-- Up-to-date: /home/harsh/ros2_project/install/px4_msgs/include/px4_msgs/px4_msgs/msg/detail/sensor_accel__type_support.cpp\n'}
[2.105454] (px4_msgs) StdoutLine: {'line': b'-- Up-to-date: /home/harsh/ros2_project/install/px4_msgs/include/px4_msgs/px4_msgs/msg/detail/trajectory_bezier__type_support.cpp\n'}
[2.105512] (px4_msgs) StdoutLine: {'line': b'-- Up-to-date: /home/harsh/ros2_project/install/px4_msgs/include/px4_msgs/px4_msgs/msg/detail/autotune_attitude_control_status__rosidl_typesupport_introspection_cpp.hpp\n'}
[2.105573] (px4_msgs) StdoutLine: {'line': b'-- Up-to-date: /home/harsh/ros2_project/install/px4_msgs/include/px4_msgs/px4_msgs/msg/detail/unregister_ext_component__type_support.cpp\n'}
[2.105631] (px4_msgs) StdoutLine: {'line': b'-- Up-to-date: /home/harsh/ros2_project/install/px4_msgs/include/px4_msgs/px4_msgs/msg/detail/sensor_correction__type_support.cpp\n'}
[2.105697] (px4_msgs) StdoutLine: {'line': b'-- Up-to-date: /home/harsh/ros2_project/install/px4_msgs/include/px4_msgs/px4_msgs/msg/detail/estimator_aid_source3d__rosidl_typesupport_introspection_cpp.hpp\n'}
[2.105755] (px4_msgs) StdoutLine: {'line': b'-- Up-to-date: /home/harsh/ros2_project/install/px4_msgs/include/px4_msgs/px4_msgs/msg/detail/sensor_combined__type_support.cpp\n'}
[2.105811] (px4_msgs) StdoutLine: {'line': b'-- Up-to-date: /home/harsh/ros2_project/install/px4_msgs/include/px4_msgs/px4_msgs/msg/detail/log_message__rosidl_typesupport_introspection_cpp.hpp\n'}
[2.105872] (px4_msgs) StdoutLine: {'line': b'-- Up-to-date: /home/harsh/ros2_project/install/px4_msgs/include/px4_msgs/px4_msgs/msg/detail/mission__type_support.cpp\n'}
[2.105931] (px4_msgs) StdoutLine: {'line': b'-- Up-to-date: /home/harsh/ros2_project/install/px4_msgs/include/px4_msgs/px4_msgs/msg/detail/orb_test__type_support.cpp\n'}
[2.105993] (px4_msgs) StdoutLine: {'line': b'-- Up-to-date: /home/harsh/ros2_project/install/px4_msgs/include/px4_msgs/px4_msgs/msg/detail/vehicle_optical_flow__rosidl_typesupport_introspection_cpp.hpp\n'}
[2.106081] (px4_msgs) StdoutLine: {'line': b'-- Up-to-date: /home/harsh/ros2_project/install/px4_msgs/include/px4_msgs/px4_msgs/msg/detail/mavlink_log__rosidl_typesupport_introspection_cpp.hpp\n'}
[2.106152] (px4_msgs) StdoutLine: {'line': b'-- Up-to-date: /home/harsh/ros2_project/install/px4_msgs/include/px4_msgs/px4_msgs/msg/detail/ulog_stream__rosidl_typesupport_introspection_cpp.hpp\n'}
[2.106286] (px4_msgs) StdoutLine: {'line': b'-- Up-to-date: /home/harsh/ros2_project/install/px4_msgs/include/px4_msgs/px4_msgs/msg/detail/vehicle_global_position__type_support.cpp\n'}
[2.106379] (px4_msgs) StdoutLine: {'line': b'-- Up-to-date: /home/harsh/ros2_project/install/px4_msgs/include/px4_msgs/px4_msgs/msg/detail/internal_combustion_engine_status__rosidl_typesupport_introspection_cpp.hpp\n'}
[2.106451] (px4_msgs) StdoutLine: {'line': b'-- Up-to-date: /home/harsh/ros2_project/install/px4_msgs/include/px4_msgs/px4_msgs/msg/detail/radio_status__rosidl_typesupport_introspection_cpp.hpp\n'}
[2.106549] (px4_msgs) StdoutLine: {'line': b'-- Up-to-date: /home/harsh/ros2_project/install/px4_msgs/include/px4_msgs/px4_msgs/msg/detail/arming_check_request__type_support.cpp\n'}
[2.106628] (px4_msgs) StdoutLine: {'line': b'-- Up-to-date: /home/harsh/ros2_project/install/px4_msgs/include/px4_msgs/px4_msgs/msg/detail/onboard_computer_status__type_support.cpp\n'}
[2.106704] (px4_msgs) StdoutLine: {'line': b'-- Up-to-date: /home/harsh/ros2_project/install/px4_msgs/include/px4_msgs/px4_msgs/msg/detail/distance_sensor__type_support.cpp\n'}
[2.106777] (px4_msgs) StdoutLine: {'line': b'-- Up-to-date: /home/harsh/ros2_project/install/px4_msgs/include/px4_msgs/px4_msgs/msg/detail/estimator_innovations__rosidl_typesupport_introspection_cpp.hpp\n'}
[2.106894] (px4_msgs) StdoutLine: {'line': b'-- Up-to-date: /home/harsh/ros2_project/install/px4_msgs/include/px4_msgs/px4_msgs/msg/detail/vehicle_magnetometer__rosidl_typesupport_introspection_cpp.hpp\n'}
[2.106963] (px4_msgs) StdoutLine: {'line': b'-- Up-to-date: /home/harsh/ros2_project/install/px4_msgs/include/px4_msgs/px4_msgs/msg/detail/orb_test__rosidl_typesupport_introspection_cpp.hpp\n'}
[2.107021] (px4_msgs) StdoutLine: {'line': b'-- Up-to-date: /home/harsh/ros2_project/install/px4_msgs/include/px4_msgs/px4_msgs/msg/detail/power_button_state__rosidl_typesupport_introspection_cpp.hpp\n'}
[2.107077] (px4_msgs) StdoutLine: {'line': b'-- Up-to-date: /home/harsh/ros2_project/install/px4_msgs/include/px4_msgs/px4_msgs/msg/detail/sensors_status__type_support.cpp\n'}
[2.107156] (px4_msgs) StdoutLine: {'line': b'-- Up-to-date: /home/harsh/ros2_project/install/px4_msgs/include/px4_msgs/px4_msgs/msg/detail/estimator_states__rosidl_typesupport_introspection_cpp.hpp\n'}
[2.107215] (px4_msgs) StdoutLine: {'line': b'-- Up-to-date: /home/harsh/ros2_project/install/px4_msgs/include/px4_msgs/px4_msgs/msg/detail/parameter_set_value_response__type_support.cpp\n'}
[2.107300] (px4_msgs) StdoutLine: {'line': b'-- Up-to-date: /home/harsh/ros2_project/install/px4_msgs/include/px4_msgs/px4_msgs/msg/detail/sensor_uwb__rosidl_typesupport_introspection_cpp.hpp\n'}
[2.107362] (px4_msgs) StdoutLine: {'line': b'-- Up-to-date: /home/harsh/ros2_project/install/px4_msgs/include/px4_msgs/px4_msgs/msg/detail/task_stack_info__rosidl_typesupport_introspection_cpp.hpp\n'}
[2.107421] (px4_msgs) StdoutLine: {'line': b'-- Up-to-date: /home/harsh/ros2_project/install/px4_msgs/include/px4_msgs/px4_msgs/msg/detail/parameter_set_value_response__rosidl_typesupport_introspection_cpp.hpp\n'}
[2.107479] (px4_msgs) StdoutLine: {'line': b'-- Up-to-date: /home/harsh/ros2_project/install/px4_msgs/include/px4_msgs/px4_msgs/msg/detail/gimbal_manager_status__rosidl_typesupport_introspection_cpp.hpp\n'}
[2.107536] (px4_msgs) StdoutLine: {'line': b'-- Up-to-date: /home/harsh/ros2_project/install/px4_msgs/include/px4_msgs/px4_msgs/msg/detail/telemetry_status__rosidl_typesupport_introspection_cpp.hpp\n'}
[2.107595] (px4_msgs) StdoutLine: {'line': b'-- Up-to-date: /home/harsh/ros2_project/install/px4_msgs/include/px4_msgs/px4_msgs/msg/detail/sensor_gyro_fifo__rosidl_typesupport_introspection_cpp.hpp\n'}
[2.107667] (px4_msgs) StdoutLine: {'line': b'-- Up-to-date: /home/harsh/ros2_project/install/px4_msgs/include/px4_msgs/px4_msgs/msg/detail/sensor_hygrometer__rosidl_typesupport_introspection_cpp.hpp\n'}
[2.107741] (px4_msgs) StdoutLine: {'line': b'-- Up-to-date: /home/harsh/ros2_project/install/px4_msgs/include/px4_msgs/px4_msgs/msg/detail/estimator_aid_source3d__type_support.cpp\n'}
[2.107801] (px4_msgs) StdoutLine: {'line': b'-- Up-to-date: /home/harsh/ros2_project/install/px4_msgs/include/px4_msgs/px4_msgs/msg/detail/gpio_request__type_support.cpp\n'}
[2.107923] (px4_msgs) StdoutLine: {'line': b'-- Up-to-date: /home/harsh/ros2_project/install/px4_msgs/include/px4_msgs/px4_msgs/msg/detail/gimbal_controls__rosidl_typesupport_introspection_cpp.hpp\n'}
[2.108006] (px4_msgs) StdoutLine: {'line': b'-- Up-to-date: /home/harsh/ros2_project/install/px4_msgs/include/px4_msgs/px4_msgs/msg/detail/estimator_status__type_support.cpp\n'}
[2.108074] (px4_msgs) StdoutLine: {'line': b'-- Up-to-date: /home/harsh/ros2_project/install/px4_msgs/include/px4_msgs/px4_msgs/msg/detail/button_event__rosidl_typesupport_introspection_cpp.hpp\n'}
[2.108135] (px4_msgs) StdoutLine: {'line': b'-- Up-to-date: /home/harsh/ros2_project/install/px4_msgs/include/px4_msgs/px4_msgs/msg/detail/actuator_armed__rosidl_typesupport_introspection_cpp.hpp\n'}
[2.108196] (px4_msgs) StdoutLine: {'line': b'-- Up-to-date: /home/harsh/ros2_project/install/px4_msgs/include/px4_msgs/px4_msgs/msg/detail/gimbal_manager_set_manual_control__type_support.cpp\n'}
[2.108486] (px4_msgs) StdoutLine: {'line': b'-- Up-to-date: /home/harsh/ros2_project/install/px4_msgs/include/px4_msgs/px4_msgs/msg/detail/normalized_unsigned_setpoint__rosidl_typesupport_introspection_cpp.hpp\n'}
[2.108666] (px4_msgs) StdoutLine: {'line': b'-- Up-to-date: /home/harsh/ros2_project/install/px4_msgs/include/px4_msgs/px4_msgs/msg/detail/vehicle_global_position__rosidl_typesupport_introspection_cpp.hpp\n'}
[2.108816] (px4_msgs) StdoutLine: {'line': b'-- Up-to-date: /home/harsh/ros2_project/install/px4_msgs/include/px4_msgs/px4_msgs/msg/detail/manual_control_switches__rosidl_typesupport_introspection_cpp.hpp\n'}
[2.108935] (px4_msgs) StdoutLine: {'line': b'-- Up-to-date: /home/harsh/ros2_project/install/px4_msgs/include/px4_msgs/px4_msgs/msg/detail/dataman_response__rosidl_typesupport_introspection_cpp.hpp\n'}
[2.109049] (px4_msgs) StdoutLine: {'line': b'-- Up-to-date: /home/harsh/ros2_project/install/px4_msgs/include/px4_msgs/px4_msgs/msg/detail/launch_detection_status__rosidl_typesupport_introspection_cpp.hpp\n'}
[2.109162] (px4_msgs) StdoutLine: {'line': b'-- Up-to-date: /home/harsh/ros2_project/install/px4_msgs/include/px4_msgs/px4_msgs/msg/detail/velocity_limits__rosidl_typesupport_introspection_cpp.hpp\n'}
[2.109365] (px4_msgs) StdoutLine: {'line': b'-- Up-to-date: /home/harsh/ros2_project/install/px4_msgs/include/px4_msgs/px4_msgs/msg/detail/dataman_request__type_support.cpp\n'}
[2.109491] (px4_msgs) StdoutLine: {'line': b'-- Up-to-date: /home/harsh/ros2_project/install/px4_msgs/include/px4_msgs/px4_msgs/msg/detail/control_allocator_status__type_support.cpp\n'}
[2.109607] (px4_msgs) StdoutLine: {'line': b'-- Up-to-date: /home/harsh/ros2_project/install/px4_msgs/include/px4_msgs/px4_msgs/msg/detail/collision_report__type_support.cpp\n'}
[2.109719] (px4_msgs) StdoutLine: {'line': b'-- Up-to-date: /home/harsh/ros2_project/install/px4_msgs/include/px4_msgs/px4_msgs/msg/detail/battery_status__rosidl_typesupport_introspection_cpp.hpp\n'}
[2.109830] (px4_msgs) StdoutLine: {'line': b'-- Up-to-date: /home/harsh/ros2_project/install/px4_msgs/include/px4_msgs/px4_msgs/msg/detail/generator_status__type_support.cpp\n'}
[2.109945] (px4_msgs) StdoutLine: {'line': b'-- Up-to-date: /home/harsh/ros2_project/install/px4_msgs/include/px4_msgs/px4_msgs/msg/detail/parameter_set_used_request__rosidl_typesupport_introspection_cpp.hpp\n'}
[2.110060] (px4_msgs) StdoutLine: {'line': b'-- Up-to-date: /home/harsh/ros2_project/install/px4_msgs/include/px4_msgs/px4_msgs/msg/detail/sensors_status__rosidl_typesupport_introspection_cpp.hpp\n'}
[2.110213] (px4_msgs) StdoutLine: {'line': b'-- Up-to-date: /home/harsh/ros2_project/install/px4_msgs/include/px4_msgs/px4_msgs/msg/detail/goto_setpoint__type_support.cpp\n'}
[2.110382] (px4_msgs) StdoutLine: {'line': b'-- Up-to-date: /home/harsh/ros2_project/install/px4_msgs/include/px4_msgs/px4_msgs/msg/detail/vehicle_angular_velocity__rosidl_typesupport_introspection_cpp.hpp\n'}
[2.110509] (px4_msgs) StdoutLine: {'line': b'-- Up-to-date: /home/harsh/ros2_project/install/px4_msgs/include/px4_msgs/px4_msgs/msg/detail/input_rc__type_support.cpp\n'}
[2.110640] (px4_msgs) StdoutLine: {'line': b'-- Up-to-date: /home/harsh/ros2_project/install/px4_msgs/include/px4_msgs/px4_msgs/msg/detail/vehicle_thrust_setpoint__type_support.cpp\n'}
[2.110770] (px4_msgs) StdoutLine: {'line': b'-- Up-to-date: /home/harsh/ros2_project/install/px4_msgs/include/px4_msgs/px4_msgs/msg/detail/sensor_correction__rosidl_typesupport_introspection_cpp.hpp\n'}
[2.110911] (px4_msgs) StdoutLine: {'line': b'-- Up-to-date: /home/harsh/ros2_project/install/px4_msgs/include/px4_msgs/px4_msgs/msg/detail/airspeed__rosidl_typesupport_introspection_cpp.hpp\n'}
[2.111047] (px4_msgs) StdoutLine: {'line': b'-- Up-to-date: /home/harsh/ros2_project/install/px4_msgs/include/px4_msgs/px4_msgs/msg/detail/navigator_mission_item__type_support.cpp\n'}
[2.111183] (px4_msgs) StdoutLine: {'line': b'-- Up-to-date: /home/harsh/ros2_project/install/px4_msgs/include/px4_msgs/px4_msgs/msg/detail/timesync_status__type_support.cpp\n'}
[2.111458] (px4_msgs) StdoutLine: {'line': b'-- Up-to-date: /home/harsh/ros2_project/install/px4_msgs/include/px4_msgs/px4_msgs/msg/detail/sensor_optical_flow__rosidl_typesupport_introspection_cpp.hpp\n'}
[2.111602] (px4_msgs) StdoutLine: {'line': b'-- Up-to-date: /home/harsh/ros2_project/install/px4_msgs/include/px4_msgs/px4_msgs/msg/detail/sensor_gnss_relative__rosidl_typesupport_introspection_cpp.hpp\n'}
[2.111765] (px4_msgs) StdoutLine: {'line': b'-- Up-to-date: /home/harsh/ros2_project/install/px4_msgs/include/px4_msgs/px4_msgs/msg/detail/heater_status__rosidl_typesupport_introspection_cpp.hpp\n'}
[2.111889] (px4_msgs) StdoutLine: {'line': b'-- Up-to-date: /home/harsh/ros2_project/install/px4_msgs/include/px4_msgs/px4_msgs/msg/detail/qshell_req__type_support.cpp\n'}
[2.112023] (px4_msgs) StdoutLine: {'line': b'-- Up-to-date: /home/harsh/ros2_project/install/px4_msgs/include/px4_msgs/px4_msgs/msg/detail/arming_check_reply__rosidl_typesupport_introspection_cpp.hpp\n'}
[2.112163] (px4_msgs) StdoutLine: {'line': b'-- Up-to-date: /home/harsh/ros2_project/install/px4_msgs/include/px4_msgs/px4_msgs/msg/detail/rpm__rosidl_typesupport_introspection_cpp.hpp\n'}
[2.112325] (px4_msgs) StdoutLine: {'line': b'-- Up-to-date: /home/harsh/ros2_project/install/px4_msgs/include/px4_msgs/px4_msgs/msg/detail/vehicle_attitude_setpoint__type_support.cpp\n'}
[2.112455] (px4_msgs) StdoutLine: {'line': b'-- Up-to-date: /home/harsh/ros2_project/install/px4_msgs/include/px4_msgs/px4_msgs/msg/detail/estimator_status__rosidl_typesupport_introspection_cpp.hpp\n'}
[2.112570] (px4_msgs) StdoutLine: {'line': b'-- Up-to-date: /home/harsh/ros2_project/install/px4_msgs/include/px4_msgs/px4_msgs/msg/detail/actuator_armed__type_support.cpp\n'}
[2.112681] (px4_msgs) StdoutLine: {'line': b'-- Up-to-date: /home/harsh/ros2_project/install/px4_msgs/include/px4_msgs/px4_msgs/msg/detail/collision_constraints__rosidl_typesupport_introspection_cpp.hpp\n'}
[2.112794] (px4_msgs) StdoutLine: {'line': b'-- Up-to-date: /home/harsh/ros2_project/install/px4_msgs/include/px4_msgs/px4_msgs/msg/detail/actuator_controls_status__rosidl_typesupport_introspection_cpp.hpp\n'}
[2.112919] (px4_msgs) StdoutLine: {'line': b'-- Up-to-date: /home/harsh/ros2_project/install/px4_msgs/include/px4_msgs/px4_msgs/msg/detail/flight_phase_estimation__type_support.cpp\n'}
[2.113114] (px4_msgs) StdoutLine: {'line': b'-- Up-to-date: /home/harsh/ros2_project/install/px4_msgs/include/px4_msgs/px4_msgs/msg/detail/sensors_status_imu__rosidl_typesupport_introspection_cpp.hpp\n'}
[2.113405] (px4_msgs) StdoutLine: {'line': b'-- Up-to-date: /home/harsh/ros2_project/install/px4_msgs/include/px4_msgs/px4_msgs/msg/detail/pwm_input__rosidl_typesupport_introspection_cpp.hpp\n'}
[2.113491] (px4_msgs) StdoutLine: {'line': b'-- Up-to-date: /home/harsh/ros2_project/install/px4_msgs/include/px4_msgs/px4_msgs/msg/detail/geofence_status__rosidl_typesupport_introspection_cpp.hpp\n'}
[2.113562] (px4_msgs) StdoutLine: {'line': b'-- Up-to-date: /home/harsh/ros2_project/install/px4_msgs/include/px4_msgs/px4_msgs/msg/detail/arming_check_reply__type_support.cpp\n'}
[2.113627] (px4_msgs) StdoutLine: {'line': b'-- Up-to-date: /home/harsh/ros2_project/install/px4_msgs/include/px4_msgs/px4_msgs/msg/detail/esc_report__rosidl_typesupport_introspection_cpp.hpp\n'}
[2.113774] (px4_msgs) StdoutLine: {'line': b'-- Up-to-date: /home/harsh/ros2_project/install/px4_msgs/include/px4_msgs/px4_msgs/msg/detail/cpuload__rosidl_typesupport_introspection_cpp.hpp\n'}
[2.113900] (px4_msgs) StdoutLine: {'line': b'-- Up-to-date: /home/harsh/ros2_project/install/px4_msgs/include/px4_msgs/px4_msgs/msg/detail/position_controller_status__type_support.cpp\n'}
[2.114090] (px4_msgs) StdoutLine: {'line': b'-- Up-to-date: /home/harsh/ros2_project/install/px4_msgs/include/px4_msgs/px4_msgs/msg/detail/sensor_airflow__rosidl_typesupport_introspection_cpp.hpp\n'}
[2.114304] (px4_msgs) StdoutLine: {'line': b'-- Up-to-date: /home/harsh/ros2_project/install/px4_msgs/include/px4_msgs/px4_msgs/msg/detail/logger_status__rosidl_typesupport_introspection_cpp.hpp\n'}
[2.114478] (px4_msgs) StdoutLine: {'line': b'-- Up-to-date: /home/harsh/ros2_project/install/px4_msgs/include/px4_msgs/px4_msgs/msg/detail/vehicle_torque_setpoint__rosidl_typesupport_introspection_cpp.hpp\n'}
[2.114710] (px4_msgs) StdoutLine: {'line': b'-- Up-to-date: /home/harsh/ros2_project/install/px4_msgs/include/px4_msgs/px4_msgs/msg/detail/tune_control__type_support.cpp\n'}
[2.114843] (px4_msgs) StdoutLine: {'line': b'-- Up-to-date: /home/harsh/ros2_project/install/px4_msgs/include/px4_msgs/px4_msgs/msg/detail/failure_detector_status__rosidl_typesupport_introspection_cpp.hpp\n'}
[2.114949] (px4_msgs) StdoutLine: {'line': b'-- Up-to-date: /home/harsh/ros2_project/install/px4_msgs/include/px4_msgs/px4_msgs/msg/detail/airspeed_wind__rosidl_typesupport_introspection_cpp.hpp\n'}
[2.115052] (px4_msgs) StdoutLine: {'line': b'-- Up-to-date: /home/harsh/ros2_project/install/px4_msgs/include/px4_msgs/px4_msgs/msg/detail/telemetry_status__type_support.cpp\n'}
[2.115155] (px4_msgs) StdoutLine: {'line': b'-- Up-to-date: /home/harsh/ros2_project/install/px4_msgs/include/px4_msgs/px4_msgs/msg/detail/gimbal_manager_information__rosidl_typesupport_introspection_cpp.hpp\n'}
[2.115309] (px4_msgs) StdoutLine: {'line': b'-- Up-to-date: /home/harsh/ros2_project/install/px4_msgs/include/px4_msgs/px4_msgs/msg/detail/position_setpoint_triplet__type_support.cpp\n'}
[2.115440] (px4_msgs) StdoutLine: {'line': b'-- Up-to-date: /home/harsh/ros2_project/install/px4_msgs/include/px4_msgs/px4_msgs/msg/detail/sensor_gyro_fifo__type_support.cpp\n'}
[2.115539] (px4_msgs) StdoutLine: {'line': b'-- Up-to-date: /home/harsh/ros2_project/install/px4_msgs/include/px4_msgs/px4_msgs/msg/detail/geofence_result__type_support.cpp\n'}
[2.115638] (px4_msgs) StdoutLine: {'line': b'-- Up-to-date: /home/harsh/ros2_project/install/px4_msgs/include/px4_msgs/px4_msgs/msg/detail/ping__rosidl_typesupport_introspection_cpp.hpp\n'}
[2.115740] (px4_msgs) StdoutLine: {'line': b'-- Up-to-date: /home/harsh/ros2_project/install/px4_msgs/include/px4_msgs/px4_msgs/msg/detail/sensor_preflight_mag__rosidl_typesupport_introspection_cpp.hpp\n'}
[2.115846] (px4_msgs) StdoutLine: {'line': b'-- Up-to-date: /home/harsh/ros2_project/install/px4_msgs/include/px4_msgs/px4_msgs/msg/detail/dataman_request__rosidl_typesupport_introspection_cpp.hpp\n'}
[2.115951] (px4_msgs) StdoutLine: {'line': b'-- Up-to-date: /home/harsh/ros2_project/install/px4_msgs/include/px4_msgs/px4_msgs/msg/detail/tune_control__rosidl_typesupport_introspection_cpp.hpp\n'}
[2.116054] (px4_msgs) StdoutLine: {'line': b'-- Up-to-date: /home/harsh/ros2_project/install/px4_msgs/include/px4_msgs/px4_msgs/msg/detail/parameter_update__type_support.cpp\n'}
[2.116174] (px4_msgs) StdoutLine: {'line': b'-- Up-to-date: /home/harsh/ros2_project/install/px4_msgs/include/px4_msgs/px4_msgs/msg/detail/vehicle_constraints__type_support.cpp\n'}
[2.116298] (px4_msgs) StdoutLine: {'line': b'-- Up-to-date: /home/harsh/ros2_project/install/px4_msgs/include/px4_msgs/px4_msgs/msg/detail/trajectory_setpoint__type_support.cpp\n'}
[2.116413] (px4_msgs) StdoutLine: {'line': b'-- Up-to-date: /home/harsh/ros2_project/install/px4_msgs/include/px4_msgs/px4_msgs/msg/detail/actuator_servos__type_support.cpp\n'}
[2.116528] (px4_msgs) StdoutLine: {'line': b'-- Up-to-date: /home/harsh/ros2_project/install/px4_msgs/include/px4_msgs/px4_msgs/msg/detail/estimator_bias3d__type_support.cpp\n'}
[2.116776] (px4_msgs) StdoutLine: {'line': b'-- Up-to-date: /home/harsh/ros2_project/install/px4_msgs/include/px4_msgs/px4_msgs/msg/detail/takeoff_status__rosidl_typesupport_introspection_cpp.hpp\n'}
[2.116943] (px4_msgs) StdoutLine: {'line': b'-- Up-to-date: /home/harsh/ros2_project/install/px4_msgs/include/px4_msgs/px4_msgs/msg/detail/estimator_aid_source1d__rosidl_typesupport_introspection_cpp.hpp\n'}
[2.117065] (px4_msgs) StdoutLine: {'line': b'-- Up-to-date: /home/harsh/ros2_project/install/px4_msgs/include/px4_msgs/px4_msgs/msg/detail/can_interface_status__type_support.cpp\n'}
[2.117194] (px4_msgs) StdoutLine: {'line': b'-- Up-to-date: /home/harsh/ros2_project/install/px4_msgs/include/px4_msgs/px4_msgs/msg/detail/mode_completed__rosidl_typesupport_introspection_cpp.hpp\n'}
[2.117340] (px4_msgs) StdoutLine: {'line': b'-- Up-to-date: /home/harsh/ros2_project/install/px4_msgs/include/px4_msgs/px4_msgs/msg/detail/cellular_status__type_support.cpp\n'}
[2.117462] (px4_msgs) StdoutLine: {'line': b'-- Up-to-date: /home/harsh/ros2_project/install/px4_msgs/include/px4_msgs/px4_msgs/msg/detail/offboard_control_mode__rosidl_typesupport_introspection_cpp.hpp\n'}
[2.117782] (px4_msgs) StdoutLine: {'line': b'-- Up-to-date: /home/harsh/ros2_project/install/px4_msgs/include/px4_msgs/px4_msgs/msg/detail/action_request__rosidl_typesupport_introspection_cpp.hpp\n'}
[2.117903] (px4_msgs) StdoutLine: {'line': b'-- Up-to-date: /home/harsh/ros2_project/install/px4_msgs/include/px4_msgs/px4_msgs/msg/detail/gpio_config__rosidl_typesupport_introspection_cpp.hpp\n'}
[2.118034] (px4_msgs) StdoutLine: {'line': b'-- Up-to-date: /home/harsh/ros2_project/install/px4_msgs/include/px4_msgs/px4_msgs/msg/detail/rc_parameter_map__type_support.cpp\n'}
[2.118168] (px4_msgs) StdoutLine: {'line': b'-- Up-to-date: /home/harsh/ros2_project/install/px4_msgs/include/px4_msgs/px4_msgs/msg/detail/distance_sensor__rosidl_typesupport_introspection_cpp.hpp\n'}
[2.118544] (px4_msgs) StdoutLine: {'line': b'-- Up-to-date: /home/harsh/ros2_project/install/px4_msgs/include/px4_msgs/px4_msgs/msg/detail/vehicle_trajectory_waypoint__rosidl_typesupport_introspection_cpp.hpp\n'}
[2.118779] (px4_msgs) StdoutLine: {'line': b'-- Up-to-date: /home/harsh/ros2_project/install/px4_msgs/include/px4_msgs/px4_msgs/msg/detail/follow_target_status__rosidl_typesupport_introspection_cpp.hpp\n'}
[2.118945] (px4_msgs) StdoutLine: {'line': b'-- Up-to-date: /home/harsh/ros2_project/install/px4_msgs/include/px4_msgs/px4_msgs/msg/detail/landing_target_innovations__rosidl_typesupport_introspection_cpp.hpp\n'}
[2.119170] (px4_msgs) StdoutLine: {'line': b'-- Up-to-date: /home/harsh/ros2_project/install/px4_msgs/include/px4_msgs/px4_msgs/msg/detail/estimator_states__type_support.cpp\n'}
[2.119301] (px4_msgs) StdoutLine: {'line': b'-- Up-to-date: /home/harsh/ros2_project/install/px4_msgs/include/px4_msgs/px4_msgs/msg/detail/obstacle_distance__type_support.cpp\n'}
[2.119403] (px4_msgs) StdoutLine: {'line': b'-- Up-to-date: /home/harsh/ros2_project/install/px4_msgs/include/px4_msgs/px4_msgs/msg/detail/px4io_status__rosidl_typesupport_introspection_cpp.hpp\n'}
[2.119500] (px4_msgs) StdoutLine: {'line': b'-- Up-to-date: /home/harsh/ros2_project/install/px4_msgs/include/px4_msgs/px4_msgs/msg/detail/normalized_unsigned_setpoint__type_support.cpp\n'}
[2.119621] (px4_msgs) StdoutLine: {'line': b'-- Up-to-date: /home/harsh/ros2_project/install/px4_msgs/include/px4_msgs/px4_msgs/msg/detail/vehicle_acceleration__rosidl_typesupport_introspection_cpp.hpp\n'}
[2.119749] (px4_msgs) StdoutLine: {'line': b'-- Up-to-date: /home/harsh/ros2_project/install/px4_msgs/include/px4_msgs/px4_msgs/srv\n'}
[2.119840] (px4_msgs) StdoutLine: {'line': b'-- Up-to-date: /home/harsh/ros2_project/install/px4_msgs/include/px4_msgs/px4_msgs/srv/detail\n'}
[2.119926] (px4_msgs) StdoutLine: {'line': b'-- Up-to-date: /home/harsh/ros2_project/install/px4_msgs/include/px4_msgs/px4_msgs/srv/detail/vehicle_command__rosidl_typesupport_introspection_cpp.hpp\n'}
[2.120014] (px4_msgs) StdoutLine: {'line': b'-- Up-to-date: /home/harsh/ros2_project/install/px4_msgs/include/px4_msgs/px4_msgs/srv/detail/vehicle_command__type_support.cpp\n'}
[2.120098] (px4_msgs) StdoutLine: {'line': b'-- Up-to-date: /home/harsh/ros2_project/install/px4_msgs/lib/libpx4_msgs__rosidl_typesupport_introspection_cpp.so\n'}
[2.120184] (px4_msgs) StdoutLine: {'line': b'-- Up-to-date: /home/harsh/ros2_project/install/px4_msgs/lib/libpx4_msgs__rosidl_typesupport_cpp.so\n'}
[2.120287] (px4_msgs) StdoutLine: {'line': b'-- Up-to-date: /home/harsh/ros2_project/install/px4_msgs/share/px4_msgs/environment/pythonpath.sh\n'}
[2.120377] (px4_msgs) StdoutLine: {'line': b'-- Up-to-date: /home/harsh/ros2_project/install/px4_msgs/share/px4_msgs/environment/pythonpath.dsv\n'}
[2.120462] (px4_msgs) StdoutLine: {'line': b'-- Up-to-date: /home/harsh/ros2_project/install/px4_msgs/lib/python3.12/site-packages/px4_msgs-2.0.1-py3.12.egg-info\n'}
[2.120550] (px4_msgs) StdoutLine: {'line': b'-- Installing: /home/harsh/ros2_project/install/px4_msgs/lib/python3.12/site-packages/px4_msgs-2.0.1-py3.12.egg-info/PKG-INFO\n'}
[2.120731] (px4_msgs) StdoutLine: {'line': b'-- Installing: /home/harsh/ros2_project/install/px4_msgs/lib/python3.12/site-packages/px4_msgs-2.0.1-py3.12.egg-info/SOURCES.txt\n'}
[2.120819] (px4_msgs) StdoutLine: {'line': b'-- Installing: /home/harsh/ros2_project/install/px4_msgs/lib/python3.12/site-packages/px4_msgs-2.0.1-py3.12.egg-info/top_level.txt\n'}
[2.120903] (px4_msgs) StdoutLine: {'line': b'-- Installing: /home/harsh/ros2_project/install/px4_msgs/lib/python3.12/site-packages/px4_msgs-2.0.1-py3.12.egg-info/dependency_links.txt\n'}
[2.121002] (px4_msgs) StdoutLine: {'line': b'-- Up-to-date: /home/harsh/ros2_project/install/px4_msgs/lib/python3.12/site-packages/px4_msgs\n'}
[2.121118] (px4_msgs) StdoutLine: {'line': b'-- Up-to-date: /home/harsh/ros2_project/install/px4_msgs/lib/python3.12/site-packages/px4_msgs/px4_msgs_s__rosidl_typesupport_c.so\n'}
[2.121251] (px4_msgs) StdoutLine: {'line': b'-- Up-to-date: /home/harsh/ros2_project/install/px4_msgs/lib/python3.12/site-packages/px4_msgs/__init__.py\n'}
[2.121381] (px4_msgs) StdoutLine: {'line': b'-- Up-to-date: /home/harsh/ros2_project/install/px4_msgs/lib/python3.12/site-packages/px4_msgs/px4_msgs_s__rosidl_typesupport_fastrtps_c.so\n'}
[2.121491] (px4_msgs) StdoutLine: {'line': b'-- Up-to-date: /home/harsh/ros2_project/install/px4_msgs/lib/python3.12/site-packages/px4_msgs/px4_msgs_s__rosidl_typesupport_introspection_c.so\n'}
[2.121602] (px4_msgs) StdoutLine: {'line': b'-- Up-to-date: /home/harsh/ros2_project/install/px4_msgs/lib/python3.12/site-packages/px4_msgs/msg\n'}
[2.121761] (px4_msgs) StdoutLine: {'line': b'-- Up-to-date: /home/harsh/ros2_project/install/px4_msgs/lib/python3.12/site-packages/px4_msgs/msg/_battery_status_s.c\n'}
[2.121876] (px4_msgs) StdoutLine: {'line': b'-- Up-to-date: /home/harsh/ros2_project/install/px4_msgs/lib/python3.12/site-packages/px4_msgs/msg/_telemetry_status.py\n'}
[2.121976] (px4_msgs) StdoutLine: {'line': b'-- Up-to-date: /home/harsh/ros2_project/install/px4_msgs/lib/python3.12/site-packages/px4_msgs/msg/_vehicle_status.py\n'}
[2.122072] (px4_msgs) StdoutLine: {'line': b'-- Up-to-date: /home/harsh/ros2_project/install/px4_msgs/lib/python3.12/site-packages/px4_msgs/msg/_hover_thrust_estimate_s.c\n'}
[2.122178] (px4_msgs) StdoutLine: {'line': b'-- Up-to-date: /home/harsh/ros2_project/install/px4_msgs/lib/python3.12/site-packages/px4_msgs/msg/_timesync_status.py\n'}
[2.122298] (px4_msgs) StdoutLine: {'line': b'-- Up-to-date: /home/harsh/ros2_project/install/px4_msgs/lib/python3.12/site-packages/px4_msgs/msg/_telemetry_status_s.c\n'}
[2.122445] (px4_msgs) StdoutLine: {'line': b'-- Up-to-date: /home/harsh/ros2_project/install/px4_msgs/lib/python3.12/site-packages/px4_msgs/msg/_estimator_bias.py\n'}
[2.122541] (px4_msgs) StdoutLine: {'line': b'-- Up-to-date: /home/harsh/ros2_project/install/px4_msgs/lib/python3.12/site-packages/px4_msgs/msg/_mission_result.py\n'}
[2.122616] (px4_msgs) StdoutLine: {'line': b'-- Up-to-date: /home/harsh/ros2_project/install/px4_msgs/lib/python3.12/site-packages/px4_msgs/msg/_gpio_out_s.c\n'}
[2.122732] (px4_msgs) StdoutLine: {'line': b'-- Up-to-date: /home/harsh/ros2_project/install/px4_msgs/lib/python3.12/site-packages/px4_msgs/msg/_power_button_state.py\n'}
[2.122863] (px4_msgs) StdoutLine: {'line': b'-- Up-to-date: /home/harsh/ros2_project/install/px4_msgs/lib/python3.12/site-packages/px4_msgs/msg/_camera_capture.py\n'}
[2.122993] (px4_msgs) StdoutLine: {'line': b'-- Up-to-date: /home/harsh/ros2_project/install/px4_msgs/lib/python3.12/site-packages/px4_msgs/msg/_dataman_response.py\n'}
[2.123086] (px4_msgs) StdoutLine: {'line': b'-- Up-to-date: /home/harsh/ros2_project/install/px4_msgs/lib/python3.12/site-packages/px4_msgs/msg/_debug_array_s.c\n'}
[2.123179] (px4_msgs) StdoutLine: {'line': b'-- Up-to-date: /home/harsh/ros2_project/install/px4_msgs/lib/python3.12/site-packages/px4_msgs/msg/_esc_status.py\n'}
[2.123319] (px4_msgs) StdoutLine: {'line': b'-- Up-to-date: /home/harsh/ros2_project/install/px4_msgs/lib/python3.12/site-packages/px4_msgs/msg/_register_ext_component_request_s.c\n'}
[2.123432] (px4_msgs) StdoutLine: {'line': b'-- Up-to-date: /home/harsh/ros2_project/install/px4_msgs/lib/python3.12/site-packages/px4_msgs/msg/_goto_setpoint.py\n'}
[2.123532] (px4_msgs) StdoutLine: {'line': b'-- Up-to-date: /home/harsh/ros2_project/install/px4_msgs/lib/python3.12/site-packages/px4_msgs/msg/_iridiumsbd_status_s.c\n'}
[2.123628] (px4_msgs) StdoutLine: {'line': b'-- Up-to-date: /home/harsh/ros2_project/install/px4_msgs/lib/python3.12/site-packages/px4_msgs/msg/_ping_s.c\n'}
[2.123723] (px4_msgs) StdoutLine: {'line': b'-- Up-to-date: /home/harsh/ros2_project/install/px4_msgs/lib/python3.12/site-packages/px4_msgs/msg/_vehicle_magnetometer_s.c\n'}
[2.123814] (px4_msgs) StdoutLine: {'line': b'-- Up-to-date: /home/harsh/ros2_project/install/px4_msgs/lib/python3.12/site-packages/px4_msgs/msg/_timesync_status_s.c\n'}
[2.123908] (px4_msgs) StdoutLine: {'line': b'-- Up-to-date: /home/harsh/ros2_project/install/px4_msgs/lib/python3.12/site-packages/px4_msgs/msg/_estimator_sensor_bias.py\n'}
[2.124000] (px4_msgs) StdoutLine: {'line': b'-- Up-to-date: /home/harsh/ros2_project/install/px4_msgs/lib/python3.12/site-packages/px4_msgs/msg/_cellular_status_s.c\n'}
[2.124091] (px4_msgs) StdoutLine: {'line': b'-- Up-to-date: /home/harsh/ros2_project/install/px4_msgs/lib/python3.12/site-packages/px4_msgs/msg/_home_position.py\n'}
[2.124224] (px4_msgs) StdoutLine: {'line': b'-- Up-to-date: /home/harsh/ros2_project/install/px4_msgs/lib/python3.12/site-packages/px4_msgs/msg/_vehicle_optical_flow.py\n'}
[2.124322] (px4_msgs) StdoutLine: {'line': b'-- Up-to-date: /home/harsh/ros2_project/install/px4_msgs/lib/python3.12/site-packages/px4_msgs/msg/_qshell_req_s.c\n'}
[2.124400] (px4_msgs) StdoutLine: {'line': b'-- Up-to-date: /home/harsh/ros2_project/install/px4_msgs/lib/python3.12/site-packages/px4_msgs/msg/_sensor_optical_flow.py\n'}
[2.124476] (px4_msgs) StdoutLine: {'line': b'-- Up-to-date: /home/harsh/ros2_project/install/px4_msgs/lib/python3.12/site-packages/px4_msgs/msg/_generator_status_s.c\n'}
[2.124567] (px4_msgs) StdoutLine: {'line': b'-- Up-to-date: /home/harsh/ros2_project/install/px4_msgs/lib/python3.12/site-packages/px4_msgs/msg/_dataman_response_s.c\n'}
[2.124654] (px4_msgs) StdoutLine: {'line': b'-- Up-to-date: /home/harsh/ros2_project/install/px4_msgs/lib/python3.12/site-packages/px4_msgs/msg/_gimbal_controls_s.c\n'}
[2.124739] (px4_msgs) StdoutLine: {'line': b'-- Up-to-date: /home/harsh/ros2_project/install/px4_msgs/lib/python3.12/site-packages/px4_msgs/msg/_landing_target_pose.py\n'}
[2.124826] (px4_msgs) StdoutLine: {'line': b'-- Up-to-date: /home/harsh/ros2_project/install/px4_msgs/lib/python3.12/site-packages/px4_msgs/msg/_orb_test_medium.py\n'}
[2.124922] (px4_msgs) StdoutLine: {'line': b'-- Up-to-date: /home/harsh/ros2_project/install/px4_msgs/lib/python3.12/site-packages/px4_msgs/msg/_heater_status.py\n'}
[2.125011] (px4_msgs) StdoutLine: {'line': b'-- Up-to-date: /home/harsh/ros2_project/install/px4_msgs/lib/python3.12/site-packages/px4_msgs/msg/_wheel_encoders_s.c\n'}
[2.125101] (px4_msgs) StdoutLine: {'line': b'-- Up-to-date: /home/harsh/ros2_project/install/px4_msgs/lib/python3.12/site-packages/px4_msgs/msg/_estimator_sensor_bias_s.c\n'}
[2.125190] (px4_msgs) StdoutLine: {'line': b'-- Up-to-date: /home/harsh/ros2_project/install/px4_msgs/lib/python3.12/site-packages/px4_msgs/msg/_mag_worker_data_s.c\n'}
[2.125321] (px4_msgs) StdoutLine: {'line': b'-- Up-to-date: /home/harsh/ros2_project/install/px4_msgs/lib/python3.12/site-packages/px4_msgs/msg/_gimbal_manager_status.py\n'}
[2.125396] (px4_msgs) StdoutLine: {'line': b'-- Up-to-date: /home/harsh/ros2_project/install/px4_msgs/lib/python3.12/site-packages/px4_msgs/msg/_sensor_baro.py\n'}
[2.125465] (px4_msgs) StdoutLine: {'line': b'-- Up-to-date: /home/harsh/ros2_project/install/px4_msgs/lib/python3.12/site-packages/px4_msgs/msg/_vehicle_angular_acceleration_setpoint_s.c\n'}
[2.125533] (px4_msgs) StdoutLine: {'line': b'-- Up-to-date: /home/harsh/ros2_project/install/px4_msgs/lib/python3.12/site-packages/px4_msgs/msg/_vehicle_trajectory_bezier_s.c\n'}
[2.125628] (px4_msgs) StdoutLine: {'line': b'-- Up-to-date: /home/harsh/ros2_project/install/px4_msgs/lib/python3.12/site-packages/px4_msgs/msg/_tune_control.py\n'}
[2.125739] (px4_msgs) StdoutLine: {'line': b'-- Up-to-date: /home/harsh/ros2_project/install/px4_msgs/lib/python3.12/site-packages/px4_msgs/msg/_estimator_aid_source3d.py\n'}
[2.125811] (px4_msgs) StdoutLine: {'line': b'-- Up-to-date: /home/harsh/ros2_project/install/px4_msgs/lib/python3.12/site-packages/px4_msgs/msg/_vehicle_torque_setpoint.py\n'}
[2.125880] (px4_msgs) StdoutLine: {'line': b'-- Up-to-date: /home/harsh/ros2_project/install/px4_msgs/lib/python3.12/site-packages/px4_msgs/msg/_sensor_hygrometer.py\n'}
[2.125949] (px4_msgs) StdoutLine: {'line': b'-- Up-to-date: /home/harsh/ros2_project/install/px4_msgs/lib/python3.12/site-packages/px4_msgs/msg/_mavlink_log.py\n'}
[2.126017] (px4_msgs) StdoutLine: {'line': b'-- Up-to-date: /home/harsh/ros2_project/install/px4_msgs/lib/python3.12/site-packages/px4_msgs/msg/_vehicle_global_position.py\n'}
[2.126104] (px4_msgs) StdoutLine: {'line': b'-- Up-to-date: /home/harsh/ros2_project/install/px4_msgs/lib/python3.12/site-packages/px4_msgs/msg/_mode_completed_s.c\n'}
[2.126192] (px4_msgs) StdoutLine: {'line': b'-- Up-to-date: /home/harsh/ros2_project/install/px4_msgs/lib/python3.12/site-packages/px4_msgs/msg/_actuator_servos_trim.py\n'}
[2.126293] (px4_msgs) StdoutLine: {'line': b'-- Up-to-date: /home/harsh/ros2_project/install/px4_msgs/lib/python3.12/site-packages/px4_msgs/msg/_gpio_config_s.c\n'}
[2.126390] (px4_msgs) StdoutLine: {'line': b'-- Up-to-date: /home/harsh/ros2_project/install/px4_msgs/lib/python3.12/site-packages/px4_msgs/msg/_gimbal_device_set_attitude_s.c\n'}
[2.126478] (px4_msgs) StdoutLine: {'line': b'-- Up-to-date: /home/harsh/ros2_project/install/px4_msgs/lib/python3.12/site-packages/px4_msgs/msg/_debug_vect.py\n'}
[2.126564] (px4_msgs) StdoutLine: {'line': b'-- Up-to-date: /home/harsh/ros2_project/install/px4_msgs/lib/python3.12/site-packages/px4_msgs/msg/_mag_worker_data.py\n'}
[2.126650] (px4_msgs) StdoutLine: {'line': b'-- Up-to-date: /home/harsh/ros2_project/install/px4_msgs/lib/python3.12/site-packages/px4_msgs/msg/_rpm_s.c\n'}
[2.126735] (px4_msgs) StdoutLine: {'line': b'-- Up-to-date: /home/harsh/ros2_project/install/px4_msgs/lib/python3.12/site-packages/px4_msgs/msg/_gpio_out.py\n'}
[2.126821] (px4_msgs) StdoutLine: {'line': b'-- Up-to-date: /home/harsh/ros2_project/install/px4_msgs/lib/python3.12/site-packages/px4_msgs/msg/_vehicle_local_position.py\n'}
[2.126905] (px4_msgs) StdoutLine: {'line': b'-- Up-to-date: /home/harsh/ros2_project/install/px4_msgs/lib/python3.12/site-packages/px4_msgs/msg/_iridiumsbd_status.py\n'}
[2.127033] (px4_msgs) StdoutLine: {'line': b'-- Up-to-date: /home/harsh/ros2_project/install/px4_msgs/lib/python3.12/site-packages/px4_msgs/msg/_estimator_innovations.py\n'}
[2.127126] (px4_msgs) StdoutLine: {'line': b'-- Up-to-date: /home/harsh/ros2_project/install/px4_msgs/lib/python3.12/site-packages/px4_msgs/msg/_collision_constraints_s.c\n'}
[2.127217] (px4_msgs) StdoutLine: {'line': b'-- Up-to-date: /home/harsh/ros2_project/install/px4_msgs/lib/python3.12/site-packages/px4_msgs/msg/_estimator_event_flags.py\n'}
[2.127318] (px4_msgs) StdoutLine: {'line': b'-- Up-to-date: /home/harsh/ros2_project/install/px4_msgs/lib/python3.12/site-packages/px4_msgs/msg/_uavcan_parameter_request_s.c\n'}
[2.127408] (px4_msgs) StdoutLine: {'line': b'-- Up-to-date: /home/harsh/ros2_project/install/px4_msgs/lib/python3.12/site-packages/px4_msgs/msg/_sensor_combined_s.c\n'}
[2.127501] (px4_msgs) StdoutLine: {'line': b'-- Up-to-date: /home/harsh/ros2_project/install/px4_msgs/lib/python3.12/site-packages/px4_msgs/msg/_esc_status_s.c\n'}
[2.127590] (px4_msgs) StdoutLine: {'line': b'-- Up-to-date: /home/harsh/ros2_project/install/px4_msgs/lib/python3.12/site-packages/px4_msgs/msg/_action_request_s.c\n'}
[2.127675] (px4_msgs) StdoutLine: {'line': b'-- Up-to-date: /home/harsh/ros2_project/install/px4_msgs/lib/python3.12/site-packages/px4_msgs/msg/_gimbal_manager_set_manual_control_s.c\n'}
[2.127788] (px4_msgs) StdoutLine: {'line': b'-- Up-to-date: /home/harsh/ros2_project/install/px4_msgs/lib/python3.12/site-packages/px4_msgs/msg/_ekf2_timestamps_s.c\n'}
[2.127862] (px4_msgs) StdoutLine: {'line': b'-- Up-to-date: /home/harsh/ros2_project/install/px4_msgs/lib/python3.12/site-packages/px4_msgs/msg/_config_overrides_s.c\n'}
[2.127952] (px4_msgs) StdoutLine: {'line': b'-- Up-to-date: /home/harsh/ros2_project/install/px4_msgs/lib/python3.12/site-packages/px4_msgs/msg/_parameter_set_value_response_s.c\n'}
[2.128041] (px4_msgs) StdoutLine: {'line': b'-- Up-to-date: /home/harsh/ros2_project/install/px4_msgs/lib/python3.12/site-packages/px4_msgs/msg/_sensor_gyro_fifo_s.c\n'}
[2.128130] (px4_msgs) StdoutLine: {'line': b'-- Up-to-date: /home/harsh/ros2_project/install/px4_msgs/lib/python3.12/site-packages/px4_msgs/msg/_figure_eight_status_s.c\n'}
[2.128221] (px4_msgs) StdoutLine: {'line': b'-- Up-to-date: /home/harsh/ros2_project/install/px4_msgs/lib/python3.12/site-packages/px4_msgs/msg/_gpio_in_s.c\n'}
[2.128323] (px4_msgs) StdoutLine: {'line': b'-- Up-to-date: /home/harsh/ros2_project/install/px4_msgs/lib/python3.12/site-packages/px4_msgs/msg/_autotune_attitude_control_status.py\n'}
[2.128411] (px4_msgs) StdoutLine: {'line': b'-- Up-to-date: /home/harsh/ros2_project/install/px4_msgs/lib/python3.12/site-packages/px4_msgs/msg/_gpio_config.py\n'}
[2.128497] (px4_msgs) StdoutLine: {'line': b'-- Up-to-date: /home/harsh/ros2_project/install/px4_msgs/lib/python3.12/site-packages/px4_msgs/msg/_sensor_mag_s.c\n'}
[2.128583] (px4_msgs) StdoutLine: {'line': b'-- Up-to-date: /home/harsh/ros2_project/install/px4_msgs/lib/python3.12/site-packages/px4_msgs/msg/_internal_combustion_engine_status.py\n'}
[2.128667] (px4_msgs) StdoutLine: {'line': b'-- Up-to-date: /home/harsh/ros2_project/install/px4_msgs/lib/python3.12/site-packages/px4_msgs/msg/_vehicle_attitude_setpoint.py\n'}
[2.128790] (px4_msgs) StdoutLine: {'line': b'-- Up-to-date: /home/harsh/ros2_project/install/px4_msgs/lib/python3.12/site-packages/px4_msgs/msg/_buffer128.py\n'}
[2.128864] (px4_msgs) StdoutLine: {'line': b'-- Up-to-date: /home/harsh/ros2_project/install/px4_msgs/lib/python3.12/site-packages/px4_msgs/msg/_sensor_gyro_fifo.py\n'}
[2.128928] (px4_msgs) StdoutLine: {'line': b'-- Up-to-date: /home/harsh/ros2_project/install/px4_msgs/lib/python3.12/site-packages/px4_msgs/msg/_transponder_report_s.c\n'}
[2.128994] (px4_msgs) StdoutLine: {'line': b'-- Up-to-date: /home/harsh/ros2_project/install/px4_msgs/lib/python3.12/site-packages/px4_msgs/msg/_adc_report.py\n'}
[2.129074] (px4_msgs) StdoutLine: {'line': b'-- Up-to-date: /home/harsh/ros2_project/install/px4_msgs/lib/python3.12/site-packages/px4_msgs/msg/_rc_channels.py\n'}
[2.129156] (px4_msgs) StdoutLine: {'line': b'-- Up-to-date: /home/harsh/ros2_project/install/px4_msgs/lib/python3.12/site-packages/px4_msgs/msg/_trajectory_waypoint.py\n'}
[2.129241] (px4_msgs) StdoutLine: {'line': b'-- Up-to-date: /home/harsh/ros2_project/install/px4_msgs/lib/python3.12/site-packages/px4_msgs/msg/_vehicle_land_detected_s.c\n'}
[2.129327] (px4_msgs) StdoutLine: {'line': b'-- Up-to-date: /home/harsh/ros2_project/install/px4_msgs/lib/python3.12/site-packages/px4_msgs/msg/_ping.py\n'}
[2.129406] (px4_msgs) StdoutLine: {'line': b'-- Up-to-date: /home/harsh/ros2_project/install/px4_msgs/lib/python3.12/site-packages/px4_msgs/msg/_launch_detection_status.py\n'}
[2.129490] (px4_msgs) StdoutLine: {'line': b'-- Up-to-date: /home/harsh/ros2_project/install/px4_msgs/lib/python3.12/site-packages/px4_msgs/msg/_obstacle_distance_s.c\n'}
[2.129570] (px4_msgs) StdoutLine: {'line': b'-- Up-to-date: /home/harsh/ros2_project/install/px4_msgs/lib/python3.12/site-packages/px4_msgs/msg/_log_message_s.c\n'}
[2.129648] (px4_msgs) StdoutLine: {'line': b'-- Up-to-date: /home/harsh/ros2_project/install/px4_msgs/lib/python3.12/site-packages/px4_msgs/msg/_sensor_accel_fifo_s.c\n'}
[2.129758] (px4_msgs) StdoutLine: {'line': b'-- Up-to-date: /home/harsh/ros2_project/install/px4_msgs/lib/python3.12/site-packages/px4_msgs/msg/_mission_result_s.c\n'}
[2.129834] (px4_msgs) StdoutLine: {'line': b'-- Up-to-date: /home/harsh/ros2_project/install/px4_msgs/lib/python3.12/site-packages/px4_msgs/msg/_tecs_status.py\n'}
[2.129897] (px4_msgs) StdoutLine: {'line': b'-- Up-to-date: /home/harsh/ros2_project/install/px4_msgs/lib/python3.12/site-packages/px4_msgs/msg/_position_controller_status_s.c\n'}
[2.129959] (px4_msgs) StdoutLine: {'line': b'-- Up-to-date: /home/harsh/ros2_project/install/px4_msgs/lib/python3.12/site-packages/px4_msgs/msg/_vehicle_imu_status_s.c\n'}
[2.130020] (px4_msgs) StdoutLine: {'line': b'-- Up-to-date: /home/harsh/ros2_project/install/px4_msgs/lib/python3.12/site-packages/px4_msgs/msg/_orb_test_medium_s.c\n'}
[2.130079] (px4_msgs) StdoutLine: {'line': b'-- Up-to-date: /home/harsh/ros2_project/install/px4_msgs/lib/python3.12/site-packages/px4_msgs/msg/_estimator_aid_source3d_s.c\n'}
[2.130158] (px4_msgs) StdoutLine: {'line': b'-- Up-to-date: /home/harsh/ros2_project/install/px4_msgs/lib/python3.12/site-packages/px4_msgs/msg/_control_allocator_status_s.c\n'}
[2.130241] (px4_msgs) StdoutLine: {'line': b'-- Up-to-date: /home/harsh/ros2_project/install/px4_msgs/lib/python3.12/site-packages/px4_msgs/msg/_sensor_selection.py\n'}
[2.130315] (px4_msgs) StdoutLine: {'line': b'-- Up-to-date: /home/harsh/ros2_project/install/px4_msgs/lib/python3.12/site-packages/px4_msgs/msg/_flight_phase_estimation_s.c\n'}
[2.130384] (px4_msgs) StdoutLine: {'line': b'-- Up-to-date: /home/harsh/ros2_project/install/px4_msgs/lib/python3.12/site-packages/px4_msgs/msg/_trajectory_bezier_s.c\n'}
[2.130455] (px4_msgs) StdoutLine: {'line': b'-- Up-to-date: /home/harsh/ros2_project/install/px4_msgs/lib/python3.12/site-packages/px4_msgs/msg/_camera_status_s.c\n'}
[2.130526] (px4_msgs) StdoutLine: {'line': b'-- Up-to-date: /home/harsh/ros2_project/install/px4_msgs/lib/python3.12/site-packages/px4_msgs/msg/_vehicle_optical_flow_s.c\n'}
[2.130596] (px4_msgs) StdoutLine: {'line': b'-- Up-to-date: /home/harsh/ros2_project/install/px4_msgs/lib/python3.12/site-packages/px4_msgs/msg/_estimator_status.py\n'}
[2.130665] (px4_msgs) StdoutLine: {'line': b'-- Up-to-date: /home/harsh/ros2_project/install/px4_msgs/lib/python3.12/site-packages/px4_msgs/msg/_collision_constraints.py\n'}
[2.130733] (px4_msgs) StdoutLine: {'line': b'-- Up-to-date: /home/harsh/ros2_project/install/px4_msgs/lib/python3.12/site-packages/px4_msgs/msg/_can_interface_status.py\n'}
[2.130800] (px4_msgs) StdoutLine: {'line': b'-- Up-to-date: /home/harsh/ros2_project/install/px4_msgs/lib/python3.12/site-packages/px4_msgs/msg/_gripper_s.c\n'}
[2.130867] (px4_msgs) StdoutLine: {'line': b'-- Up-to-date: /home/harsh/ros2_project/install/px4_msgs/lib/python3.12/site-packages/px4_msgs/msg/_estimator_gps_status.py\n'}
[2.130935] (px4_msgs) StdoutLine: {'line': b'-- Up-to-date: /home/harsh/ros2_project/install/px4_msgs/lib/python3.12/site-packages/px4_msgs/msg/_position_controller_landing_status.py\n'}
[2.131003] (px4_msgs) StdoutLine: {'line': b'-- Up-to-date: /home/harsh/ros2_project/install/px4_msgs/lib/python3.12/site-packages/px4_msgs/msg/__init__.py\n'}
[2.131070] (px4_msgs) StdoutLine: {'line': b'-- Up-to-date: /home/harsh/ros2_project/install/px4_msgs/lib/python3.12/site-packages/px4_msgs/msg/_figure_eight_status.py\n'}
[2.131138] (px4_msgs) StdoutLine: {'line': b'-- Up-to-date: /home/harsh/ros2_project/install/px4_msgs/lib/python3.12/site-packages/px4_msgs/msg/_npfg_status.py\n'}
[2.131245] (px4_msgs) StdoutLine: {'line': b'-- Up-to-date: /home/harsh/ros2_project/install/px4_msgs/lib/python3.12/site-packages/px4_msgs/msg/_power_monitor.py\n'}
[2.131310] (px4_msgs) StdoutLine: {'line': b'-- Up-to-date: /home/harsh/ros2_project/install/px4_msgs/lib/python3.12/site-packages/px4_msgs/msg/_tiltrotor_extra_controls_s.c\n'}
[2.131365] (px4_msgs) StdoutLine: {'line': b'-- Up-to-date: /home/harsh/ros2_project/install/px4_msgs/lib/python3.12/site-packages/px4_msgs/msg/_mission_s.c\n'}
[2.131418] (px4_msgs) StdoutLine: {'line': b'-- Up-to-date: /home/harsh/ros2_project/install/px4_msgs/lib/python3.12/site-packages/px4_msgs/msg/_flight_phase_estimation.py\n'}
[2.131474] (px4_msgs) StdoutLine: {'line': b'-- Up-to-date: /home/harsh/ros2_project/install/px4_msgs/lib/python3.12/site-packages/px4_msgs/msg/_debug_value.py\n'}
[2.131528] (px4_msgs) StdoutLine: {'line': b'-- Up-to-date: /home/harsh/ros2_project/install/px4_msgs/lib/python3.12/site-packages/px4_msgs/msg/_vehicle_local_position_setpoint_s.c\n'}
[2.131581] (px4_msgs) StdoutLine: {'line': b'-- Up-to-date: /home/harsh/ros2_project/install/px4_msgs/lib/python3.12/site-packages/px4_msgs/msg/_rc_parameter_map_s.c\n'}
[2.131634] (px4_msgs) StdoutLine: {'line': b'-- Up-to-date: /home/harsh/ros2_project/install/px4_msgs/lib/python3.12/site-packages/px4_msgs/msg/_wind_s.c\n'}
[2.131685] (px4_msgs) StdoutLine: {'line': b'-- Up-to-date: /home/harsh/ros2_project/install/px4_msgs/lib/python3.12/site-packages/px4_msgs/msg/_tiltrotor_extra_controls.py\n'}
[2.131735] (px4_msgs) StdoutLine: {'line': b'-- Up-to-date: /home/harsh/ros2_project/install/px4_msgs/lib/python3.12/site-packages/px4_msgs/msg/_vehicle_thrust_setpoint.py\n'}
[2.131789] (px4_msgs) StdoutLine: {'line': b'-- Up-to-date: /home/harsh/ros2_project/install/px4_msgs/lib/python3.12/site-packages/px4_msgs/msg/_esc_report_s.c\n'}
[2.131841] (px4_msgs) StdoutLine: {'line': b'-- Up-to-date: /home/harsh/ros2_project/install/px4_msgs/lib/python3.12/site-packages/px4_msgs/msg/_collision_report_s.c\n'}
[2.131891] (px4_msgs) StdoutLine: {'line': b'-- Up-to-date: /home/harsh/ros2_project/install/px4_msgs/lib/python3.12/site-packages/px4_msgs/msg/_register_ext_component_request.py\n'}
[2.131944] (px4_msgs) StdoutLine: {'line': b'-- Up-to-date: /home/harsh/ros2_project/install/px4_msgs/lib/python3.12/site-packages/px4_msgs/msg/_debug_key_value.py\n'}
[2.131994] (px4_msgs) StdoutLine: {'line': b'-- Up-to-date: /home/harsh/ros2_project/install/px4_msgs/lib/python3.12/site-packages/px4_msgs/msg/_register_ext_component_reply.py\n'}
[2.132046] (px4_msgs) StdoutLine: {'line': b'-- Up-to-date: /home/harsh/ros2_project/install/px4_msgs/lib/python3.12/site-packages/px4_msgs/msg/_geofence_result.py\n'}
[2.132099] (px4_msgs) StdoutLine: {'line': b'-- Up-to-date: /home/harsh/ros2_project/install/px4_msgs/lib/python3.12/site-packages/px4_msgs/msg/_differential_drive_setpoint_s.c\n'}
[2.132149] (px4_msgs) StdoutLine: {'line': b'-- Up-to-date: /home/harsh/ros2_project/install/px4_msgs/lib/python3.12/site-packages/px4_msgs/msg/_gimbal_manager_set_attitude_s.c\n'}
[2.132199] (px4_msgs) StdoutLine: {'line': b'-- Up-to-date: /home/harsh/ros2_project/install/px4_msgs/lib/python3.12/site-packages/px4_msgs/msg/_camera_status.py\n'}
[2.132266] (px4_msgs) StdoutLine: {'line': b'-- Up-to-date: /home/harsh/ros2_project/install/px4_msgs/lib/python3.12/site-packages/px4_msgs/msg/_actuator_test.py\n'}
[2.132320] (px4_msgs) StdoutLine: {'line': b'-- Up-to-date: /home/harsh/ros2_project/install/px4_msgs/lib/python3.12/site-packages/px4_msgs/msg/_led_control_s.c\n'}
[2.132370] (px4_msgs) StdoutLine: {'line': b'-- Up-to-date: /home/harsh/ros2_project/install/px4_msgs/lib/python3.12/site-packages/px4_msgs/msg/_vehicle_acceleration_s.c\n'}
[2.132432] (px4_msgs) StdoutLine: {'line': b'-- Up-to-date: /home/harsh/ros2_project/install/px4_msgs/lib/python3.12/site-packages/px4_msgs/msg/_vehicle_optical_flow_vel_s.c\n'}
[2.132494] (px4_msgs) StdoutLine: {'line': b'-- Up-to-date: /home/harsh/ros2_project/install/px4_msgs/lib/python3.12/site-packages/px4_msgs/msg/_task_stack_info.py\n'}
[2.132547] (px4_msgs) StdoutLine: {'line': b'-- Up-to-date: /home/harsh/ros2_project/install/px4_msgs/lib/python3.12/site-packages/px4_msgs/msg/_gimbal_device_information.py\n'}
[2.132600] (px4_msgs) StdoutLine: {'line': b'-- Up-to-date: /home/harsh/ros2_project/install/px4_msgs/lib/python3.12/site-packages/px4_msgs/msg/_gimbal_manager_set_manual_control.py\n'}
[2.132652] (px4_msgs) StdoutLine: {'line': b'-- Up-to-date: /home/harsh/ros2_project/install/px4_msgs/lib/python3.12/site-packages/px4_msgs/msg/_rc_parameter_map.py\n'}
[2.132713] (px4_msgs) StdoutLine: {'line': b'-- Up-to-date: /home/harsh/ros2_project/install/px4_msgs/lib/python3.12/site-packages/px4_msgs/msg/_rc_channels_s.c\n'}
[2.132799] (px4_msgs) StdoutLine: {'line': b'-- Up-to-date: /home/harsh/ros2_project/install/px4_msgs/lib/python3.12/site-packages/px4_msgs/msg/_geofence_status_s.c\n'}
[2.132881] (px4_msgs) StdoutLine: {'line': b'-- Up-to-date: /home/harsh/ros2_project/install/px4_msgs/lib/python3.12/site-packages/px4_msgs/msg/_parameter_reset_request.py\n'}
[2.132957] (px4_msgs) StdoutLine: {'line': b'-- Up-to-date: /home/harsh/ros2_project/install/px4_msgs/lib/python3.12/site-packages/px4_msgs/msg/_follow_target.py\n'}
[2.133036] (px4_msgs) StdoutLine: {'line': b'-- Up-to-date: /home/harsh/ros2_project/install/px4_msgs/lib/python3.12/site-packages/px4_msgs/msg/_mavlink_tunnel_s.c\n'}
[2.133115] (px4_msgs) StdoutLine: {'line': b'-- Up-to-date: /home/harsh/ros2_project/install/px4_msgs/lib/python3.12/site-packages/px4_msgs/msg/_velocity_limits_s.c\n'}
[2.133190] (px4_msgs) StdoutLine: {'line': b'-- Up-to-date: /home/harsh/ros2_project/install/px4_msgs/lib/python3.12/site-packages/px4_msgs/msg/_vehicle_optical_flow_vel.py\n'}
[2.133282] (px4_msgs) StdoutLine: {'line': b'-- Up-to-date: /home/harsh/ros2_project/install/px4_msgs/lib/python3.12/site-packages/px4_msgs/msg/_vehicle_angular_acceleration_setpoint.py\n'}
[2.133366] (px4_msgs) StdoutLine: {'line': b'-- Up-to-date: /home/harsh/ros2_project/install/px4_msgs/lib/python3.12/site-packages/px4_msgs/msg/_vehicle_constraints_s.c\n'}
[2.133447] (px4_msgs) StdoutLine: {'line': b'-- Up-to-date: /home/harsh/ros2_project/install/px4_msgs/lib/python3.12/site-packages/px4_msgs/msg/_mount_orientation_s.c\n'}
[2.133528] (px4_msgs) StdoutLine: {'line': b'-- Up-to-date: /home/harsh/ros2_project/install/px4_msgs/lib/python3.12/site-packages/px4_msgs/msg/_position_setpoint_s.c\n'}
[2.133609] (px4_msgs) StdoutLine: {'line': b'-- Up-to-date: /home/harsh/ros2_project/install/px4_msgs/lib/python3.12/site-packages/px4_msgs/msg/_gps_dump.py\n'}
[2.133672] (px4_msgs) StdoutLine: {'line': b'-- Up-to-date: /home/harsh/ros2_project/install/px4_msgs/lib/python3.12/site-packages/px4_msgs/msg/_vehicle_odometry_s.c\n'}
[2.133727] (px4_msgs) StdoutLine: {'line': b'-- Up-to-date: /home/harsh/ros2_project/install/px4_msgs/lib/python3.12/site-packages/px4_msgs/msg/_arming_check_request.py\n'}
[2.133783] (px4_msgs) StdoutLine: {'line': b'-- Up-to-date: /home/harsh/ros2_project/install/px4_msgs/lib/python3.12/site-packages/px4_msgs/msg/_uavcan_parameter_value.py\n'}
[2.133842] (px4_msgs) StdoutLine: {'line': b'-- Up-to-date: /home/harsh/ros2_project/install/px4_msgs/lib/python3.12/site-packages/px4_msgs/msg/_vehicle_odometry.py\n'}
[2.133896] (px4_msgs) StdoutLine: {'line': b'-- Up-to-date: /home/harsh/ros2_project/install/px4_msgs/lib/python3.12/site-packages/px4_msgs/msg/_sensors_status.py\n'}
[2.133949] (px4_msgs) StdoutLine: {'line': b'-- Up-to-date: /home/harsh/ros2_project/install/px4_msgs/lib/python3.12/site-packages/px4_msgs/msg/_trajectory_waypoint_s.c\n'}
[2.134002] (px4_msgs) StdoutLine: {'line': b'-- Up-to-date: /home/harsh/ros2_project/install/px4_msgs/lib/python3.12/site-packages/px4_msgs/msg/_vehicle_air_data.py\n'}
[2.134054] (px4_msgs) StdoutLine: {'line': b'-- Up-to-date: /home/harsh/ros2_project/install/px4_msgs/lib/python3.12/site-packages/px4_msgs/msg/_gimbal_manager_information.py\n'}
[2.134105] (px4_msgs) StdoutLine: {'line': b'-- Up-to-date: /home/harsh/ros2_project/install/px4_msgs/lib/python3.12/site-packages/px4_msgs/msg/_sensor_correction.py\n'}
[2.134156] (px4_msgs) StdoutLine: {'line': b'-- Up-to-date: /home/harsh/ros2_project/install/px4_msgs/lib/python3.12/site-packages/px4_msgs/msg/_sensors_status_imu.py\n'}
[2.134207] (px4_msgs) StdoutLine: {'line': b'-- Up-to-date: /home/harsh/ros2_project/install/px4_msgs/lib/python3.12/site-packages/px4_msgs/msg/_estimator_innovations_s.c\n'}
[2.134269] (px4_msgs) StdoutLine: {'line': b'-- Up-to-date: /home/harsh/ros2_project/install/px4_msgs/lib/python3.12/site-packages/px4_msgs/msg/_sensor_airflow_s.c\n'}
[2.134323] (px4_msgs) StdoutLine: {'line': b'-- Up-to-date: /home/harsh/ros2_project/install/px4_msgs/lib/python3.12/site-packages/px4_msgs/msg/_message_format_response.py\n'}
[2.134378] (px4_msgs) StdoutLine: {'line': b'-- Up-to-date: /home/harsh/ros2_project/install/px4_msgs/lib/python3.12/site-packages/px4_msgs/msg/_vehicle_attitude.py\n'}
[2.134431] (px4_msgs) StdoutLine: {'line': b'-- Up-to-date: /home/harsh/ros2_project/install/px4_msgs/lib/python3.12/site-packages/px4_msgs/msg/_camera_capture_s.c\n'}
[2.134486] (px4_msgs) StdoutLine: {'line': b'-- Up-to-date: /home/harsh/ros2_project/install/px4_msgs/lib/python3.12/site-packages/px4_msgs/msg/_estimator_aid_source1d.py\n'}
[2.134540] (px4_msgs) StdoutLine: {'line': b'-- Up-to-date: /home/harsh/ros2_project/install/px4_msgs/lib/python3.12/site-packages/px4_msgs/msg/_wind.py\n'}
[2.134593] (px4_msgs) StdoutLine: {'line': b'-- Up-to-date: /home/harsh/ros2_project/install/px4_msgs/lib/python3.12/site-packages/px4_msgs/msg/_buffer128_s.c\n'}
[2.134656] (px4_msgs) StdoutLine: {'line': b'-- Up-to-date: /home/harsh/ros2_project/install/px4_msgs/lib/python3.12/site-packages/px4_msgs/msg/_normalized_unsigned_setpoint_s.c\n'}
[2.134720] (px4_msgs) StdoutLine: {'line': b'-- Up-to-date: /home/harsh/ros2_project/install/px4_msgs/lib/python3.12/site-packages/px4_msgs/msg/_gimbal_manager_information_s.c\n'}
[2.134775] (px4_msgs) StdoutLine: {'line': b'-- Up-to-date: /home/harsh/ros2_project/install/px4_msgs/lib/python3.12/site-packages/px4_msgs/msg/_arming_check_reply_s.c\n'}
[2.134828] (px4_msgs) StdoutLine: {'line': b'-- Up-to-date: /home/harsh/ros2_project/install/px4_msgs/lib/python3.12/site-packages/px4_msgs/msg/_button_event_s.c\n'}
[2.134881] (px4_msgs) StdoutLine: {'line': b'-- Up-to-date: /home/harsh/ros2_project/install/px4_msgs/lib/python3.12/site-packages/px4_msgs/msg/_vehicle_attitude_s.c\n'}
[2.134932] (px4_msgs) StdoutLine: {'line': b'-- Up-to-date: /home/harsh/ros2_project/install/px4_msgs/lib/python3.12/site-packages/px4_msgs/msg/_vehicle_land_detected.py\n'}
[2.134983] (px4_msgs) StdoutLine: {'line': b'-- Up-to-date: /home/harsh/ros2_project/install/px4_msgs/lib/python3.12/site-packages/px4_msgs/msg/_airspeed_validated.py\n'}
[2.135035] (px4_msgs) StdoutLine: {'line': b'-- Up-to-date: /home/harsh/ros2_project/install/px4_msgs/lib/python3.12/site-packages/px4_msgs/msg/_rtl_time_estimate_s.c\n'}
[2.135088] (px4_msgs) StdoutLine: {'line': b'-- Up-to-date: /home/harsh/ros2_project/install/px4_msgs/lib/python3.12/site-packages/px4_msgs/msg/_esc_report.py\n'}
[2.135142] (px4_msgs) StdoutLine: {'line': b'-- Up-to-date: /home/harsh/ros2_project/install/px4_msgs/lib/python3.12/site-packages/px4_msgs/msg/_vehicle_imu_s.c\n'}
[2.135200] (px4_msgs) StdoutLine: {'line': b'-- Up-to-date: /home/harsh/ros2_project/install/px4_msgs/lib/python3.12/site-packages/px4_msgs/msg/_differential_drive_setpoint.py\n'}
[2.135265] (px4_msgs) StdoutLine: {'line': b'-- Up-to-date: /home/harsh/ros2_project/install/px4_msgs/lib/python3.12/site-packages/px4_msgs/msg/_gimbal_manager_set_attitude.py\n'}
[2.135319] (px4_msgs) StdoutLine: {'line': b'-- Up-to-date: /home/harsh/ros2_project/install/px4_msgs/lib/python3.12/site-packages/px4_msgs/msg/_manual_control_setpoint_s.c\n'}
[2.135372] (px4_msgs) StdoutLine: {'line': b'-- Up-to-date: /home/harsh/ros2_project/install/px4_msgs/lib/python3.12/site-packages/px4_msgs/msg/_vehicle_local_position_setpoint.py\n'}
[2.135425] (px4_msgs) StdoutLine: {'line': b'-- Up-to-date: /home/harsh/ros2_project/install/px4_msgs/lib/python3.12/site-packages/px4_msgs/msg/_failure_detector_status.py\n'}
[2.135481] (px4_msgs) StdoutLine: {'line': b'-- Up-to-date: /home/harsh/ros2_project/install/px4_msgs/lib/python3.12/site-packages/px4_msgs/msg/_manual_control_setpoint.py\n'}
[2.135541] (px4_msgs) StdoutLine: {'line': b'-- Up-to-date: /home/harsh/ros2_project/install/px4_msgs/lib/python3.12/site-packages/px4_msgs/msg/_qshell_retval.py\n'}
[2.135601] (px4_msgs) StdoutLine: {'line': b'-- Up-to-date: /home/harsh/ros2_project/install/px4_msgs/lib/python3.12/site-packages/px4_msgs/msg/_sensors_status_imu_s.c\n'}
[2.135661] (px4_msgs) StdoutLine: {'line': b'-- Up-to-date: /home/harsh/ros2_project/install/px4_msgs/lib/python3.12/site-packages/px4_msgs/msg/_sensor_preflight_mag_s.c\n'}
[2.135720] (px4_msgs) StdoutLine: {'line': b'-- Up-to-date: /home/harsh/ros2_project/install/px4_msgs/lib/python3.12/site-packages/px4_msgs/msg/_vehicle_constraints.py\n'}
[2.135780] (px4_msgs) StdoutLine: {'line': b'-- Up-to-date: /home/harsh/ros2_project/install/px4_msgs/lib/python3.12/site-packages/px4_msgs/msg/_vehicle_roi.py\n'}
[2.135839] (px4_msgs) StdoutLine: {'line': b'-- Up-to-date: /home/harsh/ros2_project/install/px4_msgs/lib/python3.12/site-packages/px4_msgs/msg/_sensor_optical_flow_s.c\n'}
[2.135899] (px4_msgs) StdoutLine: {'line': b'-- Up-to-date: /home/harsh/ros2_project/install/px4_msgs/lib/python3.12/site-packages/px4_msgs/msg/_offboard_control_mode.py\n'}
[2.135957] (px4_msgs) StdoutLine: {'line': b'-- Up-to-date: /home/harsh/ros2_project/install/px4_msgs/lib/python3.12/site-packages/px4_msgs/msg/_actuator_controls_status_s.c\n'}
[2.136016] (px4_msgs) StdoutLine: {'line': b'-- Up-to-date: /home/harsh/ros2_project/install/px4_msgs/lib/python3.12/site-packages/px4_msgs/msg/_actuator_controls_status.py\n'}
[2.136072] (px4_msgs) StdoutLine: {'line': b'-- Up-to-date: /home/harsh/ros2_project/install/px4_msgs/lib/python3.12/site-packages/px4_msgs/msg/_ulog_stream_ack_s.c\n'}
[2.136130] (px4_msgs) StdoutLine: {'line': b'-- Up-to-date: /home/harsh/ros2_project/install/px4_msgs/lib/python3.12/site-packages/px4_msgs/msg/_geofence_status.py\n'}
[2.136187] (px4_msgs) StdoutLine: {'line': b'-- Up-to-date: /home/harsh/ros2_project/install/px4_msgs/lib/python3.12/site-packages/px4_msgs/msg/_rate_ctrl_status.py\n'}
[2.136262] (px4_msgs) StdoutLine: {'line': b'-- Up-to-date: /home/harsh/ros2_project/install/px4_msgs/lib/python3.12/site-packages/px4_msgs/msg/_system_power_s.c\n'}
[2.136332] (px4_msgs) StdoutLine: {'line': b'-- Up-to-date: /home/harsh/ros2_project/install/px4_msgs/lib/python3.12/site-packages/px4_msgs/msg/_dataman_request_s.c\n'}
[2.136390] (px4_msgs) StdoutLine: {'line': b'-- Up-to-date: /home/harsh/ros2_project/install/px4_msgs/lib/python3.12/site-packages/px4_msgs/msg/_button_event.py\n'}
[2.136447] (px4_msgs) StdoutLine: {'line': b'-- Up-to-date: /home/harsh/ros2_project/install/px4_msgs/lib/python3.12/site-packages/px4_msgs/msg/_vehicle_rates_setpoint_s.c\n'}
[2.136506] (px4_msgs) StdoutLine: {'line': b'-- Up-to-date: /home/harsh/ros2_project/install/px4_msgs/lib/python3.12/site-packages/px4_msgs/msg/_px4io_status.py\n'}
[2.136565] (px4_msgs) StdoutLine: {'line': b'-- Up-to-date: /home/harsh/ros2_project/install/px4_msgs/lib/python3.12/site-packages/px4_msgs/msg/_arming_check_request_s.c\n'}
[2.136622] (px4_msgs) StdoutLine: {'line': b'-- Up-to-date: /home/harsh/ros2_project/install/px4_msgs/lib/python3.12/site-packages/px4_msgs/msg/_sensor_hygrometer_s.c\n'}
[2.136679] (px4_msgs) StdoutLine: {'line': b'-- Up-to-date: /home/harsh/ros2_project/install/px4_msgs/lib/python3.12/site-packages/px4_msgs/msg/_landing_gear_s.c\n'}
[2.136735] (px4_msgs) StdoutLine: {'line': b'-- Up-to-date: /home/harsh/ros2_project/install/px4_msgs/lib/python3.12/site-packages/px4_msgs/msg/_vehicle_roi_s.c\n'}
[2.136792] (px4_msgs) StdoutLine: {'line': b'-- Up-to-date: /home/harsh/ros2_project/install/px4_msgs/lib/python3.12/site-packages/px4_msgs/msg/_failsafe_flags_s.c\n'}
[2.136848] (px4_msgs) StdoutLine: {'line': b'-- Up-to-date: /home/harsh/ros2_project/install/px4_msgs/lib/python3.12/site-packages/px4_msgs/msg/_input_rc.py\n'}
[2.136905] (px4_msgs) StdoutLine: {'line': b'-- Up-to-date: /home/harsh/ros2_project/install/px4_msgs/lib/python3.12/site-packages/px4_msgs/msg/_generator_status.py\n'}
[2.136961] (px4_msgs) StdoutLine: {'line': b'-- Up-to-date: /home/harsh/ros2_project/install/px4_msgs/lib/python3.12/site-packages/px4_msgs/msg/_airspeed_s.c\n'}
[2.137016] (px4_msgs) StdoutLine: {'line': b'-- Up-to-date: /home/harsh/ros2_project/install/px4_msgs/lib/python3.12/site-packages/px4_msgs/msg/_manual_control_switches_s.c\n'}
[2.137071] (px4_msgs) StdoutLine: {'line': b'-- Up-to-date: /home/harsh/ros2_project/install/px4_msgs/lib/python3.12/site-packages/px4_msgs/msg/_trajectory_setpoint.py\n'}
[2.137207] (px4_msgs) StdoutLine: {'line': b'-- Up-to-date: /home/harsh/ros2_project/install/px4_msgs/lib/python3.12/site-packages/px4_msgs/msg/_estimator_status_s.c\n'}
[2.137286] (px4_msgs) StdoutLine: {'line': b'-- Up-to-date: /home/harsh/ros2_project/install/px4_msgs/lib/python3.12/site-packages/px4_msgs/msg/_actuator_armed_s.c\n'}
[2.137347] (px4_msgs) StdoutLine: {'line': b'-- Up-to-date: /home/harsh/ros2_project/install/px4_msgs/lib/python3.12/site-packages/px4_msgs/msg/_vehicle_magnetometer.py\n'}
[2.137404] (px4_msgs) StdoutLine: {'line': b'-- Up-to-date: /home/harsh/ros2_project/install/px4_msgs/lib/python3.12/site-packages/px4_msgs/msg/_estimator_event_flags_s.c\n'}
[2.137464] (px4_msgs) StdoutLine: {'line': b'-- Up-to-date: /home/harsh/ros2_project/install/px4_msgs/lib/python3.12/site-packages/px4_msgs/msg/_gimbal_device_attitude_status_s.c\n'}
[2.137521] (px4_msgs) StdoutLine: {'line': b'-- Up-to-date: /home/harsh/ros2_project/install/px4_msgs/lib/python3.12/site-packages/px4_msgs/msg/_sensor_gyro.py\n'}
[2.137578] (px4_msgs) StdoutLine: {'line': b'-- Up-to-date: /home/harsh/ros2_project/install/px4_msgs/lib/python3.12/site-packages/px4_msgs/msg/_vtol_vehicle_status_s.c\n'}
[2.137635] (px4_msgs) StdoutLine: {'line': b'-- Up-to-date: /home/harsh/ros2_project/install/px4_msgs/lib/python3.12/site-packages/px4_msgs/msg/_takeoff_status.py\n'}
[2.137690] (px4_msgs) StdoutLine: {'line': b'-- Up-to-date: /home/harsh/ros2_project/install/px4_msgs/lib/python3.12/site-packages/px4_msgs/msg/_task_stack_info_s.c\n'}
[2.137746] (px4_msgs) StdoutLine: {'line': b'-- Up-to-date: /home/harsh/ros2_project/install/px4_msgs/lib/python3.12/site-packages/px4_msgs/msg/_airspeed.py\n'}
[2.137801] (px4_msgs) StdoutLine: {'line': b'-- Up-to-date: /home/harsh/ros2_project/install/px4_msgs/lib/python3.12/site-packages/px4_msgs/msg/_differential_pressure_s.c\n'}
[2.137857] (px4_msgs) StdoutLine: {'line': b'-- Up-to-date: /home/harsh/ros2_project/install/px4_msgs/lib/python3.12/site-packages/px4_msgs/msg/_onboard_computer_status.py\n'}
[2.137910] (px4_msgs) StdoutLine: {'line': b'-- Up-to-date: /home/harsh/ros2_project/install/px4_msgs/lib/python3.12/site-packages/px4_msgs/msg/_vehicle_attitude_setpoint_s.c\n'}
[2.137965] (px4_msgs) StdoutLine: {'line': b'-- Up-to-date: /home/harsh/ros2_project/install/px4_msgs/lib/python3.12/site-packages/px4_msgs/msg/_vehicle_angular_velocity.py\n'}
[2.138021] (px4_msgs) StdoutLine: {'line': b'-- Up-to-date: /home/harsh/ros2_project/install/px4_msgs/lib/python3.12/site-packages/px4_msgs/msg/_orb_test_large.py\n'}
[2.138079] (px4_msgs) StdoutLine: {'line': b'-- Up-to-date: /home/harsh/ros2_project/install/px4_msgs/lib/python3.12/site-packages/px4_msgs/msg/_position_setpoint.py\n'}
[2.138136] (px4_msgs) StdoutLine: {'line': b'-- Up-to-date: /home/harsh/ros2_project/install/px4_msgs/lib/python3.12/site-packages/px4_msgs/msg/_logger_status.py\n'}
[2.138191] (px4_msgs) StdoutLine: {'line': b'-- Up-to-date: /home/harsh/ros2_project/install/px4_msgs/lib/python3.12/site-packages/px4_msgs/msg/_gimbal_device_attitude_status.py\n'}
[2.138261] (px4_msgs) StdoutLine: {'line': b'-- Up-to-date: /home/harsh/ros2_project/install/px4_msgs/lib/python3.12/site-packages/px4_msgs/msg/_geofence_result_s.c\n'}
[2.138323] (px4_msgs) StdoutLine: {'line': b'-- Up-to-date: /home/harsh/ros2_project/install/px4_msgs/lib/python3.12/site-packages/px4_msgs/msg/_debug_value_s.c\n'}
[2.138380] (px4_msgs) StdoutLine: {'line': b'-- Up-to-date: /home/harsh/ros2_project/install/px4_msgs/lib/python3.12/site-packages/px4_msgs/msg/_cpuload.py\n'}
[2.138437] (px4_msgs) StdoutLine: {'line': b'-- Up-to-date: /home/harsh/ros2_project/install/px4_msgs/lib/python3.12/site-packages/px4_msgs/msg/_failure_detector_status_s.c\n'}
[2.138493] (px4_msgs) StdoutLine: {'line': b'-- Up-to-date: /home/harsh/ros2_project/install/px4_msgs/lib/python3.12/site-packages/px4_msgs/msg/_landing_gear_wheel_s.c\n'}
[2.138549] (px4_msgs) StdoutLine: {'line': b'-- Up-to-date: /home/harsh/ros2_project/install/px4_msgs/lib/python3.12/site-packages/px4_msgs/msg/_vehicle_trajectory_waypoint_s.c\n'}
[2.138633] (px4_msgs) StdoutLine: {'line': b'-- Up-to-date: /home/harsh/ros2_project/install/px4_msgs/lib/python3.12/site-packages/px4_msgs/msg/_estimator_gps_status_s.c\n'}
[2.138692] (px4_msgs) StdoutLine: {'line': b'-- Up-to-date: /home/harsh/ros2_project/install/px4_msgs/lib/python3.12/site-packages/px4_msgs/msg/_gpio_in.py\n'}
[2.138748] (px4_msgs) StdoutLine: {'line': b'-- Up-to-date: /home/harsh/ros2_project/install/px4_msgs/lib/python3.12/site-packages/px4_msgs/msg/_gimbal_device_set_attitude.py\n'}
[2.138804] (px4_msgs) StdoutLine: {'line': b'-- Up-to-date: /home/harsh/ros2_project/install/px4_msgs/lib/python3.12/site-packages/px4_msgs/msg/_obstacle_distance.py\n'}
[2.138863] (px4_msgs) StdoutLine: {'line': b'-- Up-to-date: /home/harsh/ros2_project/install/px4_msgs/lib/python3.12/site-packages/px4_msgs/msg/_follow_target_status_s.c\n'}
[2.138918] (px4_msgs) StdoutLine: {'line': b'-- Up-to-date: /home/harsh/ros2_project/install/px4_msgs/lib/python3.12/site-packages/px4_msgs/msg/_ulog_stream_ack.py\n'}
[2.138975] (px4_msgs) StdoutLine: {'line': b'-- Up-to-date: /home/harsh/ros2_project/install/px4_msgs/lib/python3.12/site-packages/px4_msgs/msg/_differential_pressure.py\n'}
[2.139031] (px4_msgs) StdoutLine: {'line': b'-- Up-to-date: /home/harsh/ros2_project/install/px4_msgs/lib/python3.12/site-packages/px4_msgs/msg/_rtl_status_s.c\n'}
[2.139088] (px4_msgs) StdoutLine: {'line': b'-- Up-to-date: /home/harsh/ros2_project/install/px4_msgs/lib/python3.12/site-packages/px4_msgs/msg/_yaw_estimator_status.py\n'}
[2.139144] (px4_msgs) StdoutLine: {'line': b'-- Up-to-date: /home/harsh/ros2_project/install/px4_msgs/lib/python3.12/site-packages/px4_msgs/msg/_estimator_bias_s.c\n'}
[2.139204] (px4_msgs) StdoutLine: {'line': b'-- Up-to-date: /home/harsh/ros2_project/install/px4_msgs/lib/python3.12/site-packages/px4_msgs/msg/_sensor_selection_s.c\n'}
[2.139277] (px4_msgs) StdoutLine: {'line': b'-- Up-to-date: /home/harsh/ros2_project/install/px4_msgs/lib/python3.12/site-packages/px4_msgs/msg/_estimator_status_flags_s.c\n'}
[2.139338] (px4_msgs) StdoutLine: {'line': b'-- Up-to-date: /home/harsh/ros2_project/install/px4_msgs/lib/python3.12/site-packages/px4_msgs/msg/_rtl_status.py\n'}
[2.139395] (px4_msgs) StdoutLine: {'line': b'-- Up-to-date: /home/harsh/ros2_project/install/px4_msgs/lib/python3.12/site-packages/px4_msgs/msg/_follow_target_estimator.py\n'}
[2.139451] (px4_msgs) StdoutLine: {'line': b'-- Up-to-date: /home/harsh/ros2_project/install/px4_msgs/lib/python3.12/site-packages/px4_msgs/msg/_goto_setpoint_s.c\n'}
[2.139510] (px4_msgs) StdoutLine: {'line': b'-- Up-to-date: /home/harsh/ros2_project/install/px4_msgs/lib/python3.12/site-packages/px4_msgs/msg/_sensor_accel_fifo.py\n'}
[2.139566] (px4_msgs) StdoutLine: {'line': b'-- Up-to-date: /home/harsh/ros2_project/install/px4_msgs/lib/python3.12/site-packages/px4_msgs/msg/_actuator_outputs.py\n'}
[2.139623] (px4_msgs) StdoutLine: {'line': b'-- Up-to-date: /home/harsh/ros2_project/install/px4_msgs/lib/python3.12/site-packages/px4_msgs/msg/_vehicle_air_data_s.c\n'}
[2.139679] (px4_msgs) StdoutLine: {'line': b'-- Up-to-date: /home/harsh/ros2_project/install/px4_msgs/lib/python3.12/site-packages/px4_msgs/msg/_vehicle_global_position_s.c\n'}
[2.139738] (px4_msgs) StdoutLine: {'line': b'-- Up-to-date: /home/harsh/ros2_project/install/px4_msgs/lib/python3.12/site-packages/px4_msgs/msg/_home_position_s.c\n'}
[2.139794] (px4_msgs) StdoutLine: {'line': b'-- Up-to-date: /home/harsh/ros2_project/install/px4_msgs/lib/python3.12/site-packages/px4_msgs/msg/_estimator_bias3d.py\n'}
[2.139851] (px4_msgs) StdoutLine: {'line': b'-- Up-to-date: /home/harsh/ros2_project/install/px4_msgs/lib/python3.12/site-packages/px4_msgs/msg/_parameter_set_value_request_s.c\n'}
[2.139910] (px4_msgs) StdoutLine: {'line': b'-- Up-to-date: /home/harsh/ros2_project/install/px4_msgs/lib/python3.12/site-packages/px4_msgs/msg/_estimator_aid_source2d_s.c\n'}
[2.139967] (px4_msgs) StdoutLine: {'line': b'-- Up-to-date: /home/harsh/ros2_project/install/px4_msgs/lib/python3.12/site-packages/px4_msgs/msg/_velocity_limits.py\n'}
[2.140025] (px4_msgs) StdoutLine: {'line': b'-- Up-to-date: /home/harsh/ros2_project/install/px4_msgs/lib/python3.12/site-packages/px4_msgs/msg/_estimator_aid_source1d_s.c\n'}
[2.140081] (px4_msgs) StdoutLine: {'line': b'-- Up-to-date: /home/harsh/ros2_project/install/px4_msgs/lib/python3.12/site-packages/px4_msgs/msg/_position_setpoint_triplet_s.c\n'}
[2.140137] (px4_msgs) StdoutLine: {'line': b'-- Up-to-date: /home/harsh/ros2_project/install/px4_msgs/lib/python3.12/site-packages/px4_msgs/msg/_vehicle_control_mode_s.c\n'}
[2.140193] (px4_msgs) StdoutLine: {'line': b'-- Up-to-date: /home/harsh/ros2_project/install/px4_msgs/lib/python3.12/site-packages/px4_msgs/msg/_vehicle_local_position_s.c\n'}
[2.140261] (px4_msgs) StdoutLine: {'line': b'-- Up-to-date: /home/harsh/ros2_project/install/px4_msgs/lib/python3.12/site-packages/px4_msgs/msg/_camera_trigger_s.c\n'}
[2.140323] (px4_msgs) StdoutLine: {'line': b'-- Up-to-date: /home/harsh/ros2_project/install/px4_msgs/lib/python3.12/site-packages/px4_msgs/msg/_sensor_gyro_s.c\n'}
[2.140380] (px4_msgs) StdoutLine: {'line': b'-- Up-to-date: /home/harsh/ros2_project/install/px4_msgs/lib/python3.12/site-packages/px4_msgs/msg/_actuator_armed.py\n'}
[2.140436] (px4_msgs) StdoutLine: {'line': b'-- Up-to-date: /home/harsh/ros2_project/install/px4_msgs/lib/python3.12/site-packages/px4_msgs/msg/_failsafe_flags.py\n'}
[2.140494] (px4_msgs) StdoutLine: {'line': b'-- Up-to-date: /home/harsh/ros2_project/install/px4_msgs/lib/python3.12/site-packages/px4_msgs/msg/_pps_capture.py\n'}
[2.140549] (px4_msgs) StdoutLine: {'line': b'-- Up-to-date: /home/harsh/ros2_project/install/px4_msgs/lib/python3.12/site-packages/px4_msgs/msg/_sensor_correction_s.c\n'}
[2.140604] (px4_msgs) StdoutLine: {'line': b'-- Up-to-date: /home/harsh/ros2_project/install/px4_msgs/lib/python3.12/site-packages/px4_msgs/msg/_system_power.py\n'}
[2.140661] (px4_msgs) StdoutLine: {'line': b'-- Up-to-date: /home/harsh/ros2_project/install/px4_msgs/lib/python3.12/site-packages/px4_msgs/msg/_arming_check_reply.py\n'}
[2.140718] (px4_msgs) StdoutLine: {'line': b'-- Up-to-date: /home/harsh/ros2_project/install/px4_msgs/lib/python3.12/site-packages/px4_msgs/msg/_trajectory_setpoint_s.c\n'}
[2.140775] (px4_msgs) StdoutLine: {'line': b'-- Up-to-date: /home/harsh/ros2_project/install/px4_msgs/lib/python3.12/site-packages/px4_msgs/msg/_power_button_state_s.c\n'}
[2.140831] (px4_msgs) StdoutLine: {'line': b'-- Up-to-date: /home/harsh/ros2_project/install/px4_msgs/lib/python3.12/site-packages/px4_msgs/msg/_wheel_encoders.py\n'}
[2.140888] (px4_msgs) StdoutLine: {'line': b'-- Up-to-date: /home/harsh/ros2_project/install/px4_msgs/lib/python3.12/site-packages/px4_msgs/msg/_battery_status.py\n'}
[2.140944] (px4_msgs) StdoutLine: {'line': b'-- Up-to-date: /home/harsh/ros2_project/install/px4_msgs/lib/python3.12/site-packages/px4_msgs/msg/_vehicle_torque_setpoint_s.c\n'}
[2.141003] (px4_msgs) StdoutLine: {'line': b'-- Up-to-date: /home/harsh/ros2_project/install/px4_msgs/lib/python3.12/site-packages/px4_msgs/msg/_autotune_attitude_control_status_s.c\n'}
[2.141088] (px4_msgs) StdoutLine: {'line': b'-- Up-to-date: /home/harsh/ros2_project/install/px4_msgs/lib/python3.12/site-packages/px4_msgs/msg/_irlock_report_s.c\n'}
[2.141193] (px4_msgs) StdoutLine: {'line': b'-- Up-to-date: /home/harsh/ros2_project/install/px4_msgs/lib/python3.12/site-packages/px4_msgs/msg/_message_format_request.py\n'}
[2.141303] (px4_msgs) StdoutLine: {'line': b'-- Up-to-date: /home/harsh/ros2_project/install/px4_msgs/lib/python3.12/site-packages/px4_msgs/msg/_power_monitor_s.c\n'}
[2.141367] (px4_msgs) StdoutLine: {'line': b'-- Up-to-date: /home/harsh/ros2_project/install/px4_msgs/lib/python3.12/site-packages/px4_msgs/msg/_landing_gear_wheel.py\n'}
[2.141425] (px4_msgs) StdoutLine: {'line': b'-- Up-to-date: /home/harsh/ros2_project/install/px4_msgs/lib/python3.12/site-packages/px4_msgs/msg/_takeoff_status_s.c\n'}
[2.141481] (px4_msgs) StdoutLine: {'line': b'-- Up-to-date: /home/harsh/ros2_project/install/px4_msgs/lib/python3.12/site-packages/px4_msgs/msg/_sensor_baro_s.c\n'}
[2.141542] (px4_msgs) StdoutLine: {'line': b'-- Up-to-date: /home/harsh/ros2_project/install/px4_msgs/lib/python3.12/site-packages/px4_msgs/msg/_sensor_airflow.py\n'}
[2.141598] (px4_msgs) StdoutLine: {'line': b'-- Up-to-date: /home/harsh/ros2_project/install/px4_msgs/lib/python3.12/site-packages/px4_msgs/msg/_gps_dump_s.c\n'}
[2.141654] (px4_msgs) StdoutLine: {'line': b'-- Up-to-date: /home/harsh/ros2_project/install/px4_msgs/lib/python3.12/site-packages/px4_msgs/msg/_adc_report_s.c\n'}
[2.141710] (px4_msgs) StdoutLine: {'line': b'-- Up-to-date: /home/harsh/ros2_project/install/px4_msgs/lib/python3.12/site-packages/px4_msgs/msg/_input_rc_s.c\n'}
[2.141767] (px4_msgs) StdoutLine: {'line': b'-- Up-to-date: /home/harsh/ros2_project/install/px4_msgs/lib/python3.12/site-packages/px4_msgs/msg/_estimator_selector_status_s.c\n'}
[2.141824] (px4_msgs) StdoutLine: {'line': b'-- Up-to-date: /home/harsh/ros2_project/install/px4_msgs/lib/python3.12/site-packages/px4_msgs/msg/_dataman_request.py\n'}
[2.141882] (px4_msgs) StdoutLine: {'line': b'-- Up-to-date: /home/harsh/ros2_project/install/px4_msgs/lib/python3.12/site-packages/px4_msgs/msg/_magnetometer_bias_estimate.py\n'}
[2.141937] (px4_msgs) StdoutLine: {'line': b'-- Up-to-date: /home/harsh/ros2_project/install/px4_msgs/lib/python3.12/site-packages/px4_msgs/msg/_distance_sensor.py\n'}
[2.141992] (px4_msgs) StdoutLine: {'line': b'-- Up-to-date: /home/harsh/ros2_project/install/px4_msgs/lib/python3.12/site-packages/px4_msgs/msg/_yaw_estimator_status_s.c\n'}
[2.142047] (px4_msgs) StdoutLine: {'line': b'-- Up-to-date: /home/harsh/ros2_project/install/px4_msgs/lib/python3.12/site-packages/px4_msgs/msg/_parameter_set_value_request.py\n'}
[2.142104] (px4_msgs) StdoutLine: {'line': b'-- Up-to-date: /home/harsh/ros2_project/install/px4_msgs/lib/python3.12/site-packages/px4_msgs/msg/_ulog_stream.py\n'}
[2.142159] (px4_msgs) StdoutLine: {'line': b'-- Up-to-date: /home/harsh/ros2_project/install/px4_msgs/lib/python3.12/site-packages/px4_msgs/msg/_radio_status.py\n'}
[2.142214] (px4_msgs) StdoutLine: {'line': b'-- Up-to-date: /home/harsh/ros2_project/install/px4_msgs/lib/python3.12/site-packages/px4_msgs/msg/_estimator_states.py\n'}
[2.142286] (px4_msgs) StdoutLine: {'line': b'-- Up-to-date: /home/harsh/ros2_project/install/px4_msgs/lib/python3.12/site-packages/px4_msgs/msg/_estimator_aid_source2d.py\n'}
[2.142346] (px4_msgs) StdoutLine: {'line': b'-- Up-to-date: /home/harsh/ros2_project/install/px4_msgs/lib/python3.12/site-packages/px4_msgs/msg/_transponder_report.py\n'}
[2.142401] (px4_msgs) StdoutLine: {'line': b'-- Up-to-date: /home/harsh/ros2_project/install/px4_msgs/lib/python3.12/site-packages/px4_msgs/msg/_qshell_req.py\n'}
[2.142457] (px4_msgs) StdoutLine: {'line': b'-- Up-to-date: /home/harsh/ros2_project/install/px4_msgs/lib/python3.12/site-packages/px4_msgs/msg/_actuator_servos_trim_s.c\n'}
[2.142515] (px4_msgs) StdoutLine: {'line': b'-- Up-to-date: /home/harsh/ros2_project/install/px4_msgs/lib/python3.12/site-packages/px4_msgs/msg/_airspeed_wind_s.c\n'}
[2.142570] (px4_msgs) StdoutLine: {'line': b'-- Up-to-date: /home/harsh/ros2_project/install/px4_msgs/lib/python3.12/site-packages/px4_msgs/msg/_pwm_input.py\n'}
[2.142626] (px4_msgs) StdoutLine: {'line': b'-- Up-to-date: /home/harsh/ros2_project/install/px4_msgs/lib/python3.12/site-packages/px4_msgs/msg/_sensor_uwb.py\n'}
[2.142682] (px4_msgs) StdoutLine: {'line': b'-- Up-to-date: /home/harsh/ros2_project/install/px4_msgs/lib/python3.12/site-packages/px4_msgs/msg/_vehicle_command_ack_s.c\n'}
[2.142738] (px4_msgs) StdoutLine: {'line': b'-- Up-to-date: /home/harsh/ros2_project/install/px4_msgs/lib/python3.12/site-packages/px4_msgs/msg/_landing_gear.py\n'}
[2.142794] (px4_msgs) StdoutLine: {'line': b'-- Up-to-date: /home/harsh/ros2_project/install/px4_msgs/lib/python3.12/site-packages/px4_msgs/msg/_airspeed_validated_s.c\n'}
[2.142849] (px4_msgs) StdoutLine: {'line': b'-- Up-to-date: /home/harsh/ros2_project/install/px4_msgs/lib/python3.12/site-packages/px4_msgs/msg/_hover_thrust_estimate.py\n'}
[2.142906] (px4_msgs) StdoutLine: {'line': b'-- Up-to-date: /home/harsh/ros2_project/install/px4_msgs/lib/python3.12/site-packages/px4_msgs/msg/_gps_inject_data_s.c\n'}
[2.142961] (px4_msgs) StdoutLine: {'line': b'-- Up-to-date: /home/harsh/ros2_project/install/px4_msgs/lib/python3.12/site-packages/px4_msgs/msg/_actuator_servos.py\n'}
[2.143018] (px4_msgs) StdoutLine: {'line': b'-- Up-to-date: /home/harsh/ros2_project/install/px4_msgs/lib/python3.12/site-packages/px4_msgs/msg/_sensor_gnss_relative_s.c\n'}
[2.143074] (px4_msgs) StdoutLine: {'line': b'-- Up-to-date: /home/harsh/ros2_project/install/px4_msgs/lib/python3.12/site-packages/px4_msgs/msg/_landing_target_innovations.py\n'}
[2.143129] (px4_msgs) StdoutLine: {'line': b'-- Up-to-date: /home/harsh/ros2_project/install/px4_msgs/lib/python3.12/site-packages/px4_msgs/msg/_debug_array.py\n'}
[2.143184] (px4_msgs) StdoutLine: {'line': b'-- Up-to-date: /home/harsh/ros2_project/install/px4_msgs/lib/python3.12/site-packages/px4_msgs/msg/_npfg_status_s.c\n'}
[2.143254] (px4_msgs) StdoutLine: {'line': b'-- Up-to-date: /home/harsh/ros2_project/install/px4_msgs/lib/python3.12/site-packages/px4_msgs/msg/_parameter_set_used_request.py\n'}
[2.143315] (px4_msgs) StdoutLine: {'line': b'-- Up-to-date: /home/harsh/ros2_project/install/px4_msgs/lib/python3.12/site-packages/px4_msgs/msg/_parameter_update_s.c\n'}
[2.143370] (px4_msgs) StdoutLine: {'line': b'-- Up-to-date: /home/harsh/ros2_project/install/px4_msgs/lib/python3.12/site-packages/px4_msgs/msg/_orb_test_large_s.c\n'}
[2.143425] (px4_msgs) StdoutLine: {'line': b'-- Up-to-date: /home/harsh/ros2_project/install/px4_msgs/lib/python3.12/site-packages/px4_msgs/msg/_event_s.c\n'}
[2.143481] (px4_msgs) StdoutLine: {'line': b'-- Up-to-date: /home/harsh/ros2_project/install/px4_msgs/lib/python3.12/site-packages/px4_msgs/msg/_orb_test_s.c\n'}
[2.143538] (px4_msgs) StdoutLine: {'line': b'-- Up-to-date: /home/harsh/ros2_project/install/px4_msgs/lib/python3.12/site-packages/px4_msgs/msg/_mavlink_log_s.c\n'}
[2.143591] (px4_msgs) StdoutLine: {'line': b'-- Up-to-date: /home/harsh/ros2_project/install/px4_msgs/lib/python3.12/site-packages/px4_msgs/msg/_launch_detection_status_s.c\n'}
[2.143646] (px4_msgs) StdoutLine: {'line': b'-- Up-to-date: /home/harsh/ros2_project/install/px4_msgs/lib/python3.12/site-packages/px4_msgs/msg/_estimator_bias3d_s.c\n'}
[2.143702] (px4_msgs) StdoutLine: {'line': b'-- Up-to-date: /home/harsh/ros2_project/install/px4_msgs/lib/python3.12/site-packages/px4_msgs/msg/_uavcan_parameter_value_s.c\n'}
[2.143758] (px4_msgs) StdoutLine: {'line': b'-- Up-to-date: /home/harsh/ros2_project/install/px4_msgs/lib/python3.12/site-packages/px4_msgs/msg/_sensors_status_s.c\n'}
[2.143815] (px4_msgs) StdoutLine: {'line': b'-- Up-to-date: /home/harsh/ros2_project/install/px4_msgs/lib/python3.12/site-packages/px4_msgs/msg/_vehicle_command_ack.py\n'}
[2.143870] (px4_msgs) StdoutLine: {'line': b'-- Up-to-date: /home/harsh/ros2_project/install/px4_msgs/lib/python3.12/site-packages/px4_msgs/msg/_position_controller_landing_status_s.c\n'}
[2.143926] (px4_msgs) StdoutLine: {'line': b'-- Up-to-date: /home/harsh/ros2_project/install/px4_msgs/lib/python3.12/site-packages/px4_msgs/msg/_vehicle_rates_setpoint.py\n'}
[2.143982] (px4_msgs) StdoutLine: {'line': b'-- Up-to-date: /home/harsh/ros2_project/install/px4_msgs/lib/python3.12/site-packages/px4_msgs/msg/_navigator_mission_item.py\n'}
[2.144039] (px4_msgs) StdoutLine: {'line': b'-- Up-to-date: /home/harsh/ros2_project/install/px4_msgs/lib/python3.12/site-packages/px4_msgs/msg/_navigator_mission_item_s.c\n'}
[2.144095] (px4_msgs) StdoutLine: {'line': b'-- Up-to-date: /home/harsh/ros2_project/install/px4_msgs/lib/python3.12/site-packages/px4_msgs/msg/_vtol_vehicle_status.py\n'}
[2.144150] (px4_msgs) StdoutLine: {'line': b'-- Up-to-date: /home/harsh/ros2_project/install/px4_msgs/lib/python3.12/site-packages/px4_msgs/msg/_orbit_status_s.c\n'}
[2.144205] (px4_msgs) StdoutLine: {'line': b'-- Up-to-date: /home/harsh/ros2_project/install/px4_msgs/lib/python3.12/site-packages/px4_msgs/msg/_sensor_gps.py\n'}
[2.144276] (px4_msgs) StdoutLine: {'line': b'-- Up-to-date: /home/harsh/ros2_project/install/px4_msgs/lib/python3.12/site-packages/px4_msgs/msg/_tecs_status_s.c\n'}
[2.144335] (px4_msgs) StdoutLine: {'line': b'-- Up-to-date: /home/harsh/ros2_project/install/px4_msgs/lib/python3.12/site-packages/px4_msgs/msg/_vehicle_acceleration.py\n'}
[2.144393] (px4_msgs) StdoutLine: {'line': b'-- Up-to-date: /home/harsh/ros2_project/install/px4_msgs/lib/python3.12/site-packages/px4_msgs/msg/_gps_inject_data.py\n'}
[2.144459] (px4_msgs) StdoutLine: {'line': b'-- Up-to-date: /home/harsh/ros2_project/install/px4_msgs/lib/python3.12/site-packages/px4_msgs/msg/_estimator_states_s.c\n'}
[2.144517] (px4_msgs) StdoutLine: {'line': b'-- Up-to-date: /home/harsh/ros2_project/install/px4_msgs/lib/python3.12/site-packages/px4_msgs/msg/_vehicle_trajectory_waypoint.py\n'}
[2.144574] (px4_msgs) StdoutLine: {'line': b'-- Up-to-date: /home/harsh/ros2_project/install/px4_msgs/lib/python3.12/site-packages/px4_msgs/msg/_parameter_set_value_response.py\n'}
[2.144641] (px4_msgs) StdoutLine: {'line': b'-- Up-to-date: /home/harsh/ros2_project/install/px4_msgs/lib/python3.12/site-packages/px4_msgs/msg/_mission.py\n'}
[2.144704] (px4_msgs) StdoutLine: {'line': b'-- Up-to-date: /home/harsh/ros2_project/install/px4_msgs/lib/python3.12/site-packages/px4_msgs/msg/_gimbal_device_information_s.c\n'}
[2.144761] (px4_msgs) StdoutLine: {'line': b'-- Up-to-date: /home/harsh/ros2_project/install/px4_msgs/lib/python3.12/site-packages/px4_msgs/msg/_event.py\n'}
[2.144822] (px4_msgs) StdoutLine: {'line': b'-- Up-to-date: /home/harsh/ros2_project/install/px4_msgs/lib/python3.12/site-packages/px4_msgs/msg/_sensor_preflight_mag.py\n'}
[2.144878] (px4_msgs) StdoutLine: {'line': b'-- Up-to-date: /home/harsh/ros2_project/install/px4_msgs/lib/python3.12/site-packages/px4_msgs/msg/_magnetometer_bias_estimate_s.c\n'}
[2.144936] (px4_msgs) StdoutLine: {'line': b'-- Up-to-date: /home/harsh/ros2_project/install/px4_msgs/lib/python3.12/site-packages/px4_msgs/msg/_gpio_request.py\n'}
[2.144993] (px4_msgs) StdoutLine: {'line': b'-- Up-to-date: /home/harsh/ros2_project/install/px4_msgs/lib/python3.12/site-packages/px4_msgs/msg/_gimbal_manager_status_s.c\n'}
[2.145052] (px4_msgs) StdoutLine: {'line': b'-- Up-to-date: /home/harsh/ros2_project/install/px4_msgs/lib/python3.12/site-packages/px4_msgs/msg/_unregister_ext_component_s.c\n'}
[2.145114] (px4_msgs) StdoutLine: {'line': b'-- Up-to-date: /home/harsh/ros2_project/install/px4_msgs/lib/python3.12/site-packages/px4_msgs/msg/_offboard_control_mode_s.c\n'}
[2.145390] (px4_msgs) StdoutLine: {'line': b'-- Up-to-date: /home/harsh/ros2_project/install/px4_msgs/lib/python3.12/site-packages/px4_msgs/msg/_follow_target_s.c\n'}
[2.145465] (px4_msgs) StdoutLine: {'line': b'-- Up-to-date: /home/harsh/ros2_project/install/px4_msgs/lib/python3.12/site-packages/px4_msgs/msg/_unregister_ext_component.py\n'}
[2.145533] (px4_msgs) StdoutLine: {'line': b'-- Up-to-date: /home/harsh/ros2_project/install/px4_msgs/lib/python3.12/site-packages/px4_msgs/msg/_internal_combustion_engine_status_s.c\n'}
[2.145600] (px4_msgs) StdoutLine: {'line': b'-- Up-to-date: /home/harsh/ros2_project/install/px4_msgs/lib/python3.12/site-packages/px4_msgs/msg/_vehicle_command.py\n'}
[2.145664] (px4_msgs) StdoutLine: {'line': b'-- Up-to-date: /home/harsh/ros2_project/install/px4_msgs/lib/python3.12/site-packages/px4_msgs/msg/_parameter_update.py\n'}
[2.145727] (px4_msgs) StdoutLine: {'line': b'-- Up-to-date: /home/harsh/ros2_project/install/px4_msgs/lib/python3.12/site-packages/px4_msgs/msg/_satellite_info.py\n'}
[2.145791] (px4_msgs) StdoutLine: {'line': b'-- Up-to-date: /home/harsh/ros2_project/install/px4_msgs/lib/python3.12/site-packages/px4_msgs/msg/_pps_capture_s.c\n'}
[2.145854] (px4_msgs) StdoutLine: {'line': b'-- Up-to-date: /home/harsh/ros2_project/install/px4_msgs/lib/python3.12/site-packages/px4_msgs/msg/_orbit_status.py\n'}
[2.145920] (px4_msgs) StdoutLine: {'line': b'-- Up-to-date: /home/harsh/ros2_project/install/px4_msgs/lib/python3.12/site-packages/px4_msgs/msg/_satellite_info_s.c\n'}
[2.146061] (px4_msgs) StdoutLine: {'line': b'-- Up-to-date: /home/harsh/ros2_project/install/px4_msgs/lib/python3.12/site-packages/px4_msgs/msg/_mavlink_tunnel.py\n'}
[2.146203] (px4_msgs) StdoutLine: {'line': b'-- Up-to-date: /home/harsh/ros2_project/install/px4_msgs/lib/python3.12/site-packages/px4_msgs/msg/_health_report_s.c\n'}
[2.146417] (px4_msgs) StdoutLine: {'line': b'-- Up-to-date: /home/harsh/ros2_project/install/px4_msgs/lib/python3.12/site-packages/px4_msgs/msg/_estimator_status_flags.py\n'}
[2.146630] (px4_msgs) StdoutLine: {'line': b'-- Up-to-date: /home/harsh/ros2_project/install/px4_msgs/lib/python3.12/site-packages/px4_msgs/msg/_parameter_reset_request_s.c\n'}
[2.146828] (px4_msgs) StdoutLine: {'line': b'-- Up-to-date: /home/harsh/ros2_project/install/px4_msgs/lib/python3.12/site-packages/px4_msgs/msg/_actuator_motors.py\n'}
[2.146974] (px4_msgs) StdoutLine: {'line': b'-- Up-to-date: /home/harsh/ros2_project/install/px4_msgs/lib/python3.12/site-packages/px4_msgs/msg/_rate_ctrl_status_s.c\n'}
[2.147032] (px4_msgs) StdoutLine: {'line': b'-- Up-to-date: /home/harsh/ros2_project/install/px4_msgs/lib/python3.12/site-packages/px4_msgs/msg/_sensor_gps_s.c\n'}
[2.147088] (px4_msgs) StdoutLine: {'line': b'-- Up-to-date: /home/harsh/ros2_project/install/px4_msgs/lib/python3.12/site-packages/px4_msgs/msg/_actuator_test_s.c\n'}
[2.147146] (px4_msgs) StdoutLine: {'line': b'-- Up-to-date: /home/harsh/ros2_project/install/px4_msgs/lib/python3.12/site-packages/px4_msgs/msg/_heater_status_s.c\n'}
[2.147201] (px4_msgs) StdoutLine: {'line': b'-- Up-to-date: /home/harsh/ros2_project/install/px4_msgs/lib/python3.12/site-packages/px4_msgs/msg/_airspeed_wind.py\n'}
[2.147268] (px4_msgs) StdoutLine: {'line': b'-- Up-to-date: /home/harsh/ros2_project/install/px4_msgs/lib/python3.12/site-packages/px4_msgs/msg/_register_ext_component_reply_s.c\n'}
[2.147326] (px4_msgs) StdoutLine: {'line': b'-- Up-to-date: /home/harsh/ros2_project/install/px4_msgs/lib/python3.12/site-packages/px4_msgs/msg/_estimator_selector_status.py\n'}
[2.147383] (px4_msgs) StdoutLine: {'line': b'-- Up-to-date: /home/harsh/ros2_project/install/px4_msgs/lib/python3.12/site-packages/px4_msgs/msg/_parameter_set_used_request_s.c\n'}
[2.147440] (px4_msgs) StdoutLine: {'line': b'-- Up-to-date: /home/harsh/ros2_project/install/px4_msgs/lib/python3.12/site-packages/px4_msgs/msg/_control_allocator_status.py\n'}
[2.147497] (px4_msgs) StdoutLine: {'line': b'-- Up-to-date: /home/harsh/ros2_project/install/px4_msgs/lib/python3.12/site-packages/px4_msgs/msg/_vehicle_imu.py\n'}
[2.147554] (px4_msgs) StdoutLine: {'line': b'-- Up-to-date: /home/harsh/ros2_project/install/px4_msgs/lib/python3.12/site-packages/px4_msgs/msg/_sensor_accel.py\n'}
[2.147700] (px4_msgs) StdoutLine: {'line': b'-- Up-to-date: /home/harsh/ros2_project/install/px4_msgs/lib/python3.12/site-packages/px4_msgs/msg/_mount_orientation.py\n'}
[2.147766] (px4_msgs) StdoutLine: {'line': b'-- Up-to-date: /home/harsh/ros2_project/install/px4_msgs/lib/python3.12/site-packages/px4_msgs/msg/_pwm_input_s.c\n'}
[2.147834] (px4_msgs) StdoutLine: {'line': b'-- Up-to-date: /home/harsh/ros2_project/install/px4_msgs/lib/python3.12/site-packages/px4_msgs/msg/_sensor_combined.py\n'}
[2.147900] (px4_msgs) StdoutLine: {'line': b'-- Up-to-date: /home/harsh/ros2_project/install/px4_msgs/lib/python3.12/site-packages/px4_msgs/msg/_vehicle_status_s.c\n'}
[2.147966] (px4_msgs) StdoutLine: {'line': b'-- Up-to-date: /home/harsh/ros2_project/install/px4_msgs/lib/python3.12/site-packages/px4_msgs/msg/_radio_status_s.c\n'}
[2.148030] (px4_msgs) StdoutLine: {'line': b'-- Up-to-date: /home/harsh/ros2_project/install/px4_msgs/lib/python3.12/site-packages/px4_msgs/msg/_can_interface_status_s.c\n'}
[2.148095] (px4_msgs) StdoutLine: {'line': b'-- Up-to-date: /home/harsh/ros2_project/install/px4_msgs/lib/python3.12/site-packages/px4_msgs/msg/_normalized_unsigned_setpoint.py\n'}
[2.148164] (px4_msgs) StdoutLine: {'line': b'-- Up-to-date: /home/harsh/ros2_project/install/px4_msgs/lib/python3.12/site-packages/px4_msgs/msg/_led_control.py\n'}
[2.148237] (px4_msgs) StdoutLine: {'line': b'-- Up-to-date: /home/harsh/ros2_project/install/px4_msgs/lib/python3.12/site-packages/px4_msgs/msg/_follow_target_estimator_s.c\n'}
[2.148707] (px4_msgs) StdoutLine: {'line': b'-- Up-to-date: /home/harsh/ros2_project/install/px4_msgs/lib/python3.12/site-packages/px4_msgs/msg/_sensor_uwb_s.c\n'}
[2.148792] (px4_msgs) StdoutLine: {'line': b'-- Up-to-date: /home/harsh/ros2_project/install/px4_msgs/lib/python3.12/site-packages/px4_msgs/msg/_distance_sensor_s.c\n'}
[2.148860] (px4_msgs) StdoutLine: {'line': b'-- Up-to-date: /home/harsh/ros2_project/install/px4_msgs/lib/python3.12/site-packages/px4_msgs/msg/_gimbal_controls.py\n'}
[2.148929] (px4_msgs) StdoutLine: {'line': b'-- Up-to-date: /home/harsh/ros2_project/install/px4_msgs/lib/python3.12/site-packages/px4_msgs/msg/_onboard_computer_status_s.c\n'}
[2.148995] (px4_msgs) StdoutLine: {'line': b'-- Up-to-date: /home/harsh/ros2_project/install/px4_msgs/lib/python3.12/site-packages/px4_msgs/msg/_log_message.py\n'}
[2.149062] (px4_msgs) StdoutLine: {'line': b'-- Up-to-date: /home/harsh/ros2_project/install/px4_msgs/lib/python3.12/site-packages/px4_msgs/msg/_follow_target_status.py\n'}
[2.149127] (px4_msgs) StdoutLine: {'line': b'-- Up-to-date: /home/harsh/ros2_project/install/px4_msgs/lib/python3.12/site-packages/px4_msgs/msg/_landing_target_innovations_s.c\n'}
[2.149194] (px4_msgs) StdoutLine: {'line': b'-- Up-to-date: /home/harsh/ros2_project/install/px4_msgs/lib/python3.12/site-packages/px4_msgs/msg/_landing_target_pose_s.c\n'}
[2.149276] (px4_msgs) StdoutLine: {'line': b'-- Up-to-date: /home/harsh/ros2_project/install/px4_msgs/lib/python3.12/site-packages/px4_msgs/msg/_cpuload_s.c\n'}
[2.149343] (px4_msgs) StdoutLine: {'line': b'-- Up-to-date: /home/harsh/ros2_project/install/px4_msgs/lib/python3.12/site-packages/px4_msgs/msg/_vehicle_imu_status.py\n'}
[2.149407] (px4_msgs) StdoutLine: {'line': b'-- Up-to-date: /home/harsh/ros2_project/install/px4_msgs/lib/python3.12/site-packages/px4_msgs/msg/_config_overrides.py\n'}
[2.149471] (px4_msgs) StdoutLine: {'line': b'-- Up-to-date: /home/harsh/ros2_project/install/px4_msgs/lib/python3.12/site-packages/px4_msgs/msg/_cellular_status.py\n'}
[2.149535] (px4_msgs) StdoutLine: {'line': b'-- Up-to-date: /home/harsh/ros2_project/install/px4_msgs/lib/python3.12/site-packages/px4_msgs/msg/_debug_vect_s.c\n'}
[2.149597] (px4_msgs) StdoutLine: {'line': b'-- Up-to-date: /home/harsh/ros2_project/install/px4_msgs/lib/python3.12/site-packages/px4_msgs/msg/_action_request.py\n'}
[2.149661] (px4_msgs) StdoutLine: {'line': b'-- Up-to-date: /home/harsh/ros2_project/install/px4_msgs/lib/python3.12/site-packages/px4_msgs/msg/_ulog_stream_s.c\n'}
[2.149728] (px4_msgs) StdoutLine: {'line': b'-- Up-to-date: /home/harsh/ros2_project/install/px4_msgs/lib/python3.12/site-packages/px4_msgs/msg/_position_controller_status.py\n'}
[2.149794] (px4_msgs) StdoutLine: {'line': b'-- Up-to-date: /home/harsh/ros2_project/install/px4_msgs/lib/python3.12/site-packages/px4_msgs/msg/_position_setpoint_triplet.py\n'}
[2.149858] (px4_msgs) StdoutLine: {'line': b'-- Up-to-date: /home/harsh/ros2_project/install/px4_msgs/lib/python3.12/site-packages/px4_msgs/msg/_gripper.py\n'}
[2.149921] (px4_msgs) StdoutLine: {'line': b'-- Up-to-date: /home/harsh/ros2_project/install/px4_msgs/lib/python3.12/site-packages/px4_msgs/msg/_tune_control_s.c\n'}
[2.149987] (px4_msgs) StdoutLine: {'line': b'-- Up-to-date: /home/harsh/ros2_project/install/px4_msgs/lib/python3.12/site-packages/px4_msgs/msg/_actuator_servos_s.c\n'}
[2.150052] (px4_msgs) StdoutLine: {'line': b'-- Up-to-date: /home/harsh/ros2_project/install/px4_msgs/lib/python3.12/site-packages/px4_msgs/msg/_health_report.py\n'}
[2.150118] (px4_msgs) StdoutLine: {'line': b'-- Up-to-date: /home/harsh/ros2_project/install/px4_msgs/lib/python3.12/site-packages/px4_msgs/msg/_sensor_accel_s.c\n'}
[2.150182] (px4_msgs) StdoutLine: {'line': b'-- Up-to-date: /home/harsh/ros2_project/install/px4_msgs/lib/python3.12/site-packages/px4_msgs/msg/_uavcan_parameter_request.py\n'}
[2.150566] (px4_msgs) StdoutLine: {'line': b'-- Up-to-date: /home/harsh/ros2_project/install/px4_msgs/lib/python3.12/site-packages/px4_msgs/msg/_orb_test.py\n'}
[2.150645] (px4_msgs) StdoutLine: {'line': b'-- Up-to-date: /home/harsh/ros2_project/install/px4_msgs/lib/python3.12/site-packages/px4_msgs/msg/_vehicle_angular_velocity_s.c\n'}
[2.150717] (px4_msgs) StdoutLine: {'line': b'-- Up-to-date: /home/harsh/ros2_project/install/px4_msgs/lib/python3.12/site-packages/px4_msgs/msg/_rtl_time_estimate.py\n'}
[2.150787] (px4_msgs) StdoutLine: {'line': b'-- Up-to-date: /home/harsh/ros2_project/install/px4_msgs/lib/python3.12/site-packages/px4_msgs/msg/_rpm.py\n'}
[2.150856] (px4_msgs) StdoutLine: {'line': b'-- Up-to-date: /home/harsh/ros2_project/install/px4_msgs/lib/python3.12/site-packages/px4_msgs/msg/_sensor_mag.py\n'}
[2.150924] (px4_msgs) StdoutLine: {'line': b'-- Up-to-date: /home/harsh/ros2_project/install/px4_msgs/lib/python3.12/site-packages/px4_msgs/msg/_debug_key_value_s.c\n'}
[2.150995] (px4_msgs) StdoutLine: {'line': b'-- Up-to-date: /home/harsh/ros2_project/install/px4_msgs/lib/python3.12/site-packages/px4_msgs/msg/_actuator_outputs_s.c\n'}
[2.151063] (px4_msgs) StdoutLine: {'line': b'-- Up-to-date: /home/harsh/ros2_project/install/px4_msgs/lib/python3.12/site-packages/px4_msgs/msg/_trajectory_bezier.py\n'}
[2.151131] (px4_msgs) StdoutLine: {'line': b'-- Up-to-date: /home/harsh/ros2_project/install/px4_msgs/lib/python3.12/site-packages/px4_msgs/msg/_mode_completed.py\n'}
[2.151200] (px4_msgs) StdoutLine: {'line': b'-- Up-to-date: /home/harsh/ros2_project/install/px4_msgs/lib/python3.12/site-packages/px4_msgs/msg/_gpio_request_s.c\n'}
[2.151306] (px4_msgs) StdoutLine: {'line': b'-- Up-to-date: /home/harsh/ros2_project/install/px4_msgs/lib/python3.12/site-packages/px4_msgs/msg/_vehicle_control_mode.py\n'}
[2.151438] (px4_msgs) StdoutLine: {'line': b'-- Up-to-date: /home/harsh/ros2_project/install/px4_msgs/lib/python3.12/site-packages/px4_msgs/msg/_sensor_gyro_fft_s.c\n'}
[2.151511] (px4_msgs) StdoutLine: {'line': b'-- Up-to-date: /home/harsh/ros2_project/install/px4_msgs/lib/python3.12/site-packages/px4_msgs/msg/_irlock_report.py\n'}
[2.151582] (px4_msgs) StdoutLine: {'line': b'-- Up-to-date: /home/harsh/ros2_project/install/px4_msgs/lib/python3.12/site-packages/px4_msgs/msg/_vehicle_thrust_setpoint_s.c\n'}
[2.151654] (px4_msgs) StdoutLine: {'line': b'-- Up-to-date: /home/harsh/ros2_project/install/px4_msgs/lib/python3.12/site-packages/px4_msgs/msg/_vehicle_command_s.c\n'}
[2.151723] (px4_msgs) StdoutLine: {'line': b'-- Up-to-date: /home/harsh/ros2_project/install/px4_msgs/lib/python3.12/site-packages/px4_msgs/msg/_actuator_motors_s.c\n'}
[2.151792] (px4_msgs) StdoutLine: {'line': b'-- Up-to-date: /home/harsh/ros2_project/install/px4_msgs/lib/python3.12/site-packages/px4_msgs/msg/_sensor_gnss_relative.py\n'}
[2.151861] (px4_msgs) StdoutLine: {'line': b'-- Up-to-date: /home/harsh/ros2_project/install/px4_msgs/lib/python3.12/site-packages/px4_msgs/msg/_camera_trigger.py\n'}
[2.151929] (px4_msgs) StdoutLine: {'line': b'-- Up-to-date: /home/harsh/ros2_project/install/px4_msgs/lib/python3.12/site-packages/px4_msgs/msg/_px4io_status_s.c\n'}
[2.151998] (px4_msgs) StdoutLine: {'line': b'-- Up-to-date: /home/harsh/ros2_project/install/px4_msgs/lib/python3.12/site-packages/px4_msgs/msg/_message_format_request_s.c\n'}
[2.152065] (px4_msgs) StdoutLine: {'line': b'-- Up-to-date: /home/harsh/ros2_project/install/px4_msgs/lib/python3.12/site-packages/px4_msgs/msg/_logger_status_s.c\n'}
[2.152132] (px4_msgs) StdoutLine: {'line': b'-- Up-to-date: /home/harsh/ros2_project/install/px4_msgs/lib/python3.12/site-packages/px4_msgs/msg/_qshell_retval_s.c\n'}
[2.152199] (px4_msgs) StdoutLine: {'line': b'-- Up-to-date: /home/harsh/ros2_project/install/px4_msgs/lib/python3.12/site-packages/px4_msgs/msg/_ekf2_timestamps.py\n'}
[2.152276] (px4_msgs) StdoutLine: {'line': b'-- Up-to-date: /home/harsh/ros2_project/install/px4_msgs/lib/python3.12/site-packages/px4_msgs/msg/_message_format_response_s.c\n'}
[2.152339] (px4_msgs) StdoutLine: {'line': b'-- Up-to-date: /home/harsh/ros2_project/install/px4_msgs/lib/python3.12/site-packages/px4_msgs/msg/_sensor_gyro_fft.py\n'}
[2.152395] (px4_msgs) StdoutLine: {'line': b'-- Up-to-date: /home/harsh/ros2_project/install/px4_msgs/lib/python3.12/site-packages/px4_msgs/msg/_vehicle_trajectory_bezier.py\n'}
[2.152454] (px4_msgs) StdoutLine: {'line': b'-- Up-to-date: /home/harsh/ros2_project/install/px4_msgs/lib/python3.12/site-packages/px4_msgs/msg/_manual_control_switches.py\n'}
[2.152511] (px4_msgs) StdoutLine: {'line': b'-- Up-to-date: /home/harsh/ros2_project/install/px4_msgs/lib/python3.12/site-packages/px4_msgs/msg/_collision_report.py\n'}
[2.152569] (px4_msgs) StdoutLine: {'line': b'-- Up-to-date: /home/harsh/ros2_project/install/px4_msgs/lib/python3.12/site-packages/px4_msgs/_px4_msgs_s.ep.rosidl_typesupport_introspection_c.c\n'}
[2.152629] (px4_msgs) StdoutLine: {'line': b'-- Up-to-date: /home/harsh/ros2_project/install/px4_msgs/lib/python3.12/site-packages/px4_msgs/_px4_msgs_s.ep.rosidl_typesupport_c.c\n'}
[2.152687] (px4_msgs) StdoutLine: {'line': b'-- Up-to-date: /home/harsh/ros2_project/install/px4_msgs/lib/python3.12/site-packages/px4_msgs/srv\n'}
[2.152797] (px4_msgs) StdoutLine: {'line': b'-- Up-to-date: /home/harsh/ros2_project/install/px4_msgs/lib/python3.12/site-packages/px4_msgs/srv/__init__.py\n'}
[2.152864] (px4_msgs) StdoutLine: {'line': b'-- Up-to-date: /home/harsh/ros2_project/install/px4_msgs/lib/python3.12/site-packages/px4_msgs/srv/_vehicle_command.py\n'}
[2.152921] (px4_msgs) StdoutLine: {'line': b'-- Up-to-date: /home/harsh/ros2_project/install/px4_msgs/lib/python3.12/site-packages/px4_msgs/srv/_vehicle_command_s.c\n'}
[2.152980] (px4_msgs) StdoutLine: {'line': b'-- Up-to-date: /home/harsh/ros2_project/install/px4_msgs/lib/python3.12/site-packages/px4_msgs/_px4_msgs_s.ep.rosidl_typesupport_fastrtps_c.c\n'}
[2.153038] (px4_msgs) StdoutLine: {'line': b"Listing '/home/harsh/ros2_project/install/px4_msgs/lib/python3.12/site-packages/px4_msgs'...\n"}
[2.153096] (px4_msgs) StdoutLine: {'line': b"Listing '/home/harsh/ros2_project/install/px4_msgs/lib/python3.12/site-packages/px4_msgs/msg'...\n"}
[2.153158] (px4_msgs) StdoutLine: {'line': b"Listing '/home/harsh/ros2_project/install/px4_msgs/lib/python3.12/site-packages/px4_msgs/srv'...\n"}
[2.153218] (px4_msgs) StdoutLine: {'line': b'-- Up-to-date: /home/harsh/ros2_project/install/px4_msgs/lib/python3.12/site-packages/px4_msgs/px4_msgs_s__rosidl_typesupport_fastrtps_c.so\n'}
[2.153295] (px4_msgs) StdoutLine: {'line': b'-- Up-to-date: /home/harsh/ros2_project/install/px4_msgs/lib/python3.12/site-packages/px4_msgs/px4_msgs_s__rosidl_typesupport_introspection_c.so\n'}
[2.153371] (px4_msgs) StdoutLine: {'line': b'-- Up-to-date: /home/harsh/ros2_project/install/px4_msgs/lib/python3.12/site-packages/px4_msgs/px4_msgs_s__rosidl_typesupport_c.so\n'}
[2.153444] (px4_msgs) StdoutLine: {'line': b'-- Up-to-date: /home/harsh/ros2_project/install/px4_msgs/lib/libpx4_msgs__rosidl_generator_py.so\n'}
[2.153507] (px4_msgs) StdoutLine: {'line': b'-- Up-to-date: /home/harsh/ros2_project/install/px4_msgs/share/px4_msgs/msg/ActionRequest.idl\n'}
[2.153569] (px4_msgs) StdoutLine: {'line': b'-- Up-to-date: /home/harsh/ros2_project/install/px4_msgs/share/px4_msgs/msg/ActuatorArmed.idl\n'}
[2.153626] (px4_msgs) StdoutLine: {'line': b'-- Up-to-date: /home/harsh/ros2_project/install/px4_msgs/share/px4_msgs/msg/ActuatorControlsStatus.idl\n'}
[2.153683] (px4_msgs) StdoutLine: {'line': b'-- Up-to-date: /home/harsh/ros2_project/install/px4_msgs/share/px4_msgs/msg/ActuatorMotors.idl\n'}
[2.153789] (px4_msgs) StdoutLine: {'line': b'-- Up-to-date: /home/harsh/ros2_project/install/px4_msgs/share/px4_msgs/msg/ActuatorOutputs.idl\n'}
[2.153845] (px4_msgs) StdoutLine: {'line': b'-- Up-to-date: /home/harsh/ros2_project/install/px4_msgs/share/px4_msgs/msg/ActuatorServos.idl\n'}
[2.153900] (px4_msgs) StdoutLine: {'line': b'-- Up-to-date: /home/harsh/ros2_project/install/px4_msgs/share/px4_msgs/msg/ActuatorServosTrim.idl\n'}
[2.153979] (px4_msgs) StdoutLine: {'line': b'-- Up-to-date: /home/harsh/ros2_project/install/px4_msgs/share/px4_msgs/msg/ActuatorTest.idl\n'}
[2.154037] (px4_msgs) StdoutLine: {'line': b'-- Up-to-date: /home/harsh/ros2_project/install/px4_msgs/share/px4_msgs/msg/AdcReport.idl\n'}
[2.154093] (px4_msgs) StdoutLine: {'line': b'-- Up-to-date: /home/harsh/ros2_project/install/px4_msgs/share/px4_msgs/msg/Airspeed.idl\n'}
[2.154149] (px4_msgs) StdoutLine: {'line': b'-- Up-to-date: /home/harsh/ros2_project/install/px4_msgs/share/px4_msgs/msg/AirspeedValidated.idl\n'}
[2.154206] (px4_msgs) StdoutLine: {'line': b'-- Up-to-date: /home/harsh/ros2_project/install/px4_msgs/share/px4_msgs/msg/AirspeedWind.idl\n'}
[2.154274] (px4_msgs) StdoutLine: {'line': b'-- Up-to-date: /home/harsh/ros2_project/install/px4_msgs/share/px4_msgs/msg/ArmingCheckReply.idl\n'}
[2.154332] (px4_msgs) StdoutLine: {'line': b'-- Up-to-date: /home/harsh/ros2_project/install/px4_msgs/share/px4_msgs/msg/ArmingCheckRequest.idl\n'}
[2.154388] (px4_msgs) StdoutLine: {'line': b'-- Up-to-date: /home/harsh/ros2_project/install/px4_msgs/share/px4_msgs/msg/AutotuneAttitudeControlStatus.idl\n'}
[2.154444] (px4_msgs) StdoutLine: {'line': b'-- Up-to-date: /home/harsh/ros2_project/install/px4_msgs/share/px4_msgs/msg/BatteryStatus.idl\n'}
[2.154498] (px4_msgs) StdoutLine: {'line': b'-- Up-to-date: /home/harsh/ros2_project/install/px4_msgs/share/px4_msgs/msg/Buffer128.idl\n'}
[2.154552] (px4_msgs) StdoutLine: {'line': b'-- Up-to-date: /home/harsh/ros2_project/install/px4_msgs/share/px4_msgs/msg/ButtonEvent.idl\n'}
[2.154605] (px4_msgs) StdoutLine: {'line': b'-- Up-to-date: /home/harsh/ros2_project/install/px4_msgs/share/px4_msgs/msg/CameraCapture.idl\n'}
[2.154659] (px4_msgs) StdoutLine: {'line': b'-- Up-to-date: /home/harsh/ros2_project/install/px4_msgs/share/px4_msgs/msg/CameraStatus.idl\n'}
[2.154714] (px4_msgs) StdoutLine: {'line': b'-- Up-to-date: /home/harsh/ros2_project/install/px4_msgs/share/px4_msgs/msg/CameraTrigger.idl\n'}
[2.154770] (px4_msgs) StdoutLine: {'line': b'-- Up-to-date: /home/harsh/ros2_project/install/px4_msgs/share/px4_msgs/msg/CanInterfaceStatus.idl\n'}
[2.154824] (px4_msgs) StdoutLine: {'line': b'-- Up-to-date: /home/harsh/ros2_project/install/px4_msgs/share/px4_msgs/msg/CellularStatus.idl\n'}
[2.154878] (px4_msgs) StdoutLine: {'line': b'-- Up-to-date: /home/harsh/ros2_project/install/px4_msgs/share/px4_msgs/msg/CollisionConstraints.idl\n'}
[2.154931] (px4_msgs) StdoutLine: {'line': b'-- Up-to-date: /home/harsh/ros2_project/install/px4_msgs/share/px4_msgs/msg/CollisionReport.idl\n'}
[2.154985] (px4_msgs) StdoutLine: {'line': b'-- Up-to-date: /home/harsh/ros2_project/install/px4_msgs/share/px4_msgs/msg/ConfigOverrides.idl\n'}
[2.155043] (px4_msgs) StdoutLine: {'line': b'-- Up-to-date: /home/harsh/ros2_project/install/px4_msgs/share/px4_msgs/msg/ControlAllocatorStatus.idl\n'}
[2.155101] (px4_msgs) StdoutLine: {'line': b'-- Up-to-date: /home/harsh/ros2_project/install/px4_msgs/share/px4_msgs/msg/Cpuload.idl\n'}
[2.155161] (px4_msgs) StdoutLine: {'line': b'-- Up-to-date: /home/harsh/ros2_project/install/px4_msgs/share/px4_msgs/msg/DatamanRequest.idl\n'}
[2.155219] (px4_msgs) StdoutLine: {'line': b'-- Up-to-date: /home/harsh/ros2_project/install/px4_msgs/share/px4_msgs/msg/DatamanResponse.idl\n'}
[2.155286] (px4_msgs) StdoutLine: {'line': b'-- Up-to-date: /home/harsh/ros2_project/install/px4_msgs/share/px4_msgs/msg/DebugArray.idl\n'}
[2.155343] (px4_msgs) StdoutLine: {'line': b'-- Up-to-date: /home/harsh/ros2_project/install/px4_msgs/share/px4_msgs/msg/DebugKeyValue.idl\n'}
[2.155398] (px4_msgs) StdoutLine: {'line': b'-- Up-to-date: /home/harsh/ros2_project/install/px4_msgs/share/px4_msgs/msg/DebugValue.idl\n'}
[2.155456] (px4_msgs) StdoutLine: {'line': b'-- Up-to-date: /home/harsh/ros2_project/install/px4_msgs/share/px4_msgs/msg/DebugVect.idl\n'}
[2.155512] (px4_msgs) StdoutLine: {'line': b'-- Up-to-date: /home/harsh/ros2_project/install/px4_msgs/share/px4_msgs/msg/DifferentialDriveSetpoint.idl\n'}
[2.155569] (px4_msgs) StdoutLine: {'line': b'-- Up-to-date: /home/harsh/ros2_project/install/px4_msgs/share/px4_msgs/msg/DifferentialPressure.idl\n'}
[2.155628] (px4_msgs) StdoutLine: {'line': b'-- Up-to-date: /home/harsh/ros2_project/install/px4_msgs/share/px4_msgs/msg/DistanceSensor.idl\n'}
[2.155684] (px4_msgs) StdoutLine: {'line': b'-- Up-to-date: /home/harsh/ros2_project/install/px4_msgs/share/px4_msgs/msg/Ekf2Timestamps.idl\n'}
[2.155739] (px4_msgs) StdoutLine: {'line': b'-- Up-to-date: /home/harsh/ros2_project/install/px4_msgs/share/px4_msgs/msg/EscReport.idl\n'}
[2.155795] (px4_msgs) StdoutLine: {'line': b'-- Up-to-date: /home/harsh/ros2_project/install/px4_msgs/share/px4_msgs/msg/EscStatus.idl\n'}
[2.155849] (px4_msgs) StdoutLine: {'line': b'-- Up-to-date: /home/harsh/ros2_project/install/px4_msgs/share/px4_msgs/msg/EstimatorAidSource1d.idl\n'}
[2.155903] (px4_msgs) StdoutLine: {'line': b'-- Up-to-date: /home/harsh/ros2_project/install/px4_msgs/share/px4_msgs/msg/EstimatorAidSource2d.idl\n'}
[2.155958] (px4_msgs) StdoutLine: {'line': b'-- Up-to-date: /home/harsh/ros2_project/install/px4_msgs/share/px4_msgs/msg/EstimatorAidSource3d.idl\n'}
[2.156014] (px4_msgs) StdoutLine: {'line': b'-- Up-to-date: /home/harsh/ros2_project/install/px4_msgs/share/px4_msgs/msg/EstimatorBias.idl\n'}
[2.156069] (px4_msgs) StdoutLine: {'line': b'-- Up-to-date: /home/harsh/ros2_project/install/px4_msgs/share/px4_msgs/msg/EstimatorBias3d.idl\n'}
[2.156123] (px4_msgs) StdoutLine: {'line': b'-- Up-to-date: /home/harsh/ros2_project/install/px4_msgs/share/px4_msgs/msg/EstimatorEventFlags.idl\n'}
[2.156177] (px4_msgs) StdoutLine: {'line': b'-- Up-to-date: /home/harsh/ros2_project/install/px4_msgs/share/px4_msgs/msg/EstimatorGpsStatus.idl\n'}
[2.156241] (px4_msgs) StdoutLine: {'line': b'-- Up-to-date: /home/harsh/ros2_project/install/px4_msgs/share/px4_msgs/msg/EstimatorInnovations.idl\n'}
[2.156308] (px4_msgs) StdoutLine: {'line': b'-- Up-to-date: /home/harsh/ros2_project/install/px4_msgs/share/px4_msgs/msg/EstimatorSelectorStatus.idl\n'}
[2.156370] (px4_msgs) StdoutLine: {'line': b'-- Up-to-date: /home/harsh/ros2_project/install/px4_msgs/share/px4_msgs/msg/EstimatorSensorBias.idl\n'}
[2.156427] (px4_msgs) StdoutLine: {'line': b'-- Up-to-date: /home/harsh/ros2_project/install/px4_msgs/share/px4_msgs/msg/EstimatorStates.idl\n'}
[2.156485] (px4_msgs) StdoutLine: {'line': b'-- Up-to-date: /home/harsh/ros2_project/install/px4_msgs/share/px4_msgs/msg/EstimatorStatus.idl\n'}
[2.156543] (px4_msgs) StdoutLine: {'line': b'-- Up-to-date: /home/harsh/ros2_project/install/px4_msgs/share/px4_msgs/msg/EstimatorStatusFlags.idl\n'}
[2.156599] (px4_msgs) StdoutLine: {'line': b'-- Up-to-date: /home/harsh/ros2_project/install/px4_msgs/share/px4_msgs/msg/Event.idl\n'}
[2.156654] (px4_msgs) StdoutLine: {'line': b'-- Up-to-date: /home/harsh/ros2_project/install/px4_msgs/share/px4_msgs/msg/FailsafeFlags.idl\n'}
[2.156712] (px4_msgs) StdoutLine: {'line': b'-- Up-to-date: /home/harsh/ros2_project/install/px4_msgs/share/px4_msgs/msg/FailureDetectorStatus.idl\n'}
[2.156769] (px4_msgs) StdoutLine: {'line': b'-- Up-to-date: /home/harsh/ros2_project/install/px4_msgs/share/px4_msgs/msg/FigureEightStatus.idl\n'}
[2.156826] (px4_msgs) StdoutLine: {'line': b'-- Up-to-date: /home/harsh/ros2_project/install/px4_msgs/share/px4_msgs/msg/FlightPhaseEstimation.idl\n'}
[2.156881] (px4_msgs) StdoutLine: {'line': b'-- Up-to-date: /home/harsh/ros2_project/install/px4_msgs/share/px4_msgs/msg/FollowTarget.idl\n'}
[2.156938] (px4_msgs) StdoutLine: {'line': b'-- Up-to-date: /home/harsh/ros2_project/install/px4_msgs/share/px4_msgs/msg/FollowTargetEstimator.idl\n'}
[2.157009] (px4_msgs) StdoutLine: {'line': b'-- Up-to-date: /home/harsh/ros2_project/install/px4_msgs/share/px4_msgs/msg/FollowTargetStatus.idl\n'}
[2.157244] (px4_msgs) StdoutLine: {'line': b'-- Up-to-date: /home/harsh/ros2_project/install/px4_msgs/share/px4_msgs/msg/GeneratorStatus.idl\n'}
[2.157312] (px4_msgs) StdoutLine: {'line': b'-- Up-to-date: /home/harsh/ros2_project/install/px4_msgs/share/px4_msgs/msg/GeofenceResult.idl\n'}
[2.157404] (px4_msgs) StdoutLine: {'line': b'-- Up-to-date: /home/harsh/ros2_project/install/px4_msgs/share/px4_msgs/msg/GeofenceStatus.idl\n'}
[2.157491] (px4_msgs) StdoutLine: {'line': b'-- Up-to-date: /home/harsh/ros2_project/install/px4_msgs/share/px4_msgs/msg/GimbalControls.idl\n'}
[2.157570] (px4_msgs) StdoutLine: {'line': b'-- Up-to-date: /home/harsh/ros2_project/install/px4_msgs/share/px4_msgs/msg/GimbalDeviceAttitudeStatus.idl\n'}
[2.157635] (px4_msgs) StdoutLine: {'line': b'-- Up-to-date: /home/harsh/ros2_project/install/px4_msgs/share/px4_msgs/msg/GimbalDeviceInformation.idl\n'}
[2.157699] (px4_msgs) StdoutLine: {'line': b'-- Up-to-date: /home/harsh/ros2_project/install/px4_msgs/share/px4_msgs/msg/GimbalDeviceSetAttitude.idl\n'}
[2.157940] (px4_msgs) StdoutLine: {'line': b'-- Up-to-date: /home/harsh/ros2_project/install/px4_msgs/share/px4_msgs/msg/GimbalManagerInformation.idl\n'}
[2.158012] (px4_msgs) StdoutLine: {'line': b'-- Up-to-date: /home/harsh/ros2_project/install/px4_msgs/share/px4_msgs/msg/GimbalManagerSetAttitude.idl\n'}
[2.158076] (px4_msgs) StdoutLine: {'line': b'-- Up-to-date: /home/harsh/ros2_project/install/px4_msgs/share/px4_msgs/msg/GimbalManagerSetManualControl.idl\n'}
[2.158134] (px4_msgs) StdoutLine: {'line': b'-- Up-to-date: /home/harsh/ros2_project/install/px4_msgs/share/px4_msgs/msg/GimbalManagerStatus.idl\n'}
[2.158192] (px4_msgs) StdoutLine: {'line': b'-- Up-to-date: /home/harsh/ros2_project/install/px4_msgs/share/px4_msgs/msg/GotoSetpoint.idl\n'}
[2.158271] (px4_msgs) StdoutLine: {'line': b'-- Up-to-date: /home/harsh/ros2_project/install/px4_msgs/share/px4_msgs/msg/GpioConfig.idl\n'}
[2.158337] (px4_msgs) StdoutLine: {'line': b'-- Up-to-date: /home/harsh/ros2_project/install/px4_msgs/share/px4_msgs/msg/GpioIn.idl\n'}
[2.158397] (px4_msgs) StdoutLine: {'line': b'-- Up-to-date: /home/harsh/ros2_project/install/px4_msgs/share/px4_msgs/msg/GpioOut.idl\n'}
[2.158455] (px4_msgs) StdoutLine: {'line': b'-- Up-to-date: /home/harsh/ros2_project/install/px4_msgs/share/px4_msgs/msg/GpioRequest.idl\n'}
[2.158512] (px4_msgs) StdoutLine: {'line': b'-- Up-to-date: /home/harsh/ros2_project/install/px4_msgs/share/px4_msgs/msg/GpsDump.idl\n'}
[2.158567] (px4_msgs) StdoutLine: {'line': b'-- Up-to-date: /home/harsh/ros2_project/install/px4_msgs/share/px4_msgs/msg/GpsInjectData.idl\n'}
[2.158622] (px4_msgs) StdoutLine: {'line': b'-- Up-to-date: /home/harsh/ros2_project/install/px4_msgs/share/px4_msgs/msg/Gripper.idl\n'}
[2.158677] (px4_msgs) StdoutLine: {'line': b'-- Up-to-date: /home/harsh/ros2_project/install/px4_msgs/share/px4_msgs/msg/HealthReport.idl\n'}
[2.158732] (px4_msgs) StdoutLine: {'line': b'-- Up-to-date: /home/harsh/ros2_project/install/px4_msgs/share/px4_msgs/msg/HeaterStatus.idl\n'}
[2.158788] (px4_msgs) StdoutLine: {'line': b'-- Up-to-date: /home/harsh/ros2_project/install/px4_msgs/share/px4_msgs/msg/HomePosition.idl\n'}
[2.158885] (px4_msgs) StdoutLine: {'line': b'-- Up-to-date: /home/harsh/ros2_project/install/px4_msgs/share/px4_msgs/msg/HoverThrustEstimate.idl\n'}
[2.158968] (px4_msgs) StdoutLine: {'line': b'-- Up-to-date: /home/harsh/ros2_project/install/px4_msgs/share/px4_msgs/msg/InputRc.idl\n'}
[2.159041] (px4_msgs) StdoutLine: {'line': b'-- Up-to-date: /home/harsh/ros2_project/install/px4_msgs/share/px4_msgs/msg/InternalCombustionEngineStatus.idl\n'}
[2.159111] (px4_msgs) StdoutLine: {'line': b'-- Up-to-date: /home/harsh/ros2_project/install/px4_msgs/share/px4_msgs/msg/IridiumsbdStatus.idl\n'}
[2.159196] (px4_msgs) StdoutLine: {'line': b'-- Up-to-date: /home/harsh/ros2_project/install/px4_msgs/share/px4_msgs/msg/IrlockReport.idl\n'}
[2.159332] (px4_msgs) StdoutLine: {'line': b'-- Up-to-date: /home/harsh/ros2_project/install/px4_msgs/share/px4_msgs/msg/LandingGear.idl\n'}
[2.159499] (px4_msgs) StdoutLine: {'line': b'-- Up-to-date: /home/harsh/ros2_project/install/px4_msgs/share/px4_msgs/msg/LandingGearWheel.idl\n'}
[2.159565] (px4_msgs) StdoutLine: {'line': b'-- Up-to-date: /home/harsh/ros2_project/install/px4_msgs/share/px4_msgs/msg/LandingTargetInnovations.idl\n'}
[2.159623] (px4_msgs) StdoutLine: {'line': b'-- Up-to-date: /home/harsh/ros2_project/install/px4_msgs/share/px4_msgs/msg/LandingTargetPose.idl\n'}
[2.159684] (px4_msgs) StdoutLine: {'line': b'-- Up-to-date: /home/harsh/ros2_project/install/px4_msgs/share/px4_msgs/msg/LaunchDetectionStatus.idl\n'}
[2.159741] (px4_msgs) StdoutLine: {'line': b'-- Up-to-date: /home/harsh/ros2_project/install/px4_msgs/share/px4_msgs/msg/LedControl.idl\n'}
[2.159797] (px4_msgs) StdoutLine: {'line': b'-- Up-to-date: /home/harsh/ros2_project/install/px4_msgs/share/px4_msgs/msg/LogMessage.idl\n'}
[2.159855] (px4_msgs) StdoutLine: {'line': b'-- Up-to-date: /home/harsh/ros2_project/install/px4_msgs/share/px4_msgs/msg/LoggerStatus.idl\n'}
[2.159910] (px4_msgs) StdoutLine: {'line': b'-- Up-to-date: /home/harsh/ros2_project/install/px4_msgs/share/px4_msgs/msg/MagWorkerData.idl\n'}
[2.159962] (px4_msgs) StdoutLine: {'line': b'-- Up-to-date: /home/harsh/ros2_project/install/px4_msgs/share/px4_msgs/msg/MagnetometerBiasEstimate.idl\n'}
[2.160016] (px4_msgs) StdoutLine: {'line': b'-- Up-to-date: /home/harsh/ros2_project/install/px4_msgs/share/px4_msgs/msg/ManualControlSetpoint.idl\n'}
[2.160078] (px4_msgs) StdoutLine: {'line': b'-- Up-to-date: /home/harsh/ros2_project/install/px4_msgs/share/px4_msgs/msg/ManualControlSwitches.idl\n'}
[2.160138] (px4_msgs) StdoutLine: {'line': b'-- Up-to-date: /home/harsh/ros2_project/install/px4_msgs/share/px4_msgs/msg/MavlinkLog.idl\n'}
[2.160196] (px4_msgs) StdoutLine: {'line': b'-- Up-to-date: /home/harsh/ros2_project/install/px4_msgs/share/px4_msgs/msg/MavlinkTunnel.idl\n'}
[2.160262] (px4_msgs) StdoutLine: {'line': b'-- Up-to-date: /home/harsh/ros2_project/install/px4_msgs/share/px4_msgs/msg/MessageFormatRequest.idl\n'}
[2.160319] (px4_msgs) StdoutLine: {'line': b'-- Up-to-date: /home/harsh/ros2_project/install/px4_msgs/share/px4_msgs/msg/MessageFormatResponse.idl\n'}
[2.160375] (px4_msgs) StdoutLine: {'line': b'-- Up-to-date: /home/harsh/ros2_project/install/px4_msgs/share/px4_msgs/msg/Mission.idl\n'}
[2.160449] (px4_msgs) StdoutLine: {'line': b'-- Up-to-date: /home/harsh/ros2_project/install/px4_msgs/share/px4_msgs/msg/MissionResult.idl\n'}
[2.160521] (px4_msgs) StdoutLine: {'line': b'-- Up-to-date: /home/harsh/ros2_project/install/px4_msgs/share/px4_msgs/msg/ModeCompleted.idl\n'}
[2.160604] (px4_msgs) StdoutLine: {'line': b'-- Up-to-date: /home/harsh/ros2_project/install/px4_msgs/share/px4_msgs/msg/MountOrientation.idl\n'}
[2.160669] (px4_msgs) StdoutLine: {'line': b'-- Up-to-date: /home/harsh/ros2_project/install/px4_msgs/share/px4_msgs/msg/NavigatorMissionItem.idl\n'}
[2.160727] (px4_msgs) StdoutLine: {'line': b'-- Up-to-date: /home/harsh/ros2_project/install/px4_msgs/share/px4_msgs/msg/NormalizedUnsignedSetpoint.idl\n'}
[2.160810] (px4_msgs) StdoutLine: {'line': b'-- Up-to-date: /home/harsh/ros2_project/install/px4_msgs/share/px4_msgs/msg/NpfgStatus.idl\n'}
[2.160894] (px4_msgs) StdoutLine: {'line': b'-- Up-to-date: /home/harsh/ros2_project/install/px4_msgs/share/px4_msgs/msg/ObstacleDistance.idl\n'}
[2.160974] (px4_msgs) StdoutLine: {'line': b'-- Up-to-date: /home/harsh/ros2_project/install/px4_msgs/share/px4_msgs/msg/OffboardControlMode.idl\n'}
[2.161038] (px4_msgs) StdoutLine: {'line': b'-- Up-to-date: /home/harsh/ros2_project/install/px4_msgs/share/px4_msgs/msg/OnboardComputerStatus.idl\n'}
[2.161095] (px4_msgs) StdoutLine: {'line': b'-- Up-to-date: /home/harsh/ros2_project/install/px4_msgs/share/px4_msgs/msg/OrbTest.idl\n'}
[2.161185] (px4_msgs) StdoutLine: {'line': b'-- Up-to-date: /home/harsh/ros2_project/install/px4_msgs/share/px4_msgs/msg/OrbTestLarge.idl\n'}
[2.161387] (px4_msgs) StdoutLine: {'line': b'-- Up-to-date: /home/harsh/ros2_project/install/px4_msgs/share/px4_msgs/msg/OrbTestMedium.idl\n'}
[2.161457] (px4_msgs) StdoutLine: {'line': b'-- Up-to-date: /home/harsh/ros2_project/install/px4_msgs/share/px4_msgs/msg/OrbitStatus.idl\n'}
[2.161518] (px4_msgs) StdoutLine: {'line': b'-- Up-to-date: /home/harsh/ros2_project/install/px4_msgs/share/px4_msgs/msg/ParameterResetRequest.idl\n'}
[2.161576] (px4_msgs) StdoutLine: {'line': b'-- Up-to-date: /home/harsh/ros2_project/install/px4_msgs/share/px4_msgs/msg/ParameterSetUsedRequest.idl\n'}
[2.161636] (px4_msgs) StdoutLine: {'line': b'-- Up-to-date: /home/harsh/ros2_project/install/px4_msgs/share/px4_msgs/msg/ParameterSetValueRequest.idl\n'}
[2.161693] (px4_msgs) StdoutLine: {'line': b'-- Up-to-date: /home/harsh/ros2_project/install/px4_msgs/share/px4_msgs/msg/ParameterSetValueResponse.idl\n'}
[2.161749] (px4_msgs) StdoutLine: {'line': b'-- Up-to-date: /home/harsh/ros2_project/install/px4_msgs/share/px4_msgs/msg/ParameterUpdate.idl\n'}
[2.161804] (px4_msgs) StdoutLine: {'line': b'-- Up-to-date: /home/harsh/ros2_project/install/px4_msgs/share/px4_msgs/msg/Ping.idl\n'}
[2.161861] (px4_msgs) StdoutLine: {'line': b'-- Up-to-date: /home/harsh/ros2_project/install/px4_msgs/share/px4_msgs/msg/PositionControllerLandingStatus.idl\n'}
[2.161917] (px4_msgs) StdoutLine: {'line': b'-- Up-to-date: /home/harsh/ros2_project/install/px4_msgs/share/px4_msgs/msg/PositionControllerStatus.idl\n'}
[2.161971] (px4_msgs) StdoutLine: {'line': b'-- Up-to-date: /home/harsh/ros2_project/install/px4_msgs/share/px4_msgs/msg/PositionSetpoint.idl\n'}
[2.162026] (px4_msgs) StdoutLine: {'line': b'-- Up-to-date: /home/harsh/ros2_project/install/px4_msgs/share/px4_msgs/msg/PositionSetpointTriplet.idl\n'}
[2.162117] (px4_msgs) StdoutLine: {'line': b'-- Up-to-date: /home/harsh/ros2_project/install/px4_msgs/share/px4_msgs/msg/PowerButtonState.idl\n'}
[2.162204] (px4_msgs) StdoutLine: {'line': b'-- Up-to-date: /home/harsh/ros2_project/install/px4_msgs/share/px4_msgs/msg/PowerMonitor.idl\n'}
[2.162291] (px4_msgs) StdoutLine: {'line': b'-- Up-to-date: /home/harsh/ros2_project/install/px4_msgs/share/px4_msgs/msg/PpsCapture.idl\n'}
[2.162366] (px4_msgs) StdoutLine: {'line': b'-- Up-to-date: /home/harsh/ros2_project/install/px4_msgs/share/px4_msgs/msg/PwmInput.idl\n'}
[2.162527] (px4_msgs) StdoutLine: {'line': b'-- Up-to-date: /home/harsh/ros2_project/install/px4_msgs/share/px4_msgs/msg/Px4ioStatus.idl\n'}
[2.162611] (px4_msgs) StdoutLine: {'line': b'-- Up-to-date: /home/harsh/ros2_project/install/px4_msgs/share/px4_msgs/msg/QshellReq.idl\n'}
[2.162681] (px4_msgs) StdoutLine: {'line': b'-- Up-to-date: /home/harsh/ros2_project/install/px4_msgs/share/px4_msgs/msg/QshellRetval.idl\n'}
[2.162748] (px4_msgs) StdoutLine: {'line': b'-- Up-to-date: /home/harsh/ros2_project/install/px4_msgs/share/px4_msgs/msg/RadioStatus.idl\n'}
[2.162808] (px4_msgs) StdoutLine: {'line': b'-- Up-to-date: /home/harsh/ros2_project/install/px4_msgs/share/px4_msgs/msg/RateCtrlStatus.idl\n'}
[2.162866] (px4_msgs) StdoutLine: {'line': b'-- Up-to-date: /home/harsh/ros2_project/install/px4_msgs/share/px4_msgs/msg/RcChannels.idl\n'}
[2.162922] (px4_msgs) StdoutLine: {'line': b'-- Up-to-date: /home/harsh/ros2_project/install/px4_msgs/share/px4_msgs/msg/RcParameterMap.idl\n'}
[2.162978] (px4_msgs) StdoutLine: {'line': b'-- Up-to-date: /home/harsh/ros2_project/install/px4_msgs/share/px4_msgs/msg/RegisterExtComponentReply.idl\n'}
[2.163032] (px4_msgs) StdoutLine: {'line': b'-- Up-to-date: /home/harsh/ros2_project/install/px4_msgs/share/px4_msgs/msg/RegisterExtComponentRequest.idl\n'}
[2.163088] (px4_msgs) StdoutLine: {'line': b'-- Up-to-date: /home/harsh/ros2_project/install/px4_msgs/share/px4_msgs/msg/Rpm.idl\n'}
[2.163148] (px4_msgs) StdoutLine: {'line': b'-- Up-to-date: /home/harsh/ros2_project/install/px4_msgs/share/px4_msgs/msg/RtlStatus.idl\n'}
[2.163204] (px4_msgs) StdoutLine: {'line': b'-- Up-to-date: /home/harsh/ros2_project/install/px4_msgs/share/px4_msgs/msg/RtlTimeEstimate.idl\n'}
[2.163270] (px4_msgs) StdoutLine: {'line': b'-- Up-to-date: /home/harsh/ros2_project/install/px4_msgs/share/px4_msgs/msg/SatelliteInfo.idl\n'}
[2.163329] (px4_msgs) StdoutLine: {'line': b'-- Up-to-date: /home/harsh/ros2_project/install/px4_msgs/share/px4_msgs/msg/SensorAccel.idl\n'}
[2.163387] (px4_msgs) StdoutLine: {'line': b'-- Up-to-date: /home/harsh/ros2_project/install/px4_msgs/share/px4_msgs/msg/SensorAccelFifo.idl\n'}
[2.163442] (px4_msgs) StdoutLine: {'line': b'-- Up-to-date: /home/harsh/ros2_project/install/px4_msgs/share/px4_msgs/msg/SensorAirflow.idl\n'}
[2.163501] (px4_msgs) StdoutLine: {'line': b'-- Up-to-date: /home/harsh/ros2_project/install/px4_msgs/share/px4_msgs/msg/SensorBaro.idl\n'}
[2.163557] (px4_msgs) StdoutLine: {'line': b'-- Up-to-date: /home/harsh/ros2_project/install/px4_msgs/share/px4_msgs/msg/SensorCombined.idl\n'}
[2.163615] (px4_msgs) StdoutLine: {'line': b'-- Up-to-date: /home/harsh/ros2_project/install/px4_msgs/share/px4_msgs/msg/SensorCorrection.idl\n'}
[2.163671] (px4_msgs) StdoutLine: {'line': b'-- Up-to-date: /home/harsh/ros2_project/install/px4_msgs/share/px4_msgs/msg/SensorGnssRelative.idl\n'}
[2.163726] (px4_msgs) StdoutLine: {'line': b'-- Up-to-date: /home/harsh/ros2_project/install/px4_msgs/share/px4_msgs/msg/SensorGps.idl\n'}
[2.163780] (px4_msgs) StdoutLine: {'line': b'-- Up-to-date: /home/harsh/ros2_project/install/px4_msgs/share/px4_msgs/msg/SensorGyro.idl\n'}
[2.163833] (px4_msgs) StdoutLine: {'line': b'-- Up-to-date: /home/harsh/ros2_project/install/px4_msgs/share/px4_msgs/msg/SensorGyroFft.idl\n'}
[2.163889] (px4_msgs) StdoutLine: {'line': b'-- Up-to-date: /home/harsh/ros2_project/install/px4_msgs/share/px4_msgs/msg/SensorGyroFifo.idl\n'}
[2.163944] (px4_msgs) StdoutLine: {'line': b'-- Up-to-date: /home/harsh/ros2_project/install/px4_msgs/share/px4_msgs/msg/SensorHygrometer.idl\n'}
[2.163998] (px4_msgs) StdoutLine: {'line': b'-- Up-to-date: /home/harsh/ros2_project/install/px4_msgs/share/px4_msgs/msg/SensorMag.idl\n'}
[2.164054] (px4_msgs) StdoutLine: {'line': b'-- Up-to-date: /home/harsh/ros2_project/install/px4_msgs/share/px4_msgs/msg/SensorOpticalFlow.idl\n'}
[2.164108] (px4_msgs) StdoutLine: {'line': b'-- Up-to-date: /home/harsh/ros2_project/install/px4_msgs/share/px4_msgs/msg/SensorPreflightMag.idl\n'}
[2.164161] (px4_msgs) StdoutLine: {'line': b'-- Up-to-date: /home/harsh/ros2_project/install/px4_msgs/share/px4_msgs/msg/SensorSelection.idl\n'}
[2.164215] (px4_msgs) StdoutLine: {'line': b'-- Up-to-date: /home/harsh/ros2_project/install/px4_msgs/share/px4_msgs/msg/SensorUwb.idl\n'}
[2.164282] (px4_msgs) StdoutLine: {'line': b'-- Up-to-date: /home/harsh/ros2_project/install/px4_msgs/share/px4_msgs/msg/SensorsStatus.idl\n'}
[2.164339] (px4_msgs) StdoutLine: {'line': b'-- Up-to-date: /home/harsh/ros2_project/install/px4_msgs/share/px4_msgs/msg/SensorsStatusImu.idl\n'}
[2.164395] (px4_msgs) StdoutLine: {'line': b'-- Up-to-date: /home/harsh/ros2_project/install/px4_msgs/share/px4_msgs/msg/SystemPower.idl\n'}
[2.164450] (px4_msgs) StdoutLine: {'line': b'-- Up-to-date: /home/harsh/ros2_project/install/px4_msgs/share/px4_msgs/msg/TakeoffStatus.idl\n'}
[2.164504] (px4_msgs) StdoutLine: {'line': b'-- Up-to-date: /home/harsh/ros2_project/install/px4_msgs/share/px4_msgs/msg/TaskStackInfo.idl\n'}
[2.164560] (px4_msgs) StdoutLine: {'line': b'-- Up-to-date: /home/harsh/ros2_project/install/px4_msgs/share/px4_msgs/msg/TecsStatus.idl\n'}
[2.164616] (px4_msgs) StdoutLine: {'line': b'-- Up-to-date: /home/harsh/ros2_project/install/px4_msgs/share/px4_msgs/msg/TelemetryStatus.idl\n'}
[2.164672] (px4_msgs) StdoutLine: {'line': b'-- Up-to-date: /home/harsh/ros2_project/install/px4_msgs/share/px4_msgs/msg/TiltrotorExtraControls.idl\n'}
[2.164728] (px4_msgs) StdoutLine: {'line': b'-- Up-to-date: /home/harsh/ros2_project/install/px4_msgs/share/px4_msgs/msg/TimesyncStatus.idl\n'}
[2.164782] (px4_msgs) StdoutLine: {'line': b'-- Up-to-date: /home/harsh/ros2_project/install/px4_msgs/share/px4_msgs/msg/TrajectoryBezier.idl\n'}
[2.164837] (px4_msgs) StdoutLine: {'line': b'-- Up-to-date: /home/harsh/ros2_project/install/px4_msgs/share/px4_msgs/msg/TrajectorySetpoint.idl\n'}
[2.164892] (px4_msgs) StdoutLine: {'line': b'-- Up-to-date: /home/harsh/ros2_project/install/px4_msgs/share/px4_msgs/msg/TrajectoryWaypoint.idl\n'}
[2.164965] (px4_msgs) StdoutLine: {'line': b'-- Up-to-date: /home/harsh/ros2_project/install/px4_msgs/share/px4_msgs/msg/TransponderReport.idl\n'}
[2.165025] (px4_msgs) StdoutLine: {'line': b'-- Up-to-date: /home/harsh/ros2_project/install/px4_msgs/share/px4_msgs/msg/TuneControl.idl\n'}
[2.165083] (px4_msgs) StdoutLine: {'line': b'-- Up-to-date: /home/harsh/ros2_project/install/px4_msgs/share/px4_msgs/msg/UavcanParameterRequest.idl\n'}
[2.165143] (px4_msgs) StdoutLine: {'line': b'-- Up-to-date: /home/harsh/ros2_project/install/px4_msgs/share/px4_msgs/msg/UavcanParameterValue.idl\n'}
[2.165198] (px4_msgs) StdoutLine: {'line': b'-- Up-to-date: /home/harsh/ros2_project/install/px4_msgs/share/px4_msgs/msg/UlogStream.idl\n'}
[2.165264] (px4_msgs) StdoutLine: {'line': b'-- Up-to-date: /home/harsh/ros2_project/install/px4_msgs/share/px4_msgs/msg/UlogStreamAck.idl\n'}
[2.165322] (px4_msgs) StdoutLine: {'line': b'-- Up-to-date: /home/harsh/ros2_project/install/px4_msgs/share/px4_msgs/msg/UnregisterExtComponent.idl\n'}
[2.165377] (px4_msgs) StdoutLine: {'line': b'-- Up-to-date: /home/harsh/ros2_project/install/px4_msgs/share/px4_msgs/msg/VehicleAcceleration.idl\n'}
[2.165447] (px4_msgs) StdoutLine: {'line': b'-- Up-to-date: /home/harsh/ros2_project/install/px4_msgs/share/px4_msgs/msg/VehicleAirData.idl\n'}
[2.165510] (px4_msgs) StdoutLine: {'line': b'-- Up-to-date: /home/harsh/ros2_project/install/px4_msgs/share/px4_msgs/msg/VehicleAngularAccelerationSetpoint.idl\n'}
[2.165569] (px4_msgs) StdoutLine: {'line': b'-- Up-to-date: /home/harsh/ros2_project/install/px4_msgs/share/px4_msgs/msg/VehicleAngularVelocity.idl\n'}
[2.165625] (px4_msgs) StdoutLine: {'line': b'-- Up-to-date: /home/harsh/ros2_project/install/px4_msgs/share/px4_msgs/msg/VehicleAttitude.idl\n'}
[2.165684] (px4_msgs) StdoutLine: {'line': b'-- Up-to-date: /home/harsh/ros2_project/install/px4_msgs/share/px4_msgs/msg/VehicleAttitudeSetpoint.idl\n'}
[2.165741] (px4_msgs) StdoutLine: {'line': b'-- Up-to-date: /home/harsh/ros2_project/install/px4_msgs/share/px4_msgs/msg/VehicleCommand.idl\n'}
[2.165798] (px4_msgs) StdoutLine: {'line': b'-- Up-to-date: /home/harsh/ros2_project/install/px4_msgs/share/px4_msgs/msg/VehicleCommandAck.idl\n'}
[2.165853] (px4_msgs) StdoutLine: {'line': b'-- Up-to-date: /home/harsh/ros2_project/install/px4_msgs/share/px4_msgs/msg/VehicleConstraints.idl\n'}
[2.165907] (px4_msgs) StdoutLine: {'line': b'-- Up-to-date: /home/harsh/ros2_project/install/px4_msgs/share/px4_msgs/msg/VehicleControlMode.idl\n'}
[2.165963] (px4_msgs) StdoutLine: {'line': b'-- Up-to-date: /home/harsh/ros2_project/install/px4_msgs/share/px4_msgs/msg/VehicleGlobalPosition.idl\n'}
[2.166019] (px4_msgs) StdoutLine: {'line': b'-- Up-to-date: /home/harsh/ros2_project/install/px4_msgs/share/px4_msgs/msg/VehicleImu.idl\n'}
[2.166075] (px4_msgs) StdoutLine: {'line': b'-- Up-to-date: /home/harsh/ros2_project/install/px4_msgs/share/px4_msgs/msg/VehicleImuStatus.idl\n'}
[2.166131] (px4_msgs) StdoutLine: {'line': b'-- Up-to-date: /home/harsh/ros2_project/install/px4_msgs/share/px4_msgs/msg/VehicleLandDetected.idl\n'}
[2.166186] (px4_msgs) StdoutLine: {'line': b'-- Up-to-date: /home/harsh/ros2_project/install/px4_msgs/share/px4_msgs/msg/VehicleLocalPosition.idl\n'}
[2.166254] (px4_msgs) StdoutLine: {'line': b'-- Up-to-date: /home/harsh/ros2_project/install/px4_msgs/share/px4_msgs/msg/VehicleLocalPositionSetpoint.idl\n'}
[2.166317] (px4_msgs) StdoutLine: {'line': b'-- Up-to-date: /home/harsh/ros2_project/install/px4_msgs/share/px4_msgs/msg/VehicleMagnetometer.idl\n'}
[2.166375] (px4_msgs) StdoutLine: {'line': b'-- Up-to-date: /home/harsh/ros2_project/install/px4_msgs/share/px4_msgs/msg/VehicleOdometry.idl\n'}
[2.166434] (px4_msgs) StdoutLine: {'line': b'-- Up-to-date: /home/harsh/ros2_project/install/px4_msgs/share/px4_msgs/msg/VehicleOpticalFlow.idl\n'}
[2.166490] (px4_msgs) StdoutLine: {'line': b'-- Up-to-date: /home/harsh/ros2_project/install/px4_msgs/share/px4_msgs/msg/VehicleOpticalFlowVel.idl\n'}
[2.166551] (px4_msgs) StdoutLine: {'line': b'-- Up-to-date: /home/harsh/ros2_project/install/px4_msgs/share/px4_msgs/msg/VehicleRatesSetpoint.idl\n'}
[2.166610] (px4_msgs) StdoutLine: {'line': b'-- Up-to-date: /home/harsh/ros2_project/install/px4_msgs/share/px4_msgs/msg/VehicleRoi.idl\n'}
[2.166668] (px4_msgs) StdoutLine: {'line': b'-- Up-to-date: /home/harsh/ros2_project/install/px4_msgs/share/px4_msgs/msg/VehicleStatus.idl\n'}
[2.166730] (px4_msgs) StdoutLine: {'line': b'-- Up-to-date: /home/harsh/ros2_project/install/px4_msgs/share/px4_msgs/msg/VehicleThrustSetpoint.idl\n'}
[2.166786] (px4_msgs) StdoutLine: {'line': b'-- Up-to-date: /home/harsh/ros2_project/install/px4_msgs/share/px4_msgs/msg/VehicleTorqueSetpoint.idl\n'}
[2.166845] (px4_msgs) StdoutLine: {'line': b'-- Up-to-date: /home/harsh/ros2_project/install/px4_msgs/share/px4_msgs/msg/VehicleTrajectoryBezier.idl\n'}
[2.166901] (px4_msgs) StdoutLine: {'line': b'-- Up-to-date: /home/harsh/ros2_project/install/px4_msgs/share/px4_msgs/msg/VehicleTrajectoryWaypoint.idl\n'}
[2.166957] (px4_msgs) StdoutLine: {'line': b'-- Up-to-date: /home/harsh/ros2_project/install/px4_msgs/share/px4_msgs/msg/VelocityLimits.idl\n'}
[2.167012] (px4_msgs) StdoutLine: {'line': b'-- Up-to-date: /home/harsh/ros2_project/install/px4_msgs/share/px4_msgs/msg/VtolVehicleStatus.idl\n'}
[2.167069] (px4_msgs) StdoutLine: {'line': b'-- Up-to-date: /home/harsh/ros2_project/install/px4_msgs/share/px4_msgs/msg/WheelEncoders.idl\n'}
[2.167127] (px4_msgs) StdoutLine: {'line': b'-- Up-to-date: /home/harsh/ros2_project/install/px4_msgs/share/px4_msgs/msg/Wind.idl\n'}
[2.167184] (px4_msgs) StdoutLine: {'line': b'-- Up-to-date: /home/harsh/ros2_project/install/px4_msgs/share/px4_msgs/msg/YawEstimatorStatus.idl\n'}
[2.167251] (px4_msgs) StdoutLine: {'line': b'-- Up-to-date: /home/harsh/ros2_project/install/px4_msgs/share/px4_msgs/srv/VehicleCommand.idl\n'}
[2.167313] (px4_msgs) StdoutLine: {'line': b'-- Up-to-date: /home/harsh/ros2_project/install/px4_msgs/share/px4_msgs/msg/ActionRequest.msg\n'}
[2.167371] (px4_msgs) StdoutLine: {'line': b'-- Up-to-date: /home/harsh/ros2_project/install/px4_msgs/share/px4_msgs/msg/ActuatorArmed.msg\n'}
[2.167427] (px4_msgs) StdoutLine: {'line': b'-- Up-to-date: /home/harsh/ros2_project/install/px4_msgs/share/px4_msgs/msg/ActuatorControlsStatus.msg\n'}
[2.167484] (px4_msgs) StdoutLine: {'line': b'-- Up-to-date: /home/harsh/ros2_project/install/px4_msgs/share/px4_msgs/msg/ActuatorMotors.msg\n'}
[2.167540] (px4_msgs) StdoutLine: {'line': b'-- Up-to-date: /home/harsh/ros2_project/install/px4_msgs/share/px4_msgs/msg/ActuatorOutputs.msg\n'}
[2.167596] (px4_msgs) StdoutLine: {'line': b'-- Up-to-date: /home/harsh/ros2_project/install/px4_msgs/share/px4_msgs/msg/ActuatorServos.msg\n'}
[2.167657] (px4_msgs) StdoutLine: {'line': b'-- Up-to-date: /home/harsh/ros2_project/install/px4_msgs/share/px4_msgs/msg/ActuatorServosTrim.msg\n'}
[2.167713] (px4_msgs) StdoutLine: {'line': b'-- Up-to-date: /home/harsh/ros2_project/install/px4_msgs/share/px4_msgs/msg/ActuatorTest.msg\n'}
[2.167772] (px4_msgs) StdoutLine: {'line': b'-- Up-to-date: /home/harsh/ros2_project/install/px4_msgs/share/px4_msgs/msg/AdcReport.msg\n'}
[2.167828] (px4_msgs) StdoutLine: {'line': b'-- Up-to-date: /home/harsh/ros2_project/install/px4_msgs/share/px4_msgs/msg/Airspeed.msg\n'}
[2.167884] (px4_msgs) StdoutLine: {'line': b'-- Up-to-date: /home/harsh/ros2_project/install/px4_msgs/share/px4_msgs/msg/AirspeedValidated.msg\n'}
[2.167940] (px4_msgs) StdoutLine: {'line': b'-- Up-to-date: /home/harsh/ros2_project/install/px4_msgs/share/px4_msgs/msg/AirspeedWind.msg\n'}
[2.167996] (px4_msgs) StdoutLine: {'line': b'-- Up-to-date: /home/harsh/ros2_project/install/px4_msgs/share/px4_msgs/msg/ArmingCheckReply.msg\n'}
[2.168052] (px4_msgs) StdoutLine: {'line': b'-- Up-to-date: /home/harsh/ros2_project/install/px4_msgs/share/px4_msgs/msg/ArmingCheckRequest.msg\n'}
[2.168108] (px4_msgs) StdoutLine: {'line': b'-- Up-to-date: /home/harsh/ros2_project/install/px4_msgs/share/px4_msgs/msg/AutotuneAttitudeControlStatus.msg\n'}
[2.168165] (px4_msgs) StdoutLine: {'line': b'-- Up-to-date: /home/harsh/ros2_project/install/px4_msgs/share/px4_msgs/msg/BatteryStatus.msg\n'}
[2.168221] (px4_msgs) StdoutLine: {'line': b'-- Up-to-date: /home/harsh/ros2_project/install/px4_msgs/share/px4_msgs/msg/Buffer128.msg\n'}
[2.168295] (px4_msgs) StdoutLine: {'line': b'-- Up-to-date: /home/harsh/ros2_project/install/px4_msgs/share/px4_msgs/msg/ButtonEvent.msg\n'}
[2.168356] (px4_msgs) StdoutLine: {'line': b'-- Up-to-date: /home/harsh/ros2_project/install/px4_msgs/share/px4_msgs/msg/CameraCapture.msg\n'}
[2.168411] (px4_msgs) StdoutLine: {'line': b'-- Up-to-date: /home/harsh/ros2_project/install/px4_msgs/share/px4_msgs/msg/CameraStatus.msg\n'}
[2.168466] (px4_msgs) StdoutLine: {'line': b'-- Up-to-date: /home/harsh/ros2_project/install/px4_msgs/share/px4_msgs/msg/CameraTrigger.msg\n'}
[2.168535] (px4_msgs) StdoutLine: {'line': b'-- Up-to-date: /home/harsh/ros2_project/install/px4_msgs/share/px4_msgs/msg/CanInterfaceStatus.msg\n'}
[2.168595] (px4_msgs) StdoutLine: {'line': b'-- Up-to-date: /home/harsh/ros2_project/install/px4_msgs/share/px4_msgs/msg/CellularStatus.msg\n'}
[2.168652] (px4_msgs) StdoutLine: {'line': b'-- Up-to-date: /home/harsh/ros2_project/install/px4_msgs/share/px4_msgs/msg/CollisionConstraints.msg\n'}
[2.168708] (px4_msgs) StdoutLine: {'line': b'-- Up-to-date: /home/harsh/ros2_project/install/px4_msgs/share/px4_msgs/msg/CollisionReport.msg\n'}
[2.168764] (px4_msgs) StdoutLine: {'line': b'-- Up-to-date: /home/harsh/ros2_project/install/px4_msgs/share/px4_msgs/msg/ConfigOverrides.msg\n'}
[2.168819] (px4_msgs) StdoutLine: {'line': b'-- Up-to-date: /home/harsh/ros2_project/install/px4_msgs/share/px4_msgs/msg/ControlAllocatorStatus.msg\n'}
[2.168874] (px4_msgs) StdoutLine: {'line': b'-- Up-to-date: /home/harsh/ros2_project/install/px4_msgs/share/px4_msgs/msg/Cpuload.msg\n'}
[2.168929] (px4_msgs) StdoutLine: {'line': b'-- Up-to-date: /home/harsh/ros2_project/install/px4_msgs/share/px4_msgs/msg/DatamanRequest.msg\n'}
[2.168985] (px4_msgs) StdoutLine: {'line': b'-- Up-to-date: /home/harsh/ros2_project/install/px4_msgs/share/px4_msgs/msg/DatamanResponse.msg\n'}
[2.169042] (px4_msgs) StdoutLine: {'line': b'-- Up-to-date: /home/harsh/ros2_project/install/px4_msgs/share/px4_msgs/msg/DebugArray.msg\n'}
[2.169098] (px4_msgs) StdoutLine: {'line': b'-- Up-to-date: /home/harsh/ros2_project/install/px4_msgs/share/px4_msgs/msg/DebugKeyValue.msg\n'}
[2.169155] (px4_msgs) StdoutLine: {'line': b'-- Up-to-date: /home/harsh/ros2_project/install/px4_msgs/share/px4_msgs/msg/DebugValue.msg\n'}
[2.169212] (px4_msgs) StdoutLine: {'line': b'-- Up-to-date: /home/harsh/ros2_project/install/px4_msgs/share/px4_msgs/msg/DebugVect.msg\n'}
[2.169278] (px4_msgs) StdoutLine: {'line': b'-- Up-to-date: /home/harsh/ros2_project/install/px4_msgs/share/px4_msgs/msg/DifferentialDriveSetpoint.msg\n'}
[2.169335] (px4_msgs) StdoutLine: {'line': b'-- Up-to-date: /home/harsh/ros2_project/install/px4_msgs/share/px4_msgs/msg/DifferentialPressure.msg\n'}
[2.169393] (px4_msgs) StdoutLine: {'line': b'-- Up-to-date: /home/harsh/ros2_project/install/px4_msgs/share/px4_msgs/msg/DistanceSensor.msg\n'}
[2.169450] (px4_msgs) StdoutLine: {'line': b'-- Up-to-date: /home/harsh/ros2_project/install/px4_msgs/share/px4_msgs/msg/Ekf2Timestamps.msg\n'}
[2.169506] (px4_msgs) StdoutLine: {'line': b'-- Up-to-date: /home/harsh/ros2_project/install/px4_msgs/share/px4_msgs/msg/EscReport.msg\n'}
[2.169567] (px4_msgs) StdoutLine: {'line': b'-- Up-to-date: /home/harsh/ros2_project/install/px4_msgs/share/px4_msgs/msg/EscStatus.msg\n'}
[2.169625] (px4_msgs) StdoutLine: {'line': b'-- Up-to-date: /home/harsh/ros2_project/install/px4_msgs/share/px4_msgs/msg/EstimatorAidSource1d.msg\n'}
[2.169683] (px4_msgs) StdoutLine: {'line': b'-- Up-to-date: /home/harsh/ros2_project/install/px4_msgs/share/px4_msgs/msg/EstimatorAidSource2d.msg\n'}
[2.169738] (px4_msgs) StdoutLine: {'line': b'-- Up-to-date: /home/harsh/ros2_project/install/px4_msgs/share/px4_msgs/msg/EstimatorAidSource3d.msg\n'}
[2.169794] (px4_msgs) StdoutLine: {'line': b'-- Up-to-date: /home/harsh/ros2_project/install/px4_msgs/share/px4_msgs/msg/EstimatorBias.msg\n'}
[2.170210] (px4_msgs) StdoutLine: {'line': b'-- Up-to-date: /home/harsh/ros2_project/install/px4_msgs/share/px4_msgs/msg/EstimatorBias3d.msg\n'}
[2.170512] (px4_msgs) StdoutLine: {'line': b'-- Up-to-date: /home/harsh/ros2_project/install/px4_msgs/share/px4_msgs/msg/EstimatorEventFlags.msg\n'}
[2.170609] (px4_msgs) StdoutLine: {'line': b'-- Up-to-date: /home/harsh/ros2_project/install/px4_msgs/share/px4_msgs/msg/EstimatorGpsStatus.msg\n'}
[2.170726] (px4_msgs) StdoutLine: {'line': b'-- Up-to-date: /home/harsh/ros2_project/install/px4_msgs/share/px4_msgs/msg/EstimatorInnovations.msg\n'}
[2.170829] (px4_msgs) StdoutLine: {'line': b'-- Up-to-date: /home/harsh/ros2_project/install/px4_msgs/share/px4_msgs/msg/EstimatorSelectorStatus.msg\n'}
[2.170928] (px4_msgs) StdoutLine: {'line': b'-- Up-to-date: /home/harsh/ros2_project/install/px4_msgs/share/px4_msgs/msg/EstimatorSensorBias.msg\n'}
[2.171014] (px4_msgs) StdoutLine: {'line': b'-- Up-to-date: /home/harsh/ros2_project/install/px4_msgs/share/px4_msgs/msg/EstimatorStates.msg\n'}
[2.171094] (px4_msgs) StdoutLine: {'line': b'-- Up-to-date: /home/harsh/ros2_project/install/px4_msgs/share/px4_msgs/msg/EstimatorStatus.msg\n'}
[2.171177] (px4_msgs) StdoutLine: {'line': b'-- Up-to-date: /home/harsh/ros2_project/install/px4_msgs/share/px4_msgs/msg/EstimatorStatusFlags.msg\n'}
[2.173359] (px4_msgs) StdoutLine: {'line': b'-- Up-to-date: /home/harsh/ros2_project/install/px4_msgs/share/px4_msgs/msg/Event.msg\n'}
[2.173910] (px4_msgs) StdoutLine: {'line': b'-- Up-to-date: /home/harsh/ros2_project/install/px4_msgs/share/px4_msgs/msg/FailsafeFlags.msg\n'}
[2.174113] (px4_msgs) StdoutLine: {'line': b'-- Up-to-date: /home/harsh/ros2_project/install/px4_msgs/share/px4_msgs/msg/FailureDetectorStatus.msg\n'}
[2.174318] (px4_msgs) StdoutLine: {'line': b'-- Up-to-date: /home/harsh/ros2_project/install/px4_msgs/share/px4_msgs/msg/FigureEightStatus.msg\n'}
[2.174894] (px4_msgs) StdoutLine: {'line': b'-- Up-to-date: /home/harsh/ros2_project/install/px4_msgs/share/px4_msgs/msg/FlightPhaseEstimation.msg\n'}
[2.175069] (px4_msgs) StdoutLine: {'line': b'-- Up-to-date: /home/harsh/ros2_project/install/px4_msgs/share/px4_msgs/msg/FollowTarget.msg\n'}
[2.175227] (px4_msgs) StdoutLine: {'line': b'-- Up-to-date: /home/harsh/ros2_project/install/px4_msgs/share/px4_msgs/msg/FollowTargetEstimator.msg\n'}
[2.175727] (px4_msgs) StdoutLine: {'line': b'-- Up-to-date: /home/harsh/ros2_project/install/px4_msgs/share/px4_msgs/msg/FollowTargetStatus.msg\n'}
[2.175903] (px4_msgs) StdoutLine: {'line': b'-- Up-to-date: /home/harsh/ros2_project/install/px4_msgs/share/px4_msgs/msg/GeneratorStatus.msg\n'}
[2.176064] (px4_msgs) StdoutLine: {'line': b'-- Up-to-date: /home/harsh/ros2_project/install/px4_msgs/share/px4_msgs/msg/GeofenceResult.msg\n'}
[2.176245] (px4_msgs) StdoutLine: {'line': b'-- Up-to-date: /home/harsh/ros2_project/install/px4_msgs/share/px4_msgs/msg/GeofenceStatus.msg\n'}
[2.176872] (px4_msgs) StdoutLine: {'line': b'-- Up-to-date: /home/harsh/ros2_project/install/px4_msgs/share/px4_msgs/msg/GimbalControls.msg\n'}
[2.176982] (px4_msgs) StdoutLine: {'line': b'-- Up-to-date: /home/harsh/ros2_project/install/px4_msgs/share/px4_msgs/msg/GimbalDeviceAttitudeStatus.msg\n'}
[2.177079] (px4_msgs) StdoutLine: {'line': b'-- Up-to-date: /home/harsh/ros2_project/install/px4_msgs/share/px4_msgs/msg/GimbalDeviceInformation.msg\n'}
[2.177168] (px4_msgs) StdoutLine: {'line': b'-- Up-to-date: /home/harsh/ros2_project/install/px4_msgs/share/px4_msgs/msg/GimbalDeviceSetAttitude.msg\n'}
[2.177276] (px4_msgs) StdoutLine: {'line': b'-- Up-to-date: /home/harsh/ros2_project/install/px4_msgs/share/px4_msgs/msg/GimbalManagerInformation.msg\n'}
[2.177369] (px4_msgs) StdoutLine: {'line': b'-- Up-to-date: /home/harsh/ros2_project/install/px4_msgs/share/px4_msgs/msg/GimbalManagerSetAttitude.msg\n'}
[2.177462] (px4_msgs) StdoutLine: {'line': b'-- Up-to-date: /home/harsh/ros2_project/install/px4_msgs/share/px4_msgs/msg/GimbalManagerSetManualControl.msg\n'}
[2.177544] (px4_msgs) StdoutLine: {'line': b'-- Up-to-date: /home/harsh/ros2_project/install/px4_msgs/share/px4_msgs/msg/GimbalManagerStatus.msg\n'}
[2.177605] (px4_msgs) StdoutLine: {'line': b'-- Up-to-date: /home/harsh/ros2_project/install/px4_msgs/share/px4_msgs/msg/GotoSetpoint.msg\n'}
[2.177679] (px4_msgs) StdoutLine: {'line': b'-- Up-to-date: /home/harsh/ros2_project/install/px4_msgs/share/px4_msgs/msg/GpioConfig.msg\n'}
[2.177767] (px4_msgs) StdoutLine: {'line': b'-- Up-to-date: /home/harsh/ros2_project/install/px4_msgs/share/px4_msgs/msg/GpioIn.msg\n'}
[2.177829] (px4_msgs) StdoutLine: {'line': b'-- Up-to-date: /home/harsh/ros2_project/install/px4_msgs/share/px4_msgs/msg/GpioOut.msg\n'}
[2.177897] (px4_msgs) StdoutLine: {'line': b'-- Up-to-date: /home/harsh/ros2_project/install/px4_msgs/share/px4_msgs/msg/GpioRequest.msg\n'}
[2.177956] (px4_msgs) StdoutLine: {'line': b'-- Up-to-date: /home/harsh/ros2_project/install/px4_msgs/share/px4_msgs/msg/GpsDump.msg\n'}
[2.178013] (px4_msgs) StdoutLine: {'line': b'-- Up-to-date: /home/harsh/ros2_project/install/px4_msgs/share/px4_msgs/msg/GpsInjectData.msg\n'}
[2.178170] (px4_msgs) StdoutLine: {'line': b'-- Up-to-date: /home/harsh/ros2_project/install/px4_msgs/share/px4_msgs/msg/Gripper.msg\n'}
[2.178260] (px4_msgs) StdoutLine: {'line': b'-- Up-to-date: /home/harsh/ros2_project/install/px4_msgs/share/px4_msgs/msg/HealthReport.msg\n'}
[2.178351] (px4_msgs) StdoutLine: {'line': b'-- Up-to-date: /home/harsh/ros2_project/install/px4_msgs/share/px4_msgs/msg/HeaterStatus.msg\n'}
[2.178440] (px4_msgs) StdoutLine: {'line': b'-- Up-to-date: /home/harsh/ros2_project/install/px4_msgs/share/px4_msgs/msg/HomePosition.msg\n'}
[2.178501] (px4_msgs) StdoutLine: {'line': b'-- Up-to-date: /home/harsh/ros2_project/install/px4_msgs/share/px4_msgs/msg/HoverThrustEstimate.msg\n'}
[2.178572] (px4_msgs) StdoutLine: {'line': b'-- Up-to-date: /home/harsh/ros2_project/install/px4_msgs/share/px4_msgs/msg/InputRc.msg\n'}
[2.178724] (px4_msgs) StdoutLine: {'line': b'-- Up-to-date: /home/harsh/ros2_project/install/px4_msgs/share/px4_msgs/msg/InternalCombustionEngineStatus.msg\n'}
[2.179124] (px4_msgs) StdoutLine: {'line': b'-- Up-to-date: /home/harsh/ros2_project/install/px4_msgs/share/px4_msgs/msg/IridiumsbdStatus.msg\n'}
[2.179383] (px4_msgs) StdoutLine: {'line': b'-- Up-to-date: /home/harsh/ros2_project/install/px4_msgs/share/px4_msgs/msg/IrlockReport.msg\n'}
[2.179592] (px4_msgs) StdoutLine: {'line': b'-- Up-to-date: /home/harsh/ros2_project/install/px4_msgs/share/px4_msgs/msg/LandingGear.msg\n'}
[2.179754] (px4_msgs) StdoutLine: {'line': b'-- Up-to-date: /home/harsh/ros2_project/install/px4_msgs/share/px4_msgs/msg/LandingGearWheel.msg\n'}
[2.179909] (px4_msgs) StdoutLine: {'line': b'-- Up-to-date: /home/harsh/ros2_project/install/px4_msgs/share/px4_msgs/msg/LandingTargetInnovations.msg\n'}
[2.180127] (px4_msgs) StdoutLine: {'line': b'-- Up-to-date: /home/harsh/ros2_project/install/px4_msgs/share/px4_msgs/msg/LandingTargetPose.msg\n'}
[2.180418] (px4_msgs) StdoutLine: {'line': b'-- Up-to-date: /home/harsh/ros2_project/install/px4_msgs/share/px4_msgs/msg/LaunchDetectionStatus.msg\n'}
[2.180673] (px4_msgs) StdoutLine: {'line': b'-- Up-to-date: /home/harsh/ros2_project/install/px4_msgs/share/px4_msgs/msg/LedControl.msg\n'}
[2.180821] (px4_msgs) StdoutLine: {'line': b'-- Up-to-date: /home/harsh/ros2_project/install/px4_msgs/share/px4_msgs/msg/LogMessage.msg\n'}
[2.180955] (px4_msgs) StdoutLine: {'line': b'-- Up-to-date: /home/harsh/ros2_project/install/px4_msgs/share/px4_msgs/msg/LoggerStatus.msg\n'}
[2.181093] (px4_msgs) StdoutLine: {'line': b'-- Up-to-date: /home/harsh/ros2_project/install/px4_msgs/share/px4_msgs/msg/MagWorkerData.msg\n'}
[2.181228] (px4_msgs) StdoutLine: {'line': b'-- Up-to-date: /home/harsh/ros2_project/install/px4_msgs/share/px4_msgs/msg/MagnetometerBiasEstimate.msg\n'}
[2.181468] (px4_msgs) StdoutLine: {'line': b'-- Up-to-date: /home/harsh/ros2_project/install/px4_msgs/share/px4_msgs/msg/ManualControlSetpoint.msg\n'}
[2.181618] (px4_msgs) StdoutLine: {'line': b'-- Up-to-date: /home/harsh/ros2_project/install/px4_msgs/share/px4_msgs/msg/ManualControlSwitches.msg\n'}
[2.181759] (px4_msgs) StdoutLine: {'line': b'-- Up-to-date: /home/harsh/ros2_project/install/px4_msgs/share/px4_msgs/msg/MavlinkLog.msg\n'}
[2.182089] (px4_msgs) StdoutLine: {'line': b'-- Up-to-date: /home/harsh/ros2_project/install/px4_msgs/share/px4_msgs/msg/MavlinkTunnel.msg\n'}
[2.182469] (px4_msgs) StdoutLine: {'line': b'-- Up-to-date: /home/harsh/ros2_project/install/px4_msgs/share/px4_msgs/msg/MessageFormatRequest.msg\n'}
[2.182686] (px4_msgs) StdoutLine: {'line': b'-- Up-to-date: /home/harsh/ros2_project/install/px4_msgs/share/px4_msgs/msg/MessageFormatResponse.msg\n'}
[2.182897] (px4_msgs) StdoutLine: {'line': b'-- Up-to-date: /home/harsh/ros2_project/install/px4_msgs/share/px4_msgs/msg/Mission.msg\n'}
[2.183073] (px4_msgs) StdoutLine: {'line': b'-- Up-to-date: /home/harsh/ros2_project/install/px4_msgs/share/px4_msgs/msg/MissionResult.msg\n'}
[2.183262] (px4_msgs) StdoutLine: {'line': b'-- Up-to-date: /home/harsh/ros2_project/install/px4_msgs/share/px4_msgs/msg/ModeCompleted.msg\n'}
[2.183739] (px4_msgs) StdoutLine: {'line': b'-- Up-to-date: /home/harsh/ros2_project/install/px4_msgs/share/px4_msgs/msg/MountOrientation.msg\n'}
[2.183819] (px4_msgs) StdoutLine: {'line': b'-- Up-to-date: /home/harsh/ros2_project/install/px4_msgs/share/px4_msgs/msg/NavigatorMissionItem.msg\n'}
[2.183909] (px4_msgs) StdoutLine: {'line': b'-- Up-to-date: /home/harsh/ros2_project/install/px4_msgs/share/px4_msgs/msg/NormalizedUnsignedSetpoint.msg\n'}
[2.183990] (px4_msgs) StdoutLine: {'line': b'-- Up-to-date: /home/harsh/ros2_project/install/px4_msgs/share/px4_msgs/msg/NpfgStatus.msg\n'}
[2.184210] (px4_msgs) StdoutLine: {'line': b'-- Up-to-date: /home/harsh/ros2_project/install/px4_msgs/share/px4_msgs/msg/ObstacleDistance.msg\n'}
[2.184723] (px4_msgs) StdoutLine: {'line': b'-- Up-to-date: /home/harsh/ros2_project/install/px4_msgs/share/px4_msgs/msg/OffboardControlMode.msg\n'}
[2.184813] (px4_msgs) StdoutLine: {'line': b'-- Up-to-date: /home/harsh/ros2_project/install/px4_msgs/share/px4_msgs/msg/OnboardComputerStatus.msg\n'}
[2.184885] (px4_msgs) StdoutLine: {'line': b'-- Up-to-date: /home/harsh/ros2_project/install/px4_msgs/share/px4_msgs/msg/OrbTest.msg\n'}
[2.185020] (px4_msgs) StdoutLine: {'line': b'-- Up-to-date: /home/harsh/ros2_project/install/px4_msgs/share/px4_msgs/msg/OrbTestLarge.msg\n'}
[2.185082] (px4_msgs) StdoutLine: {'line': b'-- Up-to-date: /home/harsh/ros2_project/install/px4_msgs/share/px4_msgs/msg/OrbTestMedium.msg\n'}
[2.185140] (px4_msgs) StdoutLine: {'line': b'-- Up-to-date: /home/harsh/ros2_project/install/px4_msgs/share/px4_msgs/msg/OrbitStatus.msg\n'}
[2.185203] (px4_msgs) StdoutLine: {'line': b'-- Up-to-date: /home/harsh/ros2_project/install/px4_msgs/share/px4_msgs/msg/ParameterResetRequest.msg\n'}
[2.185284] (px4_msgs) StdoutLine: {'line': b'-- Up-to-date: /home/harsh/ros2_project/install/px4_msgs/share/px4_msgs/msg/ParameterSetUsedRequest.msg\n'}
[2.185345] (px4_msgs) StdoutLine: {'line': b'-- Up-to-date: /home/harsh/ros2_project/install/px4_msgs/share/px4_msgs/msg/ParameterSetValueRequest.msg\n'}
[2.185414] (px4_msgs) StdoutLine: {'line': b'-- Up-to-date: /home/harsh/ros2_project/install/px4_msgs/share/px4_msgs/msg/ParameterSetValueResponse.msg\n'}
[2.185497] (px4_msgs) StdoutLine: {'line': b'-- Up-to-date: /home/harsh/ros2_project/install/px4_msgs/share/px4_msgs/msg/ParameterUpdate.msg\n'}
[2.185557] (px4_msgs) StdoutLine: {'line': b'-- Up-to-date: /home/harsh/ros2_project/install/px4_msgs/share/px4_msgs/msg/Ping.msg\n'}
[2.185617] (px4_msgs) StdoutLine: {'line': b'-- Up-to-date: /home/harsh/ros2_project/install/px4_msgs/share/px4_msgs/msg/PositionControllerLandingStatus.msg\n'}
[2.185677] (px4_msgs) StdoutLine: {'line': b'-- Up-to-date: /home/harsh/ros2_project/install/px4_msgs/share/px4_msgs/msg/PositionControllerStatus.msg\n'}
[2.185734] (px4_msgs) StdoutLine: {'line': b'-- Up-to-date: /home/harsh/ros2_project/install/px4_msgs/share/px4_msgs/msg/PositionSetpoint.msg\n'}
[2.185790] (px4_msgs) StdoutLine: {'line': b'-- Up-to-date: /home/harsh/ros2_project/install/px4_msgs/share/px4_msgs/msg/PositionSetpointTriplet.msg\n'}
[2.185852] (px4_msgs) StdoutLine: {'line': b'-- Up-to-date: /home/harsh/ros2_project/install/px4_msgs/share/px4_msgs/msg/PowerButtonState.msg\n'}
[2.185921] (px4_msgs) StdoutLine: {'line': b'-- Up-to-date: /home/harsh/ros2_project/install/px4_msgs/share/px4_msgs/msg/PowerMonitor.msg\n'}
[2.185978] (px4_msgs) StdoutLine: {'line': b'-- Up-to-date: /home/harsh/ros2_project/install/px4_msgs/share/px4_msgs/msg/PpsCapture.msg\n'}
[2.186037] (px4_msgs) StdoutLine: {'line': b'-- Up-to-date: /home/harsh/ros2_project/install/px4_msgs/share/px4_msgs/msg/PwmInput.msg\n'}
[2.186112] (px4_msgs) StdoutLine: {'line': b'-- Up-to-date: /home/harsh/ros2_project/install/px4_msgs/share/px4_msgs/msg/Px4ioStatus.msg\n'}
[2.186170] (px4_msgs) StdoutLine: {'line': b'-- Up-to-date: /home/harsh/ros2_project/install/px4_msgs/share/px4_msgs/msg/QshellReq.msg\n'}
[2.186228] (px4_msgs) StdoutLine: {'line': b'-- Up-to-date: /home/harsh/ros2_project/install/px4_msgs/share/px4_msgs/msg/QshellRetval.msg\n'}
[2.186441] (px4_msgs) StdoutLine: {'line': b'-- Up-to-date: /home/harsh/ros2_project/install/px4_msgs/share/px4_msgs/msg/RadioStatus.msg\n'}
[2.186744] (px4_msgs) StdoutLine: {'line': b'-- Up-to-date: /home/harsh/ros2_project/install/px4_msgs/share/px4_msgs/msg/RateCtrlStatus.msg\n'}
[2.186952] (px4_msgs) StdoutLine: {'line': b'-- Up-to-date: /home/harsh/ros2_project/install/px4_msgs/share/px4_msgs/msg/RcChannels.msg\n'}
[2.187131] (px4_msgs) StdoutLine: {'line': b'-- Up-to-date: /home/harsh/ros2_project/install/px4_msgs/share/px4_msgs/msg/RcParameterMap.msg\n'}
[2.187346] (px4_msgs) StdoutLine: {'line': b'-- Up-to-date: /home/harsh/ros2_project/install/px4_msgs/share/px4_msgs/msg/RegisterExtComponentReply.msg\n'}
[2.187521] (px4_msgs) StdoutLine: {'line': b'-- Up-to-date: /home/harsh/ros2_project/install/px4_msgs/share/px4_msgs/msg/RegisterExtComponentRequest.msg\n'}
[2.187681] (px4_msgs) StdoutLine: {'line': b'-- Up-to-date: /home/harsh/ros2_project/install/px4_msgs/share/px4_msgs/msg/Rpm.msg\n'}
[2.187855] (px4_msgs) StdoutLine: {'line': b'-- Up-to-date: /home/harsh/ros2_project/install/px4_msgs/share/px4_msgs/msg/RtlStatus.msg\n'}
[2.188037] (px4_msgs) StdoutLine: {'line': b'-- Up-to-date: /home/harsh/ros2_project/install/px4_msgs/share/px4_msgs/msg/RtlTimeEstimate.msg\n'}
[2.188209] (px4_msgs) StdoutLine: {'line': b'-- Up-to-date: /home/harsh/ros2_project/install/px4_msgs/share/px4_msgs/msg/SatelliteInfo.msg\n'}
[2.188453] (px4_msgs) StdoutLine: {'line': b'-- Up-to-date: /home/harsh/ros2_project/install/px4_msgs/share/px4_msgs/msg/SensorAccel.msg\n'}
[2.188624] (px4_msgs) StdoutLine: {'line': b'-- Up-to-date: /home/harsh/ros2_project/install/px4_msgs/share/px4_msgs/msg/SensorAccelFifo.msg\n'}
[2.188831] (px4_msgs) StdoutLine: {'line': b'-- Up-to-date: /home/harsh/ros2_project/install/px4_msgs/share/px4_msgs/msg/SensorAirflow.msg\n'}
[2.189008] (px4_msgs) StdoutLine: {'line': b'-- Up-to-date: /home/harsh/ros2_project/install/px4_msgs/share/px4_msgs/msg/SensorBaro.msg\n'}
[2.190170] (px4_msgs) StdoutLine: {'line': b'-- Up-to-date: /home/harsh/ros2_project/install/px4_msgs/share/px4_msgs/msg/SensorCombined.msg\n'}
[2.191010] (px4_msgs) StdoutLine: {'line': b'-- Up-to-date: /home/harsh/ros2_project/install/px4_msgs/share/px4_msgs/msg/SensorCorrection.msg\n'}
[2.191263] (px4_msgs) StdoutLine: {'line': b'-- Up-to-date: /home/harsh/ros2_project/install/px4_msgs/share/px4_msgs/msg/SensorGnssRelative.msg\n'}
[2.191660] (px4_msgs) StdoutLine: {'line': b'-- Up-to-date: /home/harsh/ros2_project/install/px4_msgs/share/px4_msgs/msg/SensorGps.msg\n'}
[2.191882] (px4_msgs) StdoutLine: {'line': b'-- Up-to-date: /home/harsh/ros2_project/install/px4_msgs/share/px4_msgs/msg/SensorGyro.msg\n'}
[2.192062] (px4_msgs) StdoutLine: {'line': b'-- Up-to-date: /home/harsh/ros2_project/install/px4_msgs/share/px4_msgs/msg/SensorGyroFft.msg\n'}
[2.192220] (px4_msgs) StdoutLine: {'line': b'-- Up-to-date: /home/harsh/ros2_project/install/px4_msgs/share/px4_msgs/msg/SensorGyroFifo.msg\n'}
[2.192443] (px4_msgs) StdoutLine: {'line': b'-- Up-to-date: /home/harsh/ros2_project/install/px4_msgs/share/px4_msgs/msg/SensorHygrometer.msg\n'}
[2.192604] (px4_msgs) StdoutLine: {'line': b'-- Up-to-date: /home/harsh/ros2_project/install/px4_msgs/share/px4_msgs/msg/SensorMag.msg\n'}
[2.192776] (px4_msgs) StdoutLine: {'line': b'-- Up-to-date: /home/harsh/ros2_project/install/px4_msgs/share/px4_msgs/msg/SensorOpticalFlow.msg\n'}
[2.192967] (px4_msgs) StdoutLine: {'line': b'-- Up-to-date: /home/harsh/ros2_project/install/px4_msgs/share/px4_msgs/msg/SensorPreflightMag.msg\n'}
[2.193117] (px4_msgs) StdoutLine: {'line': b'-- Up-to-date: /home/harsh/ros2_project/install/px4_msgs/share/px4_msgs/msg/SensorSelection.msg\n'}
[2.193306] (px4_msgs) StdoutLine: {'line': b'-- Up-to-date: /home/harsh/ros2_project/install/px4_msgs/share/px4_msgs/msg/SensorUwb.msg\n'}
[2.193734] (px4_msgs) StdoutLine: {'line': b'-- Up-to-date: /home/harsh/ros2_project/install/px4_msgs/share/px4_msgs/msg/SensorsStatus.msg\n'}
[2.193932] (px4_msgs) StdoutLine: {'line': b'-- Up-to-date: /home/harsh/ros2_project/install/px4_msgs/share/px4_msgs/msg/SensorsStatusImu.msg\n'}
[2.194071] (px4_msgs) StdoutLine: {'line': b'-- Up-to-date: /home/harsh/ros2_project/install/px4_msgs/share/px4_msgs/msg/SystemPower.msg\n'}
[2.194209] (px4_msgs) StdoutLine: {'line': b'-- Up-to-date: /home/harsh/ros2_project/install/px4_msgs/share/px4_msgs/msg/TakeoffStatus.msg\n'}
[2.194655] (px4_msgs) StdoutLine: {'line': b'-- Up-to-date: /home/harsh/ros2_project/install/px4_msgs/share/px4_msgs/msg/TaskStackInfo.msg\n'}
[2.194840] (px4_msgs) StdoutLine: {'line': b'-- Up-to-date: /home/harsh/ros2_project/install/px4_msgs/share/px4_msgs/msg/TecsStatus.msg\n'}
[2.194966] (px4_msgs) StdoutLine: {'line': b'-- Up-to-date: /home/harsh/ros2_project/install/px4_msgs/share/px4_msgs/msg/TelemetryStatus.msg\n'}
[2.195086] (px4_msgs) StdoutLine: {'line': b'-- Up-to-date: /home/harsh/ros2_project/install/px4_msgs/share/px4_msgs/msg/TiltrotorExtraControls.msg\n'}
[2.195190] (px4_msgs) StdoutLine: {'line': b'-- Up-to-date: /home/harsh/ros2_project/install/px4_msgs/share/px4_msgs/msg/TimesyncStatus.msg\n'}
[2.195612] (px4_msgs) StdoutLine: {'line': b'-- Up-to-date: /home/harsh/ros2_project/install/px4_msgs/share/px4_msgs/msg/TrajectoryBezier.msg\n'}
[2.195847] (px4_msgs) StdoutLine: {'line': b'-- Up-to-date: /home/harsh/ros2_project/install/px4_msgs/share/px4_msgs/msg/TrajectorySetpoint.msg\n'}
[2.195994] (px4_msgs) StdoutLine: {'line': b'-- Up-to-date: /home/harsh/ros2_project/install/px4_msgs/share/px4_msgs/msg/TrajectoryWaypoint.msg\n'}
[2.196130] (px4_msgs) StdoutLine: {'line': b'-- Up-to-date: /home/harsh/ros2_project/install/px4_msgs/share/px4_msgs/msg/TransponderReport.msg\n'}
[2.196363] (px4_msgs) StdoutLine: {'line': b'-- Up-to-date: /home/harsh/ros2_project/install/px4_msgs/share/px4_msgs/msg/TuneControl.msg\n'}
[2.196532] (px4_msgs) StdoutLine: {'line': b'-- Up-to-date: /home/harsh/ros2_project/install/px4_msgs/share/px4_msgs/msg/UavcanParameterRequest.msg\n'}
[2.196632] (px4_msgs) StdoutLine: {'line': b'-- Up-to-date: /home/harsh/ros2_project/install/px4_msgs/share/px4_msgs/msg/UavcanParameterValue.msg\n'}
[2.196725] (px4_msgs) StdoutLine: {'line': b'-- Up-to-date: /home/harsh/ros2_project/install/px4_msgs/share/px4_msgs/msg/UlogStream.msg\n'}
[2.196818] (px4_msgs) StdoutLine: {'line': b'-- Up-to-date: /home/harsh/ros2_project/install/px4_msgs/share/px4_msgs/msg/UlogStreamAck.msg\n'}
[2.196932] (px4_msgs) StdoutLine: {'line': b'-- Up-to-date: /home/harsh/ros2_project/install/px4_msgs/share/px4_msgs/msg/UnregisterExtComponent.msg\n'}
[2.197040] (px4_msgs) StdoutLine: {'line': b'-- Up-to-date: /home/harsh/ros2_project/install/px4_msgs/share/px4_msgs/msg/VehicleAcceleration.msg\n'}
[2.197139] (px4_msgs) StdoutLine: {'line': b'-- Up-to-date: /home/harsh/ros2_project/install/px4_msgs/share/px4_msgs/msg/VehicleAirData.msg\n'}
[2.197226] (px4_msgs) StdoutLine: {'line': b'-- Up-to-date: /home/harsh/ros2_project/install/px4_msgs/share/px4_msgs/msg/VehicleAngularAccelerationSetpoint.msg\n'}
[2.197356] (px4_msgs) StdoutLine: {'line': b'-- Up-to-date: /home/harsh/ros2_project/install/px4_msgs/share/px4_msgs/msg/VehicleAngularVelocity.msg\n'}
[2.197449] (px4_msgs) StdoutLine: {'line': b'-- Up-to-date: /home/harsh/ros2_project/install/px4_msgs/share/px4_msgs/msg/VehicleAttitude.msg\n'}
[2.197538] (px4_msgs) StdoutLine: {'line': b'-- Up-to-date: /home/harsh/ros2_project/install/px4_msgs/share/px4_msgs/msg/VehicleAttitudeSetpoint.msg\n'}
[2.197699] (px4_msgs) StdoutLine: {'line': b'-- Up-to-date: /home/harsh/ros2_project/install/px4_msgs/share/px4_msgs/msg/VehicleCommand.msg\n'}
[2.197799] (px4_msgs) StdoutLine: {'line': b'-- Up-to-date: /home/harsh/ros2_project/install/px4_msgs/share/px4_msgs/msg/VehicleCommandAck.msg\n'}
[2.197893] (px4_msgs) StdoutLine: {'line': b'-- Up-to-date: /home/harsh/ros2_project/install/px4_msgs/share/px4_msgs/msg/VehicleConstraints.msg\n'}
[2.197983] (px4_msgs) StdoutLine: {'line': b'-- Up-to-date: /home/harsh/ros2_project/install/px4_msgs/share/px4_msgs/msg/VehicleControlMode.msg\n'}
[2.198070] (px4_msgs) StdoutLine: {'line': b'-- Up-to-date: /home/harsh/ros2_project/install/px4_msgs/share/px4_msgs/msg/VehicleGlobalPosition.msg\n'}
[2.198161] (px4_msgs) StdoutLine: {'line': b'-- Up-to-date: /home/harsh/ros2_project/install/px4_msgs/share/px4_msgs/msg/VehicleImu.msg\n'}
[2.198270] (px4_msgs) StdoutLine: {'line': b'-- Up-to-date: /home/harsh/ros2_project/install/px4_msgs/share/px4_msgs/msg/VehicleImuStatus.msg\n'}
[2.198367] (px4_msgs) StdoutLine: {'line': b'-- Up-to-date: /home/harsh/ros2_project/install/px4_msgs/share/px4_msgs/msg/VehicleLandDetected.msg\n'}
[2.198458] (px4_msgs) StdoutLine: {'line': b'-- Up-to-date: /home/harsh/ros2_project/install/px4_msgs/share/px4_msgs/msg/VehicleLocalPosition.msg\n'}
[2.198547] (px4_msgs) StdoutLine: {'line': b'-- Up-to-date: /home/harsh/ros2_project/install/px4_msgs/share/px4_msgs/msg/VehicleLocalPositionSetpoint.msg\n'}
[2.198634] (px4_msgs) StdoutLine: {'line': b'-- Up-to-date: /home/harsh/ros2_project/install/px4_msgs/share/px4_msgs/msg/VehicleMagnetometer.msg\n'}
[2.198725] (px4_msgs) StdoutLine: {'line': b'-- Up-to-date: /home/harsh/ros2_project/install/px4_msgs/share/px4_msgs/msg/VehicleOdometry.msg\n'}
[2.198813] (px4_msgs) StdoutLine: {'line': b'-- Up-to-date: /home/harsh/ros2_project/install/px4_msgs/share/px4_msgs/msg/VehicleOpticalFlow.msg\n'}
[2.198910] (px4_msgs) StdoutLine: {'line': b'-- Up-to-date: /home/harsh/ros2_project/install/px4_msgs/share/px4_msgs/msg/VehicleOpticalFlowVel.msg\n'}
[2.199005] (px4_msgs) StdoutLine: {'line': b'-- Up-to-date: /home/harsh/ros2_project/install/px4_msgs/share/px4_msgs/msg/VehicleRatesSetpoint.msg\n'}
[2.199097] (px4_msgs) StdoutLine: {'line': b'-- Up-to-date: /home/harsh/ros2_project/install/px4_msgs/share/px4_msgs/msg/VehicleRoi.msg\n'}
[2.199185] (px4_msgs) StdoutLine: {'line': b'-- Up-to-date: /home/harsh/ros2_project/install/px4_msgs/share/px4_msgs/msg/VehicleStatus.msg\n'}
[2.199290] (px4_msgs) StdoutLine: {'line': b'-- Up-to-date: /home/harsh/ros2_project/install/px4_msgs/share/px4_msgs/msg/VehicleThrustSetpoint.msg\n'}
[2.199386] (px4_msgs) StdoutLine: {'line': b'-- Up-to-date: /home/harsh/ros2_project/install/px4_msgs/share/px4_msgs/msg/VehicleTorqueSetpoint.msg\n'}
[2.199467] (px4_msgs) StdoutLine: {'line': b'-- Up-to-date: /home/harsh/ros2_project/install/px4_msgs/share/px4_msgs/msg/VehicleTrajectoryBezier.msg\n'}
[2.199547] (px4_msgs) StdoutLine: {'line': b'-- Up-to-date: /home/harsh/ros2_project/install/px4_msgs/share/px4_msgs/msg/VehicleTrajectoryWaypoint.msg\n'}
[2.199625] (px4_msgs) StdoutLine: {'line': b'-- Up-to-date: /home/harsh/ros2_project/install/px4_msgs/share/px4_msgs/msg/VelocityLimits.msg\n'}
[2.199703] (px4_msgs) StdoutLine: {'line': b'-- Up-to-date: /home/harsh/ros2_project/install/px4_msgs/share/px4_msgs/msg/VtolVehicleStatus.msg\n'}
[2.199781] (px4_msgs) StdoutLine: {'line': b'-- Up-to-date: /home/harsh/ros2_project/install/px4_msgs/share/px4_msgs/msg/WheelEncoders.msg\n'}
[2.199873] (px4_msgs) StdoutLine: {'line': b'-- Up-to-date: /home/harsh/ros2_project/install/px4_msgs/share/px4_msgs/msg/Wind.msg\n'}
[2.199971] (px4_msgs) StdoutLine: {'line': b'-- Up-to-date: /home/harsh/ros2_project/install/px4_msgs/share/px4_msgs/msg/YawEstimatorStatus.msg\n'}
[2.200073] (px4_msgs) StdoutLine: {'line': b'-- Up-to-date: /home/harsh/ros2_project/install/px4_msgs/share/px4_msgs/srv/VehicleCommand.srv\n'}
[2.200155] (px4_msgs) StdoutLine: {'line': b'-- Up-to-date: /home/harsh/ros2_project/install/px4_msgs/share/ament_index/resource_index/package_run_dependencies/px4_msgs\n'}
[2.200257] (px4_msgs) StdoutLine: {'line': b'-- Up-to-date: /home/harsh/ros2_project/install/px4_msgs/share/ament_index/resource_index/parent_prefix_path/px4_msgs\n'}
[2.200342] (px4_msgs) StdoutLine: {'line': b'-- Up-to-date: /home/harsh/ros2_project/install/px4_msgs/share/px4_msgs/environment/ament_prefix_path.sh\n'}
[2.200429] (px4_msgs) StdoutLine: {'line': b'-- Up-to-date: /home/harsh/ros2_project/install/px4_msgs/share/px4_msgs/environment/ament_prefix_path.dsv\n'}
[2.200508] (px4_msgs) StdoutLine: {'line': b'-- Up-to-date: /home/harsh/ros2_project/install/px4_msgs/share/px4_msgs/environment/path.sh\n'}
[2.200586] (px4_msgs) StdoutLine: {'line': b'-- Up-to-date: /home/harsh/ros2_project/install/px4_msgs/share/px4_msgs/environment/path.dsv\n'}
[2.200660] (px4_msgs) StdoutLine: {'line': b'-- Up-to-date: /home/harsh/ros2_project/install/px4_msgs/share/px4_msgs/local_setup.bash\n'}
[2.200739] (px4_msgs) StdoutLine: {'line': b'-- Up-to-date: /home/harsh/ros2_project/install/px4_msgs/share/px4_msgs/local_setup.sh\n'}
[2.200814] (px4_msgs) StdoutLine: {'line': b'-- Up-to-date: /home/harsh/ros2_project/install/px4_msgs/share/px4_msgs/local_setup.zsh\n'}
[2.200891] (px4_msgs) StdoutLine: {'line': b'-- Up-to-date: /home/harsh/ros2_project/install/px4_msgs/share/px4_msgs/local_setup.dsv\n'}
[2.200967] (px4_msgs) StdoutLine: {'line': b'-- Installing: /home/harsh/ros2_project/install/px4_msgs/share/px4_msgs/package.dsv\n'}
[2.201049] (px4_msgs) StdoutLine: {'line': b'-- Up-to-date: /home/harsh/ros2_project/install/px4_msgs/share/ament_index/resource_index/packages/px4_msgs\n'}
[2.201134] (px4_msgs) StdoutLine: {'line': b'-- Up-to-date: /home/harsh/ros2_project/install/px4_msgs/share/px4_msgs/cmake/export_px4_msgs__rosidl_generator_cExport.cmake\n'}
[2.201212] (px4_msgs) StdoutLine: {'line': b'-- Up-to-date: /home/harsh/ros2_project/install/px4_msgs/share/px4_msgs/cmake/export_px4_msgs__rosidl_generator_cExport-noconfig.cmake\n'}
[2.201301] (px4_msgs) StdoutLine: {'line': b'-- Up-to-date: /home/harsh/ros2_project/install/px4_msgs/share/px4_msgs/cmake/export_px4_msgs__rosidl_typesupport_fastrtps_cExport.cmake\n'}
[2.201380] (px4_msgs) StdoutLine: {'line': b'-- Up-to-date: /home/harsh/ros2_project/install/px4_msgs/share/px4_msgs/cmake/export_px4_msgs__rosidl_typesupport_fastrtps_cExport-noconfig.cmake\n'}
[2.201459] (px4_msgs) StdoutLine: {'line': b'-- Up-to-date: /home/harsh/ros2_project/install/px4_msgs/share/px4_msgs/cmake/export_px4_msgs__rosidl_generator_cppExport.cmake\n'}
[2.201539] (px4_msgs) StdoutLine: {'line': b'-- Up-to-date: /home/harsh/ros2_project/install/px4_msgs/share/px4_msgs/cmake/export_px4_msgs__rosidl_typesupport_fastrtps_cppExport.cmake\n'}
[2.201618] (px4_msgs) StdoutLine: {'line': b'-- Up-to-date: /home/harsh/ros2_project/install/px4_msgs/share/px4_msgs/cmake/export_px4_msgs__rosidl_typesupport_fastrtps_cppExport-noconfig.cmake\n'}
[2.201697] (px4_msgs) StdoutLine: {'line': b'-- Up-to-date: /home/harsh/ros2_project/install/px4_msgs/share/px4_msgs/cmake/px4_msgs__rosidl_typesupport_introspection_cExport.cmake\n'}
[2.201780] (px4_msgs) StdoutLine: {'line': b'-- Up-to-date: /home/harsh/ros2_project/install/px4_msgs/share/px4_msgs/cmake/px4_msgs__rosidl_typesupport_introspection_cExport-noconfig.cmake\n'}
[2.202105] (px4_msgs) StdoutLine: {'line': b'-- Up-to-date: /home/harsh/ros2_project/install/px4_msgs/share/px4_msgs/cmake/px4_msgs__rosidl_typesupport_cExport.cmake\n'}
[2.202311] (px4_msgs) StdoutLine: {'line': b'-- Up-to-date: /home/harsh/ros2_project/install/px4_msgs/share/px4_msgs/cmake/px4_msgs__rosidl_typesupport_cExport-noconfig.cmake\n'}
[2.202418] (px4_msgs) StdoutLine: {'line': b'-- Up-to-date: /home/harsh/ros2_project/install/px4_msgs/share/px4_msgs/cmake/px4_msgs__rosidl_typesupport_introspection_cppExport.cmake\n'}
[2.202507] (px4_msgs) StdoutLine: {'line': b'-- Up-to-date: /home/harsh/ros2_project/install/px4_msgs/share/px4_msgs/cmake/px4_msgs__rosidl_typesupport_introspection_cppExport-noconfig.cmake\n'}
[2.202607] (px4_msgs) StdoutLine: {'line': b'-- Up-to-date: /home/harsh/ros2_project/install/px4_msgs/share/px4_msgs/cmake/px4_msgs__rosidl_typesupport_cppExport.cmake\n'}
[2.202691] (px4_msgs) StdoutLine: {'line': b'-- Up-to-date: /home/harsh/ros2_project/install/px4_msgs/share/px4_msgs/cmake/px4_msgs__rosidl_typesupport_cppExport-noconfig.cmake\n'}
[2.202771] (px4_msgs) StdoutLine: {'line': b'-- Up-to-date: /home/harsh/ros2_project/install/px4_msgs/share/px4_msgs/cmake/export_px4_msgs__rosidl_generator_pyExport.cmake\n'}
[2.202850] (px4_msgs) StdoutLine: {'line': b'-- Up-to-date: /home/harsh/ros2_project/install/px4_msgs/share/px4_msgs/cmake/export_px4_msgs__rosidl_generator_pyExport-noconfig.cmake\n'}
[2.202931] (px4_msgs) StdoutLine: {'line': b'-- Up-to-date: /home/harsh/ros2_project/install/px4_msgs/share/px4_msgs/cmake/rosidl_cmake-extras.cmake\n'}
[2.203012] (px4_msgs) StdoutLine: {'line': b'-- Up-to-date: /home/harsh/ros2_project/install/px4_msgs/share/px4_msgs/cmake/ament_cmake_export_dependencies-extras.cmake\n'}
[2.203091] (px4_msgs) StdoutLine: {'line': b'-- Up-to-date: /home/harsh/ros2_project/install/px4_msgs/share/px4_msgs/cmake/ament_cmake_export_include_directories-extras.cmake\n'}
[2.203158] (px4_msgs) StdoutLine: {'line': b'-- Up-to-date: /home/harsh/ros2_project/install/px4_msgs/share/px4_msgs/cmake/ament_cmake_export_libraries-extras.cmake\n'}
[2.203221] (px4_msgs) StdoutLine: {'line': b'-- Up-to-date: /home/harsh/ros2_project/install/px4_msgs/share/px4_msgs/cmake/ament_cmake_export_targets-extras.cmake\n'}
[2.203301] (px4_msgs) StdoutLine: {'line': b'-- Up-to-date: /home/harsh/ros2_project/install/px4_msgs/share/px4_msgs/cmake/rosidl_cmake_export_typesupport_targets-extras.cmake\n'}
[2.203365] (px4_msgs) StdoutLine: {'line': b'-- Up-to-date: /home/harsh/ros2_project/install/px4_msgs/share/px4_msgs/cmake/rosidl_cmake_export_typesupport_libraries-extras.cmake\n'}
[2.203426] (px4_msgs) StdoutLine: {'line': b'-- Up-to-date: /home/harsh/ros2_project/install/px4_msgs/share/px4_msgs/cmake/px4_msgsConfig.cmake\n'}
[2.203488] (px4_msgs) StdoutLine: {'line': b'-- Up-to-date: /home/harsh/ros2_project/install/px4_msgs/share/px4_msgs/cmake/px4_msgsConfig-version.cmake\n'}
[2.203549] (px4_msgs) StdoutLine: {'line': b'-- Up-to-date: /home/harsh/ros2_project/install/px4_msgs/share/px4_msgs/package.xml\n'}
[2.203612] (px4_msgs) CommandEnded: {'returncode': 0}
[2.205200] (-) TimerEvent: {}
[2.233070] (px4_msgs) JobEnded: {'identifier': 'px4_msgs', 'rc': 0}
[2.234067] (ros2_project) JobStarted: {'identifier': 'ros2_project'}
[2.305329] (-) TimerEvent: {}
[2.405633] (-) TimerEvent: {}
[2.505923] (-) TimerEvent: {}
[2.606264] (-) TimerEvent: {}
[2.706645] (-) TimerEvent: {}
[2.806981] (-) TimerEvent: {}
[2.907300] (-) TimerEvent: {}
[3.007761] (-) TimerEvent: {}
[3.108309] (-) TimerEvent: {}
[3.208626] (-) TimerEvent: {}
[3.308990] (-) TimerEvent: {}
[3.409334] (-) TimerEvent: {}
[3.423850] (ros2_project) Command: {'cmd': ['/usr/bin/python3', '-W', 'ignore:setup.py install is deprecated', '-W', 'ignore:easy_install command is deprecated', 'setup.py', 'egg_info', '--egg-base', '../../../build/ros2_project', 'build', '--build-base', '/home/harsh/ros2_project/build/ros2_project/build', 'install', '--record', '/home/harsh/ros2_project/build/ros2_project/install.log', '--single-version-externally-managed', 'install_data'], 'cwd': '/home/harsh/ros2_project/src/ros2_project/ros2_project', 'env': {'GJS_DEBUG_TOPICS': 'JS ERROR;JS LOG', 'XDG_ACTIVATION_TOKEN': 'gnome-shell/Terminator/2901-1-harsh_TIME93268', 'LESSOPEN': '| /usr/bin/lesspipe %s', 'USER': 'harsh', 'GZ_CONFIG_PATH': '/opt/ros/jazzy/opt/gz_sim_vendor/share/gz:/opt/ros/jazzy/opt/sdformat_vendor/share/gz:/opt/ros/jazzy/opt/gz_gui_vendor/share/gz:/opt/ros/jazzy/opt/gz_transport_vendor/share/gz:/opt/ros/jazzy/opt/gz_rendering_vendor/share/gz:/opt/ros/jazzy/opt/gz_plugin_vendor/share/gz:/opt/ros/jazzy/opt/gz_fuel_tools_vendor/share/gz:/opt/ros/jazzy/opt/gz_msgs_vendor/share/gz:/opt/ros/jazzy/opt/gz_common_vendor/share/gz', 'XDG_SESSION_TYPE': 'x11', 'SHLVL': '1', 'LD_LIBRARY_PATH': '/home/harsh/ros2_project/install/px4_msgs/lib:/opt/ros/jazzy/opt/gz_sim_vendor/lib:/opt/ros/jazzy/opt/gz_sensors_vendor/lib:/opt/ros/jazzy/opt/gz_physics_vendor/lib:/opt/ros/jazzy/opt/sdformat_vendor/lib:/opt/ros/jazzy/opt/rviz_ogre_vendor/lib:/opt/ros/jazzy/lib/x86_64-linux-gnu:/opt/ros/jazzy/opt/gz_gui_vendor/lib:/opt/ros/jazzy/opt/gz_transport_vendor/lib:/opt/ros/jazzy/opt/gz_rendering_vendor/lib:/opt/ros/jazzy/opt/gz_plugin_vendor/lib:/opt/ros/jazzy/opt/gz_fuel_tools_vendor/lib:/opt/ros/jazzy/opt/gz_msgs_vendor/lib:/opt/ros/jazzy/opt/gz_common_vendor/lib:/opt/ros/jazzy/opt/gz_math_vendor/lib:/opt/ros/jazzy/opt/gz_utils_vendor/lib:/opt/ros/jazzy/opt/gz_tools_vendor/lib:/opt/ros/jazzy/opt/gz_ogre_next_vendor/lib:/opt/ros/jazzy/opt/gz_dartsim_vendor/lib:/opt/ros/jazzy/opt/gz_cmake_vendor/lib:/opt/ros/jazzy/lib', 'HOME': '/home/harsh', 'DESKTOP_SESSION': 'ubuntu', 'GIO_LAUNCHED_DESKTOP_FILE': '/usr/share/applications/terminator.desktop', 'ROS_PYTHON_VERSION': '3', 'GNOME_SHELL_SESSION_MODE': 'ubuntu', 'GTK_MODULES': 'gail:atk-bridge', 'PS1': '(yolo) \\[\\e]0;\\u@\\h: \\w\\a\\]${debian_chroot:+($debian_chroot)}\\[\\033[01;32m\\]\\u@\\h\\[\\033[00m\\]:\\[\\033[01;34m\\]\\w\\[\\033[00m\\]\\$', 'MANAGERPID': '2470', 'SYSTEMD_EXEC_PID': '2901', 'GSM_SKIP_SSH_AGENT_WORKAROUND': 'true', 'DBUS_SESSION_BUS_ADDRESS': 'unix:path=/run/user/1000/bus', 'COLORTERM': 'truecolor', 'TERMINATOR_DBUS_NAME': 'net.tenshu.Terminator23558193cd9818af7fe4d2c2f5bd9d00f', 'GIO_LAUNCHED_DESKTOP_FILE_PID': '4241', 'DEBUGINFOD_URLS': 'https://debuginfod.ubuntu.com', 'COLCON_PREFIX_PATH': '/home/harsh/ros2_project/install', 'ROS_DISTRO': 'jazzy', 'LOGNAME': 'harsh', 'JOURNAL_STREAM': '9:33124', '_': '/usr/bin/colcon', 'ROS_VERSION': '2', 'MEMORY_PRESSURE_WATCH': '/sys/fs/cgroup/user.slice/user-1000.slice/user@1000.service/session.slice/org.gnome.Shell@x11.service/memory.pressure', 'XDG_SESSION_CLASS': 'user', 'USERNAME': 'harsh', 'TERM': 'xterm-256color', 'GNOME_DESKTOP_SESSION_ID': 'this-is-deprecated', 'WINDOWPATH': '2', 'PATH': '/home/harsh/yolo/bin:/opt/ros/jazzy/opt/gz_msgs_vendor/bin:/opt/ros/jazzy/opt/gz_tools_vendor/bin:/opt/ros/jazzy/opt/gz_ogre_next_vendor/bin:/opt/ros/jazzy/bin:/home/harsh/.local/bin:/usr/local/sbin:/usr/local/bin:/usr/sbin:/usr/bin:/sbin:/bin:/usr/games:/usr/local/games:/snap/bin:/snap/bin', 'SESSION_MANAGER': 'local/harsh:@/tmp/.ICE-unix/2806,unix/harsh:/tmp/.ICE-unix/2806', 'INVOCATION_ID': '4e2239703d944941a029883b6660be4d', 'XDG_MENU_PREFIX': 'gnome-', 'XDG_RUNTIME_DIR': '/run/user/1000', 'DISPLAY': ':1', 'TERMINATOR_DBUS_PATH': '/net/tenshu/Terminator2', 'LANG': 'en_US.UTF-8', 'XDG_CURRENT_DESKTOP': 'ubuntu:GNOME', 'VIRTUAL_ENV_PROMPT': '(yolo)', 'XMODIFIERS': '@im=ibus', 'XDG_SESSION_DESKTOP': 'ubuntu', 'XAUTHORITY': '/run/user/1000/gdm/Xauthority', 'LS_COLORS': 'rs=0:di=01;34:ln=01;36:mh=00:pi=40;33:so=01;35:do=01;35:bd=40;33;01:cd=40;33;01:or=40;31;01:mi=00:su=37;41:sg=30;43:ca=00:tw=30;42:ow=34;42:st=37;44:ex=01;32:*.tar=01;31:*.tgz=01;31:*.arc=01;31:*.arj=01;31:*.taz=01;31:*.lha=01;31:*.lz4=01;31:*.lzh=01;31:*.lzma=01;31:*.tlz=01;31:*.txz=01;31:*.tzo=01;31:*.t7z=01;31:*.zip=01;31:*.z=01;31:*.dz=01;31:*.gz=01;31:*.lrz=01;31:*.lz=01;31:*.lzo=01;31:*.xz=01;31:*.zst=01;31:*.tzst=01;31:*.bz2=01;31:*.bz=01;31:*.tbz=01;31:*.tbz2=01;31:*.tz=01;31:*.deb=01;31:*.rpm=01;31:*.jar=01;31:*.war=01;31:*.ear=01;31:*.sar=01;31:*.rar=01;31:*.alz=01;31:*.ace=01;31:*.zoo=01;31:*.cpio=01;31:*.7z=01;31:*.rz=01;31:*.cab=01;31:*.wim=01;31:*.swm=01;31:*.dwm=01;31:*.esd=01;31:*.avif=01;35:*.jpg=01;35:*.jpeg=01;35:*.mjpg=01;35:*.mjpeg=01;35:*.gif=01;35:*.bmp=01;35:*.pbm=01;35:*.pgm=01;35:*.ppm=01;35:*.tga=01;35:*.xbm=01;35:*.xpm=01;35:*.tif=01;35:*.tiff=01;35:*.png=01;35:*.svg=01;35:*.svgz=01;35:*.mng=01;35:*.pcx=01;35:*.mov=01;35:*.mpg=01;35:*.mpeg=01;35:*.m2v=01;35:*.mkv=01;35:*.webm=01;35:*.webp=01;35:*.ogm=01;35:*.mp4=01;35:*.m4v=01;35:*.mp4v=01;35:*.vob=01;35:*.qt=01;35:*.nuv=01;35:*.wmv=01;35:*.asf=01;35:*.rm=01;35:*.rmvb=01;35:*.flc=01;35:*.avi=01;35:*.fli=01;35:*.flv=01;35:*.gl=01;35:*.dl=01;35:*.xcf=01;35:*.xwd=01;35:*.yuv=01;35:*.cgm=01;35:*.emf=01;35:*.ogv=01;35:*.ogx=01;35:*.aac=00;36:*.au=00;36:*.flac=00;36:*.m4a=00;36:*.mid=00;36:*.midi=00;36:*.mka=00;36:*.mp3=00;36:*.mpc=00;36:*.ogg=00;36:*.ra=00;36:*.wav=00;36:*.oga=00;36:*.opus=00;36:*.spx=00;36:*.xspf=00;36:*~=00;90:*#=00;90:*.bak=00;90:*.crdownload=00;90:*.dpkg-dist=00;90:*.dpkg-new=00;90:*.dpkg-old=00;90:*.dpkg-tmp=00;90:*.old=00;90:*.orig=00;90:*.part=00;90:*.rej=00;90:*.rpmnew=00;90:*.rpmorig=00;90:*.rpmsave=00;90:*.swp=00;90:*.tmp=00;90:*.ucf-dist=00;90:*.ucf-new=00;90:*.ucf-old=00;90:', 'SSH_AUTH_SOCK': '/run/user/1000/keyring/ssh', 'AMENT_PREFIX_PATH': '/home/harsh/ros2_project/install/ros2_project:/home/harsh/ros2_project/install/px4_msgs:/opt/ros/jazzy', 'SHELL': '/bin/bash', 'TERMINATOR_UUID': 'urn:uuid:6709cddb-6949-4e25-8283-2b735b801b48', 'QT_ACCESSIBILITY': '1', 'GDMSESSION': 'ubuntu', 'LESSCLOSE': '/usr/bin/lesspipe %s %s', 'GPG_AGENT_INFO': '/run/user/1000/gnupg/S.gpg-agent:0:1', 'GJS_DEBUG_OUTPUT': 'stderr', 'VIRTUAL_ENV': '/home/harsh/yolo', 'ROS_AUTOMATIC_DISCOVERY_RANGE': 'SUBNET', 'QT_IM_MODULE': 'ibus', 'PWD': '/home/harsh/ros2_project/build/ros2_project', 'LC_ALL': 'en_US.UTF-8', 'XDG_CONFIG_DIRS': '/etc/xdg/xdg-ubuntu:/etc/xdg', 'XDG_DATA_DIRS': '/usr/share/ubuntu:/usr/share/gnome:/usr/local/share/:/usr/share/:/var/lib/snapd/desktop', 'PYTHONPATH': '/home/harsh/ros2_project/build/ros2_project/prefix_override:/usr/lib/python3/dist-packages/colcon_core/task/python/colcon_distutils_commands:/home/harsh/ros2_project/install/ros2_project/lib/python3.12/site-packages:/home/harsh/ros2_project/install/px4_msgs/lib/python3.12/site-packages:/home/harsh/ros2_project/install/ros2_project/lib/python3.12/site-packages:/opt/ros/jazzy/lib/python3.12/site-packages:/home/harsh/ros2_project/install/ros2_project/lib/python3.12/site-packages:/home/harsh/ros2_project/install/px4_msgs/lib/python3.12/site-packages:/opt/ros/jazzy/lib/python3.12/site-packages:$PYTHONPATH:/home/harsh/yolo/lib/python3.12/site-packages:/home/harsh/yolo/lib/python3.12/site-packages', 'COLCON': '1', 'MEMORY_PRESSURE_WRITE': 'c29tZSAyMDAwMDAgMjAwMDAwMAA=', 'VTE_VERSION': '7600', 'CMAKE_PREFIX_PATH': '/home/harsh/ros2_project/install/px4_msgs:/opt/ros/jazzy/opt/gz_sim_vendor:/opt/ros/jazzy/opt/gz_sensors_vendor:/opt/ros/jazzy/opt/gz_physics_vendor:/opt/ros/jazzy/opt/sdformat_vendor:/opt/ros/jazzy/opt/gz_gui_vendor:/opt/ros/jazzy/opt/gz_transport_vendor:/opt/ros/jazzy/opt/gz_rendering_vendor:/opt/ros/jazzy/opt/gz_plugin_vendor:/opt/ros/jazzy/opt/gz_fuel_tools_vendor:/opt/ros/jazzy/opt/gz_msgs_vendor:/opt/ros/jazzy/opt/gz_common_vendor:/opt/ros/jazzy/opt/gz_math_vendor:/opt/ros/jazzy/opt/gz_utils_vendor:/opt/ros/jazzy/opt/gz_tools_vendor:/opt/ros/jazzy/opt/gz_ogre_next_vendor:/opt/ros/jazzy/opt/gz_dartsim_vendor:/opt/ros/jazzy/opt/gz_cmake_vendor'}, 'shell': False}
[3.509472] (-) TimerEvent: {}
[3.609999] (-) TimerEvent: {}
[3.634355] (ros2_project) StderrLine: {'line': b"/home/harsh/.local/lib/python3.12/site-packages/setuptools/_distutils/dist.py:289: UserWarning: Unknown distribution option: 'tests_require'\n"}
[3.634863] (ros2_project) StderrLine: {'line': b'  warnings.warn(msg)\n'}
[3.710201] (-) TimerEvent: {}
[3.780937] (ros2_project) StdoutLine: {'line': b'running egg_info\n'}
[3.806059] (ros2_project) StdoutLine: {'line': b'writing ../../../build/ros2_project/ros2_project.egg-info/PKG-INFO\n'}
[3.806703] (ros2_project) StdoutLine: {'line': b'writing dependency_links to ../../../build/ros2_project/ros2_project.egg-info/dependency_links.txt\n'}
[3.806961] (ros2_project) StdoutLine: {'line': b'writing entry points to ../../../build/ros2_project/ros2_project.egg-info/entry_points.txt\n'}
[3.807198] (ros2_project) StdoutLine: {'line': b'writing requirements to ../../../build/ros2_project/ros2_project.egg-info/requires.txt\n'}
[3.807376] (ros2_project) StdoutLine: {'line': b'writing top-level names to ../../../build/ros2_project/ros2_project.egg-info/top_level.txt\n'}
[3.810311] (-) TimerEvent: {}
[3.855930] (ros2_project) StdoutLine: {'line': b"reading manifest file '../../../build/ros2_project/ros2_project.egg-info/SOURCES.txt'\n"}
[3.857040] (ros2_project) StdoutLine: {'line': b"adding license file 'LICENSE'\n"}
[3.858455] (ros2_project) StdoutLine: {'line': b"writing manifest file '../../../build/ros2_project/ros2_project.egg-info/SOURCES.txt'\n"}
[3.858907] (ros2_project) StdoutLine: {'line': b'running build\n'}
[3.859026] (ros2_project) StdoutLine: {'line': b'running build_py\n'}
[3.859315] (ros2_project) StdoutLine: {'line': b'copying ros2_project/coordinates (Copy).py -> /home/harsh/ros2_project/build/ros2_project/build/lib/ros2_project\n'}
[3.859961] (ros2_project) StdoutLine: {'line': b'copying ros2_project/yolo.py -> /home/harsh/ros2_project/build/ros2_project/build/lib/ros2_project\n'}
[3.860841] (ros2_project) StdoutLine: {'line': b'copying ros2_project/coordinates.py -> /home/harsh/ros2_project/build/ros2_project/build/lib/ros2_project\n'}
[3.861562] (ros2_project) StdoutLine: {'line': b'running install\n'}
[3.868646] (ros2_project) StdoutLine: {'line': b'running install_lib\n'}
[3.893067] (ros2_project) StdoutLine: {'line': b'copying /home/harsh/ros2_project/build/ros2_project/build/lib/ros2_project/coordinates.py -> /home/harsh/ros2_project/install/ros2_project/lib/python3.12/site-packages/ros2_project\n'}
[3.893681] (ros2_project) StdoutLine: {'line': b'byte-compiling /home/harsh/ros2_project/install/ros2_project/lib/python3.12/site-packages/ros2_project/coordinates (Copy).py to coordinates (Copy).cpython-312.pyc\n'}
[3.894723] (ros2_project) StderrLine: {'line': b'Sorry: IndentationError: unexpected indent (coordinates (Copy).py, line 60)\n'}
[3.894963] (ros2_project) StdoutLine: {'line': b'byte-compiling /home/harsh/ros2_project/install/ros2_project/lib/python3.12/site-packages/ros2_project/coordinates.py to coordinates.cpython-312.pyc\n'}
[3.896791] (ros2_project) StdoutLine: {'line': b'running install_data\n'}
[3.897143] (ros2_project) StdoutLine: {'line': b'running install_egg_info\n'}
[3.910423] (-) TimerEvent: {}
[3.923656] (ros2_project) StdoutLine: {'line': b"removing '/home/harsh/ros2_project/install/ros2_project/lib/python3.12/site-packages/ros2_project-0.0.0-py3.12.egg-info' (and everything under it)\n"}
[3.924353] (ros2_project) StdoutLine: {'line': b'Copying ../../../build/ros2_project/ros2_project.egg-info to /home/harsh/ros2_project/install/ros2_project/lib/python3.12/site-packages/ros2_project-0.0.0-py3.12.egg-info\n'}
[3.925028] (ros2_project) StdoutLine: {'line': b'running install_scripts\n'}
[4.010687] (-) TimerEvent: {}
[4.092993] (ros2_project) StdoutLine: {'line': b'Installing camera_info_publisher script to /home/harsh/ros2_project/install/ros2_project/lib/ros2_project\n'}
[4.093334] (ros2_project) StdoutLine: {'line': b'Installing control script to /home/harsh/ros2_project/install/ros2_project/lib/ros2_project\n'}
[4.093438] (ros2_project) StdoutLine: {'line': b'Installing coordinates script to /home/harsh/ros2_project/install/ros2_project/lib/ros2_project\n'}
[4.093575] (ros2_project) StdoutLine: {'line': b'Installing image_saver script to /home/harsh/ros2_project/install/ros2_project/lib/ros2_project\n'}
[4.093690] (ros2_project) StdoutLine: {'line': b'Installing odometry_tf_broadcaster script to /home/harsh/ros2_project/install/ros2_project/lib/ros2_project\n'}
[4.093768] (ros2_project) StdoutLine: {'line': b'Installing offboard_control script to /home/harsh/ros2_project/install/ros2_project/lib/ros2_project\n'}
[4.093861] (ros2_project) StdoutLine: {'line': b'Installing processes script to /home/harsh/ros2_project/install/ros2_project/lib/ros2_project\n'}
[4.093939] (ros2_project) StdoutLine: {'line': b'Installing velocity_control script to /home/harsh/ros2_project/install/ros2_project/lib/ros2_project\n'}
[4.094050] (ros2_project) StdoutLine: {'line': b'Installing visualizer script to /home/harsh/ros2_project/install/ros2_project/lib/ros2_project\n'}
[4.094136] (ros2_project) StdoutLine: {'line': b'Installing yolo script to /home/harsh/ros2_project/install/ros2_project/lib/ros2_project\n'}
[4.094671] (ros2_project) StdoutLine: {'line': b"writing list of installed files to '/home/harsh/ros2_project/build/ros2_project/install.log'\n"}
[4.110865] (-) TimerEvent: {}
[4.148066] (ros2_project) CommandEnded: {'returncode': 0}
[4.161708] (ros2_project) JobEnded: {'identifier': 'ros2_project', 'rc': 0}
[4.163798] (-) EventReactorShutdown: {}
